==========================================
SLURM_CLUSTER_NAME = param-shivay
SLURM_ARRAY_JOB_ID = 
SLURM_ARRAY_TASK_ID = 
SLURM_ARRAY_TASK_COUNT = 
SLURM_ARRAY_TASK_MAX = 
SLURM_ARRAY_TASK_MIN = 
SLURM_JOB_ACCOUNT = mechanical_engg
SLURM_JOB_ID = 1156636
SLURM_JOB_NAME = eeg-train
SLURM_JOB_NODELIST = gpu006
SLURM_JOB_USER = suyash.kumar.mec22.itbhu
SLURM_JOB_UID = 6339
SLURM_JOB_PARTITION = gpu
SLURM_TASK_PID = 77970
SLURM_SUBMIT_DIR = /scratch/suyash.kumar.mec22.itbhu/EEG-AAD/eeg-aad-challenge2026-task1-baselines-master
SLURM_CPUS_ON_NODE = 24
SLURM_NTASKS = 
SLURM_TASK_PID = 77970
==========================================
Job started at: Fri Oct 17 11:06:51 IST 2025
Running on node: gpu006
GPU allocation: 0
Current device is cuda
Setting all seeds to 42 for reproducibility...
All seeds set successfully!
start time: task1_AAD_MM-AAD_ssl_domain_2025-10-17-11-10-28
============================================================================================================
Arguments =
	_action_groups: [<argparse._ArgumentGroup object at 0x7f5e2058fdf0>, <argparse._ArgumentGroup object at 0x7f5de3b5b7f0>]
	_actions: [_HelpAction(option_strings=['-h', '--help'], dest='help', nargs=0, const=None, default='==SUPPRESS==', type=None, choices=None, required=False, help='show this help message and exit', metavar=None)]
	_defaults: {}
	_has_negative_number_optionals: []
	_mutually_exclusive_groups: []
	_negative_number_matcher: re.compile('^-\\d+$|^-\\d*\\.\\d+$')
	_option_string_actions: {'-h': _HelpAction(option_strings=['-h', '--help'], dest='help', nargs=0, const=None, default='==SUPPRESS==', type=None, choices=None, required=False, help='show this help message and exit', metavar=None), '--help': _HelpAction(option_strings=['-h', '--help'], dest='help', nargs=0, const=None, default='==SUPPRESS==', type=None, choices=None, required=False, help='show this help message and exit', metavar=None)}
	_optionals: <argparse._ArgumentGroup object at 0x7f5de3b5b7f0>
	_positionals: <argparse._ArgumentGroup object at 0x7f5e2058fdf0>
	_registries: {'action': {None: <class 'argparse._StoreAction'>, 'store': <class 'argparse._StoreAction'>, 'store_const': <class 'argparse._StoreConstAction'>, 'store_true': <class 'argparse._StoreTrueAction'>, 'store_false': <class 'argparse._StoreFalseAction'>, 'append': <class 'argparse._AppendAction'>, 'append_const': <class 'argparse._AppendConstAction'>, 'count': <class 'argparse._CountAction'>, 'help': <class 'argparse._HelpAction'>, 'version': <class 'argparse._VersionAction'>, 'parsers': <class 'argparse._SubParsersAction'>, 'extend': <class 'argparse._ExtendAction'>}, 'type': {None: <function ArgumentParser.__init__.<locals>.identity at 0x7f5de3afaca0>}}
	_subparsers: None
	add_help: True
	allow_abbrev: True
	alpha: 0.99
	argument_default: None
	batch_size: 128
	beta1: 0.9
	beta2: 0.999
	conflict_handler: error
	data_path: /home/suyash.kumar.mec22.itbhu/EEG-AAD_audio_visual/preprocessed/data/
	dataset: MM-AAD
	description: None
	eeg_channel: 32
	epilog: None
	exit_on_error: True
	fig_path: ./exps/cross-subject/DARNet_SSL_FullDARNet_Domain/figures/
	formatter_class: <class 'argparse.HelpFormatter'>
	fromfile_prefix_chars: None
	fs: 128
	label_path: /home/suyash.kumar.mec22.itbhu/EEG-AAD_audio_visual/preprocessed/label/
	lam: 0.2
	lambda_domain: 0.15
	log_interval: 10
	lr: 0.0005
	lr_decayrate: 0.5
	max_epoch: 100
	model: DARNet_SSL_FullDARNet_Domain
	model_save_path: ./exps/cross-subject/DARNet_SSL_FullDARNet_Domain/baseline_task1_AAD_MM-AAD_ssl_domain_2025-10-17-11-10-28/
	momentum: 0.9
	optimizer: AdamW
	overlap: 0.5
	patience: 10
	prefix_chars: -
	prog: trainer4.py
	seed: 42
	ssl_approach: full_darnet
	ssl_enabled: True
	ssl_epochs: 30
	ssl_lr: 5e-05
	ssl_model_save_path: ./exps/cross-subject/DARNet_SSL_FullDARNet_Domain/ssl_models_task1_AAD_MM-AAD_ssl_domain_2025-10-17-11-10-28/
	start_time: task1_AAD_MM-AAD_ssl_domain_2025-10-17-11-10-28
	subject_number: 40
	trail_number: 20
	usage: None
	use_domain_adversarial: True
	weight_decay: 0.0003
	win_len: 128
	win_time: 1
	window_lap: 64.0
============================================================================================================

========== Fold 1 ==========
Train IDs: [6, 7, 8, 9, 10, 11, 12, 13, 14, 15, 16, 17, 18, 19, 20, 21, 22, 23, 24, 25, 26, 27, 28, 29, 30]
Val IDs:   [1, 2, 3, 4, 5]
================================================================================
SSL PRE-TRAINING PHASE WITH DOMAIN ADVERSARIAL TRAINING
================================================================================
Loading SSL data with subject IDs for subjects: [6, 7, 8, 9, 10, 11, 12, 13, 14, 15, 16, 17, 18, 19, 20, 21, 22, 23, 24, 25, 26, 27, 28, 29, 30]
Loaded subject S6: (6580, 32, 128), Subject ID: 5
Loaded subject S7: (6580, 32, 128), Subject ID: 6
Loaded subject S8: (6580, 32, 128), Subject ID: 7
Loaded subject S9: (6580, 32, 128), Subject ID: 8
Loaded subject S10: (6580, 32, 128), Subject ID: 9
Loaded subject S11: (6580, 32, 128), Subject ID: 10
Loaded subject S12: (6580, 32, 128), Subject ID: 11
Loaded subject S13: (6580, 32, 128), Subject ID: 12
Loaded subject S14: (6580, 32, 128), Subject ID: 13
Loaded subject S15: (6580, 32, 128), Subject ID: 14
Loaded subject S16: (6580, 32, 128), Subject ID: 15
Loaded subject S17: (6580, 32, 128), Subject ID: 16
Loaded subject S18: (6580, 32, 128), Subject ID: 17
Loaded subject S19: (6580, 32, 128), Subject ID: 18
Loaded subject S20: (6580, 32, 128), Subject ID: 19
Loaded subject S21: (6580, 32, 128), Subject ID: 20
Loaded subject S22: (6580, 32, 128), Subject ID: 21
Loaded subject S23: (6580, 32, 128), Subject ID: 22
Loaded subject S24: (6580, 32, 128), Subject ID: 23
Loaded subject S25: (6580, 32, 128), Subject ID: 24
Loaded subject S26: (6580, 32, 128), Subject ID: 25
Loaded subject S27: (6580, 32, 128), Subject ID: 26
Loaded subject S28: (6580, 32, 128), Subject ID: 27
Loaded subject S29: (6580, 32, 128), Subject ID: 28
Loaded subject S30: (6580, 32, 128), Subject ID: 29
Total SSL data shape: (164500, 32, 128)
Total subject IDs: 164500
🏗️  SSL Model Architecture:
   - SSL Enabled: True
   - SSL Approach: full_darnet
   - Domain Adversarial: True
   - Training Mode: ssl
   - Decoder Type: EEGFullDARNetDecoder
   - Encoder parameters: 36,888
   - Decoder parameters: 4,388,192
   - Domain discriminator parameters: 39,070
   - Total parameters: 4,464,168
   - Decoder/Total ratio: 98.3%
==================================================
Starting SSL Pre-training with Domain Adversarial Training
==================================================
=================================================================
Layer (type:depth-idx)                   Param #
=================================================================
DARNet                                   --
├─GradientReversalLayer: 1-1             --
├─SubjectDiscriminator: 1-2              --
│    └─Sequential: 2-1                   --
│    │    └─Linear: 3-1                  2,304
│    │    └─ReLU: 3-2                    --
│    │    └─Dropout: 3-3                 --
│    │    └─Linear: 3-4                  32,896
│    │    └─ReLU: 3-5                    --
│    │    └─Dropout: 3-6                 --
│    │    └─Linear: 3-7                  3,870
├─TokenEmbeddingOriginal: 1-3            --
│    └─Sequential: 2-2                   --
│    │    └─Conv2d: 3-8                  576
│    │    └─BatchNorm2d: 3-9             128
│    │    └─GELU: 3-10                   --
│    └─Sequential: 2-3                   --
│    │    └─Conv2d: 3-11                 32,784
│    │    └─BatchNorm2d: 3-12            32
│    │    └─GELU: 3-13                   --
│    └─PositionalEmbedding: 2-4          --
├─EEGFullDARNetDecoder: 1-4              --
│    └─Sequential: 2-5                   --
│    │    └─Linear: 3-14                 2,304
│    │    └─ReLU: 3-15                   --
│    │    └─Dropout: 3-16                --
│    │    └─Linear: 3-17                 131,584
│    │    └─ReLU: 3-18                   --
│    │    └─Dropout: 3-19                --
│    │    └─Linear: 3-20                 4,202,496
│    └─Sequential: 2-6                   --
│    │    └─Conv1d: 3-21                 24,704
│    │    └─BatchNorm1d: 3-22            256
│    │    └─ReLU: 3-23                   --
│    │    └─Dropout: 3-24                --
│    └─Sequential: 2-7                   --
│    │    └─Conv1d: 3-25                 24,640
│    │    └─BatchNorm1d: 3-26            128
│    │    └─ReLU: 3-27                   --
│    │    └─Dropout: 3-28                --
│    └─Conv1d: 2-8                       2,080
├─Flatten: 1-5                           --
├─Linear: 1-6                            18
├─AttnRefine: 1-7                        --
│    └─MyAttention: 2-9                  --
│    │    └─Attention: 3-29              800
│    └─Refine: 2-10                      --
│    │    └─Conv1d: 3-30                 784
│    │    └─BatchNorm1d: 3-31            32
│    │    └─ELU: 3-32                    --
│    │    └─MaxPool1d: 3-33              --
│    └─AdaptiveAvgPool1d: 2-11           --
│    └─Linear: 2-12                      68
│    └─Flatten: 2-13                     --
├─AttnRefine: 1-8                        --
│    └─MyAttention: 2-14                 --
│    │    └─Attention: 3-34              800
│    └─Refine: 2-15                      --
│    │    └─Conv1d: 3-35                 784
│    │    └─BatchNorm1d: 3-36            32
│    │    └─ELU: 3-37                    --
│    │    └─MaxPool1d: 3-38              --
│    └─AdaptiveAvgPool1d: 2-16           --
│    └─Linear: 2-17                      68
│    └─Flatten: 2-18                     --
=================================================================
Total params: 4,464,168
Trainable params: 4,464,168
Non-trainable params: 0
=================================================================
SSL Epoch  1 | SSL Loss: 0.503472 | Domain Loss: 3.218958
SSL model saved at epoch 1 with loss 0.503472 to ./exps/cross-subject/DARNet_SSL_FullDARNet_Domain/ssl_models_task1_AAD_MM-AAD_ssl_domain_2025-10-17-11-10-28/ssl_best_model.pt
SSL model saved with loss 0.503472
SSL Epoch  2 | SSL Loss: 0.373870 | Domain Loss: 3.030007
SSL model saved at epoch 2 with loss 0.373870 to ./exps/cross-subject/DARNet_SSL_FullDARNet_Domain/ssl_models_task1_AAD_MM-AAD_ssl_domain_2025-10-17-11-10-28/ssl_best_model.pt
SSL model saved with loss 0.373870
SSL Epoch  3 | SSL Loss: 0.347457 | Domain Loss: 3.102588
SSL model saved at epoch 3 with loss 0.347457 to ./exps/cross-subject/DARNet_SSL_FullDARNet_Domain/ssl_models_task1_AAD_MM-AAD_ssl_domain_2025-10-17-11-10-28/ssl_best_model.pt
SSL model saved with loss 0.347457
SSL Epoch  4 | SSL Loss: 0.326148 | Domain Loss: 3.097603
SSL model saved at epoch 4 with loss 0.326148 to ./exps/cross-subject/DARNet_SSL_FullDARNet_Domain/ssl_models_task1_AAD_MM-AAD_ssl_domain_2025-10-17-11-10-28/ssl_best_model.pt
SSL model saved with loss 0.326148
SSL Epoch  5 | SSL Loss: 0.308393 | Domain Loss: 3.145493
SSL model saved at epoch 5 with loss 0.308393 to ./exps/cross-subject/DARNet_SSL_FullDARNet_Domain/ssl_models_task1_AAD_MM-AAD_ssl_domain_2025-10-17-11-10-28/ssl_best_model.pt
SSL model saved with loss 0.308393
SSL Epoch  6 | SSL Loss: 0.294630 | Domain Loss: 3.141392
SSL model saved at epoch 6 with loss 0.294630 to ./exps/cross-subject/DARNet_SSL_FullDARNet_Domain/ssl_models_task1_AAD_MM-AAD_ssl_domain_2025-10-17-11-10-28/ssl_best_model.pt
SSL model saved with loss 0.294630
SSL Epoch  7 | SSL Loss: 0.284935 | Domain Loss: 3.097203
SSL model saved at epoch 7 with loss 0.284935 to ./exps/cross-subject/DARNet_SSL_FullDARNet_Domain/ssl_models_task1_AAD_MM-AAD_ssl_domain_2025-10-17-11-10-28/ssl_best_model.pt
SSL model saved with loss 0.284935
SSL Epoch  8 | SSL Loss: 0.279533 | Domain Loss: 3.112690
SSL model saved at epoch 8 with loss 0.279533 to ./exps/cross-subject/DARNet_SSL_FullDARNet_Domain/ssl_models_task1_AAD_MM-AAD_ssl_domain_2025-10-17-11-10-28/ssl_best_model.pt
SSL model saved with loss 0.279533
SSL Epoch  9 | SSL Loss: 0.276145 | Domain Loss: 3.120746
SSL model saved at epoch 9 with loss 0.276145 to ./exps/cross-subject/DARNet_SSL_FullDARNet_Domain/ssl_models_task1_AAD_MM-AAD_ssl_domain_2025-10-17-11-10-28/ssl_best_model.pt
SSL model saved with loss 0.276145
SSL Epoch 10 | SSL Loss: 0.270230 | Domain Loss: 3.079276
SSL model saved at epoch 10 with loss 0.270230 to ./exps/cross-subject/DARNet_SSL_FullDARNet_Domain/ssl_models_task1_AAD_MM-AAD_ssl_domain_2025-10-17-11-10-28/ssl_best_model.pt
SSL model saved with loss 0.270230
SSL Epoch 11 | SSL Loss: 0.267398 | Domain Loss: 3.081294
SSL model saved at epoch 11 with loss 0.267398 to ./exps/cross-subject/DARNet_SSL_FullDARNet_Domain/ssl_models_task1_AAD_MM-AAD_ssl_domain_2025-10-17-11-10-28/ssl_best_model.pt
SSL model saved with loss 0.267398
SSL Epoch 12 | SSL Loss: 0.264035 | Domain Loss: 3.105690
SSL model saved at epoch 12 with loss 0.264035 to ./exps/cross-subject/DARNet_SSL_FullDARNet_Domain/ssl_models_task1_AAD_MM-AAD_ssl_domain_2025-10-17-11-10-28/ssl_best_model.pt
SSL model saved with loss 0.264035
SSL Epoch 13 | SSL Loss: 0.258627 | Domain Loss: 3.126507
SSL model saved at epoch 13 with loss 0.258627 to ./exps/cross-subject/DARNet_SSL_FullDARNet_Domain/ssl_models_task1_AAD_MM-AAD_ssl_domain_2025-10-17-11-10-28/ssl_best_model.pt
SSL model saved with loss 0.258627
SSL Epoch 14 | SSL Loss: 0.253022 | Domain Loss: 3.059722
SSL model saved at epoch 14 with loss 0.253022 to ./exps/cross-subject/DARNet_SSL_FullDARNet_Domain/ssl_models_task1_AAD_MM-AAD_ssl_domain_2025-10-17-11-10-28/ssl_best_model.pt
SSL model saved with loss 0.253022
SSL Epoch 15 | SSL Loss: 0.251934 | Domain Loss: 3.124500
SSL model saved at epoch 15 with loss 0.251934 to ./exps/cross-subject/DARNet_SSL_FullDARNet_Domain/ssl_models_task1_AAD_MM-AAD_ssl_domain_2025-10-17-11-10-28/ssl_best_model.pt
SSL model saved with loss 0.251934
SSL Epoch 16 | SSL Loss: 0.248515 | Domain Loss: 3.100174
SSL model saved at epoch 16 with loss 0.248515 to ./exps/cross-subject/DARNet_SSL_FullDARNet_Domain/ssl_models_task1_AAD_MM-AAD_ssl_domain_2025-10-17-11-10-28/ssl_best_model.pt
SSL model saved with loss 0.248515
SSL Epoch 17 | SSL Loss: 0.246101 | Domain Loss: 3.117146
SSL model saved at epoch 17 with loss 0.246101 to ./exps/cross-subject/DARNet_SSL_FullDARNet_Domain/ssl_models_task1_AAD_MM-AAD_ssl_domain_2025-10-17-11-10-28/ssl_best_model.pt
SSL model saved with loss 0.246101
SSL Epoch 18 | SSL Loss: 0.243997 | Domain Loss: 3.105768
SSL model saved at epoch 18 with loss 0.243997 to ./exps/cross-subject/DARNet_SSL_FullDARNet_Domain/ssl_models_task1_AAD_MM-AAD_ssl_domain_2025-10-17-11-10-28/ssl_best_model.pt
SSL model saved with loss 0.243997
SSL Epoch 19 | SSL Loss: 0.242796 | Domain Loss: 3.096929
SSL model saved at epoch 19 with loss 0.242796 to ./exps/cross-subject/DARNet_SSL_FullDARNet_Domain/ssl_models_task1_AAD_MM-AAD_ssl_domain_2025-10-17-11-10-28/ssl_best_model.pt
SSL model saved with loss 0.242796
SSL Epoch 20 | SSL Loss: 0.240571 | Domain Loss: 3.099024
SSL model saved at epoch 20 with loss 0.240571 to ./exps/cross-subject/DARNet_SSL_FullDARNet_Domain/ssl_models_task1_AAD_MM-AAD_ssl_domain_2025-10-17-11-10-28/ssl_best_model.pt
SSL model saved with loss 0.240571
SSL Epoch 21 | SSL Loss: 0.237855 | Domain Loss: 3.104063
SSL model saved at epoch 21 with loss 0.237855 to ./exps/cross-subject/DARNet_SSL_FullDARNet_Domain/ssl_models_task1_AAD_MM-AAD_ssl_domain_2025-10-17-11-10-28/ssl_best_model.pt
SSL model saved with loss 0.237855
SSL Epoch 22 | SSL Loss: 0.233979 | Domain Loss: 3.090687
SSL model saved at epoch 22 with loss 0.233979 to ./exps/cross-subject/DARNet_SSL_FullDARNet_Domain/ssl_models_task1_AAD_MM-AAD_ssl_domain_2025-10-17-11-10-28/ssl_best_model.pt
SSL model saved with loss 0.233979
SSL Epoch 23 | SSL Loss: 0.231384 | Domain Loss: 3.095674
SSL model saved at epoch 23 with loss 0.231384 to ./exps/cross-subject/DARNet_SSL_FullDARNet_Domain/ssl_models_task1_AAD_MM-AAD_ssl_domain_2025-10-17-11-10-28/ssl_best_model.pt
SSL model saved with loss 0.231384
SSL Epoch 24 | SSL Loss: 0.227482 | Domain Loss: 3.100227
SSL model saved at epoch 24 with loss 0.227482 to ./exps/cross-subject/DARNet_SSL_FullDARNet_Domain/ssl_models_task1_AAD_MM-AAD_ssl_domain_2025-10-17-11-10-28/ssl_best_model.pt
SSL model saved with loss 0.227482
SSL Epoch 25 | SSL Loss: 0.224880 | Domain Loss: 3.111752
SSL model saved at epoch 25 with loss 0.224880 to ./exps/cross-subject/DARNet_SSL_FullDARNet_Domain/ssl_models_task1_AAD_MM-AAD_ssl_domain_2025-10-17-11-10-28/ssl_best_model.pt
SSL model saved with loss 0.224880
SSL Epoch 26 | SSL Loss: 0.222178 | Domain Loss: 3.120361
SSL model saved at epoch 26 with loss 0.222178 to ./exps/cross-subject/DARNet_SSL_FullDARNet_Domain/ssl_models_task1_AAD_MM-AAD_ssl_domain_2025-10-17-11-10-28/ssl_best_model.pt
SSL model saved with loss 0.222178
SSL Epoch 27 | SSL Loss: 0.219658 | Domain Loss: 3.121685
SSL model saved at epoch 27 with loss 0.219658 to ./exps/cross-subject/DARNet_SSL_FullDARNet_Domain/ssl_models_task1_AAD_MM-AAD_ssl_domain_2025-10-17-11-10-28/ssl_best_model.pt
SSL model saved with loss 0.219658
SSL Epoch 28 | SSL Loss: 0.217282 | Domain Loss: 3.119340
SSL model saved at epoch 28 with loss 0.217282 to ./exps/cross-subject/DARNet_SSL_FullDARNet_Domain/ssl_models_task1_AAD_MM-AAD_ssl_domain_2025-10-17-11-10-28/ssl_best_model.pt
SSL model saved with loss 0.217282
SSL Epoch 29 | SSL Loss: 0.214668 | Domain Loss: 3.116771
SSL model saved at epoch 29 with loss 0.214668 to ./exps/cross-subject/DARNet_SSL_FullDARNet_Domain/ssl_models_task1_AAD_MM-AAD_ssl_domain_2025-10-17-11-10-28/ssl_best_model.pt
SSL model saved with loss 0.214668
SSL Epoch 30 | SSL Loss: 0.212616 | Domain Loss: 3.113588
SSL model saved at epoch 30 with loss 0.212616 to ./exps/cross-subject/DARNet_SSL_FullDARNet_Domain/ssl_models_task1_AAD_MM-AAD_ssl_domain_2025-10-17-11-10-28/ssl_best_model.pt
SSL model saved with loss 0.212616
==================================================
SSL Pre-training completed. Best loss: 0.212616
==================================================
train_data_shape(164500, 32, 128),val_data_shape(32900, 32, 128)
🔄 Loading SSL pre-trained weights from: ./exps/cross-subject/DARNet_SSL_FullDARNet_Domain/ssl_models_task1_AAD_MM-AAD_ssl_domain_2025-10-17-11-10-28/ssl_best_model.pt
📋 Available keys in SSL checkpoint: 73 total
  - subject_discriminator.classifier.0.weight: torch.Size([256, 8])
  - subject_discriminator.classifier.0.bias: torch.Size([256])
  - subject_discriminator.classifier.3.weight: torch.Size([128, 256])
  - subject_discriminator.classifier.3.bias: torch.Size([128])
  - subject_discriminator.classifier.6.weight: torch.Size([30, 128])
  - subject_discriminator.classifier.6.bias: torch.Size([30])
  - token_embedding.embed_layer.0.weight: torch.Size([64, 1, 1, 8])
  - token_embedding.embed_layer.0.bias: torch.Size([64])
  - token_embedding.embed_layer.1.weight: torch.Size([64])
  - token_embedding.embed_layer.1.bias: torch.Size([64])
  - token_embedding.embed_layer.1.running_mean: torch.Size([64])
  - token_embedding.embed_layer.1.running_var: torch.Size([64])
  - token_embedding.embed_layer.1.num_batches_tracked: torch.Size([])
  - token_embedding.embed_layer2.0.weight: torch.Size([16, 64, 32, 1])
  - token_embedding.embed_layer2.0.bias: torch.Size([16])
  - token_embedding.embed_layer2.1.weight: torch.Size([16])
  - token_embedding.embed_layer2.1.bias: torch.Size([16])
  - token_embedding.embed_layer2.1.running_mean: torch.Size([16])
  - token_embedding.embed_layer2.1.running_var: torch.Size([16])
  - token_embedding.embed_layer2.1.num_batches_tracked: torch.Size([])
  - token_embedding.position_embedding.pe: torch.Size([1, 5000, 16])
  - ssl_decoder.feature_expand.0.weight: torch.Size([256, 8])
  - ssl_decoder.feature_expand.0.bias: torch.Size([256])
  - ssl_decoder.feature_expand.3.weight: torch.Size([512, 256])
  - ssl_decoder.feature_expand.3.bias: torch.Size([512])
  - ssl_decoder.feature_expand.6.weight: torch.Size([8192, 512])
  - ssl_decoder.feature_expand.6.bias: torch.Size([8192])
  - ssl_decoder.temporal_conv1.0.weight: torch.Size([128, 64, 3])
  - ssl_decoder.temporal_conv1.0.bias: torch.Size([128])
  - ssl_decoder.temporal_conv1.1.weight: torch.Size([128])
  - ssl_decoder.temporal_conv1.1.bias: torch.Size([128])
  - ssl_decoder.temporal_conv1.1.running_mean: torch.Size([128])
  - ssl_decoder.temporal_conv1.1.running_var: torch.Size([128])
  - ssl_decoder.temporal_conv1.1.num_batches_tracked: torch.Size([])
  - ssl_decoder.temporal_conv2.0.weight: torch.Size([64, 128, 3])
  - ssl_decoder.temporal_conv2.0.bias: torch.Size([64])
  - ssl_decoder.temporal_conv2.1.weight: torch.Size([64])
  - ssl_decoder.temporal_conv2.1.bias: torch.Size([64])
  - ssl_decoder.temporal_conv2.1.running_mean: torch.Size([64])
  - ssl_decoder.temporal_conv2.1.running_var: torch.Size([64])
  - ssl_decoder.temporal_conv2.1.num_batches_tracked: torch.Size([])
  - ssl_decoder.final_conv.weight: torch.Size([32, 64, 1])
  - ssl_decoder.final_conv.bias: torch.Size([32])
  - out.weight: torch.Size([2, 8])
  - out.bias: torch.Size([2])
  - stack1.attention.attention_layer.key.weight: torch.Size([16, 16])
  - stack1.attention.attention_layer.value.weight: torch.Size([16, 16])
  - stack1.attention.attention_layer.query.weight: torch.Size([16, 16])
  - stack1.attention.attention_layer.to_out.weight: torch.Size([16])
  - stack1.attention.attention_layer.to_out.bias: torch.Size([16])
  - stack1.conv_layer.downConv.weight: torch.Size([16, 16, 3])
  - stack1.conv_layer.downConv.bias: torch.Size([16])
  - stack1.conv_layer.norm.weight: torch.Size([16])
  - stack1.conv_layer.norm.bias: torch.Size([16])
  - stack1.conv_layer.norm.running_mean: torch.Size([16])
  - stack1.conv_layer.norm.running_var: torch.Size([16])
  - stack1.conv_layer.norm.num_batches_tracked: torch.Size([])
  - stack1.out.weight: torch.Size([4, 16])
  - stack1.out.bias: torch.Size([4])
  - stack2.attention.attention_layer.key.weight: torch.Size([16, 16])
  - stack2.attention.attention_layer.value.weight: torch.Size([16, 16])
  - stack2.attention.attention_layer.query.weight: torch.Size([16, 16])
  - stack2.attention.attention_layer.to_out.weight: torch.Size([16])
  - stack2.attention.attention_layer.to_out.bias: torch.Size([16])
  - stack2.conv_layer.downConv.weight: torch.Size([16, 16, 3])
  - stack2.conv_layer.downConv.bias: torch.Size([16])
  - stack2.conv_layer.norm.weight: torch.Size([16])
  - stack2.conv_layer.norm.bias: torch.Size([16])
  - stack2.conv_layer.norm.running_mean: torch.Size([16])
  - stack2.conv_layer.norm.running_var: torch.Size([16])
  - stack2.conv_layer.norm.num_batches_tracked: torch.Size([])
  - stack2.out.weight: torch.Size([4, 16])
  - stack2.out.bias: torch.Size([4])
🎯 SSL approach detected: full_darnet
  ❌ Skipping: subject_discriminator.classifier.0.weight (decoder component)
  ❌ Skipping: subject_discriminator.classifier.0.bias (decoder component)
  ❌ Skipping: subject_discriminator.classifier.3.weight (decoder component)
  ❌ Skipping: subject_discriminator.classifier.3.bias (decoder component)
  ❌ Skipping: subject_discriminator.classifier.6.weight (decoder component)
  ❌ Skipping: subject_discriminator.classifier.6.bias (decoder component)
  ✅ Loading: token_embedding.embed_layer.0.weight -> torch.Size([64, 1, 1, 8])
  ✅ Loading: token_embedding.embed_layer.0.bias -> torch.Size([64])
  ✅ Loading: token_embedding.embed_layer.1.weight -> torch.Size([64])
  ✅ Loading: token_embedding.embed_layer.1.bias -> torch.Size([64])
  ✅ Loading: token_embedding.embed_layer.1.running_mean -> torch.Size([64])
  ✅ Loading: token_embedding.embed_layer.1.running_var -> torch.Size([64])
  ✅ Loading: token_embedding.embed_layer.1.num_batches_tracked -> torch.Size([])
  ✅ Loading: token_embedding.embed_layer2.0.weight -> torch.Size([16, 64, 32, 1])
  ✅ Loading: token_embedding.embed_layer2.0.bias -> torch.Size([16])
  ✅ Loading: token_embedding.embed_layer2.1.weight -> torch.Size([16])
  ✅ Loading: token_embedding.embed_layer2.1.bias -> torch.Size([16])
  ✅ Loading: token_embedding.embed_layer2.1.running_mean -> torch.Size([16])
  ✅ Loading: token_embedding.embed_layer2.1.running_var -> torch.Size([16])
  ✅ Loading: token_embedding.embed_layer2.1.num_batches_tracked -> torch.Size([])
  ✅ Loading: token_embedding.position_embedding.pe -> torch.Size([1, 5000, 16])
  ❌ Skipping: ssl_decoder.feature_expand.0.weight (decoder component)
  ❌ Skipping: ssl_decoder.feature_expand.0.bias (decoder component)
  ❌ Skipping: ssl_decoder.feature_expand.3.weight (decoder component)
  ❌ Skipping: ssl_decoder.feature_expand.3.bias (decoder component)
  ❌ Skipping: ssl_decoder.feature_expand.6.weight (decoder component)
  ❌ Skipping: ssl_decoder.feature_expand.6.bias (decoder component)
  ❌ Skipping: ssl_decoder.temporal_conv1.0.weight (decoder component)
  ❌ Skipping: ssl_decoder.temporal_conv1.0.bias (decoder component)
  ❌ Skipping: ssl_decoder.temporal_conv1.1.weight (decoder component)
  ❌ Skipping: ssl_decoder.temporal_conv1.1.bias (decoder component)
  ❌ Skipping: ssl_decoder.temporal_conv1.1.running_mean (decoder component)
  ❌ Skipping: ssl_decoder.temporal_conv1.1.running_var (decoder component)
  ❌ Skipping: ssl_decoder.temporal_conv1.1.num_batches_tracked (decoder component)
  ❌ Skipping: ssl_decoder.temporal_conv2.0.weight (decoder component)
  ❌ Skipping: ssl_decoder.temporal_conv2.0.bias (decoder component)
  ❌ Skipping: ssl_decoder.temporal_conv2.1.weight (decoder component)
  ❌ Skipping: ssl_decoder.temporal_conv2.1.bias (decoder component)
  ❌ Skipping: ssl_decoder.temporal_conv2.1.running_mean (decoder component)
  ❌ Skipping: ssl_decoder.temporal_conv2.1.running_var (decoder component)
  ❌ Skipping: ssl_decoder.temporal_conv2.1.num_batches_tracked (decoder component)
  ❌ Skipping: ssl_decoder.final_conv.weight (decoder component)
  ❌ Skipping: ssl_decoder.final_conv.bias (decoder component)
  ❌ Skipping: out.weight (decoder component)
  ❌ Skipping: out.bias (decoder component)
  ✅ Loading: stack1.attention.attention_layer.key.weight -> torch.Size([16, 16])
  ✅ Loading: stack1.attention.attention_layer.value.weight -> torch.Size([16, 16])
  ✅ Loading: stack1.attention.attention_layer.query.weight -> torch.Size([16, 16])
  ✅ Loading: stack1.attention.attention_layer.to_out.weight -> torch.Size([16])
  ✅ Loading: stack1.attention.attention_layer.to_out.bias -> torch.Size([16])
  ✅ Loading: stack1.conv_layer.downConv.weight -> torch.Size([16, 16, 3])
  ✅ Loading: stack1.conv_layer.downConv.bias -> torch.Size([16])
  ✅ Loading: stack1.conv_layer.norm.weight -> torch.Size([16])
  ✅ Loading: stack1.conv_layer.norm.bias -> torch.Size([16])
  ✅ Loading: stack1.conv_layer.norm.running_mean -> torch.Size([16])
  ✅ Loading: stack1.conv_layer.norm.running_var -> torch.Size([16])
  ✅ Loading: stack1.conv_layer.norm.num_batches_tracked -> torch.Size([])
  ✅ Loading: stack1.out.weight -> torch.Size([4, 16])
  ✅ Loading: stack1.out.bias -> torch.Size([4])
  ✅ Loading: stack2.attention.attention_layer.key.weight -> torch.Size([16, 16])
  ✅ Loading: stack2.attention.attention_layer.value.weight -> torch.Size([16, 16])
  ✅ Loading: stack2.attention.attention_layer.query.weight -> torch.Size([16, 16])
  ✅ Loading: stack2.attention.attention_layer.to_out.weight -> torch.Size([16])
  ✅ Loading: stack2.attention.attention_layer.to_out.bias -> torch.Size([16])
  ✅ Loading: stack2.conv_layer.downConv.weight -> torch.Size([16, 16, 3])
  ✅ Loading: stack2.conv_layer.downConv.bias -> torch.Size([16])
  ✅ Loading: stack2.conv_layer.norm.weight -> torch.Size([16])
  ✅ Loading: stack2.conv_layer.norm.bias -> torch.Size([16])
  ✅ Loading: stack2.conv_layer.norm.running_mean -> torch.Size([16])
  ✅ Loading: stack2.conv_layer.norm.running_var -> torch.Size([16])
  ✅ Loading: stack2.conv_layer.norm.num_batches_tracked -> torch.Size([])
  ✅ Loading: stack2.out.weight -> torch.Size([4, 16])
  ✅ Loading: stack2.out.bias -> torch.Size([4])
🔧 Loading 43 encoder components into fine-tuning model...
⚠️  Missing keys (newly initialized): ['subject_discriminator.classifier.0.weight', 'subject_discriminator.classifier.0.bias', 'subject_discriminator.classifier.3.weight', 'subject_discriminator.classifier.3.bias', 'subject_discriminator.classifier.6.weight', 'subject_discriminator.classifier.6.bias', 'ssl_decoder.feature_expand.0.weight', 'ssl_decoder.feature_expand.0.bias', 'ssl_decoder.feature_expand.3.weight', 'ssl_decoder.feature_expand.3.bias', 'ssl_decoder.feature_expand.6.weight', 'ssl_decoder.feature_expand.6.bias', 'ssl_decoder.temporal_conv1.0.weight', 'ssl_decoder.temporal_conv1.0.bias', 'ssl_decoder.temporal_conv1.1.weight', 'ssl_decoder.temporal_conv1.1.bias', 'ssl_decoder.temporal_conv1.1.running_mean', 'ssl_decoder.temporal_conv1.1.running_var', 'ssl_decoder.temporal_conv2.0.weight', 'ssl_decoder.temporal_conv2.0.bias', 'ssl_decoder.temporal_conv2.1.weight', 'ssl_decoder.temporal_conv2.1.bias', 'ssl_decoder.temporal_conv2.1.running_mean', 'ssl_decoder.temporal_conv2.1.running_var', 'ssl_decoder.final_conv.weight', 'ssl_decoder.final_conv.bias', 'out.weight', 'out.bias']
✅ Successfully loaded SSL pre-trained weights!
🎯 SSL decoder removed, feature classifier ready for fine-tuning
==================================================
Starting Fine-tuning
==================================================
=================================================================
Layer (type:depth-idx)                   Param #
=================================================================
DARNet                                   --
├─GradientReversalLayer: 1-1             --
├─SubjectDiscriminator: 1-2              --
│    └─Sequential: 2-1                   --
│    │    └─Linear: 3-1                  2,304
│    │    └─ReLU: 3-2                    --
│    │    └─Dropout: 3-3                 --
│    │    └─Linear: 3-4                  32,896
│    │    └─ReLU: 3-5                    --
│    │    └─Dropout: 3-6                 --
│    │    └─Linear: 3-7                  3,870
├─TokenEmbeddingOriginal: 1-3            --
│    └─Sequential: 2-2                   --
│    │    └─Conv2d: 3-8                  576
│    │    └─BatchNorm2d: 3-9             128
│    │    └─GELU: 3-10                   --
│    └─Sequential: 2-3                   --
│    │    └─Conv2d: 3-11                 32,784
│    │    └─BatchNorm2d: 3-12            32
│    │    └─GELU: 3-13                   --
│    └─PositionalEmbedding: 2-4          --
├─EEGFullDARNetDecoder: 1-4              --
│    └─Sequential: 2-5                   --
│    │    └─Linear: 3-14                 2,304
│    │    └─ReLU: 3-15                   --
│    │    └─Dropout: 3-16                --
│    │    └─Linear: 3-17                 131,584
│    │    └─ReLU: 3-18                   --
│    │    └─Dropout: 3-19                --
│    │    └─Linear: 3-20                 4,202,496
│    └─Sequential: 2-6                   --
│    │    └─Conv1d: 3-21                 24,704
│    │    └─BatchNorm1d: 3-22            256
│    │    └─ReLU: 3-23                   --
│    │    └─Dropout: 3-24                --
│    └─Sequential: 2-7                   --
│    │    └─Conv1d: 3-25                 24,640
│    │    └─BatchNorm1d: 3-26            128
│    │    └─ReLU: 3-27                   --
│    │    └─Dropout: 3-28                --
│    └─Conv1d: 2-8                       2,080
├─Flatten: 1-5                           --
├─Linear: 1-6                            18
├─AttnRefine: 1-7                        --
│    └─MyAttention: 2-9                  --
│    │    └─Attention: 3-29              800
│    └─Refine: 2-10                      --
│    │    └─Conv1d: 3-30                 784
│    │    └─BatchNorm1d: 3-31            32
│    │    └─ELU: 3-32                    --
│    │    └─MaxPool1d: 3-33              --
│    └─AdaptiveAvgPool1d: 2-11           --
│    └─Linear: 2-12                      68
│    └─Flatten: 2-13                     --
├─AttnRefine: 1-8                        --
│    └─MyAttention: 2-14                 --
│    │    └─Attention: 3-34              800
│    └─Refine: 2-15                      --
│    │    └─Conv1d: 3-35                 784
│    │    └─BatchNorm1d: 3-36            32
│    │    └─ELU: 3-37                    --
│    │    └─MaxPool1d: 3-38              --
│    └─AdaptiveAvgPool1d: 2-16           --
│    └─Linear: 2-17                      68
│    └─Flatten: 2-18                     --
=================================================================
Total params: 4,464,168
Trainable params: 4,464,168
Non-trainable params: 0
=================================================================
TestSub: S[1, 2, 3, 4, 5] Epoch  1 Finsh | Now_lr 0.0005/0.0005 | Lambda 0.0075 | Train Loss 0.5209 | Domain Loss 3.1217 | Valid Loss 1.4546 | Train Acc 71.2907| Valid Acc 48.6625
Validation acc increase (0.000000 --> 48.662451) in epoch (1).  Saving model ...
TestSub: S[1, 2, 3, 4, 5] Epoch  2 Finsh | Now_lr 0.0005/0.0005 | Lambda 0.0150 | Train Loss 0.3218 | Domain Loss 3.0213 | Valid Loss 1.8977 | Train Acc 85.5387| Valid Acc 44.3945
TestSub: S[1, 2, 3, 4, 5] Epoch  3 Finsh | Now_lr 0.0005/0.0005 | Lambda 0.0223 | Train Loss 0.2285 | Domain Loss 3.0209 | Valid Loss 2.3194 | Train Acc 90.4450| Valid Acc 43.3943
TestSub: S[1, 2, 3, 4, 5] Epoch  4 Finsh | Now_lr 0.0005/0.0005 | Lambda 0.0296 | Train Loss 0.1732 | Domain Loss 3.0493 | Valid Loss 2.5670 | Train Acc 92.9207| Valid Acc 43.8108
TestSub: S[1, 2, 3, 4, 5] Epoch  5 Finsh | Now_lr 0.0005/0.0005 | Lambda 0.0367 | Train Loss 0.1410 | Domain Loss 3.0543 | Valid Loss 2.9551 | Train Acc 94.4127| Valid Acc 41.9686
TestSub: S[1, 2, 3, 4, 5] Epoch  6 Finsh | Now_lr 0.0005/0.0005 | Lambda 0.0437 | Train Loss 0.1201 | Domain Loss 3.0616 | Valid Loss 2.7780 | Train Acc 95.2955| Valid Acc 45.4645
TestSub: S[1, 2, 3, 4, 5] Epoch  7 Finsh | Now_lr 0.0005/0.0005 | Lambda 0.0505 | Train Loss 0.1033 | Domain Loss 3.0922 | Valid Loss 2.8428 | Train Acc 95.9904| Valid Acc 45.1179
TestSub: S[1, 2, 3, 4, 5] Epoch  8 Finsh | Now_lr 0.0005/0.0005 | Lambda 0.0570 | Train Loss 0.0906 | Domain Loss 3.0961 | Valid Loss 2.9761 | Train Acc 96.5388| Valid Acc 46.0208
TestSub: S[1, 2, 3, 4, 5] Epoch  9 Finsh | Now_lr 0.0005/0.0005 | Lambda 0.0633 | Train Loss 0.0815 | Domain Loss 3.1073 | Valid Loss 2.6968 | Train Acc 96.9297| Valid Acc 48.5713
TestSub: S[1, 2, 3, 4, 5] Epoch 10 Finsh | Now_lr 0.0005/0.0005 | Lambda 0.0693 | Train Loss 0.0709 | Domain Loss 3.1182 | Valid Loss 3.0371 | Train Acc 97.3486| Valid Acc 47.1577
TestSub: S[1, 2, 3, 4, 5] Epoch 11 Finsh | Now_lr 0.0005/0.0005 | Lambda 0.0751 | Train Loss 0.0647 | Domain Loss 3.1317 | Valid Loss 3.1269 | Train Acc 97.5474| Valid Acc 47.2793
TestSub: S[1, 2, 3, 4, 5] Epoch 12 Finsh | Now_lr 0.0005/0.0005 | Lambda 0.0806 | Train Loss 0.0597 | Domain Loss 3.1472 | Valid Loss 3.1512 | Train Acc 97.7930| Valid Acc 48.0970
TestSub: S[1, 2, 3, 4, 5] Epoch 13 Finsh | Now_lr 0.0005/0.0005 | Lambda 0.0858 | Train Loss 0.0558 | Domain Loss 3.1595 | Valid Loss 3.1341 | Train Acc 97.9335| Valid Acc 48.6047
TestSub: S[1, 2, 3, 4, 5] Epoch 14 Finsh | Now_lr 0.0005/0.0005 | Lambda 0.0907 | Train Loss 0.0500 | Domain Loss 3.1553 | Valid Loss 3.2203 | Train Acc 98.1761| Valid Acc 46.9358
TestSub: S[1, 2, 3, 4, 5] Epoch 15 Finsh | Now_lr 0.0005/0.0005 | Lambda 0.0953 | Train Loss 0.0464 | Domain Loss 3.1609 | Valid Loss 3.0818 | Train Acc 98.3335| Valid Acc 48.8236
Validation acc increase (48.662451 --> 48.823565) in epoch (15).  Saving model ...
TestSub: S[1, 2, 3, 4, 5] Epoch 16 Finsh | Now_lr 0.0005/0.0005 | Lambda 0.0996 | Train Loss 0.0432 | Domain Loss 3.1648 | Valid Loss 3.3784 | Train Acc 98.4363| Valid Acc 46.8142
TestSub: S[1, 2, 3, 4, 5] Epoch 17 Finsh | Now_lr 0.0005/0.0005 | Lambda 0.1037 | Train Loss 0.0410 | Domain Loss 3.1524 | Valid Loss 3.0772 | Train Acc 98.4928| Valid Acc 49.2218
Validation acc increase (48.823565 --> 49.221790) in epoch (17).  Saving model ...
TestSub: S[1, 2, 3, 4, 5] Epoch 18 Finsh | Now_lr 0.0005/0.0005 | Lambda 0.1074 | Train Loss 0.0386 | Domain Loss 3.1544 | Valid Loss 3.5125 | Train Acc 98.6321| Valid Acc 48.1426
TestSub: S[1, 2, 3, 4, 5] Epoch 19 Finsh | Now_lr 0.0005/0.0005 | Lambda 0.1110 | Train Loss 0.0366 | Domain Loss 3.1545 | Valid Loss 3.2596 | Train Acc 98.7056| Valid Acc 47.9815
TestSub: S[1, 2, 3, 4, 5] Epoch 20 Finsh | Now_lr 0.0005/0.0005 | Lambda 0.1142 | Train Loss 0.0346 | Domain Loss 3.1703 | Valid Loss 3.2470 | Train Acc 98.7682| Valid Acc 46.8993
TestSub: S[1, 2, 3, 4, 5] Epoch 21 Finsh | Now_lr 0.0005/0.0005 | Lambda 0.1173 | Train Loss 0.0319 | Domain Loss 3.1911 | Valid Loss 3.5016 | Train Acc 98.8515| Valid Acc 48.3493
TestSub: S[1, 2, 3, 4, 5] Epoch 22 Finsh | Now_lr 0.0005/0.0005 | Lambda 0.1201 | Train Loss 0.0306 | Domain Loss 3.1887 | Valid Loss 3.4843 | Train Acc 98.9190| Valid Acc 47.3340
TestSub: S[1, 2, 3, 4, 5] Epoch 23 Finsh | Now_lr 0.0005/0.0005 | Lambda 0.1227 | Train Loss 0.0290 | Domain Loss 3.1846 | Valid Loss 3.5676 | Train Acc 98.9622| Valid Acc 47.7718
TestSub: S[1, 2, 3, 4, 5] Epoch 24 Finsh | Now_lr 0.0005/0.0005 | Lambda 0.1250 | Train Loss 0.0290 | Domain Loss 3.1858 | Valid Loss 3.6352 | Train Acc 98.9798| Valid Acc 46.4373
TestSub: S[1, 2, 3, 4, 5] Epoch 25 Finsh | Now_lr 0.0005/0.0005 | Lambda 0.1272 | Train Loss 0.0270 | Domain Loss 3.1845 | Valid Loss 3.6534 | Train Acc 99.0625| Valid Acc 46.5558
TestSub: S[1, 2, 3, 4, 5] Epoch 26 Finsh | Now_lr 0.0005/0.0005 | Lambda 0.1293 | Train Loss 0.0276 | Domain Loss 3.1852 | Valid Loss 3.6847 | Train Acc 99.0491| Valid Acc 46.7382
TestSub: S[1, 2, 3, 4, 5] Epoch 27 Finsh | Now_lr 0.0005/0.0005 | Lambda 0.1311 | Train Loss 0.0261 | Domain Loss 3.1820 | Valid Loss 3.8067 | Train Acc 99.1026| Valid Acc 47.0544
TestSub: S[1, 2, 3, 4, 5] Epoch 28 Finsh | Now_lr 0.0005/0.0005 | Lambda 0.1328 | Train Loss 0.0249 | Domain Loss 3.1850 | Valid Loss 3.8498 | Train Acc 99.1373| Valid Acc 46.1241
TestSub: S[1, 2, 3, 4, 5] Epoch 29 Finsh | Now_lr 0.0005/0.0005 | Lambda 0.1344 | Train Loss 0.0232 | Domain Loss 3.1884 | Valid Loss 3.9459 | Train Acc 99.1963| Valid Acc 47.3979
TestSub: S[1, 2, 3, 4, 5] Epoch 30 Finsh | Now_lr 0.0005/0.0005 | Lambda 0.1358 | Train Loss 0.0233 | Domain Loss 3.1912 | Valid Loss 4.0566 | Train Acc 99.1859| Valid Acc 46.1211
TestSub: S[1, 2, 3, 4, 5] Epoch 31 Finsh | Now_lr 0.0005/0.0005 | Lambda 0.1371 | Train Loss 0.0224 | Domain Loss 3.1909 | Valid Loss 3.7275 | Train Acc 99.2443| Valid Acc 47.6411
TestSub: S[1, 2, 3, 4, 5] Epoch 32 Finsh | Now_lr 0.0005/0.0005 | Lambda 0.1383 | Train Loss 0.0214 | Domain Loss 3.1946 | Valid Loss 3.7893 | Train Acc 99.2698| Valid Acc 47.8660
TestSub: S[1, 2, 3, 4, 5] Epoch 33 Finsh | Now_lr 0.0005/0.0005 | Lambda 0.1393 | Train Loss 0.0218 | Domain Loss 3.1909 | Valid Loss 3.8716 | Train Acc 99.2504| Valid Acc 47.0118
TestSub: S[1, 2, 3, 4, 5] Epoch 34 Finsh | Now_lr 0.0005/0.0005 | Lambda 0.1403 | Train Loss 0.0203 | Domain Loss 3.1909 | Valid Loss 3.8948 | Train Acc 99.2978| Valid Acc 46.2123
TestSub: S[1, 2, 3, 4, 5] Epoch 35 Finsh | Now_lr 0.0005/0.0005 | Lambda 0.1412 | Train Loss 0.0204 | Domain Loss 3.1994 | Valid Loss 3.8861 | Train Acc 99.3099| Valid Acc 46.2974
TestSub: S[1, 2, 3, 4, 5] Epoch 36 Finsh | Now_lr 0.0005/0.0005 | Lambda 0.1420 | Train Loss 0.0178 | Domain Loss 3.2007 | Valid Loss 4.1305 | Train Acc 99.4030| Valid Acc 46.6987
TestSub: S[1, 2, 3, 4, 5] Epoch 37 Finsh | Now_lr 0.0005/0.0005 | Lambda 0.1428 | Train Loss 0.0203 | Domain Loss 3.1988 | Valid Loss 3.8887 | Train Acc 99.3136| Valid Acc 44.9872
TestSub: S[1, 2, 3, 4, 5] Epoch 38 Finsh | Now_lr 0.0005/0.0005 | Lambda 0.1434 | Train Loss 0.0188 | Domain Loss 3.1997 | Valid Loss 3.8211 | Train Acc 99.3379| Valid Acc 46.2640
TestSub: S[1, 2, 3, 4, 5] Epoch 39 Finsh | Now_lr 0.0005/0.0005 | Lambda 0.1440 | Train Loss 0.0183 | Domain Loss 3.2044 | Valid Loss 3.8344 | Train Acc 99.3932| Valid Acc 45.9904
TestSub: S[1, 2, 3, 4, 5] Epoch 40 Finsh | Now_lr 0.0005/0.0005 | Lambda 0.1446 | Train Loss 0.0168 | Domain Loss 3.2052 | Valid Loss 4.3288 | Train Acc 99.4163| Valid Acc 44.9629
TestSub: S[1, 2, 3, 4, 5] Epoch 41 Finsh | Now_lr 0.0005/0.0005 | Lambda 0.1451 | Train Loss 0.0165 | Domain Loss 3.2032 | Valid Loss 3.9935 | Train Acc 99.4413| Valid Acc 45.9874
TestSub: S[1, 2, 3, 4, 5] Epoch 42 Finsh | Now_lr 0.0005/0.0005 | Lambda 0.1456 | Train Loss 0.0167 | Domain Loss 3.2017 | Valid Loss 4.1453 | Train Acc 99.4255| Valid Acc 46.0269
TestSub: S[1, 2, 3, 4, 5] Epoch 43 Finsh | Now_lr 0.0005/0.0005 | Lambda 0.1460 | Train Loss 0.0159 | Domain Loss 3.2080 | Valid Loss 4.1456 | Train Acc 99.4644| Valid Acc 45.5131
TestSub: S[1, 2, 3, 4, 5] Epoch 44 Finsh | Now_lr 0.0005/0.0005 | Lambda 0.1464 | Train Loss 0.0151 | Domain Loss 3.2051 | Valid Loss 4.2891 | Train Acc 99.4814| Valid Acc 45.4645
TestSub: S[1, 2, 3, 4, 5] Epoch 45 Finsh | Now_lr 0.0005/0.0005 | Lambda 0.1467 | Train Loss 0.0159 | Domain Loss 3.2045 | Valid Loss 4.1181 | Train Acc 99.4686| Valid Acc 45.9782
TestSub: S[1, 2, 3, 4, 5] Epoch 46 Finsh | Now_lr 0.0005/0.0005 | Lambda 0.1470 | Train Loss 0.0148 | Domain Loss 3.2047 | Valid Loss 4.1679 | Train Acc 99.4984| Valid Acc 46.9753
TestSub: S[1, 2, 3, 4, 5] Epoch 47 Finsh | Now_lr 0.0005/0.0005 | Lambda 0.1473 | Train Loss 0.0152 | Domain Loss 3.2046 | Valid Loss 3.9708 | Train Acc 99.4954| Valid Acc 45.0663
Early stopping triggered after 47 epochs (30 epochs without improvement)
--------------------------------------------------
Test_Subject :S[1, 2, 3, 4, 5] |Best epoch:17 | Test Loss:3.0772 | Best Acc 49.2218 | Savemodel Acc 49.2218
--------------------------------------------------

========== Fold 2 ==========
Train IDs: [1, 2, 3, 4, 5, 11, 12, 13, 14, 15, 16, 17, 18, 19, 20, 21, 22, 23, 24, 25, 26, 27, 28, 29, 30]
Val IDs:   [6, 7, 8, 9, 10]
================================================================================
SSL PRE-TRAINING PHASE WITH DOMAIN ADVERSARIAL TRAINING
================================================================================
Loading SSL data with subject IDs for subjects: [1, 2, 3, 4, 5, 11, 12, 13, 14, 15, 16, 17, 18, 19, 20, 21, 22, 23, 24, 25, 26, 27, 28, 29, 30]
Loaded subject S1: (6580, 32, 128), Subject ID: 0
Loaded subject S2: (6580, 32, 128), Subject ID: 1
Loaded subject S3: (6580, 32, 128), Subject ID: 2
Loaded subject S4: (6580, 32, 128), Subject ID: 3
Loaded subject S5: (6580, 32, 128), Subject ID: 4
Loaded subject S11: (6580, 32, 128), Subject ID: 10
Loaded subject S12: (6580, 32, 128), Subject ID: 11
Loaded subject S13: (6580, 32, 128), Subject ID: 12
Loaded subject S14: (6580, 32, 128), Subject ID: 13
Loaded subject S15: (6580, 32, 128), Subject ID: 14
Loaded subject S16: (6580, 32, 128), Subject ID: 15
Loaded subject S17: (6580, 32, 128), Subject ID: 16
Loaded subject S18: (6580, 32, 128), Subject ID: 17
Loaded subject S19: (6580, 32, 128), Subject ID: 18
Loaded subject S20: (6580, 32, 128), Subject ID: 19
Loaded subject S21: (6580, 32, 128), Subject ID: 20
Loaded subject S22: (6580, 32, 128), Subject ID: 21
Loaded subject S23: (6580, 32, 128), Subject ID: 22
Loaded subject S24: (6580, 32, 128), Subject ID: 23
Loaded subject S25: (6580, 32, 128), Subject ID: 24
Loaded subject S26: (6580, 32, 128), Subject ID: 25
Loaded subject S27: (6580, 32, 128), Subject ID: 26
Loaded subject S28: (6580, 32, 128), Subject ID: 27
Loaded subject S29: (6580, 32, 128), Subject ID: 28
Loaded subject S30: (6580, 32, 128), Subject ID: 29
Total SSL data shape: (164500, 32, 128)
Total subject IDs: 164500
🏗️  SSL Model Architecture:
   - SSL Enabled: True
   - SSL Approach: full_darnet
   - Domain Adversarial: True
   - Training Mode: ssl
   - Decoder Type: EEGFullDARNetDecoder
   - Encoder parameters: 36,888
   - Decoder parameters: 4,388,192
   - Domain discriminator parameters: 39,070
   - Total parameters: 4,464,168
   - Decoder/Total ratio: 98.3%
==================================================
Starting SSL Pre-training with Domain Adversarial Training
==================================================
=================================================================
Layer (type:depth-idx)                   Param #
=================================================================
DARNet                                   --
├─GradientReversalLayer: 1-1             --
├─SubjectDiscriminator: 1-2              --
│    └─Sequential: 2-1                   --
│    │    └─Linear: 3-1                  2,304
│    │    └─ReLU: 3-2                    --
│    │    └─Dropout: 3-3                 --
│    │    └─Linear: 3-4                  32,896
│    │    └─ReLU: 3-5                    --
│    │    └─Dropout: 3-6                 --
│    │    └─Linear: 3-7                  3,870
├─TokenEmbeddingOriginal: 1-3            --
│    └─Sequential: 2-2                   --
│    │    └─Conv2d: 3-8                  576
│    │    └─BatchNorm2d: 3-9             128
│    │    └─GELU: 3-10                   --
│    └─Sequential: 2-3                   --
│    │    └─Conv2d: 3-11                 32,784
│    │    └─BatchNorm2d: 3-12            32
│    │    └─GELU: 3-13                   --
│    └─PositionalEmbedding: 2-4          --
├─EEGFullDARNetDecoder: 1-4              --
│    └─Sequential: 2-5                   --
│    │    └─Linear: 3-14                 2,304
│    │    └─ReLU: 3-15                   --
│    │    └─Dropout: 3-16                --
│    │    └─Linear: 3-17                 131,584
│    │    └─ReLU: 3-18                   --
│    │    └─Dropout: 3-19                --
│    │    └─Linear: 3-20                 4,202,496
│    └─Sequential: 2-6                   --
│    │    └─Conv1d: 3-21                 24,704
│    │    └─BatchNorm1d: 3-22            256
│    │    └─ReLU: 3-23                   --
│    │    └─Dropout: 3-24                --
│    └─Sequential: 2-7                   --
│    │    └─Conv1d: 3-25                 24,640
│    │    └─BatchNorm1d: 3-26            128
│    │    └─ReLU: 3-27                   --
│    │    └─Dropout: 3-28                --
│    └─Conv1d: 2-8                       2,080
├─Flatten: 1-5                           --
├─Linear: 1-6                            18
├─AttnRefine: 1-7                        --
│    └─MyAttention: 2-9                  --
│    │    └─Attention: 3-29              800
│    └─Refine: 2-10                      --
│    │    └─Conv1d: 3-30                 784
│    │    └─BatchNorm1d: 3-31            32
│    │    └─ELU: 3-32                    --
│    │    └─MaxPool1d: 3-33              --
│    └─AdaptiveAvgPool1d: 2-11           --
│    └─Linear: 2-12                      68
│    └─Flatten: 2-13                     --
├─AttnRefine: 1-8                        --
│    └─MyAttention: 2-14                 --
│    │    └─Attention: 3-34              800
│    └─Refine: 2-15                      --
│    │    └─Conv1d: 3-35                 784
│    │    └─BatchNorm1d: 3-36            32
│    │    └─ELU: 3-37                    --
│    │    └─MaxPool1d: 3-38              --
│    └─AdaptiveAvgPool1d: 2-16           --
│    └─Linear: 2-17                      68
│    └─Flatten: 2-18                     --
=================================================================
Total params: 4,464,168
Trainable params: 4,464,168
Non-trainable params: 0
=================================================================
SSL Epoch  1 | SSL Loss: 0.497150 | Domain Loss: 3.202757
SSL model saved at epoch 1 with loss 0.497150 to ./exps/cross-subject/DARNet_SSL_FullDARNet_Domain/ssl_models_task1_AAD_MM-AAD_ssl_domain_2025-10-17-11-10-28/ssl_best_model.pt
SSL model saved with loss 0.497150
SSL Epoch  2 | SSL Loss: 0.385018 | Domain Loss: 3.055213
SSL model saved at epoch 2 with loss 0.385018 to ./exps/cross-subject/DARNet_SSL_FullDARNet_Domain/ssl_models_task1_AAD_MM-AAD_ssl_domain_2025-10-17-11-10-28/ssl_best_model.pt
SSL model saved with loss 0.385018
SSL Epoch  3 | SSL Loss: 0.350573 | Domain Loss: 3.140714
SSL model saved at epoch 3 with loss 0.350573 to ./exps/cross-subject/DARNet_SSL_FullDARNet_Domain/ssl_models_task1_AAD_MM-AAD_ssl_domain_2025-10-17-11-10-28/ssl_best_model.pt
SSL model saved with loss 0.350573
SSL Epoch  4 | SSL Loss: 0.320689 | Domain Loss: 3.118933
SSL model saved at epoch 4 with loss 0.320689 to ./exps/cross-subject/DARNet_SSL_FullDARNet_Domain/ssl_models_task1_AAD_MM-AAD_ssl_domain_2025-10-17-11-10-28/ssl_best_model.pt
SSL model saved with loss 0.320689
SSL Epoch  5 | SSL Loss: 0.300412 | Domain Loss: 3.102890
SSL model saved at epoch 5 with loss 0.300412 to ./exps/cross-subject/DARNet_SSL_FullDARNet_Domain/ssl_models_task1_AAD_MM-AAD_ssl_domain_2025-10-17-11-10-28/ssl_best_model.pt
SSL model saved with loss 0.300412
SSL Epoch  6 | SSL Loss: 0.288821 | Domain Loss: 3.132182
SSL model saved at epoch 6 with loss 0.288821 to ./exps/cross-subject/DARNet_SSL_FullDARNet_Domain/ssl_models_task1_AAD_MM-AAD_ssl_domain_2025-10-17-11-10-28/ssl_best_model.pt
SSL model saved with loss 0.288821
SSL Epoch  7 | SSL Loss: 0.275352 | Domain Loss: 3.102641
SSL model saved at epoch 7 with loss 0.275352 to ./exps/cross-subject/DARNet_SSL_FullDARNet_Domain/ssl_models_task1_AAD_MM-AAD_ssl_domain_2025-10-17-11-10-28/ssl_best_model.pt
SSL model saved with loss 0.275352
SSL Epoch  8 | SSL Loss: 0.269751 | Domain Loss: 3.112277
SSL model saved at epoch 8 with loss 0.269751 to ./exps/cross-subject/DARNet_SSL_FullDARNet_Domain/ssl_models_task1_AAD_MM-AAD_ssl_domain_2025-10-17-11-10-28/ssl_best_model.pt
SSL model saved with loss 0.269751
SSL Epoch  9 | SSL Loss: 0.263994 | Domain Loss: 3.105462
SSL model saved at epoch 9 with loss 0.263994 to ./exps/cross-subject/DARNet_SSL_FullDARNet_Domain/ssl_models_task1_AAD_MM-AAD_ssl_domain_2025-10-17-11-10-28/ssl_best_model.pt
SSL model saved with loss 0.263994
SSL Epoch 10 | SSL Loss: 0.259493 | Domain Loss: 3.133913
SSL model saved at epoch 10 with loss 0.259493 to ./exps/cross-subject/DARNet_SSL_FullDARNet_Domain/ssl_models_task1_AAD_MM-AAD_ssl_domain_2025-10-17-11-10-28/ssl_best_model.pt
SSL model saved with loss 0.259493
SSL Epoch 11 | SSL Loss: 0.253226 | Domain Loss: 3.099171
SSL model saved at epoch 11 with loss 0.253226 to ./exps/cross-subject/DARNet_SSL_FullDARNet_Domain/ssl_models_task1_AAD_MM-AAD_ssl_domain_2025-10-17-11-10-28/ssl_best_model.pt
SSL model saved with loss 0.253226
SSL Epoch 12 | SSL Loss: 0.250545 | Domain Loss: 3.118138
SSL model saved at epoch 12 with loss 0.250545 to ./exps/cross-subject/DARNet_SSL_FullDARNet_Domain/ssl_models_task1_AAD_MM-AAD_ssl_domain_2025-10-17-11-10-28/ssl_best_model.pt
SSL model saved with loss 0.250545
SSL Epoch 13 | SSL Loss: 0.244977 | Domain Loss: 3.056690
SSL model saved at epoch 13 with loss 0.244977 to ./exps/cross-subject/DARNet_SSL_FullDARNet_Domain/ssl_models_task1_AAD_MM-AAD_ssl_domain_2025-10-17-11-10-28/ssl_best_model.pt
SSL model saved with loss 0.244977
SSL Epoch 14 | SSL Loss: 0.243654 | Domain Loss: 3.114707
SSL model saved at epoch 14 with loss 0.243654 to ./exps/cross-subject/DARNet_SSL_FullDARNet_Domain/ssl_models_task1_AAD_MM-AAD_ssl_domain_2025-10-17-11-10-28/ssl_best_model.pt
SSL model saved with loss 0.243654
SSL Epoch 15 | SSL Loss: 0.240454 | Domain Loss: 3.105515
SSL model saved at epoch 15 with loss 0.240454 to ./exps/cross-subject/DARNet_SSL_FullDARNet_Domain/ssl_models_task1_AAD_MM-AAD_ssl_domain_2025-10-17-11-10-28/ssl_best_model.pt
SSL model saved with loss 0.240454
SSL Epoch 16 | SSL Loss: 0.240334 | Domain Loss: 3.113417
SSL model saved at epoch 16 with loss 0.240334 to ./exps/cross-subject/DARNet_SSL_FullDARNet_Domain/ssl_models_task1_AAD_MM-AAD_ssl_domain_2025-10-17-11-10-28/ssl_best_model.pt
SSL model saved with loss 0.240334
SSL Epoch 17 | SSL Loss: 0.240365 | Domain Loss: 3.139276
SSL Epoch 18 | SSL Loss: 0.235237 | Domain Loss: 3.095056
SSL model saved at epoch 18 with loss 0.235237 to ./exps/cross-subject/DARNet_SSL_FullDARNet_Domain/ssl_models_task1_AAD_MM-AAD_ssl_domain_2025-10-17-11-10-28/ssl_best_model.pt
SSL model saved with loss 0.235237
SSL Epoch 19 | SSL Loss: 0.231319 | Domain Loss: 3.114038
SSL model saved at epoch 19 with loss 0.231319 to ./exps/cross-subject/DARNet_SSL_FullDARNet_Domain/ssl_models_task1_AAD_MM-AAD_ssl_domain_2025-10-17-11-10-28/ssl_best_model.pt
SSL model saved with loss 0.231319
SSL Epoch 20 | SSL Loss: 0.227495 | Domain Loss: 3.107711
SSL model saved at epoch 20 with loss 0.227495 to ./exps/cross-subject/DARNet_SSL_FullDARNet_Domain/ssl_models_task1_AAD_MM-AAD_ssl_domain_2025-10-17-11-10-28/ssl_best_model.pt
SSL model saved with loss 0.227495
SSL Epoch 21 | SSL Loss: 0.224188 | Domain Loss: 3.103716
SSL model saved at epoch 21 with loss 0.224188 to ./exps/cross-subject/DARNet_SSL_FullDARNet_Domain/ssl_models_task1_AAD_MM-AAD_ssl_domain_2025-10-17-11-10-28/ssl_best_model.pt
SSL model saved with loss 0.224188
SSL Epoch 22 | SSL Loss: 0.221596 | Domain Loss: 3.105867
SSL model saved at epoch 22 with loss 0.221596 to ./exps/cross-subject/DARNet_SSL_FullDARNet_Domain/ssl_models_task1_AAD_MM-AAD_ssl_domain_2025-10-17-11-10-28/ssl_best_model.pt
SSL model saved with loss 0.221596
SSL Epoch 23 | SSL Loss: 0.218497 | Domain Loss: 3.108165
SSL model saved at epoch 23 with loss 0.218497 to ./exps/cross-subject/DARNet_SSL_FullDARNet_Domain/ssl_models_task1_AAD_MM-AAD_ssl_domain_2025-10-17-11-10-28/ssl_best_model.pt
SSL model saved with loss 0.218497
SSL Epoch 24 | SSL Loss: 0.216200 | Domain Loss: 3.109934
SSL model saved at epoch 24 with loss 0.216200 to ./exps/cross-subject/DARNet_SSL_FullDARNet_Domain/ssl_models_task1_AAD_MM-AAD_ssl_domain_2025-10-17-11-10-28/ssl_best_model.pt
SSL model saved with loss 0.216200
SSL Epoch 25 | SSL Loss: 0.213549 | Domain Loss: 3.109974
SSL model saved at epoch 25 with loss 0.213549 to ./exps/cross-subject/DARNet_SSL_FullDARNet_Domain/ssl_models_task1_AAD_MM-AAD_ssl_domain_2025-10-17-11-10-28/ssl_best_model.pt
SSL model saved with loss 0.213549
SSL Epoch 26 | SSL Loss: 0.211511 | Domain Loss: 3.109515
SSL model saved at epoch 26 with loss 0.211511 to ./exps/cross-subject/DARNet_SSL_FullDARNet_Domain/ssl_models_task1_AAD_MM-AAD_ssl_domain_2025-10-17-11-10-28/ssl_best_model.pt
SSL model saved with loss 0.211511
SSL Epoch 27 | SSL Loss: 0.209642 | Domain Loss: 3.108821
SSL model saved at epoch 27 with loss 0.209642 to ./exps/cross-subject/DARNet_SSL_FullDARNet_Domain/ssl_models_task1_AAD_MM-AAD_ssl_domain_2025-10-17-11-10-28/ssl_best_model.pt
SSL model saved with loss 0.209642
SSL Epoch 28 | SSL Loss: 0.208299 | Domain Loss: 3.106005
SSL model saved at epoch 28 with loss 0.208299 to ./exps/cross-subject/DARNet_SSL_FullDARNet_Domain/ssl_models_task1_AAD_MM-AAD_ssl_domain_2025-10-17-11-10-28/ssl_best_model.pt
SSL model saved with loss 0.208299
SSL Epoch 29 | SSL Loss: 0.206667 | Domain Loss: 3.102976
SSL model saved at epoch 29 with loss 0.206667 to ./exps/cross-subject/DARNet_SSL_FullDARNet_Domain/ssl_models_task1_AAD_MM-AAD_ssl_domain_2025-10-17-11-10-28/ssl_best_model.pt
SSL model saved with loss 0.206667
SSL Epoch 30 | SSL Loss: 0.205651 | Domain Loss: 3.099526
SSL model saved at epoch 30 with loss 0.205651 to ./exps/cross-subject/DARNet_SSL_FullDARNet_Domain/ssl_models_task1_AAD_MM-AAD_ssl_domain_2025-10-17-11-10-28/ssl_best_model.pt
SSL model saved with loss 0.205651
==================================================
SSL Pre-training completed. Best loss: 0.205651
==================================================
train_data_shape(164500, 32, 128),val_data_shape(32900, 32, 128)
🔄 Loading SSL pre-trained weights from: ./exps/cross-subject/DARNet_SSL_FullDARNet_Domain/ssl_models_task1_AAD_MM-AAD_ssl_domain_2025-10-17-11-10-28/ssl_best_model.pt
📋 Available keys in SSL checkpoint: 73 total
  - subject_discriminator.classifier.0.weight: torch.Size([256, 8])
  - subject_discriminator.classifier.0.bias: torch.Size([256])
  - subject_discriminator.classifier.3.weight: torch.Size([128, 256])
  - subject_discriminator.classifier.3.bias: torch.Size([128])
  - subject_discriminator.classifier.6.weight: torch.Size([30, 128])
  - subject_discriminator.classifier.6.bias: torch.Size([30])
  - token_embedding.embed_layer.0.weight: torch.Size([64, 1, 1, 8])
  - token_embedding.embed_layer.0.bias: torch.Size([64])
  - token_embedding.embed_layer.1.weight: torch.Size([64])
  - token_embedding.embed_layer.1.bias: torch.Size([64])
  - token_embedding.embed_layer.1.running_mean: torch.Size([64])
  - token_embedding.embed_layer.1.running_var: torch.Size([64])
  - token_embedding.embed_layer.1.num_batches_tracked: torch.Size([])
  - token_embedding.embed_layer2.0.weight: torch.Size([16, 64, 32, 1])
  - token_embedding.embed_layer2.0.bias: torch.Size([16])
  - token_embedding.embed_layer2.1.weight: torch.Size([16])
  - token_embedding.embed_layer2.1.bias: torch.Size([16])
  - token_embedding.embed_layer2.1.running_mean: torch.Size([16])
  - token_embedding.embed_layer2.1.running_var: torch.Size([16])
  - token_embedding.embed_layer2.1.num_batches_tracked: torch.Size([])
  - token_embedding.position_embedding.pe: torch.Size([1, 5000, 16])
  - ssl_decoder.feature_expand.0.weight: torch.Size([256, 8])
  - ssl_decoder.feature_expand.0.bias: torch.Size([256])
  - ssl_decoder.feature_expand.3.weight: torch.Size([512, 256])
  - ssl_decoder.feature_expand.3.bias: torch.Size([512])
  - ssl_decoder.feature_expand.6.weight: torch.Size([8192, 512])
  - ssl_decoder.feature_expand.6.bias: torch.Size([8192])
  - ssl_decoder.temporal_conv1.0.weight: torch.Size([128, 64, 3])
  - ssl_decoder.temporal_conv1.0.bias: torch.Size([128])
  - ssl_decoder.temporal_conv1.1.weight: torch.Size([128])
  - ssl_decoder.temporal_conv1.1.bias: torch.Size([128])
  - ssl_decoder.temporal_conv1.1.running_mean: torch.Size([128])
  - ssl_decoder.temporal_conv1.1.running_var: torch.Size([128])
  - ssl_decoder.temporal_conv1.1.num_batches_tracked: torch.Size([])
  - ssl_decoder.temporal_conv2.0.weight: torch.Size([64, 128, 3])
  - ssl_decoder.temporal_conv2.0.bias: torch.Size([64])
  - ssl_decoder.temporal_conv2.1.weight: torch.Size([64])
  - ssl_decoder.temporal_conv2.1.bias: torch.Size([64])
  - ssl_decoder.temporal_conv2.1.running_mean: torch.Size([64])
  - ssl_decoder.temporal_conv2.1.running_var: torch.Size([64])
  - ssl_decoder.temporal_conv2.1.num_batches_tracked: torch.Size([])
  - ssl_decoder.final_conv.weight: torch.Size([32, 64, 1])
  - ssl_decoder.final_conv.bias: torch.Size([32])
  - out.weight: torch.Size([2, 8])
  - out.bias: torch.Size([2])
  - stack1.attention.attention_layer.key.weight: torch.Size([16, 16])
  - stack1.attention.attention_layer.value.weight: torch.Size([16, 16])
  - stack1.attention.attention_layer.query.weight: torch.Size([16, 16])
  - stack1.attention.attention_layer.to_out.weight: torch.Size([16])
  - stack1.attention.attention_layer.to_out.bias: torch.Size([16])
  - stack1.conv_layer.downConv.weight: torch.Size([16, 16, 3])
  - stack1.conv_layer.downConv.bias: torch.Size([16])
  - stack1.conv_layer.norm.weight: torch.Size([16])
  - stack1.conv_layer.norm.bias: torch.Size([16])
  - stack1.conv_layer.norm.running_mean: torch.Size([16])
  - stack1.conv_layer.norm.running_var: torch.Size([16])
  - stack1.conv_layer.norm.num_batches_tracked: torch.Size([])
  - stack1.out.weight: torch.Size([4, 16])
  - stack1.out.bias: torch.Size([4])
  - stack2.attention.attention_layer.key.weight: torch.Size([16, 16])
  - stack2.attention.attention_layer.value.weight: torch.Size([16, 16])
  - stack2.attention.attention_layer.query.weight: torch.Size([16, 16])
  - stack2.attention.attention_layer.to_out.weight: torch.Size([16])
  - stack2.attention.attention_layer.to_out.bias: torch.Size([16])
  - stack2.conv_layer.downConv.weight: torch.Size([16, 16, 3])
  - stack2.conv_layer.downConv.bias: torch.Size([16])
  - stack2.conv_layer.norm.weight: torch.Size([16])
  - stack2.conv_layer.norm.bias: torch.Size([16])
  - stack2.conv_layer.norm.running_mean: torch.Size([16])
  - stack2.conv_layer.norm.running_var: torch.Size([16])
  - stack2.conv_layer.norm.num_batches_tracked: torch.Size([])
  - stack2.out.weight: torch.Size([4, 16])
  - stack2.out.bias: torch.Size([4])
🎯 SSL approach detected: full_darnet
  ❌ Skipping: subject_discriminator.classifier.0.weight (decoder component)
  ❌ Skipping: subject_discriminator.classifier.0.bias (decoder component)
  ❌ Skipping: subject_discriminator.classifier.3.weight (decoder component)
  ❌ Skipping: subject_discriminator.classifier.3.bias (decoder component)
  ❌ Skipping: subject_discriminator.classifier.6.weight (decoder component)
  ❌ Skipping: subject_discriminator.classifier.6.bias (decoder component)
  ✅ Loading: token_embedding.embed_layer.0.weight -> torch.Size([64, 1, 1, 8])
  ✅ Loading: token_embedding.embed_layer.0.bias -> torch.Size([64])
  ✅ Loading: token_embedding.embed_layer.1.weight -> torch.Size([64])
  ✅ Loading: token_embedding.embed_layer.1.bias -> torch.Size([64])
  ✅ Loading: token_embedding.embed_layer.1.running_mean -> torch.Size([64])
  ✅ Loading: token_embedding.embed_layer.1.running_var -> torch.Size([64])
  ✅ Loading: token_embedding.embed_layer.1.num_batches_tracked -> torch.Size([])
  ✅ Loading: token_embedding.embed_layer2.0.weight -> torch.Size([16, 64, 32, 1])
  ✅ Loading: token_embedding.embed_layer2.0.bias -> torch.Size([16])
  ✅ Loading: token_embedding.embed_layer2.1.weight -> torch.Size([16])
  ✅ Loading: token_embedding.embed_layer2.1.bias -> torch.Size([16])
  ✅ Loading: token_embedding.embed_layer2.1.running_mean -> torch.Size([16])
  ✅ Loading: token_embedding.embed_layer2.1.running_var -> torch.Size([16])
  ✅ Loading: token_embedding.embed_layer2.1.num_batches_tracked -> torch.Size([])
  ✅ Loading: token_embedding.position_embedding.pe -> torch.Size([1, 5000, 16])
  ❌ Skipping: ssl_decoder.feature_expand.0.weight (decoder component)
  ❌ Skipping: ssl_decoder.feature_expand.0.bias (decoder component)
  ❌ Skipping: ssl_decoder.feature_expand.3.weight (decoder component)
  ❌ Skipping: ssl_decoder.feature_expand.3.bias (decoder component)
  ❌ Skipping: ssl_decoder.feature_expand.6.weight (decoder component)
  ❌ Skipping: ssl_decoder.feature_expand.6.bias (decoder component)
  ❌ Skipping: ssl_decoder.temporal_conv1.0.weight (decoder component)
  ❌ Skipping: ssl_decoder.temporal_conv1.0.bias (decoder component)
  ❌ Skipping: ssl_decoder.temporal_conv1.1.weight (decoder component)
  ❌ Skipping: ssl_decoder.temporal_conv1.1.bias (decoder component)
  ❌ Skipping: ssl_decoder.temporal_conv1.1.running_mean (decoder component)
  ❌ Skipping: ssl_decoder.temporal_conv1.1.running_var (decoder component)
  ❌ Skipping: ssl_decoder.temporal_conv1.1.num_batches_tracked (decoder component)
  ❌ Skipping: ssl_decoder.temporal_conv2.0.weight (decoder component)
  ❌ Skipping: ssl_decoder.temporal_conv2.0.bias (decoder component)
  ❌ Skipping: ssl_decoder.temporal_conv2.1.weight (decoder component)
  ❌ Skipping: ssl_decoder.temporal_conv2.1.bias (decoder component)
  ❌ Skipping: ssl_decoder.temporal_conv2.1.running_mean (decoder component)
  ❌ Skipping: ssl_decoder.temporal_conv2.1.running_var (decoder component)
  ❌ Skipping: ssl_decoder.temporal_conv2.1.num_batches_tracked (decoder component)
  ❌ Skipping: ssl_decoder.final_conv.weight (decoder component)
  ❌ Skipping: ssl_decoder.final_conv.bias (decoder component)
  ❌ Skipping: out.weight (decoder component)
  ❌ Skipping: out.bias (decoder component)
  ✅ Loading: stack1.attention.attention_layer.key.weight -> torch.Size([16, 16])
  ✅ Loading: stack1.attention.attention_layer.value.weight -> torch.Size([16, 16])
  ✅ Loading: stack1.attention.attention_layer.query.weight -> torch.Size([16, 16])
  ✅ Loading: stack1.attention.attention_layer.to_out.weight -> torch.Size([16])
  ✅ Loading: stack1.attention.attention_layer.to_out.bias -> torch.Size([16])
  ✅ Loading: stack1.conv_layer.downConv.weight -> torch.Size([16, 16, 3])
  ✅ Loading: stack1.conv_layer.downConv.bias -> torch.Size([16])
  ✅ Loading: stack1.conv_layer.norm.weight -> torch.Size([16])
  ✅ Loading: stack1.conv_layer.norm.bias -> torch.Size([16])
  ✅ Loading: stack1.conv_layer.norm.running_mean -> torch.Size([16])
  ✅ Loading: stack1.conv_layer.norm.running_var -> torch.Size([16])
  ✅ Loading: stack1.conv_layer.norm.num_batches_tracked -> torch.Size([])
  ✅ Loading: stack1.out.weight -> torch.Size([4, 16])
  ✅ Loading: stack1.out.bias -> torch.Size([4])
  ✅ Loading: stack2.attention.attention_layer.key.weight -> torch.Size([16, 16])
  ✅ Loading: stack2.attention.attention_layer.value.weight -> torch.Size([16, 16])
  ✅ Loading: stack2.attention.attention_layer.query.weight -> torch.Size([16, 16])
  ✅ Loading: stack2.attention.attention_layer.to_out.weight -> torch.Size([16])
  ✅ Loading: stack2.attention.attention_layer.to_out.bias -> torch.Size([16])
  ✅ Loading: stack2.conv_layer.downConv.weight -> torch.Size([16, 16, 3])
  ✅ Loading: stack2.conv_layer.downConv.bias -> torch.Size([16])
  ✅ Loading: stack2.conv_layer.norm.weight -> torch.Size([16])
  ✅ Loading: stack2.conv_layer.norm.bias -> torch.Size([16])
  ✅ Loading: stack2.conv_layer.norm.running_mean -> torch.Size([16])
  ✅ Loading: stack2.conv_layer.norm.running_var -> torch.Size([16])
  ✅ Loading: stack2.conv_layer.norm.num_batches_tracked -> torch.Size([])
  ✅ Loading: stack2.out.weight -> torch.Size([4, 16])
  ✅ Loading: stack2.out.bias -> torch.Size([4])
🔧 Loading 43 encoder components into fine-tuning model...
⚠️  Missing keys (newly initialized): ['subject_discriminator.classifier.0.weight', 'subject_discriminator.classifier.0.bias', 'subject_discriminator.classifier.3.weight', 'subject_discriminator.classifier.3.bias', 'subject_discriminator.classifier.6.weight', 'subject_discriminator.classifier.6.bias', 'ssl_decoder.feature_expand.0.weight', 'ssl_decoder.feature_expand.0.bias', 'ssl_decoder.feature_expand.3.weight', 'ssl_decoder.feature_expand.3.bias', 'ssl_decoder.feature_expand.6.weight', 'ssl_decoder.feature_expand.6.bias', 'ssl_decoder.temporal_conv1.0.weight', 'ssl_decoder.temporal_conv1.0.bias', 'ssl_decoder.temporal_conv1.1.weight', 'ssl_decoder.temporal_conv1.1.bias', 'ssl_decoder.temporal_conv1.1.running_mean', 'ssl_decoder.temporal_conv1.1.running_var', 'ssl_decoder.temporal_conv2.0.weight', 'ssl_decoder.temporal_conv2.0.bias', 'ssl_decoder.temporal_conv2.1.weight', 'ssl_decoder.temporal_conv2.1.bias', 'ssl_decoder.temporal_conv2.1.running_mean', 'ssl_decoder.temporal_conv2.1.running_var', 'ssl_decoder.final_conv.weight', 'ssl_decoder.final_conv.bias', 'out.weight', 'out.bias']
✅ Successfully loaded SSL pre-trained weights!
🎯 SSL decoder removed, feature classifier ready for fine-tuning
==================================================
Starting Fine-tuning
==================================================
=================================================================
Layer (type:depth-idx)                   Param #
=================================================================
DARNet                                   --
├─GradientReversalLayer: 1-1             --
├─SubjectDiscriminator: 1-2              --
│    └─Sequential: 2-1                   --
│    │    └─Linear: 3-1                  2,304
│    │    └─ReLU: 3-2                    --
│    │    └─Dropout: 3-3                 --
│    │    └─Linear: 3-4                  32,896
│    │    └─ReLU: 3-5                    --
│    │    └─Dropout: 3-6                 --
│    │    └─Linear: 3-7                  3,870
├─TokenEmbeddingOriginal: 1-3            --
│    └─Sequential: 2-2                   --
│    │    └─Conv2d: 3-8                  576
│    │    └─BatchNorm2d: 3-9             128
│    │    └─GELU: 3-10                   --
│    └─Sequential: 2-3                   --
│    │    └─Conv2d: 3-11                 32,784
│    │    └─BatchNorm2d: 3-12            32
│    │    └─GELU: 3-13                   --
│    └─PositionalEmbedding: 2-4          --
├─EEGFullDARNetDecoder: 1-4              --
│    └─Sequential: 2-5                   --
│    │    └─Linear: 3-14                 2,304
│    │    └─ReLU: 3-15                   --
│    │    └─Dropout: 3-16                --
│    │    └─Linear: 3-17                 131,584
│    │    └─ReLU: 3-18                   --
│    │    └─Dropout: 3-19                --
│    │    └─Linear: 3-20                 4,202,496
│    └─Sequential: 2-6                   --
│    │    └─Conv1d: 3-21                 24,704
│    │    └─BatchNorm1d: 3-22            256
│    │    └─ReLU: 3-23                   --
│    │    └─Dropout: 3-24                --
│    └─Sequential: 2-7                   --
│    │    └─Conv1d: 3-25                 24,640
│    │    └─BatchNorm1d: 3-26            128
│    │    └─ReLU: 3-27                   --
│    │    └─Dropout: 3-28                --
│    └─Conv1d: 2-8                       2,080
├─Flatten: 1-5                           --
├─Linear: 1-6                            18
├─AttnRefine: 1-7                        --
│    └─MyAttention: 2-9                  --
│    │    └─Attention: 3-29              800
│    └─Refine: 2-10                      --
│    │    └─Conv1d: 3-30                 784
│    │    └─BatchNorm1d: 3-31            32
│    │    └─ELU: 3-32                    --
│    │    └─MaxPool1d: 3-33              --
│    └─AdaptiveAvgPool1d: 2-11           --
│    └─Linear: 2-12                      68
│    └─Flatten: 2-13                     --
├─AttnRefine: 1-8                        --
│    └─MyAttention: 2-14                 --
│    │    └─Attention: 3-34              800
│    └─Refine: 2-15                      --
│    │    └─Conv1d: 3-35                 784
│    │    └─BatchNorm1d: 3-36            32
│    │    └─ELU: 3-37                    --
│    │    └─MaxPool1d: 3-38              --
│    └─AdaptiveAvgPool1d: 2-16           --
│    └─Linear: 2-17                      68
│    └─Flatten: 2-18                     --
=================================================================
Total params: 4,464,168
Trainable params: 4,464,168
Non-trainable params: 0
=================================================================
TestSub: S[6, 7, 8, 9, 10] Epoch  1 Finsh | Now_lr 0.0005/0.0005 | Lambda 0.0075 | Train Loss 0.5344 | Domain Loss 3.1349 | Valid Loss 1.3696 | Train Acc 69.5398| Valid Acc 51.2464
Validation acc increase (0.000000 --> 51.246352) in epoch (1).  Saving model ...
TestSub: S[6, 7, 8, 9, 10] Epoch  2 Finsh | Now_lr 0.0005/0.0005 | Lambda 0.0150 | Train Loss 0.3221 | Domain Loss 3.0541 | Valid Loss 1.9611 | Train Acc 85.3174| Valid Acc 49.5927
TestSub: S[6, 7, 8, 9, 10] Epoch  3 Finsh | Now_lr 0.0005/0.0005 | Lambda 0.0223 | Train Loss 0.2141 | Domain Loss 3.0781 | Valid Loss 2.3550 | Train Acc 91.0779| Valid Acc 49.9088
TestSub: S[6, 7, 8, 9, 10] Epoch  4 Finsh | Now_lr 0.0005/0.0005 | Lambda 0.0296 | Train Loss 0.1591 | Domain Loss 3.0964 | Valid Loss 2.6428 | Train Acc 93.7129| Valid Acc 47.6866
TestSub: S[6, 7, 8, 9, 10] Epoch  5 Finsh | Now_lr 0.0005/0.0005 | Lambda 0.0367 | Train Loss 0.1306 | Domain Loss 3.1138 | Valid Loss 2.6979 | Train Acc 94.9076| Valid Acc 47.7322
TestSub: S[6, 7, 8, 9, 10] Epoch  6 Finsh | Now_lr 0.0005/0.0005 | Lambda 0.0437 | Train Loss 0.1109 | Domain Loss 3.1234 | Valid Loss 2.7169 | Train Acc 95.7320| Valid Acc 47.7414
TestSub: S[6, 7, 8, 9, 10] Epoch  7 Finsh | Now_lr 0.0005/0.0005 | Lambda 0.0505 | Train Loss 0.0951 | Domain Loss 3.1282 | Valid Loss 2.8501 | Train Acc 96.4482| Valid Acc 47.4708
TestSub: S[6, 7, 8, 9, 10] Epoch  8 Finsh | Now_lr 0.0005/0.0005 | Lambda 0.0570 | Train Loss 0.0855 | Domain Loss 3.1413 | Valid Loss 2.7491 | Train Acc 96.8075| Valid Acc 48.5682
TestSub: S[6, 7, 8, 9, 10] Epoch  9 Finsh | Now_lr 0.0005/0.0005 | Lambda 0.0633 | Train Loss 0.0751 | Domain Loss 3.1297 | Valid Loss 2.9041 | Train Acc 97.2495| Valid Acc 48.9634
TestSub: S[6, 7, 8, 9, 10] Epoch 10 Finsh | Now_lr 0.0005/0.0005 | Lambda 0.0693 | Train Loss 0.0688 | Domain Loss 3.1311 | Valid Loss 3.0401 | Train Acc 97.4970| Valid Acc 47.7657
TestSub: S[6, 7, 8, 9, 10] Epoch 11 Finsh | Now_lr 0.0005/0.0005 | Lambda 0.0751 | Train Loss 0.0609 | Domain Loss 3.1336 | Valid Loss 3.2599 | Train Acc 97.8131| Valid Acc 48.3615
TestSub: S[6, 7, 8, 9, 10] Epoch 12 Finsh | Now_lr 0.0005/0.0005 | Lambda 0.0806 | Train Loss 0.0560 | Domain Loss 3.1506 | Valid Loss 3.0535 | Train Acc 97.9493| Valid Acc 49.1975
TestSub: S[6, 7, 8, 9, 10] Epoch 13 Finsh | Now_lr 0.0005/0.0005 | Lambda 0.0858 | Train Loss 0.0512 | Domain Loss 3.1691 | Valid Loss 3.2924 | Train Acc 98.2132| Valid Acc 48.7384
TestSub: S[6, 7, 8, 9, 10] Epoch 14 Finsh | Now_lr 0.0005/0.0005 | Lambda 0.0907 | Train Loss 0.0470 | Domain Loss 3.1778 | Valid Loss 3.3183 | Train Acc 98.3414| Valid Acc 49.7234
TestSub: S[6, 7, 8, 9, 10] Epoch 15 Finsh | Now_lr 0.0005/0.0005 | Lambda 0.0953 | Train Loss 0.0455 | Domain Loss 3.1743 | Valid Loss 3.1684 | Train Acc 98.3840| Valid Acc 50.0122
TestSub: S[6, 7, 8, 9, 10] Epoch 16 Finsh | Now_lr 0.0005/0.0005 | Lambda 0.0996 | Train Loss 0.0431 | Domain Loss 3.1633 | Valid Loss 3.2498 | Train Acc 98.5092| Valid Acc 50.5928
TestSub: S[6, 7, 8, 9, 10] Epoch 17 Finsh | Now_lr 0.0005/0.0005 | Lambda 0.1037 | Train Loss 0.0399 | Domain Loss 3.1594 | Valid Loss 3.3263 | Train Acc 98.6029| Valid Acc 51.1916
TestSub: S[6, 7, 8, 9, 10] Epoch 18 Finsh | Now_lr 0.0005/0.0005 | Lambda 0.1074 | Train Loss 0.0371 | Domain Loss 3.1494 | Valid Loss 3.4228 | Train Acc 98.7093| Valid Acc 51.9911
Validation acc increase (51.246352 --> 51.991124) in epoch (18).  Saving model ...
TestSub: S[6, 7, 8, 9, 10] Epoch 19 Finsh | Now_lr 0.0005/0.0005 | Lambda 0.1110 | Train Loss 0.0358 | Domain Loss 3.1605 | Valid Loss 3.4663 | Train Acc 98.7506| Valid Acc 48.8722
TestSub: S[6, 7, 8, 9, 10] Epoch 20 Finsh | Now_lr 0.0005/0.0005 | Lambda 0.1142 | Train Loss 0.0339 | Domain Loss 3.1661 | Valid Loss 3.5528 | Train Acc 98.8278| Valid Acc 49.9331
TestSub: S[6, 7, 8, 9, 10] Epoch 21 Finsh | Now_lr 0.0005/0.0005 | Lambda 0.1173 | Train Loss 0.0325 | Domain Loss 3.1651 | Valid Loss 3.5864 | Train Acc 98.8588| Valid Acc 50.0547
TestSub: S[6, 7, 8, 9, 10] Epoch 22 Finsh | Now_lr 0.0005/0.0005 | Lambda 0.1201 | Train Loss 0.0317 | Domain Loss 3.1711 | Valid Loss 3.4195 | Train Acc 98.9105| Valid Acc 49.9878
TestSub: S[6, 7, 8, 9, 10] Epoch 23 Finsh | Now_lr 0.0005/0.0005 | Lambda 0.1227 | Train Loss 0.0297 | Domain Loss 3.1684 | Valid Loss 3.5441 | Train Acc 98.9920| Valid Acc 51.6567
TestSub: S[6, 7, 8, 9, 10] Epoch 24 Finsh | Now_lr 0.0005/0.0005 | Lambda 0.1250 | Train Loss 0.0286 | Domain Loss 3.1700 | Valid Loss 3.4429 | Train Acc 99.0266| Valid Acc 50.8451
TestSub: S[6, 7, 8, 9, 10] Epoch 25 Finsh | Now_lr 0.0005/0.0005 | Lambda 0.1272 | Train Loss 0.0267 | Domain Loss 3.1929 | Valid Loss 3.5983 | Train Acc 99.0388| Valid Acc 51.7175
TestSub: S[6, 7, 8, 9, 10] Epoch 26 Finsh | Now_lr 0.0005/0.0005 | Lambda 0.1293 | Train Loss 0.0260 | Domain Loss 3.1995 | Valid Loss 3.4564 | Train Acc 99.1245| Valid Acc 51.9212
TestSub: S[6, 7, 8, 9, 10] Epoch 27 Finsh | Now_lr 0.0005/0.0005 | Lambda 0.1311 | Train Loss 0.0254 | Domain Loss 3.2015 | Valid Loss 3.3596 | Train Acc 99.1409| Valid Acc 51.9668
TestSub: S[6, 7, 8, 9, 10] Epoch 28 Finsh | Now_lr 0.0005/0.0005 | Lambda 0.1328 | Train Loss 0.0242 | Domain Loss 3.1997 | Valid Loss 3.2593 | Train Acc 99.1719| Valid Acc 53.3196
Validation acc increase (51.991124 --> 53.319553) in epoch (28).  Saving model ...
TestSub: S[6, 7, 8, 9, 10] Epoch 29 Finsh | Now_lr 0.0005/0.0005 | Lambda 0.1344 | Train Loss 0.0245 | Domain Loss 3.1999 | Valid Loss 3.1106 | Train Acc 99.1756| Valid Acc 53.1736
TestSub: S[6, 7, 8, 9, 10] Epoch 30 Finsh | Now_lr 0.0005/0.0005 | Lambda 0.1358 | Train Loss 0.0225 | Domain Loss 3.2011 | Valid Loss 3.4933 | Train Acc 99.2254| Valid Acc 52.6873
TestSub: S[6, 7, 8, 9, 10] Epoch 31 Finsh | Now_lr 0.0005/0.0005 | Lambda 0.1371 | Train Loss 0.0218 | Domain Loss 3.2043 | Valid Loss 3.4384 | Train Acc 99.2625| Valid Acc 51.3588
TestSub: S[6, 7, 8, 9, 10] Epoch 32 Finsh | Now_lr 0.0005/0.0005 | Lambda 0.1383 | Train Loss 0.0213 | Domain Loss 3.2034 | Valid Loss 3.3591 | Train Acc 99.2747| Valid Acc 51.7935
TestSub: S[6, 7, 8, 9, 10] Epoch 33 Finsh | Now_lr 0.0005/0.0005 | Lambda 0.1393 | Train Loss 0.0202 | Domain Loss 3.2070 | Valid Loss 3.5550 | Train Acc 99.3288| Valid Acc 50.8907
TestSub: S[6, 7, 8, 9, 10] Epoch 34 Finsh | Now_lr 0.0005/0.0005 | Lambda 0.1403 | Train Loss 0.0188 | Domain Loss 3.2090 | Valid Loss 3.6046 | Train Acc 99.3677| Valid Acc 52.2374
TestSub: S[6, 7, 8, 9, 10] Epoch 35 Finsh | Now_lr 0.0005/0.0005 | Lambda 0.1412 | Train Loss 0.0199 | Domain Loss 3.2066 | Valid Loss 3.4000 | Train Acc 99.3215| Valid Acc 53.3044
TestSub: S[6, 7, 8, 9, 10] Epoch 36 Finsh | Now_lr 0.0005/0.0005 | Lambda 0.1420 | Train Loss 0.0179 | Domain Loss 3.2071 | Valid Loss 3.2406 | Train Acc 99.3920| Valid Acc 52.9821
TestSub: S[6, 7, 8, 9, 10] Epoch 37 Finsh | Now_lr 0.0005/0.0005 | Lambda 0.1428 | Train Loss 0.0187 | Domain Loss 3.2072 | Valid Loss 3.3641 | Train Acc 99.3945| Valid Acc 52.3255
TestSub: S[6, 7, 8, 9, 10] Epoch 38 Finsh | Now_lr 0.0005/0.0005 | Lambda 0.1434 | Train Loss 0.0184 | Domain Loss 3.2064 | Valid Loss 3.6140 | Train Acc 99.3793| Valid Acc 52.0671
TestSub: S[6, 7, 8, 9, 10] Epoch 39 Finsh | Now_lr 0.0005/0.0005 | Lambda 0.1440 | Train Loss 0.0178 | Domain Loss 3.2069 | Valid Loss 3.5134 | Train Acc 99.4011| Valid Acc 51.6963
TestSub: S[6, 7, 8, 9, 10] Epoch 40 Finsh | Now_lr 0.0005/0.0005 | Lambda 0.1446 | Train Loss 0.0167 | Domain Loss 3.2070 | Valid Loss 3.5282 | Train Acc 99.4267| Valid Acc 51.9607
TestSub: S[6, 7, 8, 9, 10] Epoch 41 Finsh | Now_lr 0.0005/0.0005 | Lambda 0.1451 | Train Loss 0.0164 | Domain Loss 3.2087 | Valid Loss 3.4419 | Train Acc 99.4388| Valid Acc 52.3681
TestSub: S[6, 7, 8, 9, 10] Epoch 42 Finsh | Now_lr 0.0005/0.0005 | Lambda 0.1456 | Train Loss 0.0163 | Domain Loss 3.2087 | Valid Loss 3.2846 | Train Acc 99.4583| Valid Acc 52.1279
TestSub: S[6, 7, 8, 9, 10] Epoch 43 Finsh | Now_lr 0.0005/0.0005 | Lambda 0.1460 | Train Loss 0.0151 | Domain Loss 3.2095 | Valid Loss 3.7049 | Train Acc 99.4929| Valid Acc 52.0732
TestSub: S[6, 7, 8, 9, 10] Epoch 44 Finsh | Now_lr 0.0005/0.0005 | Lambda 0.1464 | Train Loss 0.0153 | Domain Loss 3.2095 | Valid Loss 3.4752 | Train Acc 99.4936| Valid Acc 53.1341
TestSub: S[6, 7, 8, 9, 10] Epoch 45 Finsh | Now_lr 0.0005/0.0005 | Lambda 0.1467 | Train Loss 0.0148 | Domain Loss 3.2097 | Valid Loss 3.6050 | Train Acc 99.5015| Valid Acc 52.3985
TestSub: S[6, 7, 8, 9, 10] Epoch 46 Finsh | Now_lr 0.0005/0.0005 | Lambda 0.1470 | Train Loss 0.0147 | Domain Loss 3.2108 | Valid Loss 3.3561 | Train Acc 99.5075| Valid Acc 50.3769
TestSub: S[6, 7, 8, 9, 10] Epoch 47 Finsh | Now_lr 0.0005/0.0005 | Lambda 0.1473 | Train Loss 0.0137 | Domain Loss 3.2102 | Valid Loss 3.7053 | Train Acc 99.5458| Valid Acc 52.4289
TestSub: S[6, 7, 8, 9, 10] Epoch 48 Finsh | Now_lr 0.0005/0.0005 | Lambda 0.1476 | Train Loss 0.0152 | Domain Loss 3.2110 | Valid Loss 3.5302 | Train Acc 99.5094| Valid Acc 51.7966
TestSub: S[6, 7, 8, 9, 10] Epoch 49 Finsh | Now_lr 0.0005/0.0005 | Lambda 0.1478 | Train Loss 0.0136 | Domain Loss 3.2108 | Valid Loss 3.6245 | Train Acc 99.5452| Valid Acc 51.5838
TestSub: S[6, 7, 8, 9, 10] Epoch 50 Finsh | Now_lr 0.0005/0.0005 | Lambda 0.1480 | Train Loss 0.0138 | Domain Loss 3.2109 | Valid Loss 3.5578 | Train Acc 99.5489| Valid Acc 53.4259
Validation acc increase (53.319553 --> 53.425948) in epoch (50).  Saving model ...
TestSub: S[6, 7, 8, 9, 10] Epoch 51 Finsh | Now_lr 0.0005/0.0005 | Lambda 0.1482 | Train Loss 0.0131 | Domain Loss 3.2122 | Valid Loss 3.5800 | Train Acc 99.5647| Valid Acc 51.6567
TestSub: S[6, 7, 8, 9, 10] Epoch 52 Finsh | Now_lr 0.0005/0.0005 | Lambda 0.1484 | Train Loss 0.0131 | Domain Loss 3.2129 | Valid Loss 3.6599 | Train Acc 99.5647| Valid Acc 52.3194
TestSub: S[6, 7, 8, 9, 10] Epoch 53 Finsh | Now_lr 0.0005/0.0005 | Lambda 0.1485 | Train Loss 0.0129 | Domain Loss 3.2120 | Valid Loss 3.4106 | Train Acc 99.5775| Valid Acc 52.6386
TestSub: S[6, 7, 8, 9, 10] Epoch 54 Finsh | Now_lr 0.0005/0.0005 | Lambda 0.1487 | Train Loss 0.0126 | Domain Loss 3.2120 | Valid Loss 3.5032 | Train Acc 99.5823| Valid Acc 53.4989
Validation acc increase (53.425948 --> 53.498906) in epoch (54).  Saving model ...
TestSub: S[6, 7, 8, 9, 10] Epoch 55 Finsh | Now_lr 0.0005/0.0005 | Lambda 0.1488 | Train Loss 0.0126 | Domain Loss 3.2131 | Valid Loss 3.5845 | Train Acc 99.5677| Valid Acc 52.6690
TestSub: S[6, 7, 8, 9, 10] Epoch 56 Finsh | Now_lr 0.0005/0.0005 | Lambda 0.1489 | Train Loss 0.0129 | Domain Loss 3.2123 | Valid Loss 3.5010 | Train Acc 99.5945| Valid Acc 51.8179
TestSub: S[6, 7, 8, 9, 10] Epoch 57 Finsh | Now_lr 0.0005/0.0005 | Lambda 0.1490 | Train Loss 0.0126 | Domain Loss 3.2121 | Valid Loss 3.5910 | Train Acc 99.5744| Valid Acc 51.9516
TestSub: S[6, 7, 8, 9, 10] Epoch 58 Finsh | Now_lr 0.0005/0.0005 | Lambda 0.1491 | Train Loss 0.0123 | Domain Loss 3.2133 | Valid Loss 3.4086 | Train Acc 99.6164| Valid Acc 51.8604
TestSub: S[6, 7, 8, 9, 10] Epoch 59 Finsh | Now_lr 0.0005/0.0005 | Lambda 0.1492 | Train Loss 0.0120 | Domain Loss 3.2119 | Valid Loss 3.5359 | Train Acc 99.6006| Valid Acc 52.2374
TestSub: S[6, 7, 8, 9, 10] Epoch 60 Finsh | Now_lr 0.0005/0.0005 | Lambda 0.1493 | Train Loss 0.0113 | Domain Loss 3.2121 | Valid Loss 3.5568 | Train Acc 99.6036| Valid Acc 51.8574
TestSub: S[6, 7, 8, 9, 10] Epoch 61 Finsh | Now_lr 0.0005/0.0005 | Lambda 0.1493 | Train Loss 0.0110 | Domain Loss 3.2131 | Valid Loss 3.7198 | Train Acc 99.6291| Valid Acc 52.2404
TestSub: S[6, 7, 8, 9, 10] Epoch 62 Finsh | Now_lr 0.0005/0.0005 | Lambda 0.1494 | Train Loss 0.0113 | Domain Loss 3.2124 | Valid Loss 4.0366 | Train Acc 99.6194| Valid Acc 51.7358
TestSub: S[6, 7, 8, 9, 10] Epoch 63 Finsh | Now_lr 0.0005/0.0005 | Lambda 0.1495 | Train Loss 0.0109 | Domain Loss 3.2119 | Valid Loss 3.6242 | Train Acc 99.6601| Valid Acc 52.2890
TestSub: S[6, 7, 8, 9, 10] Epoch 64 Finsh | Now_lr 0.0005/0.0005 | Lambda 0.1495 | Train Loss 0.0102 | Domain Loss 3.2136 | Valid Loss 3.8127 | Train Acc 99.6668| Valid Acc 51.5716
TestSub: S[6, 7, 8, 9, 10] Epoch 65 Finsh | Now_lr 0.0005/0.0005 | Lambda 0.1495 | Train Loss 0.0120 | Domain Loss 3.2134 | Valid Loss 3.2538 | Train Acc 99.6103| Valid Acc 52.1614
TestSub: S[6, 7, 8, 9, 10] Epoch 66 Finsh | Now_lr 0.0005/0.0005 | Lambda 0.1496 | Train Loss 0.0099 | Domain Loss 3.2131 | Valid Loss 3.8390 | Train Acc 99.6638| Valid Acc 51.3193
TestSub: S[6, 7, 8, 9, 10] Epoch 67 Finsh | Now_lr 0.0005/0.0005 | Lambda 0.1496 | Train Loss 0.0108 | Domain Loss 3.2136 | Valid Loss 3.7347 | Train Acc 99.6620| Valid Acc 51.5351
TestSub: S[6, 7, 8, 9, 10] Epoch 68 Finsh | Now_lr 0.0005/0.0005 | Lambda 0.1497 | Train Loss 0.0106 | Domain Loss 3.2139 | Valid Loss 3.6617 | Train Acc 99.6370| Valid Acc 52.6508
TestSub: S[6, 7, 8, 9, 10] Epoch 69 Finsh | Now_lr 0.0005/0.0005 | Lambda 0.1497 | Train Loss 0.0101 | Domain Loss 3.2140 | Valid Loss 3.7352 | Train Acc 99.6650| Valid Acc 53.0460
TestSub: S[6, 7, 8, 9, 10] Epoch 70 Finsh | Now_lr 0.0005/0.0005 | Lambda 0.1497 | Train Loss 0.0101 | Domain Loss 3.2146 | Valid Loss 3.8193 | Train Acc 99.6687| Valid Acc 52.6173
TestSub: S[6, 7, 8, 9, 10] Epoch 71 Finsh | Now_lr 0.0005/0.0005 | Lambda 0.1498 | Train Loss 0.0095 | Domain Loss 3.2138 | Valid Loss 3.6261 | Train Acc 99.6954| Valid Acc 53.4047
TestSub: S[6, 7, 8, 9, 10] Epoch 72 Finsh | Now_lr 0.0005/0.0005 | Lambda 0.1498 | Train Loss 0.0094 | Domain Loss 3.2139 | Valid Loss 3.8560 | Train Acc 99.6918| Valid Acc 53.4807
TestSub: S[6, 7, 8, 9, 10] Epoch 73 Finsh | Now_lr 0.0005/0.0005 | Lambda 0.1498 | Train Loss 0.0096 | Domain Loss 3.2142 | Valid Loss 3.7431 | Train Acc 99.6984| Valid Acc 53.5931
Validation acc increase (53.498906 --> 53.593142) in epoch (73).  Saving model ...
TestSub: S[6, 7, 8, 9, 10] Epoch 74 Finsh | Now_lr 0.0005/0.0005 | Lambda 0.1498 | Train Loss 0.0091 | Domain Loss 3.2137 | Valid Loss 3.8833 | Train Acc 99.7021| Valid Acc 54.2619
Validation acc increase (53.593142 --> 54.261916) in epoch (74).  Saving model ...
TestSub: S[6, 7, 8, 9, 10] Epoch 75 Finsh | Now_lr 0.0005/0.0005 | Lambda 0.1498 | Train Loss 0.0096 | Domain Loss 3.2145 | Valid Loss 3.9431 | Train Acc 99.6991| Valid Acc 53.0520
TestSub: S[6, 7, 8, 9, 10] Epoch 76 Finsh | Now_lr 0.0005/0.0005 | Lambda 0.1498 | Train Loss 0.0095 | Domain Loss 3.2150 | Valid Loss 3.5896 | Train Acc 99.6948| Valid Acc 52.4137
TestSub: S[6, 7, 8, 9, 10] Epoch 77 Finsh | Now_lr 0.0005/0.0005 | Lambda 0.1499 | Train Loss 0.0092 | Domain Loss 3.2143 | Valid Loss 3.6960 | Train Acc 99.7088| Valid Acc 53.1493
TestSub: S[6, 7, 8, 9, 10] Epoch 78 Finsh | Now_lr 0.0005/0.0005 | Lambda 0.1499 | Train Loss 0.0087 | Domain Loss 3.2143 | Valid Loss 3.8427 | Train Acc 99.7313| Valid Acc 53.0520
TestSub: S[6, 7, 8, 9, 10] Epoch 79 Finsh | Now_lr 0.0005/0.0005 | Lambda 0.1499 | Train Loss 0.0095 | Domain Loss 3.2147 | Valid Loss 3.8158 | Train Acc 99.6766| Valid Acc 53.2101
TestSub: S[6, 7, 8, 9, 10] Epoch 80 Finsh | Now_lr 0.0005/0.0005 | Lambda 0.1499 | Train Loss 0.0088 | Domain Loss 3.2143 | Valid Loss 3.8402 | Train Acc 99.7027| Valid Acc 53.0034
TestSub: S[6, 7, 8, 9, 10] Epoch 81 Finsh | Now_lr 0.0005/0.0005 | Lambda 0.1499 | Train Loss 0.0086 | Domain Loss 3.2148 | Valid Loss 3.6671 | Train Acc 99.7270| Valid Acc 52.5869
TestSub: S[6, 7, 8, 9, 10] Epoch 82 Finsh | Now_lr 0.0005/0.0005 | Lambda 0.1499 | Train Loss 0.0082 | Domain Loss 3.2153 | Valid Loss 3.9468 | Train Acc 99.7288| Valid Acc 53.1402
TestSub: S[6, 7, 8, 9, 10] Epoch 83 Finsh | Now_lr 0.0005/0.0005 | Lambda 0.1499 | Train Loss 0.0084 | Domain Loss 3.2146 | Valid Loss 3.5079 | Train Acc 99.7264| Valid Acc 52.6964
TestSub: S[6, 7, 8, 9, 10] Epoch 84 Finsh | Now_lr 0.0005/0.0005 | Lambda 0.1499 | Train Loss 0.0086 | Domain Loss 3.2142 | Valid Loss 3.8422 | Train Acc 99.7234| Valid Acc 53.1645
TestSub: S[6, 7, 8, 9, 10] Epoch 85 Finsh | Now_lr 0.0005/0.0005 | Lambda 0.1499 | Train Loss 0.0083 | Domain Loss 3.2155 | Valid Loss 4.0185 | Train Acc 99.7422| Valid Acc 53.4624
TestSub: S[6, 7, 8, 9, 10] Epoch 86 Finsh | Now_lr 0.0005/0.0005 | Lambda 0.1499 | Train Loss 0.0077 | Domain Loss 3.2147 | Valid Loss 3.8003 | Train Acc 99.7392| Valid Acc 52.3711
TestSub: S[6, 7, 8, 9, 10] Epoch 87 Finsh | Now_lr 0.0005/0.0005 | Lambda 0.1500 | Train Loss 0.0073 | Domain Loss 3.2164 | Valid Loss 3.9107 | Train Acc 99.7647| Valid Acc 54.1008
TestSub: S[6, 7, 8, 9, 10] Epoch 88 Finsh | Now_lr 0.0005/0.0005 | Lambda 0.1500 | Train Loss 0.0087 | Domain Loss 3.2158 | Valid Loss 4.0467 | Train Acc 99.7167| Valid Acc 53.4016
TestSub: S[6, 7, 8, 9, 10] Epoch 89 Finsh | Now_lr 0.0005/0.0005 | Lambda 0.1500 | Train Loss 0.0073 | Domain Loss 3.2161 | Valid Loss 4.0061 | Train Acc 99.7708| Valid Acc 52.6721
TestSub: S[6, 7, 8, 9, 10] Epoch 90 Finsh | Now_lr 0.0005/0.0005 | Lambda 0.1500 | Train Loss 0.0074 | Domain Loss 3.2156 | Valid Loss 4.1203 | Train Acc 99.7671| Valid Acc 52.5748
TestSub: S[6, 7, 8, 9, 10] Epoch 91 Finsh | Now_lr 0.0005/0.0005 | Lambda 0.1500 | Train Loss 0.0077 | Domain Loss 3.2159 | Valid Loss 3.8976 | Train Acc 99.7641| Valid Acc 53.0460
TestSub: S[6, 7, 8, 9, 10] Epoch 92 Finsh | Now_lr 0.0005/0.0005 | Lambda 0.1500 | Train Loss 0.0076 | Domain Loss 3.2161 | Valid Loss 3.9830 | Train Acc 99.7526| Valid Acc 51.8999
TestSub: S[6, 7, 8, 9, 10] Epoch 93 Finsh | Now_lr 0.0005/0.0005 | Lambda 0.1500 | Train Loss 0.0074 | Domain Loss 3.2159 | Valid Loss 3.7840 | Train Acc 99.7586| Valid Acc 52.6021
TestSub: S[6, 7, 8, 9, 10] Epoch 94 Finsh | Now_lr 0.0005/0.0005 | Lambda 0.1500 | Train Loss 0.0081 | Domain Loss 3.2161 | Valid Loss 3.6303 | Train Acc 99.7380| Valid Acc 52.9821
TestSub: S[6, 7, 8, 9, 10] Epoch 95 Finsh | Now_lr 0.0005/0.0005 | Lambda 0.1500 | Train Loss 0.0071 | Domain Loss 3.2166 | Valid Loss 3.8003 | Train Acc 99.7744| Valid Acc 52.8848
TestSub: S[6, 7, 8, 9, 10] Epoch 96 Finsh | Now_lr 0.0005/0.0005 | Lambda 0.1500 | Train Loss 0.0073 | Domain Loss 3.2166 | Valid Loss 4.1144 | Train Acc 99.7611| Valid Acc 52.7663
TestSub: S[6, 7, 8, 9, 10] Epoch 97 Finsh | Now_lr 0.0005/0.0005 | Lambda 0.1500 | Train Loss 0.0070 | Domain Loss 3.2159 | Valid Loss 3.8744 | Train Acc 99.7836| Valid Acc 50.6384
TestSub: S[6, 7, 8, 9, 10] Epoch 98 Finsh | Now_lr 0.0005/0.0005 | Lambda 0.1500 | Train Loss 0.0067 | Domain Loss 3.2161 | Valid Loss 4.0740 | Train Acc 99.7878| Valid Acc 53.8059
TestSub: S[6, 7, 8, 9, 10] Epoch 99 Finsh | Now_lr 0.0005/0.0005 | Lambda 0.1500 | Train Loss 0.0068 | Domain Loss 3.2156 | Valid Loss 3.7250 | Train Acc 99.7671| Valid Acc 51.9242
TestSub: S[6, 7, 8, 9, 10] Epoch 100 Finsh | Now_lr 0.0005/0.0005 | Lambda 0.1500 | Train Loss 0.0068 | Domain Loss 3.2163 | Valid Loss 4.0826 | Train Acc 99.7866| Valid Acc 53.3682
--------------------------------------------------
Test_Subject :S[6, 7, 8, 9, 10] |Best epoch:74 | Test Loss:3.8833 | Best Acc 54.2619 | Savemodel Acc 54.2619
--------------------------------------------------

========== Fold 3 ==========
Train IDs: [1, 2, 3, 4, 5, 6, 7, 8, 9, 10, 16, 17, 18, 19, 20, 21, 22, 23, 24, 25, 26, 27, 28, 29, 30]
Val IDs:   [11, 12, 13, 14, 15]
================================================================================
SSL PRE-TRAINING PHASE WITH DOMAIN ADVERSARIAL TRAINING
================================================================================
Loading SSL data with subject IDs for subjects: [1, 2, 3, 4, 5, 6, 7, 8, 9, 10, 16, 17, 18, 19, 20, 21, 22, 23, 24, 25, 26, 27, 28, 29, 30]
Loaded subject S1: (6580, 32, 128), Subject ID: 0
Loaded subject S2: (6580, 32, 128), Subject ID: 1
Loaded subject S3: (6580, 32, 128), Subject ID: 2
Loaded subject S4: (6580, 32, 128), Subject ID: 3
Loaded subject S5: (6580, 32, 128), Subject ID: 4
Loaded subject S6: (6580, 32, 128), Subject ID: 5
Loaded subject S7: (6580, 32, 128), Subject ID: 6
Loaded subject S8: (6580, 32, 128), Subject ID: 7
Loaded subject S9: (6580, 32, 128), Subject ID: 8
Loaded subject S10: (6580, 32, 128), Subject ID: 9
Loaded subject S16: (6580, 32, 128), Subject ID: 15
Loaded subject S17: (6580, 32, 128), Subject ID: 16
Loaded subject S18: (6580, 32, 128), Subject ID: 17
Loaded subject S19: (6580, 32, 128), Subject ID: 18
Loaded subject S20: (6580, 32, 128), Subject ID: 19
Loaded subject S21: (6580, 32, 128), Subject ID: 20
Loaded subject S22: (6580, 32, 128), Subject ID: 21
Loaded subject S23: (6580, 32, 128), Subject ID: 22
Loaded subject S24: (6580, 32, 128), Subject ID: 23
Loaded subject S25: (6580, 32, 128), Subject ID: 24
Loaded subject S26: (6580, 32, 128), Subject ID: 25
Loaded subject S27: (6580, 32, 128), Subject ID: 26
Loaded subject S28: (6580, 32, 128), Subject ID: 27
Loaded subject S29: (6580, 32, 128), Subject ID: 28
Loaded subject S30: (6580, 32, 128), Subject ID: 29
Total SSL data shape: (164500, 32, 128)
Total subject IDs: 164500
🏗️  SSL Model Architecture:
   - SSL Enabled: True
   - SSL Approach: full_darnet
   - Domain Adversarial: True
   - Training Mode: ssl
   - Decoder Type: EEGFullDARNetDecoder
   - Encoder parameters: 36,888
   - Decoder parameters: 4,388,192
   - Domain discriminator parameters: 39,070
   - Total parameters: 4,464,168
   - Decoder/Total ratio: 98.3%
==================================================
Starting SSL Pre-training with Domain Adversarial Training
==================================================
=================================================================
Layer (type:depth-idx)                   Param #
=================================================================
DARNet                                   --
├─GradientReversalLayer: 1-1             --
├─SubjectDiscriminator: 1-2              --
│    └─Sequential: 2-1                   --
│    │    └─Linear: 3-1                  2,304
│    │    └─ReLU: 3-2                    --
│    │    └─Dropout: 3-3                 --
│    │    └─Linear: 3-4                  32,896
│    │    └─ReLU: 3-5                    --
│    │    └─Dropout: 3-6                 --
│    │    └─Linear: 3-7                  3,870
├─TokenEmbeddingOriginal: 1-3            --
│    └─Sequential: 2-2                   --
│    │    └─Conv2d: 3-8                  576
│    │    └─BatchNorm2d: 3-9             128
│    │    └─GELU: 3-10                   --
│    └─Sequential: 2-3                   --
│    │    └─Conv2d: 3-11                 32,784
│    │    └─BatchNorm2d: 3-12            32
│    │    └─GELU: 3-13                   --
│    └─PositionalEmbedding: 2-4          --
├─EEGFullDARNetDecoder: 1-4              --
│    └─Sequential: 2-5                   --
│    │    └─Linear: 3-14                 2,304
│    │    └─ReLU: 3-15                   --
│    │    └─Dropout: 3-16                --
│    │    └─Linear: 3-17                 131,584
│    │    └─ReLU: 3-18                   --
│    │    └─Dropout: 3-19                --
│    │    └─Linear: 3-20                 4,202,496
│    └─Sequential: 2-6                   --
│    │    └─Conv1d: 3-21                 24,704
│    │    └─BatchNorm1d: 3-22            256
│    │    └─ReLU: 3-23                   --
│    │    └─Dropout: 3-24                --
│    └─Sequential: 2-7                   --
│    │    └─Conv1d: 3-25                 24,640
│    │    └─BatchNorm1d: 3-26            128
│    │    └─ReLU: 3-27                   --
│    │    └─Dropout: 3-28                --
│    └─Conv1d: 2-8                       2,080
├─Flatten: 1-5                           --
├─Linear: 1-6                            18
├─AttnRefine: 1-7                        --
│    └─MyAttention: 2-9                  --
│    │    └─Attention: 3-29              800
│    └─Refine: 2-10                      --
│    │    └─Conv1d: 3-30                 784
│    │    └─BatchNorm1d: 3-31            32
│    │    └─ELU: 3-32                    --
│    │    └─MaxPool1d: 3-33              --
│    └─AdaptiveAvgPool1d: 2-11           --
│    └─Linear: 2-12                      68
│    └─Flatten: 2-13                     --
├─AttnRefine: 1-8                        --
│    └─MyAttention: 2-14                 --
│    │    └─Attention: 3-34              800
│    └─Refine: 2-15                      --
│    │    └─Conv1d: 3-35                 784
│    │    └─BatchNorm1d: 3-36            32
│    │    └─ELU: 3-37                    --
│    │    └─MaxPool1d: 3-38              --
│    └─AdaptiveAvgPool1d: 2-16           --
│    └─Linear: 2-17                      68
│    └─Flatten: 2-18                     --
=================================================================
Total params: 4,464,168
Trainable params: 4,464,168
Non-trainable params: 0
=================================================================
SSL Epoch  1 | SSL Loss: 0.479884 | Domain Loss: 3.203203
SSL model saved at epoch 1 with loss 0.479884 to ./exps/cross-subject/DARNet_SSL_FullDARNet_Domain/ssl_models_task1_AAD_MM-AAD_ssl_domain_2025-10-17-11-10-28/ssl_best_model.pt
SSL model saved with loss 0.479884
SSL Epoch  2 | SSL Loss: 0.352943 | Domain Loss: 2.998656
SSL model saved at epoch 2 with loss 0.352943 to ./exps/cross-subject/DARNet_SSL_FullDARNet_Domain/ssl_models_task1_AAD_MM-AAD_ssl_domain_2025-10-17-11-10-28/ssl_best_model.pt
SSL model saved with loss 0.352943
SSL Epoch  3 | SSL Loss: 0.322064 | Domain Loss: 3.060301
SSL model saved at epoch 3 with loss 0.322064 to ./exps/cross-subject/DARNet_SSL_FullDARNet_Domain/ssl_models_task1_AAD_MM-AAD_ssl_domain_2025-10-17-11-10-28/ssl_best_model.pt
SSL model saved with loss 0.322064
SSL Epoch  4 | SSL Loss: 0.309614 | Domain Loss: 3.174144
SSL model saved at epoch 4 with loss 0.309614 to ./exps/cross-subject/DARNet_SSL_FullDARNet_Domain/ssl_models_task1_AAD_MM-AAD_ssl_domain_2025-10-17-11-10-28/ssl_best_model.pt
SSL model saved with loss 0.309614
SSL Epoch  5 | SSL Loss: 0.294434 | Domain Loss: 3.132373
SSL model saved at epoch 5 with loss 0.294434 to ./exps/cross-subject/DARNet_SSL_FullDARNet_Domain/ssl_models_task1_AAD_MM-AAD_ssl_domain_2025-10-17-11-10-28/ssl_best_model.pt
SSL model saved with loss 0.294434
SSL Epoch  6 | SSL Loss: 0.282478 | Domain Loss: 3.102082
SSL model saved at epoch 6 with loss 0.282478 to ./exps/cross-subject/DARNet_SSL_FullDARNet_Domain/ssl_models_task1_AAD_MM-AAD_ssl_domain_2025-10-17-11-10-28/ssl_best_model.pt
SSL model saved with loss 0.282478
SSL Epoch  7 | SSL Loss: 0.276204 | Domain Loss: 3.116951
SSL model saved at epoch 7 with loss 0.276204 to ./exps/cross-subject/DARNet_SSL_FullDARNet_Domain/ssl_models_task1_AAD_MM-AAD_ssl_domain_2025-10-17-11-10-28/ssl_best_model.pt
SSL model saved with loss 0.276204
SSL Epoch  8 | SSL Loss: 0.269951 | Domain Loss: 3.098464
SSL model saved at epoch 8 with loss 0.269951 to ./exps/cross-subject/DARNet_SSL_FullDARNet_Domain/ssl_models_task1_AAD_MM-AAD_ssl_domain_2025-10-17-11-10-28/ssl_best_model.pt
SSL model saved with loss 0.269951
SSL Epoch  9 | SSL Loss: 0.266474 | Domain Loss: 3.111285
SSL model saved at epoch 9 with loss 0.266474 to ./exps/cross-subject/DARNet_SSL_FullDARNet_Domain/ssl_models_task1_AAD_MM-AAD_ssl_domain_2025-10-17-11-10-28/ssl_best_model.pt
SSL model saved with loss 0.266474
SSL Epoch 10 | SSL Loss: 0.261169 | Domain Loss: 3.083361
SSL model saved at epoch 10 with loss 0.261169 to ./exps/cross-subject/DARNet_SSL_FullDARNet_Domain/ssl_models_task1_AAD_MM-AAD_ssl_domain_2025-10-17-11-10-28/ssl_best_model.pt
SSL model saved with loss 0.261169
SSL Epoch 11 | SSL Loss: 0.260656 | Domain Loss: 3.132919
SSL model saved at epoch 11 with loss 0.260656 to ./exps/cross-subject/DARNet_SSL_FullDARNet_Domain/ssl_models_task1_AAD_MM-AAD_ssl_domain_2025-10-17-11-10-28/ssl_best_model.pt
SSL model saved with loss 0.260656
SSL Epoch 12 | SSL Loss: 0.256524 | Domain Loss: 3.123391
SSL model saved at epoch 12 with loss 0.256524 to ./exps/cross-subject/DARNet_SSL_FullDARNet_Domain/ssl_models_task1_AAD_MM-AAD_ssl_domain_2025-10-17-11-10-28/ssl_best_model.pt
SSL model saved with loss 0.256524
SSL Epoch 13 | SSL Loss: 0.252681 | Domain Loss: 3.112939
SSL model saved at epoch 13 with loss 0.252681 to ./exps/cross-subject/DARNet_SSL_FullDARNet_Domain/ssl_models_task1_AAD_MM-AAD_ssl_domain_2025-10-17-11-10-28/ssl_best_model.pt
SSL model saved with loss 0.252681
SSL Epoch 14 | SSL Loss: 0.251798 | Domain Loss: 3.140394
SSL model saved at epoch 14 with loss 0.251798 to ./exps/cross-subject/DARNet_SSL_FullDARNet_Domain/ssl_models_task1_AAD_MM-AAD_ssl_domain_2025-10-17-11-10-28/ssl_best_model.pt
SSL model saved with loss 0.251798
SSL Epoch 15 | SSL Loss: 0.248942 | Domain Loss: 3.115046
SSL model saved at epoch 15 with loss 0.248942 to ./exps/cross-subject/DARNet_SSL_FullDARNet_Domain/ssl_models_task1_AAD_MM-AAD_ssl_domain_2025-10-17-11-10-28/ssl_best_model.pt
SSL model saved with loss 0.248942
SSL Epoch 16 | SSL Loss: 0.246653 | Domain Loss: 3.126374
SSL model saved at epoch 16 with loss 0.246653 to ./exps/cross-subject/DARNet_SSL_FullDARNet_Domain/ssl_models_task1_AAD_MM-AAD_ssl_domain_2025-10-17-11-10-28/ssl_best_model.pt
SSL model saved with loss 0.246653
SSL Epoch 17 | SSL Loss: 0.245436 | Domain Loss: 3.144819
SSL model saved at epoch 17 with loss 0.245436 to ./exps/cross-subject/DARNet_SSL_FullDARNet_Domain/ssl_models_task1_AAD_MM-AAD_ssl_domain_2025-10-17-11-10-28/ssl_best_model.pt
SSL model saved with loss 0.245436
SSL Epoch 18 | SSL Loss: 0.243443 | Domain Loss: 3.131024
SSL model saved at epoch 18 with loss 0.243443 to ./exps/cross-subject/DARNet_SSL_FullDARNet_Domain/ssl_models_task1_AAD_MM-AAD_ssl_domain_2025-10-17-11-10-28/ssl_best_model.pt
SSL model saved with loss 0.243443
SSL Epoch 19 | SSL Loss: 0.240605 | Domain Loss: 3.104799
SSL model saved at epoch 19 with loss 0.240605 to ./exps/cross-subject/DARNet_SSL_FullDARNet_Domain/ssl_models_task1_AAD_MM-AAD_ssl_domain_2025-10-17-11-10-28/ssl_best_model.pt
SSL model saved with loss 0.240605
SSL Epoch 20 | SSL Loss: 0.240837 | Domain Loss: 3.145248
SSL Epoch 21 | SSL Loss: 0.237968 | Domain Loss: 3.111632
SSL model saved at epoch 21 with loss 0.237968 to ./exps/cross-subject/DARNet_SSL_FullDARNet_Domain/ssl_models_task1_AAD_MM-AAD_ssl_domain_2025-10-17-11-10-28/ssl_best_model.pt
SSL model saved with loss 0.237968
SSL Epoch 22 | SSL Loss: 0.234798 | Domain Loss: 3.102434
SSL model saved at epoch 22 with loss 0.234798 to ./exps/cross-subject/DARNet_SSL_FullDARNet_Domain/ssl_models_task1_AAD_MM-AAD_ssl_domain_2025-10-17-11-10-28/ssl_best_model.pt
SSL model saved with loss 0.234798
SSL Epoch 23 | SSL Loss: 0.233003 | Domain Loss: 3.089093
SSL model saved at epoch 23 with loss 0.233003 to ./exps/cross-subject/DARNet_SSL_FullDARNet_Domain/ssl_models_task1_AAD_MM-AAD_ssl_domain_2025-10-17-11-10-28/ssl_best_model.pt
SSL model saved with loss 0.233003
SSL Epoch 24 | SSL Loss: 0.231773 | Domain Loss: 3.144810
SSL model saved at epoch 24 with loss 0.231773 to ./exps/cross-subject/DARNet_SSL_FullDARNet_Domain/ssl_models_task1_AAD_MM-AAD_ssl_domain_2025-10-17-11-10-28/ssl_best_model.pt
SSL model saved with loss 0.231773
SSL Epoch 25 | SSL Loss: 0.227121 | Domain Loss: 3.129486
SSL model saved at epoch 25 with loss 0.227121 to ./exps/cross-subject/DARNet_SSL_FullDARNet_Domain/ssl_models_task1_AAD_MM-AAD_ssl_domain_2025-10-17-11-10-28/ssl_best_model.pt
SSL model saved with loss 0.227121
SSL Epoch 26 | SSL Loss: 0.223772 | Domain Loss: 3.148195
SSL model saved at epoch 26 with loss 0.223772 to ./exps/cross-subject/DARNet_SSL_FullDARNet_Domain/ssl_models_task1_AAD_MM-AAD_ssl_domain_2025-10-17-11-10-28/ssl_best_model.pt
SSL model saved with loss 0.223772
SSL Epoch 27 | SSL Loss: 0.219498 | Domain Loss: 3.133417
SSL model saved at epoch 27 with loss 0.219498 to ./exps/cross-subject/DARNet_SSL_FullDARNet_Domain/ssl_models_task1_AAD_MM-AAD_ssl_domain_2025-10-17-11-10-28/ssl_best_model.pt
SSL model saved with loss 0.219498
SSL Epoch 28 | SSL Loss: 0.215807 | Domain Loss: 3.135659
SSL model saved at epoch 28 with loss 0.215807 to ./exps/cross-subject/DARNet_SSL_FullDARNet_Domain/ssl_models_task1_AAD_MM-AAD_ssl_domain_2025-10-17-11-10-28/ssl_best_model.pt
SSL model saved with loss 0.215807
SSL Epoch 29 | SSL Loss: 0.213107 | Domain Loss: 3.138905
SSL model saved at epoch 29 with loss 0.213107 to ./exps/cross-subject/DARNet_SSL_FullDARNet_Domain/ssl_models_task1_AAD_MM-AAD_ssl_domain_2025-10-17-11-10-28/ssl_best_model.pt
SSL model saved with loss 0.213107
SSL Epoch 30 | SSL Loss: 0.210573 | Domain Loss: 3.139990
SSL model saved at epoch 30 with loss 0.210573 to ./exps/cross-subject/DARNet_SSL_FullDARNet_Domain/ssl_models_task1_AAD_MM-AAD_ssl_domain_2025-10-17-11-10-28/ssl_best_model.pt
SSL model saved with loss 0.210573
==================================================
SSL Pre-training completed. Best loss: 0.210573
==================================================
train_data_shape(164500, 32, 128),val_data_shape(32900, 32, 128)
🔄 Loading SSL pre-trained weights from: ./exps/cross-subject/DARNet_SSL_FullDARNet_Domain/ssl_models_task1_AAD_MM-AAD_ssl_domain_2025-10-17-11-10-28/ssl_best_model.pt
📋 Available keys in SSL checkpoint: 73 total
  - subject_discriminator.classifier.0.weight: torch.Size([256, 8])
  - subject_discriminator.classifier.0.bias: torch.Size([256])
  - subject_discriminator.classifier.3.weight: torch.Size([128, 256])
  - subject_discriminator.classifier.3.bias: torch.Size([128])
  - subject_discriminator.classifier.6.weight: torch.Size([30, 128])
  - subject_discriminator.classifier.6.bias: torch.Size([30])
  - token_embedding.embed_layer.0.weight: torch.Size([64, 1, 1, 8])
  - token_embedding.embed_layer.0.bias: torch.Size([64])
  - token_embedding.embed_layer.1.weight: torch.Size([64])
  - token_embedding.embed_layer.1.bias: torch.Size([64])
  - token_embedding.embed_layer.1.running_mean: torch.Size([64])
  - token_embedding.embed_layer.1.running_var: torch.Size([64])
  - token_embedding.embed_layer.1.num_batches_tracked: torch.Size([])
  - token_embedding.embed_layer2.0.weight: torch.Size([16, 64, 32, 1])
  - token_embedding.embed_layer2.0.bias: torch.Size([16])
  - token_embedding.embed_layer2.1.weight: torch.Size([16])
  - token_embedding.embed_layer2.1.bias: torch.Size([16])
  - token_embedding.embed_layer2.1.running_mean: torch.Size([16])
  - token_embedding.embed_layer2.1.running_var: torch.Size([16])
  - token_embedding.embed_layer2.1.num_batches_tracked: torch.Size([])
  - token_embedding.position_embedding.pe: torch.Size([1, 5000, 16])
  - ssl_decoder.feature_expand.0.weight: torch.Size([256, 8])
  - ssl_decoder.feature_expand.0.bias: torch.Size([256])
  - ssl_decoder.feature_expand.3.weight: torch.Size([512, 256])
  - ssl_decoder.feature_expand.3.bias: torch.Size([512])
  - ssl_decoder.feature_expand.6.weight: torch.Size([8192, 512])
  - ssl_decoder.feature_expand.6.bias: torch.Size([8192])
  - ssl_decoder.temporal_conv1.0.weight: torch.Size([128, 64, 3])
  - ssl_decoder.temporal_conv1.0.bias: torch.Size([128])
  - ssl_decoder.temporal_conv1.1.weight: torch.Size([128])
  - ssl_decoder.temporal_conv1.1.bias: torch.Size([128])
  - ssl_decoder.temporal_conv1.1.running_mean: torch.Size([128])
  - ssl_decoder.temporal_conv1.1.running_var: torch.Size([128])
  - ssl_decoder.temporal_conv1.1.num_batches_tracked: torch.Size([])
  - ssl_decoder.temporal_conv2.0.weight: torch.Size([64, 128, 3])
  - ssl_decoder.temporal_conv2.0.bias: torch.Size([64])
  - ssl_decoder.temporal_conv2.1.weight: torch.Size([64])
  - ssl_decoder.temporal_conv2.1.bias: torch.Size([64])
  - ssl_decoder.temporal_conv2.1.running_mean: torch.Size([64])
  - ssl_decoder.temporal_conv2.1.running_var: torch.Size([64])
  - ssl_decoder.temporal_conv2.1.num_batches_tracked: torch.Size([])
  - ssl_decoder.final_conv.weight: torch.Size([32, 64, 1])
  - ssl_decoder.final_conv.bias: torch.Size([32])
  - out.weight: torch.Size([2, 8])
  - out.bias: torch.Size([2])
  - stack1.attention.attention_layer.key.weight: torch.Size([16, 16])
  - stack1.attention.attention_layer.value.weight: torch.Size([16, 16])
  - stack1.attention.attention_layer.query.weight: torch.Size([16, 16])
  - stack1.attention.attention_layer.to_out.weight: torch.Size([16])
  - stack1.attention.attention_layer.to_out.bias: torch.Size([16])
  - stack1.conv_layer.downConv.weight: torch.Size([16, 16, 3])
  - stack1.conv_layer.downConv.bias: torch.Size([16])
  - stack1.conv_layer.norm.weight: torch.Size([16])
  - stack1.conv_layer.norm.bias: torch.Size([16])
  - stack1.conv_layer.norm.running_mean: torch.Size([16])
  - stack1.conv_layer.norm.running_var: torch.Size([16])
  - stack1.conv_layer.norm.num_batches_tracked: torch.Size([])
  - stack1.out.weight: torch.Size([4, 16])
  - stack1.out.bias: torch.Size([4])
  - stack2.attention.attention_layer.key.weight: torch.Size([16, 16])
  - stack2.attention.attention_layer.value.weight: torch.Size([16, 16])
  - stack2.attention.attention_layer.query.weight: torch.Size([16, 16])
  - stack2.attention.attention_layer.to_out.weight: torch.Size([16])
  - stack2.attention.attention_layer.to_out.bias: torch.Size([16])
  - stack2.conv_layer.downConv.weight: torch.Size([16, 16, 3])
  - stack2.conv_layer.downConv.bias: torch.Size([16])
  - stack2.conv_layer.norm.weight: torch.Size([16])
  - stack2.conv_layer.norm.bias: torch.Size([16])
  - stack2.conv_layer.norm.running_mean: torch.Size([16])
  - stack2.conv_layer.norm.running_var: torch.Size([16])
  - stack2.conv_layer.norm.num_batches_tracked: torch.Size([])
  - stack2.out.weight: torch.Size([4, 16])
  - stack2.out.bias: torch.Size([4])
🎯 SSL approach detected: full_darnet
  ❌ Skipping: subject_discriminator.classifier.0.weight (decoder component)
  ❌ Skipping: subject_discriminator.classifier.0.bias (decoder component)
  ❌ Skipping: subject_discriminator.classifier.3.weight (decoder component)
  ❌ Skipping: subject_discriminator.classifier.3.bias (decoder component)
  ❌ Skipping: subject_discriminator.classifier.6.weight (decoder component)
  ❌ Skipping: subject_discriminator.classifier.6.bias (decoder component)
  ✅ Loading: token_embedding.embed_layer.0.weight -> torch.Size([64, 1, 1, 8])
  ✅ Loading: token_embedding.embed_layer.0.bias -> torch.Size([64])
  ✅ Loading: token_embedding.embed_layer.1.weight -> torch.Size([64])
  ✅ Loading: token_embedding.embed_layer.1.bias -> torch.Size([64])
  ✅ Loading: token_embedding.embed_layer.1.running_mean -> torch.Size([64])
  ✅ Loading: token_embedding.embed_layer.1.running_var -> torch.Size([64])
  ✅ Loading: token_embedding.embed_layer.1.num_batches_tracked -> torch.Size([])
  ✅ Loading: token_embedding.embed_layer2.0.weight -> torch.Size([16, 64, 32, 1])
  ✅ Loading: token_embedding.embed_layer2.0.bias -> torch.Size([16])
  ✅ Loading: token_embedding.embed_layer2.1.weight -> torch.Size([16])
  ✅ Loading: token_embedding.embed_layer2.1.bias -> torch.Size([16])
  ✅ Loading: token_embedding.embed_layer2.1.running_mean -> torch.Size([16])
  ✅ Loading: token_embedding.embed_layer2.1.running_var -> torch.Size([16])
  ✅ Loading: token_embedding.embed_layer2.1.num_batches_tracked -> torch.Size([])
  ✅ Loading: token_embedding.position_embedding.pe -> torch.Size([1, 5000, 16])
  ❌ Skipping: ssl_decoder.feature_expand.0.weight (decoder component)
  ❌ Skipping: ssl_decoder.feature_expand.0.bias (decoder component)
  ❌ Skipping: ssl_decoder.feature_expand.3.weight (decoder component)
  ❌ Skipping: ssl_decoder.feature_expand.3.bias (decoder component)
  ❌ Skipping: ssl_decoder.feature_expand.6.weight (decoder component)
  ❌ Skipping: ssl_decoder.feature_expand.6.bias (decoder component)
  ❌ Skipping: ssl_decoder.temporal_conv1.0.weight (decoder component)
  ❌ Skipping: ssl_decoder.temporal_conv1.0.bias (decoder component)
  ❌ Skipping: ssl_decoder.temporal_conv1.1.weight (decoder component)
  ❌ Skipping: ssl_decoder.temporal_conv1.1.bias (decoder component)
  ❌ Skipping: ssl_decoder.temporal_conv1.1.running_mean (decoder component)
  ❌ Skipping: ssl_decoder.temporal_conv1.1.running_var (decoder component)
  ❌ Skipping: ssl_decoder.temporal_conv1.1.num_batches_tracked (decoder component)
  ❌ Skipping: ssl_decoder.temporal_conv2.0.weight (decoder component)
  ❌ Skipping: ssl_decoder.temporal_conv2.0.bias (decoder component)
  ❌ Skipping: ssl_decoder.temporal_conv2.1.weight (decoder component)
  ❌ Skipping: ssl_decoder.temporal_conv2.1.bias (decoder component)
  ❌ Skipping: ssl_decoder.temporal_conv2.1.running_mean (decoder component)
  ❌ Skipping: ssl_decoder.temporal_conv2.1.running_var (decoder component)
  ❌ Skipping: ssl_decoder.temporal_conv2.1.num_batches_tracked (decoder component)
  ❌ Skipping: ssl_decoder.final_conv.weight (decoder component)
  ❌ Skipping: ssl_decoder.final_conv.bias (decoder component)
  ❌ Skipping: out.weight (decoder component)
  ❌ Skipping: out.bias (decoder component)
  ✅ Loading: stack1.attention.attention_layer.key.weight -> torch.Size([16, 16])
  ✅ Loading: stack1.attention.attention_layer.value.weight -> torch.Size([16, 16])
  ✅ Loading: stack1.attention.attention_layer.query.weight -> torch.Size([16, 16])
  ✅ Loading: stack1.attention.attention_layer.to_out.weight -> torch.Size([16])
  ✅ Loading: stack1.attention.attention_layer.to_out.bias -> torch.Size([16])
  ✅ Loading: stack1.conv_layer.downConv.weight -> torch.Size([16, 16, 3])
  ✅ Loading: stack1.conv_layer.downConv.bias -> torch.Size([16])
  ✅ Loading: stack1.conv_layer.norm.weight -> torch.Size([16])
  ✅ Loading: stack1.conv_layer.norm.bias -> torch.Size([16])
  ✅ Loading: stack1.conv_layer.norm.running_mean -> torch.Size([16])
  ✅ Loading: stack1.conv_layer.norm.running_var -> torch.Size([16])
  ✅ Loading: stack1.conv_layer.norm.num_batches_tracked -> torch.Size([])
  ✅ Loading: stack1.out.weight -> torch.Size([4, 16])
  ✅ Loading: stack1.out.bias -> torch.Size([4])
  ✅ Loading: stack2.attention.attention_layer.key.weight -> torch.Size([16, 16])
  ✅ Loading: stack2.attention.attention_layer.value.weight -> torch.Size([16, 16])
  ✅ Loading: stack2.attention.attention_layer.query.weight -> torch.Size([16, 16])
  ✅ Loading: stack2.attention.attention_layer.to_out.weight -> torch.Size([16])
  ✅ Loading: stack2.attention.attention_layer.to_out.bias -> torch.Size([16])
  ✅ Loading: stack2.conv_layer.downConv.weight -> torch.Size([16, 16, 3])
  ✅ Loading: stack2.conv_layer.downConv.bias -> torch.Size([16])
  ✅ Loading: stack2.conv_layer.norm.weight -> torch.Size([16])
  ✅ Loading: stack2.conv_layer.norm.bias -> torch.Size([16])
  ✅ Loading: stack2.conv_layer.norm.running_mean -> torch.Size([16])
  ✅ Loading: stack2.conv_layer.norm.running_var -> torch.Size([16])
  ✅ Loading: stack2.conv_layer.norm.num_batches_tracked -> torch.Size([])
  ✅ Loading: stack2.out.weight -> torch.Size([4, 16])
  ✅ Loading: stack2.out.bias -> torch.Size([4])
🔧 Loading 43 encoder components into fine-tuning model...
⚠️  Missing keys (newly initialized): ['subject_discriminator.classifier.0.weight', 'subject_discriminator.classifier.0.bias', 'subject_discriminator.classifier.3.weight', 'subject_discriminator.classifier.3.bias', 'subject_discriminator.classifier.6.weight', 'subject_discriminator.classifier.6.bias', 'ssl_decoder.feature_expand.0.weight', 'ssl_decoder.feature_expand.0.bias', 'ssl_decoder.feature_expand.3.weight', 'ssl_decoder.feature_expand.3.bias', 'ssl_decoder.feature_expand.6.weight', 'ssl_decoder.feature_expand.6.bias', 'ssl_decoder.temporal_conv1.0.weight', 'ssl_decoder.temporal_conv1.0.bias', 'ssl_decoder.temporal_conv1.1.weight', 'ssl_decoder.temporal_conv1.1.bias', 'ssl_decoder.temporal_conv1.1.running_mean', 'ssl_decoder.temporal_conv1.1.running_var', 'ssl_decoder.temporal_conv2.0.weight', 'ssl_decoder.temporal_conv2.0.bias', 'ssl_decoder.temporal_conv2.1.weight', 'ssl_decoder.temporal_conv2.1.bias', 'ssl_decoder.temporal_conv2.1.running_mean', 'ssl_decoder.temporal_conv2.1.running_var', 'ssl_decoder.final_conv.weight', 'ssl_decoder.final_conv.bias', 'out.weight', 'out.bias']
✅ Successfully loaded SSL pre-trained weights!
🎯 SSL decoder removed, feature classifier ready for fine-tuning
==================================================
Starting Fine-tuning
==================================================
=================================================================
Layer (type:depth-idx)                   Param #
=================================================================
DARNet                                   --
├─GradientReversalLayer: 1-1             --
├─SubjectDiscriminator: 1-2              --
│    └─Sequential: 2-1                   --
│    │    └─Linear: 3-1                  2,304
│    │    └─ReLU: 3-2                    --
│    │    └─Dropout: 3-3                 --
│    │    └─Linear: 3-4                  32,896
│    │    └─ReLU: 3-5                    --
│    │    └─Dropout: 3-6                 --
│    │    └─Linear: 3-7                  3,870
├─TokenEmbeddingOriginal: 1-3            --
│    └─Sequential: 2-2                   --
│    │    └─Conv2d: 3-8                  576
│    │    └─BatchNorm2d: 3-9             128
│    │    └─GELU: 3-10                   --
│    └─Sequential: 2-3                   --
│    │    └─Conv2d: 3-11                 32,784
│    │    └─BatchNorm2d: 3-12            32
│    │    └─GELU: 3-13                   --
│    └─PositionalEmbedding: 2-4          --
├─EEGFullDARNetDecoder: 1-4              --
│    └─Sequential: 2-5                   --
│    │    └─Linear: 3-14                 2,304
│    │    └─ReLU: 3-15                   --
│    │    └─Dropout: 3-16                --
│    │    └─Linear: 3-17                 131,584
│    │    └─ReLU: 3-18                   --
│    │    └─Dropout: 3-19                --
│    │    └─Linear: 3-20                 4,202,496
│    └─Sequential: 2-6                   --
│    │    └─Conv1d: 3-21                 24,704
│    │    └─BatchNorm1d: 3-22            256
│    │    └─ReLU: 3-23                   --
│    │    └─Dropout: 3-24                --
│    └─Sequential: 2-7                   --
│    │    └─Conv1d: 3-25                 24,640
│    │    └─BatchNorm1d: 3-26            128
│    │    └─ReLU: 3-27                   --
│    │    └─Dropout: 3-28                --
│    └─Conv1d: 2-8                       2,080
├─Flatten: 1-5                           --
├─Linear: 1-6                            18
├─AttnRefine: 1-7                        --
│    └─MyAttention: 2-9                  --
│    │    └─Attention: 3-29              800
│    └─Refine: 2-10                      --
│    │    └─Conv1d: 3-30                 784
│    │    └─BatchNorm1d: 3-31            32
│    │    └─ELU: 3-32                    --
│    │    └─MaxPool1d: 3-33              --
│    └─AdaptiveAvgPool1d: 2-11           --
│    └─Linear: 2-12                      68
│    └─Flatten: 2-13                     --
├─AttnRefine: 1-8                        --
│    └─MyAttention: 2-14                 --
│    │    └─Attention: 3-34              800
│    └─Refine: 2-15                      --
│    │    └─Conv1d: 3-35                 784
│    │    └─BatchNorm1d: 3-36            32
│    │    └─ELU: 3-37                    --
│    │    └─MaxPool1d: 3-38              --
│    └─AdaptiveAvgPool1d: 2-16           --
│    └─Linear: 2-17                      68
│    └─Flatten: 2-18                     --
=================================================================
Total params: 4,464,168
Trainable params: 4,464,168
Non-trainable params: 0
=================================================================
TestSub: S[11, 12, 13, 14, 15] Epoch  1 Finsh | Now_lr 0.0005/0.0005 | Lambda 0.0075 | Train Loss 0.5056 | Domain Loss 3.1400 | Valid Loss 1.5586 | Train Acc 72.1224| Valid Acc 51.3527
Validation acc increase (0.000000 --> 51.352748) in epoch (1).  Saving model ...
TestSub: S[11, 12, 13, 14, 15] Epoch  2 Finsh | Now_lr 0.0005/0.0005 | Lambda 0.0150 | Train Loss 0.3370 | Domain Loss 3.0828 | Valid Loss 1.8704 | Train Acc 84.3264| Valid Acc 50.4256
TestSub: S[11, 12, 13, 14, 15] Epoch  3 Finsh | Now_lr 0.0005/0.0005 | Lambda 0.0223 | Train Loss 0.2470 | Domain Loss 3.0789 | Valid Loss 2.2131 | Train Acc 89.2175| Valid Acc 51.4196
Validation acc increase (51.352748 --> 51.419625) in epoch (3).  Saving model ...
TestSub: S[11, 12, 13, 14, 15] Epoch  4 Finsh | Now_lr 0.0005/0.0005 | Lambda 0.0296 | Train Loss 0.1803 | Domain Loss 3.0957 | Valid Loss 2.3924 | Train Acc 92.5523| Valid Acc 50.6323
TestSub: S[11, 12, 13, 14, 15] Epoch  5 Finsh | Now_lr 0.0005/0.0005 | Lambda 0.0367 | Train Loss 0.1355 | Domain Loss 3.1036 | Valid Loss 2.4749 | Train Acc 94.6644| Valid Acc 52.5839
Validation acc increase (51.419625 --> 52.583901) in epoch (5).  Saving model ...
TestSub: S[11, 12, 13, 14, 15] Epoch  6 Finsh | Now_lr 0.0005/0.0005 | Lambda 0.0437 | Train Loss 0.1100 | Domain Loss 3.1041 | Valid Loss 2.7320 | Train Acc 95.7484| Valid Acc 53.2405
Validation acc increase (52.583901 --> 53.240516) in epoch (6).  Saving model ...
TestSub: S[11, 12, 13, 14, 15] Epoch  7 Finsh | Now_lr 0.0005/0.0005 | Lambda 0.0505 | Train Loss 0.0919 | Domain Loss 3.1228 | Valid Loss 2.6605 | Train Acc 96.5364| Valid Acc 54.2528
Validation acc increase (53.240516 --> 54.252797) in epoch (7).  Saving model ...
TestSub: S[11, 12, 13, 14, 15] Epoch  8 Finsh | Now_lr 0.0005/0.0005 | Lambda 0.0570 | Train Loss 0.0807 | Domain Loss 3.1289 | Valid Loss 2.7360 | Train Acc 96.9242| Valid Acc 53.4563
TestSub: S[11, 12, 13, 14, 15] Epoch  9 Finsh | Now_lr 0.0005/0.0005 | Lambda 0.0633 | Train Loss 0.0695 | Domain Loss 3.1380 | Valid Loss 2.7375 | Train Acc 97.4331| Valid Acc 54.3926
Validation acc increase (54.252797 --> 54.392631) in epoch (9).  Saving model ...
TestSub: S[11, 12, 13, 14, 15] Epoch 10 Finsh | Now_lr 0.0005/0.0005 | Lambda 0.0693 | Train Loss 0.0615 | Domain Loss 3.1456 | Valid Loss 2.9372 | Train Acc 97.7085| Valid Acc 53.1037
TestSub: S[11, 12, 13, 14, 15] Epoch 11 Finsh | Now_lr 0.0005/0.0005 | Lambda 0.0751 | Train Loss 0.0573 | Domain Loss 3.1481 | Valid Loss 2.9403 | Train Acc 97.9207| Valid Acc 53.7178
TestSub: S[11, 12, 13, 14, 15] Epoch 12 Finsh | Now_lr 0.0005/0.0005 | Lambda 0.0806 | Train Loss 0.0519 | Domain Loss 3.1553 | Valid Loss 3.1190 | Train Acc 98.0824| Valid Acc 52.7481
TestSub: S[11, 12, 13, 14, 15] Epoch 13 Finsh | Now_lr 0.0005/0.0005 | Lambda 0.0858 | Train Loss 0.0479 | Domain Loss 3.1622 | Valid Loss 3.0794 | Train Acc 98.2545| Valid Acc 54.2741
TestSub: S[11, 12, 13, 14, 15] Epoch 14 Finsh | Now_lr 0.0005/0.0005 | Lambda 0.0907 | Train Loss 0.0448 | Domain Loss 3.1694 | Valid Loss 3.2779 | Train Acc 98.3804| Valid Acc 52.6538
TestSub: S[11, 12, 13, 14, 15] Epoch 15 Finsh | Now_lr 0.0005/0.0005 | Lambda 0.0953 | Train Loss 0.0410 | Domain Loss 3.1704 | Valid Loss 3.2790 | Train Acc 98.5402| Valid Acc 52.8301
TestSub: S[11, 12, 13, 14, 15] Epoch 16 Finsh | Now_lr 0.0005/0.0005 | Lambda 0.0996 | Train Loss 0.0378 | Domain Loss 3.1670 | Valid Loss 3.2076 | Train Acc 98.6582| Valid Acc 53.1645
TestSub: S[11, 12, 13, 14, 15] Epoch 17 Finsh | Now_lr 0.0005/0.0005 | Lambda 0.1037 | Train Loss 0.0366 | Domain Loss 3.1801 | Valid Loss 3.3520 | Train Acc 98.7166| Valid Acc 53.9944
TestSub: S[11, 12, 13, 14, 15] Epoch 18 Finsh | Now_lr 0.0005/0.0005 | Lambda 0.1074 | Train Loss 0.0334 | Domain Loss 3.1835 | Valid Loss 3.3643 | Train Acc 98.8831| Valid Acc 53.2344
TestSub: S[11, 12, 13, 14, 15] Epoch 19 Finsh | Now_lr 0.0005/0.0005 | Lambda 0.1110 | Train Loss 0.0312 | Domain Loss 3.1849 | Valid Loss 3.4799 | Train Acc 98.8789| Valid Acc 52.8484
TestSub: S[11, 12, 13, 14, 15] Epoch 20 Finsh | Now_lr 0.0005/0.0005 | Lambda 0.1142 | Train Loss 0.0297 | Domain Loss 3.1845 | Valid Loss 3.2408 | Train Acc 98.9604| Valid Acc 54.0126
TestSub: S[11, 12, 13, 14, 15] Epoch 21 Finsh | Now_lr 0.0005/0.0005 | Lambda 0.1173 | Train Loss 0.0293 | Domain Loss 3.1892 | Valid Loss 3.6177 | Train Acc 98.9932| Valid Acc 52.6082
TestSub: S[11, 12, 13, 14, 15] Epoch 22 Finsh | Now_lr 0.0005/0.0005 | Lambda 0.1201 | Train Loss 0.0275 | Domain Loss 3.1824 | Valid Loss 3.3565 | Train Acc 99.0528| Valid Acc 54.1008
TestSub: S[11, 12, 13, 14, 15] Epoch 23 Finsh | Now_lr 0.0005/0.0005 | Lambda 0.1227 | Train Loss 0.0271 | Domain Loss 3.1770 | Valid Loss 3.3581 | Train Acc 99.0844| Valid Acc 53.6570
TestSub: S[11, 12, 13, 14, 15] Epoch 24 Finsh | Now_lr 0.0005/0.0005 | Lambda 0.1250 | Train Loss 0.0250 | Domain Loss 3.1919 | Valid Loss 3.5474 | Train Acc 99.1391| Valid Acc 52.5018
TestSub: S[11, 12, 13, 14, 15] Epoch 25 Finsh | Now_lr 0.0005/0.0005 | Lambda 0.1272 | Train Loss 0.0241 | Domain Loss 3.1943 | Valid Loss 3.4861 | Train Acc 99.1877| Valid Acc 55.3776
Validation acc increase (54.392631 --> 55.377554) in epoch (25).  Saving model ...
TestSub: S[11, 12, 13, 14, 15] Epoch 26 Finsh | Now_lr 0.0005/0.0005 | Lambda 0.1293 | Train Loss 0.0231 | Domain Loss 3.1917 | Valid Loss 3.6612 | Train Acc 99.2157| Valid Acc 53.8424
TestSub: S[11, 12, 13, 14, 15] Epoch 27 Finsh | Now_lr 0.0005/0.0005 | Lambda 0.1311 | Train Loss 0.0214 | Domain Loss 3.1963 | Valid Loss 3.7206 | Train Acc 99.2546| Valid Acc 53.3986
TestSub: S[11, 12, 13, 14, 15] Epoch 28 Finsh | Now_lr 0.0005/0.0005 | Lambda 0.1328 | Train Loss 0.0213 | Domain Loss 3.1913 | Valid Loss 3.7250 | Train Acc 99.2978| Valid Acc 53.2892
TestSub: S[11, 12, 13, 14, 15] Epoch 29 Finsh | Now_lr 0.0005/0.0005 | Lambda 0.1344 | Train Loss 0.0211 | Domain Loss 3.1959 | Valid Loss 3.5643 | Train Acc 99.2741| Valid Acc 52.6173
TestSub: S[11, 12, 13, 14, 15] Epoch 30 Finsh | Now_lr 0.0005/0.0005 | Lambda 0.1358 | Train Loss 0.0202 | Domain Loss 3.2011 | Valid Loss 3.8979 | Train Acc 99.3081| Valid Acc 53.7087
TestSub: S[11, 12, 13, 14, 15] Epoch 31 Finsh | Now_lr 0.0005/0.0005 | Lambda 0.1371 | Train Loss 0.0185 | Domain Loss 3.2000 | Valid Loss 3.9053 | Train Acc 99.3774| Valid Acc 54.9033
TestSub: S[11, 12, 13, 14, 15] Epoch 32 Finsh | Now_lr 0.0005/0.0005 | Lambda 0.1383 | Train Loss 0.0180 | Domain Loss 3.2044 | Valid Loss 3.8946 | Train Acc 99.3744| Valid Acc 55.0523
TestSub: S[11, 12, 13, 14, 15] Epoch 33 Finsh | Now_lr 0.0005/0.0005 | Lambda 0.1393 | Train Loss 0.0174 | Domain Loss 3.1989 | Valid Loss 4.0458 | Train Acc 99.4249| Valid Acc 53.6722
TestSub: S[11, 12, 13, 14, 15] Epoch 34 Finsh | Now_lr 0.0005/0.0005 | Lambda 0.1403 | Train Loss 0.0183 | Domain Loss 3.1980 | Valid Loss 3.7323 | Train Acc 99.3793| Valid Acc 56.2257
Validation acc increase (55.377554 --> 56.225681) in epoch (34).  Saving model ...
TestSub: S[11, 12, 13, 14, 15] Epoch 35 Finsh | Now_lr 0.0005/0.0005 | Lambda 0.1412 | Train Loss 0.0171 | Domain Loss 3.1982 | Valid Loss 3.7911 | Train Acc 99.4303| Valid Acc 53.9123
TestSub: S[11, 12, 13, 14, 15] Epoch 36 Finsh | Now_lr 0.0005/0.0005 | Lambda 0.1420 | Train Loss 0.0170 | Domain Loss 3.1943 | Valid Loss 3.8731 | Train Acc 99.4388| Valid Acc 53.0490
TestSub: S[11, 12, 13, 14, 15] Epoch 37 Finsh | Now_lr 0.0005/0.0005 | Lambda 0.1428 | Train Loss 0.0166 | Domain Loss 3.1995 | Valid Loss 4.0730 | Train Acc 99.4291| Valid Acc 53.9762
TestSub: S[11, 12, 13, 14, 15] Epoch 38 Finsh | Now_lr 0.0005/0.0005 | Lambda 0.1434 | Train Loss 0.0154 | Domain Loss 3.2058 | Valid Loss 3.8705 | Train Acc 99.4960| Valid Acc 53.8667
TestSub: S[11, 12, 13, 14, 15] Epoch 39 Finsh | Now_lr 0.0005/0.0005 | Lambda 0.1440 | Train Loss 0.0164 | Domain Loss 3.2040 | Valid Loss 3.6312 | Train Acc 99.4698| Valid Acc 54.5477
TestSub: S[11, 12, 13, 14, 15] Epoch 40 Finsh | Now_lr 0.0005/0.0005 | Lambda 0.1446 | Train Loss 0.0147 | Domain Loss 3.2050 | Valid Loss 3.8981 | Train Acc 99.5100| Valid Acc 52.9578
TestSub: S[11, 12, 13, 14, 15] Epoch 41 Finsh | Now_lr 0.0005/0.0005 | Lambda 0.1451 | Train Loss 0.0147 | Domain Loss 3.2024 | Valid Loss 4.0018 | Train Acc 99.5252| Valid Acc 53.7664
TestSub: S[11, 12, 13, 14, 15] Epoch 42 Finsh | Now_lr 0.0005/0.0005 | Lambda 0.1456 | Train Loss 0.0149 | Domain Loss 3.2073 | Valid Loss 3.8239 | Train Acc 99.4960| Valid Acc 54.2558
TestSub: S[11, 12, 13, 14, 15] Epoch 43 Finsh | Now_lr 0.0005/0.0005 | Lambda 0.1460 | Train Loss 0.0142 | Domain Loss 3.2054 | Valid Loss 4.0383 | Train Acc 99.5422| Valid Acc 52.5565
TestSub: S[11, 12, 13, 14, 15] Epoch 44 Finsh | Now_lr 0.0005/0.0005 | Lambda 0.1464 | Train Loss 0.0137 | Domain Loss 3.2050 | Valid Loss 3.9365 | Train Acc 99.5592| Valid Acc 52.9608
TestSub: S[11, 12, 13, 14, 15] Epoch 45 Finsh | Now_lr 0.0005/0.0005 | Lambda 0.1467 | Train Loss 0.0133 | Domain Loss 3.2095 | Valid Loss 4.0532 | Train Acc 99.5458| Valid Acc 53.5354
TestSub: S[11, 12, 13, 14, 15] Epoch 46 Finsh | Now_lr 0.0005/0.0005 | Lambda 0.1470 | Train Loss 0.0123 | Domain Loss 3.2101 | Valid Loss 4.0733 | Train Acc 99.5945| Valid Acc 54.1373
TestSub: S[11, 12, 13, 14, 15] Epoch 47 Finsh | Now_lr 0.0005/0.0005 | Lambda 0.1473 | Train Loss 0.0132 | Domain Loss 3.2100 | Valid Loss 4.0638 | Train Acc 99.5884| Valid Acc 53.9731
TestSub: S[11, 12, 13, 14, 15] Epoch 48 Finsh | Now_lr 0.0005/0.0005 | Lambda 0.1476 | Train Loss 0.0114 | Domain Loss 3.2061 | Valid Loss 4.0805 | Train Acc 99.6145| Valid Acc 54.3896
TestSub: S[11, 12, 13, 14, 15] Epoch 49 Finsh | Now_lr 0.0005/0.0005 | Lambda 0.1478 | Train Loss 0.0112 | Domain Loss 3.2122 | Valid Loss 4.4043 | Train Acc 99.6395| Valid Acc 52.9669
TestSub: S[11, 12, 13, 14, 15] Epoch 50 Finsh | Now_lr 0.0005/0.0005 | Lambda 0.1480 | Train Loss 0.0122 | Domain Loss 3.2121 | Valid Loss 3.8431 | Train Acc 99.6006| Valid Acc 53.9154
TestSub: S[11, 12, 13, 14, 15] Epoch 51 Finsh | Now_lr 0.0005/0.0005 | Lambda 0.1482 | Train Loss 0.0122 | Domain Loss 3.2126 | Valid Loss 4.2183 | Train Acc 99.6066| Valid Acc 52.6751
TestSub: S[11, 12, 13, 14, 15] Epoch 52 Finsh | Now_lr 0.0005/0.0005 | Lambda 0.1484 | Train Loss 0.0112 | Domain Loss 3.2122 | Valid Loss 4.3485 | Train Acc 99.6194| Valid Acc 53.4168
TestSub: S[11, 12, 13, 14, 15] Epoch 53 Finsh | Now_lr 0.0005/0.0005 | Lambda 0.1485 | Train Loss 0.0110 | Domain Loss 3.2118 | Valid Loss 4.0177 | Train Acc 99.6310| Valid Acc 54.3136
TestSub: S[11, 12, 13, 14, 15] Epoch 54 Finsh | Now_lr 0.0005/0.0005 | Lambda 0.1487 | Train Loss 0.0106 | Domain Loss 3.2116 | Valid Loss 4.2046 | Train Acc 99.6607| Valid Acc 52.9122
TestSub: S[11, 12, 13, 14, 15] Epoch 55 Finsh | Now_lr 0.0005/0.0005 | Lambda 0.1488 | Train Loss 0.0114 | Domain Loss 3.2107 | Valid Loss 3.9495 | Train Acc 99.6237| Valid Acc 52.4988
TestSub: S[11, 12, 13, 14, 15] Epoch 56 Finsh | Now_lr 0.0005/0.0005 | Lambda 0.1489 | Train Loss 0.0098 | Domain Loss 3.2114 | Valid Loss 4.0846 | Train Acc 99.6796| Valid Acc 53.4989
TestSub: S[11, 12, 13, 14, 15] Epoch 57 Finsh | Now_lr 0.0005/0.0005 | Lambda 0.1490 | Train Loss 0.0104 | Domain Loss 3.2138 | Valid Loss 3.8068 | Train Acc 99.6668| Valid Acc 52.3377
TestSub: S[11, 12, 13, 14, 15] Epoch 58 Finsh | Now_lr 0.0005/0.0005 | Lambda 0.1491 | Train Loss 0.0094 | Domain Loss 3.2134 | Valid Loss 4.2390 | Train Acc 99.6960| Valid Acc 54.2589
TestSub: S[11, 12, 13, 14, 15] Epoch 59 Finsh | Now_lr 0.0005/0.0005 | Lambda 0.1492 | Train Loss 0.0096 | Domain Loss 3.2139 | Valid Loss 4.4004 | Train Acc 99.6942| Valid Acc 53.9579
TestSub: S[11, 12, 13, 14, 15] Epoch 60 Finsh | Now_lr 0.0005/0.0005 | Lambda 0.1493 | Train Loss 0.0096 | Domain Loss 3.2135 | Valid Loss 3.9131 | Train Acc 99.7057| Valid Acc 53.8971
TestSub: S[11, 12, 13, 14, 15] Epoch 61 Finsh | Now_lr 0.0005/0.0005 | Lambda 0.1493 | Train Loss 0.0091 | Domain Loss 3.2146 | Valid Loss 3.8516 | Train Acc 99.7076| Valid Acc 53.5202
TestSub: S[11, 12, 13, 14, 15] Epoch 62 Finsh | Now_lr 0.0005/0.0005 | Lambda 0.1494 | Train Loss 0.0087 | Domain Loss 3.2137 | Valid Loss 4.1126 | Train Acc 99.7209| Valid Acc 53.6935
TestSub: S[11, 12, 13, 14, 15] Epoch 63 Finsh | Now_lr 0.0005/0.0005 | Lambda 0.1495 | Train Loss 0.0088 | Domain Loss 3.2162 | Valid Loss 4.8665 | Train Acc 99.7149| Valid Acc 52.9821
TestSub: S[11, 12, 13, 14, 15] Epoch 64 Finsh | Now_lr 0.0005/0.0005 | Lambda 0.1495 | Train Loss 0.0088 | Domain Loss 3.2157 | Valid Loss 4.6086 | Train Acc 99.7258| Valid Acc 52.2951
Early stopping triggered after 64 epochs (30 epochs without improvement)
--------------------------------------------------
Test_Subject :S[11, 12, 13, 14, 15] |Best epoch:34 | Test Loss:3.7323 | Best Acc 56.2257 | Savemodel Acc 56.2257
--------------------------------------------------

========== Fold 4 ==========
Train IDs: [1, 2, 3, 4, 5, 6, 7, 8, 9, 10, 11, 12, 13, 14, 15, 21, 22, 23, 24, 25, 26, 27, 28, 29, 30]
Val IDs:   [16, 17, 18, 19, 20]
================================================================================
SSL PRE-TRAINING PHASE WITH DOMAIN ADVERSARIAL TRAINING
================================================================================
Loading SSL data with subject IDs for subjects: [1, 2, 3, 4, 5, 6, 7, 8, 9, 10, 11, 12, 13, 14, 15, 21, 22, 23, 24, 25, 26, 27, 28, 29, 30]
Loaded subject S1: (6580, 32, 128), Subject ID: 0
Loaded subject S2: (6580, 32, 128), Subject ID: 1
Loaded subject S3: (6580, 32, 128), Subject ID: 2
Loaded subject S4: (6580, 32, 128), Subject ID: 3
Loaded subject S5: (6580, 32, 128), Subject ID: 4
Loaded subject S6: (6580, 32, 128), Subject ID: 5
Loaded subject S7: (6580, 32, 128), Subject ID: 6
Loaded subject S8: (6580, 32, 128), Subject ID: 7
Loaded subject S9: (6580, 32, 128), Subject ID: 8
Loaded subject S10: (6580, 32, 128), Subject ID: 9
Loaded subject S11: (6580, 32, 128), Subject ID: 10
Loaded subject S12: (6580, 32, 128), Subject ID: 11
Loaded subject S13: (6580, 32, 128), Subject ID: 12
Loaded subject S14: (6580, 32, 128), Subject ID: 13
Loaded subject S15: (6580, 32, 128), Subject ID: 14
Loaded subject S21: (6580, 32, 128), Subject ID: 20
Loaded subject S22: (6580, 32, 128), Subject ID: 21
Loaded subject S23: (6580, 32, 128), Subject ID: 22
Loaded subject S24: (6580, 32, 128), Subject ID: 23
Loaded subject S25: (6580, 32, 128), Subject ID: 24
Loaded subject S26: (6580, 32, 128), Subject ID: 25
Loaded subject S27: (6580, 32, 128), Subject ID: 26
Loaded subject S28: (6580, 32, 128), Subject ID: 27
Loaded subject S29: (6580, 32, 128), Subject ID: 28
Loaded subject S30: (6580, 32, 128), Subject ID: 29
Total SSL data shape: (164500, 32, 128)
Total subject IDs: 164500
🏗️  SSL Model Architecture:
   - SSL Enabled: True
   - SSL Approach: full_darnet
   - Domain Adversarial: True
   - Training Mode: ssl
   - Decoder Type: EEGFullDARNetDecoder
   - Encoder parameters: 36,888
   - Decoder parameters: 4,388,192
   - Domain discriminator parameters: 39,070
   - Total parameters: 4,464,168
   - Decoder/Total ratio: 98.3%
==================================================
Starting SSL Pre-training with Domain Adversarial Training
==================================================
=================================================================
Layer (type:depth-idx)                   Param #
=================================================================
DARNet                                   --
├─GradientReversalLayer: 1-1             --
├─SubjectDiscriminator: 1-2              --
│    └─Sequential: 2-1                   --
│    │    └─Linear: 3-1                  2,304
│    │    └─ReLU: 3-2                    --
│    │    └─Dropout: 3-3                 --
│    │    └─Linear: 3-4                  32,896
│    │    └─ReLU: 3-5                    --
│    │    └─Dropout: 3-6                 --
│    │    └─Linear: 3-7                  3,870
├─TokenEmbeddingOriginal: 1-3            --
│    └─Sequential: 2-2                   --
│    │    └─Conv2d: 3-8                  576
│    │    └─BatchNorm2d: 3-9             128
│    │    └─GELU: 3-10                   --
│    └─Sequential: 2-3                   --
│    │    └─Conv2d: 3-11                 32,784
│    │    └─BatchNorm2d: 3-12            32
│    │    └─GELU: 3-13                   --
│    └─PositionalEmbedding: 2-4          --
├─EEGFullDARNetDecoder: 1-4              --
│    └─Sequential: 2-5                   --
│    │    └─Linear: 3-14                 2,304
│    │    └─ReLU: 3-15                   --
│    │    └─Dropout: 3-16                --
│    │    └─Linear: 3-17                 131,584
│    │    └─ReLU: 3-18                   --
│    │    └─Dropout: 3-19                --
│    │    └─Linear: 3-20                 4,202,496
│    └─Sequential: 2-6                   --
│    │    └─Conv1d: 3-21                 24,704
│    │    └─BatchNorm1d: 3-22            256
│    │    └─ReLU: 3-23                   --
│    │    └─Dropout: 3-24                --
│    └─Sequential: 2-7                   --
│    │    └─Conv1d: 3-25                 24,640
│    │    └─BatchNorm1d: 3-26            128
│    │    └─ReLU: 3-27                   --
│    │    └─Dropout: 3-28                --
│    └─Conv1d: 2-8                       2,080
├─Flatten: 1-5                           --
├─Linear: 1-6                            18
├─AttnRefine: 1-7                        --
│    └─MyAttention: 2-9                  --
│    │    └─Attention: 3-29              800
│    └─Refine: 2-10                      --
│    │    └─Conv1d: 3-30                 784
│    │    └─BatchNorm1d: 3-31            32
│    │    └─ELU: 3-32                    --
│    │    └─MaxPool1d: 3-33              --
│    └─AdaptiveAvgPool1d: 2-11           --
│    └─Linear: 2-12                      68
│    └─Flatten: 2-13                     --
├─AttnRefine: 1-8                        --
│    └─MyAttention: 2-14                 --
│    │    └─Attention: 3-34              800
│    └─Refine: 2-15                      --
│    │    └─Conv1d: 3-35                 784
│    │    └─BatchNorm1d: 3-36            32
│    │    └─ELU: 3-37                    --
│    │    └─MaxPool1d: 3-38              --
│    └─AdaptiveAvgPool1d: 2-16           --
│    └─Linear: 2-17                      68
│    └─Flatten: 2-18                     --
=================================================================
Total params: 4,464,168
Trainable params: 4,464,168
Non-trainable params: 0
=================================================================
SSL Epoch  1 | SSL Loss: 0.504826 | Domain Loss: 3.214794
SSL model saved at epoch 1 with loss 0.504826 to ./exps/cross-subject/DARNet_SSL_FullDARNet_Domain/ssl_models_task1_AAD_MM-AAD_ssl_domain_2025-10-17-11-10-28/ssl_best_model.pt
SSL model saved with loss 0.504826
SSL Epoch  2 | SSL Loss: 0.353292 | Domain Loss: 3.031963
SSL model saved at epoch 2 with loss 0.353292 to ./exps/cross-subject/DARNet_SSL_FullDARNet_Domain/ssl_models_task1_AAD_MM-AAD_ssl_domain_2025-10-17-11-10-28/ssl_best_model.pt
SSL model saved with loss 0.353292
SSL Epoch  3 | SSL Loss: 0.320957 | Domain Loss: 3.105494
SSL model saved at epoch 3 with loss 0.320957 to ./exps/cross-subject/DARNet_SSL_FullDARNet_Domain/ssl_models_task1_AAD_MM-AAD_ssl_domain_2025-10-17-11-10-28/ssl_best_model.pt
SSL model saved with loss 0.320957
SSL Epoch  4 | SSL Loss: 0.304203 | Domain Loss: 3.115562
SSL model saved at epoch 4 with loss 0.304203 to ./exps/cross-subject/DARNet_SSL_FullDARNet_Domain/ssl_models_task1_AAD_MM-AAD_ssl_domain_2025-10-17-11-10-28/ssl_best_model.pt
SSL model saved with loss 0.304203
SSL Epoch  5 | SSL Loss: 0.291241 | Domain Loss: 3.067391
SSL model saved at epoch 5 with loss 0.291241 to ./exps/cross-subject/DARNet_SSL_FullDARNet_Domain/ssl_models_task1_AAD_MM-AAD_ssl_domain_2025-10-17-11-10-28/ssl_best_model.pt
SSL model saved with loss 0.291241
SSL Epoch  6 | SSL Loss: 0.284497 | Domain Loss: 3.104240
SSL model saved at epoch 6 with loss 0.284497 to ./exps/cross-subject/DARNet_SSL_FullDARNet_Domain/ssl_models_task1_AAD_MM-AAD_ssl_domain_2025-10-17-11-10-28/ssl_best_model.pt
SSL model saved with loss 0.284497
SSL Epoch  7 | SSL Loss: 0.275775 | Domain Loss: 3.075749
SSL model saved at epoch 7 with loss 0.275775 to ./exps/cross-subject/DARNet_SSL_FullDARNet_Domain/ssl_models_task1_AAD_MM-AAD_ssl_domain_2025-10-17-11-10-28/ssl_best_model.pt
SSL model saved with loss 0.275775
SSL Epoch  8 | SSL Loss: 0.272367 | Domain Loss: 3.104808
SSL model saved at epoch 8 with loss 0.272367 to ./exps/cross-subject/DARNet_SSL_FullDARNet_Domain/ssl_models_task1_AAD_MM-AAD_ssl_domain_2025-10-17-11-10-28/ssl_best_model.pt
SSL model saved with loss 0.272367
SSL Epoch  9 | SSL Loss: 0.269135 | Domain Loss: 3.087022
SSL model saved at epoch 9 with loss 0.269135 to ./exps/cross-subject/DARNet_SSL_FullDARNet_Domain/ssl_models_task1_AAD_MM-AAD_ssl_domain_2025-10-17-11-10-28/ssl_best_model.pt
SSL model saved with loss 0.269135
SSL Epoch 10 | SSL Loss: 0.265198 | Domain Loss: 3.079886
SSL model saved at epoch 10 with loss 0.265198 to ./exps/cross-subject/DARNet_SSL_FullDARNet_Domain/ssl_models_task1_AAD_MM-AAD_ssl_domain_2025-10-17-11-10-28/ssl_best_model.pt
SSL model saved with loss 0.265198
SSL Epoch 11 | SSL Loss: 0.261200 | Domain Loss: 3.087784
SSL model saved at epoch 11 with loss 0.261200 to ./exps/cross-subject/DARNet_SSL_FullDARNet_Domain/ssl_models_task1_AAD_MM-AAD_ssl_domain_2025-10-17-11-10-28/ssl_best_model.pt
SSL model saved with loss 0.261200
SSL Epoch 12 | SSL Loss: 0.256512 | Domain Loss: 3.056302
SSL model saved at epoch 12 with loss 0.256512 to ./exps/cross-subject/DARNet_SSL_FullDARNet_Domain/ssl_models_task1_AAD_MM-AAD_ssl_domain_2025-10-17-11-10-28/ssl_best_model.pt
SSL model saved with loss 0.256512
SSL Epoch 13 | SSL Loss: 0.254630 | Domain Loss: 3.080067
SSL model saved at epoch 13 with loss 0.254630 to ./exps/cross-subject/DARNet_SSL_FullDARNet_Domain/ssl_models_task1_AAD_MM-AAD_ssl_domain_2025-10-17-11-10-28/ssl_best_model.pt
SSL model saved with loss 0.254630
SSL Epoch 14 | SSL Loss: 0.251401 | Domain Loss: 3.093724
SSL model saved at epoch 14 with loss 0.251401 to ./exps/cross-subject/DARNet_SSL_FullDARNet_Domain/ssl_models_task1_AAD_MM-AAD_ssl_domain_2025-10-17-11-10-28/ssl_best_model.pt
SSL model saved with loss 0.251401
SSL Epoch 15 | SSL Loss: 0.246708 | Domain Loss: 3.085133
SSL model saved at epoch 15 with loss 0.246708 to ./exps/cross-subject/DARNet_SSL_FullDARNet_Domain/ssl_models_task1_AAD_MM-AAD_ssl_domain_2025-10-17-11-10-28/ssl_best_model.pt
SSL model saved with loss 0.246708
SSL Epoch 16 | SSL Loss: 0.242950 | Domain Loss: 3.094808
SSL model saved at epoch 16 with loss 0.242950 to ./exps/cross-subject/DARNet_SSL_FullDARNet_Domain/ssl_models_task1_AAD_MM-AAD_ssl_domain_2025-10-17-11-10-28/ssl_best_model.pt
SSL model saved with loss 0.242950
SSL Epoch 17 | SSL Loss: 0.240494 | Domain Loss: 3.109382
SSL model saved at epoch 17 with loss 0.240494 to ./exps/cross-subject/DARNet_SSL_FullDARNet_Domain/ssl_models_task1_AAD_MM-AAD_ssl_domain_2025-10-17-11-10-28/ssl_best_model.pt
SSL model saved with loss 0.240494
SSL Epoch 18 | SSL Loss: 0.237105 | Domain Loss: 3.108758
SSL model saved at epoch 18 with loss 0.237105 to ./exps/cross-subject/DARNet_SSL_FullDARNet_Domain/ssl_models_task1_AAD_MM-AAD_ssl_domain_2025-10-17-11-10-28/ssl_best_model.pt
SSL model saved with loss 0.237105
SSL Epoch 19 | SSL Loss: 0.232991 | Domain Loss: 3.093181
SSL model saved at epoch 19 with loss 0.232991 to ./exps/cross-subject/DARNet_SSL_FullDARNet_Domain/ssl_models_task1_AAD_MM-AAD_ssl_domain_2025-10-17-11-10-28/ssl_best_model.pt
SSL model saved with loss 0.232991
SSL Epoch 20 | SSL Loss: 0.230234 | Domain Loss: 3.088120
SSL model saved at epoch 20 with loss 0.230234 to ./exps/cross-subject/DARNet_SSL_FullDARNet_Domain/ssl_models_task1_AAD_MM-AAD_ssl_domain_2025-10-17-11-10-28/ssl_best_model.pt
SSL model saved with loss 0.230234
SSL Epoch 21 | SSL Loss: 0.227071 | Domain Loss: 3.086833
SSL model saved at epoch 21 with loss 0.227071 to ./exps/cross-subject/DARNet_SSL_FullDARNet_Domain/ssl_models_task1_AAD_MM-AAD_ssl_domain_2025-10-17-11-10-28/ssl_best_model.pt
SSL model saved with loss 0.227071
SSL Epoch 22 | SSL Loss: 0.224594 | Domain Loss: 3.084150
SSL model saved at epoch 22 with loss 0.224594 to ./exps/cross-subject/DARNet_SSL_FullDARNet_Domain/ssl_models_task1_AAD_MM-AAD_ssl_domain_2025-10-17-11-10-28/ssl_best_model.pt
SSL model saved with loss 0.224594
SSL Epoch 23 | SSL Loss: 0.222786 | Domain Loss: 3.082046
SSL model saved at epoch 23 with loss 0.222786 to ./exps/cross-subject/DARNet_SSL_FullDARNet_Domain/ssl_models_task1_AAD_MM-AAD_ssl_domain_2025-10-17-11-10-28/ssl_best_model.pt
SSL model saved with loss 0.222786
SSL Epoch 24 | SSL Loss: 0.220926 | Domain Loss: 3.077868
SSL model saved at epoch 24 with loss 0.220926 to ./exps/cross-subject/DARNet_SSL_FullDARNet_Domain/ssl_models_task1_AAD_MM-AAD_ssl_domain_2025-10-17-11-10-28/ssl_best_model.pt
SSL model saved with loss 0.220926
SSL Epoch 25 | SSL Loss: 0.219447 | Domain Loss: 3.073710
SSL model saved at epoch 25 with loss 0.219447 to ./exps/cross-subject/DARNet_SSL_FullDARNet_Domain/ssl_models_task1_AAD_MM-AAD_ssl_domain_2025-10-17-11-10-28/ssl_best_model.pt
SSL model saved with loss 0.219447
SSL Epoch 26 | SSL Loss: 0.218108 | Domain Loss: 3.068952
SSL model saved at epoch 26 with loss 0.218108 to ./exps/cross-subject/DARNet_SSL_FullDARNet_Domain/ssl_models_task1_AAD_MM-AAD_ssl_domain_2025-10-17-11-10-28/ssl_best_model.pt
SSL model saved with loss 0.218108
SSL Epoch 27 | SSL Loss: 0.216986 | Domain Loss: 3.065399
SSL model saved at epoch 27 with loss 0.216986 to ./exps/cross-subject/DARNet_SSL_FullDARNet_Domain/ssl_models_task1_AAD_MM-AAD_ssl_domain_2025-10-17-11-10-28/ssl_best_model.pt
SSL model saved with loss 0.216986
SSL Epoch 28 | SSL Loss: 0.215660 | Domain Loss: 3.061001
SSL model saved at epoch 28 with loss 0.215660 to ./exps/cross-subject/DARNet_SSL_FullDARNet_Domain/ssl_models_task1_AAD_MM-AAD_ssl_domain_2025-10-17-11-10-28/ssl_best_model.pt
SSL model saved with loss 0.215660
SSL Epoch 29 | SSL Loss: 0.214431 | Domain Loss: 3.057100
SSL model saved at epoch 29 with loss 0.214431 to ./exps/cross-subject/DARNet_SSL_FullDARNet_Domain/ssl_models_task1_AAD_MM-AAD_ssl_domain_2025-10-17-11-10-28/ssl_best_model.pt
SSL model saved with loss 0.214431
SSL Epoch 30 | SSL Loss: 0.213640 | Domain Loss: 3.052277
SSL model saved at epoch 30 with loss 0.213640 to ./exps/cross-subject/DARNet_SSL_FullDARNet_Domain/ssl_models_task1_AAD_MM-AAD_ssl_domain_2025-10-17-11-10-28/ssl_best_model.pt
SSL model saved with loss 0.213640
==================================================
SSL Pre-training completed. Best loss: 0.213640
==================================================
train_data_shape(164500, 32, 128),val_data_shape(32900, 32, 128)
🔄 Loading SSL pre-trained weights from: ./exps/cross-subject/DARNet_SSL_FullDARNet_Domain/ssl_models_task1_AAD_MM-AAD_ssl_domain_2025-10-17-11-10-28/ssl_best_model.pt
📋 Available keys in SSL checkpoint: 73 total
  - subject_discriminator.classifier.0.weight: torch.Size([256, 8])
  - subject_discriminator.classifier.0.bias: torch.Size([256])
  - subject_discriminator.classifier.3.weight: torch.Size([128, 256])
  - subject_discriminator.classifier.3.bias: torch.Size([128])
  - subject_discriminator.classifier.6.weight: torch.Size([30, 128])
  - subject_discriminator.classifier.6.bias: torch.Size([30])
  - token_embedding.embed_layer.0.weight: torch.Size([64, 1, 1, 8])
  - token_embedding.embed_layer.0.bias: torch.Size([64])
  - token_embedding.embed_layer.1.weight: torch.Size([64])
  - token_embedding.embed_layer.1.bias: torch.Size([64])
  - token_embedding.embed_layer.1.running_mean: torch.Size([64])
  - token_embedding.embed_layer.1.running_var: torch.Size([64])
  - token_embedding.embed_layer.1.num_batches_tracked: torch.Size([])
  - token_embedding.embed_layer2.0.weight: torch.Size([16, 64, 32, 1])
  - token_embedding.embed_layer2.0.bias: torch.Size([16])
  - token_embedding.embed_layer2.1.weight: torch.Size([16])
  - token_embedding.embed_layer2.1.bias: torch.Size([16])
  - token_embedding.embed_layer2.1.running_mean: torch.Size([16])
  - token_embedding.embed_layer2.1.running_var: torch.Size([16])
  - token_embedding.embed_layer2.1.num_batches_tracked: torch.Size([])
  - token_embedding.position_embedding.pe: torch.Size([1, 5000, 16])
  - ssl_decoder.feature_expand.0.weight: torch.Size([256, 8])
  - ssl_decoder.feature_expand.0.bias: torch.Size([256])
  - ssl_decoder.feature_expand.3.weight: torch.Size([512, 256])
  - ssl_decoder.feature_expand.3.bias: torch.Size([512])
  - ssl_decoder.feature_expand.6.weight: torch.Size([8192, 512])
  - ssl_decoder.feature_expand.6.bias: torch.Size([8192])
  - ssl_decoder.temporal_conv1.0.weight: torch.Size([128, 64, 3])
  - ssl_decoder.temporal_conv1.0.bias: torch.Size([128])
  - ssl_decoder.temporal_conv1.1.weight: torch.Size([128])
  - ssl_decoder.temporal_conv1.1.bias: torch.Size([128])
  - ssl_decoder.temporal_conv1.1.running_mean: torch.Size([128])
  - ssl_decoder.temporal_conv1.1.running_var: torch.Size([128])
  - ssl_decoder.temporal_conv1.1.num_batches_tracked: torch.Size([])
  - ssl_decoder.temporal_conv2.0.weight: torch.Size([64, 128, 3])
  - ssl_decoder.temporal_conv2.0.bias: torch.Size([64])
  - ssl_decoder.temporal_conv2.1.weight: torch.Size([64])
  - ssl_decoder.temporal_conv2.1.bias: torch.Size([64])
  - ssl_decoder.temporal_conv2.1.running_mean: torch.Size([64])
  - ssl_decoder.temporal_conv2.1.running_var: torch.Size([64])
  - ssl_decoder.temporal_conv2.1.num_batches_tracked: torch.Size([])
  - ssl_decoder.final_conv.weight: torch.Size([32, 64, 1])
  - ssl_decoder.final_conv.bias: torch.Size([32])
  - out.weight: torch.Size([2, 8])
  - out.bias: torch.Size([2])
  - stack1.attention.attention_layer.key.weight: torch.Size([16, 16])
  - stack1.attention.attention_layer.value.weight: torch.Size([16, 16])
  - stack1.attention.attention_layer.query.weight: torch.Size([16, 16])
  - stack1.attention.attention_layer.to_out.weight: torch.Size([16])
  - stack1.attention.attention_layer.to_out.bias: torch.Size([16])
  - stack1.conv_layer.downConv.weight: torch.Size([16, 16, 3])
  - stack1.conv_layer.downConv.bias: torch.Size([16])
  - stack1.conv_layer.norm.weight: torch.Size([16])
  - stack1.conv_layer.norm.bias: torch.Size([16])
  - stack1.conv_layer.norm.running_mean: torch.Size([16])
  - stack1.conv_layer.norm.running_var: torch.Size([16])
  - stack1.conv_layer.norm.num_batches_tracked: torch.Size([])
  - stack1.out.weight: torch.Size([4, 16])
  - stack1.out.bias: torch.Size([4])
  - stack2.attention.attention_layer.key.weight: torch.Size([16, 16])
  - stack2.attention.attention_layer.value.weight: torch.Size([16, 16])
  - stack2.attention.attention_layer.query.weight: torch.Size([16, 16])
  - stack2.attention.attention_layer.to_out.weight: torch.Size([16])
  - stack2.attention.attention_layer.to_out.bias: torch.Size([16])
  - stack2.conv_layer.downConv.weight: torch.Size([16, 16, 3])
  - stack2.conv_layer.downConv.bias: torch.Size([16])
  - stack2.conv_layer.norm.weight: torch.Size([16])
  - stack2.conv_layer.norm.bias: torch.Size([16])
  - stack2.conv_layer.norm.running_mean: torch.Size([16])
  - stack2.conv_layer.norm.running_var: torch.Size([16])
  - stack2.conv_layer.norm.num_batches_tracked: torch.Size([])
  - stack2.out.weight: torch.Size([4, 16])
  - stack2.out.bias: torch.Size([4])
🎯 SSL approach detected: full_darnet
  ❌ Skipping: subject_discriminator.classifier.0.weight (decoder component)
  ❌ Skipping: subject_discriminator.classifier.0.bias (decoder component)
  ❌ Skipping: subject_discriminator.classifier.3.weight (decoder component)
  ❌ Skipping: subject_discriminator.classifier.3.bias (decoder component)
  ❌ Skipping: subject_discriminator.classifier.6.weight (decoder component)
  ❌ Skipping: subject_discriminator.classifier.6.bias (decoder component)
  ✅ Loading: token_embedding.embed_layer.0.weight -> torch.Size([64, 1, 1, 8])
  ✅ Loading: token_embedding.embed_layer.0.bias -> torch.Size([64])
  ✅ Loading: token_embedding.embed_layer.1.weight -> torch.Size([64])
  ✅ Loading: token_embedding.embed_layer.1.bias -> torch.Size([64])
  ✅ Loading: token_embedding.embed_layer.1.running_mean -> torch.Size([64])
  ✅ Loading: token_embedding.embed_layer.1.running_var -> torch.Size([64])
  ✅ Loading: token_embedding.embed_layer.1.num_batches_tracked -> torch.Size([])
  ✅ Loading: token_embedding.embed_layer2.0.weight -> torch.Size([16, 64, 32, 1])
  ✅ Loading: token_embedding.embed_layer2.0.bias -> torch.Size([16])
  ✅ Loading: token_embedding.embed_layer2.1.weight -> torch.Size([16])
  ✅ Loading: token_embedding.embed_layer2.1.bias -> torch.Size([16])
  ✅ Loading: token_embedding.embed_layer2.1.running_mean -> torch.Size([16])
  ✅ Loading: token_embedding.embed_layer2.1.running_var -> torch.Size([16])
  ✅ Loading: token_embedding.embed_layer2.1.num_batches_tracked -> torch.Size([])
  ✅ Loading: token_embedding.position_embedding.pe -> torch.Size([1, 5000, 16])
  ❌ Skipping: ssl_decoder.feature_expand.0.weight (decoder component)
  ❌ Skipping: ssl_decoder.feature_expand.0.bias (decoder component)
  ❌ Skipping: ssl_decoder.feature_expand.3.weight (decoder component)
  ❌ Skipping: ssl_decoder.feature_expand.3.bias (decoder component)
  ❌ Skipping: ssl_decoder.feature_expand.6.weight (decoder component)
  ❌ Skipping: ssl_decoder.feature_expand.6.bias (decoder component)
  ❌ Skipping: ssl_decoder.temporal_conv1.0.weight (decoder component)
  ❌ Skipping: ssl_decoder.temporal_conv1.0.bias (decoder component)
  ❌ Skipping: ssl_decoder.temporal_conv1.1.weight (decoder component)
  ❌ Skipping: ssl_decoder.temporal_conv1.1.bias (decoder component)
  ❌ Skipping: ssl_decoder.temporal_conv1.1.running_mean (decoder component)
  ❌ Skipping: ssl_decoder.temporal_conv1.1.running_var (decoder component)
  ❌ Skipping: ssl_decoder.temporal_conv1.1.num_batches_tracked (decoder component)
  ❌ Skipping: ssl_decoder.temporal_conv2.0.weight (decoder component)
  ❌ Skipping: ssl_decoder.temporal_conv2.0.bias (decoder component)
  ❌ Skipping: ssl_decoder.temporal_conv2.1.weight (decoder component)
  ❌ Skipping: ssl_decoder.temporal_conv2.1.bias (decoder component)
  ❌ Skipping: ssl_decoder.temporal_conv2.1.running_mean (decoder component)
  ❌ Skipping: ssl_decoder.temporal_conv2.1.running_var (decoder component)
  ❌ Skipping: ssl_decoder.temporal_conv2.1.num_batches_tracked (decoder component)
  ❌ Skipping: ssl_decoder.final_conv.weight (decoder component)
  ❌ Skipping: ssl_decoder.final_conv.bias (decoder component)
  ❌ Skipping: out.weight (decoder component)
  ❌ Skipping: out.bias (decoder component)
  ✅ Loading: stack1.attention.attention_layer.key.weight -> torch.Size([16, 16])
  ✅ Loading: stack1.attention.attention_layer.value.weight -> torch.Size([16, 16])
  ✅ Loading: stack1.attention.attention_layer.query.weight -> torch.Size([16, 16])
  ✅ Loading: stack1.attention.attention_layer.to_out.weight -> torch.Size([16])
  ✅ Loading: stack1.attention.attention_layer.to_out.bias -> torch.Size([16])
  ✅ Loading: stack1.conv_layer.downConv.weight -> torch.Size([16, 16, 3])
  ✅ Loading: stack1.conv_layer.downConv.bias -> torch.Size([16])
  ✅ Loading: stack1.conv_layer.norm.weight -> torch.Size([16])
  ✅ Loading: stack1.conv_layer.norm.bias -> torch.Size([16])
  ✅ Loading: stack1.conv_layer.norm.running_mean -> torch.Size([16])
  ✅ Loading: stack1.conv_layer.norm.running_var -> torch.Size([16])
  ✅ Loading: stack1.conv_layer.norm.num_batches_tracked -> torch.Size([])
  ✅ Loading: stack1.out.weight -> torch.Size([4, 16])
  ✅ Loading: stack1.out.bias -> torch.Size([4])
  ✅ Loading: stack2.attention.attention_layer.key.weight -> torch.Size([16, 16])
  ✅ Loading: stack2.attention.attention_layer.value.weight -> torch.Size([16, 16])
  ✅ Loading: stack2.attention.attention_layer.query.weight -> torch.Size([16, 16])
  ✅ Loading: stack2.attention.attention_layer.to_out.weight -> torch.Size([16])
  ✅ Loading: stack2.attention.attention_layer.to_out.bias -> torch.Size([16])
  ✅ Loading: stack2.conv_layer.downConv.weight -> torch.Size([16, 16, 3])
  ✅ Loading: stack2.conv_layer.downConv.bias -> torch.Size([16])
  ✅ Loading: stack2.conv_layer.norm.weight -> torch.Size([16])
  ✅ Loading: stack2.conv_layer.norm.bias -> torch.Size([16])
  ✅ Loading: stack2.conv_layer.norm.running_mean -> torch.Size([16])
  ✅ Loading: stack2.conv_layer.norm.running_var -> torch.Size([16])
  ✅ Loading: stack2.conv_layer.norm.num_batches_tracked -> torch.Size([])
  ✅ Loading: stack2.out.weight -> torch.Size([4, 16])
  ✅ Loading: stack2.out.bias -> torch.Size([4])
🔧 Loading 43 encoder components into fine-tuning model...
⚠️  Missing keys (newly initialized): ['subject_discriminator.classifier.0.weight', 'subject_discriminator.classifier.0.bias', 'subject_discriminator.classifier.3.weight', 'subject_discriminator.classifier.3.bias', 'subject_discriminator.classifier.6.weight', 'subject_discriminator.classifier.6.bias', 'ssl_decoder.feature_expand.0.weight', 'ssl_decoder.feature_expand.0.bias', 'ssl_decoder.feature_expand.3.weight', 'ssl_decoder.feature_expand.3.bias', 'ssl_decoder.feature_expand.6.weight', 'ssl_decoder.feature_expand.6.bias', 'ssl_decoder.temporal_conv1.0.weight', 'ssl_decoder.temporal_conv1.0.bias', 'ssl_decoder.temporal_conv1.1.weight', 'ssl_decoder.temporal_conv1.1.bias', 'ssl_decoder.temporal_conv1.1.running_mean', 'ssl_decoder.temporal_conv1.1.running_var', 'ssl_decoder.temporal_conv2.0.weight', 'ssl_decoder.temporal_conv2.0.bias', 'ssl_decoder.temporal_conv2.1.weight', 'ssl_decoder.temporal_conv2.1.bias', 'ssl_decoder.temporal_conv2.1.running_mean', 'ssl_decoder.temporal_conv2.1.running_var', 'ssl_decoder.final_conv.weight', 'ssl_decoder.final_conv.bias', 'out.weight', 'out.bias']
✅ Successfully loaded SSL pre-trained weights!
🎯 SSL decoder removed, feature classifier ready for fine-tuning
==================================================
Starting Fine-tuning
==================================================
=================================================================
Layer (type:depth-idx)                   Param #
=================================================================
DARNet                                   --
├─GradientReversalLayer: 1-1             --
├─SubjectDiscriminator: 1-2              --
│    └─Sequential: 2-1                   --
│    │    └─Linear: 3-1                  2,304
│    │    └─ReLU: 3-2                    --
│    │    └─Dropout: 3-3                 --
│    │    └─Linear: 3-4                  32,896
│    │    └─ReLU: 3-5                    --
│    │    └─Dropout: 3-6                 --
│    │    └─Linear: 3-7                  3,870
├─TokenEmbeddingOriginal: 1-3            --
│    └─Sequential: 2-2                   --
│    │    └─Conv2d: 3-8                  576
│    │    └─BatchNorm2d: 3-9             128
│    │    └─GELU: 3-10                   --
│    └─Sequential: 2-3                   --
│    │    └─Conv2d: 3-11                 32,784
│    │    └─BatchNorm2d: 3-12            32
│    │    └─GELU: 3-13                   --
│    └─PositionalEmbedding: 2-4          --
├─EEGFullDARNetDecoder: 1-4              --
│    └─Sequential: 2-5                   --
│    │    └─Linear: 3-14                 2,304
│    │    └─ReLU: 3-15                   --
│    │    └─Dropout: 3-16                --
│    │    └─Linear: 3-17                 131,584
│    │    └─ReLU: 3-18                   --
│    │    └─Dropout: 3-19                --
│    │    └─Linear: 3-20                 4,202,496
│    └─Sequential: 2-6                   --
│    │    └─Conv1d: 3-21                 24,704
│    │    └─BatchNorm1d: 3-22            256
│    │    └─ReLU: 3-23                   --
│    │    └─Dropout: 3-24                --
│    └─Sequential: 2-7                   --
│    │    └─Conv1d: 3-25                 24,640
│    │    └─BatchNorm1d: 3-26            128
│    │    └─ReLU: 3-27                   --
│    │    └─Dropout: 3-28                --
│    └─Conv1d: 2-8                       2,080
├─Flatten: 1-5                           --
├─Linear: 1-6                            18
├─AttnRefine: 1-7                        --
│    └─MyAttention: 2-9                  --
│    │    └─Attention: 3-29              800
│    └─Refine: 2-10                      --
│    │    └─Conv1d: 3-30                 784
│    │    └─BatchNorm1d: 3-31            32
│    │    └─ELU: 3-32                    --
│    │    └─MaxPool1d: 3-33              --
│    └─AdaptiveAvgPool1d: 2-11           --
│    └─Linear: 2-12                      68
│    └─Flatten: 2-13                     --
├─AttnRefine: 1-8                        --
│    └─MyAttention: 2-14                 --
│    │    └─Attention: 3-34              800
│    └─Refine: 2-15                      --
│    │    └─Conv1d: 3-35                 784
│    │    └─BatchNorm1d: 3-36            32
│    │    └─ELU: 3-37                    --
│    │    └─MaxPool1d: 3-38              --
│    └─AdaptiveAvgPool1d: 2-16           --
│    └─Linear: 2-17                      68
│    └─Flatten: 2-18                     --
=================================================================
Total params: 4,464,168
Trainable params: 4,464,168
Non-trainable params: 0
=================================================================
TestSub: S[16, 17, 18, 19, 20] Epoch  1 Finsh | Now_lr 0.0005/0.0005 | Lambda 0.0075 | Train Loss 0.4846 | Domain Loss 3.1342 | Valid Loss 1.2985 | Train Acc 74.1336| Valid Acc 49.9818
Validation acc increase (0.000000 --> 49.981761) in epoch (1).  Saving model ...
TestSub: S[16, 17, 18, 19, 20] Epoch  2 Finsh | Now_lr 0.0005/0.0005 | Lambda 0.0150 | Train Loss 0.3391 | Domain Loss 3.0801 | Valid Loss 1.5860 | Train Acc 84.2048| Valid Acc 51.6598
Validation acc increase (49.981761 --> 51.659776) in epoch (2).  Saving model ...
TestSub: S[16, 17, 18, 19, 20] Epoch  3 Finsh | Now_lr 0.0005/0.0005 | Lambda 0.0223 | Train Loss 0.2713 | Domain Loss 3.0767 | Valid Loss 1.9401 | Train Acc 87.9724| Valid Acc 50.9728
TestSub: S[16, 17, 18, 19, 20] Epoch  4 Finsh | Now_lr 0.0005/0.0005 | Lambda 0.0296 | Train Loss 0.2140 | Domain Loss 3.0729 | Valid Loss 2.1284 | Train Acc 90.8615| Valid Acc 52.5474
Validation acc increase (51.659776 --> 52.547422) in epoch (4).  Saving model ...
TestSub: S[16, 17, 18, 19, 20] Epoch  5 Finsh | Now_lr 0.0005/0.0005 | Lambda 0.0367 | Train Loss 0.1688 | Domain Loss 3.0886 | Valid Loss 2.4388 | Train Acc 93.0533| Valid Acc 53.6266
Validation acc increase (52.547422 --> 53.626581) in epoch (5).  Saving model ...
TestSub: S[16, 17, 18, 19, 20] Epoch  6 Finsh | Now_lr 0.0005/0.0005 | Lambda 0.0437 | Train Loss 0.1348 | Domain Loss 3.0863 | Valid Loss 2.8382 | Train Acc 94.6638| Valid Acc 52.7541
TestSub: S[16, 17, 18, 19, 20] Epoch  7 Finsh | Now_lr 0.0005/0.0005 | Lambda 0.0505 | Train Loss 0.1124 | Domain Loss 3.1085 | Valid Loss 2.6739 | Train Acc 95.5958| Valid Acc 52.3529
TestSub: S[16, 17, 18, 19, 20] Epoch  8 Finsh | Now_lr 0.0005/0.0005 | Lambda 0.0570 | Train Loss 0.0957 | Domain Loss 3.1260 | Valid Loss 3.0402 | Train Acc 96.3619| Valid Acc 52.2130
TestSub: S[16, 17, 18, 19, 20] Epoch  9 Finsh | Now_lr 0.0005/0.0005 | Lambda 0.0633 | Train Loss 0.0873 | Domain Loss 3.1370 | Valid Loss 3.1062 | Train Acc 96.7315| Valid Acc 51.7723
TestSub: S[16, 17, 18, 19, 20] Epoch 10 Finsh | Now_lr 0.0005/0.0005 | Lambda 0.0693 | Train Loss 0.0753 | Domain Loss 3.1551 | Valid Loss 2.9702 | Train Acc 97.2203| Valid Acc 52.6021
TestSub: S[16, 17, 18, 19, 20] Epoch 11 Finsh | Now_lr 0.0005/0.0005 | Lambda 0.0751 | Train Loss 0.0686 | Domain Loss 3.1546 | Valid Loss 3.0380 | Train Acc 97.4593| Valid Acc 50.1094
TestSub: S[16, 17, 18, 19, 20] Epoch 12 Finsh | Now_lr 0.0005/0.0005 | Lambda 0.0806 | Train Loss 0.0609 | Domain Loss 3.1650 | Valid Loss 3.3060 | Train Acc 97.8283| Valid Acc 50.1702
TestSub: S[16, 17, 18, 19, 20] Epoch 13 Finsh | Now_lr 0.0005/0.0005 | Lambda 0.0858 | Train Loss 0.0565 | Domain Loss 3.1710 | Valid Loss 3.3844 | Train Acc 97.9232| Valid Acc 51.2798
TestSub: S[16, 17, 18, 19, 20] Epoch 14 Finsh | Now_lr 0.0005/0.0005 | Lambda 0.0907 | Train Loss 0.0539 | Domain Loss 3.1674 | Valid Loss 3.3223 | Train Acc 98.0478| Valid Acc 49.4467
TestSub: S[16, 17, 18, 19, 20] Epoch 15 Finsh | Now_lr 0.0005/0.0005 | Lambda 0.0953 | Train Loss 0.0496 | Domain Loss 3.1735 | Valid Loss 3.6362 | Train Acc 98.2405| Valid Acc 51.0761
TestSub: S[16, 17, 18, 19, 20] Epoch 16 Finsh | Now_lr 0.0005/0.0005 | Lambda 0.0996 | Train Loss 0.0458 | Domain Loss 3.1861 | Valid Loss 3.6846 | Train Acc 98.3366| Valid Acc 48.9877
TestSub: S[16, 17, 18, 19, 20] Epoch 17 Finsh | Now_lr 0.0005/0.0005 | Lambda 0.1037 | Train Loss 0.0431 | Domain Loss 3.1853 | Valid Loss 3.5915 | Train Acc 98.4484| Valid Acc 49.0698
TestSub: S[16, 17, 18, 19, 20] Epoch 18 Finsh | Now_lr 0.0005/0.0005 | Lambda 0.1074 | Train Loss 0.0391 | Domain Loss 3.1916 | Valid Loss 3.7304 | Train Acc 98.6181| Valid Acc 47.6411
TestSub: S[16, 17, 18, 19, 20] Epoch 19 Finsh | Now_lr 0.0005/0.0005 | Lambda 0.1110 | Train Loss 0.0352 | Domain Loss 3.1927 | Valid Loss 3.8911 | Train Acc 98.7761| Valid Acc 49.1458
TestSub: S[16, 17, 18, 19, 20] Epoch 20 Finsh | Now_lr 0.0005/0.0005 | Lambda 0.1142 | Train Loss 0.0343 | Domain Loss 3.1965 | Valid Loss 3.7388 | Train Acc 98.7913| Valid Acc 47.8842
TestSub: S[16, 17, 18, 19, 20] Epoch 21 Finsh | Now_lr 0.0005/0.0005 | Lambda 0.1173 | Train Loss 0.0320 | Domain Loss 3.1985 | Valid Loss 3.7041 | Train Acc 98.8874| Valid Acc 50.2432
TestSub: S[16, 17, 18, 19, 20] Epoch 22 Finsh | Now_lr 0.0005/0.0005 | Lambda 0.1201 | Train Loss 0.0306 | Domain Loss 3.1978 | Valid Loss 3.8655 | Train Acc 98.9494| Valid Acc 46.4829
TestSub: S[16, 17, 18, 19, 20] Epoch 23 Finsh | Now_lr 0.0005/0.0005 | Lambda 0.1227 | Train Loss 0.0305 | Domain Loss 3.2000 | Valid Loss 4.0635 | Train Acc 98.9470| Valid Acc 47.9511
TestSub: S[16, 17, 18, 19, 20] Epoch 24 Finsh | Now_lr 0.0005/0.0005 | Lambda 0.1250 | Train Loss 0.0289 | Domain Loss 3.1999 | Valid Loss 3.5475 | Train Acc 99.0047| Valid Acc 48.7415
TestSub: S[16, 17, 18, 19, 20] Epoch 25 Finsh | Now_lr 0.0005/0.0005 | Lambda 0.1272 | Train Loss 0.0263 | Domain Loss 3.2023 | Valid Loss 4.0294 | Train Acc 99.0953| Valid Acc 48.6077
TestSub: S[16, 17, 18, 19, 20] Epoch 26 Finsh | Now_lr 0.0005/0.0005 | Lambda 0.1293 | Train Loss 0.0251 | Domain Loss 3.2002 | Valid Loss 4.0996 | Train Acc 99.1555| Valid Acc 46.4008
TestSub: S[16, 17, 18, 19, 20] Epoch 27 Finsh | Now_lr 0.0005/0.0005 | Lambda 0.1311 | Train Loss 0.0256 | Domain Loss 3.2026 | Valid Loss 4.1149 | Train Acc 99.1002| Valid Acc 47.5803
TestSub: S[16, 17, 18, 19, 20] Epoch 28 Finsh | Now_lr 0.0005/0.0005 | Lambda 0.1328 | Train Loss 0.0238 | Domain Loss 3.2027 | Valid Loss 4.0221 | Train Acc 99.1488| Valid Acc 48.0028
TestSub: S[16, 17, 18, 19, 20] Epoch 29 Finsh | Now_lr 0.0005/0.0005 | Lambda 0.1344 | Train Loss 0.0221 | Domain Loss 3.2002 | Valid Loss 4.0978 | Train Acc 99.2412| Valid Acc 48.5469
TestSub: S[16, 17, 18, 19, 20] Epoch 30 Finsh | Now_lr 0.0005/0.0005 | Lambda 0.1358 | Train Loss 0.0211 | Domain Loss 3.2043 | Valid Loss 4.1383 | Train Acc 99.2692| Valid Acc 47.2124
TestSub: S[16, 17, 18, 19, 20] Epoch 31 Finsh | Now_lr 0.0005/0.0005 | Lambda 0.1371 | Train Loss 0.0217 | Domain Loss 3.2076 | Valid Loss 4.3089 | Train Acc 99.2388| Valid Acc 47.0878
TestSub: S[16, 17, 18, 19, 20] Epoch 32 Finsh | Now_lr 0.0005/0.0005 | Lambda 0.1383 | Train Loss 0.0209 | Domain Loss 3.2078 | Valid Loss 4.0585 | Train Acc 99.2844| Valid Acc 46.7747
TestSub: S[16, 17, 18, 19, 20] Epoch 33 Finsh | Now_lr 0.0005/0.0005 | Lambda 0.1393 | Train Loss 0.0191 | Domain Loss 3.2116 | Valid Loss 4.2694 | Train Acc 99.3489| Valid Acc 46.7017
TestSub: S[16, 17, 18, 19, 20] Epoch 34 Finsh | Now_lr 0.0005/0.0005 | Lambda 0.1403 | Train Loss 0.0196 | Domain Loss 3.2112 | Valid Loss 4.0205 | Train Acc 99.3337| Valid Acc 47.8356
TestSub: S[16, 17, 18, 19, 20] Epoch 35 Finsh | Now_lr 0.0005/0.0005 | Lambda 0.1412 | Train Loss 0.0192 | Domain Loss 3.2103 | Valid Loss 4.1036 | Train Acc 99.3470| Valid Acc 47.4343
Early stopping triggered after 35 epochs (30 epochs without improvement)
--------------------------------------------------
Test_Subject :S[16, 17, 18, 19, 20] |Best epoch:5 | Test Loss:2.4388 | Best Acc 53.6266 | Savemodel Acc 53.6266
--------------------------------------------------

========== Fold 5 ==========
Train IDs: [1, 2, 3, 4, 5, 6, 7, 8, 9, 10, 11, 12, 13, 14, 15, 16, 17, 18, 19, 20, 26, 27, 28, 29, 30]
Val IDs:   [21, 22, 23, 24, 25]
================================================================================
SSL PRE-TRAINING PHASE WITH DOMAIN ADVERSARIAL TRAINING
================================================================================
Loading SSL data with subject IDs for subjects: [1, 2, 3, 4, 5, 6, 7, 8, 9, 10, 11, 12, 13, 14, 15, 16, 17, 18, 19, 20, 26, 27, 28, 29, 30]
Loaded subject S1: (6580, 32, 128), Subject ID: 0
Loaded subject S2: (6580, 32, 128), Subject ID: 1
Loaded subject S3: (6580, 32, 128), Subject ID: 2
Loaded subject S4: (6580, 32, 128), Subject ID: 3
Loaded subject S5: (6580, 32, 128), Subject ID: 4
Loaded subject S6: (6580, 32, 128), Subject ID: 5
Loaded subject S7: (6580, 32, 128), Subject ID: 6
Loaded subject S8: (6580, 32, 128), Subject ID: 7
Loaded subject S9: (6580, 32, 128), Subject ID: 8
Loaded subject S10: (6580, 32, 128), Subject ID: 9
Loaded subject S11: (6580, 32, 128), Subject ID: 10
Loaded subject S12: (6580, 32, 128), Subject ID: 11
Loaded subject S13: (6580, 32, 128), Subject ID: 12
Loaded subject S14: (6580, 32, 128), Subject ID: 13
Loaded subject S15: (6580, 32, 128), Subject ID: 14
Loaded subject S16: (6580, 32, 128), Subject ID: 15
Loaded subject S17: (6580, 32, 128), Subject ID: 16
Loaded subject S18: (6580, 32, 128), Subject ID: 17
Loaded subject S19: (6580, 32, 128), Subject ID: 18
Loaded subject S20: (6580, 32, 128), Subject ID: 19
Loaded subject S26: (6580, 32, 128), Subject ID: 25
Loaded subject S27: (6580, 32, 128), Subject ID: 26
Loaded subject S28: (6580, 32, 128), Subject ID: 27
Loaded subject S29: (6580, 32, 128), Subject ID: 28
Loaded subject S30: (6580, 32, 128), Subject ID: 29
Total SSL data shape: (164500, 32, 128)
Total subject IDs: 164500
🏗️  SSL Model Architecture:
   - SSL Enabled: True
   - SSL Approach: full_darnet
   - Domain Adversarial: True
   - Training Mode: ssl
   - Decoder Type: EEGFullDARNetDecoder
   - Encoder parameters: 36,888
   - Decoder parameters: 4,388,192
   - Domain discriminator parameters: 39,070
   - Total parameters: 4,464,168
   - Decoder/Total ratio: 98.3%
==================================================
Starting SSL Pre-training with Domain Adversarial Training
==================================================
=================================================================
Layer (type:depth-idx)                   Param #
=================================================================
DARNet                                   --
├─GradientReversalLayer: 1-1             --
├─SubjectDiscriminator: 1-2              --
│    └─Sequential: 2-1                   --
│    │    └─Linear: 3-1                  2,304
│    │    └─ReLU: 3-2                    --
│    │    └─Dropout: 3-3                 --
│    │    └─Linear: 3-4                  32,896
│    │    └─ReLU: 3-5                    --
│    │    └─Dropout: 3-6                 --
│    │    └─Linear: 3-7                  3,870
├─TokenEmbeddingOriginal: 1-3            --
│    └─Sequential: 2-2                   --
│    │    └─Conv2d: 3-8                  576
│    │    └─BatchNorm2d: 3-9             128
│    │    └─GELU: 3-10                   --
│    └─Sequential: 2-3                   --
│    │    └─Conv2d: 3-11                 32,784
│    │    └─BatchNorm2d: 3-12            32
│    │    └─GELU: 3-13                   --
│    └─PositionalEmbedding: 2-4          --
├─EEGFullDARNetDecoder: 1-4              --
│    └─Sequential: 2-5                   --
│    │    └─Linear: 3-14                 2,304
│    │    └─ReLU: 3-15                   --
│    │    └─Dropout: 3-16                --
│    │    └─Linear: 3-17                 131,584
│    │    └─ReLU: 3-18                   --
│    │    └─Dropout: 3-19                --
│    │    └─Linear: 3-20                 4,202,496
│    └─Sequential: 2-6                   --
│    │    └─Conv1d: 3-21                 24,704
│    │    └─BatchNorm1d: 3-22            256
│    │    └─ReLU: 3-23                   --
│    │    └─Dropout: 3-24                --
│    └─Sequential: 2-7                   --
│    │    └─Conv1d: 3-25                 24,640
│    │    └─BatchNorm1d: 3-26            128
│    │    └─ReLU: 3-27                   --
│    │    └─Dropout: 3-28                --
│    └─Conv1d: 2-8                       2,080
├─Flatten: 1-5                           --
├─Linear: 1-6                            18
├─AttnRefine: 1-7                        --
│    └─MyAttention: 2-9                  --
│    │    └─Attention: 3-29              800
│    └─Refine: 2-10                      --
│    │    └─Conv1d: 3-30                 784
│    │    └─BatchNorm1d: 3-31            32
│    │    └─ELU: 3-32                    --
│    │    └─MaxPool1d: 3-33              --
│    └─AdaptiveAvgPool1d: 2-11           --
│    └─Linear: 2-12                      68
│    └─Flatten: 2-13                     --
├─AttnRefine: 1-8                        --
│    └─MyAttention: 2-14                 --
│    │    └─Attention: 3-34              800
│    └─Refine: 2-15                      --
│    │    └─Conv1d: 3-35                 784
│    │    └─BatchNorm1d: 3-36            32
│    │    └─ELU: 3-37                    --
│    │    └─MaxPool1d: 3-38              --
│    └─AdaptiveAvgPool1d: 2-16           --
│    └─Linear: 2-17                      68
│    └─Flatten: 2-18                     --
=================================================================
Total params: 4,464,168
Trainable params: 4,464,168
Non-trainable params: 0
=================================================================
SSL Epoch  1 | SSL Loss: 0.501576 | Domain Loss: 3.228437
SSL model saved at epoch 1 with loss 0.501576 to ./exps/cross-subject/DARNet_SSL_FullDARNet_Domain/ssl_models_task1_AAD_MM-AAD_ssl_domain_2025-10-17-11-10-28/ssl_best_model.pt
SSL model saved with loss 0.501576
SSL Epoch  2 | SSL Loss: 0.381551 | Domain Loss: 3.068691
SSL model saved at epoch 2 with loss 0.381551 to ./exps/cross-subject/DARNet_SSL_FullDARNet_Domain/ssl_models_task1_AAD_MM-AAD_ssl_domain_2025-10-17-11-10-28/ssl_best_model.pt
SSL model saved with loss 0.381551
SSL Epoch  3 | SSL Loss: 0.344655 | Domain Loss: 3.082848
SSL model saved at epoch 3 with loss 0.344655 to ./exps/cross-subject/DARNet_SSL_FullDARNet_Domain/ssl_models_task1_AAD_MM-AAD_ssl_domain_2025-10-17-11-10-28/ssl_best_model.pt
SSL model saved with loss 0.344655
SSL Epoch  4 | SSL Loss: 0.323509 | Domain Loss: 3.087273
SSL model saved at epoch 4 with loss 0.323509 to ./exps/cross-subject/DARNet_SSL_FullDARNet_Domain/ssl_models_task1_AAD_MM-AAD_ssl_domain_2025-10-17-11-10-28/ssl_best_model.pt
SSL model saved with loss 0.323509
SSL Epoch  5 | SSL Loss: 0.305552 | Domain Loss: 3.104839
SSL model saved at epoch 5 with loss 0.305552 to ./exps/cross-subject/DARNet_SSL_FullDARNet_Domain/ssl_models_task1_AAD_MM-AAD_ssl_domain_2025-10-17-11-10-28/ssl_best_model.pt
SSL model saved with loss 0.305552
SSL Epoch  6 | SSL Loss: 0.290202 | Domain Loss: 3.084424
SSL model saved at epoch 6 with loss 0.290202 to ./exps/cross-subject/DARNet_SSL_FullDARNet_Domain/ssl_models_task1_AAD_MM-AAD_ssl_domain_2025-10-17-11-10-28/ssl_best_model.pt
SSL model saved with loss 0.290202
SSL Epoch  7 | SSL Loss: 0.279509 | Domain Loss: 3.053573
SSL model saved at epoch 7 with loss 0.279509 to ./exps/cross-subject/DARNet_SSL_FullDARNet_Domain/ssl_models_task1_AAD_MM-AAD_ssl_domain_2025-10-17-11-10-28/ssl_best_model.pt
SSL model saved with loss 0.279509
SSL Epoch  8 | SSL Loss: 0.273132 | Domain Loss: 3.075928
SSL model saved at epoch 8 with loss 0.273132 to ./exps/cross-subject/DARNet_SSL_FullDARNet_Domain/ssl_models_task1_AAD_MM-AAD_ssl_domain_2025-10-17-11-10-28/ssl_best_model.pt
SSL model saved with loss 0.273132
SSL Epoch  9 | SSL Loss: 0.267608 | Domain Loss: 3.063663
SSL model saved at epoch 9 with loss 0.267608 to ./exps/cross-subject/DARNet_SSL_FullDARNet_Domain/ssl_models_task1_AAD_MM-AAD_ssl_domain_2025-10-17-11-10-28/ssl_best_model.pt
SSL model saved with loss 0.267608
SSL Epoch 10 | SSL Loss: 0.264308 | Domain Loss: 3.079456
SSL model saved at epoch 10 with loss 0.264308 to ./exps/cross-subject/DARNet_SSL_FullDARNet_Domain/ssl_models_task1_AAD_MM-AAD_ssl_domain_2025-10-17-11-10-28/ssl_best_model.pt
SSL model saved with loss 0.264308
SSL Epoch 11 | SSL Loss: 0.260390 | Domain Loss: 3.076008
SSL model saved at epoch 11 with loss 0.260390 to ./exps/cross-subject/DARNet_SSL_FullDARNet_Domain/ssl_models_task1_AAD_MM-AAD_ssl_domain_2025-10-17-11-10-28/ssl_best_model.pt
SSL model saved with loss 0.260390
SSL Epoch 12 | SSL Loss: 0.255276 | Domain Loss: 3.039502
SSL model saved at epoch 12 with loss 0.255276 to ./exps/cross-subject/DARNet_SSL_FullDARNet_Domain/ssl_models_task1_AAD_MM-AAD_ssl_domain_2025-10-17-11-10-28/ssl_best_model.pt
SSL model saved with loss 0.255276
SSL Epoch 13 | SSL Loss: 0.250650 | Domain Loss: 3.036481
SSL model saved at epoch 13 with loss 0.250650 to ./exps/cross-subject/DARNet_SSL_FullDARNet_Domain/ssl_models_task1_AAD_MM-AAD_ssl_domain_2025-10-17-11-10-28/ssl_best_model.pt
SSL model saved with loss 0.250650
SSL Epoch 14 | SSL Loss: 0.247799 | Domain Loss: 3.039413
SSL model saved at epoch 14 with loss 0.247799 to ./exps/cross-subject/DARNet_SSL_FullDARNet_Domain/ssl_models_task1_AAD_MM-AAD_ssl_domain_2025-10-17-11-10-28/ssl_best_model.pt
SSL model saved with loss 0.247799
SSL Epoch 15 | SSL Loss: 0.244734 | Domain Loss: 3.039369
SSL model saved at epoch 15 with loss 0.244734 to ./exps/cross-subject/DARNet_SSL_FullDARNet_Domain/ssl_models_task1_AAD_MM-AAD_ssl_domain_2025-10-17-11-10-28/ssl_best_model.pt
SSL model saved with loss 0.244734
SSL Epoch 16 | SSL Loss: 0.242097 | Domain Loss: 3.039278
SSL model saved at epoch 16 with loss 0.242097 to ./exps/cross-subject/DARNet_SSL_FullDARNet_Domain/ssl_models_task1_AAD_MM-AAD_ssl_domain_2025-10-17-11-10-28/ssl_best_model.pt
SSL model saved with loss 0.242097
SSL Epoch 17 | SSL Loss: 0.240056 | Domain Loss: 3.038508
SSL model saved at epoch 17 with loss 0.240056 to ./exps/cross-subject/DARNet_SSL_FullDARNet_Domain/ssl_models_task1_AAD_MM-AAD_ssl_domain_2025-10-17-11-10-28/ssl_best_model.pt
SSL model saved with loss 0.240056
SSL Epoch 18 | SSL Loss: 0.238113 | Domain Loss: 3.038534
SSL model saved at epoch 18 with loss 0.238113 to ./exps/cross-subject/DARNet_SSL_FullDARNet_Domain/ssl_models_task1_AAD_MM-AAD_ssl_domain_2025-10-17-11-10-28/ssl_best_model.pt
SSL model saved with loss 0.238113
SSL Epoch 19 | SSL Loss: 0.236390 | Domain Loss: 3.038088
SSL model saved at epoch 19 with loss 0.236390 to ./exps/cross-subject/DARNet_SSL_FullDARNet_Domain/ssl_models_task1_AAD_MM-AAD_ssl_domain_2025-10-17-11-10-28/ssl_best_model.pt
SSL model saved with loss 0.236390
SSL Epoch 20 | SSL Loss: 0.234540 | Domain Loss: 3.039222
SSL model saved at epoch 20 with loss 0.234540 to ./exps/cross-subject/DARNet_SSL_FullDARNet_Domain/ssl_models_task1_AAD_MM-AAD_ssl_domain_2025-10-17-11-10-28/ssl_best_model.pt
SSL model saved with loss 0.234540
SSL Epoch 21 | SSL Loss: 0.232814 | Domain Loss: 3.040921
SSL model saved at epoch 21 with loss 0.232814 to ./exps/cross-subject/DARNet_SSL_FullDARNet_Domain/ssl_models_task1_AAD_MM-AAD_ssl_domain_2025-10-17-11-10-28/ssl_best_model.pt
SSL model saved with loss 0.232814
SSL Epoch 22 | SSL Loss: 0.231649 | Domain Loss: 3.042326
SSL model saved at epoch 22 with loss 0.231649 to ./exps/cross-subject/DARNet_SSL_FullDARNet_Domain/ssl_models_task1_AAD_MM-AAD_ssl_domain_2025-10-17-11-10-28/ssl_best_model.pt
SSL model saved with loss 0.231649
SSL Epoch 23 | SSL Loss: 0.229917 | Domain Loss: 3.038348
SSL model saved at epoch 23 with loss 0.229917 to ./exps/cross-subject/DARNet_SSL_FullDARNet_Domain/ssl_models_task1_AAD_MM-AAD_ssl_domain_2025-10-17-11-10-28/ssl_best_model.pt
SSL model saved with loss 0.229917
SSL Epoch 24 | SSL Loss: 0.228762 | Domain Loss: 3.038070
SSL model saved at epoch 24 with loss 0.228762 to ./exps/cross-subject/DARNet_SSL_FullDARNet_Domain/ssl_models_task1_AAD_MM-AAD_ssl_domain_2025-10-17-11-10-28/ssl_best_model.pt
SSL model saved with loss 0.228762
SSL Epoch 25 | SSL Loss: 0.227123 | Domain Loss: 3.034953
SSL model saved at epoch 25 with loss 0.227123 to ./exps/cross-subject/DARNet_SSL_FullDARNet_Domain/ssl_models_task1_AAD_MM-AAD_ssl_domain_2025-10-17-11-10-28/ssl_best_model.pt
SSL model saved with loss 0.227123
SSL Epoch 26 | SSL Loss: 0.226076 | Domain Loss: 3.032841
SSL model saved at epoch 26 with loss 0.226076 to ./exps/cross-subject/DARNet_SSL_FullDARNet_Domain/ssl_models_task1_AAD_MM-AAD_ssl_domain_2025-10-17-11-10-28/ssl_best_model.pt
SSL model saved with loss 0.226076
SSL Epoch 27 | SSL Loss: 0.224611 | Domain Loss: 3.028642
SSL model saved at epoch 27 with loss 0.224611 to ./exps/cross-subject/DARNet_SSL_FullDARNet_Domain/ssl_models_task1_AAD_MM-AAD_ssl_domain_2025-10-17-11-10-28/ssl_best_model.pt
SSL model saved with loss 0.224611
SSL Epoch 28 | SSL Loss: 0.223416 | Domain Loss: 3.027688
SSL model saved at epoch 28 with loss 0.223416 to ./exps/cross-subject/DARNet_SSL_FullDARNet_Domain/ssl_models_task1_AAD_MM-AAD_ssl_domain_2025-10-17-11-10-28/ssl_best_model.pt
SSL model saved with loss 0.223416
SSL Epoch 29 | SSL Loss: 0.222925 | Domain Loss: 3.023602
SSL model saved at epoch 29 with loss 0.222925 to ./exps/cross-subject/DARNet_SSL_FullDARNet_Domain/ssl_models_task1_AAD_MM-AAD_ssl_domain_2025-10-17-11-10-28/ssl_best_model.pt
SSL model saved with loss 0.222925
SSL Epoch 30 | SSL Loss: 0.222183 | Domain Loss: 3.022376
SSL model saved at epoch 30 with loss 0.222183 to ./exps/cross-subject/DARNet_SSL_FullDARNet_Domain/ssl_models_task1_AAD_MM-AAD_ssl_domain_2025-10-17-11-10-28/ssl_best_model.pt
SSL model saved with loss 0.222183
==================================================
SSL Pre-training completed. Best loss: 0.222183
==================================================
train_data_shape(164500, 32, 128),val_data_shape(32900, 32, 128)
🔄 Loading SSL pre-trained weights from: ./exps/cross-subject/DARNet_SSL_FullDARNet_Domain/ssl_models_task1_AAD_MM-AAD_ssl_domain_2025-10-17-11-10-28/ssl_best_model.pt
📋 Available keys in SSL checkpoint: 73 total
  - subject_discriminator.classifier.0.weight: torch.Size([256, 8])
  - subject_discriminator.classifier.0.bias: torch.Size([256])
  - subject_discriminator.classifier.3.weight: torch.Size([128, 256])
  - subject_discriminator.classifier.3.bias: torch.Size([128])
  - subject_discriminator.classifier.6.weight: torch.Size([30, 128])
  - subject_discriminator.classifier.6.bias: torch.Size([30])
  - token_embedding.embed_layer.0.weight: torch.Size([64, 1, 1, 8])
  - token_embedding.embed_layer.0.bias: torch.Size([64])
  - token_embedding.embed_layer.1.weight: torch.Size([64])
  - token_embedding.embed_layer.1.bias: torch.Size([64])
  - token_embedding.embed_layer.1.running_mean: torch.Size([64])
  - token_embedding.embed_layer.1.running_var: torch.Size([64])
  - token_embedding.embed_layer.1.num_batches_tracked: torch.Size([])
  - token_embedding.embed_layer2.0.weight: torch.Size([16, 64, 32, 1])
  - token_embedding.embed_layer2.0.bias: torch.Size([16])
  - token_embedding.embed_layer2.1.weight: torch.Size([16])
  - token_embedding.embed_layer2.1.bias: torch.Size([16])
  - token_embedding.embed_layer2.1.running_mean: torch.Size([16])
  - token_embedding.embed_layer2.1.running_var: torch.Size([16])
  - token_embedding.embed_layer2.1.num_batches_tracked: torch.Size([])
  - token_embedding.position_embedding.pe: torch.Size([1, 5000, 16])
  - ssl_decoder.feature_expand.0.weight: torch.Size([256, 8])
  - ssl_decoder.feature_expand.0.bias: torch.Size([256])
  - ssl_decoder.feature_expand.3.weight: torch.Size([512, 256])
  - ssl_decoder.feature_expand.3.bias: torch.Size([512])
  - ssl_decoder.feature_expand.6.weight: torch.Size([8192, 512])
  - ssl_decoder.feature_expand.6.bias: torch.Size([8192])
  - ssl_decoder.temporal_conv1.0.weight: torch.Size([128, 64, 3])
  - ssl_decoder.temporal_conv1.0.bias: torch.Size([128])
  - ssl_decoder.temporal_conv1.1.weight: torch.Size([128])
  - ssl_decoder.temporal_conv1.1.bias: torch.Size([128])
  - ssl_decoder.temporal_conv1.1.running_mean: torch.Size([128])
  - ssl_decoder.temporal_conv1.1.running_var: torch.Size([128])
  - ssl_decoder.temporal_conv1.1.num_batches_tracked: torch.Size([])
  - ssl_decoder.temporal_conv2.0.weight: torch.Size([64, 128, 3])
  - ssl_decoder.temporal_conv2.0.bias: torch.Size([64])
  - ssl_decoder.temporal_conv2.1.weight: torch.Size([64])
  - ssl_decoder.temporal_conv2.1.bias: torch.Size([64])
  - ssl_decoder.temporal_conv2.1.running_mean: torch.Size([64])
  - ssl_decoder.temporal_conv2.1.running_var: torch.Size([64])
  - ssl_decoder.temporal_conv2.1.num_batches_tracked: torch.Size([])
  - ssl_decoder.final_conv.weight: torch.Size([32, 64, 1])
  - ssl_decoder.final_conv.bias: torch.Size([32])
  - out.weight: torch.Size([2, 8])
  - out.bias: torch.Size([2])
  - stack1.attention.attention_layer.key.weight: torch.Size([16, 16])
  - stack1.attention.attention_layer.value.weight: torch.Size([16, 16])
  - stack1.attention.attention_layer.query.weight: torch.Size([16, 16])
  - stack1.attention.attention_layer.to_out.weight: torch.Size([16])
  - stack1.attention.attention_layer.to_out.bias: torch.Size([16])
  - stack1.conv_layer.downConv.weight: torch.Size([16, 16, 3])
  - stack1.conv_layer.downConv.bias: torch.Size([16])
  - stack1.conv_layer.norm.weight: torch.Size([16])
  - stack1.conv_layer.norm.bias: torch.Size([16])
  - stack1.conv_layer.norm.running_mean: torch.Size([16])
  - stack1.conv_layer.norm.running_var: torch.Size([16])
  - stack1.conv_layer.norm.num_batches_tracked: torch.Size([])
  - stack1.out.weight: torch.Size([4, 16])
  - stack1.out.bias: torch.Size([4])
  - stack2.attention.attention_layer.key.weight: torch.Size([16, 16])
  - stack2.attention.attention_layer.value.weight: torch.Size([16, 16])
  - stack2.attention.attention_layer.query.weight: torch.Size([16, 16])
  - stack2.attention.attention_layer.to_out.weight: torch.Size([16])
  - stack2.attention.attention_layer.to_out.bias: torch.Size([16])
  - stack2.conv_layer.downConv.weight: torch.Size([16, 16, 3])
  - stack2.conv_layer.downConv.bias: torch.Size([16])
  - stack2.conv_layer.norm.weight: torch.Size([16])
  - stack2.conv_layer.norm.bias: torch.Size([16])
  - stack2.conv_layer.norm.running_mean: torch.Size([16])
  - stack2.conv_layer.norm.running_var: torch.Size([16])
  - stack2.conv_layer.norm.num_batches_tracked: torch.Size([])
  - stack2.out.weight: torch.Size([4, 16])
  - stack2.out.bias: torch.Size([4])
🎯 SSL approach detected: full_darnet
  ❌ Skipping: subject_discriminator.classifier.0.weight (decoder component)
  ❌ Skipping: subject_discriminator.classifier.0.bias (decoder component)
  ❌ Skipping: subject_discriminator.classifier.3.weight (decoder component)
  ❌ Skipping: subject_discriminator.classifier.3.bias (decoder component)
  ❌ Skipping: subject_discriminator.classifier.6.weight (decoder component)
  ❌ Skipping: subject_discriminator.classifier.6.bias (decoder component)
  ✅ Loading: token_embedding.embed_layer.0.weight -> torch.Size([64, 1, 1, 8])
  ✅ Loading: token_embedding.embed_layer.0.bias -> torch.Size([64])
  ✅ Loading: token_embedding.embed_layer.1.weight -> torch.Size([64])
  ✅ Loading: token_embedding.embed_layer.1.bias -> torch.Size([64])
  ✅ Loading: token_embedding.embed_layer.1.running_mean -> torch.Size([64])
  ✅ Loading: token_embedding.embed_layer.1.running_var -> torch.Size([64])
  ✅ Loading: token_embedding.embed_layer.1.num_batches_tracked -> torch.Size([])
  ✅ Loading: token_embedding.embed_layer2.0.weight -> torch.Size([16, 64, 32, 1])
  ✅ Loading: token_embedding.embed_layer2.0.bias -> torch.Size([16])
  ✅ Loading: token_embedding.embed_layer2.1.weight -> torch.Size([16])
  ✅ Loading: token_embedding.embed_layer2.1.bias -> torch.Size([16])
  ✅ Loading: token_embedding.embed_layer2.1.running_mean -> torch.Size([16])
  ✅ Loading: token_embedding.embed_layer2.1.running_var -> torch.Size([16])
  ✅ Loading: token_embedding.embed_layer2.1.num_batches_tracked -> torch.Size([])
  ✅ Loading: token_embedding.position_embedding.pe -> torch.Size([1, 5000, 16])
  ❌ Skipping: ssl_decoder.feature_expand.0.weight (decoder component)
  ❌ Skipping: ssl_decoder.feature_expand.0.bias (decoder component)
  ❌ Skipping: ssl_decoder.feature_expand.3.weight (decoder component)
  ❌ Skipping: ssl_decoder.feature_expand.3.bias (decoder component)
  ❌ Skipping: ssl_decoder.feature_expand.6.weight (decoder component)
  ❌ Skipping: ssl_decoder.feature_expand.6.bias (decoder component)
  ❌ Skipping: ssl_decoder.temporal_conv1.0.weight (decoder component)
  ❌ Skipping: ssl_decoder.temporal_conv1.0.bias (decoder component)
  ❌ Skipping: ssl_decoder.temporal_conv1.1.weight (decoder component)
  ❌ Skipping: ssl_decoder.temporal_conv1.1.bias (decoder component)
  ❌ Skipping: ssl_decoder.temporal_conv1.1.running_mean (decoder component)
  ❌ Skipping: ssl_decoder.temporal_conv1.1.running_var (decoder component)
  ❌ Skipping: ssl_decoder.temporal_conv1.1.num_batches_tracked (decoder component)
  ❌ Skipping: ssl_decoder.temporal_conv2.0.weight (decoder component)
  ❌ Skipping: ssl_decoder.temporal_conv2.0.bias (decoder component)
  ❌ Skipping: ssl_decoder.temporal_conv2.1.weight (decoder component)
  ❌ Skipping: ssl_decoder.temporal_conv2.1.bias (decoder component)
  ❌ Skipping: ssl_decoder.temporal_conv2.1.running_mean (decoder component)
  ❌ Skipping: ssl_decoder.temporal_conv2.1.running_var (decoder component)
  ❌ Skipping: ssl_decoder.temporal_conv2.1.num_batches_tracked (decoder component)
  ❌ Skipping: ssl_decoder.final_conv.weight (decoder component)
  ❌ Skipping: ssl_decoder.final_conv.bias (decoder component)
  ❌ Skipping: out.weight (decoder component)
  ❌ Skipping: out.bias (decoder component)
  ✅ Loading: stack1.attention.attention_layer.key.weight -> torch.Size([16, 16])
  ✅ Loading: stack1.attention.attention_layer.value.weight -> torch.Size([16, 16])
  ✅ Loading: stack1.attention.attention_layer.query.weight -> torch.Size([16, 16])
  ✅ Loading: stack1.attention.attention_layer.to_out.weight -> torch.Size([16])
  ✅ Loading: stack1.attention.attention_layer.to_out.bias -> torch.Size([16])
  ✅ Loading: stack1.conv_layer.downConv.weight -> torch.Size([16, 16, 3])
  ✅ Loading: stack1.conv_layer.downConv.bias -> torch.Size([16])
  ✅ Loading: stack1.conv_layer.norm.weight -> torch.Size([16])
  ✅ Loading: stack1.conv_layer.norm.bias -> torch.Size([16])
  ✅ Loading: stack1.conv_layer.norm.running_mean -> torch.Size([16])
  ✅ Loading: stack1.conv_layer.norm.running_var -> torch.Size([16])
  ✅ Loading: stack1.conv_layer.norm.num_batches_tracked -> torch.Size([])
  ✅ Loading: stack1.out.weight -> torch.Size([4, 16])
  ✅ Loading: stack1.out.bias -> torch.Size([4])
  ✅ Loading: stack2.attention.attention_layer.key.weight -> torch.Size([16, 16])
  ✅ Loading: stack2.attention.attention_layer.value.weight -> torch.Size([16, 16])
  ✅ Loading: stack2.attention.attention_layer.query.weight -> torch.Size([16, 16])
  ✅ Loading: stack2.attention.attention_layer.to_out.weight -> torch.Size([16])
  ✅ Loading: stack2.attention.attention_layer.to_out.bias -> torch.Size([16])
  ✅ Loading: stack2.conv_layer.downConv.weight -> torch.Size([16, 16, 3])
  ✅ Loading: stack2.conv_layer.downConv.bias -> torch.Size([16])
  ✅ Loading: stack2.conv_layer.norm.weight -> torch.Size([16])
  ✅ Loading: stack2.conv_layer.norm.bias -> torch.Size([16])
  ✅ Loading: stack2.conv_layer.norm.running_mean -> torch.Size([16])
  ✅ Loading: stack2.conv_layer.norm.running_var -> torch.Size([16])
  ✅ Loading: stack2.conv_layer.norm.num_batches_tracked -> torch.Size([])
  ✅ Loading: stack2.out.weight -> torch.Size([4, 16])
  ✅ Loading: stack2.out.bias -> torch.Size([4])
🔧 Loading 43 encoder components into fine-tuning model...
⚠️  Missing keys (newly initialized): ['subject_discriminator.classifier.0.weight', 'subject_discriminator.classifier.0.bias', 'subject_discriminator.classifier.3.weight', 'subject_discriminator.classifier.3.bias', 'subject_discriminator.classifier.6.weight', 'subject_discriminator.classifier.6.bias', 'ssl_decoder.feature_expand.0.weight', 'ssl_decoder.feature_expand.0.bias', 'ssl_decoder.feature_expand.3.weight', 'ssl_decoder.feature_expand.3.bias', 'ssl_decoder.feature_expand.6.weight', 'ssl_decoder.feature_expand.6.bias', 'ssl_decoder.temporal_conv1.0.weight', 'ssl_decoder.temporal_conv1.0.bias', 'ssl_decoder.temporal_conv1.1.weight', 'ssl_decoder.temporal_conv1.1.bias', 'ssl_decoder.temporal_conv1.1.running_mean', 'ssl_decoder.temporal_conv1.1.running_var', 'ssl_decoder.temporal_conv2.0.weight', 'ssl_decoder.temporal_conv2.0.bias', 'ssl_decoder.temporal_conv2.1.weight', 'ssl_decoder.temporal_conv2.1.bias', 'ssl_decoder.temporal_conv2.1.running_mean', 'ssl_decoder.temporal_conv2.1.running_var', 'ssl_decoder.final_conv.weight', 'ssl_decoder.final_conv.bias', 'out.weight', 'out.bias']
✅ Successfully loaded SSL pre-trained weights!
🎯 SSL decoder removed, feature classifier ready for fine-tuning
==================================================
Starting Fine-tuning
==================================================
=================================================================
Layer (type:depth-idx)                   Param #
=================================================================
DARNet                                   --
├─GradientReversalLayer: 1-1             --
├─SubjectDiscriminator: 1-2              --
│    └─Sequential: 2-1                   --
│    │    └─Linear: 3-1                  2,304
│    │    └─ReLU: 3-2                    --
│    │    └─Dropout: 3-3                 --
│    │    └─Linear: 3-4                  32,896
│    │    └─ReLU: 3-5                    --
│    │    └─Dropout: 3-6                 --
│    │    └─Linear: 3-7                  3,870
├─TokenEmbeddingOriginal: 1-3            --
│    └─Sequential: 2-2                   --
│    │    └─Conv2d: 3-8                  576
│    │    └─BatchNorm2d: 3-9             128
│    │    └─GELU: 3-10                   --
│    └─Sequential: 2-3                   --
│    │    └─Conv2d: 3-11                 32,784
│    │    └─BatchNorm2d: 3-12            32
│    │    └─GELU: 3-13                   --
│    └─PositionalEmbedding: 2-4          --
├─EEGFullDARNetDecoder: 1-4              --
│    └─Sequential: 2-5                   --
│    │    └─Linear: 3-14                 2,304
│    │    └─ReLU: 3-15                   --
│    │    └─Dropout: 3-16                --
│    │    └─Linear: 3-17                 131,584
│    │    └─ReLU: 3-18                   --
│    │    └─Dropout: 3-19                --
│    │    └─Linear: 3-20                 4,202,496
│    └─Sequential: 2-6                   --
│    │    └─Conv1d: 3-21                 24,704
│    │    └─BatchNorm1d: 3-22            256
│    │    └─ReLU: 3-23                   --
│    │    └─Dropout: 3-24                --
│    └─Sequential: 2-7                   --
│    │    └─Conv1d: 3-25                 24,640
│    │    └─BatchNorm1d: 3-26            128
│    │    └─ReLU: 3-27                   --
│    │    └─Dropout: 3-28                --
│    └─Conv1d: 2-8                       2,080
├─Flatten: 1-5                           --
├─Linear: 1-6                            18
├─AttnRefine: 1-7                        --
│    └─MyAttention: 2-9                  --
│    │    └─Attention: 3-29              800
│    └─Refine: 2-10                      --
│    │    └─Conv1d: 3-30                 784
│    │    └─BatchNorm1d: 3-31            32
│    │    └─ELU: 3-32                    --
│    │    └─MaxPool1d: 3-33              --
│    └─AdaptiveAvgPool1d: 2-11           --
│    └─Linear: 2-12                      68
│    └─Flatten: 2-13                     --
├─AttnRefine: 1-8                        --
│    └─MyAttention: 2-14                 --
│    │    └─Attention: 3-34              800
│    └─Refine: 2-15                      --
│    │    └─Conv1d: 3-35                 784
│    │    └─BatchNorm1d: 3-36            32
│    │    └─ELU: 3-37                    --
│    │    └─MaxPool1d: 3-38              --
│    └─AdaptiveAvgPool1d: 2-16           --
│    └─Linear: 2-17                      68
│    └─Flatten: 2-18                     --
=================================================================
Total params: 4,464,168
Trainable params: 4,464,168
Non-trainable params: 0
=================================================================
TestSub: S[21, 22, 23, 24, 25] Epoch  1 Finsh | Now_lr 0.0005/0.0005 | Lambda 0.0075 | Train Loss 0.4750 | Domain Loss 3.0975 | Valid Loss 1.3746 | Train Acc 74.9769| Valid Acc 51.2099
Validation acc increase (0.000000 --> 51.209874) in epoch (1).  Saving model ...
TestSub: S[21, 22, 23, 24, 25] Epoch  2 Finsh | Now_lr 0.0005/0.0005 | Lambda 0.0150 | Train Loss 0.2850 | Domain Loss 3.0148 | Valid Loss 1.8556 | Train Acc 87.6216| Valid Acc 51.5595
Validation acc increase (51.209874 --> 51.559460) in epoch (2).  Saving model ...
TestSub: S[21, 22, 23, 24, 25] Epoch  3 Finsh | Now_lr 0.0005/0.0005 | Lambda 0.0223 | Train Loss 0.1994 | Domain Loss 3.0694 | Valid Loss 2.1344 | Train Acc 91.8799| Valid Acc 50.9028
TestSub: S[21, 22, 23, 24, 25] Epoch  4 Finsh | Now_lr 0.0005/0.0005 | Lambda 0.0296 | Train Loss 0.1521 | Domain Loss 3.0603 | Valid Loss 2.3819 | Train Acc 93.9968| Valid Acc 48.9847
TestSub: S[21, 22, 23, 24, 25] Epoch  5 Finsh | Now_lr 0.0005/0.0005 | Lambda 0.0367 | Train Loss 0.1218 | Domain Loss 3.1036 | Valid Loss 2.5065 | Train Acc 95.2833| Valid Acc 49.7112
TestSub: S[21, 22, 23, 24, 25] Epoch  6 Finsh | Now_lr 0.0005/0.0005 | Lambda 0.0437 | Train Loss 0.1017 | Domain Loss 3.1177 | Valid Loss 2.8406 | Train Acc 96.0652| Valid Acc 50.0517
TestSub: S[21, 22, 23, 24, 25] Epoch  7 Finsh | Now_lr 0.0005/0.0005 | Lambda 0.0505 | Train Loss 0.0878 | Domain Loss 3.1278 | Valid Loss 2.7934 | Train Acc 96.7254| Valid Acc 49.8997
TestSub: S[21, 22, 23, 24, 25] Epoch  8 Finsh | Now_lr 0.0005/0.0005 | Lambda 0.0570 | Train Loss 0.0752 | Domain Loss 3.1203 | Valid Loss 2.9347 | Train Acc 97.1845| Valid Acc 50.4833
TestSub: S[21, 22, 23, 24, 25] Epoch  9 Finsh | Now_lr 0.0005/0.0005 | Lambda 0.0633 | Train Loss 0.0674 | Domain Loss 3.1313 | Valid Loss 3.2519 | Train Acc 97.5036| Valid Acc 48.9634
TestSub: S[21, 22, 23, 24, 25] Epoch 10 Finsh | Now_lr 0.0005/0.0005 | Lambda 0.0693 | Train Loss 0.0592 | Domain Loss 3.1469 | Valid Loss 3.0252 | Train Acc 97.8703| Valid Acc 50.3009
TestSub: S[21, 22, 23, 24, 25] Epoch 11 Finsh | Now_lr 0.0005/0.0005 | Lambda 0.0751 | Train Loss 0.0543 | Domain Loss 3.1566 | Valid Loss 3.0126 | Train Acc 98.0466| Valid Acc 49.7416
TestSub: S[21, 22, 23, 24, 25] Epoch 12 Finsh | Now_lr 0.0005/0.0005 | Lambda 0.0806 | Train Loss 0.0500 | Domain Loss 3.1494 | Valid Loss 3.2720 | Train Acc 98.2077| Valid Acc 48.4740
TestSub: S[21, 22, 23, 24, 25] Epoch 13 Finsh | Now_lr 0.0005/0.0005 | Lambda 0.0858 | Train Loss 0.0469 | Domain Loss 3.1741 | Valid Loss 3.4914 | Train Acc 98.3335| Valid Acc 50.0638
TestSub: S[21, 22, 23, 24, 25] Epoch 14 Finsh | Now_lr 0.0005/0.0005 | Lambda 0.0907 | Train Loss 0.0432 | Domain Loss 3.1777 | Valid Loss 3.5252 | Train Acc 98.4819| Valid Acc 47.6350
TestSub: S[21, 22, 23, 24, 25] Epoch 15 Finsh | Now_lr 0.0005/0.0005 | Lambda 0.0953 | Train Loss 0.0390 | Domain Loss 3.1855 | Valid Loss 3.4663 | Train Acc 98.6284| Valid Acc 49.1640
TestSub: S[21, 22, 23, 24, 25] Epoch 16 Finsh | Now_lr 0.0005/0.0005 | Lambda 0.0996 | Train Loss 0.0363 | Domain Loss 3.1897 | Valid Loss 3.6277 | Train Acc 98.7391| Valid Acc 49.3099
TestSub: S[21, 22, 23, 24, 25] Epoch 17 Finsh | Now_lr 0.0005/0.0005 | Lambda 0.1037 | Train Loss 0.0348 | Domain Loss 3.1946 | Valid Loss 3.6341 | Train Acc 98.7859| Valid Acc 49.2036
TestSub: S[21, 22, 23, 24, 25] Epoch 18 Finsh | Now_lr 0.0005/0.0005 | Lambda 0.1074 | Train Loss 0.0328 | Domain Loss 3.1946 | Valid Loss 3.3975 | Train Acc 98.8813| Valid Acc 48.8357
TestSub: S[21, 22, 23, 24, 25] Epoch 19 Finsh | Now_lr 0.0005/0.0005 | Lambda 0.1110 | Train Loss 0.0312 | Domain Loss 3.2005 | Valid Loss 3.3511 | Train Acc 98.9458| Valid Acc 48.4101
TestSub: S[21, 22, 23, 24, 25] Epoch 20 Finsh | Now_lr 0.0005/0.0005 | Lambda 0.1142 | Train Loss 0.0283 | Domain Loss 3.2038 | Valid Loss 3.5797 | Train Acc 98.9974| Valid Acc 48.8692
TestSub: S[21, 22, 23, 24, 25] Epoch 21 Finsh | Now_lr 0.0005/0.0005 | Lambda 0.1173 | Train Loss 0.0276 | Domain Loss 3.2011 | Valid Loss 3.4502 | Train Acc 99.0509| Valid Acc 48.8418
TestSub: S[21, 22, 23, 24, 25] Epoch 22 Finsh | Now_lr 0.0005/0.0005 | Lambda 0.1201 | Train Loss 0.0258 | Domain Loss 3.2026 | Valid Loss 3.8542 | Train Acc 99.1130| Valid Acc 47.3279
TestSub: S[21, 22, 23, 24, 25] Epoch 23 Finsh | Now_lr 0.0005/0.0005 | Lambda 0.1227 | Train Loss 0.0256 | Domain Loss 3.2027 | Valid Loss 3.8199 | Train Acc 99.1014| Valid Acc 48.7020
TestSub: S[21, 22, 23, 24, 25] Epoch 24 Finsh | Now_lr 0.0005/0.0005 | Lambda 0.1250 | Train Loss 0.0231 | Domain Loss 3.2061 | Valid Loss 4.0354 | Train Acc 99.1944| Valid Acc 48.3615
TestSub: S[21, 22, 23, 24, 25] Epoch 25 Finsh | Now_lr 0.0005/0.0005 | Lambda 0.1272 | Train Loss 0.0238 | Domain Loss 3.2075 | Valid Loss 3.7318 | Train Acc 99.1823| Valid Acc 46.9936
TestSub: S[21, 22, 23, 24, 25] Epoch 26 Finsh | Now_lr 0.0005/0.0005 | Lambda 0.1293 | Train Loss 0.0221 | Domain Loss 3.2075 | Valid Loss 3.9052 | Train Acc 99.2552| Valid Acc 47.8660
TestSub: S[21, 22, 23, 24, 25] Epoch 27 Finsh | Now_lr 0.0005/0.0005 | Lambda 0.1311 | Train Loss 0.0208 | Domain Loss 3.2052 | Valid Loss 3.6991 | Train Acc 99.3251| Valid Acc 48.1670
TestSub: S[21, 22, 23, 24, 25] Epoch 28 Finsh | Now_lr 0.0005/0.0005 | Lambda 0.1328 | Train Loss 0.0211 | Domain Loss 3.2035 | Valid Loss 3.9416 | Train Acc 99.2893| Valid Acc 48.9391
TestSub: S[21, 22, 23, 24, 25] Epoch 29 Finsh | Now_lr 0.0005/0.0005 | Lambda 0.1344 | Train Loss 0.0206 | Domain Loss 3.2012 | Valid Loss 3.8726 | Train Acc 99.3179| Valid Acc 48.5257
TestSub: S[21, 22, 23, 24, 25] Epoch 30 Finsh | Now_lr 0.0005/0.0005 | Lambda 0.1358 | Train Loss 0.0186 | Domain Loss 3.2051 | Valid Loss 4.0442 | Train Acc 99.3476| Valid Acc 48.8509
TestSub: S[21, 22, 23, 24, 25] Epoch 31 Finsh | Now_lr 0.0005/0.0005 | Lambda 0.1371 | Train Loss 0.0179 | Domain Loss 3.2064 | Valid Loss 4.1452 | Train Acc 99.3951| Valid Acc 47.2550
TestSub: S[21, 22, 23, 24, 25] Epoch 32 Finsh | Now_lr 0.0005/0.0005 | Lambda 0.1383 | Train Loss 0.0194 | Domain Loss 3.2068 | Valid Loss 3.9183 | Train Acc 99.3452| Valid Acc 48.6594
Early stopping triggered after 32 epochs (30 epochs without improvement)
--------------------------------------------------
Test_Subject :S[21, 22, 23, 24, 25] |Best epoch:2 | Test Loss:1.8556 | Best Acc 51.5595 | Savemodel Acc 51.5595
--------------------------------------------------

========== Fold 6 ==========
Train IDs: [1, 2, 3, 4, 5, 6, 7, 8, 9, 10, 11, 12, 13, 14, 15, 16, 17, 18, 19, 20, 21, 22, 23, 24, 25]
Val IDs:   [26, 27, 28, 29, 30]
================================================================================
SSL PRE-TRAINING PHASE WITH DOMAIN ADVERSARIAL TRAINING
================================================================================
Loading SSL data with subject IDs for subjects: [1, 2, 3, 4, 5, 6, 7, 8, 9, 10, 11, 12, 13, 14, 15, 16, 17, 18, 19, 20, 21, 22, 23, 24, 25]
Loaded subject S1: (6580, 32, 128), Subject ID: 0
Loaded subject S2: (6580, 32, 128), Subject ID: 1
Loaded subject S3: (6580, 32, 128), Subject ID: 2
Loaded subject S4: (6580, 32, 128), Subject ID: 3
Loaded subject S5: (6580, 32, 128), Subject ID: 4
Loaded subject S6: (6580, 32, 128), Subject ID: 5
Loaded subject S7: (6580, 32, 128), Subject ID: 6
Loaded subject S8: (6580, 32, 128), Subject ID: 7
Loaded subject S9: (6580, 32, 128), Subject ID: 8
Loaded subject S10: (6580, 32, 128), Subject ID: 9
Loaded subject S11: (6580, 32, 128), Subject ID: 10
Loaded subject S12: (6580, 32, 128), Subject ID: 11
Loaded subject S13: (6580, 32, 128), Subject ID: 12
Loaded subject S14: (6580, 32, 128), Subject ID: 13
Loaded subject S15: (6580, 32, 128), Subject ID: 14
Loaded subject S16: (6580, 32, 128), Subject ID: 15
Loaded subject S17: (6580, 32, 128), Subject ID: 16
Loaded subject S18: (6580, 32, 128), Subject ID: 17
Loaded subject S19: (6580, 32, 128), Subject ID: 18
Loaded subject S20: (6580, 32, 128), Subject ID: 19
Loaded subject S21: (6580, 32, 128), Subject ID: 20
Loaded subject S22: (6580, 32, 128), Subject ID: 21
Loaded subject S23: (6580, 32, 128), Subject ID: 22
Loaded subject S24: (6580, 32, 128), Subject ID: 23
Loaded subject S25: (6580, 32, 128), Subject ID: 24
Total SSL data shape: (164500, 32, 128)
Total subject IDs: 164500
🏗️  SSL Model Architecture:
   - SSL Enabled: True
   - SSL Approach: full_darnet
   - Domain Adversarial: True
   - Training Mode: ssl
   - Decoder Type: EEGFullDARNetDecoder
   - Encoder parameters: 36,888
   - Decoder parameters: 4,388,192
   - Domain discriminator parameters: 39,070
   - Total parameters: 4,464,168
   - Decoder/Total ratio: 98.3%
==================================================
Starting SSL Pre-training with Domain Adversarial Training
==================================================
=================================================================
Layer (type:depth-idx)                   Param #
=================================================================
DARNet                                   --
├─GradientReversalLayer: 1-1             --
├─SubjectDiscriminator: 1-2              --
│    └─Sequential: 2-1                   --
│    │    └─Linear: 3-1                  2,304
│    │    └─ReLU: 3-2                    --
│    │    └─Dropout: 3-3                 --
│    │    └─Linear: 3-4                  32,896
│    │    └─ReLU: 3-5                    --
│    │    └─Dropout: 3-6                 --
│    │    └─Linear: 3-7                  3,870
├─TokenEmbeddingOriginal: 1-3            --
│    └─Sequential: 2-2                   --
│    │    └─Conv2d: 3-8                  576
│    │    └─BatchNorm2d: 3-9             128
│    │    └─GELU: 3-10                   --
│    └─Sequential: 2-3                   --
│    │    └─Conv2d: 3-11                 32,784
│    │    └─BatchNorm2d: 3-12            32
│    │    └─GELU: 3-13                   --
│    └─PositionalEmbedding: 2-4          --
├─EEGFullDARNetDecoder: 1-4              --
│    └─Sequential: 2-5                   --
│    │    └─Linear: 3-14                 2,304
│    │    └─ReLU: 3-15                   --
│    │    └─Dropout: 3-16                --
│    │    └─Linear: 3-17                 131,584
│    │    └─ReLU: 3-18                   --
│    │    └─Dropout: 3-19                --
│    │    └─Linear: 3-20                 4,202,496
│    └─Sequential: 2-6                   --
│    │    └─Conv1d: 3-21                 24,704
│    │    └─BatchNorm1d: 3-22            256
│    │    └─ReLU: 3-23                   --
│    │    └─Dropout: 3-24                --
│    └─Sequential: 2-7                   --
│    │    └─Conv1d: 3-25                 24,640
│    │    └─BatchNorm1d: 3-26            128
│    │    └─ReLU: 3-27                   --
│    │    └─Dropout: 3-28                --
│    └─Conv1d: 2-8                       2,080
├─Flatten: 1-5                           --
├─Linear: 1-6                            18
├─AttnRefine: 1-7                        --
│    └─MyAttention: 2-9                  --
│    │    └─Attention: 3-29              800
│    └─Refine: 2-10                      --
│    │    └─Conv1d: 3-30                 784
│    │    └─BatchNorm1d: 3-31            32
│    │    └─ELU: 3-32                    --
│    │    └─MaxPool1d: 3-33              --
│    └─AdaptiveAvgPool1d: 2-11           --
│    └─Linear: 2-12                      68
│    └─Flatten: 2-13                     --
├─AttnRefine: 1-8                        --
│    └─MyAttention: 2-14                 --
│    │    └─Attention: 3-34              800
│    └─Refine: 2-15                      --
│    │    └─Conv1d: 3-35                 784
│    │    └─BatchNorm1d: 3-36            32
│    │    └─ELU: 3-37                    --
│    │    └─MaxPool1d: 3-38              --
│    └─AdaptiveAvgPool1d: 2-16           --
│    └─Linear: 2-17                      68
│    └─Flatten: 2-18                     --
=================================================================
Total params: 4,464,168
Trainable params: 4,464,168
Non-trainable params: 0
=================================================================
SSL Epoch  1 | SSL Loss: 0.497055 | Domain Loss: 3.215423
SSL model saved at epoch 1 with loss 0.497055 to ./exps/cross-subject/DARNet_SSL_FullDARNet_Domain/ssl_models_task1_AAD_MM-AAD_ssl_domain_2025-10-17-11-10-28/ssl_best_model.pt
SSL model saved with loss 0.497055
SSL Epoch  2 | SSL Loss: 0.364552 | Domain Loss: 3.021865
SSL model saved at epoch 2 with loss 0.364552 to ./exps/cross-subject/DARNet_SSL_FullDARNet_Domain/ssl_models_task1_AAD_MM-AAD_ssl_domain_2025-10-17-11-10-28/ssl_best_model.pt
SSL model saved with loss 0.364552
SSL Epoch  3 | SSL Loss: 0.333066 | Domain Loss: 3.081442
SSL model saved at epoch 3 with loss 0.333066 to ./exps/cross-subject/DARNet_SSL_FullDARNet_Domain/ssl_models_task1_AAD_MM-AAD_ssl_domain_2025-10-17-11-10-28/ssl_best_model.pt
SSL model saved with loss 0.333066
SSL Epoch  4 | SSL Loss: 0.311868 | Domain Loss: 3.113524
SSL model saved at epoch 4 with loss 0.311868 to ./exps/cross-subject/DARNet_SSL_FullDARNet_Domain/ssl_models_task1_AAD_MM-AAD_ssl_domain_2025-10-17-11-10-28/ssl_best_model.pt
SSL model saved with loss 0.311868
SSL Epoch  5 | SSL Loss: 0.298148 | Domain Loss: 3.108920
SSL model saved at epoch 5 with loss 0.298148 to ./exps/cross-subject/DARNet_SSL_FullDARNet_Domain/ssl_models_task1_AAD_MM-AAD_ssl_domain_2025-10-17-11-10-28/ssl_best_model.pt
SSL model saved with loss 0.298148
SSL Epoch  6 | SSL Loss: 0.289526 | Domain Loss: 3.122966
SSL model saved at epoch 6 with loss 0.289526 to ./exps/cross-subject/DARNet_SSL_FullDARNet_Domain/ssl_models_task1_AAD_MM-AAD_ssl_domain_2025-10-17-11-10-28/ssl_best_model.pt
SSL model saved with loss 0.289526
SSL Epoch  7 | SSL Loss: 0.281686 | Domain Loss: 3.110330
SSL model saved at epoch 7 with loss 0.281686 to ./exps/cross-subject/DARNet_SSL_FullDARNet_Domain/ssl_models_task1_AAD_MM-AAD_ssl_domain_2025-10-17-11-10-28/ssl_best_model.pt
SSL model saved with loss 0.281686
SSL Epoch  8 | SSL Loss: 0.276200 | Domain Loss: 3.076718
SSL model saved at epoch 8 with loss 0.276200 to ./exps/cross-subject/DARNet_SSL_FullDARNet_Domain/ssl_models_task1_AAD_MM-AAD_ssl_domain_2025-10-17-11-10-28/ssl_best_model.pt
SSL model saved with loss 0.276200
SSL Epoch  9 | SSL Loss: 0.274128 | Domain Loss: 3.100838
SSL model saved at epoch 9 with loss 0.274128 to ./exps/cross-subject/DARNet_SSL_FullDARNet_Domain/ssl_models_task1_AAD_MM-AAD_ssl_domain_2025-10-17-11-10-28/ssl_best_model.pt
SSL model saved with loss 0.274128
SSL Epoch 10 | SSL Loss: 0.270174 | Domain Loss: 3.118885
SSL model saved at epoch 10 with loss 0.270174 to ./exps/cross-subject/DARNet_SSL_FullDARNet_Domain/ssl_models_task1_AAD_MM-AAD_ssl_domain_2025-10-17-11-10-28/ssl_best_model.pt
SSL model saved with loss 0.270174
SSL Epoch 11 | SSL Loss: 0.264205 | Domain Loss: 3.115025
SSL model saved at epoch 11 with loss 0.264205 to ./exps/cross-subject/DARNet_SSL_FullDARNet_Domain/ssl_models_task1_AAD_MM-AAD_ssl_domain_2025-10-17-11-10-28/ssl_best_model.pt
SSL model saved with loss 0.264205
SSL Epoch 12 | SSL Loss: 0.260449 | Domain Loss: 3.122531
SSL model saved at epoch 12 with loss 0.260449 to ./exps/cross-subject/DARNet_SSL_FullDARNet_Domain/ssl_models_task1_AAD_MM-AAD_ssl_domain_2025-10-17-11-10-28/ssl_best_model.pt
SSL model saved with loss 0.260449
SSL Epoch 13 | SSL Loss: 0.258390 | Domain Loss: 3.132586
SSL model saved at epoch 13 with loss 0.258390 to ./exps/cross-subject/DARNet_SSL_FullDARNet_Domain/ssl_models_task1_AAD_MM-AAD_ssl_domain_2025-10-17-11-10-28/ssl_best_model.pt
SSL model saved with loss 0.258390
SSL Epoch 14 | SSL Loss: 0.255121 | Domain Loss: 3.114106
SSL model saved at epoch 14 with loss 0.255121 to ./exps/cross-subject/DARNet_SSL_FullDARNet_Domain/ssl_models_task1_AAD_MM-AAD_ssl_domain_2025-10-17-11-10-28/ssl_best_model.pt
SSL model saved with loss 0.255121
SSL Epoch 15 | SSL Loss: 0.251914 | Domain Loss: 3.101095
SSL model saved at epoch 15 with loss 0.251914 to ./exps/cross-subject/DARNet_SSL_FullDARNet_Domain/ssl_models_task1_AAD_MM-AAD_ssl_domain_2025-10-17-11-10-28/ssl_best_model.pt
SSL model saved with loss 0.251914
SSL Epoch 16 | SSL Loss: 0.246815 | Domain Loss: 3.080001
SSL model saved at epoch 16 with loss 0.246815 to ./exps/cross-subject/DARNet_SSL_FullDARNet_Domain/ssl_models_task1_AAD_MM-AAD_ssl_domain_2025-10-17-11-10-28/ssl_best_model.pt
SSL model saved with loss 0.246815
SSL Epoch 17 | SSL Loss: 0.243249 | Domain Loss: 3.091429
SSL model saved at epoch 17 with loss 0.243249 to ./exps/cross-subject/DARNet_SSL_FullDARNet_Domain/ssl_models_task1_AAD_MM-AAD_ssl_domain_2025-10-17-11-10-28/ssl_best_model.pt
SSL model saved with loss 0.243249
SSL Epoch 18 | SSL Loss: 0.240642 | Domain Loss: 3.125908
SSL model saved at epoch 18 with loss 0.240642 to ./exps/cross-subject/DARNet_SSL_FullDARNet_Domain/ssl_models_task1_AAD_MM-AAD_ssl_domain_2025-10-17-11-10-28/ssl_best_model.pt
SSL model saved with loss 0.240642
SSL Epoch 19 | SSL Loss: 0.236684 | Domain Loss: 3.120690
SSL model saved at epoch 19 with loss 0.236684 to ./exps/cross-subject/DARNet_SSL_FullDARNet_Domain/ssl_models_task1_AAD_MM-AAD_ssl_domain_2025-10-17-11-10-28/ssl_best_model.pt
SSL model saved with loss 0.236684
SSL Epoch 20 | SSL Loss: 0.233207 | Domain Loss: 3.106530
SSL model saved at epoch 20 with loss 0.233207 to ./exps/cross-subject/DARNet_SSL_FullDARNet_Domain/ssl_models_task1_AAD_MM-AAD_ssl_domain_2025-10-17-11-10-28/ssl_best_model.pt
SSL model saved with loss 0.233207
SSL Epoch 21 | SSL Loss: 0.230219 | Domain Loss: 3.098720
SSL model saved at epoch 21 with loss 0.230219 to ./exps/cross-subject/DARNet_SSL_FullDARNet_Domain/ssl_models_task1_AAD_MM-AAD_ssl_domain_2025-10-17-11-10-28/ssl_best_model.pt
SSL model saved with loss 0.230219
SSL Epoch 22 | SSL Loss: 0.227980 | Domain Loss: 3.099139
SSL model saved at epoch 22 with loss 0.227980 to ./exps/cross-subject/DARNet_SSL_FullDARNet_Domain/ssl_models_task1_AAD_MM-AAD_ssl_domain_2025-10-17-11-10-28/ssl_best_model.pt
SSL model saved with loss 0.227980
SSL Epoch 23 | SSL Loss: 0.225976 | Domain Loss: 3.096130
SSL model saved at epoch 23 with loss 0.225976 to ./exps/cross-subject/DARNet_SSL_FullDARNet_Domain/ssl_models_task1_AAD_MM-AAD_ssl_domain_2025-10-17-11-10-28/ssl_best_model.pt
SSL model saved with loss 0.225976
SSL Epoch 24 | SSL Loss: 0.224060 | Domain Loss: 3.092322
SSL model saved at epoch 24 with loss 0.224060 to ./exps/cross-subject/DARNet_SSL_FullDARNet_Domain/ssl_models_task1_AAD_MM-AAD_ssl_domain_2025-10-17-11-10-28/ssl_best_model.pt
SSL model saved with loss 0.224060
SSL Epoch 25 | SSL Loss: 0.222536 | Domain Loss: 3.085842
SSL model saved at epoch 25 with loss 0.222536 to ./exps/cross-subject/DARNet_SSL_FullDARNet_Domain/ssl_models_task1_AAD_MM-AAD_ssl_domain_2025-10-17-11-10-28/ssl_best_model.pt
SSL model saved with loss 0.222536
SSL Epoch 26 | SSL Loss: 0.221256 | Domain Loss: 3.080088
SSL model saved at epoch 26 with loss 0.221256 to ./exps/cross-subject/DARNet_SSL_FullDARNet_Domain/ssl_models_task1_AAD_MM-AAD_ssl_domain_2025-10-17-11-10-28/ssl_best_model.pt
SSL model saved with loss 0.221256
SSL Epoch 27 | SSL Loss: 0.220260 | Domain Loss: 3.074325
SSL model saved at epoch 27 with loss 0.220260 to ./exps/cross-subject/DARNet_SSL_FullDARNet_Domain/ssl_models_task1_AAD_MM-AAD_ssl_domain_2025-10-17-11-10-28/ssl_best_model.pt
SSL model saved with loss 0.220260
SSL Epoch 28 | SSL Loss: 0.219216 | Domain Loss: 3.071943
SSL model saved at epoch 28 with loss 0.219216 to ./exps/cross-subject/DARNet_SSL_FullDARNet_Domain/ssl_models_task1_AAD_MM-AAD_ssl_domain_2025-10-17-11-10-28/ssl_best_model.pt
SSL model saved with loss 0.219216
SSL Epoch 29 | SSL Loss: 0.218903 | Domain Loss: 3.069936
SSL model saved at epoch 29 with loss 0.218903 to ./exps/cross-subject/DARNet_SSL_FullDARNet_Domain/ssl_models_task1_AAD_MM-AAD_ssl_domain_2025-10-17-11-10-28/ssl_best_model.pt
SSL model saved with loss 0.218903
SSL Epoch 30 | SSL Loss: 0.218658 | Domain Loss: 3.067859
SSL model saved at epoch 30 with loss 0.218658 to ./exps/cross-subject/DARNet_SSL_FullDARNet_Domain/ssl_models_task1_AAD_MM-AAD_ssl_domain_2025-10-17-11-10-28/ssl_best_model.pt
SSL model saved with loss 0.218658
==================================================
SSL Pre-training completed. Best loss: 0.218658
==================================================
train_data_shape(164500, 32, 128),val_data_shape(32900, 32, 128)
🔄 Loading SSL pre-trained weights from: ./exps/cross-subject/DARNet_SSL_FullDARNet_Domain/ssl_models_task1_AAD_MM-AAD_ssl_domain_2025-10-17-11-10-28/ssl_best_model.pt
📋 Available keys in SSL checkpoint: 73 total
  - subject_discriminator.classifier.0.weight: torch.Size([256, 8])
  - subject_discriminator.classifier.0.bias: torch.Size([256])
  - subject_discriminator.classifier.3.weight: torch.Size([128, 256])
  - subject_discriminator.classifier.3.bias: torch.Size([128])
  - subject_discriminator.classifier.6.weight: torch.Size([30, 128])
  - subject_discriminator.classifier.6.bias: torch.Size([30])
  - token_embedding.embed_layer.0.weight: torch.Size([64, 1, 1, 8])
  - token_embedding.embed_layer.0.bias: torch.Size([64])
  - token_embedding.embed_layer.1.weight: torch.Size([64])
  - token_embedding.embed_layer.1.bias: torch.Size([64])
  - token_embedding.embed_layer.1.running_mean: torch.Size([64])
  - token_embedding.embed_layer.1.running_var: torch.Size([64])
  - token_embedding.embed_layer.1.num_batches_tracked: torch.Size([])
  - token_embedding.embed_layer2.0.weight: torch.Size([16, 64, 32, 1])
  - token_embedding.embed_layer2.0.bias: torch.Size([16])
  - token_embedding.embed_layer2.1.weight: torch.Size([16])
  - token_embedding.embed_layer2.1.bias: torch.Size([16])
  - token_embedding.embed_layer2.1.running_mean: torch.Size([16])
  - token_embedding.embed_layer2.1.running_var: torch.Size([16])
  - token_embedding.embed_layer2.1.num_batches_tracked: torch.Size([])
  - token_embedding.position_embedding.pe: torch.Size([1, 5000, 16])
  - ssl_decoder.feature_expand.0.weight: torch.Size([256, 8])
  - ssl_decoder.feature_expand.0.bias: torch.Size([256])
  - ssl_decoder.feature_expand.3.weight: torch.Size([512, 256])
  - ssl_decoder.feature_expand.3.bias: torch.Size([512])
  - ssl_decoder.feature_expand.6.weight: torch.Size([8192, 512])
  - ssl_decoder.feature_expand.6.bias: torch.Size([8192])
  - ssl_decoder.temporal_conv1.0.weight: torch.Size([128, 64, 3])
  - ssl_decoder.temporal_conv1.0.bias: torch.Size([128])
  - ssl_decoder.temporal_conv1.1.weight: torch.Size([128])
  - ssl_decoder.temporal_conv1.1.bias: torch.Size([128])
  - ssl_decoder.temporal_conv1.1.running_mean: torch.Size([128])
  - ssl_decoder.temporal_conv1.1.running_var: torch.Size([128])
  - ssl_decoder.temporal_conv1.1.num_batches_tracked: torch.Size([])
  - ssl_decoder.temporal_conv2.0.weight: torch.Size([64, 128, 3])
  - ssl_decoder.temporal_conv2.0.bias: torch.Size([64])
  - ssl_decoder.temporal_conv2.1.weight: torch.Size([64])
  - ssl_decoder.temporal_conv2.1.bias: torch.Size([64])
  - ssl_decoder.temporal_conv2.1.running_mean: torch.Size([64])
  - ssl_decoder.temporal_conv2.1.running_var: torch.Size([64])
  - ssl_decoder.temporal_conv2.1.num_batches_tracked: torch.Size([])
  - ssl_decoder.final_conv.weight: torch.Size([32, 64, 1])
  - ssl_decoder.final_conv.bias: torch.Size([32])
  - out.weight: torch.Size([2, 8])
  - out.bias: torch.Size([2])
  - stack1.attention.attention_layer.key.weight: torch.Size([16, 16])
  - stack1.attention.attention_layer.value.weight: torch.Size([16, 16])
  - stack1.attention.attention_layer.query.weight: torch.Size([16, 16])
  - stack1.attention.attention_layer.to_out.weight: torch.Size([16])
  - stack1.attention.attention_layer.to_out.bias: torch.Size([16])
  - stack1.conv_layer.downConv.weight: torch.Size([16, 16, 3])
  - stack1.conv_layer.downConv.bias: torch.Size([16])
  - stack1.conv_layer.norm.weight: torch.Size([16])
  - stack1.conv_layer.norm.bias: torch.Size([16])
  - stack1.conv_layer.norm.running_mean: torch.Size([16])
  - stack1.conv_layer.norm.running_var: torch.Size([16])
  - stack1.conv_layer.norm.num_batches_tracked: torch.Size([])
  - stack1.out.weight: torch.Size([4, 16])
  - stack1.out.bias: torch.Size([4])
  - stack2.attention.attention_layer.key.weight: torch.Size([16, 16])
  - stack2.attention.attention_layer.value.weight: torch.Size([16, 16])
  - stack2.attention.attention_layer.query.weight: torch.Size([16, 16])
  - stack2.attention.attention_layer.to_out.weight: torch.Size([16])
  - stack2.attention.attention_layer.to_out.bias: torch.Size([16])
  - stack2.conv_layer.downConv.weight: torch.Size([16, 16, 3])
  - stack2.conv_layer.downConv.bias: torch.Size([16])
  - stack2.conv_layer.norm.weight: torch.Size([16])
  - stack2.conv_layer.norm.bias: torch.Size([16])
  - stack2.conv_layer.norm.running_mean: torch.Size([16])
  - stack2.conv_layer.norm.running_var: torch.Size([16])
  - stack2.conv_layer.norm.num_batches_tracked: torch.Size([])
  - stack2.out.weight: torch.Size([4, 16])
  - stack2.out.bias: torch.Size([4])
🎯 SSL approach detected: full_darnet
  ❌ Skipping: subject_discriminator.classifier.0.weight (decoder component)
  ❌ Skipping: subject_discriminator.classifier.0.bias (decoder component)
  ❌ Skipping: subject_discriminator.classifier.3.weight (decoder component)
  ❌ Skipping: subject_discriminator.classifier.3.bias (decoder component)
  ❌ Skipping: subject_discriminator.classifier.6.weight (decoder component)
  ❌ Skipping: subject_discriminator.classifier.6.bias (decoder component)
  ✅ Loading: token_embedding.embed_layer.0.weight -> torch.Size([64, 1, 1, 8])
  ✅ Loading: token_embedding.embed_layer.0.bias -> torch.Size([64])
  ✅ Loading: token_embedding.embed_layer.1.weight -> torch.Size([64])
  ✅ Loading: token_embedding.embed_layer.1.bias -> torch.Size([64])
  ✅ Loading: token_embedding.embed_layer.1.running_mean -> torch.Size([64])
  ✅ Loading: token_embedding.embed_layer.1.running_var -> torch.Size([64])
  ✅ Loading: token_embedding.embed_layer.1.num_batches_tracked -> torch.Size([])
  ✅ Loading: token_embedding.embed_layer2.0.weight -> torch.Size([16, 64, 32, 1])
  ✅ Loading: token_embedding.embed_layer2.0.bias -> torch.Size([16])
  ✅ Loading: token_embedding.embed_layer2.1.weight -> torch.Size([16])
  ✅ Loading: token_embedding.embed_layer2.1.bias -> torch.Size([16])
  ✅ Loading: token_embedding.embed_layer2.1.running_mean -> torch.Size([16])
  ✅ Loading: token_embedding.embed_layer2.1.running_var -> torch.Size([16])
  ✅ Loading: token_embedding.embed_layer2.1.num_batches_tracked -> torch.Size([])
  ✅ Loading: token_embedding.position_embedding.pe -> torch.Size([1, 5000, 16])
  ❌ Skipping: ssl_decoder.feature_expand.0.weight (decoder component)
  ❌ Skipping: ssl_decoder.feature_expand.0.bias (decoder component)
  ❌ Skipping: ssl_decoder.feature_expand.3.weight (decoder component)
  ❌ Skipping: ssl_decoder.feature_expand.3.bias (decoder component)
  ❌ Skipping: ssl_decoder.feature_expand.6.weight (decoder component)
  ❌ Skipping: ssl_decoder.feature_expand.6.bias (decoder component)
  ❌ Skipping: ssl_decoder.temporal_conv1.0.weight (decoder component)
  ❌ Skipping: ssl_decoder.temporal_conv1.0.bias (decoder component)
  ❌ Skipping: ssl_decoder.temporal_conv1.1.weight (decoder component)
  ❌ Skipping: ssl_decoder.temporal_conv1.1.bias (decoder component)
  ❌ Skipping: ssl_decoder.temporal_conv1.1.running_mean (decoder component)
  ❌ Skipping: ssl_decoder.temporal_conv1.1.running_var (decoder component)
  ❌ Skipping: ssl_decoder.temporal_conv1.1.num_batches_tracked (decoder component)
  ❌ Skipping: ssl_decoder.temporal_conv2.0.weight (decoder component)
  ❌ Skipping: ssl_decoder.temporal_conv2.0.bias (decoder component)
  ❌ Skipping: ssl_decoder.temporal_conv2.1.weight (decoder component)
  ❌ Skipping: ssl_decoder.temporal_conv2.1.bias (decoder component)
  ❌ Skipping: ssl_decoder.temporal_conv2.1.running_mean (decoder component)
  ❌ Skipping: ssl_decoder.temporal_conv2.1.running_var (decoder component)
  ❌ Skipping: ssl_decoder.temporal_conv2.1.num_batches_tracked (decoder component)
  ❌ Skipping: ssl_decoder.final_conv.weight (decoder component)
  ❌ Skipping: ssl_decoder.final_conv.bias (decoder component)
  ❌ Skipping: out.weight (decoder component)
  ❌ Skipping: out.bias (decoder component)
  ✅ Loading: stack1.attention.attention_layer.key.weight -> torch.Size([16, 16])
  ✅ Loading: stack1.attention.attention_layer.value.weight -> torch.Size([16, 16])
  ✅ Loading: stack1.attention.attention_layer.query.weight -> torch.Size([16, 16])
  ✅ Loading: stack1.attention.attention_layer.to_out.weight -> torch.Size([16])
  ✅ Loading: stack1.attention.attention_layer.to_out.bias -> torch.Size([16])
  ✅ Loading: stack1.conv_layer.downConv.weight -> torch.Size([16, 16, 3])
  ✅ Loading: stack1.conv_layer.downConv.bias -> torch.Size([16])
  ✅ Loading: stack1.conv_layer.norm.weight -> torch.Size([16])
  ✅ Loading: stack1.conv_layer.norm.bias -> torch.Size([16])
  ✅ Loading: stack1.conv_layer.norm.running_mean -> torch.Size([16])
  ✅ Loading: stack1.conv_layer.norm.running_var -> torch.Size([16])
  ✅ Loading: stack1.conv_layer.norm.num_batches_tracked -> torch.Size([])
  ✅ Loading: stack1.out.weight -> torch.Size([4, 16])
  ✅ Loading: stack1.out.bias -> torch.Size([4])
  ✅ Loading: stack2.attention.attention_layer.key.weight -> torch.Size([16, 16])
  ✅ Loading: stack2.attention.attention_layer.value.weight -> torch.Size([16, 16])
  ✅ Loading: stack2.attention.attention_layer.query.weight -> torch.Size([16, 16])
  ✅ Loading: stack2.attention.attention_layer.to_out.weight -> torch.Size([16])
  ✅ Loading: stack2.attention.attention_layer.to_out.bias -> torch.Size([16])
  ✅ Loading: stack2.conv_layer.downConv.weight -> torch.Size([16, 16, 3])
  ✅ Loading: stack2.conv_layer.downConv.bias -> torch.Size([16])
  ✅ Loading: stack2.conv_layer.norm.weight -> torch.Size([16])
  ✅ Loading: stack2.conv_layer.norm.bias -> torch.Size([16])
  ✅ Loading: stack2.conv_layer.norm.running_mean -> torch.Size([16])
  ✅ Loading: stack2.conv_layer.norm.running_var -> torch.Size([16])
  ✅ Loading: stack2.conv_layer.norm.num_batches_tracked -> torch.Size([])
  ✅ Loading: stack2.out.weight -> torch.Size([4, 16])
  ✅ Loading: stack2.out.bias -> torch.Size([4])
🔧 Loading 43 encoder components into fine-tuning model...
⚠️  Missing keys (newly initialized): ['subject_discriminator.classifier.0.weight', 'subject_discriminator.classifier.0.bias', 'subject_discriminator.classifier.3.weight', 'subject_discriminator.classifier.3.bias', 'subject_discriminator.classifier.6.weight', 'subject_discriminator.classifier.6.bias', 'ssl_decoder.feature_expand.0.weight', 'ssl_decoder.feature_expand.0.bias', 'ssl_decoder.feature_expand.3.weight', 'ssl_decoder.feature_expand.3.bias', 'ssl_decoder.feature_expand.6.weight', 'ssl_decoder.feature_expand.6.bias', 'ssl_decoder.temporal_conv1.0.weight', 'ssl_decoder.temporal_conv1.0.bias', 'ssl_decoder.temporal_conv1.1.weight', 'ssl_decoder.temporal_conv1.1.bias', 'ssl_decoder.temporal_conv1.1.running_mean', 'ssl_decoder.temporal_conv1.1.running_var', 'ssl_decoder.temporal_conv2.0.weight', 'ssl_decoder.temporal_conv2.0.bias', 'ssl_decoder.temporal_conv2.1.weight', 'ssl_decoder.temporal_conv2.1.bias', 'ssl_decoder.temporal_conv2.1.running_mean', 'ssl_decoder.temporal_conv2.1.running_var', 'ssl_decoder.final_conv.weight', 'ssl_decoder.final_conv.bias', 'out.weight', 'out.bias']
✅ Successfully loaded SSL pre-trained weights!
🎯 SSL decoder removed, feature classifier ready for fine-tuning
==================================================
Starting Fine-tuning
==================================================
=================================================================
Layer (type:depth-idx)                   Param #
=================================================================
DARNet                                   --
├─GradientReversalLayer: 1-1             --
├─SubjectDiscriminator: 1-2              --
│    └─Sequential: 2-1                   --
│    │    └─Linear: 3-1                  2,304
│    │    └─ReLU: 3-2                    --
│    │    └─Dropout: 3-3                 --
│    │    └─Linear: 3-4                  32,896
│    │    └─ReLU: 3-5                    --
│    │    └─Dropout: 3-6                 --
│    │    └─Linear: 3-7                  3,870
├─TokenEmbeddingOriginal: 1-3            --
│    └─Sequential: 2-2                   --
│    │    └─Conv2d: 3-8                  576
│    │    └─BatchNorm2d: 3-9             128
│    │    └─GELU: 3-10                   --
│    └─Sequential: 2-3                   --
│    │    └─Conv2d: 3-11                 32,784
│    │    └─BatchNorm2d: 3-12            32
│    │    └─GELU: 3-13                   --
│    └─PositionalEmbedding: 2-4          --
├─EEGFullDARNetDecoder: 1-4              --
│    └─Sequential: 2-5                   --
│    │    └─Linear: 3-14                 2,304
│    │    └─ReLU: 3-15                   --
│    │    └─Dropout: 3-16                --
│    │    └─Linear: 3-17                 131,584
│    │    └─ReLU: 3-18                   --
│    │    └─Dropout: 3-19                --
│    │    └─Linear: 3-20                 4,202,496
│    └─Sequential: 2-6                   --
│    │    └─Conv1d: 3-21                 24,704
│    │    └─BatchNorm1d: 3-22            256
│    │    └─ReLU: 3-23                   --
│    │    └─Dropout: 3-24                --
│    └─Sequential: 2-7                   --
│    │    └─Conv1d: 3-25                 24,640
│    │    └─BatchNorm1d: 3-26            128
│    │    └─ReLU: 3-27                   --
│    │    └─Dropout: 3-28                --
│    └─Conv1d: 2-8                       2,080
├─Flatten: 1-5                           --
├─Linear: 1-6                            18
├─AttnRefine: 1-7                        --
│    └─MyAttention: 2-9                  --
│    │    └─Attention: 3-29              800
│    └─Refine: 2-10                      --
│    │    └─Conv1d: 3-30                 784
│    │    └─BatchNorm1d: 3-31            32
│    │    └─ELU: 3-32                    --
│    │    └─MaxPool1d: 3-33              --
│    └─AdaptiveAvgPool1d: 2-11           --
│    └─Linear: 2-12                      68
│    └─Flatten: 2-13                     --
├─AttnRefine: 1-8                        --
│    └─MyAttention: 2-14                 --
│    │    └─Attention: 3-34              800
│    └─Refine: 2-15                      --
│    │    └─Conv1d: 3-35                 784
│    │    └─BatchNorm1d: 3-36            32
│    │    └─ELU: 3-37                    --
│    │    └─MaxPool1d: 3-38              --
│    └─AdaptiveAvgPool1d: 2-16           --
│    └─Linear: 2-17                      68
│    └─Flatten: 2-18                     --
=================================================================
Total params: 4,464,168
Trainable params: 4,464,168
Non-trainable params: 0
=================================================================
TestSub: S[26, 27, 28, 29, 30] Epoch  1 Finsh | Now_lr 0.0005/0.0005 | Lambda 0.0075 | Train Loss 0.4838 | Domain Loss 3.1175 | Valid Loss 1.2416 | Train Acc 74.7082| Valid Acc 52.0458
Validation acc increase (0.000000 --> 52.045841) in epoch (1).  Saving model ...
TestSub: S[26, 27, 28, 29, 30] Epoch  2 Finsh | Now_lr 0.0005/0.0005 | Lambda 0.0150 | Train Loss 0.3173 | Domain Loss 3.0392 | Valid Loss 1.5105 | Train Acc 85.8852| Valid Acc 54.5598
Validation acc increase (52.045841 --> 54.559825) in epoch (2).  Saving model ...
TestSub: S[26, 27, 28, 29, 30] Epoch  3 Finsh | Now_lr 0.0005/0.0005 | Lambda 0.0223 | Train Loss 0.2558 | Domain Loss 3.0438 | Valid Loss 1.7591 | Train Acc 89.0893| Valid Acc 52.2678
TestSub: S[26, 27, 28, 29, 30] Epoch  4 Finsh | Now_lr 0.0005/0.0005 | Lambda 0.0296 | Train Loss 0.2109 | Domain Loss 3.0583 | Valid Loss 2.0287 | Train Acc 91.4117| Valid Acc 52.9760
TestSub: S[26, 27, 28, 29, 30] Epoch  5 Finsh | Now_lr 0.0005/0.0005 | Lambda 0.0367 | Train Loss 0.1721 | Domain Loss 3.0699 | Valid Loss 2.1374 | Train Acc 93.1943| Valid Acc 51.6993
TestSub: S[26, 27, 28, 29, 30] Epoch  6 Finsh | Now_lr 0.0005/0.0005 | Lambda 0.0437 | Train Loss 0.1374 | Domain Loss 3.1061 | Valid Loss 2.4477 | Train Acc 94.7367| Valid Acc 50.6171
TestSub: S[26, 27, 28, 29, 30] Epoch  7 Finsh | Now_lr 0.0005/0.0005 | Lambda 0.0505 | Train Loss 0.1135 | Domain Loss 3.0795 | Valid Loss 2.3795 | Train Acc 95.6919| Valid Acc 51.9942
TestSub: S[26, 27, 28, 29, 30] Epoch  8 Finsh | Now_lr 0.0005/0.0005 | Lambda 0.0570 | Train Loss 0.0944 | Domain Loss 3.0854 | Valid Loss 2.7688 | Train Acc 96.4993| Valid Acc 50.1307
TestSub: S[26, 27, 28, 29, 30] Epoch  9 Finsh | Now_lr 0.0005/0.0005 | Lambda 0.0633 | Train Loss 0.0822 | Domain Loss 3.0835 | Valid Loss 2.6542 | Train Acc 96.9534| Valid Acc 49.5258
TestSub: S[26, 27, 28, 29, 30] Epoch 10 Finsh | Now_lr 0.0005/0.0005 | Lambda 0.0693 | Train Loss 0.0719 | Domain Loss 3.1024 | Valid Loss 2.5364 | Train Acc 97.3717| Valid Acc 48.9695
TestSub: S[26, 27, 28, 29, 30] Epoch 11 Finsh | Now_lr 0.0005/0.0005 | Lambda 0.0751 | Train Loss 0.0615 | Domain Loss 3.1341 | Valid Loss 2.7072 | Train Acc 97.7499| Valid Acc 49.0272
TestSub: S[26, 27, 28, 29, 30] Epoch 12 Finsh | Now_lr 0.0005/0.0005 | Lambda 0.0806 | Train Loss 0.0555 | Domain Loss 3.1444 | Valid Loss 2.6302 | Train Acc 98.0058| Valid Acc 48.4527
TestSub: S[26, 27, 28, 29, 30] Epoch 13 Finsh | Now_lr 0.0005/0.0005 | Lambda 0.0858 | Train Loss 0.0501 | Domain Loss 3.1553 | Valid Loss 2.8633 | Train Acc 98.2338| Valid Acc 48.3098
TestSub: S[26, 27, 28, 29, 30] Epoch 14 Finsh | Now_lr 0.0005/0.0005 | Lambda 0.0907 | Train Loss 0.0456 | Domain Loss 3.1605 | Valid Loss 2.6870 | Train Acc 98.3731| Valid Acc 50.3192
TestSub: S[26, 27, 28, 29, 30] Epoch 15 Finsh | Now_lr 0.0005/0.0005 | Lambda 0.0953 | Train Loss 0.0433 | Domain Loss 3.1672 | Valid Loss 2.6209 | Train Acc 98.4788| Valid Acc 48.4649
TestSub: S[26, 27, 28, 29, 30] Epoch 16 Finsh | Now_lr 0.0005/0.0005 | Lambda 0.0996 | Train Loss 0.0382 | Domain Loss 3.1714 | Valid Loss 2.7933 | Train Acc 98.6497| Valid Acc 49.4832
TestSub: S[26, 27, 28, 29, 30] Epoch 17 Finsh | Now_lr 0.0005/0.0005 | Lambda 0.1037 | Train Loss 0.0342 | Domain Loss 3.1875 | Valid Loss 2.7419 | Train Acc 98.8005| Valid Acc 50.9484
TestSub: S[26, 27, 28, 29, 30] Epoch 18 Finsh | Now_lr 0.0005/0.0005 | Lambda 0.1074 | Train Loss 0.0316 | Domain Loss 3.1886 | Valid Loss 2.9226 | Train Acc 98.9269| Valid Acc 50.4621
TestSub: S[26, 27, 28, 29, 30] Epoch 19 Finsh | Now_lr 0.0005/0.0005 | Lambda 0.1110 | Train Loss 0.0310 | Domain Loss 3.1924 | Valid Loss 3.1591 | Train Acc 98.9269| Valid Acc 47.8265
TestSub: S[26, 27, 28, 29, 30] Epoch 20 Finsh | Now_lr 0.0005/0.0005 | Lambda 0.1142 | Train Loss 0.0305 | Domain Loss 3.1871 | Valid Loss 2.8656 | Train Acc 98.9172| Valid Acc 51.0883
TestSub: S[26, 27, 28, 29, 30] Epoch 21 Finsh | Now_lr 0.0005/0.0005 | Lambda 0.1173 | Train Loss 0.0268 | Domain Loss 3.1916 | Valid Loss 3.2356 | Train Acc 99.0728| Valid Acc 49.9240
TestSub: S[26, 27, 28, 29, 30] Epoch 22 Finsh | Now_lr 0.0005/0.0005 | Lambda 0.1201 | Train Loss 0.0257 | Domain Loss 3.1951 | Valid Loss 3.1215 | Train Acc 99.1099| Valid Acc 48.5986
TestSub: S[26, 27, 28, 29, 30] Epoch 23 Finsh | Now_lr 0.0005/0.0005 | Lambda 0.1227 | Train Loss 0.0244 | Domain Loss 3.1961 | Valid Loss 3.2196 | Train Acc 99.1677| Valid Acc 51.1308
TestSub: S[26, 27, 28, 29, 30] Epoch 24 Finsh | Now_lr 0.0005/0.0005 | Lambda 0.1250 | Train Loss 0.0240 | Domain Loss 3.1986 | Valid Loss 3.2736 | Train Acc 99.1908| Valid Acc 50.4134
TestSub: S[26, 27, 28, 29, 30] Epoch 25 Finsh | Now_lr 0.0005/0.0005 | Lambda 0.1272 | Train Loss 0.0220 | Domain Loss 3.1975 | Valid Loss 3.1245 | Train Acc 99.2473| Valid Acc 48.2369
TestSub: S[26, 27, 28, 29, 30] Epoch 26 Finsh | Now_lr 0.0005/0.0005 | Lambda 0.1293 | Train Loss 0.0225 | Domain Loss 3.2010 | Valid Loss 2.9475 | Train Acc 99.2279| Valid Acc 49.7325
TestSub: S[26, 27, 28, 29, 30] Epoch 27 Finsh | Now_lr 0.0005/0.0005 | Lambda 0.1311 | Train Loss 0.0205 | Domain Loss 3.2020 | Valid Loss 3.2662 | Train Acc 99.3330| Valid Acc 49.2005
TestSub: S[26, 27, 28, 29, 30] Epoch 28 Finsh | Now_lr 0.0005/0.0005 | Lambda 0.1328 | Train Loss 0.0203 | Domain Loss 3.2042 | Valid Loss 3.1720 | Train Acc 99.3203| Valid Acc 49.1944
TestSub: S[26, 27, 28, 29, 30] Epoch 29 Finsh | Now_lr 0.0005/0.0005 | Lambda 0.1344 | Train Loss 0.0185 | Domain Loss 3.2062 | Valid Loss 3.2600 | Train Acc 99.3786| Valid Acc 49.1549
TestSub: S[26, 27, 28, 29, 30] Epoch 30 Finsh | Now_lr 0.0005/0.0005 | Lambda 0.1358 | Train Loss 0.0176 | Domain Loss 3.2073 | Valid Loss 3.4722 | Train Acc 99.4011| Valid Acc 47.7444
TestSub: S[26, 27, 28, 29, 30] Epoch 31 Finsh | Now_lr 0.0005/0.0005 | Lambda 0.1371 | Train Loss 0.0185 | Domain Loss 3.2068 | Valid Loss 3.2718 | Train Acc 99.3665| Valid Acc 49.3951
TestSub: S[26, 27, 28, 29, 30] Epoch 32 Finsh | Now_lr 0.0005/0.0005 | Lambda 0.1383 | Train Loss 0.0163 | Domain Loss 3.2060 | Valid Loss 3.4061 | Train Acc 99.4249| Valid Acc 47.7718
Early stopping triggered after 32 epochs (30 epochs without improvement)
--------------------------------------------------
Test_Subject :S[26, 27, 28, 29, 30] |Best epoch:2 | Test Loss:1.5105 | Best Acc 54.5598 | Savemodel Acc 54.5598
--------------------------------------------------
lr:0.0005 -> bs:128
6-Fold Cross Subject Accuracies: [49.221789883268485, 54.261916342412455, 56.22568093385214, 53.62658073929961, 51.559460116731515, 54.55982490272373]
Mean Accuracy over 6 folds: 53.2425
============================================================================================================
end time: 25-10-18-08:58:15
Job finished at: Sat Oct 18 08:58:58 IST 2025
