==========================================
SLURM_CLUSTER_NAME = param-shivay
SLURM_ARRAY_JOB_ID = 
SLURM_ARRAY_TASK_ID = 
SLURM_ARRAY_TASK_COUNT = 
SLURM_ARRAY_TASK_MAX = 
SLURM_ARRAY_TASK_MIN = 
SLURM_JOB_ACCOUNT = mechanical_engg
SLURM_JOB_ID = 1155006
SLURM_JOB_NAME = eeg-dan-dual
SLURM_JOB_NODELIST = gpu006
SLURM_JOB_USER = suyash.kumar.mec22.itbhu
SLURM_JOB_UID = 6339
SLURM_JOB_PARTITION = gpu
SLURM_TASK_PID = 13347
SLURM_SUBMIT_DIR = /scratch/suyash.kumar.mec22.itbhu/EEG-AAD/eeg-aad-challenge2026-task1-baselines-master
SLURM_CPUS_ON_NODE = 16
SLURM_NTASKS = 
SLURM_TASK_PID = 13347
==========================================
Current device is cuda:0
start time: task1_AAD_MM-AAD_trainer5_2025-10-09-04-20-03
============================================================================================================
Arguments =
	_action_groups: [<argparse._ArgumentGroup object at 0x7f342a0818e0>, <argparse._ArgumentGroup object at 0x7f3400ec6a30>]
	_actions: [_HelpAction(option_strings=['-h', '--help'], dest='help', nargs=0, const=None, default='==SUPPRESS==', type=None, choices=None, required=False, help='show this help message and exit', metavar=None)]
	_defaults: {}
	_has_negative_number_optionals: []
	_mutually_exclusive_groups: []
	_negative_number_matcher: re.compile('^-\\d+$|^-\\d*\\.\\d+$')
	_option_string_actions: {'-h': _HelpAction(option_strings=['-h', '--help'], dest='help', nargs=0, const=None, default='==SUPPRESS==', type=None, choices=None, required=False, help='show this help message and exit', metavar=None), '--help': _HelpAction(option_strings=['-h', '--help'], dest='help', nargs=0, const=None, default='==SUPPRESS==', type=None, choices=None, required=False, help='show this help message and exit', metavar=None)}
	_optionals: <argparse._ArgumentGroup object at 0x7f3400ec6a30>
	_positionals: <argparse._ArgumentGroup object at 0x7f342a0818e0>
	_registries: {'action': {None: <class 'argparse._StoreAction'>, 'store': <class 'argparse._StoreAction'>, 'store_const': <class 'argparse._StoreConstAction'>, 'store_true': <class 'argparse._StoreTrueAction'>, 'store_false': <class 'argparse._StoreFalseAction'>, 'append': <class 'argparse._AppendAction'>, 'append_const': <class 'argparse._AppendConstAction'>, 'count': <class 'argparse._CountAction'>, 'help': <class 'argparse._HelpAction'>, 'version': <class 'argparse._VersionAction'>, 'parsers': <class 'argparse._SubParsersAction'>, 'extend': <class 'argparse._ExtendAction'>}, 'type': {None: <function ArgumentParser.__init__.<locals>.identity at 0x7f3400ee48b0>}}
	_subparsers: None
	add_help: True
	allow_abbrev: True
	argument_default: None
	batch_size: 256
	beta1: 0.95
	beta2: 0.999
	conflict_handler: error
	data_path: /home/suyash.kumar.mec22.itbhu/EEG-AAD_audio_visual/preprocessed/data/
	dataset: MM-AAD
	description: None
	eeg_channel: 32
	epilog: None
	exit_on_error: True
	fig_path: ./exps/cross-subject/DARNet/figures/
	formatter_class: <class 'argparse.HelpFormatter'>
	fromfile_prefix_chars: None
	fs: 128
	label_path: /home/suyash.kumar.mec22.itbhu/EEG-AAD_audio_visual/preprocessed/label/
	lam: 0.2
	lambda_domain: 0.05
	log_interval: 10
	lr: 0.001
	lr_decayrate: 0.3
	max_epoch: 100
	model: DARNet
	model_save_path: ./exps/cross-subject/DARNet/baseline_task1_AAD_MM-AAD_trainer5_2025-10-09-04-20-03
	optimizer: AdamW
	overlap: 0.5
	patience: 10
	prefix_chars: -
	prog: trainer5.py
	seed: 42
	start_time: task1_AAD_MM-AAD_trainer5_2025-10-09-04-20-03
	subject_number: 40
	trail_number: 20
	usage: None
	use_domain_adversarial: True
	weight_decay: 0.01
	win_len: 320
	win_time: 2.5
	window_lap: 160.0
============================================================================================================

========== Fold 1 ==========
Train IDs: [6, 7, 8, 9, 10, 11, 12, 13, 14, 15, 16, 17, 18, 19, 20, 21, 22, 23, 24, 25, 26, 27, 28, 29, 30]
Val IDs:   [1, 2, 3, 4, 5]
train_data_shape(164500, 32, 128),val_data_shape(32900, 32, 128)
=================================================================
Layer (type:depth-idx)                   Param #
=================================================================
DARNet                                   --
├─TokenEmbedding: 1-1                    --
│    └─Sequential: 2-1                   --
│    │    └─Conv2d: 3-1                  576
│    │    └─BatchNorm2d: 3-2             128
│    │    └─GELU: 3-3                    --
│    └─Sequential: 2-2                   --
│    │    └─Conv2d: 3-4                  32,784
│    │    └─BatchNorm2d: 3-5             32
│    │    └─GELU: 3-6                    --
│    └─PositionalEmbedding: 2-3          --
├─Flatten: 1-2                           --
├─Linear: 1-3                            18
├─AttnRefine: 1-4                        --
│    └─MyAttention: 2-4                  --
│    │    └─Attention: 3-7               800
│    └─Refine: 2-5                       --
│    │    └─Conv1d: 3-8                  784
│    │    └─BatchNorm1d: 3-9             32
│    │    └─ELU: 3-10                    --
│    │    └─MaxPool1d: 3-11              --
│    └─AdaptiveAvgPool1d: 2-6            --
│    └─Linear: 2-7                       68
│    └─Flatten: 2-8                      --
├─AttnRefine: 1-5                        --
│    └─MyAttention: 2-9                  --
│    │    └─Attention: 3-12              800
│    └─Refine: 2-10                      --
│    │    └─Conv1d: 3-13                 784
│    │    └─BatchNorm1d: 3-14            32
│    │    └─ELU: 3-15                    --
│    │    └─MaxPool1d: 3-16              --
│    └─AdaptiveAvgPool1d: 2-11           --
│    └─Linear: 2-12                      68
│    └─Flatten: 2-13                     --
├─GradientReversalLayer: 1-6             --
├─SubjectDiscriminator: 1-7              --
│    └─Sequential: 2-14                  --
│    │    └─Linear: 3-17                 2,304
│    │    └─ReLU: 3-18                   --
│    │    └─Dropout: 3-19                --
│    │    └─Linear: 3-20                 32,896
│    │    └─ReLU: 3-21                   --
│    │    └─Dropout: 3-22                --
│    │    └─Linear: 3-23                 3,870
=================================================================
Total params: 75,976
Trainable params: 75,976
Non-trainable params: 0
=================================================================
TestSub: S[1, 2, 3, 4, 5] Epoch  1 Finsh | Now_lr 0.0010/0.0010 | Lambda 0.0025 | Train Loss 0.4749 | Valid Loss 1.5275 | Train Acc 75.3925| Valid Acc 47.1191
Validation acc increase (0.000000 --> 47.119141) in epoch (1).  Saving model ...
TestSub: S[1, 2, 3, 4, 5] Epoch  2 Finsh | Now_lr 0.0010/0.0010 | Lambda 0.0050 | Train Loss 0.3041 | Valid Loss 1.8210 | Train Acc 86.9311| Valid Acc 51.8677
Validation acc increase (47.119141 --> 51.867676) in epoch (2).  Saving model ...
TestSub: S[1, 2, 3, 4, 5] Epoch  3 Finsh | Now_lr 0.0010/0.0010 | Lambda 0.0074 | Train Loss 0.2497 | Valid Loss 2.0342 | Train Acc 89.6862| Valid Acc 50.8850
TestSub: S[1, 2, 3, 4, 5] Epoch  4 Finsh | Now_lr 0.0010/0.0010 | Lambda 0.0099 | Train Loss 0.2128 | Valid Loss 2.1313 | Train Acc 91.3813| Valid Acc 49.5819
TestSub: S[1, 2, 3, 4, 5] Epoch  5 Finsh | Now_lr 0.0010/0.0010 | Lambda 0.0122 | Train Loss 0.1759 | Valid Loss 2.3403 | Train Acc 93.0539| Valid Acc 50.6897
TestSub: S[1, 2, 3, 4, 5] Epoch  6 Finsh | Now_lr 0.0010/0.0010 | Lambda 0.0146 | Train Loss 0.1514 | Valid Loss 2.5409 | Train Acc 94.1583| Valid Acc 50.9705
TestSub: S[1, 2, 3, 4, 5] Epoch  7 Finsh | Now_lr 0.0010/0.0010 | Lambda 0.0168 | Train Loss 0.1321 | Valid Loss 2.5716 | Train Acc 94.9304| Valid Acc 52.5513
Validation acc increase (51.867676 --> 52.551270) in epoch (7).  Saving model ...
TestSub: S[1, 2, 3, 4, 5] Epoch  8 Finsh | Now_lr 0.0010/0.0010 | Lambda 0.0190 | Train Loss 0.1148 | Valid Loss 2.8214 | Train Acc 95.6897| Valid Acc 51.5320
TestSub: S[1, 2, 3, 4, 5] Epoch  9 Finsh | Now_lr 0.0010/0.0010 | Lambda 0.0211 | Train Loss 0.0983 | Valid Loss 2.7604 | Train Acc 96.3012| Valid Acc 50.9064
TestSub: S[1, 2, 3, 4, 5] Epoch 10 Finsh | Now_lr 0.0010/0.0010 | Lambda 0.0231 | Train Loss 0.0876 | Valid Loss 2.8980 | Train Acc 96.7515| Valid Acc 50.7080
TestSub: S[1, 2, 3, 4, 5] Epoch 11 Finsh | Now_lr 0.0010/0.0010 | Lambda 0.0250 | Train Loss 0.0791 | Valid Loss 3.0066 | Train Acc 97.0922| Valid Acc 51.2756
TestSub: S[1, 2, 3, 4, 5] Epoch 12 Finsh | Now_lr 0.0010/0.0010 | Lambda 0.0269 | Train Loss 0.0712 | Valid Loss 3.1263 | Train Acc 97.4208| Valid Acc 51.7212
TestSub: S[1, 2, 3, 4, 5] Epoch 13 Finsh | Now_lr 0.0010/0.0010 | Lambda 0.0286 | Train Loss 0.0628 | Valid Loss 3.1361 | Train Acc 97.7347| Valid Acc 51.1292
TestSub: S[1, 2, 3, 4, 5] Epoch 14 Finsh | Now_lr 0.0010/0.0010 | Lambda 0.0302 | Train Loss 0.0576 | Valid Loss 3.1826 | Train Acc 97.8990| Valid Acc 51.0773
TestSub: S[1, 2, 3, 4, 5] Epoch 15 Finsh | Now_lr 0.0010/0.0010 | Lambda 0.0318 | Train Loss 0.0575 | Valid Loss 3.1284 | Train Acc 97.9386| Valid Acc 51.6083
TestSub: S[1, 2, 3, 4, 5] Epoch 16 Finsh | Now_lr 0.0010/0.0010 | Lambda 0.0332 | Train Loss 0.0519 | Valid Loss 3.4290 | Train Acc 98.1473| Valid Acc 50.0793
TestSub: S[1, 2, 3, 4, 5] Epoch 17 Finsh | Now_lr 0.0010/0.0010 | Lambda 0.0346 | Train Loss 0.0506 | Valid Loss 3.3339 | Train Acc 98.1826| Valid Acc 50.7843
TestSub: S[1, 2, 3, 4, 5] Epoch 18 Finsh | Now_lr 0.0010/0.0010 | Lambda 0.0358 | Train Loss 0.0440 | Valid Loss 3.6228 | Train Acc 98.4314| Valid Acc 48.9258
TestSub: S[1, 2, 3, 4, 5] Epoch 19 Finsh | Now_lr 0.0010/0.0010 | Lambda 0.0370 | Train Loss 0.0468 | Valid Loss 3.5963 | Train Acc 98.3371| Valid Acc 49.7223
TestSub: S[1, 2, 3, 4, 5] Epoch 20 Finsh | Now_lr 0.0010/0.0010 | Lambda 0.0381 | Train Loss 0.0430 | Valid Loss 3.7260 | Train Acc 98.4722| Valid Acc 50.3326
TestSub: S[1, 2, 3, 4, 5] Epoch 21 Finsh | Now_lr 0.0010/0.0010 | Lambda 0.0391 | Train Loss 0.0396 | Valid Loss 3.8666 | Train Acc 98.5933| Valid Acc 50.1038
TestSub: S[1, 2, 3, 4, 5] Epoch 22 Finsh | Now_lr 0.0010/0.0010 | Lambda 0.0400 | Train Loss 0.0377 | Valid Loss 3.9783 | Train Acc 98.6188| Valid Acc 50.4608
TestSub: S[1, 2, 3, 4, 5] Epoch 23 Finsh | Now_lr 0.0010/0.0010 | Lambda 0.0409 | Train Loss 0.0354 | Valid Loss 3.8217 | Train Acc 98.7466| Valid Acc 48.6298
TestSub: S[1, 2, 3, 4, 5] Epoch 24 Finsh | Now_lr 0.0010/0.0010 | Lambda 0.0417 | Train Loss 0.0367 | Valid Loss 3.7332 | Train Acc 98.7083| Valid Acc 48.6481
TestSub: S[1, 2, 3, 4, 5] Epoch 25 Finsh | Now_lr 0.0010/0.0010 | Lambda 0.0424 | Train Loss 0.0358 | Valid Loss 3.8045 | Train Acc 98.7496| Valid Acc 49.3469
TestSub: S[1, 2, 3, 4, 5] Epoch 26 Finsh | Now_lr 0.0010/0.0010 | Lambda 0.0431 | Train Loss 0.0341 | Valid Loss 3.5985 | Train Acc 98.7861| Valid Acc 50.1984
TestSub: S[1, 2, 3, 4, 5] Epoch 27 Finsh | Now_lr 0.0010/0.0010 | Lambda 0.0437 | Train Loss 0.0327 | Valid Loss 3.6567 | Train Acc 98.8750| Valid Acc 49.7223
TestSub: S[1, 2, 3, 4, 5] Epoch 28 Finsh | Now_lr 0.0010/0.0010 | Lambda 0.0443 | Train Loss 0.0283 | Valid Loss 3.9211 | Train Acc 99.0198| Valid Acc 49.5758
TestSub: S[1, 2, 3, 4, 5] Epoch 29 Finsh | Now_lr 0.0010/0.0010 | Lambda 0.0448 | Train Loss 0.0300 | Valid Loss 3.5782 | Train Acc 98.9693| Valid Acc 51.2543
TestSub: S[1, 2, 3, 4, 5] Epoch 30 Finsh | Now_lr 0.0010/0.0010 | Lambda 0.0453 | Train Loss 0.0288 | Valid Loss 3.8288 | Train Acc 99.0155| Valid Acc 49.0082
TestSub: S[1, 2, 3, 4, 5] Epoch 31 Finsh | Now_lr 0.0010/0.0010 | Lambda 0.0457 | Train Loss 0.0257 | Valid Loss 3.9233 | Train Acc 99.1184| Valid Acc 51.2390
TestSub: S[1, 2, 3, 4, 5] Epoch 32 Finsh | Now_lr 0.0010/0.0010 | Lambda 0.0461 | Train Loss 0.0270 | Valid Loss 3.7269 | Train Acc 99.0599| Valid Acc 52.3621
TestSub: S[1, 2, 3, 4, 5] Epoch 33 Finsh | Now_lr 0.0010/0.0010 | Lambda 0.0464 | Train Loss 0.0237 | Valid Loss 3.7300 | Train Acc 99.1682| Valid Acc 52.4475
TestSub: S[1, 2, 3, 4, 5] Epoch 34 Finsh | Now_lr 0.0010/0.0010 | Lambda 0.0468 | Train Loss 0.0256 | Valid Loss 3.9815 | Train Acc 99.1153| Valid Acc 51.2512
TestSub: S[1, 2, 3, 4, 5] Epoch 35 Finsh | Now_lr 0.0010/0.0010 | Lambda 0.0471 | Train Loss 0.0220 | Valid Loss 3.7943 | Train Acc 99.2364| Valid Acc 53.8391
Validation acc increase (52.551270 --> 53.839111) in epoch (35).  Saving model ...
TestSub: S[1, 2, 3, 4, 5] Epoch 36 Finsh | Now_lr 0.0010/0.0010 | Lambda 0.0473 | Train Loss 0.0253 | Valid Loss 3.6591 | Train Acc 99.1324| Valid Acc 51.5106
TestSub: S[1, 2, 3, 4, 5] Epoch 37 Finsh | Now_lr 0.0010/0.0010 | Lambda 0.0476 | Train Loss 0.0231 | Valid Loss 3.7125 | Train Acc 99.1902| Valid Acc 51.4191
TestSub: S[1, 2, 3, 4, 5] Epoch 38 Finsh | Now_lr 0.0010/0.0010 | Lambda 0.0478 | Train Loss 0.0236 | Valid Loss 3.5170 | Train Acc 99.1895| Valid Acc 52.1942
TestSub: S[1, 2, 3, 4, 5] Epoch 39 Finsh | Now_lr 0.0010/0.0010 | Lambda 0.0480 | Train Loss 0.0216 | Valid Loss 3.8160 | Train Acc 99.2784| Valid Acc 51.3702
TestSub: S[1, 2, 3, 4, 5] Epoch 40 Finsh | Now_lr 0.0010/0.0010 | Lambda 0.0482 | Train Loss 0.0222 | Valid Loss 3.4644 | Train Acc 99.2151| Valid Acc 50.8728
TestSub: S[1, 2, 3, 4, 5] Epoch 41 Finsh | Now_lr 0.0010/0.0010 | Lambda 0.0484 | Train Loss 0.0203 | Valid Loss 3.7510 | Train Acc 99.3167| Valid Acc 50.5341
TestSub: S[1, 2, 3, 4, 5] Epoch 42 Finsh | Now_lr 0.0010/0.0010 | Lambda 0.0485 | Train Loss 0.0201 | Valid Loss 3.8779 | Train Acc 99.2863| Valid Acc 50.1099
TestSub: S[1, 2, 3, 4, 5] Epoch 43 Finsh | Now_lr 0.0010/0.0010 | Lambda 0.0487 | Train Loss 0.0209 | Valid Loss 3.5702 | Train Acc 99.2887| Valid Acc 53.4607
TestSub: S[1, 2, 3, 4, 5] Epoch 44 Finsh | Now_lr 0.0010/0.0010 | Lambda 0.0488 | Train Loss 0.0202 | Valid Loss 3.5648 | Train Acc 99.2948| Valid Acc 53.4027
TestSub: S[1, 2, 3, 4, 5] Epoch 45 Finsh | Now_lr 0.0010/0.0010 | Lambda 0.0489 | Train Loss 0.0215 | Valid Loss 3.5258 | Train Acc 99.2510| Valid Acc 53.1738
TestSub: S[1, 2, 3, 4, 5] Epoch 46 Finsh | Now_lr 0.0010/0.0010 | Lambda 0.0490 | Train Loss 0.0203 | Valid Loss 3.8732 | Train Acc 99.2997| Valid Acc 50.5157
TestSub: S[1, 2, 3, 4, 5] Epoch 47 Finsh | Now_lr 0.0010/0.0010 | Lambda 0.0491 | Train Loss 0.0189 | Valid Loss 4.0252 | Train Acc 99.3532| Valid Acc 50.1984
TestSub: S[1, 2, 3, 4, 5] Epoch 48 Finsh | Now_lr 0.0010/0.0010 | Lambda 0.0492 | Train Loss 0.0195 | Valid Loss 3.7554 | Train Acc 99.3228| Valid Acc 52.4048
TestSub: S[1, 2, 3, 4, 5] Epoch 49 Finsh | Now_lr 0.0010/0.0010 | Lambda 0.0493 | Train Loss 0.0186 | Valid Loss 3.6785 | Train Acc 99.3648| Valid Acc 52.1881
TestSub: S[1, 2, 3, 4, 5] Epoch 50 Finsh | Now_lr 0.0010/0.0010 | Lambda 0.0493 | Train Loss 0.0172 | Valid Loss 3.8447 | Train Acc 99.4001| Valid Acc 52.6123
TestSub: S[1, 2, 3, 4, 5] Epoch 51 Finsh | Now_lr 0.0010/0.0010 | Lambda 0.0494 | Train Loss 0.0175 | Valid Loss 3.8260 | Train Acc 99.4153| Valid Acc 51.8707
TestSub: S[1, 2, 3, 4, 5] Epoch 52 Finsh | Now_lr 0.0010/0.0010 | Lambda 0.0495 | Train Loss 0.0177 | Valid Loss 3.7980 | Train Acc 99.3964| Valid Acc 52.2552
TestSub: S[1, 2, 3, 4, 5] Epoch 53 Finsh | Now_lr 0.0010/0.0010 | Lambda 0.0495 | Train Loss 0.0165 | Valid Loss 3.9191 | Train Acc 99.4487| Valid Acc 50.7935
TestSub: S[1, 2, 3, 4, 5] Epoch 54 Finsh | Now_lr 0.0010/0.0010 | Lambda 0.0496 | Train Loss 0.0165 | Valid Loss 3.9715 | Train Acc 99.4323| Valid Acc 51.2238
TestSub: S[1, 2, 3, 4, 5] Epoch 55 Finsh | Now_lr 0.0010/0.0010 | Lambda 0.0496 | Train Loss 0.0166 | Valid Loss 4.1433 | Train Acc 99.4451| Valid Acc 50.0641
TestSub: S[1, 2, 3, 4, 5] Epoch 56 Finsh | Now_lr 0.0010/0.0010 | Lambda 0.0496 | Train Loss 0.0191 | Valid Loss 3.6395 | Train Acc 99.3690| Valid Acc 52.1271
TestSub: S[1, 2, 3, 4, 5] Epoch 57 Finsh | Now_lr 0.0010/0.0010 | Lambda 0.0497 | Train Loss 0.0153 | Valid Loss 3.9724 | Train Acc 99.4950| Valid Acc 51.1261
TestSub: S[1, 2, 3, 4, 5] Epoch 58 Finsh | Now_lr 0.0010/0.0010 | Lambda 0.0497 | Train Loss 0.0151 | Valid Loss 3.8041 | Train Acc 99.4834| Valid Acc 51.4160
TestSub: S[1, 2, 3, 4, 5] Epoch 59 Finsh | Now_lr 0.0010/0.0010 | Lambda 0.0497 | Train Loss 0.0161 | Valid Loss 4.0276 | Train Acc 99.4725| Valid Acc 50.9583
TestSub: S[1, 2, 3, 4, 5] Epoch 60 Finsh | Now_lr 0.0010/0.0010 | Lambda 0.0498 | Train Loss 0.0164 | Valid Loss 3.6096 | Train Acc 99.4494| Valid Acc 53.4149
TestSub: S[1, 2, 3, 4, 5] Epoch 61 Finsh | Now_lr 0.0010/0.0010 | Lambda 0.0498 | Train Loss 0.0146 | Valid Loss 3.9229 | Train Acc 99.4859| Valid Acc 51.0529
TestSub: S[1, 2, 3, 4, 5] Epoch 62 Finsh | Now_lr 0.0010/0.0010 | Lambda 0.0498 | Train Loss 0.0149 | Valid Loss 4.1043 | Train Acc 99.4822| Valid Acc 51.0101
TestSub: S[1, 2, 3, 4, 5] Epoch 63 Finsh | Now_lr 0.0010/0.0010 | Lambda 0.0498 | Train Loss 0.0170 | Valid Loss 3.8805 | Train Acc 99.4183| Valid Acc 51.0986
TestSub: S[1, 2, 3, 4, 5] Epoch 64 Finsh | Now_lr 0.0010/0.0010 | Lambda 0.0498 | Train Loss 0.0145 | Valid Loss 3.8312 | Train Acc 99.5145| Valid Acc 51.4099
TestSub: S[1, 2, 3, 4, 5] Epoch 65 Finsh | Now_lr 0.0010/0.0010 | Lambda 0.0498 | Train Loss 0.0134 | Valid Loss 3.9949 | Train Acc 99.5449| Valid Acc 50.9918
Early stopping triggered after 65 epochs (30 epochs without improvement)
--------------------------------------------------
Test_Subject :S[1, 2, 3, 4, 5] |Best epoch:35 | Test Loss:3.7943 | Best Acc 53.8391 | Savemodel Acc 53.8391
--------------------------------------------------

========== Fold 2 ==========
Train IDs: [1, 2, 3, 4, 5, 11, 12, 13, 14, 15, 16, 17, 18, 19, 20, 21, 22, 23, 24, 25, 26, 27, 28, 29, 30]
Val IDs:   [6, 7, 8, 9, 10]
train_data_shape(164500, 32, 128),val_data_shape(32900, 32, 128)
=================================================================
Layer (type:depth-idx)                   Param #
=================================================================
DARNet                                   --
├─TokenEmbedding: 1-1                    --
│    └─Sequential: 2-1                   --
│    │    └─Conv2d: 3-1                  576
│    │    └─BatchNorm2d: 3-2             128
│    │    └─GELU: 3-3                    --
│    └─Sequential: 2-2                   --
│    │    └─Conv2d: 3-4                  32,784
│    │    └─BatchNorm2d: 3-5             32
│    │    └─GELU: 3-6                    --
│    └─PositionalEmbedding: 2-3          --
├─Flatten: 1-2                           --
├─Linear: 1-3                            18
├─AttnRefine: 1-4                        --
│    └─MyAttention: 2-4                  --
│    │    └─Attention: 3-7               800
│    └─Refine: 2-5                       --
│    │    └─Conv1d: 3-8                  784
│    │    └─BatchNorm1d: 3-9             32
│    │    └─ELU: 3-10                    --
│    │    └─MaxPool1d: 3-11              --
│    └─AdaptiveAvgPool1d: 2-6            --
│    └─Linear: 2-7                       68
│    └─Flatten: 2-8                      --
├─AttnRefine: 1-5                        --
│    └─MyAttention: 2-9                  --
│    │    └─Attention: 3-12              800
│    └─Refine: 2-10                      --
│    │    └─Conv1d: 3-13                 784
│    │    └─BatchNorm1d: 3-14            32
│    │    └─ELU: 3-15                    --
│    │    └─MaxPool1d: 3-16              --
│    └─AdaptiveAvgPool1d: 2-11           --
│    └─Linear: 2-12                      68
│    └─Flatten: 2-13                     --
├─GradientReversalLayer: 1-6             --
├─SubjectDiscriminator: 1-7              --
│    └─Sequential: 2-14                  --
│    │    └─Linear: 3-17                 2,304
│    │    └─ReLU: 3-18                   --
│    │    └─Dropout: 3-19                --
│    │    └─Linear: 3-20                 32,896
│    │    └─ReLU: 3-21                   --
│    │    └─Dropout: 3-22                --
│    │    └─Linear: 3-23                 3,870
=================================================================
Total params: 75,976
Trainable params: 75,976
Non-trainable params: 0
=================================================================
TestSub: S[6, 7, 8, 9, 10] Epoch  1 Finsh | Now_lr 0.0010/0.0010 | Lambda 0.0025 | Train Loss 0.5086 | Valid Loss 1.3090 | Train Acc 72.7639| Valid Acc 50.6927
Validation acc increase (0.000000 --> 50.692749) in epoch (1).  Saving model ...
TestSub: S[6, 7, 8, 9, 10] Epoch  2 Finsh | Now_lr 0.0010/0.0010 | Lambda 0.0050 | Train Loss 0.3345 | Valid Loss 1.6563 | Train Acc 84.5746| Valid Acc 52.1332
Validation acc increase (50.692749 --> 52.133179) in epoch (2).  Saving model ...
TestSub: S[6, 7, 8, 9, 10] Epoch  3 Finsh | Now_lr 0.0010/0.0010 | Lambda 0.0074 | Train Loss 0.2521 | Valid Loss 1.9233 | Train Acc 89.1684| Valid Acc 52.8107
Validation acc increase (52.133179 --> 52.810669) in epoch (3).  Saving model ...
TestSub: S[6, 7, 8, 9, 10] Epoch  4 Finsh | Now_lr 0.0010/0.0010 | Lambda 0.0099 | Train Loss 0.1852 | Valid Loss 2.1195 | Train Acc 92.4844| Valid Acc 54.9500
Validation acc increase (52.810669 --> 54.949951) in epoch (4).  Saving model ...
TestSub: S[6, 7, 8, 9, 10] Epoch  5 Finsh | Now_lr 0.0010/0.0010 | Lambda 0.0122 | Train Loss 0.1476 | Valid Loss 2.4015 | Train Acc 94.2088| Valid Acc 55.0293
Validation acc increase (54.949951 --> 55.029297) in epoch (5).  Saving model ...
TestSub: S[6, 7, 8, 9, 10] Epoch  6 Finsh | Now_lr 0.0010/0.0010 | Lambda 0.0146 | Train Loss 0.1216 | Valid Loss 2.5504 | Train Acc 95.3076| Valid Acc 55.1422
Validation acc increase (55.029297 --> 55.142212) in epoch (6).  Saving model ...
TestSub: S[6, 7, 8, 9, 10] Epoch  7 Finsh | Now_lr 0.0010/0.0010 | Lambda 0.0168 | Train Loss 0.1037 | Valid Loss 2.7655 | Train Acc 96.0731| Valid Acc 53.8452
TestSub: S[6, 7, 8, 9, 10] Epoch  8 Finsh | Now_lr 0.0010/0.0010 | Lambda 0.0190 | Train Loss 0.0849 | Valid Loss 2.7168 | Train Acc 96.8446| Valid Acc 51.9409
TestSub: S[6, 7, 8, 9, 10] Epoch  9 Finsh | Now_lr 0.0010/0.0010 | Lambda 0.0211 | Train Loss 0.0750 | Valid Loss 2.9270 | Train Acc 97.2346| Valid Acc 52.6978
TestSub: S[6, 7, 8, 9, 10] Epoch 10 Finsh | Now_lr 0.0010/0.0010 | Lambda 0.0231 | Train Loss 0.0646 | Valid Loss 3.0265 | Train Acc 97.6374| Valid Acc 52.4933
TestSub: S[6, 7, 8, 9, 10] Epoch 11 Finsh | Now_lr 0.0010/0.0010 | Lambda 0.0250 | Train Loss 0.0604 | Valid Loss 3.1697 | Train Acc 97.8157| Valid Acc 53.6316
TestSub: S[6, 7, 8, 9, 10] Epoch 12 Finsh | Now_lr 0.0010/0.0010 | Lambda 0.0269 | Train Loss 0.0517 | Valid Loss 3.3984 | Train Acc 98.1229| Valid Acc 52.2217
TestSub: S[6, 7, 8, 9, 10] Epoch 13 Finsh | Now_lr 0.0010/0.0010 | Lambda 0.0286 | Train Loss 0.0501 | Valid Loss 3.1526 | Train Acc 98.2166| Valid Acc 53.3478
TestSub: S[6, 7, 8, 9, 10] Epoch 14 Finsh | Now_lr 0.0010/0.0010 | Lambda 0.0302 | Train Loss 0.0479 | Valid Loss 3.1247 | Train Acc 98.2787| Valid Acc 52.9449
TestSub: S[6, 7, 8, 9, 10] Epoch 15 Finsh | Now_lr 0.0010/0.0010 | Lambda 0.0318 | Train Loss 0.0415 | Valid Loss 3.3200 | Train Acc 98.5257| Valid Acc 51.3794
TestSub: S[6, 7, 8, 9, 10] Epoch 16 Finsh | Now_lr 0.0010/0.0010 | Lambda 0.0332 | Train Loss 0.0398 | Valid Loss 3.3553 | Train Acc 98.5933| Valid Acc 53.5522
TestSub: S[6, 7, 8, 9, 10] Epoch 17 Finsh | Now_lr 0.0010/0.0010 | Lambda 0.0346 | Train Loss 0.0362 | Valid Loss 3.3856 | Train Acc 98.7192| Valid Acc 51.9684
TestSub: S[6, 7, 8, 9, 10] Epoch 18 Finsh | Now_lr 0.0010/0.0010 | Lambda 0.0358 | Train Loss 0.0365 | Valid Loss 3.2587 | Train Acc 98.7143| Valid Acc 52.6611
TestSub: S[6, 7, 8, 9, 10] Epoch 19 Finsh | Now_lr 0.0010/0.0010 | Lambda 0.0370 | Train Loss 0.0325 | Valid Loss 3.3218 | Train Acc 98.8628| Valid Acc 53.5065
TestSub: S[6, 7, 8, 9, 10] Epoch 20 Finsh | Now_lr 0.0010/0.0010 | Lambda 0.0381 | Train Loss 0.0316 | Valid Loss 3.1756 | Train Acc 98.9054| Valid Acc 52.9053
TestSub: S[6, 7, 8, 9, 10] Epoch 21 Finsh | Now_lr 0.0010/0.0010 | Lambda 0.0391 | Train Loss 0.0323 | Valid Loss 3.4202 | Train Acc 98.8652| Valid Acc 51.7517
TestSub: S[6, 7, 8, 9, 10] Epoch 22 Finsh | Now_lr 0.0010/0.0010 | Lambda 0.0400 | Train Loss 0.0285 | Valid Loss 3.6401 | Train Acc 99.0113| Valid Acc 50.8759
TestSub: S[6, 7, 8, 9, 10] Epoch 23 Finsh | Now_lr 0.0010/0.0010 | Lambda 0.0409 | Train Loss 0.0286 | Valid Loss 3.7688 | Train Acc 98.9906| Valid Acc 51.2238
TestSub: S[6, 7, 8, 9, 10] Epoch 24 Finsh | Now_lr 0.0010/0.0010 | Lambda 0.0417 | Train Loss 0.0273 | Valid Loss 3.6473 | Train Acc 99.0672| Valid Acc 50.2014
TestSub: S[6, 7, 8, 9, 10] Epoch 25 Finsh | Now_lr 0.0010/0.0010 | Lambda 0.0424 | Train Loss 0.0252 | Valid Loss 3.3290 | Train Acc 99.1184| Valid Acc 52.5482
TestSub: S[6, 7, 8, 9, 10] Epoch 26 Finsh | Now_lr 0.0010/0.0010 | Lambda 0.0431 | Train Loss 0.0251 | Valid Loss 3.7354 | Train Acc 99.1476| Valid Acc 51.6113
TestSub: S[6, 7, 8, 9, 10] Epoch 27 Finsh | Now_lr 0.0010/0.0010 | Lambda 0.0437 | Train Loss 0.0251 | Valid Loss 3.4480 | Train Acc 99.1220| Valid Acc 52.1790
TestSub: S[6, 7, 8, 9, 10] Epoch 28 Finsh | Now_lr 0.0010/0.0010 | Lambda 0.0443 | Train Loss 0.0226 | Valid Loss 3.6452 | Train Acc 99.2486| Valid Acc 50.6104
TestSub: S[6, 7, 8, 9, 10] Epoch 29 Finsh | Now_lr 0.0010/0.0010 | Lambda 0.0448 | Train Loss 0.0235 | Valid Loss 3.8132 | Train Acc 99.1932| Valid Acc 51.0162
TestSub: S[6, 7, 8, 9, 10] Epoch 30 Finsh | Now_lr 0.0010/0.0010 | Lambda 0.0453 | Train Loss 0.0214 | Valid Loss 3.6094 | Train Acc 99.2480| Valid Acc 52.4109
TestSub: S[6, 7, 8, 9, 10] Epoch 31 Finsh | Now_lr 0.0010/0.0010 | Lambda 0.0457 | Train Loss 0.0228 | Valid Loss 3.5689 | Train Acc 99.2218| Valid Acc 50.9979
TestSub: S[6, 7, 8, 9, 10] Epoch 32 Finsh | Now_lr 0.0010/0.0010 | Lambda 0.0461 | Train Loss 0.0202 | Valid Loss 3.7719 | Train Acc 99.3021| Valid Acc 50.5829
TestSub: S[6, 7, 8, 9, 10] Epoch 33 Finsh | Now_lr 0.0010/0.0010 | Lambda 0.0464 | Train Loss 0.0195 | Valid Loss 3.8723 | Train Acc 99.3222| Valid Acc 51.1505
TestSub: S[6, 7, 8, 9, 10] Epoch 34 Finsh | Now_lr 0.0010/0.0010 | Lambda 0.0468 | Train Loss 0.0207 | Valid Loss 3.8152 | Train Acc 99.3070| Valid Acc 51.5350
TestSub: S[6, 7, 8, 9, 10] Epoch 35 Finsh | Now_lr 0.0010/0.0010 | Lambda 0.0471 | Train Loss 0.0193 | Valid Loss 3.5936 | Train Acc 99.3374| Valid Acc 50.5005
TestSub: S[6, 7, 8, 9, 10] Epoch 36 Finsh | Now_lr 0.0010/0.0010 | Lambda 0.0473 | Train Loss 0.0176 | Valid Loss 3.7533 | Train Acc 99.3903| Valid Acc 52.1332
Early stopping triggered after 36 epochs (30 epochs without improvement)
--------------------------------------------------
Test_Subject :S[6, 7, 8, 9, 10] |Best epoch:6 | Test Loss:2.5504 | Best Acc 55.1422 | Savemodel Acc 55.1422
--------------------------------------------------

========== Fold 3 ==========
Train IDs: [1, 2, 3, 4, 5, 6, 7, 8, 9, 10, 16, 17, 18, 19, 20, 21, 22, 23, 24, 25, 26, 27, 28, 29, 30]
Val IDs:   [11, 12, 13, 14, 15]
train_data_shape(164500, 32, 128),val_data_shape(32900, 32, 128)
=================================================================
Layer (type:depth-idx)                   Param #
=================================================================
DARNet                                   --
├─TokenEmbedding: 1-1                    --
│    └─Sequential: 2-1                   --
│    │    └─Conv2d: 3-1                  576
│    │    └─BatchNorm2d: 3-2             128
│    │    └─GELU: 3-3                    --
│    └─Sequential: 2-2                   --
│    │    └─Conv2d: 3-4                  32,784
│    │    └─BatchNorm2d: 3-5             32
│    │    └─GELU: 3-6                    --
│    └─PositionalEmbedding: 2-3          --
├─Flatten: 1-2                           --
├─Linear: 1-3                            18
├─AttnRefine: 1-4                        --
│    └─MyAttention: 2-4                  --
│    │    └─Attention: 3-7               800
│    └─Refine: 2-5                       --
│    │    └─Conv1d: 3-8                  784
│    │    └─BatchNorm1d: 3-9             32
│    │    └─ELU: 3-10                    --
│    │    └─MaxPool1d: 3-11              --
│    └─AdaptiveAvgPool1d: 2-6            --
│    └─Linear: 2-7                       68
│    └─Flatten: 2-8                      --
├─AttnRefine: 1-5                        --
│    └─MyAttention: 2-9                  --
│    │    └─Attention: 3-12              800
│    └─Refine: 2-10                      --
│    │    └─Conv1d: 3-13                 784
│    │    └─BatchNorm1d: 3-14            32
│    │    └─ELU: 3-15                    --
│    │    └─MaxPool1d: 3-16              --
│    └─AdaptiveAvgPool1d: 2-11           --
│    └─Linear: 2-12                      68
│    └─Flatten: 2-13                     --
├─GradientReversalLayer: 1-6             --
├─SubjectDiscriminator: 1-7              --
│    └─Sequential: 2-14                  --
│    │    └─Linear: 3-17                 2,304
│    │    └─ReLU: 3-18                   --
│    │    └─Dropout: 3-19                --
│    │    └─Linear: 3-20                 32,896
│    │    └─ReLU: 3-21                   --
│    │    └─Dropout: 3-22                --
│    │    └─Linear: 3-23                 3,870
=================================================================
Total params: 75,976
Trainable params: 75,976
Non-trainable params: 0
=================================================================
TestSub: S[11, 12, 13, 14, 15] Epoch  1 Finsh | Now_lr 0.0010/0.0010 | Lambda 0.0025 | Train Loss 0.4849 | Valid Loss 1.5768 | Train Acc 74.6209| Valid Acc 47.7203
Validation acc increase (0.000000 --> 47.720337) in epoch (1).  Saving model ...
TestSub: S[11, 12, 13, 14, 15] Epoch  2 Finsh | Now_lr 0.0010/0.0010 | Lambda 0.0050 | Train Loss 0.2994 | Valid Loss 2.1044 | Train Acc 86.8660| Valid Acc 45.7367
TestSub: S[11, 12, 13, 14, 15] Epoch  3 Finsh | Now_lr 0.0010/0.0010 | Lambda 0.0074 | Train Loss 0.2477 | Valid Loss 2.2638 | Train Acc 89.5772| Valid Acc 46.4417
TestSub: S[11, 12, 13, 14, 15] Epoch  4 Finsh | Now_lr 0.0010/0.0010 | Lambda 0.0099 | Train Loss 0.2129 | Valid Loss 2.4922 | Train Acc 91.2687| Valid Acc 47.1375
TestSub: S[11, 12, 13, 14, 15] Epoch  5 Finsh | Now_lr 0.0010/0.0010 | Lambda 0.0122 | Train Loss 0.1797 | Valid Loss 2.6391 | Train Acc 92.8087| Valid Acc 46.1121
TestSub: S[11, 12, 13, 14, 15] Epoch  6 Finsh | Now_lr 0.0010/0.0010 | Lambda 0.0146 | Train Loss 0.1498 | Valid Loss 2.7368 | Train Acc 94.0895| Valid Acc 46.5668
TestSub: S[11, 12, 13, 14, 15] Epoch  7 Finsh | Now_lr 0.0010/0.0010 | Lambda 0.0168 | Train Loss 0.1288 | Valid Loss 2.7343 | Train Acc 95.0350| Valid Acc 48.6328
Validation acc increase (47.720337 --> 48.632812) in epoch (7).  Saving model ...
TestSub: S[11, 12, 13, 14, 15] Epoch  8 Finsh | Now_lr 0.0010/0.0010 | Lambda 0.0190 | Train Loss 0.1092 | Valid Loss 2.7376 | Train Acc 95.9228| Valid Acc 48.6572
Validation acc increase (48.632812 --> 48.657227) in epoch (8).  Saving model ...
TestSub: S[11, 12, 13, 14, 15] Epoch  9 Finsh | Now_lr 0.0010/0.0010 | Lambda 0.0211 | Train Loss 0.0950 | Valid Loss 2.7928 | Train Acc 96.4296| Valid Acc 50.5646
Validation acc increase (48.657227 --> 50.564575) in epoch (9).  Saving model ...
TestSub: S[11, 12, 13, 14, 15] Epoch 10 Finsh | Now_lr 0.0010/0.0010 | Lambda 0.0231 | Train Loss 0.0807 | Valid Loss 3.0309 | Train Acc 97.0265| Valid Acc 48.9166
TestSub: S[11, 12, 13, 14, 15] Epoch 11 Finsh | Now_lr 0.0010/0.0010 | Lambda 0.0250 | Train Loss 0.0713 | Valid Loss 3.3662 | Train Acc 97.3910| Valid Acc 48.2025
TestSub: S[11, 12, 13, 14, 15] Epoch 12 Finsh | Now_lr 0.0010/0.0010 | Lambda 0.0269 | Train Loss 0.0672 | Valid Loss 3.1711 | Train Acc 97.5169| Valid Acc 49.0509
TestSub: S[11, 12, 13, 14, 15] Epoch 13 Finsh | Now_lr 0.0010/0.0010 | Lambda 0.0286 | Train Loss 0.0615 | Valid Loss 3.1106 | Train Acc 97.7749| Valid Acc 47.9034
TestSub: S[11, 12, 13, 14, 15] Epoch 14 Finsh | Now_lr 0.0010/0.0010 | Lambda 0.0302 | Train Loss 0.0579 | Valid Loss 3.4863 | Train Acc 97.9264| Valid Acc 47.0551
TestSub: S[11, 12, 13, 14, 15] Epoch 15 Finsh | Now_lr 0.0010/0.0010 | Lambda 0.0318 | Train Loss 0.0512 | Valid Loss 3.4406 | Train Acc 98.1880| Valid Acc 48.9594
TestSub: S[11, 12, 13, 14, 15] Epoch 16 Finsh | Now_lr 0.0010/0.0010 | Lambda 0.0332 | Train Loss 0.0482 | Valid Loss 3.4774 | Train Acc 98.2903| Valid Acc 46.3623
TestSub: S[11, 12, 13, 14, 15] Epoch 17 Finsh | Now_lr 0.0010/0.0010 | Lambda 0.0346 | Train Loss 0.0456 | Valid Loss 3.8020 | Train Acc 98.3785| Valid Acc 47.7173
TestSub: S[11, 12, 13, 14, 15] Epoch 18 Finsh | Now_lr 0.0010/0.0010 | Lambda 0.0358 | Train Loss 0.0431 | Valid Loss 3.6197 | Train Acc 98.4515| Valid Acc 48.7091
TestSub: S[11, 12, 13, 14, 15] Epoch 19 Finsh | Now_lr 0.0010/0.0010 | Lambda 0.0370 | Train Loss 0.0432 | Valid Loss 3.5234 | Train Acc 98.4704| Valid Acc 47.5525
TestSub: S[11, 12, 13, 14, 15] Epoch 20 Finsh | Now_lr 0.0010/0.0010 | Lambda 0.0381 | Train Loss 0.0399 | Valid Loss 3.4071 | Train Acc 98.5817| Valid Acc 48.8342
TestSub: S[11, 12, 13, 14, 15] Epoch 21 Finsh | Now_lr 0.0010/0.0010 | Lambda 0.0391 | Train Loss 0.0387 | Valid Loss 3.6943 | Train Acc 98.6425| Valid Acc 46.9910
TestSub: S[11, 12, 13, 14, 15] Epoch 22 Finsh | Now_lr 0.0010/0.0010 | Lambda 0.0400 | Train Loss 0.0358 | Valid Loss 3.7622 | Train Acc 98.7338| Valid Acc 47.0276
TestSub: S[11, 12, 13, 14, 15] Epoch 23 Finsh | Now_lr 0.0010/0.0010 | Lambda 0.0409 | Train Loss 0.0323 | Valid Loss 3.8138 | Train Acc 98.8817| Valid Acc 45.4834
TestSub: S[11, 12, 13, 14, 15] Epoch 24 Finsh | Now_lr 0.0010/0.0010 | Lambda 0.0417 | Train Loss 0.0345 | Valid Loss 3.6141 | Train Acc 98.8080| Valid Acc 46.2341
TestSub: S[11, 12, 13, 14, 15] Epoch 25 Finsh | Now_lr 0.0010/0.0010 | Lambda 0.0424 | Train Loss 0.0325 | Valid Loss 3.8496 | Train Acc 98.8683| Valid Acc 47.2473
TestSub: S[11, 12, 13, 14, 15] Epoch 26 Finsh | Now_lr 0.0010/0.0010 | Lambda 0.0431 | Train Loss 0.0307 | Valid Loss 3.8657 | Train Acc 98.9200| Valid Acc 47.2626
TestSub: S[11, 12, 13, 14, 15] Epoch 27 Finsh | Now_lr 0.0010/0.0010 | Lambda 0.0437 | Train Loss 0.0312 | Valid Loss 3.7979 | Train Acc 98.8999| Valid Acc 48.0621
TestSub: S[11, 12, 13, 14, 15] Epoch 28 Finsh | Now_lr 0.0010/0.0010 | Lambda 0.0443 | Train Loss 0.0289 | Valid Loss 3.8412 | Train Acc 99.0161| Valid Acc 46.9635
TestSub: S[11, 12, 13, 14, 15] Epoch 29 Finsh | Now_lr 0.0010/0.0010 | Lambda 0.0448 | Train Loss 0.0301 | Valid Loss 3.7692 | Train Acc 98.9504| Valid Acc 46.5210
TestSub: S[11, 12, 13, 14, 15] Epoch 30 Finsh | Now_lr 0.0010/0.0010 | Lambda 0.0453 | Train Loss 0.0268 | Valid Loss 3.6718 | Train Acc 99.0861| Valid Acc 45.9351
TestSub: S[11, 12, 13, 14, 15] Epoch 31 Finsh | Now_lr 0.0010/0.0010 | Lambda 0.0457 | Train Loss 0.0260 | Valid Loss 3.9633 | Train Acc 99.1226| Valid Acc 45.0897
TestSub: S[11, 12, 13, 14, 15] Epoch 32 Finsh | Now_lr 0.0010/0.0010 | Lambda 0.0461 | Train Loss 0.0252 | Valid Loss 3.7971 | Train Acc 99.1238| Valid Acc 46.2372
TestSub: S[11, 12, 13, 14, 15] Epoch 33 Finsh | Now_lr 0.0010/0.0010 | Lambda 0.0464 | Train Loss 0.0253 | Valid Loss 3.8801 | Train Acc 99.1433| Valid Acc 46.7651
TestSub: S[11, 12, 13, 14, 15] Epoch 34 Finsh | Now_lr 0.0010/0.0010 | Lambda 0.0468 | Train Loss 0.0252 | Valid Loss 4.2283 | Train Acc 99.1275| Valid Acc 44.6899
TestSub: S[11, 12, 13, 14, 15] Epoch 35 Finsh | Now_lr 0.0010/0.0010 | Lambda 0.0471 | Train Loss 0.0235 | Valid Loss 4.1161 | Train Acc 99.2011| Valid Acc 47.3907
TestSub: S[11, 12, 13, 14, 15] Epoch 36 Finsh | Now_lr 0.0010/0.0010 | Lambda 0.0473 | Train Loss 0.0250 | Valid Loss 3.9273 | Train Acc 99.1737| Valid Acc 45.1019
TestSub: S[11, 12, 13, 14, 15] Epoch 37 Finsh | Now_lr 0.0010/0.0010 | Lambda 0.0476 | Train Loss 0.0226 | Valid Loss 4.0306 | Train Acc 99.2449| Valid Acc 45.4742
TestSub: S[11, 12, 13, 14, 15] Epoch 38 Finsh | Now_lr 0.0010/0.0010 | Lambda 0.0478 | Train Loss 0.0248 | Valid Loss 3.7687 | Train Acc 99.1238| Valid Acc 44.5557
TestSub: S[11, 12, 13, 14, 15] Epoch 39 Finsh | Now_lr 0.0010/0.0010 | Lambda 0.0480 | Train Loss 0.0223 | Valid Loss 3.8235 | Train Acc 99.2437| Valid Acc 46.7773
Early stopping triggered after 39 epochs (30 epochs without improvement)
--------------------------------------------------
Test_Subject :S[11, 12, 13, 14, 15] |Best epoch:9 | Test Loss:2.7928 | Best Acc 50.5646 | Savemodel Acc 50.5646
--------------------------------------------------

========== Fold 4 ==========
Train IDs: [1, 2, 3, 4, 5, 6, 7, 8, 9, 10, 11, 12, 13, 14, 15, 21, 22, 23, 24, 25, 26, 27, 28, 29, 30]
Val IDs:   [16, 17, 18, 19, 20]
train_data_shape(164500, 32, 128),val_data_shape(32900, 32, 128)
=================================================================
Layer (type:depth-idx)                   Param #
=================================================================
DARNet                                   --
├─TokenEmbedding: 1-1                    --
│    └─Sequential: 2-1                   --
│    │    └─Conv2d: 3-1                  576
│    │    └─BatchNorm2d: 3-2             128
│    │    └─GELU: 3-3                    --
│    └─Sequential: 2-2                   --
│    │    └─Conv2d: 3-4                  32,784
│    │    └─BatchNorm2d: 3-5             32
│    │    └─GELU: 3-6                    --
│    └─PositionalEmbedding: 2-3          --
├─Flatten: 1-2                           --
├─Linear: 1-3                            18
├─AttnRefine: 1-4                        --
│    └─MyAttention: 2-4                  --
│    │    └─Attention: 3-7               800
│    └─Refine: 2-5                       --
│    │    └─Conv1d: 3-8                  784
│    │    └─BatchNorm1d: 3-9             32
│    │    └─ELU: 3-10                    --
│    │    └─MaxPool1d: 3-11              --
│    └─AdaptiveAvgPool1d: 2-6            --
│    └─Linear: 2-7                       68
│    └─Flatten: 2-8                      --
├─AttnRefine: 1-5                        --
│    └─MyAttention: 2-9                  --
│    │    └─Attention: 3-12              800
│    └─Refine: 2-10                      --
│    │    └─Conv1d: 3-13                 784
│    │    └─BatchNorm1d: 3-14            32
│    │    └─ELU: 3-15                    --
│    │    └─MaxPool1d: 3-16              --
│    └─AdaptiveAvgPool1d: 2-11           --
│    └─Linear: 2-12                      68
│    └─Flatten: 2-13                     --
├─GradientReversalLayer: 1-6             --
├─SubjectDiscriminator: 1-7              --
│    └─Sequential: 2-14                  --
│    │    └─Linear: 3-17                 2,304
│    │    └─ReLU: 3-18                   --
│    │    └─Dropout: 3-19                --
│    │    └─Linear: 3-20                 32,896
│    │    └─ReLU: 3-21                   --
│    │    └─Dropout: 3-22                --
│    │    └─Linear: 3-23                 3,870
=================================================================
Total params: 75,976
Trainable params: 75,976
Non-trainable params: 0
=================================================================
TestSub: S[16, 17, 18, 19, 20] Epoch  1 Finsh | Now_lr 0.0010/0.0010 | Lambda 0.0025 | Train Loss 0.4993 | Valid Loss 1.3737 | Train Acc 73.5914| Valid Acc 48.5779
Validation acc increase (0.000000 --> 48.577881) in epoch (1).  Saving model ...
TestSub: S[16, 17, 18, 19, 20] Epoch  2 Finsh | Now_lr 0.0010/0.0010 | Lambda 0.0050 | Train Loss 0.3201 | Valid Loss 1.9475 | Train Acc 85.8426| Valid Acc 47.0886
TestSub: S[16, 17, 18, 19, 20] Epoch  3 Finsh | Now_lr 0.0010/0.0010 | Lambda 0.0074 | Train Loss 0.2577 | Valid Loss 2.0302 | Train Acc 89.3126| Valid Acc 48.3978
TestSub: S[16, 17, 18, 19, 20] Epoch  4 Finsh | Now_lr 0.0010/0.0010 | Lambda 0.0099 | Train Loss 0.2102 | Valid Loss 2.2671 | Train Acc 91.6143| Valid Acc 50.2991
Validation acc increase (48.577881 --> 50.299072) in epoch (4).  Saving model ...
TestSub: S[16, 17, 18, 19, 20] Epoch  5 Finsh | Now_lr 0.0010/0.0010 | Lambda 0.0122 | Train Loss 0.1777 | Valid Loss 2.4726 | Train Acc 92.9718| Valid Acc 47.8729
TestSub: S[16, 17, 18, 19, 20] Epoch  6 Finsh | Now_lr 0.0010/0.0010 | Lambda 0.0146 | Train Loss 0.1499 | Valid Loss 2.4618 | Train Acc 94.2136| Valid Acc 49.7620
TestSub: S[16, 17, 18, 19, 20] Epoch  7 Finsh | Now_lr 0.0010/0.0010 | Lambda 0.0168 | Train Loss 0.1266 | Valid Loss 2.8171 | Train Acc 95.2030| Valid Acc 47.6013
TestSub: S[16, 17, 18, 19, 20] Epoch  8 Finsh | Now_lr 0.0010/0.0010 | Lambda 0.0190 | Train Loss 0.1144 | Valid Loss 2.7218 | Train Acc 95.7068| Valid Acc 48.0164
TestSub: S[16, 17, 18, 19, 20] Epoch  9 Finsh | Now_lr 0.0010/0.0010 | Lambda 0.0211 | Train Loss 0.0986 | Valid Loss 2.9186 | Train Acc 96.3146| Valid Acc 47.9889
TestSub: S[16, 17, 18, 19, 20] Epoch 10 Finsh | Now_lr 0.0010/0.0010 | Lambda 0.0231 | Train Loss 0.0865 | Valid Loss 3.0993 | Train Acc 96.8081| Valid Acc 45.3735
TestSub: S[16, 17, 18, 19, 20] Epoch 11 Finsh | Now_lr 0.0010/0.0010 | Lambda 0.0250 | Train Loss 0.0804 | Valid Loss 3.0785 | Train Acc 97.0636| Valid Acc 45.4834
TestSub: S[16, 17, 18, 19, 20] Epoch 12 Finsh | Now_lr 0.0010/0.0010 | Lambda 0.0269 | Train Loss 0.0706 | Valid Loss 3.2219 | Train Acc 97.4317| Valid Acc 45.7672
TestSub: S[16, 17, 18, 19, 20] Epoch 13 Finsh | Now_lr 0.0010/0.0010 | Lambda 0.0286 | Train Loss 0.0664 | Valid Loss 3.2319 | Train Acc 97.5729| Valid Acc 45.1721
TestSub: S[16, 17, 18, 19, 20] Epoch 14 Finsh | Now_lr 0.0010/0.0010 | Lambda 0.0302 | Train Loss 0.0612 | Valid Loss 3.2511 | Train Acc 97.7755| Valid Acc 45.9290
TestSub: S[16, 17, 18, 19, 20] Epoch 15 Finsh | Now_lr 0.0010/0.0010 | Lambda 0.0318 | Train Loss 0.0575 | Valid Loss 3.1971 | Train Acc 97.9568| Valid Acc 45.4407
TestSub: S[16, 17, 18, 19, 20] Epoch 16 Finsh | Now_lr 0.0010/0.0010 | Lambda 0.0332 | Train Loss 0.0544 | Valid Loss 3.3192 | Train Acc 98.0426| Valid Acc 47.0001
TestSub: S[16, 17, 18, 19, 20] Epoch 17 Finsh | Now_lr 0.0010/0.0010 | Lambda 0.0346 | Train Loss 0.0516 | Valid Loss 3.4239 | Train Acc 98.1826| Valid Acc 45.5841
TestSub: S[16, 17, 18, 19, 20] Epoch 18 Finsh | Now_lr 0.0010/0.0010 | Lambda 0.0358 | Train Loss 0.0483 | Valid Loss 2.9935 | Train Acc 98.2830| Valid Acc 47.5983
TestSub: S[16, 17, 18, 19, 20] Epoch 19 Finsh | Now_lr 0.0010/0.0010 | Lambda 0.0370 | Train Loss 0.0450 | Valid Loss 3.3581 | Train Acc 98.4570| Valid Acc 45.9412
TestSub: S[16, 17, 18, 19, 20] Epoch 20 Finsh | Now_lr 0.0010/0.0010 | Lambda 0.0381 | Train Loss 0.0425 | Valid Loss 3.3991 | Train Acc 98.5099| Valid Acc 45.5444
TestSub: S[16, 17, 18, 19, 20] Epoch 21 Finsh | Now_lr 0.0010/0.0010 | Lambda 0.0391 | Train Loss 0.0416 | Valid Loss 3.2649 | Train Acc 98.5312| Valid Acc 48.6633
TestSub: S[16, 17, 18, 19, 20] Epoch 22 Finsh | Now_lr 0.0010/0.0010 | Lambda 0.0400 | Train Loss 0.0394 | Valid Loss 3.3996 | Train Acc 98.6213| Valid Acc 46.5363
TestSub: S[16, 17, 18, 19, 20] Epoch 23 Finsh | Now_lr 0.0010/0.0010 | Lambda 0.0409 | Train Loss 0.0379 | Valid Loss 3.4172 | Train Acc 98.6645| Valid Acc 47.0398
TestSub: S[16, 17, 18, 19, 20] Epoch 24 Finsh | Now_lr 0.0010/0.0010 | Lambda 0.0417 | Train Loss 0.0366 | Valid Loss 3.5457 | Train Acc 98.7174| Valid Acc 48.0957
TestSub: S[16, 17, 18, 19, 20] Epoch 25 Finsh | Now_lr 0.0010/0.0010 | Lambda 0.0424 | Train Loss 0.0369 | Valid Loss 3.7075 | Train Acc 98.7040| Valid Acc 46.8079
TestSub: S[16, 17, 18, 19, 20] Epoch 26 Finsh | Now_lr 0.0010/0.0010 | Lambda 0.0431 | Train Loss 0.0340 | Valid Loss 3.4930 | Train Acc 98.8251| Valid Acc 48.4802
TestSub: S[16, 17, 18, 19, 20] Epoch 27 Finsh | Now_lr 0.0010/0.0010 | Lambda 0.0437 | Train Loss 0.0319 | Valid Loss 3.6232 | Train Acc 98.8987| Valid Acc 48.4558
TestSub: S[16, 17, 18, 19, 20] Epoch 28 Finsh | Now_lr 0.0010/0.0010 | Lambda 0.0443 | Train Loss 0.0311 | Valid Loss 3.4628 | Train Acc 98.9139| Valid Acc 47.5616
TestSub: S[16, 17, 18, 19, 20] Epoch 29 Finsh | Now_lr 0.0010/0.0010 | Lambda 0.0448 | Train Loss 0.0303 | Valid Loss 3.3396 | Train Acc 98.9340| Valid Acc 48.2544
TestSub: S[16, 17, 18, 19, 20] Epoch 30 Finsh | Now_lr 0.0010/0.0010 | Lambda 0.0453 | Train Loss 0.0293 | Valid Loss 3.6422 | Train Acc 98.9754| Valid Acc 47.3694
TestSub: S[16, 17, 18, 19, 20] Epoch 31 Finsh | Now_lr 0.0010/0.0010 | Lambda 0.0457 | Train Loss 0.0262 | Valid Loss 3.8550 | Train Acc 99.0806| Valid Acc 47.5006
TestSub: S[16, 17, 18, 19, 20] Epoch 32 Finsh | Now_lr 0.0010/0.0010 | Lambda 0.0461 | Train Loss 0.0286 | Valid Loss 3.4979 | Train Acc 99.0058| Valid Acc 48.4924
TestSub: S[16, 17, 18, 19, 20] Epoch 33 Finsh | Now_lr 0.0010/0.0010 | Lambda 0.0464 | Train Loss 0.0249 | Valid Loss 3.9290 | Train Acc 99.1463| Valid Acc 47.4731
TestSub: S[16, 17, 18, 19, 20] Epoch 34 Finsh | Now_lr 0.0010/0.0010 | Lambda 0.0468 | Train Loss 0.0264 | Valid Loss 3.6481 | Train Acc 99.0849| Valid Acc 47.2076
Early stopping triggered after 34 epochs (30 epochs without improvement)
--------------------------------------------------
Test_Subject :S[16, 17, 18, 19, 20] |Best epoch:4 | Test Loss:2.2671 | Best Acc 50.2991 | Savemodel Acc 50.2991
--------------------------------------------------

========== Fold 5 ==========
Train IDs: [1, 2, 3, 4, 5, 6, 7, 8, 9, 10, 11, 12, 13, 14, 15, 16, 17, 18, 19, 20, 26, 27, 28, 29, 30]
Val IDs:   [21, 22, 23, 24, 25]
train_data_shape(164500, 32, 128),val_data_shape(32900, 32, 128)
=================================================================
Layer (type:depth-idx)                   Param #
=================================================================
DARNet                                   --
├─TokenEmbedding: 1-1                    --
│    └─Sequential: 2-1                   --
│    │    └─Conv2d: 3-1                  576
│    │    └─BatchNorm2d: 3-2             128
│    │    └─GELU: 3-3                    --
│    └─Sequential: 2-2                   --
│    │    └─Conv2d: 3-4                  32,784
│    │    └─BatchNorm2d: 3-5             32
│    │    └─GELU: 3-6                    --
│    └─PositionalEmbedding: 2-3          --
├─Flatten: 1-2                           --
├─Linear: 1-3                            18
├─AttnRefine: 1-4                        --
│    └─MyAttention: 2-4                  --
│    │    └─Attention: 3-7               800
│    └─Refine: 2-5                       --
│    │    └─Conv1d: 3-8                  784
│    │    └─BatchNorm1d: 3-9             32
│    │    └─ELU: 3-10                    --
│    │    └─MaxPool1d: 3-11              --
│    └─AdaptiveAvgPool1d: 2-6            --
│    └─Linear: 2-7                       68
│    └─Flatten: 2-8                      --
├─AttnRefine: 1-5                        --
│    └─MyAttention: 2-9                  --
│    │    └─Attention: 3-12              800
│    └─Refine: 2-10                      --
│    │    └─Conv1d: 3-13                 784
│    │    └─BatchNorm1d: 3-14            32
│    │    └─ELU: 3-15                    --
│    │    └─MaxPool1d: 3-16              --
│    └─AdaptiveAvgPool1d: 2-11           --
│    └─Linear: 2-12                      68
│    └─Flatten: 2-13                     --
├─GradientReversalLayer: 1-6             --
├─SubjectDiscriminator: 1-7              --
│    └─Sequential: 2-14                  --
│    │    └─Linear: 3-17                 2,304
│    │    └─ReLU: 3-18                   --
│    │    └─Dropout: 3-19                --
│    │    └─Linear: 3-20                 32,896
│    │    └─ReLU: 3-21                   --
│    │    └─Dropout: 3-22                --
│    │    └─Linear: 3-23                 3,870
=================================================================
Total params: 75,976
Trainable params: 75,976
Non-trainable params: 0
=================================================================
TestSub: S[21, 22, 23, 24, 25] Epoch  1 Finsh | Now_lr 0.0010/0.0010 | Lambda 0.0025 | Train Loss 0.4552 | Valid Loss 1.4408 | Train Acc 77.2342| Valid Acc 51.9775
Validation acc increase (0.000000 --> 51.977539) in epoch (1).  Saving model ...
TestSub: S[21, 22, 23, 24, 25] Epoch  2 Finsh | Now_lr 0.0010/0.0010 | Lambda 0.0050 | Train Loss 0.2860 | Valid Loss 1.6250 | Train Acc 87.9308| Valid Acc 51.7883
TestSub: S[21, 22, 23, 24, 25] Epoch  3 Finsh | Now_lr 0.0010/0.0010 | Lambda 0.0074 | Train Loss 0.2451 | Valid Loss 1.8074 | Train Acc 89.7847| Valid Acc 51.2329
TestSub: S[21, 22, 23, 24, 25] Epoch  4 Finsh | Now_lr 0.0010/0.0010 | Lambda 0.0099 | Train Loss 0.2171 | Valid Loss 1.8780 | Train Acc 91.1519| Valid Acc 51.3580
TestSub: S[21, 22, 23, 24, 25] Epoch  5 Finsh | Now_lr 0.0010/0.0010 | Lambda 0.0122 | Train Loss 0.1900 | Valid Loss 1.9709 | Train Acc 92.3633| Valid Acc 51.9745
TestSub: S[21, 22, 23, 24, 25] Epoch  6 Finsh | Now_lr 0.0010/0.0010 | Lambda 0.0146 | Train Loss 0.1581 | Valid Loss 1.9389 | Train Acc 93.8078| Valid Acc 52.8473
Validation acc increase (51.977539 --> 52.847290) in epoch (6).  Saving model ...
TestSub: S[21, 22, 23, 24, 25] Epoch  7 Finsh | Now_lr 0.0010/0.0010 | Lambda 0.0168 | Train Loss 0.1403 | Valid Loss 2.1180 | Train Acc 94.5635| Valid Acc 54.1412
Validation acc increase (52.847290 --> 54.141235) in epoch (7).  Saving model ...
TestSub: S[21, 22, 23, 24, 25] Epoch  8 Finsh | Now_lr 0.0010/0.0010 | Lambda 0.0190 | Train Loss 0.1186 | Valid Loss 2.2326 | Train Acc 95.4597| Valid Acc 53.9948
TestSub: S[21, 22, 23, 24, 25] Epoch  9 Finsh | Now_lr 0.0010/0.0010 | Lambda 0.0211 | Train Loss 0.1030 | Valid Loss 2.3044 | Train Acc 96.1339| Valid Acc 53.9551
TestSub: S[21, 22, 23, 24, 25] Epoch 10 Finsh | Now_lr 0.0010/0.0010 | Lambda 0.0231 | Train Loss 0.0910 | Valid Loss 2.5179 | Train Acc 96.6651| Valid Acc 53.3173
TestSub: S[21, 22, 23, 24, 25] Epoch 11 Finsh | Now_lr 0.0010/0.0010 | Lambda 0.0250 | Train Loss 0.0800 | Valid Loss 2.4230 | Train Acc 97.0411| Valid Acc 53.6011
TestSub: S[21, 22, 23, 24, 25] Epoch 12 Finsh | Now_lr 0.0010/0.0010 | Lambda 0.0269 | Train Loss 0.0756 | Valid Loss 2.7659 | Train Acc 97.2139| Valid Acc 53.1860
TestSub: S[21, 22, 23, 24, 25] Epoch 13 Finsh | Now_lr 0.0010/0.0010 | Lambda 0.0286 | Train Loss 0.0666 | Valid Loss 2.8007 | Train Acc 97.5619| Valid Acc 52.7832
TestSub: S[21, 22, 23, 24, 25] Epoch 14 Finsh | Now_lr 0.0010/0.0010 | Lambda 0.0302 | Train Loss 0.0599 | Valid Loss 2.8071 | Train Acc 97.8151| Valid Acc 53.5645
TestSub: S[21, 22, 23, 24, 25] Epoch 15 Finsh | Now_lr 0.0010/0.0010 | Lambda 0.0318 | Train Loss 0.0561 | Valid Loss 3.1230 | Train Acc 97.9495| Valid Acc 53.0731
TestSub: S[21, 22, 23, 24, 25] Epoch 16 Finsh | Now_lr 0.0010/0.0010 | Lambda 0.0332 | Train Loss 0.0525 | Valid Loss 3.1005 | Train Acc 98.1102| Valid Acc 53.6438
TestSub: S[21, 22, 23, 24, 25] Epoch 17 Finsh | Now_lr 0.0010/0.0010 | Lambda 0.0346 | Train Loss 0.0485 | Valid Loss 2.9485 | Train Acc 98.2641| Valid Acc 53.1525
TestSub: S[21, 22, 23, 24, 25] Epoch 18 Finsh | Now_lr 0.0010/0.0010 | Lambda 0.0358 | Train Loss 0.0434 | Valid Loss 3.3139 | Train Acc 98.4612| Valid Acc 53.1891
TestSub: S[21, 22, 23, 24, 25] Epoch 19 Finsh | Now_lr 0.0010/0.0010 | Lambda 0.0370 | Train Loss 0.0418 | Valid Loss 3.4310 | Train Acc 98.5160| Valid Acc 51.9897
TestSub: S[21, 22, 23, 24, 25] Epoch 20 Finsh | Now_lr 0.0010/0.0010 | Lambda 0.0381 | Train Loss 0.0387 | Valid Loss 3.1795 | Train Acc 98.6170| Valid Acc 51.6083
TestSub: S[21, 22, 23, 24, 25] Epoch 21 Finsh | Now_lr 0.0010/0.0010 | Lambda 0.0391 | Train Loss 0.0368 | Valid Loss 3.3324 | Train Acc 98.6784| Valid Acc 49.7711
TestSub: S[21, 22, 23, 24, 25] Epoch 22 Finsh | Now_lr 0.0010/0.0010 | Lambda 0.0400 | Train Loss 0.0334 | Valid Loss 3.4192 | Train Acc 98.8190| Valid Acc 51.7639
TestSub: S[21, 22, 23, 24, 25] Epoch 23 Finsh | Now_lr 0.0010/0.0010 | Lambda 0.0409 | Train Loss 0.0323 | Valid Loss 3.4965 | Train Acc 98.8537| Valid Acc 51.1932
TestSub: S[21, 22, 23, 24, 25] Epoch 24 Finsh | Now_lr 0.0010/0.0010 | Lambda 0.0417 | Train Loss 0.0340 | Valid Loss 3.4751 | Train Acc 98.8342| Valid Acc 50.2502
TestSub: S[21, 22, 23, 24, 25] Epoch 25 Finsh | Now_lr 0.0010/0.0010 | Lambda 0.0424 | Train Loss 0.0297 | Valid Loss 3.3606 | Train Acc 98.9535| Valid Acc 50.9949
TestSub: S[21, 22, 23, 24, 25] Epoch 26 Finsh | Now_lr 0.0010/0.0010 | Lambda 0.0431 | Train Loss 0.0306 | Valid Loss 3.6093 | Train Acc 98.8951| Valid Acc 51.8616
TestSub: S[21, 22, 23, 24, 25] Epoch 27 Finsh | Now_lr 0.0010/0.0010 | Lambda 0.0437 | Train Loss 0.0291 | Valid Loss 3.6835 | Train Acc 98.9717| Valid Acc 51.5564
TestSub: S[21, 22, 23, 24, 25] Epoch 28 Finsh | Now_lr 0.0010/0.0010 | Lambda 0.0443 | Train Loss 0.0261 | Valid Loss 3.7427 | Train Acc 99.0873| Valid Acc 51.3916
TestSub: S[21, 22, 23, 24, 25] Epoch 29 Finsh | Now_lr 0.0010/0.0010 | Lambda 0.0448 | Train Loss 0.0248 | Valid Loss 3.6891 | Train Acc 99.1378| Valid Acc 51.5442
TestSub: S[21, 22, 23, 24, 25] Epoch 30 Finsh | Now_lr 0.0010/0.0010 | Lambda 0.0453 | Train Loss 0.0243 | Valid Loss 4.2444 | Train Acc 99.1652| Valid Acc 49.7345
TestSub: S[21, 22, 23, 24, 25] Epoch 31 Finsh | Now_lr 0.0010/0.0010 | Lambda 0.0457 | Train Loss 0.0254 | Valid Loss 3.9459 | Train Acc 99.1111| Valid Acc 51.1169
TestSub: S[21, 22, 23, 24, 25] Epoch 32 Finsh | Now_lr 0.0010/0.0010 | Lambda 0.0461 | Train Loss 0.0251 | Valid Loss 3.9628 | Train Acc 99.1263| Valid Acc 50.3845
TestSub: S[21, 22, 23, 24, 25] Epoch 33 Finsh | Now_lr 0.0010/0.0010 | Lambda 0.0464 | Train Loss 0.0221 | Valid Loss 3.8220 | Train Acc 99.2248| Valid Acc 49.9878
TestSub: S[21, 22, 23, 24, 25] Epoch 34 Finsh | Now_lr 0.0010/0.0010 | Lambda 0.0468 | Train Loss 0.0206 | Valid Loss 3.6606 | Train Acc 99.2766| Valid Acc 51.1536
TestSub: S[21, 22, 23, 24, 25] Epoch 35 Finsh | Now_lr 0.0010/0.0010 | Lambda 0.0471 | Train Loss 0.0193 | Valid Loss 4.0845 | Train Acc 99.3149| Valid Acc 48.8770
TestSub: S[21, 22, 23, 24, 25] Epoch 36 Finsh | Now_lr 0.0010/0.0010 | Lambda 0.0473 | Train Loss 0.0200 | Valid Loss 4.1118 | Train Acc 99.3015| Valid Acc 49.8322
TestSub: S[21, 22, 23, 24, 25] Epoch 37 Finsh | Now_lr 0.0010/0.0010 | Lambda 0.0476 | Train Loss 0.0198 | Valid Loss 3.8311 | Train Acc 99.2997| Valid Acc 49.9329
Early stopping triggered after 37 epochs (30 epochs without improvement)
--------------------------------------------------
Test_Subject :S[21, 22, 23, 24, 25] |Best epoch:7 | Test Loss:2.1180 | Best Acc 54.1412 | Savemodel Acc 54.1412
--------------------------------------------------

========== Fold 6 ==========
Train IDs: [1, 2, 3, 4, 5, 6, 7, 8, 9, 10, 11, 12, 13, 14, 15, 16, 17, 18, 19, 20, 21, 22, 23, 24, 25]
Val IDs:   [26, 27, 28, 29, 30]
train_data_shape(164500, 32, 128),val_data_shape(32900, 32, 128)
=================================================================
Layer (type:depth-idx)                   Param #
=================================================================
DARNet                                   --
├─TokenEmbedding: 1-1                    --
│    └─Sequential: 2-1                   --
│    │    └─Conv2d: 3-1                  576
│    │    └─BatchNorm2d: 3-2             128
│    │    └─GELU: 3-3                    --
│    └─Sequential: 2-2                   --
│    │    └─Conv2d: 3-4                  32,784
│    │    └─BatchNorm2d: 3-5             32
│    │    └─GELU: 3-6                    --
│    └─PositionalEmbedding: 2-3          --
├─Flatten: 1-2                           --
├─Linear: 1-3                            18
├─AttnRefine: 1-4                        --
│    └─MyAttention: 2-4                  --
│    │    └─Attention: 3-7               800
│    └─Refine: 2-5                       --
│    │    └─Conv1d: 3-8                  784
│    │    └─BatchNorm1d: 3-9             32
│    │    └─ELU: 3-10                    --
│    │    └─MaxPool1d: 3-11              --
│    └─AdaptiveAvgPool1d: 2-6            --
│    └─Linear: 2-7                       68
│    └─Flatten: 2-8                      --
├─AttnRefine: 1-5                        --
│    └─MyAttention: 2-9                  --
│    │    └─Attention: 3-12              800
│    └─Refine: 2-10                      --
│    │    └─Conv1d: 3-13                 784
│    │    └─BatchNorm1d: 3-14            32
│    │    └─ELU: 3-15                    --
│    │    └─MaxPool1d: 3-16              --
│    └─AdaptiveAvgPool1d: 2-11           --
│    └─Linear: 2-12                      68
│    └─Flatten: 2-13                     --
├─GradientReversalLayer: 1-6             --
├─SubjectDiscriminator: 1-7              --
│    └─Sequential: 2-14                  --
│    │    └─Linear: 3-17                 2,304
│    │    └─ReLU: 3-18                   --
│    │    └─Dropout: 3-19                --
│    │    └─Linear: 3-20                 32,896
│    │    └─ReLU: 3-21                   --
│    │    └─Dropout: 3-22                --
│    │    └─Linear: 3-23                 3,870
=================================================================
Total params: 75,976
Trainable params: 75,976
Non-trainable params: 0
=================================================================
TestSub: S[26, 27, 28, 29, 30] Epoch  1 Finsh | Now_lr 0.0010/0.0010 | Lambda 0.0025 | Train Loss 0.4838 | Valid Loss 1.7346 | Train Acc 74.6325| Valid Acc 47.2076
Validation acc increase (0.000000 --> 47.207642) in epoch (1).  Saving model ...
TestSub: S[26, 27, 28, 29, 30] Epoch  2 Finsh | Now_lr 0.0010/0.0010 | Lambda 0.0050 | Train Loss 0.2955 | Valid Loss 2.1063 | Train Acc 87.3169| Valid Acc 50.3143
Validation acc increase (47.207642 --> 50.314331) in epoch (2).  Saving model ...
TestSub: S[26, 27, 28, 29, 30] Epoch  3 Finsh | Now_lr 0.0010/0.0010 | Lambda 0.0074 | Train Loss 0.2367 | Valid Loss 2.3724 | Train Acc 90.2465| Valid Acc 49.8322
TestSub: S[26, 27, 28, 29, 30] Epoch  4 Finsh | Now_lr 0.0010/0.0010 | Lambda 0.0099 | Train Loss 0.1920 | Valid Loss 2.5294 | Train Acc 92.3457| Valid Acc 46.5118
TestSub: S[26, 27, 28, 29, 30] Epoch  5 Finsh | Now_lr 0.0010/0.0010 | Lambda 0.0122 | Train Loss 0.1523 | Valid Loss 2.5817 | Train Acc 94.0262| Valid Acc 48.7305
TestSub: S[26, 27, 28, 29, 30] Epoch  6 Finsh | Now_lr 0.0010/0.0010 | Lambda 0.0146 | Train Loss 0.1245 | Valid Loss 2.9126 | Train Acc 95.3107| Valid Acc 48.8373
TestSub: S[26, 27, 28, 29, 30] Epoch  7 Finsh | Now_lr 0.0010/0.0010 | Lambda 0.0168 | Train Loss 0.1031 | Valid Loss 3.0298 | Train Acc 96.0901| Valid Acc 48.8770
TestSub: S[26, 27, 28, 29, 30] Epoch  8 Finsh | Now_lr 0.0010/0.0010 | Lambda 0.0190 | Train Loss 0.0894 | Valid Loss 2.9712 | Train Acc 96.6906| Valid Acc 48.4161
TestSub: S[26, 27, 28, 29, 30] Epoch  9 Finsh | Now_lr 0.0010/0.0010 | Lambda 0.0211 | Train Loss 0.0775 | Valid Loss 3.0050 | Train Acc 97.1677| Valid Acc 48.3063
TestSub: S[26, 27, 28, 29, 30] Epoch 10 Finsh | Now_lr 0.0010/0.0010 | Lambda 0.0231 | Train Loss 0.0681 | Valid Loss 2.7114 | Train Acc 97.5498| Valid Acc 50.7233
Validation acc increase (50.314331 --> 50.723267) in epoch (10).  Saving model ...
TestSub: S[26, 27, 28, 29, 30] Epoch 11 Finsh | Now_lr 0.0010/0.0010 | Lambda 0.0250 | Train Loss 0.0623 | Valid Loss 2.8071 | Train Acc 97.6994| Valid Acc 48.8861
TestSub: S[26, 27, 28, 29, 30] Epoch 12 Finsh | Now_lr 0.0010/0.0010 | Lambda 0.0269 | Train Loss 0.0556 | Valid Loss 3.0505 | Train Acc 98.0079| Valid Acc 48.5687
TestSub: S[26, 27, 28, 29, 30] Epoch 13 Finsh | Now_lr 0.0010/0.0010 | Lambda 0.0286 | Train Loss 0.0519 | Valid Loss 2.9369 | Train Acc 98.1375| Valid Acc 49.0753
TestSub: S[26, 27, 28, 29, 30] Epoch 14 Finsh | Now_lr 0.0010/0.0010 | Lambda 0.0302 | Train Loss 0.0467 | Valid Loss 3.0286 | Train Acc 98.3152| Valid Acc 48.3612
TestSub: S[26, 27, 28, 29, 30] Epoch 15 Finsh | Now_lr 0.0010/0.0010 | Lambda 0.0318 | Train Loss 0.0431 | Valid Loss 3.0412 | Train Acc 98.4770| Valid Acc 47.4548
TestSub: S[26, 27, 28, 29, 30] Epoch 16 Finsh | Now_lr 0.0010/0.0010 | Lambda 0.0332 | Train Loss 0.0383 | Valid Loss 3.2125 | Train Acc 98.6511| Valid Acc 46.8964
TestSub: S[26, 27, 28, 29, 30] Epoch 17 Finsh | Now_lr 0.0010/0.0010 | Lambda 0.0346 | Train Loss 0.0378 | Valid Loss 2.9256 | Train Acc 98.6797| Valid Acc 48.6847
TestSub: S[26, 27, 28, 29, 30] Epoch 18 Finsh | Now_lr 0.0010/0.0010 | Lambda 0.0358 | Train Loss 0.0335 | Valid Loss 3.1897 | Train Acc 98.7977| Valid Acc 47.7814
TestSub: S[26, 27, 28, 29, 30] Epoch 19 Finsh | Now_lr 0.0010/0.0010 | Lambda 0.0370 | Train Loss 0.0322 | Valid Loss 3.0686 | Train Acc 98.8671| Valid Acc 47.5800
TestSub: S[26, 27, 28, 29, 30] Epoch 20 Finsh | Now_lr 0.0010/0.0010 | Lambda 0.0381 | Train Loss 0.0304 | Valid Loss 3.0145 | Train Acc 98.9705| Valid Acc 48.2086
TestSub: S[26, 27, 28, 29, 30] Epoch 21 Finsh | Now_lr 0.0010/0.0010 | Lambda 0.0391 | Train Loss 0.0309 | Valid Loss 3.0267 | Train Acc 98.9218| Valid Acc 49.1760
TestSub: S[26, 27, 28, 29, 30] Epoch 22 Finsh | Now_lr 0.0010/0.0010 | Lambda 0.0400 | Train Loss 0.0265 | Valid Loss 3.5025 | Train Acc 99.0849| Valid Acc 47.2748
TestSub: S[26, 27, 28, 29, 30] Epoch 23 Finsh | Now_lr 0.0010/0.0010 | Lambda 0.0409 | Train Loss 0.0281 | Valid Loss 3.3777 | Train Acc 99.0265| Valid Acc 47.9797
TestSub: S[26, 27, 28, 29, 30] Epoch 24 Finsh | Now_lr 0.0010/0.0010 | Lambda 0.0417 | Train Loss 0.0247 | Valid Loss 3.2532 | Train Acc 99.1609| Valid Acc 46.8018
TestSub: S[26, 27, 28, 29, 30] Epoch 25 Finsh | Now_lr 0.0010/0.0010 | Lambda 0.0424 | Train Loss 0.0258 | Valid Loss 3.4420 | Train Acc 99.1330| Valid Acc 46.9147
TestSub: S[26, 27, 28, 29, 30] Epoch 26 Finsh | Now_lr 0.0010/0.0010 | Lambda 0.0431 | Train Loss 0.0257 | Valid Loss 3.1139 | Train Acc 99.1080| Valid Acc 49.0662
TestSub: S[26, 27, 28, 29, 30] Epoch 27 Finsh | Now_lr 0.0010/0.0010 | Lambda 0.0437 | Train Loss 0.0233 | Valid Loss 3.2670 | Train Acc 99.2011| Valid Acc 49.2096
TestSub: S[26, 27, 28, 29, 30] Epoch 28 Finsh | Now_lr 0.0010/0.0010 | Lambda 0.0443 | Train Loss 0.0216 | Valid Loss 3.5244 | Train Acc 99.2601| Valid Acc 46.6797
TestSub: S[26, 27, 28, 29, 30] Epoch 29 Finsh | Now_lr 0.0010/0.0010 | Lambda 0.0448 | Train Loss 0.0222 | Valid Loss 3.5339 | Train Acc 99.2486| Valid Acc 48.5321
TestSub: S[26, 27, 28, 29, 30] Epoch 30 Finsh | Now_lr 0.0010/0.0010 | Lambda 0.0453 | Train Loss 0.0222 | Valid Loss 3.1205 | Train Acc 99.2376| Valid Acc 49.2188
TestSub: S[26, 27, 28, 29, 30] Epoch 31 Finsh | Now_lr 0.0010/0.0010 | Lambda 0.0457 | Train Loss 0.0213 | Valid Loss 3.2658 | Train Acc 99.2851| Valid Acc 49.7406
TestSub: S[26, 27, 28, 29, 30] Epoch 32 Finsh | Now_lr 0.0010/0.0010 | Lambda 0.0461 | Train Loss 0.0194 | Valid Loss 3.5034 | Train Acc 99.3380| Valid Acc 49.5422
TestSub: S[26, 27, 28, 29, 30] Epoch 33 Finsh | Now_lr 0.0010/0.0010 | Lambda 0.0464 | Train Loss 0.0195 | Valid Loss 3.5791 | Train Acc 99.3356| Valid Acc 50.2563
TestSub: S[26, 27, 28, 29, 30] Epoch 34 Finsh | Now_lr 0.0010/0.0010 | Lambda 0.0468 | Train Loss 0.0195 | Valid Loss 3.5655 | Train Acc 99.3337| Valid Acc 49.0936
TestSub: S[26, 27, 28, 29, 30] Epoch 35 Finsh | Now_lr 0.0010/0.0010 | Lambda 0.0471 | Train Loss 0.0166 | Valid Loss 3.3402 | Train Acc 99.4293| Valid Acc 51.9257
Validation acc increase (50.723267 --> 51.925659) in epoch (35).  Saving model ...
TestSub: S[26, 27, 28, 29, 30] Epoch 36 Finsh | Now_lr 0.0010/0.0010 | Lambda 0.0473 | Train Loss 0.0192 | Valid Loss 3.1956 | Train Acc 99.3690| Valid Acc 49.2371
TestSub: S[26, 27, 28, 29, 30] Epoch 37 Finsh | Now_lr 0.0010/0.0010 | Lambda 0.0476 | Train Loss 0.0156 | Valid Loss 3.5351 | Train Acc 99.4834| Valid Acc 50.8270
TestSub: S[26, 27, 28, 29, 30] Epoch 38 Finsh | Now_lr 0.0010/0.0010 | Lambda 0.0478 | Train Loss 0.0168 | Valid Loss 3.2660 | Train Acc 99.4299| Valid Acc 51.6907
TestSub: S[26, 27, 28, 29, 30] Epoch 39 Finsh | Now_lr 0.0010/0.0010 | Lambda 0.0480 | Train Loss 0.0153 | Valid Loss 2.9831 | Train Acc 99.4895| Valid Acc 50.2289
TestSub: S[26, 27, 28, 29, 30] Epoch 40 Finsh | Now_lr 0.0010/0.0010 | Lambda 0.0482 | Train Loss 0.0155 | Valid Loss 3.1590 | Train Acc 99.4883| Valid Acc 51.7090
TestSub: S[26, 27, 28, 29, 30] Epoch 41 Finsh | Now_lr 0.0010/0.0010 | Lambda 0.0484 | Train Loss 0.0157 | Valid Loss 3.1024 | Train Acc 99.4670| Valid Acc 50.6714
TestSub: S[26, 27, 28, 29, 30] Epoch 42 Finsh | Now_lr 0.0010/0.0010 | Lambda 0.0485 | Train Loss 0.0153 | Valid Loss 3.3802 | Train Acc 99.4986| Valid Acc 51.4740
TestSub: S[26, 27, 28, 29, 30] Epoch 43 Finsh | Now_lr 0.0010/0.0010 | Lambda 0.0487 | Train Loss 0.0156 | Valid Loss 3.1329 | Train Acc 99.4901| Valid Acc 49.8047
TestSub: S[26, 27, 28, 29, 30] Epoch 44 Finsh | Now_lr 0.0010/0.0010 | Lambda 0.0488 | Train Loss 0.0146 | Valid Loss 3.3318 | Train Acc 99.5424| Valid Acc 52.2675
Validation acc increase (51.925659 --> 52.267456) in epoch (44).  Saving model ...
TestSub: S[26, 27, 28, 29, 30] Epoch 45 Finsh | Now_lr 0.0010/0.0010 | Lambda 0.0489 | Train Loss 0.0136 | Valid Loss 3.4011 | Train Acc 99.5278| Valid Acc 51.9684
TestSub: S[26, 27, 28, 29, 30] Epoch 46 Finsh | Now_lr 0.0010/0.0010 | Lambda 0.0490 | Train Loss 0.0135 | Valid Loss 3.1290 | Train Acc 99.5364| Valid Acc 50.6348
TestSub: S[26, 27, 28, 29, 30] Epoch 47 Finsh | Now_lr 0.0010/0.0010 | Lambda 0.0491 | Train Loss 0.0133 | Valid Loss 3.3728 | Train Acc 99.5631| Valid Acc 50.9216
TestSub: S[26, 27, 28, 29, 30] Epoch 48 Finsh | Now_lr 0.0010/0.0010 | Lambda 0.0492 | Train Loss 0.0137 | Valid Loss 3.2119 | Train Acc 99.5394| Valid Acc 52.8442
Validation acc increase (52.267456 --> 52.844238) in epoch (48).  Saving model ...
TestSub: S[26, 27, 28, 29, 30] Epoch 49 Finsh | Now_lr 0.0010/0.0010 | Lambda 0.0493 | Train Loss 0.0134 | Valid Loss 3.3901 | Train Acc 99.5546| Valid Acc 51.9409
TestSub: S[26, 27, 28, 29, 30] Epoch 50 Finsh | Now_lr 0.0010/0.0010 | Lambda 0.0493 | Train Loss 0.0107 | Valid Loss 3.3330 | Train Acc 99.6507| Valid Acc 50.3815
TestSub: S[26, 27, 28, 29, 30] Epoch 51 Finsh | Now_lr 0.0010/0.0010 | Lambda 0.0494 | Train Loss 0.0141 | Valid Loss 3.1572 | Train Acc 99.5230| Valid Acc 51.1383
TestSub: S[26, 27, 28, 29, 30] Epoch 52 Finsh | Now_lr 0.0010/0.0010 | Lambda 0.0495 | Train Loss 0.0126 | Valid Loss 3.1811 | Train Acc 99.5771| Valid Acc 51.9318
TestSub: S[26, 27, 28, 29, 30] Epoch 53 Finsh | Now_lr 0.0010/0.0010 | Lambda 0.0495 | Train Loss 0.0112 | Valid Loss 3.0475 | Train Acc 99.6307| Valid Acc 50.3540
TestSub: S[26, 27, 28, 29, 30] Epoch 54 Finsh | Now_lr 0.0010/0.0010 | Lambda 0.0496 | Train Loss 0.0111 | Valid Loss 3.4405 | Train Acc 99.6398| Valid Acc 51.2939
TestSub: S[26, 27, 28, 29, 30] Epoch 55 Finsh | Now_lr 0.0010/0.0010 | Lambda 0.0496 | Train Loss 0.0122 | Valid Loss 3.2811 | Train Acc 99.5905| Valid Acc 50.6958
TestSub: S[26, 27, 28, 29, 30] Epoch 56 Finsh | Now_lr 0.0010/0.0010 | Lambda 0.0496 | Train Loss 0.0107 | Valid Loss 3.3152 | Train Acc 99.6526| Valid Acc 52.2827
TestSub: S[26, 27, 28, 29, 30] Epoch 57 Finsh | Now_lr 0.0010/0.0010 | Lambda 0.0497 | Train Loss 0.0105 | Valid Loss 3.7623 | Train Acc 99.6361| Valid Acc 52.5360
TestSub: S[26, 27, 28, 29, 30] Epoch 58 Finsh | Now_lr 0.0010/0.0010 | Lambda 0.0497 | Train Loss 0.0104 | Valid Loss 3.5967 | Train Acc 99.6666| Valid Acc 52.3651
TestSub: S[26, 27, 28, 29, 30] Epoch 59 Finsh | Now_lr 0.0010/0.0010 | Lambda 0.0497 | Train Loss 0.0112 | Valid Loss 3.4187 | Train Acc 99.6343| Valid Acc 51.1414
TestSub: S[26, 27, 28, 29, 30] Epoch 60 Finsh | Now_lr 0.0010/0.0010 | Lambda 0.0498 | Train Loss 0.0117 | Valid Loss 3.4727 | Train Acc 99.6185| Valid Acc 50.6744
TestSub: S[26, 27, 28, 29, 30] Epoch 61 Finsh | Now_lr 0.0010/0.0010 | Lambda 0.0498 | Train Loss 0.0102 | Valid Loss 3.2877 | Train Acc 99.6647| Valid Acc 51.9958
TestSub: S[26, 27, 28, 29, 30] Epoch 62 Finsh | Now_lr 0.0010/0.0010 | Lambda 0.0498 | Train Loss 0.0108 | Valid Loss 3.4372 | Train Acc 99.6258| Valid Acc 52.6031
TestSub: S[26, 27, 28, 29, 30] Epoch 63 Finsh | Now_lr 0.0010/0.0010 | Lambda 0.0498 | Train Loss 0.0100 | Valid Loss 3.3208 | Train Acc 99.6672| Valid Acc 53.1464
Validation acc increase (52.844238 --> 53.146362) in epoch (63).  Saving model ...
TestSub: S[26, 27, 28, 29, 30] Epoch 64 Finsh | Now_lr 0.0010/0.0010 | Lambda 0.0498 | Train Loss 0.0093 | Valid Loss 3.4823 | Train Acc 99.6927| Valid Acc 52.1484
TestSub: S[26, 27, 28, 29, 30] Epoch 65 Finsh | Now_lr 0.0010/0.0010 | Lambda 0.0498 | Train Loss 0.0099 | Valid Loss 3.7943 | Train Acc 99.6745| Valid Acc 52.0844
TestSub: S[26, 27, 28, 29, 30] Epoch 66 Finsh | Now_lr 0.0010/0.0010 | Lambda 0.0499 | Train Loss 0.0096 | Valid Loss 3.3140 | Train Acc 99.6976| Valid Acc 52.8412
TestSub: S[26, 27, 28, 29, 30] Epoch 67 Finsh | Now_lr 0.0010/0.0010 | Lambda 0.0499 | Train Loss 0.0104 | Valid Loss 3.6644 | Train Acc 99.6538| Valid Acc 52.0966
TestSub: S[26, 27, 28, 29, 30] Epoch 68 Finsh | Now_lr 0.0010/0.0010 | Lambda 0.0499 | Train Loss 0.0109 | Valid Loss 3.4230 | Train Acc 99.6295| Valid Acc 50.9369
TestSub: S[26, 27, 28, 29, 30] Epoch 69 Finsh | Now_lr 0.0010/0.0010 | Lambda 0.0499 | Train Loss 0.0101 | Valid Loss 3.4212 | Train Acc 99.6587| Valid Acc 52.2705
TestSub: S[26, 27, 28, 29, 30] Epoch 70 Finsh | Now_lr 0.0010/0.0010 | Lambda 0.0499 | Train Loss 0.0087 | Valid Loss 3.4720 | Train Acc 99.7177| Valid Acc 52.4872
TestSub: S[26, 27, 28, 29, 30] Epoch 71 Finsh | Now_lr 0.0010/0.0010 | Lambda 0.0499 | Train Loss 0.0099 | Valid Loss 3.2882 | Train Acc 99.6660| Valid Acc 54.3793
Validation acc increase (53.146362 --> 54.379272) in epoch (71).  Saving model ...
TestSub: S[26, 27, 28, 29, 30] Epoch 72 Finsh | Now_lr 0.0010/0.0010 | Lambda 0.0499 | Train Loss 0.0095 | Valid Loss 3.8273 | Train Acc 99.6830| Valid Acc 52.0142
TestSub: S[26, 27, 28, 29, 30] Epoch 73 Finsh | Now_lr 0.0010/0.0010 | Lambda 0.0499 | Train Loss 0.0089 | Valid Loss 3.4900 | Train Acc 99.7000| Valid Acc 53.4790
TestSub: S[26, 27, 28, 29, 30] Epoch 74 Finsh | Now_lr 0.0010/0.0010 | Lambda 0.0499 | Train Loss 0.0078 | Valid Loss 3.3037 | Train Acc 99.7518| Valid Acc 52.1118
TestSub: S[26, 27, 28, 29, 30] Epoch 75 Finsh | Now_lr 0.0010/0.0010 | Lambda 0.0499 | Train Loss 0.0094 | Valid Loss 3.5019 | Train Acc 99.6781| Valid Acc 51.6052
TestSub: S[26, 27, 28, 29, 30] Epoch 76 Finsh | Now_lr 0.0010/0.0010 | Lambda 0.0499 | Train Loss 0.0094 | Valid Loss 3.6477 | Train Acc 99.6793| Valid Acc 50.8667
TestSub: S[26, 27, 28, 29, 30] Epoch 77 Finsh | Now_lr 0.0010/0.0010 | Lambda 0.0500 | Train Loss 0.0086 | Valid Loss 3.3448 | Train Acc 99.7122| Valid Acc 51.5656
TestSub: S[26, 27, 28, 29, 30] Epoch 78 Finsh | Now_lr 0.0010/0.0010 | Lambda 0.0500 | Train Loss 0.0086 | Valid Loss 3.6130 | Train Acc 99.7219| Valid Acc 52.2217
TestSub: S[26, 27, 28, 29, 30] Epoch 79 Finsh | Now_lr 0.0010/0.0010 | Lambda 0.0500 | Train Loss 0.0081 | Valid Loss 3.7005 | Train Acc 99.7262| Valid Acc 52.4139
TestSub: S[26, 27, 28, 29, 30] Epoch 80 Finsh | Now_lr 0.0010/0.0010 | Lambda 0.0500 | Train Loss 0.0079 | Valid Loss 3.7023 | Train Acc 99.7560| Valid Acc 51.5961
TestSub: S[26, 27, 28, 29, 30] Epoch 81 Finsh | Now_lr 0.0010/0.0010 | Lambda 0.0500 | Train Loss 0.0094 | Valid Loss 3.3850 | Train Acc 99.6714| Valid Acc 51.5839
TestSub: S[26, 27, 28, 29, 30] Epoch 82 Finsh | Now_lr 0.0010/0.0010 | Lambda 0.0500 | Train Loss 0.0087 | Valid Loss 3.3798 | Train Acc 99.7378| Valid Acc 52.5421
TestSub: S[26, 27, 28, 29, 30] Epoch 83 Finsh | Now_lr 0.0010/0.0010 | Lambda 0.0500 | Train Loss 0.0075 | Valid Loss 3.6825 | Train Acc 99.7706| Valid Acc 52.0935
TestSub: S[26, 27, 28, 29, 30] Epoch 84 Finsh | Now_lr 0.0010/0.0010 | Lambda 0.0500 | Train Loss 0.0076 | Valid Loss 3.8373 | Train Acc 99.7475| Valid Acc 54.6143
Validation acc increase (54.379272 --> 54.614258) in epoch (84).  Saving model ...
TestSub: S[26, 27, 28, 29, 30] Epoch 85 Finsh | Now_lr 0.0010/0.0010 | Lambda 0.0500 | Train Loss 0.0076 | Valid Loss 3.8866 | Train Acc 99.7371| Valid Acc 52.9205
TestSub: S[26, 27, 28, 29, 30] Epoch 86 Finsh | Now_lr 0.0010/0.0010 | Lambda 0.0500 | Train Loss 0.0084 | Valid Loss 3.5684 | Train Acc 99.7268| Valid Acc 52.4200
TestSub: S[26, 27, 28, 29, 30] Epoch 87 Finsh | Now_lr 0.0010/0.0010 | Lambda 0.0500 | Train Loss 0.0082 | Valid Loss 3.4166 | Train Acc 99.7402| Valid Acc 53.2593
TestSub: S[26, 27, 28, 29, 30] Epoch 88 Finsh | Now_lr 0.0010/0.0010 | Lambda 0.0500 | Train Loss 0.0088 | Valid Loss 3.4104 | Train Acc 99.7414| Valid Acc 53.2074
TestSub: S[26, 27, 28, 29, 30] Epoch 89 Finsh | Now_lr 0.0010/0.0010 | Lambda 0.0500 | Train Loss 0.0077 | Valid Loss 2.8749 | Train Acc 99.7645| Valid Acc 53.8910
TestSub: S[26, 27, 28, 29, 30] Epoch 90 Finsh | Now_lr 0.0010/0.0010 | Lambda 0.0500 | Train Loss 0.0077 | Valid Loss 3.2315 | Train Acc 99.7469| Valid Acc 52.1606
TestSub: S[26, 27, 28, 29, 30] Epoch 91 Finsh | Now_lr 0.0010/0.0010 | Lambda 0.0500 | Train Loss 0.0074 | Valid Loss 3.6505 | Train Acc 99.7682| Valid Acc 53.3661
TestSub: S[26, 27, 28, 29, 30] Epoch 92 Finsh | Now_lr 0.0010/0.0010 | Lambda 0.0500 | Train Loss 0.0082 | Valid Loss 3.2378 | Train Acc 99.7311| Valid Acc 52.8320
TestSub: S[26, 27, 28, 29, 30] Epoch 93 Finsh | Now_lr 0.0010/0.0010 | Lambda 0.0500 | Train Loss 0.0076 | Valid Loss 3.4836 | Train Acc 99.7505| Valid Acc 53.1006
TestSub: S[26, 27, 28, 29, 30] Epoch 94 Finsh | Now_lr 0.0010/0.0010 | Lambda 0.0500 | Train Loss 0.0071 | Valid Loss 4.0235 | Train Acc 99.7615| Valid Acc 53.5706
TestSub: S[26, 27, 28, 29, 30] Epoch 95 Finsh | Now_lr 0.0010/0.0010 | Lambda 0.0500 | Train Loss 0.0082 | Valid Loss 3.0068 | Train Acc 99.7475| Valid Acc 52.2064
TestSub: S[26, 27, 28, 29, 30] Epoch 96 Finsh | Now_lr 0.0010/0.0010 | Lambda 0.0500 | Train Loss 0.0069 | Valid Loss 3.1358 | Train Acc 99.7737| Valid Acc 51.9287
TestSub: S[26, 27, 28, 29, 30] Epoch 97 Finsh | Now_lr 0.0010/0.0010 | Lambda 0.0500 | Train Loss 0.0080 | Valid Loss 3.4317 | Train Acc 99.7371| Valid Acc 51.8555
TestSub: S[26, 27, 28, 29, 30] Epoch 98 Finsh | Now_lr 0.0010/0.0010 | Lambda 0.0500 | Train Loss 0.0070 | Valid Loss 3.7105 | Train Acc 99.7749| Valid Acc 50.4639
TestSub: S[26, 27, 28, 29, 30] Epoch 99 Finsh | Now_lr 0.0010/0.0010 | Lambda 0.0500 | Train Loss 0.0071 | Valid Loss 3.4793 | Train Acc 99.7572| Valid Acc 53.1799
TestSub: S[26, 27, 28, 29, 30] Epoch 100 Finsh | Now_lr 0.0010/0.0010 | Lambda 0.0500 | Train Loss 0.0059 | Valid Loss 3.4658 | Train Acc 99.8102| Valid Acc 53.7415
--------------------------------------------------
Test_Subject :S[26, 27, 28, 29, 30] |Best epoch:84 | Test Loss:3.8373 | Best Acc 54.6143 | Savemodel Acc 54.6143
--------------------------------------------------
lr:0.001 -> bs:256
6-Fold Cross Subject Accuracies: [53.839111328125, 55.1422119140625, 50.5645751953125, 50.299072265625, 54.1412353515625, 54.6142578125]
Mean Accuracy over 6 folds: 53.1001
============================================================================================================
end time: 25-10-09-09:00:03
Current device is cuda:0
start time: task1_AAD_MM-AAD_trainer6_2025-10-09-04-20-03
============================================================================================================
Arguments =
	_action_groups: [<argparse._ArgumentGroup object at 0x7fea57ca98b0>, <argparse._ArgumentGroup object at 0x7fea2eaeda00>]
	_actions: [_HelpAction(option_strings=['-h', '--help'], dest='help', nargs=0, const=None, default='==SUPPRESS==', type=None, choices=None, required=False, help='show this help message and exit', metavar=None)]
	_defaults: {}
	_has_negative_number_optionals: []
	_mutually_exclusive_groups: []
	_negative_number_matcher: re.compile('^-\\d+$|^-\\d*\\.\\d+$')
	_option_string_actions: {'-h': _HelpAction(option_strings=['-h', '--help'], dest='help', nargs=0, const=None, default='==SUPPRESS==', type=None, choices=None, required=False, help='show this help message and exit', metavar=None), '--help': _HelpAction(option_strings=['-h', '--help'], dest='help', nargs=0, const=None, default='==SUPPRESS==', type=None, choices=None, required=False, help='show this help message and exit', metavar=None)}
	_optionals: <argparse._ArgumentGroup object at 0x7fea2eaeda00>
	_positionals: <argparse._ArgumentGroup object at 0x7fea57ca98b0>
	_registries: {'action': {None: <class 'argparse._StoreAction'>, 'store': <class 'argparse._StoreAction'>, 'store_const': <class 'argparse._StoreConstAction'>, 'store_true': <class 'argparse._StoreTrueAction'>, 'store_false': <class 'argparse._StoreFalseAction'>, 'append': <class 'argparse._AppendAction'>, 'append_const': <class 'argparse._AppendConstAction'>, 'count': <class 'argparse._CountAction'>, 'help': <class 'argparse._HelpAction'>, 'version': <class 'argparse._VersionAction'>, 'parsers': <class 'argparse._SubParsersAction'>, 'extend': <class 'argparse._ExtendAction'>}, 'type': {None: <function ArgumentParser.__init__.<locals>.identity at 0x7fea2eb0b8b0>}}
	_subparsers: None
	add_help: True
	allow_abbrev: True
	argument_default: None
	batch_size: 160
	beta1: 0.92
	beta2: 0.998
	conflict_handler: error
	data_path: /home/suyash.kumar.mec22.itbhu/EEG-AAD_audio_visual/preprocessed/data/
	dataset: MM-AAD
	description: None
	eeg_channel: 32
	epilog: None
	exit_on_error: True
	fig_path: ./exps/cross-subject/DARNet/figures/
	formatter_class: <class 'argparse.HelpFormatter'>
	fromfile_prefix_chars: None
	fs: 128
	label_path: /home/suyash.kumar.mec22.itbhu/EEG-AAD_audio_visual/preprocessed/label/
	lambda_domain: 0.08
	log_interval: 10
	lr: 0.0007
	lr_decayrate: 0.45
	max_epoch: 100
	model: DARNet
	model_save_path: ./exps/cross-subject/DARNet/baseline_task1_AAD_MM-AAD_trainer6_2025-10-09-04-20-03
	optimizer: AdamW
	overlap: 0.5
	patience: 10
	prefix_chars: -
	prog: trainer6.py
	seed: 42
	start_time: task1_AAD_MM-AAD_trainer6_2025-10-09-04-20-03
	subject_number: 40
	trail_number: 20
	usage: None
	use_domain_adversarial: True
	weight_decay: 0.0008
	win_len: 256
	win_time: 2
	window_lap: 128.0
============================================================================================================

========== Fold 1 ==========
Train IDs: [6, 7, 8, 9, 10, 11, 12, 13, 14, 15, 16, 17, 18, 19, 20, 21, 22, 23, 24, 25, 26, 27, 28, 29, 30]
Val IDs:   [1, 2, 3, 4, 5]
train_data_shape(164500, 32, 128),val_data_shape(32900, 32, 128)
=================================================================
Layer (type:depth-idx)                   Param #
=================================================================
DARNet                                   --
├─TokenEmbedding: 1-1                    --
│    └─Sequential: 2-1                   --
│    │    └─Conv2d: 3-1                  576
│    │    └─BatchNorm2d: 3-2             128
│    │    └─GELU: 3-3                    --
│    └─Sequential: 2-2                   --
│    │    └─Conv2d: 3-4                  32,784
│    │    └─BatchNorm2d: 3-5             32
│    │    └─GELU: 3-6                    --
│    └─PositionalEmbedding: 2-3          --
├─Flatten: 1-2                           --
├─Linear: 1-3                            18
├─AttnRefine: 1-4                        --
│    └─MyAttention: 2-4                  --
│    │    └─Attention: 3-7               800
│    └─Refine: 2-5                       --
│    │    └─Conv1d: 3-8                  784
│    │    └─BatchNorm1d: 3-9             32
│    │    └─ELU: 3-10                    --
│    │    └─MaxPool1d: 3-11              --
│    └─AdaptiveAvgPool1d: 2-6            --
│    └─Linear: 2-7                       68
│    └─Flatten: 2-8                      --
├─AttnRefine: 1-5                        --
│    └─MyAttention: 2-9                  --
│    │    └─Attention: 3-12              800
│    └─Refine: 2-10                      --
│    │    └─Conv1d: 3-13                 784
│    │    └─BatchNorm1d: 3-14            32
│    │    └─ELU: 3-15                    --
│    │    └─MaxPool1d: 3-16              --
│    └─AdaptiveAvgPool1d: 2-11           --
│    └─Linear: 2-12                      68
│    └─Flatten: 2-13                     --
├─GradientReversalLayer: 1-6             --
├─SubjectDiscriminator: 1-7              --
│    └─Sequential: 2-14                  --
│    │    └─Linear: 3-17                 2,304
│    │    └─ReLU: 3-18                   --
│    │    └─Dropout: 3-19                --
│    │    └─Linear: 3-20                 32,896
│    │    └─ReLU: 3-21                   --
│    │    └─Dropout: 3-22                --
│    │    └─Linear: 3-23                 3,870
=================================================================
Total params: 75,976
Trainable params: 75,976
Non-trainable params: 0
=================================================================
TestSub: S[1, 2, 3, 4, 5] Epoch  1 Finsh | Now_lr 0.0007/0.0007 | Lambda 0.0040 | Train Loss 0.4652 | Valid Loss 1.4091 | Train Acc 76.3047| Valid Acc 48.0122
Validation acc increase (0.000000 --> 48.012195) in epoch (1).  Saving model ...
TestSub: S[1, 2, 3, 4, 5] Epoch  2 Finsh | Now_lr 0.0007/0.0007 | Lambda 0.0080 | Train Loss 0.2941 | Valid Loss 1.6879 | Train Acc 87.3845| Valid Acc 48.0396
Validation acc increase (48.012195 --> 48.039634) in epoch (2).  Saving model ...
TestSub: S[1, 2, 3, 4, 5] Epoch  3 Finsh | Now_lr 0.0007/0.0007 | Lambda 0.0119 | Train Loss 0.2340 | Valid Loss 1.9887 | Train Acc 90.4280| Valid Acc 49.8293
Validation acc increase (48.039634 --> 49.829268) in epoch (3).  Saving model ...
TestSub: S[1, 2, 3, 4, 5] Epoch  4 Finsh | Now_lr 0.0007/0.0007 | Lambda 0.0158 | Train Loss 0.1897 | Valid Loss 2.3820 | Train Acc 92.3851| Valid Acc 47.0976
TestSub: S[1, 2, 3, 4, 5] Epoch  5 Finsh | Now_lr 0.0007/0.0007 | Lambda 0.0196 | Train Loss 0.1569 | Valid Loss 2.5204 | Train Acc 93.8126| Valid Acc 48.4238
TestSub: S[1, 2, 3, 4, 5] Epoch  6 Finsh | Now_lr 0.0007/0.0007 | Lambda 0.0233 | Train Loss 0.1318 | Valid Loss 2.6127 | Train Acc 94.9289| Valid Acc 49.5793
TestSub: S[1, 2, 3, 4, 5] Epoch  7 Finsh | Now_lr 0.0007/0.0007 | Lambda 0.0269 | Train Loss 0.1113 | Valid Loss 2.8202 | Train Acc 95.8262| Valid Acc 49.7835
TestSub: S[1, 2, 3, 4, 5] Epoch  8 Finsh | Now_lr 0.0007/0.0007 | Lambda 0.0304 | Train Loss 0.0964 | Valid Loss 2.7643 | Train Acc 96.4330| Valid Acc 51.9360
Validation acc increase (49.829268 --> 51.935976) in epoch (8).  Saving model ...
TestSub: S[1, 2, 3, 4, 5] Epoch  9 Finsh | Now_lr 0.0007/0.0007 | Lambda 0.0338 | Train Loss 0.0831 | Valid Loss 2.7460 | Train Acc 96.9413| Valid Acc 51.7530
TestSub: S[1, 2, 3, 4, 5] Epoch 10 Finsh | Now_lr 0.0007/0.0007 | Lambda 0.0370 | Train Loss 0.0757 | Valid Loss 2.8736 | Train Acc 97.2258| Valid Acc 50.6220
TestSub: S[1, 2, 3, 4, 5] Epoch 11 Finsh | Now_lr 0.0007/0.0007 | Lambda 0.0400 | Train Loss 0.0704 | Valid Loss 2.8317 | Train Acc 97.4368| Valid Acc 53.9482
Validation acc increase (51.935976 --> 53.948171) in epoch (11).  Saving model ...
TestSub: S[1, 2, 3, 4, 5] Epoch 12 Finsh | Now_lr 0.0007/0.0007 | Lambda 0.0430 | Train Loss 0.0624 | Valid Loss 2.7450 | Train Acc 97.7341| Valid Acc 52.9970
TestSub: S[1, 2, 3, 4, 5] Epoch 13 Finsh | Now_lr 0.0007/0.0007 | Lambda 0.0457 | Train Loss 0.0581 | Valid Loss 2.9256 | Train Acc 97.9323| Valid Acc 51.8476
TestSub: S[1, 2, 3, 4, 5] Epoch 14 Finsh | Now_lr 0.0007/0.0007 | Lambda 0.0483 | Train Loss 0.0549 | Valid Loss 2.7695 | Train Acc 98.0381| Valid Acc 50.9451
TestSub: S[1, 2, 3, 4, 5] Epoch 15 Finsh | Now_lr 0.0007/0.0007 | Lambda 0.0508 | Train Loss 0.0519 | Valid Loss 2.9242 | Train Acc 98.1888| Valid Acc 52.5579
TestSub: S[1, 2, 3, 4, 5] Epoch 16 Finsh | Now_lr 0.0007/0.0007 | Lambda 0.0531 | Train Loss 0.0449 | Valid Loss 3.0888 | Train Acc 98.4241| Valid Acc 49.9024
TestSub: S[1, 2, 3, 4, 5] Epoch 17 Finsh | Now_lr 0.0007/0.0007 | Lambda 0.0553 | Train Loss 0.0450 | Valid Loss 3.0587 | Train Acc 98.4381| Valid Acc 51.5732
TestSub: S[1, 2, 3, 4, 5] Epoch 18 Finsh | Now_lr 0.0007/0.0007 | Lambda 0.0573 | Train Loss 0.0413 | Valid Loss 3.0204 | Train Acc 98.5865| Valid Acc 51.4848
TestSub: S[1, 2, 3, 4, 5] Epoch 19 Finsh | Now_lr 0.0007/0.0007 | Lambda 0.0592 | Train Loss 0.0396 | Valid Loss 3.0333 | Train Acc 98.6199| Valid Acc 50.7165
TestSub: S[1, 2, 3, 4, 5] Epoch 20 Finsh | Now_lr 0.0007/0.0007 | Lambda 0.0609 | Train Loss 0.0387 | Valid Loss 3.0225 | Train Acc 98.6819| Valid Acc 50.0793
TestSub: S[1, 2, 3, 4, 5] Epoch 21 Finsh | Now_lr 0.0007/0.0007 | Lambda 0.0625 | Train Loss 0.0351 | Valid Loss 3.3192 | Train Acc 98.7938| Valid Acc 51.2012
TestSub: S[1, 2, 3, 4, 5] Epoch 22 Finsh | Now_lr 0.0007/0.0007 | Lambda 0.0640 | Train Loss 0.0342 | Valid Loss 3.0514 | Train Acc 98.8029| Valid Acc 50.4970
TestSub: S[1, 2, 3, 4, 5] Epoch 23 Finsh | Now_lr 0.0007/0.0007 | Lambda 0.0654 | Train Loss 0.0329 | Valid Loss 3.0033 | Train Acc 98.8236| Valid Acc 49.2043
TestSub: S[1, 2, 3, 4, 5] Epoch 24 Finsh | Now_lr 0.0007/0.0007 | Lambda 0.0667 | Train Loss 0.0323 | Valid Loss 3.1337 | Train Acc 98.8838| Valid Acc 48.8933
TestSub: S[1, 2, 3, 4, 5] Epoch 25 Finsh | Now_lr 0.0007/0.0007 | Lambda 0.0679 | Train Loss 0.0302 | Valid Loss 3.2994 | Train Acc 98.9518| Valid Acc 49.8171
TestSub: S[1, 2, 3, 4, 5] Epoch 26 Finsh | Now_lr 0.0007/0.0007 | Lambda 0.0689 | Train Loss 0.0298 | Valid Loss 3.1388 | Train Acc 98.9427| Valid Acc 49.4726
TestSub: S[1, 2, 3, 4, 5] Epoch 27 Finsh | Now_lr 0.0007/0.0007 | Lambda 0.0699 | Train Loss 0.0290 | Valid Loss 3.1139 | Train Acc 98.9968| Valid Acc 49.6250
TestSub: S[1, 2, 3, 4, 5] Epoch 28 Finsh | Now_lr 0.0007/0.0007 | Lambda 0.0708 | Train Loss 0.0264 | Valid Loss 3.4516 | Train Acc 99.0911| Valid Acc 49.6860
TestSub: S[1, 2, 3, 4, 5] Epoch 29 Finsh | Now_lr 0.0007/0.0007 | Lambda 0.0717 | Train Loss 0.0264 | Valid Loss 3.8275 | Train Acc 99.1063| Valid Acc 48.4817
TestSub: S[1, 2, 3, 4, 5] Epoch 30 Finsh | Now_lr 0.0007/0.0007 | Lambda 0.0724 | Train Loss 0.0255 | Valid Loss 3.4117 | Train Acc 99.1251| Valid Acc 50.4085
TestSub: S[1, 2, 3, 4, 5] Epoch 31 Finsh | Now_lr 0.0007/0.0007 | Lambda 0.0731 | Train Loss 0.0255 | Valid Loss 3.3834 | Train Acc 99.1488| Valid Acc 52.3140
TestSub: S[1, 2, 3, 4, 5] Epoch 32 Finsh | Now_lr 0.0007/0.0007 | Lambda 0.0737 | Train Loss 0.0244 | Valid Loss 3.3517 | Train Acc 99.1561| Valid Acc 49.3902
TestSub: S[1, 2, 3, 4, 5] Epoch 33 Finsh | Now_lr 0.0007/0.0007 | Lambda 0.0743 | Train Loss 0.0235 | Valid Loss 3.7153 | Train Acc 99.1835| Valid Acc 50.3079
TestSub: S[1, 2, 3, 4, 5] Epoch 34 Finsh | Now_lr 0.0007/0.0007 | Lambda 0.0748 | Train Loss 0.0235 | Valid Loss 3.3314 | Train Acc 99.1902| Valid Acc 50.4756
TestSub: S[1, 2, 3, 4, 5] Epoch 35 Finsh | Now_lr 0.0007/0.0007 | Lambda 0.0753 | Train Loss 0.0210 | Valid Loss 3.8875 | Train Acc 99.2832| Valid Acc 50.6768
TestSub: S[1, 2, 3, 4, 5] Epoch 36 Finsh | Now_lr 0.0007/0.0007 | Lambda 0.0757 | Train Loss 0.0214 | Valid Loss 3.4828 | Train Acc 99.2747| Valid Acc 51.3049
TestSub: S[1, 2, 3, 4, 5] Epoch 37 Finsh | Now_lr 0.0007/0.0007 | Lambda 0.0761 | Train Loss 0.0221 | Valid Loss 3.5164 | Train Acc 99.2546| Valid Acc 50.1037
TestSub: S[1, 2, 3, 4, 5] Epoch 38 Finsh | Now_lr 0.0007/0.0007 | Lambda 0.0765 | Train Loss 0.0216 | Valid Loss 3.3417 | Train Acc 99.2759| Valid Acc 50.6860
TestSub: S[1, 2, 3, 4, 5] Epoch 39 Finsh | Now_lr 0.0007/0.0007 | Lambda 0.0768 | Train Loss 0.0207 | Valid Loss 3.1991 | Train Acc 99.2777| Valid Acc 51.3201
TestSub: S[1, 2, 3, 4, 5] Epoch 40 Finsh | Now_lr 0.0007/0.0007 | Lambda 0.0771 | Train Loss 0.0182 | Valid Loss 3.5723 | Train Acc 99.3756| Valid Acc 50.5091
TestSub: S[1, 2, 3, 4, 5] Epoch 41 Finsh | Now_lr 0.0007/0.0007 | Lambda 0.0774 | Train Loss 0.0191 | Valid Loss 3.5003 | Train Acc 99.3294| Valid Acc 53.1280
Early stopping triggered after 41 epochs (30 epochs without improvement)
--------------------------------------------------
Test_Subject :S[1, 2, 3, 4, 5] |Best epoch:11 | Test Loss:2.8317 | Best Acc 53.9482 | Savemodel Acc 53.9482
--------------------------------------------------

========== Fold 2 ==========
Train IDs: [1, 2, 3, 4, 5, 11, 12, 13, 14, 15, 16, 17, 18, 19, 20, 21, 22, 23, 24, 25, 26, 27, 28, 29, 30]
Val IDs:   [6, 7, 8, 9, 10]
train_data_shape(164500, 32, 128),val_data_shape(32900, 32, 128)
=================================================================
Layer (type:depth-idx)                   Param #
=================================================================
DARNet                                   --
├─TokenEmbedding: 1-1                    --
│    └─Sequential: 2-1                   --
│    │    └─Conv2d: 3-1                  576
│    │    └─BatchNorm2d: 3-2             128
│    │    └─GELU: 3-3                    --
│    └─Sequential: 2-2                   --
│    │    └─Conv2d: 3-4                  32,784
│    │    └─BatchNorm2d: 3-5             32
│    │    └─GELU: 3-6                    --
│    └─PositionalEmbedding: 2-3          --
├─Flatten: 1-2                           --
├─Linear: 1-3                            18
├─AttnRefine: 1-4                        --
│    └─MyAttention: 2-4                  --
│    │    └─Attention: 3-7               800
│    └─Refine: 2-5                       --
│    │    └─Conv1d: 3-8                  784
│    │    └─BatchNorm1d: 3-9             32
│    │    └─ELU: 3-10                    --
│    │    └─MaxPool1d: 3-11              --
│    └─AdaptiveAvgPool1d: 2-6            --
│    └─Linear: 2-7                       68
│    └─Flatten: 2-8                      --
├─AttnRefine: 1-5                        --
│    └─MyAttention: 2-9                  --
│    │    └─Attention: 3-12              800
│    └─Refine: 2-10                      --
│    │    └─Conv1d: 3-13                 784
│    │    └─BatchNorm1d: 3-14            32
│    │    └─ELU: 3-15                    --
│    │    └─MaxPool1d: 3-16              --
│    └─AdaptiveAvgPool1d: 2-11           --
│    └─Linear: 2-12                      68
│    └─Flatten: 2-13                     --
├─GradientReversalLayer: 1-6             --
├─SubjectDiscriminator: 1-7              --
│    └─Sequential: 2-14                  --
│    │    └─Linear: 3-17                 2,304
│    │    └─ReLU: 3-18                   --
│    │    └─Dropout: 3-19                --
│    │    └─Linear: 3-20                 32,896
│    │    └─ReLU: 3-21                   --
│    │    └─Dropout: 3-22                --
│    │    └─Linear: 3-23                 3,870
=================================================================
Total params: 75,976
Trainable params: 75,976
Non-trainable params: 0
=================================================================
TestSub: S[6, 7, 8, 9, 10] Epoch  1 Finsh | Now_lr 0.0007/0.0007 | Lambda 0.0040 | Train Loss 0.4554 | Valid Loss 1.4612 | Train Acc 76.8659| Valid Acc 47.0030
Validation acc increase (0.000000 --> 47.003049) in epoch (1).  Saving model ...
TestSub: S[6, 7, 8, 9, 10] Epoch  2 Finsh | Now_lr 0.0007/0.0007 | Lambda 0.0080 | Train Loss 0.2980 | Valid Loss 1.7154 | Train Acc 87.0568| Valid Acc 47.0854
Validation acc increase (47.003049 --> 47.085366) in epoch (2).  Saving model ...
TestSub: S[6, 7, 8, 9, 10] Epoch  3 Finsh | Now_lr 0.0007/0.0007 | Lambda 0.0119 | Train Loss 0.2429 | Valid Loss 1.9432 | Train Acc 89.8419| Valid Acc 48.9848
Validation acc increase (47.085366 --> 48.984756) in epoch (3).  Saving model ...
TestSub: S[6, 7, 8, 9, 10] Epoch  4 Finsh | Now_lr 0.0007/0.0007 | Lambda 0.0158 | Train Loss 0.2028 | Valid Loss 2.0920 | Train Acc 91.7115| Valid Acc 47.4177
TestSub: S[6, 7, 8, 9, 10] Epoch  5 Finsh | Now_lr 0.0007/0.0007 | Lambda 0.0196 | Train Loss 0.1707 | Valid Loss 2.3024 | Train Acc 93.2393| Valid Acc 48.2500
TestSub: S[6, 7, 8, 9, 10] Epoch  6 Finsh | Now_lr 0.0007/0.0007 | Lambda 0.0233 | Train Loss 0.1467 | Valid Loss 2.2375 | Train Acc 94.3118| Valid Acc 50.2988
Validation acc increase (48.984756 --> 50.298780) in epoch (6).  Saving model ...
TestSub: S[6, 7, 8, 9, 10] Epoch  7 Finsh | Now_lr 0.0007/0.0007 | Lambda 0.0269 | Train Loss 0.1268 | Valid Loss 2.6081 | Train Acc 95.1605| Valid Acc 48.0640
TestSub: S[6, 7, 8, 9, 10] Epoch  8 Finsh | Now_lr 0.0007/0.0007 | Lambda 0.0304 | Train Loss 0.1073 | Valid Loss 2.8788 | Train Acc 95.9782| Valid Acc 50.1524
TestSub: S[6, 7, 8, 9, 10] Epoch  9 Finsh | Now_lr 0.0007/0.0007 | Lambda 0.0338 | Train Loss 0.0937 | Valid Loss 2.7908 | Train Acc 96.5108| Valid Acc 50.1098
TestSub: S[6, 7, 8, 9, 10] Epoch 10 Finsh | Now_lr 0.0007/0.0007 | Lambda 0.0370 | Train Loss 0.0839 | Valid Loss 2.6846 | Train Acc 96.8829| Valid Acc 49.4878
TestSub: S[6, 7, 8, 9, 10] Epoch 11 Finsh | Now_lr 0.0007/0.0007 | Lambda 0.0400 | Train Loss 0.0744 | Valid Loss 2.9715 | Train Acc 97.2781| Valid Acc 50.4177
Validation acc increase (50.298780 --> 50.417683) in epoch (11).  Saving model ...
TestSub: S[6, 7, 8, 9, 10] Epoch 12 Finsh | Now_lr 0.0007/0.0007 | Lambda 0.0430 | Train Loss 0.0680 | Valid Loss 3.2207 | Train Acc 97.5541| Valid Acc 49.7073
TestSub: S[6, 7, 8, 9, 10] Epoch 13 Finsh | Now_lr 0.0007/0.0007 | Lambda 0.0457 | Train Loss 0.0618 | Valid Loss 2.9617 | Train Acc 97.7809| Valid Acc 50.2104
TestSub: S[6, 7, 8, 9, 10] Epoch 14 Finsh | Now_lr 0.0007/0.0007 | Lambda 0.0483 | Train Loss 0.0568 | Valid Loss 3.0372 | Train Acc 97.9767| Valid Acc 50.6006
Validation acc increase (50.417683 --> 50.600610) in epoch (14).  Saving model ...
TestSub: S[6, 7, 8, 9, 10] Epoch 15 Finsh | Now_lr 0.0007/0.0007 | Lambda 0.0508 | Train Loss 0.0511 | Valid Loss 3.1660 | Train Acc 98.1414| Valid Acc 50.0213
TestSub: S[6, 7, 8, 9, 10] Epoch 16 Finsh | Now_lr 0.0007/0.0007 | Lambda 0.0531 | Train Loss 0.0473 | Valid Loss 3.3366 | Train Acc 98.3135| Valid Acc 50.4146
TestSub: S[6, 7, 8, 9, 10] Epoch 17 Finsh | Now_lr 0.0007/0.0007 | Lambda 0.0553 | Train Loss 0.0453 | Valid Loss 3.2824 | Train Acc 98.3870| Valid Acc 51.1128
Validation acc increase (50.600610 --> 51.112805) in epoch (17).  Saving model ...
TestSub: S[6, 7, 8, 9, 10] Epoch 18 Finsh | Now_lr 0.0007/0.0007 | Lambda 0.0573 | Train Loss 0.0431 | Valid Loss 3.1461 | Train Acc 98.4795| Valid Acc 51.5488
Validation acc increase (51.112805 --> 51.548780) in epoch (18).  Saving model ...
TestSub: S[6, 7, 8, 9, 10] Epoch 19 Finsh | Now_lr 0.0007/0.0007 | Lambda 0.0592 | Train Loss 0.0400 | Valid Loss 3.1452 | Train Acc 98.5834| Valid Acc 52.0610
Validation acc increase (51.548780 --> 52.060976) in epoch (19).  Saving model ...
TestSub: S[6, 7, 8, 9, 10] Epoch 20 Finsh | Now_lr 0.0007/0.0007 | Lambda 0.0609 | Train Loss 0.0368 | Valid Loss 3.3293 | Train Acc 98.7105| Valid Acc 50.1098
TestSub: S[6, 7, 8, 9, 10] Epoch 21 Finsh | Now_lr 0.0007/0.0007 | Lambda 0.0625 | Train Loss 0.0357 | Valid Loss 3.1504 | Train Acc 98.7591| Valid Acc 51.6098
TestSub: S[6, 7, 8, 9, 10] Epoch 22 Finsh | Now_lr 0.0007/0.0007 | Lambda 0.0640 | Train Loss 0.0323 | Valid Loss 3.5022 | Train Acc 98.8941| Valid Acc 50.4543
TestSub: S[6, 7, 8, 9, 10] Epoch 23 Finsh | Now_lr 0.0007/0.0007 | Lambda 0.0654 | Train Loss 0.0331 | Valid Loss 3.1738 | Train Acc 98.8418| Valid Acc 51.2927
TestSub: S[6, 7, 8, 9, 10] Epoch 24 Finsh | Now_lr 0.0007/0.0007 | Lambda 0.0667 | Train Loss 0.0300 | Valid Loss 3.2968 | Train Acc 98.9561| Valid Acc 52.7134
Validation acc increase (52.060976 --> 52.713415) in epoch (24).  Saving model ...
TestSub: S[6, 7, 8, 9, 10] Epoch 25 Finsh | Now_lr 0.0007/0.0007 | Lambda 0.0679 | Train Loss 0.0287 | Valid Loss 3.4397 | Train Acc 99.0047| Valid Acc 51.1555
TestSub: S[6, 7, 8, 9, 10] Epoch 26 Finsh | Now_lr 0.0007/0.0007 | Lambda 0.0689 | Train Loss 0.0278 | Valid Loss 3.5817 | Train Acc 99.0497| Valid Acc 50.4360
TestSub: S[6, 7, 8, 9, 10] Epoch 27 Finsh | Now_lr 0.0007/0.0007 | Lambda 0.0699 | Train Loss 0.0262 | Valid Loss 3.3023 | Train Acc 99.1057| Valid Acc 51.4329
TestSub: S[6, 7, 8, 9, 10] Epoch 28 Finsh | Now_lr 0.0007/0.0007 | Lambda 0.0708 | Train Loss 0.0263 | Valid Loss 3.1752 | Train Acc 99.1215| Valid Acc 52.5762
TestSub: S[6, 7, 8, 9, 10] Epoch 29 Finsh | Now_lr 0.0007/0.0007 | Lambda 0.0717 | Train Loss 0.0248 | Valid Loss 3.5458 | Train Acc 99.1348| Valid Acc 51.1402
TestSub: S[6, 7, 8, 9, 10] Epoch 30 Finsh | Now_lr 0.0007/0.0007 | Lambda 0.0724 | Train Loss 0.0234 | Valid Loss 3.4737 | Train Acc 99.2145| Valid Acc 51.0915
TestSub: S[6, 7, 8, 9, 10] Epoch 31 Finsh | Now_lr 0.0007/0.0007 | Lambda 0.0731 | Train Loss 0.0234 | Valid Loss 3.6385 | Train Acc 99.2151| Valid Acc 51.7591
TestSub: S[6, 7, 8, 9, 10] Epoch 32 Finsh | Now_lr 0.0007/0.0007 | Lambda 0.0737 | Train Loss 0.0216 | Valid Loss 3.5763 | Train Acc 99.2735| Valid Acc 51.4970
TestSub: S[6, 7, 8, 9, 10] Epoch 33 Finsh | Now_lr 0.0007/0.0007 | Lambda 0.0743 | Train Loss 0.0226 | Valid Loss 3.5746 | Train Acc 99.2510| Valid Acc 52.1799
TestSub: S[6, 7, 8, 9, 10] Epoch 34 Finsh | Now_lr 0.0007/0.0007 | Lambda 0.0748 | Train Loss 0.0217 | Valid Loss 3.3483 | Train Acc 99.2558| Valid Acc 51.9207
TestSub: S[6, 7, 8, 9, 10] Epoch 35 Finsh | Now_lr 0.0007/0.0007 | Lambda 0.0753 | Train Loss 0.0203 | Valid Loss 3.4169 | Train Acc 99.3081| Valid Acc 53.1189
Validation acc increase (52.713415 --> 53.118902) in epoch (35).  Saving model ...
TestSub: S[6, 7, 8, 9, 10] Epoch 36 Finsh | Now_lr 0.0007/0.0007 | Lambda 0.0757 | Train Loss 0.0197 | Valid Loss 3.3458 | Train Acc 99.3440| Valid Acc 53.2805
Validation acc increase (53.118902 --> 53.280488) in epoch (36).  Saving model ...
TestSub: S[6, 7, 8, 9, 10] Epoch 37 Finsh | Now_lr 0.0007/0.0007 | Lambda 0.0761 | Train Loss 0.0181 | Valid Loss 3.5762 | Train Acc 99.3866| Valid Acc 52.0244
TestSub: S[6, 7, 8, 9, 10] Epoch 38 Finsh | Now_lr 0.0007/0.0007 | Lambda 0.0765 | Train Loss 0.0183 | Valid Loss 3.5302 | Train Acc 99.3610| Valid Acc 53.3659
Validation acc increase (53.280488 --> 53.365854) in epoch (38).  Saving model ...
TestSub: S[6, 7, 8, 9, 10] Epoch 39 Finsh | Now_lr 0.0007/0.0007 | Lambda 0.0768 | Train Loss 0.0183 | Valid Loss 3.3265 | Train Acc 99.3890| Valid Acc 52.1921
TestSub: S[6, 7, 8, 9, 10] Epoch 40 Finsh | Now_lr 0.0007/0.0007 | Lambda 0.0771 | Train Loss 0.0185 | Valid Loss 3.7266 | Train Acc 99.3890| Valid Acc 52.2530
TestSub: S[6, 7, 8, 9, 10] Epoch 41 Finsh | Now_lr 0.0007/0.0007 | Lambda 0.0774 | Train Loss 0.0193 | Valid Loss 3.3124 | Train Acc 99.3744| Valid Acc 51.5823
TestSub: S[6, 7, 8, 9, 10] Epoch 42 Finsh | Now_lr 0.0007/0.0007 | Lambda 0.0776 | Train Loss 0.0175 | Valid Loss 3.4068 | Train Acc 99.3999| Valid Acc 51.8567
TestSub: S[6, 7, 8, 9, 10] Epoch 43 Finsh | Now_lr 0.0007/0.0007 | Lambda 0.0779 | Train Loss 0.0165 | Valid Loss 3.7026 | Train Acc 99.4419| Valid Acc 54.8750
Validation acc increase (53.365854 --> 54.875000) in epoch (43).  Saving model ...
TestSub: S[6, 7, 8, 9, 10] Epoch 44 Finsh | Now_lr 0.0007/0.0007 | Lambda 0.0781 | Train Loss 0.0172 | Valid Loss 3.6720 | Train Acc 99.4309| Valid Acc 53.0488
TestSub: S[6, 7, 8, 9, 10] Epoch 45 Finsh | Now_lr 0.0007/0.0007 | Lambda 0.0782 | Train Loss 0.0165 | Valid Loss 3.3923 | Train Acc 99.4559| Valid Acc 53.2652
TestSub: S[6, 7, 8, 9, 10] Epoch 46 Finsh | Now_lr 0.0007/0.0007 | Lambda 0.0784 | Train Loss 0.0155 | Valid Loss 3.7258 | Train Acc 99.4838| Valid Acc 51.6829
TestSub: S[6, 7, 8, 9, 10] Epoch 47 Finsh | Now_lr 0.0007/0.0007 | Lambda 0.0786 | Train Loss 0.0148 | Valid Loss 3.9360 | Train Acc 99.4972| Valid Acc 53.0366
TestSub: S[6, 7, 8, 9, 10] Epoch 48 Finsh | Now_lr 0.0007/0.0007 | Lambda 0.0787 | Train Loss 0.0145 | Valid Loss 3.7528 | Train Acc 99.5209| Valid Acc 54.1159
TestSub: S[6, 7, 8, 9, 10] Epoch 49 Finsh | Now_lr 0.0007/0.0007 | Lambda 0.0788 | Train Loss 0.0143 | Valid Loss 3.8181 | Train Acc 99.5106| Valid Acc 52.3994
TestSub: S[6, 7, 8, 9, 10] Epoch 50 Finsh | Now_lr 0.0007/0.0007 | Lambda 0.0789 | Train Loss 0.0129 | Valid Loss 3.7801 | Train Acc 99.5574| Valid Acc 52.5213
TestSub: S[6, 7, 8, 9, 10] Epoch 51 Finsh | Now_lr 0.0007/0.0007 | Lambda 0.0790 | Train Loss 0.0130 | Valid Loss 3.5169 | Train Acc 99.5860| Valid Acc 53.8598
TestSub: S[6, 7, 8, 9, 10] Epoch 52 Finsh | Now_lr 0.0007/0.0007 | Lambda 0.0791 | Train Loss 0.0137 | Valid Loss 3.8521 | Train Acc 99.5446| Valid Acc 52.7713
TestSub: S[6, 7, 8, 9, 10] Epoch 53 Finsh | Now_lr 0.0007/0.0007 | Lambda 0.0792 | Train Loss 0.0141 | Valid Loss 3.6101 | Train Acc 99.5361| Valid Acc 52.9665
TestSub: S[6, 7, 8, 9, 10] Epoch 54 Finsh | Now_lr 0.0007/0.0007 | Lambda 0.0793 | Train Loss 0.0138 | Valid Loss 3.4675 | Train Acc 99.5422| Valid Acc 54.3750
TestSub: S[6, 7, 8, 9, 10] Epoch 55 Finsh | Now_lr 0.0007/0.0007 | Lambda 0.0793 | Train Loss 0.0128 | Valid Loss 3.5308 | Train Acc 99.5933| Valid Acc 54.4146
TestSub: S[6, 7, 8, 9, 10] Epoch 56 Finsh | Now_lr 0.0007/0.0007 | Lambda 0.0794 | Train Loss 0.0130 | Valid Loss 3.8661 | Train Acc 99.5689| Valid Acc 53.9421
TestSub: S[6, 7, 8, 9, 10] Epoch 57 Finsh | Now_lr 0.0007/0.0007 | Lambda 0.0795 | Train Loss 0.0126 | Valid Loss 3.9902 | Train Acc 99.5726| Valid Acc 54.4817
TestSub: S[6, 7, 8, 9, 10] Epoch 58 Finsh | Now_lr 0.0007/0.0007 | Lambda 0.0795 | Train Loss 0.0121 | Valid Loss 4.0286 | Train Acc 99.6012| Valid Acc 53.5091
TestSub: S[6, 7, 8, 9, 10] Epoch 59 Finsh | Now_lr 0.0007/0.0007 | Lambda 0.0796 | Train Loss 0.0122 | Valid Loss 3.8935 | Train Acc 99.6079| Valid Acc 52.7957
TestSub: S[6, 7, 8, 9, 10] Epoch 60 Finsh | Now_lr 0.0007/0.0007 | Lambda 0.0796 | Train Loss 0.0126 | Valid Loss 3.7435 | Train Acc 99.5963| Valid Acc 53.3689
TestSub: S[6, 7, 8, 9, 10] Epoch 61 Finsh | Now_lr 0.0007/0.0007 | Lambda 0.0796 | Train Loss 0.0116 | Valid Loss 3.7887 | Train Acc 99.6249| Valid Acc 53.6768
TestSub: S[6, 7, 8, 9, 10] Epoch 62 Finsh | Now_lr 0.0007/0.0007 | Lambda 0.0797 | Train Loss 0.0114 | Valid Loss 3.9320 | Train Acc 99.6237| Valid Acc 53.2805
TestSub: S[6, 7, 8, 9, 10] Epoch 63 Finsh | Now_lr 0.0007/0.0007 | Lambda 0.0797 | Train Loss 0.0116 | Valid Loss 3.7964 | Train Acc 99.6218| Valid Acc 54.5091
TestSub: S[6, 7, 8, 9, 10] Epoch 64 Finsh | Now_lr 0.0007/0.0007 | Lambda 0.0797 | Train Loss 0.0114 | Valid Loss 3.7152 | Train Acc 99.6255| Valid Acc 54.3232
TestSub: S[6, 7, 8, 9, 10] Epoch 65 Finsh | Now_lr 0.0007/0.0007 | Lambda 0.0798 | Train Loss 0.0111 | Valid Loss 3.6463 | Train Acc 99.6243| Valid Acc 53.8262
TestSub: S[6, 7, 8, 9, 10] Epoch 66 Finsh | Now_lr 0.0007/0.0007 | Lambda 0.0798 | Train Loss 0.0107 | Valid Loss 3.8373 | Train Acc 99.6680| Valid Acc 52.7744
TestSub: S[6, 7, 8, 9, 10] Epoch 67 Finsh | Now_lr 0.0007/0.0007 | Lambda 0.0798 | Train Loss 0.0112 | Valid Loss 3.5923 | Train Acc 99.6224| Valid Acc 54.5488
TestSub: S[6, 7, 8, 9, 10] Epoch 68 Finsh | Now_lr 0.0007/0.0007 | Lambda 0.0798 | Train Loss 0.0105 | Valid Loss 3.8876 | Train Acc 99.6474| Valid Acc 55.1128
Validation acc increase (54.875000 --> 55.112805) in epoch (68).  Saving model ...
TestSub: S[6, 7, 8, 9, 10] Epoch 69 Finsh | Now_lr 0.0007/0.0007 | Lambda 0.0798 | Train Loss 0.0100 | Valid Loss 3.9057 | Train Acc 99.6680| Valid Acc 55.3445
Validation acc increase (55.112805 --> 55.344512) in epoch (69).  Saving model ...
TestSub: S[6, 7, 8, 9, 10] Epoch 70 Finsh | Now_lr 0.0007/0.0007 | Lambda 0.0799 | Train Loss 0.0098 | Valid Loss 3.8365 | Train Acc 99.6881| Valid Acc 54.3354
TestSub: S[6, 7, 8, 9, 10] Epoch 71 Finsh | Now_lr 0.0007/0.0007 | Lambda 0.0799 | Train Loss 0.0095 | Valid Loss 3.9064 | Train Acc 99.7106| Valid Acc 52.7713
TestSub: S[6, 7, 8, 9, 10] Epoch 72 Finsh | Now_lr 0.0007/0.0007 | Lambda 0.0799 | Train Loss 0.0102 | Valid Loss 4.0188 | Train Acc 99.6644| Valid Acc 52.7652
TestSub: S[6, 7, 8, 9, 10] Epoch 73 Finsh | Now_lr 0.0007/0.0007 | Lambda 0.0799 | Train Loss 0.0093 | Valid Loss 3.6913 | Train Acc 99.6918| Valid Acc 52.8354
TestSub: S[6, 7, 8, 9, 10] Epoch 74 Finsh | Now_lr 0.0007/0.0007 | Lambda 0.0799 | Train Loss 0.0101 | Valid Loss 3.8911 | Train Acc 99.6863| Valid Acc 53.5945
TestSub: S[6, 7, 8, 9, 10] Epoch 75 Finsh | Now_lr 0.0007/0.0007 | Lambda 0.0799 | Train Loss 0.0096 | Valid Loss 3.8728 | Train Acc 99.6887| Valid Acc 52.7104
TestSub: S[6, 7, 8, 9, 10] Epoch 76 Finsh | Now_lr 0.0007/0.0007 | Lambda 0.0799 | Train Loss 0.0099 | Valid Loss 3.8536 | Train Acc 99.6650| Valid Acc 52.4787
TestSub: S[6, 7, 8, 9, 10] Epoch 77 Finsh | Now_lr 0.0007/0.0007 | Lambda 0.0799 | Train Loss 0.0097 | Valid Loss 3.7561 | Train Acc 99.6911| Valid Acc 52.9970
TestSub: S[6, 7, 8, 9, 10] Epoch 78 Finsh | Now_lr 0.0007/0.0007 | Lambda 0.0799 | Train Loss 0.0088 | Valid Loss 4.0204 | Train Acc 99.7009| Valid Acc 53.7104
TestSub: S[6, 7, 8, 9, 10] Epoch 79 Finsh | Now_lr 0.0007/0.0007 | Lambda 0.0799 | Train Loss 0.0091 | Valid Loss 3.6691 | Train Acc 99.6991| Valid Acc 52.2348
TestSub: S[6, 7, 8, 9, 10] Epoch 80 Finsh | Now_lr 0.0007/0.0007 | Lambda 0.0799 | Train Loss 0.0088 | Valid Loss 4.2114 | Train Acc 99.7143| Valid Acc 54.0915
TestSub: S[6, 7, 8, 9, 10] Epoch 81 Finsh | Now_lr 0.0007/0.0007 | Lambda 0.0800 | Train Loss 0.0086 | Valid Loss 3.9791 | Train Acc 99.7203| Valid Acc 53.8384
TestSub: S[6, 7, 8, 9, 10] Epoch 82 Finsh | Now_lr 0.0007/0.0007 | Lambda 0.0800 | Train Loss 0.0095 | Valid Loss 3.3258 | Train Acc 99.6875| Valid Acc 55.1829
TestSub: S[6, 7, 8, 9, 10] Epoch 83 Finsh | Now_lr 0.0007/0.0007 | Lambda 0.0800 | Train Loss 0.0086 | Valid Loss 3.8970 | Train Acc 99.7155| Valid Acc 53.7470
TestSub: S[6, 7, 8, 9, 10] Epoch 84 Finsh | Now_lr 0.0007/0.0007 | Lambda 0.0800 | Train Loss 0.0080 | Valid Loss 4.0409 | Train Acc 99.7410| Valid Acc 51.7439
TestSub: S[6, 7, 8, 9, 10] Epoch 85 Finsh | Now_lr 0.0007/0.0007 | Lambda 0.0800 | Train Loss 0.0085 | Valid Loss 4.2197 | Train Acc 99.7167| Valid Acc 51.2957
TestSub: S[6, 7, 8, 9, 10] Epoch 86 Finsh | Now_lr 0.0007/0.0007 | Lambda 0.0800 | Train Loss 0.0084 | Valid Loss 3.5596 | Train Acc 99.7240| Valid Acc 51.1494
TestSub: S[6, 7, 8, 9, 10] Epoch 87 Finsh | Now_lr 0.0007/0.0007 | Lambda 0.0800 | Train Loss 0.0088 | Valid Loss 3.8401 | Train Acc 99.7246| Valid Acc 52.4024
TestSub: S[6, 7, 8, 9, 10] Epoch 88 Finsh | Now_lr 0.0007/0.0007 | Lambda 0.0800 | Train Loss 0.0087 | Valid Loss 3.5325 | Train Acc 99.7270| Valid Acc 52.7652
TestSub: S[6, 7, 8, 9, 10] Epoch 89 Finsh | Now_lr 0.0007/0.0007 | Lambda 0.0800 | Train Loss 0.0083 | Valid Loss 3.6246 | Train Acc 99.7446| Valid Acc 52.3018
TestSub: S[6, 7, 8, 9, 10] Epoch 90 Finsh | Now_lr 0.0007/0.0007 | Lambda 0.0800 | Train Loss 0.0077 | Valid Loss 4.1848 | Train Acc 99.7580| Valid Acc 51.9329
TestSub: S[6, 7, 8, 9, 10] Epoch 91 Finsh | Now_lr 0.0007/0.0007 | Lambda 0.0800 | Train Loss 0.0077 | Valid Loss 3.7766 | Train Acc 99.7477| Valid Acc 52.3354
TestSub: S[6, 7, 8, 9, 10] Epoch 92 Finsh | Now_lr 0.0007/0.0007 | Lambda 0.0800 | Train Loss 0.0075 | Valid Loss 3.8099 | Train Acc 99.7519| Valid Acc 52.8720
TestSub: S[6, 7, 8, 9, 10] Epoch 93 Finsh | Now_lr 0.0007/0.0007 | Lambda 0.0800 | Train Loss 0.0080 | Valid Loss 4.0572 | Train Acc 99.7367| Valid Acc 52.0549
TestSub: S[6, 7, 8, 9, 10] Epoch 94 Finsh | Now_lr 0.0007/0.0007 | Lambda 0.0800 | Train Loss 0.0080 | Valid Loss 3.9193 | Train Acc 99.7489| Valid Acc 52.7622
TestSub: S[6, 7, 8, 9, 10] Epoch 95 Finsh | Now_lr 0.0007/0.0007 | Lambda 0.0800 | Train Loss 0.0072 | Valid Loss 4.2152 | Train Acc 99.7769| Valid Acc 52.3750
TestSub: S[6, 7, 8, 9, 10] Epoch 96 Finsh | Now_lr 0.0007/0.0007 | Lambda 0.0800 | Train Loss 0.0079 | Valid Loss 3.6448 | Train Acc 99.7446| Valid Acc 52.8598
TestSub: S[6, 7, 8, 9, 10] Epoch 97 Finsh | Now_lr 0.0007/0.0007 | Lambda 0.0800 | Train Loss 0.0077 | Valid Loss 4.3448 | Train Acc 99.7471| Valid Acc 50.8506
TestSub: S[6, 7, 8, 9, 10] Epoch 98 Finsh | Now_lr 0.0007/0.0007 | Lambda 0.0800 | Train Loss 0.0074 | Valid Loss 3.9121 | Train Acc 99.7568| Valid Acc 52.1128
TestSub: S[6, 7, 8, 9, 10] Epoch 99 Finsh | Now_lr 0.0007/0.0007 | Lambda 0.0800 | Train Loss 0.0073 | Valid Loss 4.2193 | Train Acc 99.7769| Valid Acc 52.8140
Early stopping triggered after 99 epochs (30 epochs without improvement)
--------------------------------------------------
Test_Subject :S[6, 7, 8, 9, 10] |Best epoch:69 | Test Loss:3.9057 | Best Acc 55.3445 | Savemodel Acc 55.3445
--------------------------------------------------

========== Fold 3 ==========
Train IDs: [1, 2, 3, 4, 5, 6, 7, 8, 9, 10, 16, 17, 18, 19, 20, 21, 22, 23, 24, 25, 26, 27, 28, 29, 30]
Val IDs:   [11, 12, 13, 14, 15]
train_data_shape(164500, 32, 128),val_data_shape(32900, 32, 128)
=================================================================
Layer (type:depth-idx)                   Param #
=================================================================
DARNet                                   --
├─TokenEmbedding: 1-1                    --
│    └─Sequential: 2-1                   --
│    │    └─Conv2d: 3-1                  576
│    │    └─BatchNorm2d: 3-2             128
│    │    └─GELU: 3-3                    --
│    └─Sequential: 2-2                   --
│    │    └─Conv2d: 3-4                  32,784
│    │    └─BatchNorm2d: 3-5             32
│    │    └─GELU: 3-6                    --
│    └─PositionalEmbedding: 2-3          --
├─Flatten: 1-2                           --
├─Linear: 1-3                            18
├─AttnRefine: 1-4                        --
│    └─MyAttention: 2-4                  --
│    │    └─Attention: 3-7               800
│    └─Refine: 2-5                       --
│    │    └─Conv1d: 3-8                  784
│    │    └─BatchNorm1d: 3-9             32
│    │    └─ELU: 3-10                    --
│    │    └─MaxPool1d: 3-11              --
│    └─AdaptiveAvgPool1d: 2-6            --
│    └─Linear: 2-7                       68
│    └─Flatten: 2-8                      --
├─AttnRefine: 1-5                        --
│    └─MyAttention: 2-9                  --
│    │    └─Attention: 3-12              800
│    └─Refine: 2-10                      --
│    │    └─Conv1d: 3-13                 784
│    │    └─BatchNorm1d: 3-14            32
│    │    └─ELU: 3-15                    --
│    │    └─MaxPool1d: 3-16              --
│    └─AdaptiveAvgPool1d: 2-11           --
│    └─Linear: 2-12                      68
│    └─Flatten: 2-13                     --
├─GradientReversalLayer: 1-6             --
├─SubjectDiscriminator: 1-7              --
│    └─Sequential: 2-14                  --
│    │    └─Linear: 3-17                 2,304
│    │    └─ReLU: 3-18                   --
│    │    └─Dropout: 3-19                --
│    │    └─Linear: 3-20                 32,896
│    │    └─ReLU: 3-21                   --
│    │    └─Dropout: 3-22                --
│    │    └─Linear: 3-23                 3,870
=================================================================
Total params: 75,976
Trainable params: 75,976
Non-trainable params: 0
=================================================================
TestSub: S[11, 12, 13, 14, 15] Epoch  1 Finsh | Now_lr 0.0007/0.0007 | Lambda 0.0040 | Train Loss 0.4776 | Valid Loss 1.7106 | Train Acc 75.1526| Valid Acc 45.9634
Validation acc increase (0.000000 --> 45.963415) in epoch (1).  Saving model ...
TestSub: S[11, 12, 13, 14, 15] Epoch  2 Finsh | Now_lr 0.0007/0.0007 | Lambda 0.0080 | Train Loss 0.3125 | Valid Loss 2.0499 | Train Acc 86.1284| Valid Acc 49.5244
Validation acc increase (45.963415 --> 49.524390) in epoch (2).  Saving model ...
TestSub: S[11, 12, 13, 14, 15] Epoch  3 Finsh | Now_lr 0.0007/0.0007 | Lambda 0.0119 | Train Loss 0.2649 | Valid Loss 2.1547 | Train Acc 88.5798| Valid Acc 47.6280
TestSub: S[11, 12, 13, 14, 15] Epoch  4 Finsh | Now_lr 0.0007/0.0007 | Lambda 0.0158 | Train Loss 0.2200 | Valid Loss 2.2092 | Train Acc 90.8943| Valid Acc 49.4177
TestSub: S[11, 12, 13, 14, 15] Epoch  5 Finsh | Now_lr 0.0007/0.0007 | Lambda 0.0196 | Train Loss 0.1772 | Valid Loss 2.2715 | Train Acc 92.8836| Valid Acc 48.9726
TestSub: S[11, 12, 13, 14, 15] Epoch  6 Finsh | Now_lr 0.0007/0.0007 | Lambda 0.0233 | Train Loss 0.1407 | Valid Loss 2.5303 | Train Acc 94.4899| Valid Acc 49.2713
TestSub: S[11, 12, 13, 14, 15] Epoch  7 Finsh | Now_lr 0.0007/0.0007 | Lambda 0.0269 | Train Loss 0.1129 | Valid Loss 2.5714 | Train Acc 95.7089| Valid Acc 50.0732
Validation acc increase (49.524390 --> 50.073171) in epoch (7).  Saving model ...
TestSub: S[11, 12, 13, 14, 15] Epoch  8 Finsh | Now_lr 0.0007/0.0007 | Lambda 0.0304 | Train Loss 0.0952 | Valid Loss 2.8031 | Train Acc 96.4664| Valid Acc 51.1646
Validation acc increase (50.073171 --> 51.164634) in epoch (8).  Saving model ...
TestSub: S[11, 12, 13, 14, 15] Epoch  9 Finsh | Now_lr 0.0007/0.0007 | Lambda 0.0338 | Train Loss 0.0815 | Valid Loss 2.9215 | Train Acc 96.9978| Valid Acc 49.8780
TestSub: S[11, 12, 13, 14, 15] Epoch 10 Finsh | Now_lr 0.0007/0.0007 | Lambda 0.0370 | Train Loss 0.0706 | Valid Loss 3.1616 | Train Acc 97.3985| Valid Acc 49.7927
TestSub: S[11, 12, 13, 14, 15] Epoch 11 Finsh | Now_lr 0.0007/0.0007 | Lambda 0.0400 | Train Loss 0.0633 | Valid Loss 3.0709 | Train Acc 97.7031| Valid Acc 51.0213
TestSub: S[11, 12, 13, 14, 15] Epoch 12 Finsh | Now_lr 0.0007/0.0007 | Lambda 0.0430 | Train Loss 0.0574 | Valid Loss 3.0048 | Train Acc 97.9590| Valid Acc 49.1707
TestSub: S[11, 12, 13, 14, 15] Epoch 13 Finsh | Now_lr 0.0007/0.0007 | Lambda 0.0457 | Train Loss 0.0535 | Valid Loss 3.0584 | Train Acc 98.0989| Valid Acc 48.8598
TestSub: S[11, 12, 13, 14, 15] Epoch 14 Finsh | Now_lr 0.0007/0.0007 | Lambda 0.0483 | Train Loss 0.0503 | Valid Loss 3.1000 | Train Acc 98.1986| Valid Acc 48.8323
TestSub: S[11, 12, 13, 14, 15] Epoch 15 Finsh | Now_lr 0.0007/0.0007 | Lambda 0.0508 | Train Loss 0.0448 | Valid Loss 3.2042 | Train Acc 98.4010| Valid Acc 50.6006
TestSub: S[11, 12, 13, 14, 15] Epoch 16 Finsh | Now_lr 0.0007/0.0007 | Lambda 0.0531 | Train Loss 0.0445 | Valid Loss 3.2964 | Train Acc 98.4247| Valid Acc 49.2043
TestSub: S[11, 12, 13, 14, 15] Epoch 17 Finsh | Now_lr 0.0007/0.0007 | Lambda 0.0553 | Train Loss 0.0409 | Valid Loss 3.5028 | Train Acc 98.5439| Valid Acc 49.1951
TestSub: S[11, 12, 13, 14, 15] Epoch 18 Finsh | Now_lr 0.0007/0.0007 | Lambda 0.0573 | Train Loss 0.0386 | Valid Loss 3.4910 | Train Acc 98.6430| Valid Acc 48.3750
TestSub: S[11, 12, 13, 14, 15] Epoch 19 Finsh | Now_lr 0.0007/0.0007 | Lambda 0.0592 | Train Loss 0.0370 | Valid Loss 3.5466 | Train Acc 98.7318| Valid Acc 48.1220
TestSub: S[11, 12, 13, 14, 15] Epoch 20 Finsh | Now_lr 0.0007/0.0007 | Lambda 0.0609 | Train Loss 0.0346 | Valid Loss 3.7096 | Train Acc 98.8163| Valid Acc 47.5884
TestSub: S[11, 12, 13, 14, 15] Epoch 21 Finsh | Now_lr 0.0007/0.0007 | Lambda 0.0625 | Train Loss 0.0327 | Valid Loss 3.4682 | Train Acc 98.8491| Valid Acc 48.9207
TestSub: S[11, 12, 13, 14, 15] Epoch 22 Finsh | Now_lr 0.0007/0.0007 | Lambda 0.0640 | Train Loss 0.0305 | Valid Loss 3.7865 | Train Acc 98.9245| Valid Acc 47.6951
TestSub: S[11, 12, 13, 14, 15] Epoch 23 Finsh | Now_lr 0.0007/0.0007 | Lambda 0.0654 | Train Loss 0.0296 | Valid Loss 3.5990 | Train Acc 98.9920| Valid Acc 49.3201
TestSub: S[11, 12, 13, 14, 15] Epoch 24 Finsh | Now_lr 0.0007/0.0007 | Lambda 0.0667 | Train Loss 0.0288 | Valid Loss 3.5417 | Train Acc 99.0163| Valid Acc 48.7896
TestSub: S[11, 12, 13, 14, 15] Epoch 25 Finsh | Now_lr 0.0007/0.0007 | Lambda 0.0679 | Train Loss 0.0266 | Valid Loss 3.7501 | Train Acc 99.0850| Valid Acc 49.0549
TestSub: S[11, 12, 13, 14, 15] Epoch 26 Finsh | Now_lr 0.0007/0.0007 | Lambda 0.0689 | Train Loss 0.0267 | Valid Loss 3.6882 | Train Acc 99.0722| Valid Acc 49.7287
TestSub: S[11, 12, 13, 14, 15] Epoch 27 Finsh | Now_lr 0.0007/0.0007 | Lambda 0.0699 | Train Loss 0.0269 | Valid Loss 3.6307 | Train Acc 99.0655| Valid Acc 49.2713
TestSub: S[11, 12, 13, 14, 15] Epoch 28 Finsh | Now_lr 0.0007/0.0007 | Lambda 0.0708 | Train Loss 0.0258 | Valid Loss 3.8548 | Train Acc 99.1069| Valid Acc 50.5244
TestSub: S[11, 12, 13, 14, 15] Epoch 29 Finsh | Now_lr 0.0007/0.0007 | Lambda 0.0717 | Train Loss 0.0250 | Valid Loss 4.0034 | Train Acc 99.1616| Valid Acc 50.3079
TestSub: S[11, 12, 13, 14, 15] Epoch 30 Finsh | Now_lr 0.0007/0.0007 | Lambda 0.0724 | Train Loss 0.0234 | Valid Loss 3.8306 | Train Acc 99.1944| Valid Acc 50.0061
TestSub: S[11, 12, 13, 14, 15] Epoch 31 Finsh | Now_lr 0.0007/0.0007 | Lambda 0.0731 | Train Loss 0.0223 | Valid Loss 3.8642 | Train Acc 99.2528| Valid Acc 51.7226
Validation acc increase (51.164634 --> 51.722561) in epoch (31).  Saving model ...
TestSub: S[11, 12, 13, 14, 15] Epoch 32 Finsh | Now_lr 0.0007/0.0007 | Lambda 0.0737 | Train Loss 0.0213 | Valid Loss 3.6620 | Train Acc 99.2789| Valid Acc 51.7439
Validation acc increase (51.722561 --> 51.743902) in epoch (32).  Saving model ...
TestSub: S[11, 12, 13, 14, 15] Epoch 33 Finsh | Now_lr 0.0007/0.0007 | Lambda 0.0743 | Train Loss 0.0206 | Valid Loss 4.0794 | Train Acc 99.3172| Valid Acc 50.5854
TestSub: S[11, 12, 13, 14, 15] Epoch 34 Finsh | Now_lr 0.0007/0.0007 | Lambda 0.0748 | Train Loss 0.0199 | Valid Loss 3.9855 | Train Acc 99.2966| Valid Acc 49.9756
TestSub: S[11, 12, 13, 14, 15] Epoch 35 Finsh | Now_lr 0.0007/0.0007 | Lambda 0.0753 | Train Loss 0.0207 | Valid Loss 3.9981 | Train Acc 99.3288| Valid Acc 51.2927
TestSub: S[11, 12, 13, 14, 15] Epoch 36 Finsh | Now_lr 0.0007/0.0007 | Lambda 0.0757 | Train Loss 0.0194 | Valid Loss 4.0212 | Train Acc 99.3288| Valid Acc 50.3811
TestSub: S[11, 12, 13, 14, 15] Epoch 37 Finsh | Now_lr 0.0007/0.0007 | Lambda 0.0761 | Train Loss 0.0195 | Valid Loss 3.9487 | Train Acc 99.3604| Valid Acc 50.5213
TestSub: S[11, 12, 13, 14, 15] Epoch 38 Finsh | Now_lr 0.0007/0.0007 | Lambda 0.0765 | Train Loss 0.0193 | Valid Loss 4.2352 | Train Acc 99.3501| Valid Acc 50.0549
TestSub: S[11, 12, 13, 14, 15] Epoch 39 Finsh | Now_lr 0.0007/0.0007 | Lambda 0.0768 | Train Loss 0.0178 | Valid Loss 4.1577 | Train Acc 99.4163| Valid Acc 50.1768
TestSub: S[11, 12, 13, 14, 15] Epoch 40 Finsh | Now_lr 0.0007/0.0007 | Lambda 0.0771 | Train Loss 0.0174 | Valid Loss 4.1073 | Train Acc 99.4072| Valid Acc 49.7683
TestSub: S[11, 12, 13, 14, 15] Epoch 41 Finsh | Now_lr 0.0007/0.0007 | Lambda 0.0774 | Train Loss 0.0181 | Valid Loss 3.8304 | Train Acc 99.3896| Valid Acc 51.0793
TestSub: S[11, 12, 13, 14, 15] Epoch 42 Finsh | Now_lr 0.0007/0.0007 | Lambda 0.0776 | Train Loss 0.0176 | Valid Loss 3.9315 | Train Acc 99.4218| Valid Acc 50.1098
TestSub: S[11, 12, 13, 14, 15] Epoch 43 Finsh | Now_lr 0.0007/0.0007 | Lambda 0.0779 | Train Loss 0.0162 | Valid Loss 4.1729 | Train Acc 99.4668| Valid Acc 49.5061
TestSub: S[11, 12, 13, 14, 15] Epoch 44 Finsh | Now_lr 0.0007/0.0007 | Lambda 0.0781 | Train Loss 0.0147 | Valid Loss 4.1454 | Train Acc 99.4996| Valid Acc 49.6067
TestSub: S[11, 12, 13, 14, 15] Epoch 45 Finsh | Now_lr 0.0007/0.0007 | Lambda 0.0782 | Train Loss 0.0155 | Valid Loss 4.1574 | Train Acc 99.4705| Valid Acc 50.3232
TestSub: S[11, 12, 13, 14, 15] Epoch 46 Finsh | Now_lr 0.0007/0.0007 | Lambda 0.0784 | Train Loss 0.0155 | Valid Loss 4.2420 | Train Acc 99.4954| Valid Acc 49.1402
TestSub: S[11, 12, 13, 14, 15] Epoch 47 Finsh | Now_lr 0.0007/0.0007 | Lambda 0.0786 | Train Loss 0.0144 | Valid Loss 4.1500 | Train Acc 99.5179| Valid Acc 49.7195
TestSub: S[11, 12, 13, 14, 15] Epoch 48 Finsh | Now_lr 0.0007/0.0007 | Lambda 0.0787 | Train Loss 0.0143 | Valid Loss 4.1114 | Train Acc 99.5130| Valid Acc 50.4268
TestSub: S[11, 12, 13, 14, 15] Epoch 49 Finsh | Now_lr 0.0007/0.0007 | Lambda 0.0788 | Train Loss 0.0144 | Valid Loss 4.0686 | Train Acc 99.5227| Valid Acc 49.9848
TestSub: S[11, 12, 13, 14, 15] Epoch 50 Finsh | Now_lr 0.0007/0.0007 | Lambda 0.0789 | Train Loss 0.0137 | Valid Loss 4.2334 | Train Acc 99.5373| Valid Acc 49.5335
TestSub: S[11, 12, 13, 14, 15] Epoch 51 Finsh | Now_lr 0.0007/0.0007 | Lambda 0.0790 | Train Loss 0.0133 | Valid Loss 4.1989 | Train Acc 99.5677| Valid Acc 50.2957
TestSub: S[11, 12, 13, 14, 15] Epoch 52 Finsh | Now_lr 0.0007/0.0007 | Lambda 0.0791 | Train Loss 0.0140 | Valid Loss 4.1944 | Train Acc 99.5319| Valid Acc 50.2470
TestSub: S[11, 12, 13, 14, 15] Epoch 53 Finsh | Now_lr 0.0007/0.0007 | Lambda 0.0792 | Train Loss 0.0142 | Valid Loss 4.1351 | Train Acc 99.5246| Valid Acc 50.1707
TestSub: S[11, 12, 13, 14, 15] Epoch 54 Finsh | Now_lr 0.0007/0.0007 | Lambda 0.0793 | Train Loss 0.0121 | Valid Loss 4.4848 | Train Acc 99.6072| Valid Acc 48.4360
TestSub: S[11, 12, 13, 14, 15] Epoch 55 Finsh | Now_lr 0.0007/0.0007 | Lambda 0.0793 | Train Loss 0.0130 | Valid Loss 4.3720 | Train Acc 99.5696| Valid Acc 49.0488
TestSub: S[11, 12, 13, 14, 15] Epoch 56 Finsh | Now_lr 0.0007/0.0007 | Lambda 0.0794 | Train Loss 0.0132 | Valid Loss 4.5753 | Train Acc 99.5471| Valid Acc 49.5701
TestSub: S[11, 12, 13, 14, 15] Epoch 57 Finsh | Now_lr 0.0007/0.0007 | Lambda 0.0795 | Train Loss 0.0125 | Valid Loss 4.2527 | Train Acc 99.5987| Valid Acc 50.1098
TestSub: S[11, 12, 13, 14, 15] Epoch 58 Finsh | Now_lr 0.0007/0.0007 | Lambda 0.0795 | Train Loss 0.0130 | Valid Loss 4.0809 | Train Acc 99.5738| Valid Acc 50.0610
TestSub: S[11, 12, 13, 14, 15] Epoch 59 Finsh | Now_lr 0.0007/0.0007 | Lambda 0.0796 | Train Loss 0.0117 | Valid Loss 4.3381 | Train Acc 99.6218| Valid Acc 50.2530
TestSub: S[11, 12, 13, 14, 15] Epoch 60 Finsh | Now_lr 0.0007/0.0007 | Lambda 0.0796 | Train Loss 0.0128 | Valid Loss 4.2473 | Train Acc 99.5629| Valid Acc 46.9421
TestSub: S[11, 12, 13, 14, 15] Epoch 61 Finsh | Now_lr 0.0007/0.0007 | Lambda 0.0796 | Train Loss 0.0118 | Valid Loss 4.3944 | Train Acc 99.6176| Valid Acc 49.9970
TestSub: S[11, 12, 13, 14, 15] Epoch 62 Finsh | Now_lr 0.0007/0.0007 | Lambda 0.0797 | Train Loss 0.0118 | Valid Loss 4.2829 | Train Acc 99.6164| Valid Acc 49.0976
Early stopping triggered after 62 epochs (30 epochs without improvement)
--------------------------------------------------
Test_Subject :S[11, 12, 13, 14, 15] |Best epoch:32 | Test Loss:3.6620 | Best Acc 51.7439 | Savemodel Acc 51.7439
--------------------------------------------------

========== Fold 4 ==========
Train IDs: [1, 2, 3, 4, 5, 6, 7, 8, 9, 10, 11, 12, 13, 14, 15, 21, 22, 23, 24, 25, 26, 27, 28, 29, 30]
Val IDs:   [16, 17, 18, 19, 20]
train_data_shape(164500, 32, 128),val_data_shape(32900, 32, 128)
=================================================================
Layer (type:depth-idx)                   Param #
=================================================================
DARNet                                   --
├─TokenEmbedding: 1-1                    --
│    └─Sequential: 2-1                   --
│    │    └─Conv2d: 3-1                  576
│    │    └─BatchNorm2d: 3-2             128
│    │    └─GELU: 3-3                    --
│    └─Sequential: 2-2                   --
│    │    └─Conv2d: 3-4                  32,784
│    │    └─BatchNorm2d: 3-5             32
│    │    └─GELU: 3-6                    --
│    └─PositionalEmbedding: 2-3          --
├─Flatten: 1-2                           --
├─Linear: 1-3                            18
├─AttnRefine: 1-4                        --
│    └─MyAttention: 2-4                  --
│    │    └─Attention: 3-7               800
│    └─Refine: 2-5                       --
│    │    └─Conv1d: 3-8                  784
│    │    └─BatchNorm1d: 3-9             32
│    │    └─ELU: 3-10                    --
│    │    └─MaxPool1d: 3-11              --
│    └─AdaptiveAvgPool1d: 2-6            --
│    └─Linear: 2-7                       68
│    └─Flatten: 2-8                      --
├─AttnRefine: 1-5                        --
│    └─MyAttention: 2-9                  --
│    │    └─Attention: 3-12              800
│    └─Refine: 2-10                      --
│    │    └─Conv1d: 3-13                 784
│    │    └─BatchNorm1d: 3-14            32
│    │    └─ELU: 3-15                    --
│    │    └─MaxPool1d: 3-16              --
│    └─AdaptiveAvgPool1d: 2-11           --
│    └─Linear: 2-12                      68
│    └─Flatten: 2-13                     --
├─GradientReversalLayer: 1-6             --
├─SubjectDiscriminator: 1-7              --
│    └─Sequential: 2-14                  --
│    │    └─Linear: 3-17                 2,304
│    │    └─ReLU: 3-18                   --
│    │    └─Dropout: 3-19                --
│    │    └─Linear: 3-20                 32,896
│    │    └─ReLU: 3-21                   --
│    │    └─Dropout: 3-22                --
│    │    └─Linear: 3-23                 3,870
=================================================================
Total params: 75,976
Trainable params: 75,976
Non-trainable params: 0
=================================================================
TestSub: S[16, 17, 18, 19, 20] Epoch  1 Finsh | Now_lr 0.0007/0.0007 | Lambda 0.0040 | Train Loss 0.4735 | Valid Loss 1.5214 | Train Acc 75.4049| Valid Acc 49.4817
Validation acc increase (0.000000 --> 49.481707) in epoch (1).  Saving model ...
TestSub: S[16, 17, 18, 19, 20] Epoch  2 Finsh | Now_lr 0.0007/0.0007 | Lambda 0.0080 | Train Loss 0.3165 | Valid Loss 1.6980 | Train Acc 85.9570| Valid Acc 48.9573
TestSub: S[16, 17, 18, 19, 20] Epoch  3 Finsh | Now_lr 0.0007/0.0007 | Lambda 0.0119 | Train Loss 0.2605 | Valid Loss 1.9090 | Train Acc 88.8734| Valid Acc 47.6159
TestSub: S[16, 17, 18, 19, 20] Epoch  4 Finsh | Now_lr 0.0007/0.0007 | Lambda 0.0158 | Train Loss 0.2166 | Valid Loss 2.0525 | Train Acc 91.0129| Valid Acc 49.0427
TestSub: S[16, 17, 18, 19, 20] Epoch  5 Finsh | Now_lr 0.0007/0.0007 | Lambda 0.0196 | Train Loss 0.1723 | Valid Loss 2.3738 | Train Acc 93.0150| Valid Acc 47.6524
TestSub: S[16, 17, 18, 19, 20] Epoch  6 Finsh | Now_lr 0.0007/0.0007 | Lambda 0.0233 | Train Loss 0.1445 | Valid Loss 2.5505 | Train Acc 94.3683| Valid Acc 47.5518
TestSub: S[16, 17, 18, 19, 20] Epoch  7 Finsh | Now_lr 0.0007/0.0007 | Lambda 0.0269 | Train Loss 0.1212 | Valid Loss 2.8025 | Train Acc 95.3453| Valid Acc 46.2530
TestSub: S[16, 17, 18, 19, 20] Epoch  8 Finsh | Now_lr 0.0007/0.0007 | Lambda 0.0304 | Train Loss 0.1035 | Valid Loss 2.9369 | Train Acc 96.0895| Valid Acc 47.7652
TestSub: S[16, 17, 18, 19, 20] Epoch  9 Finsh | Now_lr 0.0007/0.0007 | Lambda 0.0338 | Train Loss 0.0877 | Valid Loss 2.9962 | Train Acc 96.6975| Valid Acc 46.3720
TestSub: S[16, 17, 18, 19, 20] Epoch 10 Finsh | Now_lr 0.0007/0.0007 | Lambda 0.0370 | Train Loss 0.0783 | Valid Loss 3.3215 | Train Acc 97.1577| Valid Acc 47.9268
TestSub: S[16, 17, 18, 19, 20] Epoch 11 Finsh | Now_lr 0.0007/0.0007 | Lambda 0.0400 | Train Loss 0.0682 | Valid Loss 3.3066 | Train Acc 97.5693| Valid Acc 47.6189
TestSub: S[16, 17, 18, 19, 20] Epoch 12 Finsh | Now_lr 0.0007/0.0007 | Lambda 0.0430 | Train Loss 0.0615 | Valid Loss 3.5536 | Train Acc 97.7797| Valid Acc 47.8902
TestSub: S[16, 17, 18, 19, 20] Epoch 13 Finsh | Now_lr 0.0007/0.0007 | Lambda 0.0457 | Train Loss 0.0558 | Valid Loss 3.8415 | Train Acc 98.0362| Valid Acc 46.9878
TestSub: S[16, 17, 18, 19, 20] Epoch 14 Finsh | Now_lr 0.0007/0.0007 | Lambda 0.0483 | Train Loss 0.0513 | Valid Loss 3.7771 | Train Acc 98.1700| Valid Acc 47.9482
TestSub: S[16, 17, 18, 19, 20] Epoch 15 Finsh | Now_lr 0.0007/0.0007 | Lambda 0.0508 | Train Loss 0.0482 | Valid Loss 3.7970 | Train Acc 98.2940| Valid Acc 46.7591
TestSub: S[16, 17, 18, 19, 20] Epoch 16 Finsh | Now_lr 0.0007/0.0007 | Lambda 0.0531 | Train Loss 0.0439 | Valid Loss 4.1949 | Train Acc 98.4940| Valid Acc 46.2744
TestSub: S[16, 17, 18, 19, 20] Epoch 17 Finsh | Now_lr 0.0007/0.0007 | Lambda 0.0553 | Train Loss 0.0411 | Valid Loss 4.1959 | Train Acc 98.5627| Valid Acc 45.7774
TestSub: S[16, 17, 18, 19, 20] Epoch 18 Finsh | Now_lr 0.0007/0.0007 | Lambda 0.0573 | Train Loss 0.0409 | Valid Loss 3.9133 | Train Acc 98.6059| Valid Acc 47.8506
TestSub: S[16, 17, 18, 19, 20] Epoch 19 Finsh | Now_lr 0.0007/0.0007 | Lambda 0.0592 | Train Loss 0.0368 | Valid Loss 4.0041 | Train Acc 98.7421| Valid Acc 47.4817
TestSub: S[16, 17, 18, 19, 20] Epoch 20 Finsh | Now_lr 0.0007/0.0007 | Lambda 0.0609 | Train Loss 0.0352 | Valid Loss 4.2119 | Train Acc 98.7877| Valid Acc 48.8232
TestSub: S[16, 17, 18, 19, 20] Epoch 21 Finsh | Now_lr 0.0007/0.0007 | Lambda 0.0625 | Train Loss 0.0334 | Valid Loss 4.3079 | Train Acc 98.8284| Valid Acc 46.2957
TestSub: S[16, 17, 18, 19, 20] Epoch 22 Finsh | Now_lr 0.0007/0.0007 | Lambda 0.0640 | Train Loss 0.0316 | Valid Loss 4.4261 | Train Acc 98.9312| Valid Acc 49.2348
TestSub: S[16, 17, 18, 19, 20] Epoch 23 Finsh | Now_lr 0.0007/0.0007 | Lambda 0.0654 | Train Loss 0.0319 | Valid Loss 4.3799 | Train Acc 98.9020| Valid Acc 48.4482
TestSub: S[16, 17, 18, 19, 20] Epoch 24 Finsh | Now_lr 0.0007/0.0007 | Lambda 0.0667 | Train Loss 0.0294 | Valid Loss 4.1284 | Train Acc 98.9737| Valid Acc 47.1707
TestSub: S[16, 17, 18, 19, 20] Epoch 25 Finsh | Now_lr 0.0007/0.0007 | Lambda 0.0679 | Train Loss 0.0292 | Valid Loss 4.3436 | Train Acc 98.9999| Valid Acc 48.4024
TestSub: S[16, 17, 18, 19, 20] Epoch 26 Finsh | Now_lr 0.0007/0.0007 | Lambda 0.0689 | Train Loss 0.0269 | Valid Loss 4.6971 | Train Acc 99.0972| Valid Acc 46.7835
TestSub: S[16, 17, 18, 19, 20] Epoch 27 Finsh | Now_lr 0.0007/0.0007 | Lambda 0.0699 | Train Loss 0.0234 | Valid Loss 4.5842 | Train Acc 99.1683| Valid Acc 48.8140
TestSub: S[16, 17, 18, 19, 20] Epoch 28 Finsh | Now_lr 0.0007/0.0007 | Lambda 0.0708 | Train Loss 0.0251 | Valid Loss 4.5026 | Train Acc 99.1300| Valid Acc 46.4238
TestSub: S[16, 17, 18, 19, 20] Epoch 29 Finsh | Now_lr 0.0007/0.0007 | Lambda 0.0717 | Train Loss 0.0246 | Valid Loss 4.3524 | Train Acc 99.1665| Valid Acc 48.0122
TestSub: S[16, 17, 18, 19, 20] Epoch 30 Finsh | Now_lr 0.0007/0.0007 | Lambda 0.0724 | Train Loss 0.0228 | Valid Loss 4.4072 | Train Acc 99.2431| Valid Acc 47.8963
TestSub: S[16, 17, 18, 19, 20] Epoch 31 Finsh | Now_lr 0.0007/0.0007 | Lambda 0.0731 | Train Loss 0.0246 | Valid Loss 4.4054 | Train Acc 99.1744| Valid Acc 47.6677
Early stopping triggered after 31 epochs (30 epochs without improvement)
--------------------------------------------------
Test_Subject :S[16, 17, 18, 19, 20] |Best epoch:1 | Test Loss:1.5214 | Best Acc 49.4817 | Savemodel Acc 49.4817
--------------------------------------------------

========== Fold 5 ==========
Train IDs: [1, 2, 3, 4, 5, 6, 7, 8, 9, 10, 11, 12, 13, 14, 15, 16, 17, 18, 19, 20, 26, 27, 28, 29, 30]
Val IDs:   [21, 22, 23, 24, 25]
train_data_shape(164500, 32, 128),val_data_shape(32900, 32, 128)
=================================================================
Layer (type:depth-idx)                   Param #
=================================================================
DARNet                                   --
├─TokenEmbedding: 1-1                    --
│    └─Sequential: 2-1                   --
│    │    └─Conv2d: 3-1                  576
│    │    └─BatchNorm2d: 3-2             128
│    │    └─GELU: 3-3                    --
│    └─Sequential: 2-2                   --
│    │    └─Conv2d: 3-4                  32,784
│    │    └─BatchNorm2d: 3-5             32
│    │    └─GELU: 3-6                    --
│    └─PositionalEmbedding: 2-3          --
├─Flatten: 1-2                           --
├─Linear: 1-3                            18
├─AttnRefine: 1-4                        --
│    └─MyAttention: 2-4                  --
│    │    └─Attention: 3-7               800
│    └─Refine: 2-5                       --
│    │    └─Conv1d: 3-8                  784
│    │    └─BatchNorm1d: 3-9             32
│    │    └─ELU: 3-10                    --
│    │    └─MaxPool1d: 3-11              --
│    └─AdaptiveAvgPool1d: 2-6            --
│    └─Linear: 2-7                       68
│    └─Flatten: 2-8                      --
├─AttnRefine: 1-5                        --
│    └─MyAttention: 2-9                  --
│    │    └─Attention: 3-12              800
│    └─Refine: 2-10                      --
│    │    └─Conv1d: 3-13                 784
│    │    └─BatchNorm1d: 3-14            32
│    │    └─ELU: 3-15                    --
│    │    └─MaxPool1d: 3-16              --
│    └─AdaptiveAvgPool1d: 2-11           --
│    └─Linear: 2-12                      68
│    └─Flatten: 2-13                     --
├─GradientReversalLayer: 1-6             --
├─SubjectDiscriminator: 1-7              --
│    └─Sequential: 2-14                  --
│    │    └─Linear: 3-17                 2,304
│    │    └─ReLU: 3-18                   --
│    │    └─Dropout: 3-19                --
│    │    └─Linear: 3-20                 32,896
│    │    └─ReLU: 3-21                   --
│    │    └─Dropout: 3-22                --
│    │    └─Linear: 3-23                 3,870
=================================================================
Total params: 75,976
Trainable params: 75,976
Non-trainable params: 0
=================================================================
TestSub: S[21, 22, 23, 24, 25] Epoch  1 Finsh | Now_lr 0.0007/0.0007 | Lambda 0.0040 | Train Loss 0.4691 | Valid Loss 1.0860 | Train Acc 75.9722| Valid Acc 51.9055
Validation acc increase (0.000000 --> 51.905488) in epoch (1).  Saving model ...
TestSub: S[21, 22, 23, 24, 25] Epoch  2 Finsh | Now_lr 0.0007/0.0007 | Lambda 0.0080 | Train Loss 0.3023 | Valid Loss 1.4302 | Train Acc 86.7607| Valid Acc 50.4207
TestSub: S[21, 22, 23, 24, 25] Epoch  3 Finsh | Now_lr 0.0007/0.0007 | Lambda 0.0119 | Train Loss 0.2330 | Valid Loss 1.6162 | Train Acc 90.3842| Valid Acc 50.8750
TestSub: S[21, 22, 23, 24, 25] Epoch  4 Finsh | Now_lr 0.0007/0.0007 | Lambda 0.0158 | Train Loss 0.1903 | Valid Loss 1.9723 | Train Acc 92.2805| Valid Acc 48.6555
TestSub: S[21, 22, 23, 24, 25] Epoch  5 Finsh | Now_lr 0.0007/0.0007 | Lambda 0.0196 | Train Loss 0.1573 | Valid Loss 2.0591 | Train Acc 93.7980| Valid Acc 49.8994
TestSub: S[21, 22, 23, 24, 25] Epoch  6 Finsh | Now_lr 0.0007/0.0007 | Lambda 0.0233 | Train Loss 0.1319 | Valid Loss 2.2146 | Train Acc 94.8517| Valid Acc 51.0488
TestSub: S[21, 22, 23, 24, 25] Epoch  7 Finsh | Now_lr 0.0007/0.0007 | Lambda 0.0269 | Train Loss 0.1130 | Valid Loss 2.5029 | Train Acc 95.6548| Valid Acc 49.2317
TestSub: S[21, 22, 23, 24, 25] Epoch  8 Finsh | Now_lr 0.0007/0.0007 | Lambda 0.0304 | Train Loss 0.0985 | Valid Loss 2.6348 | Train Acc 96.2470| Valid Acc 50.0945
TestSub: S[21, 22, 23, 24, 25] Epoch  9 Finsh | Now_lr 0.0007/0.0007 | Lambda 0.0338 | Train Loss 0.0880 | Valid Loss 2.7299 | Train Acc 96.7370| Valid Acc 50.4421
TestSub: S[21, 22, 23, 24, 25] Epoch 10 Finsh | Now_lr 0.0007/0.0007 | Lambda 0.0370 | Train Loss 0.0763 | Valid Loss 3.0154 | Train Acc 97.2118| Valid Acc 48.9543
TestSub: S[21, 22, 23, 24, 25] Epoch 11 Finsh | Now_lr 0.0007/0.0007 | Lambda 0.0400 | Train Loss 0.0685 | Valid Loss 3.0443 | Train Acc 97.5322| Valid Acc 49.7683
TestSub: S[21, 22, 23, 24, 25] Epoch 12 Finsh | Now_lr 0.0007/0.0007 | Lambda 0.0430 | Train Loss 0.0632 | Valid Loss 3.1185 | Train Acc 97.7079| Valid Acc 49.2500
TestSub: S[21, 22, 23, 24, 25] Epoch 13 Finsh | Now_lr 0.0007/0.0007 | Lambda 0.0457 | Train Loss 0.0589 | Valid Loss 3.2579 | Train Acc 97.9013| Valid Acc 49.6738
TestSub: S[21, 22, 23, 24, 25] Epoch 14 Finsh | Now_lr 0.0007/0.0007 | Lambda 0.0483 | Train Loss 0.0540 | Valid Loss 3.4551 | Train Acc 98.0794| Valid Acc 49.8323
TestSub: S[21, 22, 23, 24, 25] Epoch 15 Finsh | Now_lr 0.0007/0.0007 | Lambda 0.0508 | Train Loss 0.0505 | Valid Loss 3.3826 | Train Acc 98.2101| Valid Acc 49.4360
TestSub: S[21, 22, 23, 24, 25] Epoch 16 Finsh | Now_lr 0.0007/0.0007 | Lambda 0.0531 | Train Loss 0.0459 | Valid Loss 3.5313 | Train Acc 98.3779| Valid Acc 50.4939
TestSub: S[21, 22, 23, 24, 25] Epoch 17 Finsh | Now_lr 0.0007/0.0007 | Lambda 0.0553 | Train Loss 0.0437 | Valid Loss 3.6791 | Train Acc 98.4527| Valid Acc 49.5640
TestSub: S[21, 22, 23, 24, 25] Epoch 18 Finsh | Now_lr 0.0007/0.0007 | Lambda 0.0573 | Train Loss 0.0420 | Valid Loss 3.5005 | Train Acc 98.5402| Valid Acc 50.1280
TestSub: S[21, 22, 23, 24, 25] Epoch 19 Finsh | Now_lr 0.0007/0.0007 | Lambda 0.0592 | Train Loss 0.0400 | Valid Loss 3.4022 | Train Acc 98.6211| Valid Acc 49.6951
TestSub: S[21, 22, 23, 24, 25] Epoch 20 Finsh | Now_lr 0.0007/0.0007 | Lambda 0.0609 | Train Loss 0.0371 | Valid Loss 3.5308 | Train Acc 98.7616| Valid Acc 49.4756
TestSub: S[21, 22, 23, 24, 25] Epoch 21 Finsh | Now_lr 0.0007/0.0007 | Lambda 0.0625 | Train Loss 0.0354 | Valid Loss 3.6228 | Train Acc 98.7804| Valid Acc 49.0213
TestSub: S[21, 22, 23, 24, 25] Epoch 22 Finsh | Now_lr 0.0007/0.0007 | Lambda 0.0640 | Train Loss 0.0345 | Valid Loss 3.1423 | Train Acc 98.8047| Valid Acc 50.7713
TestSub: S[21, 22, 23, 24, 25] Epoch 23 Finsh | Now_lr 0.0007/0.0007 | Lambda 0.0654 | Train Loss 0.0336 | Valid Loss 3.4135 | Train Acc 98.8138| Valid Acc 49.4421
TestSub: S[21, 22, 23, 24, 25] Epoch 24 Finsh | Now_lr 0.0007/0.0007 | Lambda 0.0667 | Train Loss 0.0321 | Valid Loss 3.3791 | Train Acc 98.9087| Valid Acc 49.5396
TestSub: S[21, 22, 23, 24, 25] Epoch 25 Finsh | Now_lr 0.0007/0.0007 | Lambda 0.0679 | Train Loss 0.0276 | Valid Loss 3.5933 | Train Acc 99.0351| Valid Acc 49.6829
TestSub: S[21, 22, 23, 24, 25] Epoch 26 Finsh | Now_lr 0.0007/0.0007 | Lambda 0.0689 | Train Loss 0.0290 | Valid Loss 3.7561 | Train Acc 99.0151| Valid Acc 48.0366
TestSub: S[21, 22, 23, 24, 25] Epoch 27 Finsh | Now_lr 0.0007/0.0007 | Lambda 0.0699 | Train Loss 0.0280 | Valid Loss 3.4670 | Train Acc 99.0376| Valid Acc 48.8262
TestSub: S[21, 22, 23, 24, 25] Epoch 28 Finsh | Now_lr 0.0007/0.0007 | Lambda 0.0708 | Train Loss 0.0273 | Valid Loss 3.4040 | Train Acc 99.0576| Valid Acc 50.5274
TestSub: S[21, 22, 23, 24, 25] Epoch 29 Finsh | Now_lr 0.0007/0.0007 | Lambda 0.0717 | Train Loss 0.0262 | Valid Loss 3.5300 | Train Acc 99.1136| Valid Acc 50.1067
TestSub: S[21, 22, 23, 24, 25] Epoch 30 Finsh | Now_lr 0.0007/0.0007 | Lambda 0.0724 | Train Loss 0.0248 | Valid Loss 3.7767 | Train Acc 99.1452| Valid Acc 51.0884
TestSub: S[21, 22, 23, 24, 25] Epoch 31 Finsh | Now_lr 0.0007/0.0007 | Lambda 0.0731 | Train Loss 0.0236 | Valid Loss 3.9573 | Train Acc 99.2218| Valid Acc 48.7226
Early stopping triggered after 31 epochs (30 epochs without improvement)
--------------------------------------------------
Test_Subject :S[21, 22, 23, 24, 25] |Best epoch:1 | Test Loss:1.0860 | Best Acc 51.9055 | Savemodel Acc 51.9055
--------------------------------------------------

========== Fold 6 ==========
Train IDs: [1, 2, 3, 4, 5, 6, 7, 8, 9, 10, 11, 12, 13, 14, 15, 16, 17, 18, 19, 20, 21, 22, 23, 24, 25]
Val IDs:   [26, 27, 28, 29, 30]
train_data_shape(164500, 32, 128),val_data_shape(32900, 32, 128)
=================================================================
Layer (type:depth-idx)                   Param #
=================================================================
DARNet                                   --
├─TokenEmbedding: 1-1                    --
│    └─Sequential: 2-1                   --
│    │    └─Conv2d: 3-1                  576
│    │    └─BatchNorm2d: 3-2             128
│    │    └─GELU: 3-3                    --
│    └─Sequential: 2-2                   --
│    │    └─Conv2d: 3-4                  32,784
│    │    └─BatchNorm2d: 3-5             32
│    │    └─GELU: 3-6                    --
│    └─PositionalEmbedding: 2-3          --
├─Flatten: 1-2                           --
├─Linear: 1-3                            18
├─AttnRefine: 1-4                        --
│    └─MyAttention: 2-4                  --
│    │    └─Attention: 3-7               800
│    └─Refine: 2-5                       --
│    │    └─Conv1d: 3-8                  784
│    │    └─BatchNorm1d: 3-9             32
│    │    └─ELU: 3-10                    --
│    │    └─MaxPool1d: 3-11              --
│    └─AdaptiveAvgPool1d: 2-6            --
│    └─Linear: 2-7                       68
│    └─Flatten: 2-8                      --
├─AttnRefine: 1-5                        --
│    └─MyAttention: 2-9                  --
│    │    └─Attention: 3-12              800
│    └─Refine: 2-10                      --
│    │    └─Conv1d: 3-13                 784
│    │    └─BatchNorm1d: 3-14            32
│    │    └─ELU: 3-15                    --
│    │    └─MaxPool1d: 3-16              --
│    └─AdaptiveAvgPool1d: 2-11           --
│    └─Linear: 2-12                      68
│    └─Flatten: 2-13                     --
├─GradientReversalLayer: 1-6             --
├─SubjectDiscriminator: 1-7              --
│    └─Sequential: 2-14                  --
│    │    └─Linear: 3-17                 2,304
│    │    └─ReLU: 3-18                   --
│    │    └─Dropout: 3-19                --
│    │    └─Linear: 3-20                 32,896
│    │    └─ReLU: 3-21                   --
│    │    └─Dropout: 3-22                --
│    │    └─Linear: 3-23                 3,870
=================================================================
Total params: 75,976
Trainable params: 75,976
Non-trainable params: 0
=================================================================
TestSub: S[26, 27, 28, 29, 30] Epoch  1 Finsh | Now_lr 0.0007/0.0007 | Lambda 0.0040 | Train Loss 0.4411 | Valid Loss 1.4136 | Train Acc 77.9031| Valid Acc 51.8262
Validation acc increase (0.000000 --> 51.826220) in epoch (1).  Saving model ...
TestSub: S[26, 27, 28, 29, 30] Epoch  2 Finsh | Now_lr 0.0007/0.0007 | Lambda 0.0080 | Train Loss 0.2581 | Valid Loss 2.0310 | Train Acc 89.1403| Valid Acc 54.3567
Validation acc increase (51.826220 --> 54.356707) in epoch (2).  Saving model ...
TestSub: S[26, 27, 28, 29, 30] Epoch  3 Finsh | Now_lr 0.0007/0.0007 | Lambda 0.0119 | Train Loss 0.1898 | Valid Loss 2.1909 | Train Acc 92.4258| Valid Acc 49.5305
TestSub: S[26, 27, 28, 29, 30] Epoch  4 Finsh | Now_lr 0.0007/0.0007 | Lambda 0.0158 | Train Loss 0.1471 | Valid Loss 2.3633 | Train Acc 94.3689| Valid Acc 51.5915
TestSub: S[26, 27, 28, 29, 30] Epoch  5 Finsh | Now_lr 0.0007/0.0007 | Lambda 0.0196 | Train Loss 0.1176 | Valid Loss 2.5466 | Train Acc 95.6402| Valid Acc 49.9329
TestSub: S[26, 27, 28, 29, 30] Epoch  6 Finsh | Now_lr 0.0007/0.0007 | Lambda 0.0233 | Train Loss 0.0990 | Valid Loss 2.6327 | Train Acc 96.2652| Valid Acc 50.3323
TestSub: S[26, 27, 28, 29, 30] Epoch  7 Finsh | Now_lr 0.0007/0.0007 | Lambda 0.0269 | Train Loss 0.0813 | Valid Loss 2.6837 | Train Acc 97.0118| Valid Acc 52.4116
TestSub: S[26, 27, 28, 29, 30] Epoch  8 Finsh | Now_lr 0.0007/0.0007 | Lambda 0.0304 | Train Loss 0.0715 | Valid Loss 2.8614 | Train Acc 97.3662| Valid Acc 51.0213
TestSub: S[26, 27, 28, 29, 30] Epoch  9 Finsh | Now_lr 0.0007/0.0007 | Lambda 0.0338 | Train Loss 0.0616 | Valid Loss 3.0074 | Train Acc 97.7900| Valid Acc 53.5030
TestSub: S[26, 27, 28, 29, 30] Epoch 10 Finsh | Now_lr 0.0007/0.0007 | Lambda 0.0370 | Train Loss 0.0564 | Valid Loss 2.7950 | Train Acc 97.9839| Valid Acc 52.7927
TestSub: S[26, 27, 28, 29, 30] Epoch 11 Finsh | Now_lr 0.0007/0.0007 | Lambda 0.0400 | Train Loss 0.0502 | Valid Loss 2.9934 | Train Acc 98.2265| Valid Acc 51.6982
TestSub: S[26, 27, 28, 29, 30] Epoch 12 Finsh | Now_lr 0.0007/0.0007 | Lambda 0.0430 | Train Loss 0.0450 | Valid Loss 3.2087 | Train Acc 98.4442| Valid Acc 51.6890
TestSub: S[26, 27, 28, 29, 30] Epoch 13 Finsh | Now_lr 0.0007/0.0007 | Lambda 0.0457 | Train Loss 0.0425 | Valid Loss 2.9119 | Train Acc 98.5013| Valid Acc 52.7500
TestSub: S[26, 27, 28, 29, 30] Epoch 14 Finsh | Now_lr 0.0007/0.0007 | Lambda 0.0483 | Train Loss 0.0393 | Valid Loss 3.0062 | Train Acc 98.6393| Valid Acc 50.8323
TestSub: S[26, 27, 28, 29, 30] Epoch 15 Finsh | Now_lr 0.0007/0.0007 | Lambda 0.0508 | Train Loss 0.0350 | Valid Loss 3.2094 | Train Acc 98.7780| Valid Acc 51.4695
TestSub: S[26, 27, 28, 29, 30] Epoch 16 Finsh | Now_lr 0.0007/0.0007 | Lambda 0.0531 | Train Loss 0.0335 | Valid Loss 3.1576 | Train Acc 98.8485| Valid Acc 51.6341
TestSub: S[26, 27, 28, 29, 30] Epoch 17 Finsh | Now_lr 0.0007/0.0007 | Lambda 0.0553 | Train Loss 0.0318 | Valid Loss 3.1561 | Train Acc 98.8619| Valid Acc 51.0671
TestSub: S[26, 27, 28, 29, 30] Epoch 18 Finsh | Now_lr 0.0007/0.0007 | Lambda 0.0573 | Train Loss 0.0284 | Valid Loss 3.4971 | Train Acc 98.9914| Valid Acc 52.5396
TestSub: S[26, 27, 28, 29, 30] Epoch 19 Finsh | Now_lr 0.0007/0.0007 | Lambda 0.0592 | Train Loss 0.0268 | Valid Loss 3.2759 | Train Acc 99.0576| Valid Acc 51.9451
TestSub: S[26, 27, 28, 29, 30] Epoch 20 Finsh | Now_lr 0.0007/0.0007 | Lambda 0.0609 | Train Loss 0.0253 | Valid Loss 3.6458 | Train Acc 99.1178| Valid Acc 51.6006
TestSub: S[26, 27, 28, 29, 30] Epoch 21 Finsh | Now_lr 0.0007/0.0007 | Lambda 0.0625 | Train Loss 0.0242 | Valid Loss 3.4358 | Train Acc 99.1616| Valid Acc 50.4817
TestSub: S[26, 27, 28, 29, 30] Epoch 22 Finsh | Now_lr 0.0007/0.0007 | Lambda 0.0640 | Train Loss 0.0253 | Valid Loss 3.5472 | Train Acc 99.1288| Valid Acc 52.8354
TestSub: S[26, 27, 28, 29, 30] Epoch 23 Finsh | Now_lr 0.0007/0.0007 | Lambda 0.0654 | Train Loss 0.0230 | Valid Loss 3.6134 | Train Acc 99.1926| Valid Acc 51.0000
TestSub: S[26, 27, 28, 29, 30] Epoch 24 Finsh | Now_lr 0.0007/0.0007 | Lambda 0.0667 | Train Loss 0.0210 | Valid Loss 3.8197 | Train Acc 99.2820| Valid Acc 51.6738
TestSub: S[26, 27, 28, 29, 30] Epoch 25 Finsh | Now_lr 0.0007/0.0007 | Lambda 0.0679 | Train Loss 0.0212 | Valid Loss 3.3521 | Train Acc 99.2589| Valid Acc 52.7744
TestSub: S[26, 27, 28, 29, 30] Epoch 26 Finsh | Now_lr 0.0007/0.0007 | Lambda 0.0689 | Train Loss 0.0217 | Valid Loss 3.3805 | Train Acc 99.2643| Valid Acc 52.5823
TestSub: S[26, 27, 28, 29, 30] Epoch 27 Finsh | Now_lr 0.0007/0.0007 | Lambda 0.0699 | Train Loss 0.0187 | Valid Loss 3.6268 | Train Acc 99.3549| Valid Acc 50.9543
TestSub: S[26, 27, 28, 29, 30] Epoch 28 Finsh | Now_lr 0.0007/0.0007 | Lambda 0.0708 | Train Loss 0.0186 | Valid Loss 3.7038 | Train Acc 99.3817| Valid Acc 51.1951
TestSub: S[26, 27, 28, 29, 30] Epoch 29 Finsh | Now_lr 0.0007/0.0007 | Lambda 0.0717 | Train Loss 0.0184 | Valid Loss 3.6562 | Train Acc 99.3926| Valid Acc 50.5701
TestSub: S[26, 27, 28, 29, 30] Epoch 30 Finsh | Now_lr 0.0007/0.0007 | Lambda 0.0724 | Train Loss 0.0178 | Valid Loss 3.7607 | Train Acc 99.3945| Valid Acc 50.1159
TestSub: S[26, 27, 28, 29, 30] Epoch 31 Finsh | Now_lr 0.0007/0.0007 | Lambda 0.0731 | Train Loss 0.0165 | Valid Loss 3.8987 | Train Acc 99.4832| Valid Acc 51.3537
TestSub: S[26, 27, 28, 29, 30] Epoch 32 Finsh | Now_lr 0.0007/0.0007 | Lambda 0.0737 | Train Loss 0.0161 | Valid Loss 3.9587 | Train Acc 99.4632| Valid Acc 50.3415
Early stopping triggered after 32 epochs (30 epochs without improvement)
--------------------------------------------------
Test_Subject :S[26, 27, 28, 29, 30] |Best epoch:2 | Test Loss:2.0310 | Best Acc 54.3567 | Savemodel Acc 54.3567
--------------------------------------------------
lr:0.0007 -> bs:160
6-Fold Cross Subject Accuracies: [53.948170731707314, 55.34451219512195, 51.74390243902439, 49.48170731707317, 51.90548780487805, 54.35670731707317]
Mean Accuracy over 6 folds: 52.7967
============================================================================================================
end time: 25-10-09-09:16:43
Current device is cuda:0
start time: task1_AAD_MM-AAD_trainer2_2025-10-09-04-20-03
============================================================================================================
Arguments =
	_action_groups: [<argparse._ArgumentGroup object at 0x7ff3d31378b0>, <argparse._ArgumentGroup object at 0x7ff3a9f7ba00>]
	_actions: [_HelpAction(option_strings=['-h', '--help'], dest='help', nargs=0, const=None, default='==SUPPRESS==', type=None, choices=None, required=False, help='show this help message and exit', metavar=None)]
	_defaults: {}
	_has_negative_number_optionals: []
	_mutually_exclusive_groups: []
	_negative_number_matcher: re.compile('^-\\d+$|^-\\d*\\.\\d+$')
	_option_string_actions: {'-h': _HelpAction(option_strings=['-h', '--help'], dest='help', nargs=0, const=None, default='==SUPPRESS==', type=None, choices=None, required=False, help='show this help message and exit', metavar=None), '--help': _HelpAction(option_strings=['-h', '--help'], dest='help', nargs=0, const=None, default='==SUPPRESS==', type=None, choices=None, required=False, help='show this help message and exit', metavar=None)}
	_optionals: <argparse._ArgumentGroup object at 0x7ff3a9f7ba00>
	_positionals: <argparse._ArgumentGroup object at 0x7ff3d31378b0>
	_registries: {'action': {None: <class 'argparse._StoreAction'>, 'store': <class 'argparse._StoreAction'>, 'store_const': <class 'argparse._StoreConstAction'>, 'store_true': <class 'argparse._StoreTrueAction'>, 'store_false': <class 'argparse._StoreFalseAction'>, 'append': <class 'argparse._AppendAction'>, 'append_const': <class 'argparse._AppendConstAction'>, 'count': <class 'argparse._CountAction'>, 'help': <class 'argparse._HelpAction'>, 'version': <class 'argparse._VersionAction'>, 'parsers': <class 'argparse._SubParsersAction'>, 'extend': <class 'argparse._ExtendAction'>}, 'type': {None: <function ArgumentParser.__init__.<locals>.identity at 0x7ff3a9f9a8b0>}}
	_subparsers: None
	add_help: True
	allow_abbrev: True
	argument_default: None
	batch_size: 128
	conflict_handler: error
	data_path: /home/suyash.kumar.mec22.itbhu/EEG-AAD_audio_visual/preprocessed/data/
	dataset: MM-AAD
	description: None
	eeg_channel: 32
	epilog: None
	exit_on_error: True
	fig_path: ./exps/cross-subject/DARNet/figures/
	formatter_class: <class 'argparse.HelpFormatter'>
	fromfile_prefix_chars: None
	fs: 128
	label_path: /home/suyash.kumar.mec22.itbhu/EEG-AAD_audio_visual/preprocessed/label/
	lam: 0.2
	lambda_domain: 0.15
	log_interval: 10
	lr: 0.01
	lr_decayrate: 0.75
	max_epoch: 100
	model: DARNet
	model_save_path: ./exps/cross-subject/DARNet/baseline_task1_AAD_MM-AAD_trainer2_2025-10-09-04-20-03
	momentum: 0.9
	optimizer: SGD
	overlap: 0.5
	patience: 10
	prefix_chars: -
	prog: trainer2.py
	seed: 42
	start_time: task1_AAD_MM-AAD_trainer2_2025-10-09-04-20-03
	subject_number: 40
	trail_number: 20
	usage: None
	use_domain_adversarial: True
	weight_decay: 0.001
	win_len: 256
	win_time: 2
	window_lap: 128.0
============================================================================================================

========== Fold 1 ==========
Train IDs: [6, 7, 8, 9, 10, 11, 12, 13, 14, 15, 16, 17, 18, 19, 20, 21, 22, 23, 24, 25, 26, 27, 28, 29, 30]
Val IDs:   [1, 2, 3, 4, 5]
train_data_shape(164500, 32, 128),val_data_shape(32900, 32, 128)
=================================================================
Layer (type:depth-idx)                   Param #
=================================================================
DARNet                                   --
├─TokenEmbedding: 1-1                    --
│    └─Sequential: 2-1                   --
│    │    └─Conv2d: 3-1                  576
│    │    └─BatchNorm2d: 3-2             128
│    │    └─GELU: 3-3                    --
│    └─Sequential: 2-2                   --
│    │    └─Conv2d: 3-4                  32,784
│    │    └─BatchNorm2d: 3-5             32
│    │    └─GELU: 3-6                    --
│    └─PositionalEmbedding: 2-3          --
├─Flatten: 1-2                           --
├─Linear: 1-3                            18
├─AttnRefine: 1-4                        --
│    └─MyAttention: 2-4                  --
│    │    └─Attention: 3-7               800
│    └─Refine: 2-5                       --
│    │    └─Conv1d: 3-8                  784
│    │    └─BatchNorm1d: 3-9             32
│    │    └─ELU: 3-10                    --
│    │    └─MaxPool1d: 3-11              --
│    └─AdaptiveAvgPool1d: 2-6            --
│    └─Linear: 2-7                       68
│    └─Flatten: 2-8                      --
├─AttnRefine: 1-5                        --
│    └─MyAttention: 2-9                  --
│    │    └─Attention: 3-12              800
│    └─Refine: 2-10                      --
│    │    └─Conv1d: 3-13                 784
│    │    └─BatchNorm1d: 3-14            32
│    │    └─ELU: 3-15                    --
│    │    └─MaxPool1d: 3-16              --
│    └─AdaptiveAvgPool1d: 2-11           --
│    └─Linear: 2-12                      68
│    └─Flatten: 2-13                     --
├─GradientReversalLayer: 1-6             --
├─SubjectDiscriminator: 1-7              --
│    └─Sequential: 2-14                  --
│    │    └─Linear: 3-17                 2,304
│    │    └─ReLU: 3-18                   --
│    │    └─Dropout: 3-19                --
│    │    └─Linear: 3-20                 32,896
│    │    └─ReLU: 3-21                   --
│    │    └─Dropout: 3-22                --
│    │    └─Linear: 3-23                 3,870
=================================================================
Total params: 75,976
Trainable params: 75,976
Non-trainable params: 0
=================================================================
TestSub: S[1, 2, 3, 4, 5] Epoch  1 Finsh | Now_lr 0.0100/0.0100 | Lambda 0.0075 | Train Loss 0.4857 | Valid Loss 1.3566 | Train Acc 74.7416| Valid Acc 52.1735
Validation acc increase (0.000000 --> 52.173517) in epoch (1).  Saving model ...
TestSub: S[1, 2, 3, 4, 5] Epoch  2 Finsh | Now_lr 0.0100/0.0100 | Lambda 0.0150 | Train Loss 0.3417 | Valid Loss 1.7069 | Train Acc 84.7823| Valid Acc 49.1124
TestSub: S[1, 2, 3, 4, 5] Epoch  3 Finsh | Now_lr 0.0100/0.0100 | Lambda 0.0223 | Train Loss 0.2993 | Valid Loss 1.7234 | Train Acc 87.1747| Valid Acc 52.1401
TestSub: S[1, 2, 3, 4, 5] Epoch  4 Finsh | Now_lr 0.0100/0.0100 | Lambda 0.0296 | Train Loss 0.2754 | Valid Loss 1.9210 | Train Acc 88.3050| Valid Acc 49.0181
TestSub: S[1, 2, 3, 4, 5] Epoch  5 Finsh | Now_lr 0.0100/0.0100 | Lambda 0.0367 | Train Loss 0.2595 | Valid Loss 2.0265 | Train Acc 89.1051| Valid Acc 49.0911
TestSub: S[1, 2, 3, 4, 5] Epoch  6 Finsh | Now_lr 0.0100/0.0100 | Lambda 0.0437 | Train Loss 0.2517 | Valid Loss 1.9864 | Train Acc 89.4613| Valid Acc 50.0274
TestSub: S[1, 2, 3, 4, 5] Epoch  7 Finsh | Now_lr 0.0100/0.0100 | Lambda 0.0505 | Train Loss 0.2441 | Valid Loss 2.0650 | Train Acc 89.8985| Valid Acc 52.3833
Validation acc increase (52.173517 --> 52.383268) in epoch (7).  Saving model ...
TestSub: S[1, 2, 3, 4, 5] Epoch  8 Finsh | Now_lr 0.0100/0.0100 | Lambda 0.0570 | Train Loss 0.2390 | Valid Loss 1.9389 | Train Acc 90.1362| Valid Acc 51.1278
TestSub: S[1, 2, 3, 4, 5] Epoch  9 Finsh | Now_lr 0.0100/0.0100 | Lambda 0.0633 | Train Loss 0.2282 | Valid Loss 1.8954 | Train Acc 90.5648| Valid Acc 49.4285
TestSub: S[1, 2, 3, 4, 5] Epoch 10 Finsh | Now_lr 0.0100/0.0100 | Lambda 0.0693 | Train Loss 0.2206 | Valid Loss 2.1664 | Train Acc 90.9965| Valid Acc 49.8115
TestSub: S[1, 2, 3, 4, 5] Epoch 11 Finsh | Now_lr 0.0100/0.0100 | Lambda 0.0751 | Train Loss 0.2042 | Valid Loss 1.9390 | Train Acc 91.7589| Valid Acc 50.8360
TestSub: S[1, 2, 3, 4, 5] Epoch 12 Finsh | Now_lr 0.0100/0.0100 | Lambda 0.0806 | Train Loss 0.1881 | Valid Loss 2.3338 | Train Acc 92.4629| Valid Acc 51.1521
TestSub: S[1, 2, 3, 4, 5] Epoch 13 Finsh | Now_lr 0.0100/0.0100 | Lambda 0.0858 | Train Loss 0.1686 | Valid Loss 2.5475 | Train Acc 93.3822| Valid Acc 50.4803
TestSub: S[1, 2, 3, 4, 5] Epoch 14 Finsh | Now_lr 0.0100/0.0100 | Lambda 0.0907 | Train Loss 0.1559 | Valid Loss 2.4935 | Train Acc 93.9287| Valid Acc 51.2494
TestSub: S[1, 2, 3, 4, 5] Epoch 15 Finsh | Now_lr 0.0100/0.0100 | Lambda 0.0953 | Train Loss 0.1419 | Valid Loss 2.2271 | Train Acc 94.5240| Valid Acc 50.4894
TestSub: S[1, 2, 3, 4, 5] Epoch 16 Finsh | Now_lr 0.0100/0.0100 | Lambda 0.0996 | Train Loss 0.1311 | Valid Loss 2.7410 | Train Acc 95.0286| Valid Acc 48.5226
TestSub: S[1, 2, 3, 4, 5] Epoch 17 Finsh | Now_lr 0.0100/0.0100 | Lambda 0.1037 | Train Loss 0.1229 | Valid Loss 2.7951 | Train Acc 95.3405| Valid Acc 50.9424
TestSub: S[1, 2, 3, 4, 5] Epoch 18 Finsh | Now_lr 0.0100/0.0100 | Lambda 0.1074 | Train Loss 0.1152 | Valid Loss 2.3665 | Train Acc 95.6493| Valid Acc 51.8847
TestSub: S[1, 2, 3, 4, 5] Epoch 19 Finsh | Now_lr 0.0100/0.0100 | Lambda 0.1110 | Train Loss 0.1128 | Valid Loss 2.5281 | Train Acc 95.6767| Valid Acc 51.3923
TestSub: S[1, 2, 3, 4, 5] Epoch 20 Finsh | Now_lr 0.0100/0.0100 | Lambda 0.1142 | Train Loss 0.1061 | Valid Loss 2.5066 | Train Acc 95.9630| Valid Acc 47.8447
TestSub: S[1, 2, 3, 4, 5] Epoch 21 Finsh | Now_lr 0.0100/0.0100 | Lambda 0.1173 | Train Loss 0.1036 | Valid Loss 2.7899 | Train Acc 96.1904| Valid Acc 47.9390
TestSub: S[1, 2, 3, 4, 5] Epoch 22 Finsh | Now_lr 0.0100/0.0100 | Lambda 0.1201 | Train Loss 0.1007 | Valid Loss 2.4963 | Train Acc 96.2536| Valid Acc 51.9303
TestSub: S[1, 2, 3, 4, 5] Epoch 23 Finsh | Now_lr 0.0100/0.0100 | Lambda 0.1227 | Train Loss 0.0947 | Valid Loss 2.6096 | Train Acc 96.4506| Valid Acc 50.3496
TestSub: S[1, 2, 3, 4, 5] Epoch 24 Finsh | Now_lr 0.0100/0.0100 | Lambda 0.1250 | Train Loss 0.0939 | Valid Loss 2.6332 | Train Acc 96.5449| Valid Acc 49.8176
TestSub: S[1, 2, 3, 4, 5] Epoch 25 Finsh | Now_lr 0.0100/0.0100 | Lambda 0.1272 | Train Loss 0.0921 | Valid Loss 2.3710 | Train Acc 96.6604| Valid Acc 49.8389
TestSub: S[1, 2, 3, 4, 5] Epoch 26 Finsh | Now_lr 0.0100/0.0100 | Lambda 0.1293 | Train Loss 0.0871 | Valid Loss 2.4189 | Train Acc 96.7613| Valid Acc 51.6689
TestSub: S[1, 2, 3, 4, 5] Epoch 27 Finsh | Now_lr 0.0100/0.0100 | Lambda 0.1311 | Train Loss 0.0878 | Valid Loss 2.7612 | Train Acc 96.7461| Valid Acc 50.5806
TestSub: S[1, 2, 3, 4, 5] Epoch 28 Finsh | Now_lr 0.0100/0.0100 | Lambda 0.1328 | Train Loss 0.0847 | Valid Loss 2.5814 | Train Acc 96.8738| Valid Acc 51.9486
TestSub: S[1, 2, 3, 4, 5] Epoch 29 Finsh | Now_lr 0.0100/0.0100 | Lambda 0.1344 | Train Loss 0.0843 | Valid Loss 2.5256 | Train Acc 96.8683| Valid Acc 49.9787
TestSub: S[1, 2, 3, 4, 5] Epoch 30 Finsh | Now_lr 0.0100/0.0100 | Lambda 0.1358 | Train Loss 0.0809 | Valid Loss 2.7640 | Train Acc 97.0312| Valid Acc 49.7963
TestSub: S[1, 2, 3, 4, 5] Epoch 31 Finsh | Now_lr 0.0100/0.0100 | Lambda 0.1371 | Train Loss 0.0847 | Valid Loss 2.5113 | Train Acc 96.8738| Valid Acc 50.4347
TestSub: S[1, 2, 3, 4, 5] Epoch 32 Finsh | Now_lr 0.0100/0.0100 | Lambda 0.1383 | Train Loss 0.0791 | Valid Loss 2.3379 | Train Acc 97.0689| Valid Acc 53.3500
Validation acc increase (52.383268 --> 53.349951) in epoch (32).  Saving model ...
TestSub: S[1, 2, 3, 4, 5] Epoch 33 Finsh | Now_lr 0.0100/0.0100 | Lambda 0.1393 | Train Loss 0.0776 | Valid Loss 2.4305 | Train Acc 97.1741| Valid Acc 49.6139
TestSub: S[1, 2, 3, 4, 5] Epoch 34 Finsh | Now_lr 0.0100/0.0100 | Lambda 0.1403 | Train Loss 0.0773 | Valid Loss 2.5231 | Train Acc 97.2252| Valid Acc 51.5351
TestSub: S[1, 2, 3, 4, 5] Epoch 35 Finsh | Now_lr 0.0100/0.0100 | Lambda 0.1412 | Train Loss 0.0765 | Valid Loss 2.5641 | Train Acc 97.2526| Valid Acc 51.2494
TestSub: S[1, 2, 3, 4, 5] Epoch 36 Finsh | Now_lr 0.0100/0.0100 | Lambda 0.1420 | Train Loss 0.0738 | Valid Loss 2.6995 | Train Acc 97.3182| Valid Acc 50.5502
TestSub: S[1, 2, 3, 4, 5] Epoch 37 Finsh | Now_lr 0.0100/0.0100 | Lambda 0.1428 | Train Loss 0.0746 | Valid Loss 2.7156 | Train Acc 97.2830| Valid Acc 50.7600
TestSub: S[1, 2, 3, 4, 5] Epoch 38 Finsh | Now_lr 0.0100/0.0100 | Lambda 0.1434 | Train Loss 0.0747 | Valid Loss 2.6859 | Train Acc 97.2830| Valid Acc 48.8661
TestSub: S[1, 2, 3, 4, 5] Epoch 39 Finsh | Now_lr 0.0100/0.0100 | Lambda 0.1440 | Train Loss 0.0747 | Valid Loss 2.5599 | Train Acc 97.2641| Valid Acc 49.6139
TestSub: S[1, 2, 3, 4, 5] Epoch 40 Finsh | Now_lr 0.0100/0.0100 | Lambda 0.1446 | Train Loss 0.0729 | Valid Loss 2.5712 | Train Acc 97.3547| Valid Acc 51.3831
TestSub: S[1, 2, 3, 4, 5] Epoch 41 Finsh | Now_lr 0.0100/0.0100 | Lambda 0.1451 | Train Loss 0.0737 | Valid Loss 2.6035 | Train Acc 97.3255| Valid Acc 52.1705
TestSub: S[1, 2, 3, 4, 5] Epoch 42 Finsh | Now_lr 0.0100/0.0100 | Lambda 0.1456 | Train Loss 0.0740 | Valid Loss 2.8290 | Train Acc 97.3006| Valid Acc 48.4466
TestSub: S[1, 2, 3, 4, 5] Epoch 43 Finsh | Now_lr 0.0100/0.0100 | Lambda 0.1460 | Train Loss 0.0697 | Valid Loss 2.7064 | Train Acc 97.4757| Valid Acc 52.6204
TestSub: S[1, 2, 3, 4, 5] Epoch 44 Finsh | Now_lr 0.0100/0.0100 | Lambda 0.1464 | Train Loss 0.0711 | Valid Loss 2.6803 | Train Acc 97.4161| Valid Acc 49.9909
TestSub: S[1, 2, 3, 4, 5] Epoch 45 Finsh | Now_lr 0.0100/0.0100 | Lambda 0.1467 | Train Loss 0.0704 | Valid Loss 2.9649 | Train Acc 97.3979| Valid Acc 50.9150
TestSub: S[1, 2, 3, 4, 5] Epoch 46 Finsh | Now_lr 0.0100/0.0100 | Lambda 0.1470 | Train Loss 0.0709 | Valid Loss 2.7444 | Train Acc 97.4210| Valid Acc 52.6660
TestSub: S[1, 2, 3, 4, 5] Epoch 47 Finsh | Now_lr 0.0100/0.0100 | Lambda 0.1473 | Train Loss 0.0696 | Valid Loss 2.6402 | Train Acc 97.5201| Valid Acc 49.2947
TestSub: S[1, 2, 3, 4, 5] Epoch 48 Finsh | Now_lr 0.0100/0.0100 | Lambda 0.1476 | Train Loss 0.0683 | Valid Loss 2.9165 | Train Acc 97.5365| Valid Acc 49.4315
TestSub: S[1, 2, 3, 4, 5] Epoch 49 Finsh | Now_lr 0.0100/0.0100 | Lambda 0.1478 | Train Loss 0.0668 | Valid Loss 2.5725 | Train Acc 97.5790| Valid Acc 49.8510
TestSub: S[1, 2, 3, 4, 5] Epoch 50 Finsh | Now_lr 0.0100/0.0100 | Lambda 0.1480 | Train Loss 0.0682 | Valid Loss 2.9215 | Train Acc 97.5803| Valid Acc 49.8206
TestSub: S[1, 2, 3, 4, 5] Epoch 51 Finsh | Now_lr 0.0100/0.0100 | Lambda 0.1482 | Train Loss 0.0671 | Valid Loss 2.7045 | Train Acc 97.6265| Valid Acc 48.9512
TestSub: S[1, 2, 3, 4, 5] Epoch 52 Finsh | Now_lr 0.0100/0.0100 | Lambda 0.1484 | Train Loss 0.0679 | Valid Loss 2.9996 | Train Acc 97.5930| Valid Acc 48.7506
TestSub: S[1, 2, 3, 4, 5] Epoch 53 Finsh | Now_lr 0.0100/0.0100 | Lambda 0.1485 | Train Loss 0.0664 | Valid Loss 2.6701 | Train Acc 97.6265| Valid Acc 49.8632
TestSub: S[1, 2, 3, 4, 5] Epoch 54 Finsh | Now_lr 0.0100/0.0100 | Lambda 0.1487 | Train Loss 0.0655 | Valid Loss 2.9789 | Train Acc 97.6490| Valid Acc 51.3801
TestSub: S[1, 2, 3, 4, 5] Epoch 55 Finsh | Now_lr 0.0100/0.0100 | Lambda 0.1488 | Train Loss 0.0658 | Valid Loss 2.8399 | Train Acc 97.6344| Valid Acc 51.4439
TestSub: S[1, 2, 3, 4, 5] Epoch 56 Finsh | Now_lr 0.0100/0.0100 | Lambda 0.1489 | Train Loss 0.0675 | Valid Loss 2.8251 | Train Acc 97.5517| Valid Acc 50.1824
TestSub: S[1, 2, 3, 4, 5] Epoch 57 Finsh | Now_lr 0.0100/0.0100 | Lambda 0.1490 | Train Loss 0.0653 | Valid Loss 2.5966 | Train Acc 97.6459| Valid Acc 50.1520
TestSub: S[1, 2, 3, 4, 5] Epoch 58 Finsh | Now_lr 0.0100/0.0100 | Lambda 0.1491 | Train Loss 0.0651 | Valid Loss 2.7080 | Train Acc 97.6623| Valid Acc 49.3343
TestSub: S[1, 2, 3, 4, 5] Epoch 59 Finsh | Now_lr 0.0100/0.0100 | Lambda 0.1492 | Train Loss 0.0662 | Valid Loss 3.2444 | Train Acc 97.6149| Valid Acc 50.8177
TestSub: S[1, 2, 3, 4, 5] Epoch 60 Finsh | Now_lr 0.0100/0.0100 | Lambda 0.1493 | Train Loss 0.0653 | Valid Loss 2.7998 | Train Acc 97.6581| Valid Acc 50.8724
TestSub: S[1, 2, 3, 4, 5] Epoch 61 Finsh | Now_lr 0.0100/0.0100 | Lambda 0.1493 | Train Loss 0.0634 | Valid Loss 2.7607 | Train Acc 97.7681| Valid Acc 49.3647
TestSub: S[1, 2, 3, 4, 5] Epoch 62 Finsh | Now_lr 0.0100/0.0100 | Lambda 0.1494 | Train Loss 0.0637 | Valid Loss 3.0189 | Train Acc 97.6824| Valid Acc 49.5957
Early stopping triggered after 62 epochs (30 epochs without improvement)
--------------------------------------------------
Test_Subject :S[1, 2, 3, 4, 5] |Best epoch:32 | Test Loss:2.3379 | Best Acc 53.3500 | Savemodel Acc 53.3500
--------------------------------------------------

========== Fold 2 ==========
Train IDs: [1, 2, 3, 4, 5, 11, 12, 13, 14, 15, 16, 17, 18, 19, 20, 21, 22, 23, 24, 25, 26, 27, 28, 29, 30]
Val IDs:   [6, 7, 8, 9, 10]
train_data_shape(164500, 32, 128),val_data_shape(32900, 32, 128)
=================================================================
Layer (type:depth-idx)                   Param #
=================================================================
DARNet                                   --
├─TokenEmbedding: 1-1                    --
│    └─Sequential: 2-1                   --
│    │    └─Conv2d: 3-1                  576
│    │    └─BatchNorm2d: 3-2             128
│    │    └─GELU: 3-3                    --
│    └─Sequential: 2-2                   --
│    │    └─Conv2d: 3-4                  32,784
│    │    └─BatchNorm2d: 3-5             32
│    │    └─GELU: 3-6                    --
│    └─PositionalEmbedding: 2-3          --
├─Flatten: 1-2                           --
├─Linear: 1-3                            18
├─AttnRefine: 1-4                        --
│    └─MyAttention: 2-4                  --
│    │    └─Attention: 3-7               800
│    └─Refine: 2-5                       --
│    │    └─Conv1d: 3-8                  784
│    │    └─BatchNorm1d: 3-9             32
│    │    └─ELU: 3-10                    --
│    │    └─MaxPool1d: 3-11              --
│    └─AdaptiveAvgPool1d: 2-6            --
│    └─Linear: 2-7                       68
│    └─Flatten: 2-8                      --
├─AttnRefine: 1-5                        --
│    └─MyAttention: 2-9                  --
│    │    └─Attention: 3-12              800
│    └─Refine: 2-10                      --
│    │    └─Conv1d: 3-13                 784
│    │    └─BatchNorm1d: 3-14            32
│    │    └─ELU: 3-15                    --
│    │    └─MaxPool1d: 3-16              --
│    └─AdaptiveAvgPool1d: 2-11           --
│    └─Linear: 2-12                      68
│    └─Flatten: 2-13                     --
├─GradientReversalLayer: 1-6             --
├─SubjectDiscriminator: 1-7              --
│    └─Sequential: 2-14                  --
│    │    └─Linear: 3-17                 2,304
│    │    └─ReLU: 3-18                   --
│    │    └─Dropout: 3-19                --
│    │    └─Linear: 3-20                 32,896
│    │    └─ReLU: 3-21                   --
│    │    └─Dropout: 3-22                --
│    │    └─Linear: 3-23                 3,870
=================================================================
Total params: 75,976
Trainable params: 75,976
Non-trainable params: 0
=================================================================
TestSub: S[6, 7, 8, 9, 10] Epoch  1 Finsh | Now_lr 0.0100/0.0100 | Lambda 0.0075 | Train Loss 0.4995 | Valid Loss 1.1405 | Train Acc 73.7062| Valid Acc 49.8936
Validation acc increase (0.000000 --> 49.893604) in epoch (1).  Saving model ...
TestSub: S[6, 7, 8, 9, 10] Epoch  2 Finsh | Now_lr 0.0100/0.0100 | Lambda 0.0150 | Train Loss 0.3450 | Valid Loss 1.5004 | Train Acc 84.4887| Valid Acc 50.2675
Validation acc increase (49.893604 --> 50.267510) in epoch (2).  Saving model ...
TestSub: S[6, 7, 8, 9, 10] Epoch  3 Finsh | Now_lr 0.0100/0.0100 | Lambda 0.0223 | Train Loss 0.3002 | Valid Loss 1.5130 | Train Acc 87.0240| Valid Acc 51.6902
Validation acc increase (50.267510 --> 51.690175) in epoch (3).  Saving model ...
TestSub: S[6, 7, 8, 9, 10] Epoch  4 Finsh | Now_lr 0.0100/0.0100 | Lambda 0.0296 | Train Loss 0.2781 | Valid Loss 1.7628 | Train Acc 88.1821| Valid Acc 49.7112
TestSub: S[6, 7, 8, 9, 10] Epoch  5 Finsh | Now_lr 0.0100/0.0100 | Lambda 0.0367 | Train Loss 0.2657 | Valid Loss 1.7255 | Train Acc 88.8400| Valid Acc 52.2799
Validation acc increase (51.690175 --> 52.279912) in epoch (5).  Saving model ...
TestSub: S[6, 7, 8, 9, 10] Epoch  6 Finsh | Now_lr 0.0100/0.0100 | Lambda 0.0437 | Train Loss 0.2552 | Valid Loss 1.8191 | Train Acc 89.2941| Valid Acc 49.6261
TestSub: S[6, 7, 8, 9, 10] Epoch  7 Finsh | Now_lr 0.0100/0.0100 | Lambda 0.0505 | Train Loss 0.2513 | Valid Loss 1.8552 | Train Acc 89.5349| Valid Acc 48.7780
TestSub: S[6, 7, 8, 9, 10] Epoch  8 Finsh | Now_lr 0.0100/0.0100 | Lambda 0.0570 | Train Loss 0.2461 | Valid Loss 1.6781 | Train Acc 89.8237| Valid Acc 48.3949
TestSub: S[6, 7, 8, 9, 10] Epoch  9 Finsh | Now_lr 0.0100/0.0100 | Lambda 0.0633 | Train Loss 0.2363 | Valid Loss 2.1082 | Train Acc 90.2730| Valid Acc 49.7811
TestSub: S[6, 7, 8, 9, 10] Epoch 10 Finsh | Now_lr 0.0100/0.0100 | Lambda 0.0693 | Train Loss 0.2325 | Valid Loss 1.9177 | Train Acc 90.4681| Valid Acc 48.9695
TestSub: S[6, 7, 8, 9, 10] Epoch 11 Finsh | Now_lr 0.0100/0.0100 | Lambda 0.0751 | Train Loss 0.2299 | Valid Loss 1.7710 | Train Acc 90.6256| Valid Acc 50.0608
TestSub: S[6, 7, 8, 9, 10] Epoch 12 Finsh | Now_lr 0.0100/0.0100 | Lambda 0.0806 | Train Loss 0.2247 | Valid Loss 2.0388 | Train Acc 90.9041| Valid Acc 49.2552
TestSub: S[6, 7, 8, 9, 10] Epoch 13 Finsh | Now_lr 0.0100/0.0100 | Lambda 0.0858 | Train Loss 0.2197 | Valid Loss 2.2056 | Train Acc 91.1339| Valid Acc 48.0940
TestSub: S[6, 7, 8, 9, 10] Epoch 14 Finsh | Now_lr 0.0100/0.0100 | Lambda 0.0907 | Train Loss 0.2087 | Valid Loss 1.9959 | Train Acc 91.5747| Valid Acc 47.9086
TestSub: S[6, 7, 8, 9, 10] Epoch 15 Finsh | Now_lr 0.0100/0.0100 | Lambda 0.0953 | Train Loss 0.2025 | Valid Loss 2.0340 | Train Acc 91.9504| Valid Acc 46.8355
TestSub: S[6, 7, 8, 9, 10] Epoch 16 Finsh | Now_lr 0.0100/0.0100 | Lambda 0.0996 | Train Loss 0.1932 | Valid Loss 2.0561 | Train Acc 92.3571| Valid Acc 48.2581
TestSub: S[6, 7, 8, 9, 10] Epoch 17 Finsh | Now_lr 0.0100/0.0100 | Lambda 0.1037 | Train Loss 0.1794 | Valid Loss 2.2356 | Train Acc 92.9827| Valid Acc 45.6165
TestSub: S[6, 7, 8, 9, 10] Epoch 18 Finsh | Now_lr 0.0100/0.0100 | Lambda 0.1074 | Train Loss 0.1726 | Valid Loss 2.4496 | Train Acc 93.2709| Valid Acc 47.7414
TestSub: S[6, 7, 8, 9, 10] Epoch 19 Finsh | Now_lr 0.0100/0.0100 | Lambda 0.1110 | Train Loss 0.1594 | Valid Loss 2.3012 | Train Acc 93.8442| Valid Acc 47.6958
TestSub: S[6, 7, 8, 9, 10] Epoch 20 Finsh | Now_lr 0.0100/0.0100 | Lambda 0.1142 | Train Loss 0.1535 | Valid Loss 2.3857 | Train Acc 94.1081| Valid Acc 47.0361
TestSub: S[6, 7, 8, 9, 10] Epoch 21 Finsh | Now_lr 0.0100/0.0100 | Lambda 0.1173 | Train Loss 0.1452 | Valid Loss 2.3185 | Train Acc 94.4698| Valid Acc 47.1516
TestSub: S[6, 7, 8, 9, 10] Epoch 22 Finsh | Now_lr 0.0100/0.0100 | Lambda 0.1201 | Train Loss 0.1384 | Valid Loss 2.5026 | Train Acc 94.7027| Valid Acc 47.3918
TestSub: S[6, 7, 8, 9, 10] Epoch 23 Finsh | Now_lr 0.0100/0.0100 | Lambda 0.1227 | Train Loss 0.1310 | Valid Loss 2.0862 | Train Acc 95.0778| Valid Acc 47.2763
TestSub: S[6, 7, 8, 9, 10] Epoch 24 Finsh | Now_lr 0.0100/0.0100 | Lambda 0.1250 | Train Loss 0.1273 | Valid Loss 2.1083 | Train Acc 95.2006| Valid Acc 48.8996
TestSub: S[6, 7, 8, 9, 10] Epoch 25 Finsh | Now_lr 0.0100/0.0100 | Lambda 0.1272 | Train Loss 0.1200 | Valid Loss 2.6825 | Train Acc 95.4511| Valid Acc 49.6687
TestSub: S[6, 7, 8, 9, 10] Epoch 26 Finsh | Now_lr 0.0100/0.0100 | Lambda 0.1293 | Train Loss 0.1175 | Valid Loss 2.4007 | Train Acc 95.6153| Valid Acc 48.6077
TestSub: S[6, 7, 8, 9, 10] Epoch 27 Finsh | Now_lr 0.0100/0.0100 | Lambda 0.1311 | Train Loss 0.1131 | Valid Loss 2.3990 | Train Acc 95.7338| Valid Acc 47.1121
TestSub: S[6, 7, 8, 9, 10] Epoch 28 Finsh | Now_lr 0.0100/0.0100 | Lambda 0.1328 | Train Loss 0.1078 | Valid Loss 2.2032 | Train Acc 96.0257| Valid Acc 48.4253
TestSub: S[6, 7, 8, 9, 10] Epoch 29 Finsh | Now_lr 0.0100/0.0100 | Lambda 0.1344 | Train Loss 0.1043 | Valid Loss 2.3221 | Train Acc 96.0792| Valid Acc 49.8054
TestSub: S[6, 7, 8, 9, 10] Epoch 30 Finsh | Now_lr 0.0100/0.0100 | Lambda 0.1358 | Train Loss 0.1020 | Valid Loss 2.7002 | Train Acc 96.2232| Valid Acc 47.4343
TestSub: S[6, 7, 8, 9, 10] Epoch 31 Finsh | Now_lr 0.0100/0.0100 | Lambda 0.1371 | Train Loss 0.0979 | Valid Loss 2.1955 | Train Acc 96.3977| Valid Acc 48.0423
TestSub: S[6, 7, 8, 9, 10] Epoch 32 Finsh | Now_lr 0.0100/0.0100 | Lambda 0.1383 | Train Loss 0.0962 | Valid Loss 2.4899 | Train Acc 96.4585| Valid Acc 49.0151
TestSub: S[6, 7, 8, 9, 10] Epoch 33 Finsh | Now_lr 0.0100/0.0100 | Lambda 0.1393 | Train Loss 0.0952 | Valid Loss 2.1475 | Train Acc 96.4385| Valid Acc 49.7690
TestSub: S[6, 7, 8, 9, 10] Epoch 34 Finsh | Now_lr 0.0100/0.0100 | Lambda 0.1403 | Train Loss 0.0893 | Valid Loss 2.5005 | Train Acc 96.6999| Valid Acc 50.4925
TestSub: S[6, 7, 8, 9, 10] Epoch 35 Finsh | Now_lr 0.0100/0.0100 | Lambda 0.1412 | Train Loss 0.0869 | Valid Loss 2.7331 | Train Acc 96.8604| Valid Acc 49.0151
Early stopping triggered after 35 epochs (30 epochs without improvement)
--------------------------------------------------
Test_Subject :S[6, 7, 8, 9, 10] |Best epoch:5 | Test Loss:1.7255 | Best Acc 52.2799 | Savemodel Acc 52.2799
--------------------------------------------------

========== Fold 3 ==========
Train IDs: [1, 2, 3, 4, 5, 6, 7, 8, 9, 10, 16, 17, 18, 19, 20, 21, 22, 23, 24, 25, 26, 27, 28, 29, 30]
Val IDs:   [11, 12, 13, 14, 15]
train_data_shape(164500, 32, 128),val_data_shape(32900, 32, 128)
=================================================================
Layer (type:depth-idx)                   Param #
=================================================================
DARNet                                   --
├─TokenEmbedding: 1-1                    --
│    └─Sequential: 2-1                   --
│    │    └─Conv2d: 3-1                  576
│    │    └─BatchNorm2d: 3-2             128
│    │    └─GELU: 3-3                    --
│    └─Sequential: 2-2                   --
│    │    └─Conv2d: 3-4                  32,784
│    │    └─BatchNorm2d: 3-5             32
│    │    └─GELU: 3-6                    --
│    └─PositionalEmbedding: 2-3          --
├─Flatten: 1-2                           --
├─Linear: 1-3                            18
├─AttnRefine: 1-4                        --
│    └─MyAttention: 2-4                  --
│    │    └─Attention: 3-7               800
│    └─Refine: 2-5                       --
│    │    └─Conv1d: 3-8                  784
│    │    └─BatchNorm1d: 3-9             32
│    │    └─ELU: 3-10                    --
│    │    └─MaxPool1d: 3-11              --
│    └─AdaptiveAvgPool1d: 2-6            --
│    └─Linear: 2-7                       68
│    └─Flatten: 2-8                      --
├─AttnRefine: 1-5                        --
│    └─MyAttention: 2-9                  --
│    │    └─Attention: 3-12              800
│    └─Refine: 2-10                      --
│    │    └─Conv1d: 3-13                 784
│    │    └─BatchNorm1d: 3-14            32
│    │    └─ELU: 3-15                    --
│    │    └─MaxPool1d: 3-16              --
│    └─AdaptiveAvgPool1d: 2-11           --
│    └─Linear: 2-12                      68
│    └─Flatten: 2-13                     --
├─GradientReversalLayer: 1-6             --
├─SubjectDiscriminator: 1-7              --
│    └─Sequential: 2-14                  --
│    │    └─Linear: 3-17                 2,304
│    │    └─ReLU: 3-18                   --
│    │    └─Dropout: 3-19                --
│    │    └─Linear: 3-20                 32,896
│    │    └─ReLU: 3-21                   --
│    │    └─Dropout: 3-22                --
│    │    └─Linear: 3-23                 3,870
=================================================================
Total params: 75,976
Trainable params: 75,976
Non-trainable params: 0
=================================================================
TestSub: S[11, 12, 13, 14, 15] Epoch  1 Finsh | Now_lr 0.0100/0.0100 | Lambda 0.0075 | Train Loss 0.5031 | Valid Loss 1.3512 | Train Acc 73.4247| Valid Acc 52.7207
Validation acc increase (0.000000 --> 52.720696) in epoch (1).  Saving model ...
TestSub: S[11, 12, 13, 14, 15] Epoch  2 Finsh | Now_lr 0.0100/0.0100 | Lambda 0.0150 | Train Loss 0.3640 | Valid Loss 1.4040 | Train Acc 83.4472| Valid Acc 51.3527
TestSub: S[11, 12, 13, 14, 15] Epoch  3 Finsh | Now_lr 0.0100/0.0100 | Lambda 0.0223 | Train Loss 0.3165 | Valid Loss 1.6096 | Train Acc 86.1162| Valid Acc 49.9939
TestSub: S[11, 12, 13, 14, 15] Epoch  4 Finsh | Now_lr 0.0100/0.0100 | Lambda 0.0296 | Train Loss 0.2926 | Valid Loss 1.5158 | Train Acc 87.5152| Valid Acc 50.0821
TestSub: S[11, 12, 13, 14, 15] Epoch  5 Finsh | Now_lr 0.0100/0.0100 | Lambda 0.0367 | Train Loss 0.2762 | Valid Loss 1.7144 | Train Acc 88.2873| Valid Acc 48.2217
TestSub: S[11, 12, 13, 14, 15] Epoch  6 Finsh | Now_lr 0.0100/0.0100 | Lambda 0.0437 | Train Loss 0.2648 | Valid Loss 1.6994 | Train Acc 88.9421| Valid Acc 45.6104
TestSub: S[11, 12, 13, 14, 15] Epoch  7 Finsh | Now_lr 0.0100/0.0100 | Lambda 0.0505 | Train Loss 0.2570 | Valid Loss 1.7472 | Train Acc 89.2802| Valid Acc 47.5863
TestSub: S[11, 12, 13, 14, 15] Epoch  8 Finsh | Now_lr 0.0100/0.0100 | Lambda 0.0570 | Train Loss 0.2517 | Valid Loss 1.9021 | Train Acc 89.4753| Valid Acc 45.9782
TestSub: S[11, 12, 13, 14, 15] Epoch  9 Finsh | Now_lr 0.0100/0.0100 | Lambda 0.0633 | Train Loss 0.2441 | Valid Loss 1.8070 | Train Acc 89.8547| Valid Acc 47.3371
TestSub: S[11, 12, 13, 14, 15] Epoch 10 Finsh | Now_lr 0.0100/0.0100 | Lambda 0.0693 | Train Loss 0.2398 | Valid Loss 1.8197 | Train Acc 90.2365| Valid Acc 48.1639
TestSub: S[11, 12, 13, 14, 15] Epoch 11 Finsh | Now_lr 0.0100/0.0100 | Lambda 0.0751 | Train Loss 0.2342 | Valid Loss 1.9175 | Train Acc 90.4681| Valid Acc 47.1638
TestSub: S[11, 12, 13, 14, 15] Epoch 12 Finsh | Now_lr 0.0100/0.0100 | Lambda 0.0806 | Train Loss 0.2282 | Valid Loss 1.7148 | Train Acc 90.7958| Valid Acc 45.6742
TestSub: S[11, 12, 13, 14, 15] Epoch 13 Finsh | Now_lr 0.0100/0.0100 | Lambda 0.0858 | Train Loss 0.2198 | Valid Loss 1.7450 | Train Acc 91.1102| Valid Acc 47.3219
TestSub: S[11, 12, 13, 14, 15] Epoch 14 Finsh | Now_lr 0.0100/0.0100 | Lambda 0.0907 | Train Loss 0.2125 | Valid Loss 1.9201 | Train Acc 91.5017| Valid Acc 48.4405
TestSub: S[11, 12, 13, 14, 15] Epoch 15 Finsh | Now_lr 0.0100/0.0100 | Lambda 0.0953 | Train Loss 0.2006 | Valid Loss 2.2506 | Train Acc 91.9923| Valid Acc 48.5287
TestSub: S[11, 12, 13, 14, 15] Epoch 16 Finsh | Now_lr 0.0100/0.0100 | Lambda 0.0996 | Train Loss 0.1907 | Valid Loss 1.7940 | Train Acc 92.4058| Valid Acc 49.7446
TestSub: S[11, 12, 13, 14, 15] Epoch 17 Finsh | Now_lr 0.0100/0.0100 | Lambda 0.1037 | Train Loss 0.1782 | Valid Loss 1.8569 | Train Acc 92.9736| Valid Acc 47.9572
TestSub: S[11, 12, 13, 14, 15] Epoch 18 Finsh | Now_lr 0.0100/0.0100 | Lambda 0.1074 | Train Loss 0.1625 | Valid Loss 2.2844 | Train Acc 93.6795| Valid Acc 48.7293
TestSub: S[11, 12, 13, 14, 15] Epoch 19 Finsh | Now_lr 0.0100/0.0100 | Lambda 0.1110 | Train Loss 0.1499 | Valid Loss 2.0786 | Train Acc 94.2279| Valid Acc 47.3127
TestSub: S[11, 12, 13, 14, 15] Epoch 20 Finsh | Now_lr 0.0100/0.0100 | Lambda 0.1142 | Train Loss 0.1406 | Valid Loss 2.2204 | Train Acc 94.6231| Valid Acc 49.8784
TestSub: S[11, 12, 13, 14, 15] Epoch 21 Finsh | Now_lr 0.0100/0.0100 | Lambda 0.1173 | Train Loss 0.1314 | Valid Loss 1.7803 | Train Acc 94.9799| Valid Acc 51.4774
TestSub: S[11, 12, 13, 14, 15] Epoch 22 Finsh | Now_lr 0.0100/0.0100 | Lambda 0.1201 | Train Loss 0.1212 | Valid Loss 2.3093 | Train Acc 95.4225| Valid Acc 50.5533
TestSub: S[11, 12, 13, 14, 15] Epoch 23 Finsh | Now_lr 0.0100/0.0100 | Lambda 0.1227 | Train Loss 0.1157 | Valid Loss 2.0709 | Train Acc 95.5782| Valid Acc 48.2034
TestSub: S[11, 12, 13, 14, 15] Epoch 24 Finsh | Now_lr 0.0100/0.0100 | Lambda 0.1250 | Train Loss 0.1105 | Valid Loss 2.3077 | Train Acc 95.8724| Valid Acc 48.9908
TestSub: S[11, 12, 13, 14, 15] Epoch 25 Finsh | Now_lr 0.0100/0.0100 | Lambda 0.1272 | Train Loss 0.1063 | Valid Loss 2.4289 | Train Acc 96.0761| Valid Acc 49.6018
TestSub: S[11, 12, 13, 14, 15] Epoch 26 Finsh | Now_lr 0.0100/0.0100 | Lambda 0.1293 | Train Loss 0.1034 | Valid Loss 2.1708 | Train Acc 96.1643| Valid Acc 50.8664
TestSub: S[11, 12, 13, 14, 15] Epoch 27 Finsh | Now_lr 0.0100/0.0100 | Lambda 0.1311 | Train Loss 0.1019 | Valid Loss 1.9930 | Train Acc 96.2202| Valid Acc 53.0824
Validation acc increase (52.720696 --> 53.082442) in epoch (27).  Saving model ...
TestSub: S[11, 12, 13, 14, 15] Epoch 28 Finsh | Now_lr 0.0100/0.0100 | Lambda 0.1328 | Train Loss 0.0954 | Valid Loss 2.0690 | Train Acc 96.4756| Valid Acc 51.2768
TestSub: S[11, 12, 13, 14, 15] Epoch 29 Finsh | Now_lr 0.0100/0.0100 | Lambda 0.1344 | Train Loss 0.0965 | Valid Loss 2.2953 | Train Acc 96.4604| Valid Acc 50.9788
TestSub: S[11, 12, 13, 14, 15] Epoch 30 Finsh | Now_lr 0.0100/0.0100 | Lambda 0.1358 | Train Loss 0.0901 | Valid Loss 2.1383 | Train Acc 96.6488| Valid Acc 53.0368
TestSub: S[11, 12, 13, 14, 15] Epoch 31 Finsh | Now_lr 0.0100/0.0100 | Lambda 0.1371 | Train Loss 0.0915 | Valid Loss 2.3165 | Train Acc 96.6470| Valid Acc 52.1340
TestSub: S[11, 12, 13, 14, 15] Epoch 32 Finsh | Now_lr 0.0100/0.0100 | Lambda 0.1383 | Train Loss 0.0899 | Valid Loss 2.2304 | Train Acc 96.6780| Valid Acc 51.5047
TestSub: S[11, 12, 13, 14, 15] Epoch 33 Finsh | Now_lr 0.0100/0.0100 | Lambda 0.1393 | Train Loss 0.0889 | Valid Loss 2.0861 | Train Acc 96.7467| Valid Acc 55.0736
Validation acc increase (53.082442 --> 55.073565) in epoch (33).  Saving model ...
TestSub: S[11, 12, 13, 14, 15] Epoch 34 Finsh | Now_lr 0.0100/0.0100 | Lambda 0.1403 | Train Loss 0.0867 | Valid Loss 2.1370 | Train Acc 96.8294| Valid Acc 54.9672
TestSub: S[11, 12, 13, 14, 15] Epoch 35 Finsh | Now_lr 0.0100/0.0100 | Lambda 0.1412 | Train Loss 0.0852 | Valid Loss 1.8449 | Train Acc 96.8677| Valid Acc 56.0524
Validation acc increase (55.073565 --> 56.052408) in epoch (35).  Saving model ...
TestSub: S[11, 12, 13, 14, 15] Epoch 36 Finsh | Now_lr 0.0100/0.0100 | Lambda 0.1420 | Train Loss 0.0842 | Valid Loss 2.0816 | Train Acc 96.9632| Valid Acc 53.5019
TestSub: S[11, 12, 13, 14, 15] Epoch 37 Finsh | Now_lr 0.0100/0.0100 | Lambda 0.1428 | Train Loss 0.0834 | Valid Loss 2.0782 | Train Acc 96.9899| Valid Acc 52.3012
TestSub: S[11, 12, 13, 14, 15] Epoch 38 Finsh | Now_lr 0.0100/0.0100 | Lambda 0.1434 | Train Loss 0.0831 | Valid Loss 1.8661 | Train Acc 97.0009| Valid Acc 54.2254
TestSub: S[11, 12, 13, 14, 15] Epoch 39 Finsh | Now_lr 0.0100/0.0100 | Lambda 0.1440 | Train Loss 0.0796 | Valid Loss 1.9699 | Train Acc 97.0981| Valid Acc 54.8334
TestSub: S[11, 12, 13, 14, 15] Epoch 40 Finsh | Now_lr 0.0100/0.0100 | Lambda 0.1446 | Train Loss 0.0817 | Valid Loss 1.9804 | Train Acc 97.0379| Valid Acc 53.8455
TestSub: S[11, 12, 13, 14, 15] Epoch 41 Finsh | Now_lr 0.0100/0.0100 | Lambda 0.1451 | Train Loss 0.0783 | Valid Loss 2.0845 | Train Acc 97.1522| Valid Acc 52.0610
TestSub: S[11, 12, 13, 14, 15] Epoch 42 Finsh | Now_lr 0.0100/0.0100 | Lambda 0.1456 | Train Loss 0.0793 | Valid Loss 2.2649 | Train Acc 97.1212| Valid Acc 53.8698
TestSub: S[11, 12, 13, 14, 15] Epoch 43 Finsh | Now_lr 0.0100/0.0100 | Lambda 0.1460 | Train Loss 0.0785 | Valid Loss 1.8277 | Train Acc 97.1997| Valid Acc 53.2132
TestSub: S[11, 12, 13, 14, 15] Epoch 44 Finsh | Now_lr 0.0100/0.0100 | Lambda 0.1464 | Train Loss 0.0796 | Valid Loss 1.9255 | Train Acc 97.1188| Valid Acc 54.4990
TestSub: S[11, 12, 13, 14, 15] Epoch 45 Finsh | Now_lr 0.0100/0.0100 | Lambda 0.1467 | Train Loss 0.0756 | Valid Loss 1.8493 | Train Acc 97.3389| Valid Acc 54.6024
TestSub: S[11, 12, 13, 14, 15] Epoch 46 Finsh | Now_lr 0.0100/0.0100 | Lambda 0.1470 | Train Loss 0.0773 | Valid Loss 1.8807 | Train Acc 97.2136| Valid Acc 53.8971
TestSub: S[11, 12, 13, 14, 15] Epoch 47 Finsh | Now_lr 0.0100/0.0100 | Lambda 0.1473 | Train Loss 0.0753 | Valid Loss 1.8388 | Train Acc 97.2933| Valid Acc 55.0371
TestSub: S[11, 12, 13, 14, 15] Epoch 48 Finsh | Now_lr 0.0100/0.0100 | Lambda 0.1476 | Train Loss 0.0767 | Valid Loss 1.8537 | Train Acc 97.2319| Valid Acc 52.9973
TestSub: S[11, 12, 13, 14, 15] Epoch 49 Finsh | Now_lr 0.0100/0.0100 | Lambda 0.1478 | Train Loss 0.0738 | Valid Loss 1.6566 | Train Acc 97.4173| Valid Acc 53.1767
TestSub: S[11, 12, 13, 14, 15] Epoch 50 Finsh | Now_lr 0.0100/0.0100 | Lambda 0.1480 | Train Loss 0.0725 | Valid Loss 1.9774 | Train Acc 97.4100| Valid Acc 52.6599
TestSub: S[11, 12, 13, 14, 15] Epoch 51 Finsh | Now_lr 0.0100/0.0100 | Lambda 0.1482 | Train Loss 0.0737 | Valid Loss 1.9307 | Train Acc 97.3973| Valid Acc 54.3106
TestSub: S[11, 12, 13, 14, 15] Epoch 52 Finsh | Now_lr 0.0100/0.0100 | Lambda 0.1484 | Train Loss 0.0731 | Valid Loss 1.7086 | Train Acc 97.3760| Valid Acc 53.6235
TestSub: S[11, 12, 13, 14, 15] Epoch 53 Finsh | Now_lr 0.0100/0.0100 | Lambda 0.1485 | Train Loss 0.0709 | Valid Loss 1.8261 | Train Acc 97.4726| Valid Acc 52.9152
TestSub: S[11, 12, 13, 14, 15] Epoch 54 Finsh | Now_lr 0.0100/0.0100 | Lambda 0.1487 | Train Loss 0.0706 | Valid Loss 1.8152 | Train Acc 97.4842| Valid Acc 53.6296
TestSub: S[11, 12, 13, 14, 15] Epoch 55 Finsh | Now_lr 0.0100/0.0100 | Lambda 0.1488 | Train Loss 0.0709 | Valid Loss 1.8050 | Train Acc 97.4210| Valid Acc 54.3045
TestSub: S[11, 12, 13, 14, 15] Epoch 56 Finsh | Now_lr 0.0100/0.0100 | Lambda 0.1489 | Train Loss 0.0694 | Valid Loss 2.1586 | Train Acc 97.5243| Valid Acc 53.1007
TestSub: S[11, 12, 13, 14, 15] Epoch 57 Finsh | Now_lr 0.0100/0.0100 | Lambda 0.1490 | Train Loss 0.0696 | Valid Loss 1.9276 | Train Acc 97.5304| Valid Acc 53.7543
TestSub: S[11, 12, 13, 14, 15] Epoch 58 Finsh | Now_lr 0.0100/0.0100 | Lambda 0.1491 | Train Loss 0.0668 | Valid Loss 2.2084 | Train Acc 97.6107| Valid Acc 53.2496
TestSub: S[11, 12, 13, 14, 15] Epoch 59 Finsh | Now_lr 0.0100/0.0100 | Lambda 0.1492 | Train Loss 0.0682 | Valid Loss 2.0901 | Train Acc 97.5857| Valid Acc 51.2555
TestSub: S[11, 12, 13, 14, 15] Epoch 60 Finsh | Now_lr 0.0100/0.0100 | Lambda 0.1493 | Train Loss 0.0688 | Valid Loss 2.0166 | Train Acc 97.5888| Valid Acc 53.4229
TestSub: S[11, 12, 13, 14, 15] Epoch 61 Finsh | Now_lr 0.0100/0.0100 | Lambda 0.1493 | Train Loss 0.0677 | Valid Loss 1.8471 | Train Acc 97.5955| Valid Acc 52.8089
TestSub: S[11, 12, 13, 14, 15] Epoch 62 Finsh | Now_lr 0.0100/0.0100 | Lambda 0.1494 | Train Loss 0.0660 | Valid Loss 2.0169 | Train Acc 97.6453| Valid Acc 54.1312
TestSub: S[11, 12, 13, 14, 15] Epoch 63 Finsh | Now_lr 0.0100/0.0100 | Lambda 0.1495 | Train Loss 0.0673 | Valid Loss 1.9065 | Train Acc 97.5967| Valid Acc 56.8762
Validation acc increase (56.052408 --> 56.876216) in epoch (63).  Saving model ...
TestSub: S[11, 12, 13, 14, 15] Epoch 64 Finsh | Now_lr 0.0100/0.0100 | Lambda 0.1495 | Train Loss 0.0670 | Valid Loss 1.8625 | Train Acc 97.6234| Valid Acc 54.1677
TestSub: S[11, 12, 13, 14, 15] Epoch 65 Finsh | Now_lr 0.0100/0.0100 | Lambda 0.1495 | Train Loss 0.0653 | Valid Loss 1.9120 | Train Acc 97.6757| Valid Acc 54.1464
TestSub: S[11, 12, 13, 14, 15] Epoch 66 Finsh | Now_lr 0.0100/0.0100 | Lambda 0.1496 | Train Loss 0.0632 | Valid Loss 2.0745 | Train Acc 97.7718| Valid Acc 52.9122
TestSub: S[11, 12, 13, 14, 15] Epoch 67 Finsh | Now_lr 0.0100/0.0100 | Lambda 0.1496 | Train Loss 0.0652 | Valid Loss 2.0704 | Train Acc 97.7000| Valid Acc 52.3316
TestSub: S[11, 12, 13, 14, 15] Epoch 68 Finsh | Now_lr 0.0100/0.0100 | Lambda 0.1497 | Train Loss 0.0667 | Valid Loss 2.2056 | Train Acc 97.6192| Valid Acc 50.2098
TestSub: S[11, 12, 13, 14, 15] Epoch 69 Finsh | Now_lr 0.0100/0.0100 | Lambda 0.1497 | Train Loss 0.0646 | Valid Loss 1.9867 | Train Acc 97.6800| Valid Acc 51.4075
TestSub: S[11, 12, 13, 14, 15] Epoch 70 Finsh | Now_lr 0.0100/0.0100 | Lambda 0.1497 | Train Loss 0.0660 | Valid Loss 1.8043 | Train Acc 97.6684| Valid Acc 54.1981
TestSub: S[11, 12, 13, 14, 15] Epoch 71 Finsh | Now_lr 0.0100/0.0100 | Lambda 0.1498 | Train Loss 0.0645 | Valid Loss 2.3258 | Train Acc 97.7025| Valid Acc 52.0884
TestSub: S[11, 12, 13, 14, 15] Epoch 72 Finsh | Now_lr 0.0100/0.0100 | Lambda 0.1498 | Train Loss 0.0630 | Valid Loss 2.0059 | Train Acc 97.7462| Valid Acc 54.2923
TestSub: S[11, 12, 13, 14, 15] Epoch 73 Finsh | Now_lr 0.0100/0.0100 | Lambda 0.1498 | Train Loss 0.0642 | Valid Loss 2.0293 | Train Acc 97.7225| Valid Acc 52.0215
TestSub: S[11, 12, 13, 14, 15] Epoch 74 Finsh | Now_lr 0.0100/0.0100 | Lambda 0.1498 | Train Loss 0.0630 | Valid Loss 1.9987 | Train Acc 97.7639| Valid Acc 54.6176
TestSub: S[11, 12, 13, 14, 15] Epoch 75 Finsh | Now_lr 0.0100/0.0100 | Lambda 0.1498 | Train Loss 0.0637 | Valid Loss 2.2795 | Train Acc 97.7353| Valid Acc 50.5259
TestSub: S[11, 12, 13, 14, 15] Epoch 76 Finsh | Now_lr 0.0100/0.0100 | Lambda 0.1498 | Train Loss 0.0642 | Valid Loss 2.3617 | Train Acc 97.7329| Valid Acc 53.1432
TestSub: S[11, 12, 13, 14, 15] Epoch 77 Finsh | Now_lr 0.0100/0.0100 | Lambda 0.1499 | Train Loss 0.0624 | Valid Loss 2.0035 | Train Acc 97.8295| Valid Acc 54.7696
TestSub: S[11, 12, 13, 14, 15] Epoch 78 Finsh | Now_lr 0.0100/0.0100 | Lambda 0.1499 | Train Loss 0.0613 | Valid Loss 2.2926 | Train Acc 97.8538| Valid Acc 52.0641
TestSub: S[11, 12, 13, 14, 15] Epoch 79 Finsh | Now_lr 0.0100/0.0100 | Lambda 0.1499 | Train Loss 0.0617 | Valid Loss 2.6322 | Train Acc 97.7961| Valid Acc 50.0426
TestSub: S[11, 12, 13, 14, 15] Epoch 80 Finsh | Now_lr 0.0100/0.0100 | Lambda 0.1499 | Train Loss 0.0623 | Valid Loss 2.2513 | Train Acc 97.8137| Valid Acc 50.0578
TestSub: S[11, 12, 13, 14, 15] Epoch 81 Finsh | Now_lr 0.0100/0.0100 | Lambda 0.1499 | Train Loss 0.0609 | Valid Loss 2.3697 | Train Acc 97.8739| Valid Acc 51.3284
TestSub: S[11, 12, 13, 14, 15] Epoch 82 Finsh | Now_lr 0.0100/0.0100 | Lambda 0.1499 | Train Loss 0.0614 | Valid Loss 1.8624 | Train Acc 97.8119| Valid Acc 53.0612
TestSub: S[11, 12, 13, 14, 15] Epoch 83 Finsh | Now_lr 0.0100/0.0100 | Lambda 0.1499 | Train Loss 0.0626 | Valid Loss 2.1305 | Train Acc 97.7906| Valid Acc 52.5839
TestSub: S[11, 12, 13, 14, 15] Epoch 84 Finsh | Now_lr 0.0100/0.0100 | Lambda 0.1499 | Train Loss 0.0604 | Valid Loss 2.4252 | Train Acc 97.8508| Valid Acc 49.6504
TestSub: S[11, 12, 13, 14, 15] Epoch 85 Finsh | Now_lr 0.0100/0.0100 | Lambda 0.1499 | Train Loss 0.0619 | Valid Loss 2.0459 | Train Acc 97.8107| Valid Acc 53.4199
TestSub: S[11, 12, 13, 14, 15] Epoch 86 Finsh | Now_lr 0.0100/0.0100 | Lambda 0.1499 | Train Loss 0.0605 | Valid Loss 2.1016 | Train Acc 97.8891| Valid Acc 52.4836
TestSub: S[11, 12, 13, 14, 15] Epoch 87 Finsh | Now_lr 0.0100/0.0100 | Lambda 0.1500 | Train Loss 0.0608 | Valid Loss 2.4413 | Train Acc 97.8599| Valid Acc 50.5046
TestSub: S[11, 12, 13, 14, 15] Epoch 88 Finsh | Now_lr 0.0100/0.0100 | Lambda 0.1500 | Train Loss 0.0621 | Valid Loss 2.3957 | Train Acc 97.7973| Valid Acc 53.4047
TestSub: S[11, 12, 13, 14, 15] Epoch 89 Finsh | Now_lr 0.0100/0.0100 | Lambda 0.1500 | Train Loss 0.0588 | Valid Loss 2.3985 | Train Acc 97.9080| Valid Acc 49.1124
TestSub: S[11, 12, 13, 14, 15] Epoch 90 Finsh | Now_lr 0.0100/0.0100 | Lambda 0.1500 | Train Loss 0.0600 | Valid Loss 2.0481 | Train Acc 97.8684| Valid Acc 54.4321
TestSub: S[11, 12, 13, 14, 15] Epoch 91 Finsh | Now_lr 0.0100/0.0100 | Lambda 0.1500 | Train Loss 0.0610 | Valid Loss 2.3554 | Train Acc 97.8526| Valid Acc 50.9667
TestSub: S[11, 12, 13, 14, 15] Epoch 92 Finsh | Now_lr 0.0100/0.0100 | Lambda 0.1500 | Train Loss 0.0597 | Valid Loss 2.5870 | Train Acc 97.8794| Valid Acc 50.2006
TestSub: S[11, 12, 13, 14, 15] Epoch 93 Finsh | Now_lr 0.0100/0.0100 | Lambda 0.1500 | Train Loss 0.0601 | Valid Loss 2.3600 | Train Acc 97.8940| Valid Acc 54.2984
Early stopping triggered after 93 epochs (30 epochs without improvement)
--------------------------------------------------
Test_Subject :S[11, 12, 13, 14, 15] |Best epoch:63 | Test Loss:1.9065 | Best Acc 56.8762 | Savemodel Acc 56.8762
--------------------------------------------------

========== Fold 4 ==========
Train IDs: [1, 2, 3, 4, 5, 6, 7, 8, 9, 10, 11, 12, 13, 14, 15, 21, 22, 23, 24, 25, 26, 27, 28, 29, 30]
Val IDs:   [16, 17, 18, 19, 20]
train_data_shape(164500, 32, 128),val_data_shape(32900, 32, 128)
=================================================================
Layer (type:depth-idx)                   Param #
=================================================================
DARNet                                   --
├─TokenEmbedding: 1-1                    --
│    └─Sequential: 2-1                   --
│    │    └─Conv2d: 3-1                  576
│    │    └─BatchNorm2d: 3-2             128
│    │    └─GELU: 3-3                    --
│    └─Sequential: 2-2                   --
│    │    └─Conv2d: 3-4                  32,784
│    │    └─BatchNorm2d: 3-5             32
│    │    └─GELU: 3-6                    --
│    └─PositionalEmbedding: 2-3          --
├─Flatten: 1-2                           --
├─Linear: 1-3                            18
├─AttnRefine: 1-4                        --
│    └─MyAttention: 2-4                  --
│    │    └─Attention: 3-7               800
│    └─Refine: 2-5                       --
│    │    └─Conv1d: 3-8                  784
│    │    └─BatchNorm1d: 3-9             32
│    │    └─ELU: 3-10                    --
│    │    └─MaxPool1d: 3-11              --
│    └─AdaptiveAvgPool1d: 2-6            --
│    └─Linear: 2-7                       68
│    └─Flatten: 2-8                      --
├─AttnRefine: 1-5                        --
│    └─MyAttention: 2-9                  --
│    │    └─Attention: 3-12              800
│    └─Refine: 2-10                      --
│    │    └─Conv1d: 3-13                 784
│    │    └─BatchNorm1d: 3-14            32
│    │    └─ELU: 3-15                    --
│    │    └─MaxPool1d: 3-16              --
│    └─AdaptiveAvgPool1d: 2-11           --
│    └─Linear: 2-12                      68
│    └─Flatten: 2-13                     --
├─GradientReversalLayer: 1-6             --
├─SubjectDiscriminator: 1-7              --
│    └─Sequential: 2-14                  --
│    │    └─Linear: 3-17                 2,304
│    │    └─ReLU: 3-18                   --
│    │    └─Dropout: 3-19                --
│    │    └─Linear: 3-20                 32,896
│    │    └─ReLU: 3-21                   --
│    │    └─Dropout: 3-22                --
│    │    └─Linear: 3-23                 3,870
=================================================================
Total params: 75,976
Trainable params: 75,976
Non-trainable params: 0
=================================================================
TestSub: S[16, 17, 18, 19, 20] Epoch  1 Finsh | Now_lr 0.0100/0.0100 | Lambda 0.0075 | Train Loss 0.5014 | Valid Loss 1.1422 | Train Acc 73.8722| Valid Acc 51.2433
Validation acc increase (0.000000 --> 51.243312) in epoch (1).  Saving model ...
TestSub: S[16, 17, 18, 19, 20] Epoch  2 Finsh | Now_lr 0.0100/0.0100 | Lambda 0.0150 | Train Loss 0.3540 | Valid Loss 1.5101 | Train Acc 84.0011| Valid Acc 51.8087
Validation acc increase (51.243312 --> 51.808731) in epoch (2).  Saving model ...
TestSub: S[16, 17, 18, 19, 20] Epoch  3 Finsh | Now_lr 0.0100/0.0100 | Lambda 0.0223 | Train Loss 0.3088 | Valid Loss 1.6059 | Train Acc 86.4968| Valid Acc 49.1306
TestSub: S[16, 17, 18, 19, 20] Epoch  4 Finsh | Now_lr 0.0100/0.0100 | Lambda 0.0296 | Train Loss 0.2842 | Valid Loss 1.5242 | Train Acc 87.8192| Valid Acc 49.6443
TestSub: S[16, 17, 18, 19, 20] Epoch  5 Finsh | Now_lr 0.0100/0.0100 | Lambda 0.0367 | Train Loss 0.2694 | Valid Loss 1.4728 | Train Acc 88.5457| Valid Acc 51.8938
Validation acc increase (51.808731 --> 51.893847) in epoch (5).  Saving model ...
TestSub: S[16, 17, 18, 19, 20] Epoch  6 Finsh | Now_lr 0.0100/0.0100 | Lambda 0.0437 | Train Loss 0.2547 | Valid Loss 1.5473 | Train Acc 89.2954| Valid Acc 47.7414
TestSub: S[16, 17, 18, 19, 20] Epoch  7 Finsh | Now_lr 0.0100/0.0100 | Lambda 0.0505 | Train Loss 0.2485 | Valid Loss 1.5536 | Train Acc 89.6249| Valid Acc 48.7415
TestSub: S[16, 17, 18, 19, 20] Epoch  8 Finsh | Now_lr 0.0100/0.0100 | Lambda 0.0570 | Train Loss 0.2426 | Valid Loss 1.6906 | Train Acc 89.9033| Valid Acc 48.6807
TestSub: S[16, 17, 18, 19, 20] Epoch  9 Finsh | Now_lr 0.0100/0.0100 | Lambda 0.0633 | Train Loss 0.2366 | Valid Loss 1.6747 | Train Acc 90.2614| Valid Acc 50.1642
TestSub: S[16, 17, 18, 19, 20] Epoch 10 Finsh | Now_lr 0.0100/0.0100 | Lambda 0.0693 | Train Loss 0.2342 | Valid Loss 1.5689 | Train Acc 90.2450| Valid Acc 49.6200
TestSub: S[16, 17, 18, 19, 20] Epoch 11 Finsh | Now_lr 0.0100/0.0100 | Lambda 0.0751 | Train Loss 0.2271 | Valid Loss 1.6814 | Train Acc 90.7223| Valid Acc 50.1611
TestSub: S[16, 17, 18, 19, 20] Epoch 12 Finsh | Now_lr 0.0100/0.0100 | Lambda 0.0806 | Train Loss 0.2163 | Valid Loss 1.7400 | Train Acc 91.2129| Valid Acc 47.0483
TestSub: S[16, 17, 18, 19, 20] Epoch 13 Finsh | Now_lr 0.0100/0.0100 | Lambda 0.0858 | Train Loss 0.2033 | Valid Loss 1.9104 | Train Acc 91.7175| Valid Acc 49.9726
TestSub: S[16, 17, 18, 19, 20] Epoch 14 Finsh | Now_lr 0.0100/0.0100 | Lambda 0.0907 | Train Loss 0.1903 | Valid Loss 1.9810 | Train Acc 92.3346| Valid Acc 48.2490
TestSub: S[16, 17, 18, 19, 20] Epoch 15 Finsh | Now_lr 0.0100/0.0100 | Lambda 0.0953 | Train Loss 0.1753 | Valid Loss 1.7625 | Train Acc 92.9797| Valid Acc 46.6166
TestSub: S[16, 17, 18, 19, 20] Epoch 16 Finsh | Now_lr 0.0100/0.0100 | Lambda 0.0996 | Train Loss 0.1584 | Valid Loss 2.0413 | Train Acc 93.8096| Valid Acc 48.8996
TestSub: S[16, 17, 18, 19, 20] Epoch 17 Finsh | Now_lr 0.0100/0.0100 | Lambda 0.1037 | Train Loss 0.1471 | Valid Loss 2.0652 | Train Acc 94.2145| Valid Acc 46.6744
TestSub: S[16, 17, 18, 19, 20] Epoch 18 Finsh | Now_lr 0.0100/0.0100 | Lambda 0.1074 | Train Loss 0.1368 | Valid Loss 2.2346 | Train Acc 94.6899| Valid Acc 47.2398
TestSub: S[16, 17, 18, 19, 20] Epoch 19 Finsh | Now_lr 0.0100/0.0100 | Lambda 0.1110 | Train Loss 0.1289 | Valid Loss 2.5356 | Train Acc 95.0584| Valid Acc 48.4193
TestSub: S[16, 17, 18, 19, 20] Epoch 20 Finsh | Now_lr 0.0100/0.0100 | Lambda 0.1142 | Train Loss 0.1226 | Valid Loss 2.2942 | Train Acc 95.3277| Valid Acc 48.7293
TestSub: S[16, 17, 18, 19, 20] Epoch 21 Finsh | Now_lr 0.0100/0.0100 | Lambda 0.1173 | Train Loss 0.1188 | Valid Loss 2.2034 | Train Acc 95.5235| Valid Acc 49.1002
TestSub: S[16, 17, 18, 19, 20] Epoch 22 Finsh | Now_lr 0.0100/0.0100 | Lambda 0.1201 | Train Loss 0.1140 | Valid Loss 2.3825 | Train Acc 95.6414| Valid Acc 48.4801
TestSub: S[16, 17, 18, 19, 20] Epoch 23 Finsh | Now_lr 0.0100/0.0100 | Lambda 0.1227 | Train Loss 0.1070 | Valid Loss 2.4434 | Train Acc 95.9934| Valid Acc 49.4528
TestSub: S[16, 17, 18, 19, 20] Epoch 24 Finsh | Now_lr 0.0100/0.0100 | Lambda 0.1250 | Train Loss 0.1014 | Valid Loss 2.3644 | Train Acc 96.2239| Valid Acc 49.4893
TestSub: S[16, 17, 18, 19, 20] Epoch 25 Finsh | Now_lr 0.0100/0.0100 | Lambda 0.1272 | Train Loss 0.0997 | Valid Loss 2.4922 | Train Acc 96.3467| Valid Acc 48.5500
TestSub: S[16, 17, 18, 19, 20] Epoch 26 Finsh | Now_lr 0.0100/0.0100 | Lambda 0.1293 | Train Loss 0.0959 | Valid Loss 2.3962 | Train Acc 96.5193| Valid Acc 47.0696
TestSub: S[16, 17, 18, 19, 20] Epoch 27 Finsh | Now_lr 0.0100/0.0100 | Lambda 0.1311 | Train Loss 0.0926 | Valid Loss 2.6425 | Train Acc 96.6300| Valid Acc 48.0788
TestSub: S[16, 17, 18, 19, 20] Epoch 28 Finsh | Now_lr 0.0100/0.0100 | Lambda 0.1328 | Train Loss 0.0901 | Valid Loss 2.5021 | Train Acc 96.7248| Valid Acc 46.1393
TestSub: S[16, 17, 18, 19, 20] Epoch 29 Finsh | Now_lr 0.0100/0.0100 | Lambda 0.1344 | Train Loss 0.0880 | Valid Loss 2.3631 | Train Acc 96.8647| Valid Acc 49.0424
TestSub: S[16, 17, 18, 19, 20] Epoch 30 Finsh | Now_lr 0.0100/0.0100 | Lambda 0.1358 | Train Loss 0.0846 | Valid Loss 2.7581 | Train Acc 96.9486| Valid Acc 49.4376
TestSub: S[16, 17, 18, 19, 20] Epoch 31 Finsh | Now_lr 0.0100/0.0100 | Lambda 0.1371 | Train Loss 0.0861 | Valid Loss 2.5741 | Train Acc 96.8932| Valid Acc 48.7263
TestSub: S[16, 17, 18, 19, 20] Epoch 32 Finsh | Now_lr 0.0100/0.0100 | Lambda 0.1383 | Train Loss 0.0804 | Valid Loss 2.5286 | Train Acc 97.1182| Valid Acc 48.6929
TestSub: S[16, 17, 18, 19, 20] Epoch 33 Finsh | Now_lr 0.0100/0.0100 | Lambda 0.1393 | Train Loss 0.0821 | Valid Loss 2.5023 | Train Acc 97.0118| Valid Acc 48.7810
TestSub: S[16, 17, 18, 19, 20] Epoch 34 Finsh | Now_lr 0.0100/0.0100 | Lambda 0.1403 | Train Loss 0.0787 | Valid Loss 2.6347 | Train Acc 97.1753| Valid Acc 49.3799
TestSub: S[16, 17, 18, 19, 20] Epoch 35 Finsh | Now_lr 0.0100/0.0100 | Lambda 0.1412 | Train Loss 0.0793 | Valid Loss 2.6118 | Train Acc 97.1759| Valid Acc 48.5378
Early stopping triggered after 35 epochs (30 epochs without improvement)
--------------------------------------------------
Test_Subject :S[16, 17, 18, 19, 20] |Best epoch:5 | Test Loss:1.4728 | Best Acc 51.8938 | Savemodel Acc 51.8938
--------------------------------------------------

========== Fold 5 ==========
Train IDs: [1, 2, 3, 4, 5, 6, 7, 8, 9, 10, 11, 12, 13, 14, 15, 16, 17, 18, 19, 20, 26, 27, 28, 29, 30]
Val IDs:   [21, 22, 23, 24, 25]
train_data_shape(164500, 32, 128),val_data_shape(32900, 32, 128)
=================================================================
Layer (type:depth-idx)                   Param #
=================================================================
DARNet                                   --
├─TokenEmbedding: 1-1                    --
│    └─Sequential: 2-1                   --
│    │    └─Conv2d: 3-1                  576
│    │    └─BatchNorm2d: 3-2             128
│    │    └─GELU: 3-3                    --
│    └─Sequential: 2-2                   --
│    │    └─Conv2d: 3-4                  32,784
│    │    └─BatchNorm2d: 3-5             32
│    │    └─GELU: 3-6                    --
│    └─PositionalEmbedding: 2-3          --
├─Flatten: 1-2                           --
├─Linear: 1-3                            18
├─AttnRefine: 1-4                        --
│    └─MyAttention: 2-4                  --
│    │    └─Attention: 3-7               800
│    └─Refine: 2-5                       --
│    │    └─Conv1d: 3-8                  784
│    │    └─BatchNorm1d: 3-9             32
│    │    └─ELU: 3-10                    --
│    │    └─MaxPool1d: 3-11              --
│    └─AdaptiveAvgPool1d: 2-6            --
│    └─Linear: 2-7                       68
│    └─Flatten: 2-8                      --
├─AttnRefine: 1-5                        --
│    └─MyAttention: 2-9                  --
│    │    └─Attention: 3-12              800
│    └─Refine: 2-10                      --
│    │    └─Conv1d: 3-13                 784
│    │    └─BatchNorm1d: 3-14            32
│    │    └─ELU: 3-15                    --
│    │    └─MaxPool1d: 3-16              --
│    └─AdaptiveAvgPool1d: 2-11           --
│    └─Linear: 2-12                      68
│    └─Flatten: 2-13                     --
├─GradientReversalLayer: 1-6             --
├─SubjectDiscriminator: 1-7              --
│    └─Sequential: 2-14                  --
│    │    └─Linear: 3-17                 2,304
│    │    └─ReLU: 3-18                   --
│    │    └─Dropout: 3-19                --
│    │    └─Linear: 3-20                 32,896
│    │    └─ReLU: 3-21                   --
│    │    └─Dropout: 3-22                --
│    │    └─Linear: 3-23                 3,870
=================================================================
Total params: 75,976
Trainable params: 75,976
Non-trainable params: 0
=================================================================
TestSub: S[21, 22, 23, 24, 25] Epoch  1 Finsh | Now_lr 0.0100/0.0100 | Lambda 0.0075 | Train Loss 0.4785 | Valid Loss 1.3756 | Train Acc 75.0717| Valid Acc 49.0637
Validation acc increase (0.000000 --> 49.063716) in epoch (1).  Saving model ...
TestSub: S[21, 22, 23, 24, 25] Epoch  2 Finsh | Now_lr 0.0100/0.0100 | Lambda 0.0150 | Train Loss 0.3267 | Valid Loss 1.6439 | Train Acc 85.5806| Valid Acc 49.6322
Validation acc increase (49.063716 --> 49.632174) in epoch (2).  Saving model ...
TestSub: S[21, 22, 23, 24, 25] Epoch  3 Finsh | Now_lr 0.0100/0.0100 | Lambda 0.0223 | Train Loss 0.2811 | Valid Loss 1.7345 | Train Acc 88.0776| Valid Acc 50.1702
Validation acc increase (49.632174 --> 50.170233) in epoch (3).  Saving model ...
TestSub: S[21, 22, 23, 24, 25] Epoch  4 Finsh | Now_lr 0.0100/0.0100 | Lambda 0.0296 | Train Loss 0.2651 | Valid Loss 1.6983 | Train Acc 88.8309| Valid Acc 49.7386
TestSub: S[21, 22, 23, 24, 25] Epoch  5 Finsh | Now_lr 0.0100/0.0100 | Lambda 0.0367 | Train Loss 0.2505 | Valid Loss 1.9450 | Train Acc 89.5708| Valid Acc 48.3341
TestSub: S[21, 22, 23, 24, 25] Epoch  6 Finsh | Now_lr 0.0100/0.0100 | Lambda 0.0437 | Train Loss 0.2407 | Valid Loss 1.8458 | Train Acc 90.0146| Valid Acc 49.8146
TestSub: S[21, 22, 23, 24, 25] Epoch  7 Finsh | Now_lr 0.0100/0.0100 | Lambda 0.0505 | Train Loss 0.2358 | Valid Loss 1.9860 | Train Acc 90.2937| Valid Acc 48.5834
TestSub: S[21, 22, 23, 24, 25] Epoch  8 Finsh | Now_lr 0.0100/0.0100 | Lambda 0.0570 | Train Loss 0.2255 | Valid Loss 1.9467 | Train Acc 90.6973| Valid Acc 46.9267
TestSub: S[21, 22, 23, 24, 25] Epoch  9 Finsh | Now_lr 0.0100/0.0100 | Lambda 0.0633 | Train Loss 0.2191 | Valid Loss 1.8011 | Train Acc 91.0056| Valid Acc 49.5440
TestSub: S[21, 22, 23, 24, 25] Epoch 10 Finsh | Now_lr 0.0100/0.0100 | Lambda 0.0693 | Train Loss 0.2078 | Valid Loss 1.8109 | Train Acc 91.5990| Valid Acc 51.9972
Validation acc increase (50.170233 --> 51.997203) in epoch (10).  Saving model ...
TestSub: S[21, 22, 23, 24, 25] Epoch 11 Finsh | Now_lr 0.0100/0.0100 | Lambda 0.0751 | Train Loss 0.1943 | Valid Loss 1.8369 | Train Acc 92.1583| Valid Acc 52.3833
Validation acc increase (51.997203 --> 52.383268) in epoch (11).  Saving model ...
TestSub: S[21, 22, 23, 24, 25] Epoch 12 Finsh | Now_lr 0.0100/0.0100 | Lambda 0.0806 | Train Loss 0.1795 | Valid Loss 1.7928 | Train Acc 92.9080| Valid Acc 51.9942
TestSub: S[21, 22, 23, 24, 25] Epoch 13 Finsh | Now_lr 0.0100/0.0100 | Lambda 0.0858 | Train Loss 0.1637 | Valid Loss 2.2922 | Train Acc 93.6144| Valid Acc 51.3345
TestSub: S[21, 22, 23, 24, 25] Epoch 14 Finsh | Now_lr 0.0100/0.0100 | Lambda 0.0907 | Train Loss 0.1501 | Valid Loss 2.0319 | Train Acc 94.1628| Valid Acc 51.0548
TestSub: S[21, 22, 23, 24, 25] Epoch 15 Finsh | Now_lr 0.0100/0.0100 | Lambda 0.0953 | Train Loss 0.1364 | Valid Loss 2.2655 | Train Acc 94.7890| Valid Acc 51.4318
TestSub: S[21, 22, 23, 24, 25] Epoch 16 Finsh | Now_lr 0.0100/0.0100 | Lambda 0.0996 | Train Loss 0.1239 | Valid Loss 2.2307 | Train Acc 95.2456| Valid Acc 50.6414
TestSub: S[21, 22, 23, 24, 25] Epoch 17 Finsh | Now_lr 0.0100/0.0100 | Lambda 0.1037 | Train Loss 0.1161 | Valid Loss 2.0288 | Train Acc 95.6414| Valid Acc 48.9786
TestSub: S[21, 22, 23, 24, 25] Epoch 18 Finsh | Now_lr 0.0100/0.0100 | Lambda 0.1074 | Train Loss 0.1087 | Valid Loss 2.1882 | Train Acc 95.9241| Valid Acc 50.1155
TestSub: S[21, 22, 23, 24, 25] Epoch 19 Finsh | Now_lr 0.0100/0.0100 | Lambda 0.1110 | Train Loss 0.1042 | Valid Loss 2.4872 | Train Acc 96.1114| Valid Acc 51.2464
TestSub: S[21, 22, 23, 24, 25] Epoch 20 Finsh | Now_lr 0.0100/0.0100 | Lambda 0.1142 | Train Loss 0.0976 | Valid Loss 2.3461 | Train Acc 96.3321| Valid Acc 51.6142
TestSub: S[21, 22, 23, 24, 25] Epoch 21 Finsh | Now_lr 0.0100/0.0100 | Lambda 0.1173 | Train Loss 0.0949 | Valid Loss 2.3414 | Train Acc 96.4756| Valid Acc 52.1826
TestSub: S[21, 22, 23, 24, 25] Epoch 22 Finsh | Now_lr 0.0100/0.0100 | Lambda 0.1201 | Train Loss 0.0853 | Valid Loss 2.5860 | Train Acc 96.8829| Valid Acc 50.7174
TestSub: S[21, 22, 23, 24, 25] Epoch 23 Finsh | Now_lr 0.0100/0.0100 | Lambda 0.1227 | Train Loss 0.0864 | Valid Loss 2.7771 | Train Acc 96.8136| Valid Acc 46.3461
TestSub: S[21, 22, 23, 24, 25] Epoch 24 Finsh | Now_lr 0.0100/0.0100 | Lambda 0.1250 | Train Loss 0.0815 | Valid Loss 2.6106 | Train Acc 96.9863| Valid Acc 49.0607
TestSub: S[21, 22, 23, 24, 25] Epoch 25 Finsh | Now_lr 0.0100/0.0100 | Lambda 0.1272 | Train Loss 0.0793 | Valid Loss 2.6859 | Train Acc 97.1109| Valid Acc 49.9027
TestSub: S[21, 22, 23, 24, 25] Epoch 26 Finsh | Now_lr 0.0100/0.0100 | Lambda 0.1293 | Train Loss 0.0807 | Valid Loss 2.4961 | Train Acc 97.0696| Valid Acc 51.8908
TestSub: S[21, 22, 23, 24, 25] Epoch 27 Finsh | Now_lr 0.0100/0.0100 | Lambda 0.1311 | Train Loss 0.0788 | Valid Loss 2.5254 | Train Acc 97.2009| Valid Acc 50.9788
TestSub: S[21, 22, 23, 24, 25] Epoch 28 Finsh | Now_lr 0.0100/0.0100 | Lambda 0.1328 | Train Loss 0.0795 | Valid Loss 2.6046 | Train Acc 97.1510| Valid Acc 48.1761
TestSub: S[21, 22, 23, 24, 25] Epoch 29 Finsh | Now_lr 0.0100/0.0100 | Lambda 0.1344 | Train Loss 0.0738 | Valid Loss 2.1384 | Train Acc 97.3571| Valid Acc 50.9515
TestSub: S[21, 22, 23, 24, 25] Epoch 30 Finsh | Now_lr 0.0100/0.0100 | Lambda 0.1358 | Train Loss 0.0742 | Valid Loss 2.4929 | Train Acc 97.3365| Valid Acc 50.4225
TestSub: S[21, 22, 23, 24, 25] Epoch 31 Finsh | Now_lr 0.0100/0.0100 | Lambda 0.1371 | Train Loss 0.0753 | Valid Loss 2.3268 | Train Acc 97.2805| Valid Acc 50.3830
TestSub: S[21, 22, 23, 24, 25] Epoch 32 Finsh | Now_lr 0.0100/0.0100 | Lambda 0.1383 | Train Loss 0.0753 | Valid Loss 2.1488 | Train Acc 97.2830| Valid Acc 50.6809
TestSub: S[21, 22, 23, 24, 25] Epoch 33 Finsh | Now_lr 0.0100/0.0100 | Lambda 0.1393 | Train Loss 0.0709 | Valid Loss 2.4921 | Train Acc 97.4702| Valid Acc 51.1734
TestSub: S[21, 22, 23, 24, 25] Epoch 34 Finsh | Now_lr 0.0100/0.0100 | Lambda 0.1403 | Train Loss 0.0729 | Valid Loss 2.4555 | Train Acc 97.3425| Valid Acc 51.1552
TestSub: S[21, 22, 23, 24, 25] Epoch 35 Finsh | Now_lr 0.0100/0.0100 | Lambda 0.1412 | Train Loss 0.0678 | Valid Loss 2.4508 | Train Acc 97.5736| Valid Acc 50.1702
TestSub: S[21, 22, 23, 24, 25] Epoch 36 Finsh | Now_lr 0.0100/0.0100 | Lambda 0.1420 | Train Loss 0.0696 | Valid Loss 2.2507 | Train Acc 97.4264| Valid Acc 50.1946
TestSub: S[21, 22, 23, 24, 25] Epoch 37 Finsh | Now_lr 0.0100/0.0100 | Lambda 0.1428 | Train Loss 0.0700 | Valid Loss 2.5661 | Train Acc 97.5304| Valid Acc 49.9392
TestSub: S[21, 22, 23, 24, 25] Epoch 38 Finsh | Now_lr 0.0100/0.0100 | Lambda 0.1434 | Train Loss 0.0659 | Valid Loss 2.4410 | Train Acc 97.6836| Valid Acc 50.2888
TestSub: S[21, 22, 23, 24, 25] Epoch 39 Finsh | Now_lr 0.0100/0.0100 | Lambda 0.1440 | Train Loss 0.0668 | Valid Loss 2.4776 | Train Acc 97.6167| Valid Acc 49.1184
TestSub: S[21, 22, 23, 24, 25] Epoch 40 Finsh | Now_lr 0.0100/0.0100 | Lambda 0.1446 | Train Loss 0.0682 | Valid Loss 2.2720 | Train Acc 97.5723| Valid Acc 48.0423
TestSub: S[21, 22, 23, 24, 25] Epoch 41 Finsh | Now_lr 0.0100/0.0100 | Lambda 0.1451 | Train Loss 0.0696 | Valid Loss 2.3801 | Train Acc 97.5073| Valid Acc 47.7201
Early stopping triggered after 41 epochs (30 epochs without improvement)
--------------------------------------------------
Test_Subject :S[21, 22, 23, 24, 25] |Best epoch:11 | Test Loss:1.8369 | Best Acc 52.3833 | Savemodel Acc 52.3833
--------------------------------------------------

========== Fold 6 ==========
Train IDs: [1, 2, 3, 4, 5, 6, 7, 8, 9, 10, 11, 12, 13, 14, 15, 16, 17, 18, 19, 20, 21, 22, 23, 24, 25]
Val IDs:   [26, 27, 28, 29, 30]
train_data_shape(164500, 32, 128),val_data_shape(32900, 32, 128)
=================================================================
Layer (type:depth-idx)                   Param #
=================================================================
DARNet                                   --
├─TokenEmbedding: 1-1                    --
│    └─Sequential: 2-1                   --
│    │    └─Conv2d: 3-1                  576
│    │    └─BatchNorm2d: 3-2             128
│    │    └─GELU: 3-3                    --
│    └─Sequential: 2-2                   --
│    │    └─Conv2d: 3-4                  32,784
│    │    └─BatchNorm2d: 3-5             32
│    │    └─GELU: 3-6                    --
│    └─PositionalEmbedding: 2-3          --
├─Flatten: 1-2                           --
├─Linear: 1-3                            18
├─AttnRefine: 1-4                        --
│    └─MyAttention: 2-4                  --
│    │    └─Attention: 3-7               800
│    └─Refine: 2-5                       --
│    │    └─Conv1d: 3-8                  784
│    │    └─BatchNorm1d: 3-9             32
│    │    └─ELU: 3-10                    --
│    │    └─MaxPool1d: 3-11              --
│    └─AdaptiveAvgPool1d: 2-6            --
│    └─Linear: 2-7                       68
│    └─Flatten: 2-8                      --
├─AttnRefine: 1-5                        --
│    └─MyAttention: 2-9                  --
│    │    └─Attention: 3-12              800
│    └─Refine: 2-10                      --
│    │    └─Conv1d: 3-13                 784
│    │    └─BatchNorm1d: 3-14            32
│    │    └─ELU: 3-15                    --
│    │    └─MaxPool1d: 3-16              --
│    └─AdaptiveAvgPool1d: 2-11           --
│    └─Linear: 2-12                      68
│    └─Flatten: 2-13                     --
├─GradientReversalLayer: 1-6             --
├─SubjectDiscriminator: 1-7              --
│    └─Sequential: 2-14                  --
│    │    └─Linear: 3-17                 2,304
│    │    └─ReLU: 3-18                   --
│    │    └─Dropout: 3-19                --
│    │    └─Linear: 3-20                 32,896
│    │    └─ReLU: 3-21                   --
│    │    └─Dropout: 3-22                --
│    │    └─Linear: 3-23                 3,870
=================================================================
Total params: 75,976
Trainable params: 75,976
Non-trainable params: 0
=================================================================
TestSub: S[26, 27, 28, 29, 30] Epoch  1 Finsh | Now_lr 0.0100/0.0100 | Lambda 0.0075 | Train Loss 0.4986 | Valid Loss 1.3905 | Train Acc 74.2011| Valid Acc 51.1916
Validation acc increase (0.000000 --> 51.191634) in epoch (1).  Saving model ...
TestSub: S[26, 27, 28, 29, 30] Epoch  2 Finsh | Now_lr 0.0100/0.0100 | Lambda 0.0150 | Train Loss 0.3330 | Valid Loss 1.5415 | Train Acc 85.3532| Valid Acc 48.6503
TestSub: S[26, 27, 28, 29, 30] Epoch  3 Finsh | Now_lr 0.0100/0.0100 | Lambda 0.0223 | Train Loss 0.2864 | Valid Loss 1.5768 | Train Acc 87.9505| Valid Acc 48.4649
TestSub: S[26, 27, 28, 29, 30] Epoch  4 Finsh | Now_lr 0.0100/0.0100 | Lambda 0.0296 | Train Loss 0.2621 | Valid Loss 1.8417 | Train Acc 89.0716| Valid Acc 49.5319
TestSub: S[26, 27, 28, 29, 30] Epoch  5 Finsh | Now_lr 0.0100/0.0100 | Lambda 0.0367 | Train Loss 0.2464 | Valid Loss 1.7415 | Train Acc 89.8255| Valid Acc 52.1948
Validation acc increase (51.191634 --> 52.194796) in epoch (5).  Saving model ...
TestSub: S[26, 27, 28, 29, 30] Epoch  6 Finsh | Now_lr 0.0100/0.0100 | Lambda 0.0437 | Train Loss 0.2337 | Valid Loss 1.5424 | Train Acc 90.4213| Valid Acc 52.6234
Validation acc increase (52.194796 --> 52.623419) in epoch (6).  Saving model ...
TestSub: S[26, 27, 28, 29, 30] Epoch  7 Finsh | Now_lr 0.0100/0.0100 | Lambda 0.0505 | Train Loss 0.2250 | Valid Loss 1.7529 | Train Acc 90.8159| Valid Acc 50.0669
TestSub: S[26, 27, 28, 29, 30] Epoch  8 Finsh | Now_lr 0.0100/0.0100 | Lambda 0.0570 | Train Loss 0.2161 | Valid Loss 1.7061 | Train Acc 91.3126| Valid Acc 51.1704
TestSub: S[26, 27, 28, 29, 30] Epoch  9 Finsh | Now_lr 0.0100/0.0100 | Lambda 0.0633 | Train Loss 0.2044 | Valid Loss 1.6701 | Train Acc 91.8355| Valid Acc 50.8512
TestSub: S[26, 27, 28, 29, 30] Epoch 10 Finsh | Now_lr 0.0100/0.0100 | Lambda 0.0693 | Train Loss 0.1900 | Valid Loss 1.7914 | Train Acc 92.4909| Valid Acc 51.4348
TestSub: S[26, 27, 28, 29, 30] Epoch 11 Finsh | Now_lr 0.0100/0.0100 | Lambda 0.0751 | Train Loss 0.1751 | Valid Loss 1.7220 | Train Acc 93.1262| Valid Acc 52.2890
TestSub: S[26, 27, 28, 29, 30] Epoch 12 Finsh | Now_lr 0.0100/0.0100 | Lambda 0.0806 | Train Loss 0.1606 | Valid Loss 1.7977 | Train Acc 93.8655| Valid Acc 54.7149
Validation acc increase (52.623419 --> 54.714859) in epoch (12).  Saving model ...
TestSub: S[26, 27, 28, 29, 30] Epoch 13 Finsh | Now_lr 0.0100/0.0100 | Lambda 0.0858 | Train Loss 0.1446 | Valid Loss 1.9376 | Train Acc 94.5410| Valid Acc 50.9697
TestSub: S[26, 27, 28, 29, 30] Epoch 14 Finsh | Now_lr 0.0100/0.0100 | Lambda 0.0907 | Train Loss 0.1340 | Valid Loss 1.9978 | Train Acc 95.0231| Valid Acc 53.4047
TestSub: S[26, 27, 28, 29, 30] Epoch 15 Finsh | Now_lr 0.0100/0.0100 | Lambda 0.0953 | Train Loss 0.1266 | Valid Loss 1.9990 | Train Acc 95.2365| Valid Acc 51.6385
TestSub: S[26, 27, 28, 29, 30] Epoch 16 Finsh | Now_lr 0.0100/0.0100 | Lambda 0.0996 | Train Loss 0.1224 | Valid Loss 2.0035 | Train Acc 95.3520| Valid Acc 52.9973
TestSub: S[26, 27, 28, 29, 30] Epoch 17 Finsh | Now_lr 0.0100/0.0100 | Lambda 0.1037 | Train Loss 0.1137 | Valid Loss 1.9621 | Train Acc 95.7673| Valid Acc 55.6998
Validation acc increase (54.714859 --> 55.699781) in epoch (17).  Saving model ...
TestSub: S[26, 27, 28, 29, 30] Epoch 18 Finsh | Now_lr 0.0100/0.0100 | Lambda 0.1074 | Train Loss 0.1058 | Valid Loss 2.0984 | Train Acc 96.0536| Valid Acc 50.7235
TestSub: S[26, 27, 28, 29, 30] Epoch 19 Finsh | Now_lr 0.0100/0.0100 | Lambda 0.1110 | Train Loss 0.1035 | Valid Loss 1.9036 | Train Acc 96.2208| Valid Acc 51.1856
TestSub: S[26, 27, 28, 29, 30] Epoch 20 Finsh | Now_lr 0.0100/0.0100 | Lambda 0.1142 | Train Loss 0.1015 | Valid Loss 2.2568 | Train Acc 96.2281| Valid Acc 50.9515
TestSub: S[26, 27, 28, 29, 30] Epoch 21 Finsh | Now_lr 0.0100/0.0100 | Lambda 0.1173 | Train Loss 0.0965 | Valid Loss 2.1679 | Train Acc 96.4506| Valid Acc 49.7690
TestSub: S[26, 27, 28, 29, 30] Epoch 22 Finsh | Now_lr 0.0100/0.0100 | Lambda 0.1201 | Train Loss 0.0954 | Valid Loss 2.0330 | Train Acc 96.5236| Valid Acc 49.5288
TestSub: S[26, 27, 28, 29, 30] Epoch 23 Finsh | Now_lr 0.0100/0.0100 | Lambda 0.1227 | Train Loss 0.0921 | Valid Loss 2.1825 | Train Acc 96.6956| Valid Acc 48.8904
TestSub: S[26, 27, 28, 29, 30] Epoch 24 Finsh | Now_lr 0.0100/0.0100 | Lambda 0.1250 | Train Loss 0.0894 | Valid Loss 2.2043 | Train Acc 96.7406| Valid Acc 50.5897
TestSub: S[26, 27, 28, 29, 30] Epoch 25 Finsh | Now_lr 0.0100/0.0100 | Lambda 0.1272 | Train Loss 0.0876 | Valid Loss 2.1630 | Train Acc 96.8555| Valid Acc 49.2248
TestSub: S[26, 27, 28, 29, 30] Epoch 26 Finsh | Now_lr 0.0100/0.0100 | Lambda 0.1293 | Train Loss 0.0850 | Valid Loss 2.0681 | Train Acc 96.9534| Valid Acc 52.7207
TestSub: S[26, 27, 28, 29, 30] Epoch 27 Finsh | Now_lr 0.0100/0.0100 | Lambda 0.1311 | Train Loss 0.0843 | Valid Loss 2.0886 | Train Acc 96.9309| Valid Acc 52.0519
TestSub: S[26, 27, 28, 29, 30] Epoch 28 Finsh | Now_lr 0.0100/0.0100 | Lambda 0.1328 | Train Loss 0.0798 | Valid Loss 2.0103 | Train Acc 97.1218| Valid Acc 51.4044
TestSub: S[26, 27, 28, 29, 30] Epoch 29 Finsh | Now_lr 0.0100/0.0100 | Lambda 0.1344 | Train Loss 0.0794 | Valid Loss 2.0740 | Train Acc 97.1255| Valid Acc 53.1311
TestSub: S[26, 27, 28, 29, 30] Epoch 30 Finsh | Now_lr 0.0100/0.0100 | Lambda 0.1358 | Train Loss 0.0776 | Valid Loss 2.1392 | Train Acc 97.2197| Valid Acc 49.9240
TestSub: S[26, 27, 28, 29, 30] Epoch 31 Finsh | Now_lr 0.0100/0.0100 | Lambda 0.1371 | Train Loss 0.0768 | Valid Loss 2.2027 | Train Acc 97.2890| Valid Acc 54.3531
TestSub: S[26, 27, 28, 29, 30] Epoch 32 Finsh | Now_lr 0.0100/0.0100 | Lambda 0.1383 | Train Loss 0.0760 | Valid Loss 2.1551 | Train Acc 97.2921| Valid Acc 51.7996
TestSub: S[26, 27, 28, 29, 30] Epoch 33 Finsh | Now_lr 0.0100/0.0100 | Lambda 0.1393 | Train Loss 0.0734 | Valid Loss 2.0927 | Train Acc 97.4356| Valid Acc 50.5867
TestSub: S[26, 27, 28, 29, 30] Epoch 34 Finsh | Now_lr 0.0100/0.0100 | Lambda 0.1403 | Train Loss 0.0737 | Valid Loss 2.3632 | Train Acc 97.3656| Valid Acc 50.3435
TestSub: S[26, 27, 28, 29, 30] Epoch 35 Finsh | Now_lr 0.0100/0.0100 | Lambda 0.1412 | Train Loss 0.0714 | Valid Loss 2.1006 | Train Acc 97.4732| Valid Acc 51.7175
TestSub: S[26, 27, 28, 29, 30] Epoch 36 Finsh | Now_lr 0.0100/0.0100 | Lambda 0.1420 | Train Loss 0.0740 | Valid Loss 2.2534 | Train Acc 97.3778| Valid Acc 51.1156
TestSub: S[26, 27, 28, 29, 30] Epoch 37 Finsh | Now_lr 0.0100/0.0100 | Lambda 0.1428 | Train Loss 0.0670 | Valid Loss 2.3455 | Train Acc 97.6477| Valid Acc 51.4652
TestSub: S[26, 27, 28, 29, 30] Epoch 38 Finsh | Now_lr 0.0100/0.0100 | Lambda 0.1434 | Train Loss 0.0728 | Valid Loss 2.2593 | Train Acc 97.3814| Valid Acc 52.0489
TestSub: S[26, 27, 28, 29, 30] Epoch 39 Finsh | Now_lr 0.0100/0.0100 | Lambda 0.1440 | Train Loss 0.0662 | Valid Loss 2.3039 | Train Acc 97.6733| Valid Acc 51.6567
TestSub: S[26, 27, 28, 29, 30] Epoch 40 Finsh | Now_lr 0.0100/0.0100 | Lambda 0.1446 | Train Loss 0.0665 | Valid Loss 2.4236 | Train Acc 97.6064| Valid Acc 50.6171
TestSub: S[26, 27, 28, 29, 30] Epoch 41 Finsh | Now_lr 0.0100/0.0100 | Lambda 0.1451 | Train Loss 0.0680 | Valid Loss 2.4501 | Train Acc 97.5669| Valid Acc 51.2008
TestSub: S[26, 27, 28, 29, 30] Epoch 42 Finsh | Now_lr 0.0100/0.0100 | Lambda 0.1456 | Train Loss 0.0667 | Valid Loss 2.3263 | Train Acc 97.6435| Valid Acc 51.9546
TestSub: S[26, 27, 28, 29, 30] Epoch 43 Finsh | Now_lr 0.0100/0.0100 | Lambda 0.1460 | Train Loss 0.0655 | Valid Loss 2.2915 | Train Acc 97.6794| Valid Acc 50.9606
TestSub: S[26, 27, 28, 29, 30] Epoch 44 Finsh | Now_lr 0.0100/0.0100 | Lambda 0.1464 | Train Loss 0.0653 | Valid Loss 2.4747 | Train Acc 97.6958| Valid Acc 50.6992
TestSub: S[26, 27, 28, 29, 30] Epoch 45 Finsh | Now_lr 0.0100/0.0100 | Lambda 0.1467 | Train Loss 0.0625 | Valid Loss 2.3873 | Train Acc 97.7894| Valid Acc 52.0823
TestSub: S[26, 27, 28, 29, 30] Epoch 46 Finsh | Now_lr 0.0100/0.0100 | Lambda 0.1470 | Train Loss 0.0632 | Valid Loss 2.2840 | Train Acc 97.7772| Valid Acc 50.3587
TestSub: S[26, 27, 28, 29, 30] Epoch 47 Finsh | Now_lr 0.0100/0.0100 | Lambda 0.1473 | Train Loss 0.0623 | Valid Loss 2.4927 | Train Acc 97.8003| Valid Acc 50.9788
Early stopping triggered after 47 epochs (30 epochs without improvement)
--------------------------------------------------
Test_Subject :S[26, 27, 28, 29, 30] |Best epoch:17 | Test Loss:1.9621 | Best Acc 55.6998 | Savemodel Acc 55.6998
--------------------------------------------------
lr:0.01 -> bs:128
6-Fold Cross Subject Accuracies: [53.34995136186771, 52.27991245136187, 56.876215953307394, 51.893847276264594, 52.38326848249027, 55.699781128404666]
Mean Accuracy over 6 folds: 53.7472
============================================================================================================
end time: 25-10-09-10:35:53
Current device is cuda:0
start time: task1_AAD_MM-AAD_trainer4_2025-10-09-04-20-03
============================================================================================================
Arguments =
	_action_groups: [<argparse._ArgumentGroup object at 0x7f6a5ced7910>, <argparse._ArgumentGroup object at 0x7f6a33d1aa60>]
	_actions: [_HelpAction(option_strings=['-h', '--help'], dest='help', nargs=0, const=None, default='==SUPPRESS==', type=None, choices=None, required=False, help='show this help message and exit', metavar=None)]
	_defaults: {}
	_has_negative_number_optionals: []
	_mutually_exclusive_groups: []
	_negative_number_matcher: re.compile('^-\\d+$|^-\\d*\\.\\d+$')
	_option_string_actions: {'-h': _HelpAction(option_strings=['-h', '--help'], dest='help', nargs=0, const=None, default='==SUPPRESS==', type=None, choices=None, required=False, help='show this help message and exit', metavar=None), '--help': _HelpAction(option_strings=['-h', '--help'], dest='help', nargs=0, const=None, default='==SUPPRESS==', type=None, choices=None, required=False, help='show this help message and exit', metavar=None)}
	_optionals: <argparse._ArgumentGroup object at 0x7f6a33d1aa60>
	_positionals: <argparse._ArgumentGroup object at 0x7f6a5ced7910>
	_registries: {'action': {None: <class 'argparse._StoreAction'>, 'store': <class 'argparse._StoreAction'>, 'store_const': <class 'argparse._StoreConstAction'>, 'store_true': <class 'argparse._StoreTrueAction'>, 'store_false': <class 'argparse._StoreFalseAction'>, 'append': <class 'argparse._AppendAction'>, 'append_const': <class 'argparse._AppendConstAction'>, 'count': <class 'argparse._CountAction'>, 'help': <class 'argparse._HelpAction'>, 'version': <class 'argparse._VersionAction'>, 'parsers': <class 'argparse._SubParsersAction'>, 'extend': <class 'argparse._ExtendAction'>}, 'type': {None: <function ArgumentParser.__init__.<locals>.identity at 0x7f6a33d398b0>}}
	_subparsers: None
	add_help: True
	allow_abbrev: True
	argument_default: None
	batch_size: 96
	beta1: 0.9
	beta2: 0.999
	conflict_handler: error
	data_path: /home/suyash.kumar.mec22.itbhu/EEG-AAD_audio_visual/preprocessed/data/
	dataset: MM-AAD
	description: None
	eeg_channel: 32
	epilog: None
	exit_on_error: True
	fig_path: ./exps/cross-subject/DARNet/figures/
	formatter_class: <class 'argparse.HelpFormatter'>
	fromfile_prefix_chars: None
	fs: 128
	label_path: /home/suyash.kumar.mec22.itbhu/EEG-AAD_audio_visual/preprocessed/label/
	lam: 0.2
	lambda_domain: 0.12
	log_interval: 10
	lr: 0.0008
	lr_decayrate: 0.4
	max_epoch: 100
	model: DARNet
	model_save_path: ./exps/cross-subject/DARNet/baseline_task1_AAD_MM-AAD_trainer4_2025-10-09-04-20-03
	optimizer: Adam
	overlap: 0.5
	patience: 10
	prefix_chars: -
	prog: trainer4.py
	seed: 42
	start_time: task1_AAD_MM-AAD_trainer4_2025-10-09-04-20-03
	subject_number: 40
	trail_number: 20
	usage: None
	use_domain_adversarial: True
	weight_decay: 0.0002
	win_len: 256
	win_time: 2
	window_lap: 128.0
============================================================================================================

========== Fold 1 ==========
Train IDs: [6, 7, 8, 9, 10, 11, 12, 13, 14, 15, 16, 17, 18, 19, 20, 21, 22, 23, 24, 25, 26, 27, 28, 29, 30]
Val IDs:   [1, 2, 3, 4, 5]
train_data_shape(164500, 32, 128),val_data_shape(32900, 32, 128)
=================================================================
Layer (type:depth-idx)                   Param #
=================================================================
DARNet                                   --
├─TokenEmbedding: 1-1                    --
│    └─Sequential: 2-1                   --
│    │    └─Conv2d: 3-1                  576
│    │    └─BatchNorm2d: 3-2             128
│    │    └─GELU: 3-3                    --
│    └─Sequential: 2-2                   --
│    │    └─Conv2d: 3-4                  32,784
│    │    └─BatchNorm2d: 3-5             32
│    │    └─GELU: 3-6                    --
│    └─PositionalEmbedding: 2-3          --
├─Flatten: 1-2                           --
├─Linear: 1-3                            18
├─AttnRefine: 1-4                        --
│    └─MyAttention: 2-4                  --
│    │    └─Attention: 3-7               800
│    └─Refine: 2-5                       --
│    │    └─Conv1d: 3-8                  784
│    │    └─BatchNorm1d: 3-9             32
│    │    └─ELU: 3-10                    --
│    │    └─MaxPool1d: 3-11              --
│    └─AdaptiveAvgPool1d: 2-6            --
│    └─Linear: 2-7                       68
│    └─Flatten: 2-8                      --
├─AttnRefine: 1-5                        --
│    └─MyAttention: 2-9                  --
│    │    └─Attention: 3-12              800
│    └─Refine: 2-10                      --
│    │    └─Conv1d: 3-13                 784
│    │    └─BatchNorm1d: 3-14            32
│    │    └─ELU: 3-15                    --
│    │    └─MaxPool1d: 3-16              --
│    └─AdaptiveAvgPool1d: 2-11           --
│    └─Linear: 2-12                      68
│    └─Flatten: 2-13                     --
├─GradientReversalLayer: 1-6             --
├─SubjectDiscriminator: 1-7              --
│    └─Sequential: 2-14                  --
│    │    └─Linear: 3-17                 2,304
│    │    └─ReLU: 3-18                   --
│    │    └─Dropout: 3-19                --
│    │    └─Linear: 3-20                 32,896
│    │    └─ReLU: 3-21                   --
│    │    └─Dropout: 3-22                --
│    │    └─Linear: 3-23                 3,870
=================================================================
Total params: 75,976
Trainable params: 75,976
Non-trainable params: 0
=================================================================
TestSub: S[1, 2, 3, 4, 5] Epoch  1 Finsh | Now_lr 0.0008/0.0008 | Lambda 0.0060 | Train Loss 0.4806 | Valid Loss 1.2332 | Train Acc 74.9884| Valid Acc 51.8701
Validation acc increase (0.000000 --> 51.870127) in epoch (1).  Saving model ...
TestSub: S[1, 2, 3, 4, 5] Epoch  2 Finsh | Now_lr 0.0008/0.0008 | Lambda 0.0120 | Train Loss 0.3199 | Valid Loss 1.5684 | Train Acc 85.7165| Valid Acc 53.2042
Validation acc increase (51.870127 --> 53.204191) in epoch (2).  Saving model ...
TestSub: S[1, 2, 3, 4, 5] Epoch  3 Finsh | Now_lr 0.0008/0.0008 | Lambda 0.0179 | Train Loss 0.2657 | Valid Loss 1.7471 | Train Acc 88.6201| Valid Acc 52.6559
TestSub: S[1, 2, 3, 4, 5] Epoch  4 Finsh | Now_lr 0.0008/0.0008 | Lambda 0.0237 | Train Loss 0.2188 | Valid Loss 1.8990 | Train Acc 90.9655| Valid Acc 49.7046
TestSub: S[1, 2, 3, 4, 5] Epoch  5 Finsh | Now_lr 0.0008/0.0008 | Lambda 0.0294 | Train Loss 0.1812 | Valid Loss 2.1977 | Train Acc 92.7102| Valid Acc 47.1156
TestSub: S[1, 2, 3, 4, 5] Epoch  6 Finsh | Now_lr 0.0008/0.0008 | Lambda 0.0350 | Train Loss 0.1529 | Valid Loss 2.2841 | Train Acc 94.0334| Valid Acc 47.6639
TestSub: S[1, 2, 3, 4, 5] Epoch  7 Finsh | Now_lr 0.0008/0.0008 | Lambda 0.0404 | Train Loss 0.1328 | Valid Loss 2.2123 | Train Acc 94.8865| Valid Acc 45.7145
TestSub: S[1, 2, 3, 4, 5] Epoch  8 Finsh | Now_lr 0.0008/0.0008 | Lambda 0.0456 | Train Loss 0.1136 | Valid Loss 2.2342 | Train Acc 95.7269| Valid Acc 50.8102
TestSub: S[1, 2, 3, 4, 5] Epoch  9 Finsh | Now_lr 0.0008/0.0008 | Lambda 0.0506 | Train Loss 0.1006 | Valid Loss 2.4572 | Train Acc 96.2608| Valid Acc 50.3503
TestSub: S[1, 2, 3, 4, 5] Epoch 10 Finsh | Now_lr 0.0008/0.0008 | Lambda 0.0555 | Train Loss 0.0899 | Valid Loss 2.4322 | Train Acc 96.6567| Valid Acc 50.4356
TestSub: S[1, 2, 3, 4, 5] Epoch 11 Finsh | Now_lr 0.0008/0.0008 | Lambda 0.0601 | Train Loss 0.0823 | Valid Loss 2.4764 | Train Acc 96.9352| Valid Acc 50.6762
TestSub: S[1, 2, 3, 4, 5] Epoch 12 Finsh | Now_lr 0.0008/0.0008 | Lambda 0.0644 | Train Loss 0.0766 | Valid Loss 2.4010 | Train Acc 97.2295| Valid Acc 52.2448
TestSub: S[1, 2, 3, 4, 5] Epoch 13 Finsh | Now_lr 0.0008/0.0008 | Lambda 0.0686 | Train Loss 0.0691 | Valid Loss 2.6211 | Train Acc 97.5190| Valid Acc 53.2042
TestSub: S[1, 2, 3, 4, 5] Epoch 14 Finsh | Now_lr 0.0008/0.0008 | Lambda 0.0725 | Train Loss 0.0645 | Valid Loss 2.4409 | Train Acc 97.7391| Valid Acc 50.8833
TestSub: S[1, 2, 3, 4, 5] Epoch 15 Finsh | Now_lr 0.0008/0.0008 | Lambda 0.0762 | Train Loss 0.0607 | Valid Loss 2.5141 | Train Acc 97.8352| Valid Acc 52.1595
TestSub: S[1, 2, 3, 4, 5] Epoch 16 Finsh | Now_lr 0.0008/0.0008 | Lambda 0.0797 | Train Loss 0.0572 | Valid Loss 2.7547 | Train Acc 97.9452| Valid Acc 53.2011
TestSub: S[1, 2, 3, 4, 5] Epoch 17 Finsh | Now_lr 0.0008/0.0008 | Lambda 0.0829 | Train Loss 0.0538 | Valid Loss 2.5479 | Train Acc 98.0760| Valid Acc 52.6499
TestSub: S[1, 2, 3, 4, 5] Epoch 18 Finsh | Now_lr 0.0008/0.0008 | Lambda 0.0860 | Train Loss 0.0515 | Valid Loss 2.5112 | Train Acc 98.2189| Valid Acc 53.6032
Validation acc increase (53.204191 --> 53.603192) in epoch (18).  Saving model ...
TestSub: S[1, 2, 3, 4, 5] Epoch 19 Finsh | Now_lr 0.0008/0.0008 | Lambda 0.0888 | Train Loss 0.0490 | Valid Loss 2.6303 | Train Acc 98.2621| Valid Acc 52.6559
TestSub: S[1, 2, 3, 4, 5] Epoch 20 Finsh | Now_lr 0.0008/0.0008 | Lambda 0.0914 | Train Loss 0.0479 | Valid Loss 2.7597 | Train Acc 98.3502| Valid Acc 51.0234
TestSub: S[1, 2, 3, 4, 5] Epoch 21 Finsh | Now_lr 0.0008/0.0008 | Lambda 0.0938 | Train Loss 0.0452 | Valid Loss 2.7168 | Train Acc 98.3934| Valid Acc 51.9371
TestSub: S[1, 2, 3, 4, 5] Epoch 22 Finsh | Now_lr 0.0008/0.0008 | Lambda 0.0961 | Train Loss 0.0439 | Valid Loss 2.7916 | Train Acc 98.4755| Valid Acc 51.1391
TestSub: S[1, 2, 3, 4, 5] Epoch 23 Finsh | Now_lr 0.0008/0.0008 | Lambda 0.0981 | Train Loss 0.0412 | Valid Loss 2.6737 | Train Acc 98.5600| Valid Acc 51.4955
TestSub: S[1, 2, 3, 4, 5] Epoch 24 Finsh | Now_lr 0.0008/0.0008 | Lambda 0.1000 | Train Loss 0.0398 | Valid Loss 2.6271 | Train Acc 98.6081| Valid Acc 50.2437
TestSub: S[1, 2, 3, 4, 5] Epoch 25 Finsh | Now_lr 0.0008/0.0008 | Lambda 0.1018 | Train Loss 0.0383 | Valid Loss 3.0003 | Train Acc 98.6999| Valid Acc 50.6701
TestSub: S[1, 2, 3, 4, 5] Epoch 26 Finsh | Now_lr 0.0008/0.0008 | Lambda 0.1034 | Train Loss 0.0370 | Valid Loss 3.1446 | Train Acc 98.7321| Valid Acc 50.8863
TestSub: S[1, 2, 3, 4, 5] Epoch 27 Finsh | Now_lr 0.0008/0.0008 | Lambda 0.1049 | Train Loss 0.0365 | Valid Loss 2.9898 | Train Acc 98.7510| Valid Acc 51.0874
TestSub: S[1, 2, 3, 4, 5] Epoch 28 Finsh | Now_lr 0.0008/0.0008 | Lambda 0.1062 | Train Loss 0.0349 | Valid Loss 2.8678 | Train Acc 98.8100| Valid Acc 50.4325
TestSub: S[1, 2, 3, 4, 5] Epoch 29 Finsh | Now_lr 0.0008/0.0008 | Lambda 0.1075 | Train Loss 0.0337 | Valid Loss 3.1432 | Train Acc 98.8537| Valid Acc 51.5869
TestSub: S[1, 2, 3, 4, 5] Epoch 30 Finsh | Now_lr 0.0008/0.0008 | Lambda 0.1086 | Train Loss 0.0327 | Valid Loss 3.0162 | Train Acc 98.8580| Valid Acc 51.5290
TestSub: S[1, 2, 3, 4, 5] Epoch 31 Finsh | Now_lr 0.0008/0.0008 | Lambda 0.1097 | Train Loss 0.0317 | Valid Loss 3.0943 | Train Acc 98.9194| Valid Acc 53.0123
TestSub: S[1, 2, 3, 4, 5] Epoch 32 Finsh | Now_lr 0.0008/0.0008 | Lambda 0.1106 | Train Loss 0.0323 | Valid Loss 2.8404 | Train Acc 98.9115| Valid Acc 52.8600
TestSub: S[1, 2, 3, 4, 5] Epoch 33 Finsh | Now_lr 0.0008/0.0008 | Lambda 0.1115 | Train Loss 0.0314 | Valid Loss 2.8491 | Train Acc 98.9523| Valid Acc 51.3767
TestSub: S[1, 2, 3, 4, 5] Epoch 34 Finsh | Now_lr 0.0008/0.0008 | Lambda 0.1122 | Train Loss 0.0320 | Valid Loss 2.9850 | Train Acc 98.9060| Valid Acc 50.8955
TestSub: S[1, 2, 3, 4, 5] Epoch 35 Finsh | Now_lr 0.0008/0.0008 | Lambda 0.1130 | Train Loss 0.0292 | Valid Loss 3.0273 | Train Acc 99.0003| Valid Acc 51.9219
TestSub: S[1, 2, 3, 4, 5] Epoch 36 Finsh | Now_lr 0.0008/0.0008 | Lambda 0.1136 | Train Loss 0.0291 | Valid Loss 3.1098 | Train Acc 99.0021| Valid Acc 51.7178
TestSub: S[1, 2, 3, 4, 5] Epoch 37 Finsh | Now_lr 0.0008/0.0008 | Lambda 0.1142 | Train Loss 0.0288 | Valid Loss 2.9647 | Train Acc 99.0082| Valid Acc 53.6885
Validation acc increase (53.603192 --> 53.688475) in epoch (37).  Saving model ...
TestSub: S[1, 2, 3, 4, 5] Epoch 38 Finsh | Now_lr 0.0008/0.0008 | Lambda 0.1147 | Train Loss 0.0299 | Valid Loss 3.2980 | Train Acc 98.9948| Valid Acc 50.9503
TestSub: S[1, 2, 3, 4, 5] Epoch 39 Finsh | Now_lr 0.0008/0.0008 | Lambda 0.1152 | Train Loss 0.0286 | Valid Loss 3.1711 | Train Acc 99.0429| Valid Acc 53.0245
TestSub: S[1, 2, 3, 4, 5] Epoch 40 Finsh | Now_lr 0.0008/0.0008 | Lambda 0.1157 | Train Loss 0.0287 | Valid Loss 3.1052 | Train Acc 99.0246| Valid Acc 53.8895
Validation acc increase (53.688475 --> 53.889498) in epoch (40).  Saving model ...
TestSub: S[1, 2, 3, 4, 5] Epoch 41 Finsh | Now_lr 0.0008/0.0008 | Lambda 0.1161 | Train Loss 0.0278 | Valid Loss 2.9492 | Train Acc 99.0520| Valid Acc 51.9432
TestSub: S[1, 2, 3, 4, 5] Epoch 42 Finsh | Now_lr 0.0008/0.0008 | Lambda 0.1165 | Train Loss 0.0272 | Valid Loss 2.9170 | Train Acc 99.0714| Valid Acc 53.3839
TestSub: S[1, 2, 3, 4, 5] Epoch 43 Finsh | Now_lr 0.0008/0.0008 | Lambda 0.1168 | Train Loss 0.0267 | Valid Loss 3.0663 | Train Acc 99.1073| Valid Acc 50.5391
TestSub: S[1, 2, 3, 4, 5] Epoch 44 Finsh | Now_lr 0.0008/0.0008 | Lambda 0.1171 | Train Loss 0.0254 | Valid Loss 3.0320 | Train Acc 99.1310| Valid Acc 51.7970
TestSub: S[1, 2, 3, 4, 5] Epoch 45 Finsh | Now_lr 0.0008/0.0008 | Lambda 0.1174 | Train Loss 0.0258 | Valid Loss 2.9144 | Train Acc 99.1231| Valid Acc 52.2874
TestSub: S[1, 2, 3, 4, 5] Epoch 46 Finsh | Now_lr 0.0008/0.0008 | Lambda 0.1176 | Train Loss 0.0265 | Valid Loss 3.0068 | Train Acc 99.1061| Valid Acc 52.9849
TestSub: S[1, 2, 3, 4, 5] Epoch 47 Finsh | Now_lr 0.0008/0.0008 | Lambda 0.1178 | Train Loss 0.0261 | Valid Loss 2.8027 | Train Acc 99.1140| Valid Acc 51.9554
TestSub: S[1, 2, 3, 4, 5] Epoch 48 Finsh | Now_lr 0.0008/0.0008 | Lambda 0.1180 | Train Loss 0.0234 | Valid Loss 3.0466 | Train Acc 99.1979| Valid Acc 54.6327
Validation acc increase (53.889498 --> 54.632675) in epoch (48).  Saving model ...
TestSub: S[1, 2, 3, 4, 5] Epoch 49 Finsh | Now_lr 0.0008/0.0008 | Lambda 0.1182 | Train Loss 0.0245 | Valid Loss 2.9489 | Train Acc 99.1681| Valid Acc 52.6224
TestSub: S[1, 2, 3, 4, 5] Epoch 50 Finsh | Now_lr 0.0008/0.0008 | Lambda 0.1184 | Train Loss 0.0250 | Valid Loss 3.0522 | Train Acc 99.1663| Valid Acc 53.4418
TestSub: S[1, 2, 3, 4, 5] Epoch 51 Finsh | Now_lr 0.0008/0.0008 | Lambda 0.1185 | Train Loss 0.0236 | Valid Loss 3.0896 | Train Acc 99.2089| Valid Acc 52.6255
TestSub: S[1, 2, 3, 4, 5] Epoch 52 Finsh | Now_lr 0.0008/0.0008 | Lambda 0.1187 | Train Loss 0.0250 | Valid Loss 2.8972 | Train Acc 99.1706| Valid Acc 52.4427
TestSub: S[1, 2, 3, 4, 5] Epoch 53 Finsh | Now_lr 0.0008/0.0008 | Lambda 0.1188 | Train Loss 0.0244 | Valid Loss 2.9816 | Train Acc 99.1827| Valid Acc 53.0306
TestSub: S[1, 2, 3, 4, 5] Epoch 54 Finsh | Now_lr 0.0008/0.0008 | Lambda 0.1189 | Train Loss 0.0224 | Valid Loss 3.1079 | Train Acc 99.2387| Valid Acc 52.1351
TestSub: S[1, 2, 3, 4, 5] Epoch 55 Finsh | Now_lr 0.0008/0.0008 | Lambda 0.1190 | Train Loss 0.0232 | Valid Loss 3.1116 | Train Acc 99.2229| Valid Acc 53.7189
TestSub: S[1, 2, 3, 4, 5] Epoch 56 Finsh | Now_lr 0.0008/0.0008 | Lambda 0.1191 | Train Loss 0.0231 | Valid Loss 3.2027 | Train Acc 99.2052| Valid Acc 52.9331
TestSub: S[1, 2, 3, 4, 5] Epoch 57 Finsh | Now_lr 0.0008/0.0008 | Lambda 0.1192 | Train Loss 0.0229 | Valid Loss 3.1431 | Train Acc 99.2192| Valid Acc 50.8010
TestSub: S[1, 2, 3, 4, 5] Epoch 58 Finsh | Now_lr 0.0008/0.0008 | Lambda 0.1193 | Train Loss 0.0229 | Valid Loss 3.0842 | Train Acc 99.2198| Valid Acc 52.9301
TestSub: S[1, 2, 3, 4, 5] Epoch 59 Finsh | Now_lr 0.0008/0.0008 | Lambda 0.1193 | Train Loss 0.0234 | Valid Loss 3.1583 | Train Acc 99.2271| Valid Acc 52.6255
TestSub: S[1, 2, 3, 4, 5] Epoch 60 Finsh | Now_lr 0.0008/0.0008 | Lambda 0.1194 | Train Loss 0.0218 | Valid Loss 3.2149 | Train Acc 99.2654| Valid Acc 52.4641
TestSub: S[1, 2, 3, 4, 5] Epoch 61 Finsh | Now_lr 0.0008/0.0008 | Lambda 0.1195 | Train Loss 0.0228 | Valid Loss 3.2177 | Train Acc 99.2393| Valid Acc 52.6163
TestSub: S[1, 2, 3, 4, 5] Epoch 62 Finsh | Now_lr 0.0008/0.0008 | Lambda 0.1195 | Train Loss 0.0212 | Valid Loss 3.0708 | Train Acc 99.2837| Valid Acc 53.4265
TestSub: S[1, 2, 3, 4, 5] Epoch 63 Finsh | Now_lr 0.0008/0.0008 | Lambda 0.1196 | Train Loss 0.0213 | Valid Loss 3.3010 | Train Acc 99.3080| Valid Acc 52.5037
TestSub: S[1, 2, 3, 4, 5] Epoch 64 Finsh | Now_lr 0.0008/0.0008 | Lambda 0.1196 | Train Loss 0.0219 | Valid Loss 3.0623 | Train Acc 99.2411| Valid Acc 52.1899
TestSub: S[1, 2, 3, 4, 5] Epoch 65 Finsh | Now_lr 0.0008/0.0008 | Lambda 0.1196 | Train Loss 0.0213 | Valid Loss 3.1207 | Train Acc 99.3013| Valid Acc 53.1798
TestSub: S[1, 2, 3, 4, 5] Epoch 66 Finsh | Now_lr 0.0008/0.0008 | Lambda 0.1197 | Train Loss 0.0218 | Valid Loss 3.2581 | Train Acc 99.2654| Valid Acc 51.6874
TestSub: S[1, 2, 3, 4, 5] Epoch 67 Finsh | Now_lr 0.0008/0.0008 | Lambda 0.1197 | Train Loss 0.0209 | Valid Loss 3.0065 | Train Acc 99.3049| Valid Acc 51.6082
TestSub: S[1, 2, 3, 4, 5] Epoch 68 Finsh | Now_lr 0.0008/0.0008 | Lambda 0.1197 | Train Loss 0.0207 | Valid Loss 3.2175 | Train Acc 99.3031| Valid Acc 52.6499
TestSub: S[1, 2, 3, 4, 5] Epoch 69 Finsh | Now_lr 0.0008/0.0008 | Lambda 0.1198 | Train Loss 0.0204 | Valid Loss 3.1677 | Train Acc 99.3323| Valid Acc 53.1128
TestSub: S[1, 2, 3, 4, 5] Epoch 70 Finsh | Now_lr 0.0008/0.0008 | Lambda 0.1198 | Train Loss 0.0203 | Valid Loss 3.4916 | Train Acc 99.3281| Valid Acc 51.0447
TestSub: S[1, 2, 3, 4, 5] Epoch 71 Finsh | Now_lr 0.0008/0.0008 | Lambda 0.1198 | Train Loss 0.0201 | Valid Loss 3.2595 | Train Acc 99.3390| Valid Acc 52.0590
TestSub: S[1, 2, 3, 4, 5] Epoch 72 Finsh | Now_lr 0.0008/0.0008 | Lambda 0.1198 | Train Loss 0.0215 | Valid Loss 3.1706 | Train Acc 99.2764| Valid Acc 51.5016
TestSub: S[1, 2, 3, 4, 5] Epoch 73 Finsh | Now_lr 0.0008/0.0008 | Lambda 0.1198 | Train Loss 0.0197 | Valid Loss 3.4556 | Train Acc 99.3354| Valid Acc 50.7675
TestSub: S[1, 2, 3, 4, 5] Epoch 74 Finsh | Now_lr 0.0008/0.0008 | Lambda 0.1199 | Train Loss 0.0205 | Valid Loss 3.1091 | Train Acc 99.3262| Valid Acc 54.2915
TestSub: S[1, 2, 3, 4, 5] Epoch 75 Finsh | Now_lr 0.0008/0.0008 | Lambda 0.1199 | Train Loss 0.0210 | Valid Loss 3.1721 | Train Acc 99.3013| Valid Acc 51.1909
TestSub: S[1, 2, 3, 4, 5] Epoch 76 Finsh | Now_lr 0.0008/0.0008 | Lambda 0.1199 | Train Loss 0.0197 | Valid Loss 3.3665 | Train Acc 99.3481| Valid Acc 52.3179
TestSub: S[1, 2, 3, 4, 5] Epoch 77 Finsh | Now_lr 0.0008/0.0008 | Lambda 0.1199 | Train Loss 0.0201 | Valid Loss 3.1185 | Train Acc 99.3214| Valid Acc 53.3717
TestSub: S[1, 2, 3, 4, 5] Epoch 78 Finsh | Now_lr 0.0008/0.0008 | Lambda 0.1199 | Train Loss 0.0189 | Valid Loss 3.4754 | Train Acc 99.3785| Valid Acc 50.8711
Early stopping triggered after 78 epochs (30 epochs without improvement)
--------------------------------------------------
Test_Subject :S[1, 2, 3, 4, 5] |Best epoch:48 | Test Loss:3.0466 | Best Acc 54.6327 | Savemodel Acc 54.6327
--------------------------------------------------

========== Fold 2 ==========
Train IDs: [1, 2, 3, 4, 5, 11, 12, 13, 14, 15, 16, 17, 18, 19, 20, 21, 22, 23, 24, 25, 26, 27, 28, 29, 30]
Val IDs:   [6, 7, 8, 9, 10]
train_data_shape(164500, 32, 128),val_data_shape(32900, 32, 128)
=================================================================
Layer (type:depth-idx)                   Param #
=================================================================
DARNet                                   --
├─TokenEmbedding: 1-1                    --
│    └─Sequential: 2-1                   --
│    │    └─Conv2d: 3-1                  576
│    │    └─BatchNorm2d: 3-2             128
│    │    └─GELU: 3-3                    --
│    └─Sequential: 2-2                   --
│    │    └─Conv2d: 3-4                  32,784
│    │    └─BatchNorm2d: 3-5             32
│    │    └─GELU: 3-6                    --
│    └─PositionalEmbedding: 2-3          --
├─Flatten: 1-2                           --
├─Linear: 1-3                            18
├─AttnRefine: 1-4                        --
│    └─MyAttention: 2-4                  --
│    │    └─Attention: 3-7               800
│    └─Refine: 2-5                       --
│    │    └─Conv1d: 3-8                  784
│    │    └─BatchNorm1d: 3-9             32
│    │    └─ELU: 3-10                    --
│    │    └─MaxPool1d: 3-11              --
│    └─AdaptiveAvgPool1d: 2-6            --
│    └─Linear: 2-7                       68
│    └─Flatten: 2-8                      --
├─AttnRefine: 1-5                        --
│    └─MyAttention: 2-9                  --
│    │    └─Attention: 3-12              800
│    └─Refine: 2-10                      --
│    │    └─Conv1d: 3-13                 784
│    │    └─BatchNorm1d: 3-14            32
│    │    └─ELU: 3-15                    --
│    │    └─MaxPool1d: 3-16              --
│    └─AdaptiveAvgPool1d: 2-11           --
│    └─Linear: 2-12                      68
│    └─Flatten: 2-13                     --
├─GradientReversalLayer: 1-6             --
├─SubjectDiscriminator: 1-7              --
│    └─Sequential: 2-14                  --
│    │    └─Linear: 3-17                 2,304
│    │    └─ReLU: 3-18                   --
│    │    └─Dropout: 3-19                --
│    │    └─Linear: 3-20                 32,896
│    │    └─ReLU: 3-21                   --
│    │    └─Dropout: 3-22                --
│    │    └─Linear: 3-23                 3,870
=================================================================
Total params: 75,976
Trainable params: 75,976
Non-trainable params: 0
=================================================================
TestSub: S[6, 7, 8, 9, 10] Epoch  1 Finsh | Now_lr 0.0008/0.0008 | Lambda 0.0060 | Train Loss 0.4730 | Valid Loss 1.5887 | Train Acc 75.7747| Valid Acc 48.6081
Validation acc increase (0.000000 --> 48.608065) in epoch (1).  Saving model ...
TestSub: S[6, 7, 8, 9, 10] Epoch  2 Finsh | Now_lr 0.0008/0.0008 | Lambda 0.0120 | Train Loss 0.3111 | Valid Loss 1.7613 | Train Acc 86.4066| Valid Acc 49.4030
Validation acc increase (48.608065 --> 49.403021) in epoch (2).  Saving model ...
TestSub: S[6, 7, 8, 9, 10] Epoch  3 Finsh | Now_lr 0.0008/0.0008 | Lambda 0.0179 | Train Loss 0.2539 | Valid Loss 2.0441 | Train Acc 89.2866| Valid Acc 50.4995
Validation acc increase (49.403021 --> 50.499513) in epoch (3).  Saving model ...
TestSub: S[6, 7, 8, 9, 10] Epoch  4 Finsh | Now_lr 0.0008/0.0008 | Lambda 0.0237 | Train Loss 0.2092 | Valid Loss 1.9950 | Train Acc 91.5067| Valid Acc 51.5016
Validation acc increase (50.499513 --> 51.501584) in epoch (4).  Saving model ...
TestSub: S[6, 7, 8, 9, 10] Epoch  5 Finsh | Now_lr 0.0008/0.0008 | Lambda 0.0294 | Train Loss 0.1650 | Valid Loss 2.2823 | Train Acc 93.4891| Valid Acc 50.9594
TestSub: S[6, 7, 8, 9, 10] Epoch  6 Finsh | Now_lr 0.0008/0.0008 | Lambda 0.0350 | Train Loss 0.1359 | Valid Loss 2.5148 | Train Acc 94.7345| Valid Acc 47.3471
TestSub: S[6, 7, 8, 9, 10] Epoch  7 Finsh | Now_lr 0.0008/0.0008 | Lambda 0.0404 | Train Loss 0.1139 | Valid Loss 2.7975 | Train Acc 95.6929| Valid Acc 47.6456
TestSub: S[6, 7, 8, 9, 10] Epoch  8 Finsh | Now_lr 0.0008/0.0008 | Lambda 0.0456 | Train Loss 0.0992 | Valid Loss 3.0794 | Train Acc 96.3162| Valid Acc 46.4912
TestSub: S[6, 7, 8, 9, 10] Epoch  9 Finsh | Now_lr 0.0008/0.0008 | Lambda 0.0506 | Train Loss 0.0886 | Valid Loss 3.0387 | Train Acc 96.7078| Valid Acc 48.9644
TestSub: S[6, 7, 8, 9, 10] Epoch 10 Finsh | Now_lr 0.0008/0.0008 | Lambda 0.0555 | Train Loss 0.0795 | Valid Loss 3.1132 | Train Acc 97.0355| Valid Acc 48.0476
TestSub: S[6, 7, 8, 9, 10] Epoch 11 Finsh | Now_lr 0.0008/0.0008 | Lambda 0.0601 | Train Loss 0.0706 | Valid Loss 3.1783 | Train Acc 97.3864| Valid Acc 49.9452
TestSub: S[6, 7, 8, 9, 10] Epoch 12 Finsh | Now_lr 0.0008/0.0008 | Lambda 0.0644 | Train Loss 0.0652 | Valid Loss 3.1041 | Train Acc 97.6108| Valid Acc 50.0122
TestSub: S[6, 7, 8, 9, 10] Epoch 13 Finsh | Now_lr 0.0008/0.0008 | Lambda 0.0686 | Train Loss 0.0604 | Valid Loss 3.4146 | Train Acc 97.8084| Valid Acc 49.6162
TestSub: S[6, 7, 8, 9, 10] Epoch 14 Finsh | Now_lr 0.0008/0.0008 | Lambda 0.0725 | Train Loss 0.0539 | Valid Loss 3.3644 | Train Acc 98.0517| Valid Acc 51.9585
Validation acc increase (51.501584 --> 51.958455) in epoch (14).  Saving model ...
TestSub: S[6, 7, 8, 9, 10] Epoch 15 Finsh | Now_lr 0.0008/0.0008 | Lambda 0.0762 | Train Loss 0.0516 | Valid Loss 3.9191 | Train Acc 98.1873| Valid Acc 49.4396
TestSub: S[6, 7, 8, 9, 10] Epoch 16 Finsh | Now_lr 0.0008/0.0008 | Lambda 0.0797 | Train Loss 0.0503 | Valid Loss 3.3599 | Train Acc 98.1672| Valid Acc 50.0274
TestSub: S[6, 7, 8, 9, 10] Epoch 17 Finsh | Now_lr 0.0008/0.0008 | Lambda 0.0829 | Train Loss 0.0468 | Valid Loss 3.5956 | Train Acc 98.3557| Valid Acc 50.6914
TestSub: S[6, 7, 8, 9, 10] Epoch 18 Finsh | Now_lr 0.0008/0.0008 | Lambda 0.0860 | Train Loss 0.0434 | Valid Loss 3.8285 | Train Acc 98.4469| Valid Acc 50.5087
TestSub: S[6, 7, 8, 9, 10] Epoch 19 Finsh | Now_lr 0.0008/0.0008 | Lambda 0.0888 | Train Loss 0.0423 | Valid Loss 3.8768 | Train Acc 98.5077| Valid Acc 50.7554
TestSub: S[6, 7, 8, 9, 10] Epoch 20 Finsh | Now_lr 0.0008/0.0008 | Lambda 0.0914 | Train Loss 0.0402 | Valid Loss 3.7729 | Train Acc 98.5837| Valid Acc 51.1848
TestSub: S[6, 7, 8, 9, 10] Epoch 21 Finsh | Now_lr 0.0008/0.0008 | Lambda 0.0938 | Train Loss 0.0388 | Valid Loss 4.0997 | Train Acc 98.6360| Valid Acc 48.4680
TestSub: S[6, 7, 8, 9, 10] Epoch 22 Finsh | Now_lr 0.0008/0.0008 | Lambda 0.0961 | Train Loss 0.0378 | Valid Loss 3.9125 | Train Acc 98.6646| Valid Acc 50.6213
TestSub: S[6, 7, 8, 9, 10] Epoch 23 Finsh | Now_lr 0.0008/0.0008 | Lambda 0.0981 | Train Loss 0.0350 | Valid Loss 3.7668 | Train Acc 98.7789| Valid Acc 50.3229
TestSub: S[6, 7, 8, 9, 10] Epoch 24 Finsh | Now_lr 0.0008/0.0008 | Lambda 0.1000 | Train Loss 0.0351 | Valid Loss 3.7707 | Train Acc 98.7893| Valid Acc 50.5848
TestSub: S[6, 7, 8, 9, 10] Epoch 25 Finsh | Now_lr 0.0008/0.0008 | Lambda 0.1018 | Train Loss 0.0330 | Valid Loss 3.9140 | Train Acc 98.8471| Valid Acc 50.0701
TestSub: S[6, 7, 8, 9, 10] Epoch 26 Finsh | Now_lr 0.0008/0.0008 | Lambda 0.1034 | Train Loss 0.0340 | Valid Loss 3.7922 | Train Acc 98.8008| Valid Acc 50.4416
TestSub: S[6, 7, 8, 9, 10] Epoch 27 Finsh | Now_lr 0.0008/0.0008 | Lambda 0.1049 | Train Loss 0.0323 | Valid Loss 4.1480 | Train Acc 98.8914| Valid Acc 50.4995
TestSub: S[6, 7, 8, 9, 10] Epoch 28 Finsh | Now_lr 0.0008/0.0008 | Lambda 0.1062 | Train Loss 0.0309 | Valid Loss 3.8306 | Train Acc 98.9328| Valid Acc 50.5087
TestSub: S[6, 7, 8, 9, 10] Epoch 29 Finsh | Now_lr 0.0008/0.0008 | Lambda 0.1075 | Train Loss 0.0299 | Valid Loss 3.8347 | Train Acc 98.9614| Valid Acc 49.5584
TestSub: S[6, 7, 8, 9, 10] Epoch 30 Finsh | Now_lr 0.0008/0.0008 | Lambda 0.1086 | Train Loss 0.0293 | Valid Loss 3.8965 | Train Acc 99.0131| Valid Acc 47.9197
TestSub: S[6, 7, 8, 9, 10] Epoch 31 Finsh | Now_lr 0.0008/0.0008 | Lambda 0.1097 | Train Loss 0.0296 | Valid Loss 3.8822 | Train Acc 98.9942| Valid Acc 49.0010
TestSub: S[6, 7, 8, 9, 10] Epoch 32 Finsh | Now_lr 0.0008/0.0008 | Lambda 0.1106 | Train Loss 0.0271 | Valid Loss 3.6958 | Train Acc 99.0733| Valid Acc 49.5675
TestSub: S[6, 7, 8, 9, 10] Epoch 33 Finsh | Now_lr 0.0008/0.0008 | Lambda 0.1115 | Train Loss 0.0261 | Valid Loss 4.0064 | Train Acc 99.1091| Valid Acc 49.8416
TestSub: S[6, 7, 8, 9, 10] Epoch 34 Finsh | Now_lr 0.0008/0.0008 | Lambda 0.1122 | Train Loss 0.0271 | Valid Loss 3.9032 | Train Acc 99.0678| Valid Acc 49.3939
TestSub: S[6, 7, 8, 9, 10] Epoch 35 Finsh | Now_lr 0.0008/0.0008 | Lambda 0.1130 | Train Loss 0.0276 | Valid Loss 3.4916 | Train Acc 99.0568| Valid Acc 50.2802
TestSub: S[6, 7, 8, 9, 10] Epoch 36 Finsh | Now_lr 0.0008/0.0008 | Lambda 0.1136 | Train Loss 0.0260 | Valid Loss 4.1045 | Train Acc 99.1304| Valid Acc 47.9197
TestSub: S[6, 7, 8, 9, 10] Epoch 37 Finsh | Now_lr 0.0008/0.0008 | Lambda 0.1142 | Train Loss 0.0254 | Valid Loss 3.9010 | Train Acc 99.1389| Valid Acc 49.1441
TestSub: S[6, 7, 8, 9, 10] Epoch 38 Finsh | Now_lr 0.0008/0.0008 | Lambda 0.1147 | Train Loss 0.0251 | Valid Loss 3.9154 | Train Acc 99.1444| Valid Acc 48.3157
TestSub: S[6, 7, 8, 9, 10] Epoch 39 Finsh | Now_lr 0.0008/0.0008 | Lambda 0.1152 | Train Loss 0.0246 | Valid Loss 4.0573 | Train Acc 99.1681| Valid Acc 48.6294
TestSub: S[6, 7, 8, 9, 10] Epoch 40 Finsh | Now_lr 0.0008/0.0008 | Lambda 0.1157 | Train Loss 0.0257 | Valid Loss 3.5912 | Train Acc 99.1243| Valid Acc 49.3269
TestSub: S[6, 7, 8, 9, 10] Epoch 41 Finsh | Now_lr 0.0008/0.0008 | Lambda 0.1161 | Train Loss 0.0245 | Valid Loss 4.0583 | Train Acc 99.1541| Valid Acc 50.2437
TestSub: S[6, 7, 8, 9, 10] Epoch 42 Finsh | Now_lr 0.0008/0.0008 | Lambda 0.1165 | Train Loss 0.0248 | Valid Loss 4.0656 | Train Acc 99.1517| Valid Acc 49.9574
TestSub: S[6, 7, 8, 9, 10] Epoch 43 Finsh | Now_lr 0.0008/0.0008 | Lambda 0.1168 | Train Loss 0.0239 | Valid Loss 3.9203 | Train Acc 99.2137| Valid Acc 50.5239
TestSub: S[6, 7, 8, 9, 10] Epoch 44 Finsh | Now_lr 0.0008/0.0008 | Lambda 0.1171 | Train Loss 0.0228 | Valid Loss 3.6721 | Train Acc 99.2374| Valid Acc 50.9990
Early stopping triggered after 44 epochs (30 epochs without improvement)
--------------------------------------------------
Test_Subject :S[6, 7, 8, 9, 10] |Best epoch:14 | Test Loss:3.3644 | Best Acc 51.9585 | Savemodel Acc 51.9585
--------------------------------------------------

========== Fold 3 ==========
Train IDs: [1, 2, 3, 4, 5, 6, 7, 8, 9, 10, 16, 17, 18, 19, 20, 21, 22, 23, 24, 25, 26, 27, 28, 29, 30]
Val IDs:   [11, 12, 13, 14, 15]
train_data_shape(164500, 32, 128),val_data_shape(32900, 32, 128)
=================================================================
Layer (type:depth-idx)                   Param #
=================================================================
DARNet                                   --
├─TokenEmbedding: 1-1                    --
│    └─Sequential: 2-1                   --
│    │    └─Conv2d: 3-1                  576
│    │    └─BatchNorm2d: 3-2             128
│    │    └─GELU: 3-3                    --
│    └─Sequential: 2-2                   --
│    │    └─Conv2d: 3-4                  32,784
│    │    └─BatchNorm2d: 3-5             32
│    │    └─GELU: 3-6                    --
│    └─PositionalEmbedding: 2-3          --
├─Flatten: 1-2                           --
├─Linear: 1-3                            18
├─AttnRefine: 1-4                        --
│    └─MyAttention: 2-4                  --
│    │    └─Attention: 3-7               800
│    └─Refine: 2-5                       --
│    │    └─Conv1d: 3-8                  784
│    │    └─BatchNorm1d: 3-9             32
│    │    └─ELU: 3-10                    --
│    │    └─MaxPool1d: 3-11              --
│    └─AdaptiveAvgPool1d: 2-6            --
│    └─Linear: 2-7                       68
│    └─Flatten: 2-8                      --
├─AttnRefine: 1-5                        --
│    └─MyAttention: 2-9                  --
│    │    └─Attention: 3-12              800
│    └─Refine: 2-10                      --
│    │    └─Conv1d: 3-13                 784
│    │    └─BatchNorm1d: 3-14            32
│    │    └─ELU: 3-15                    --
│    │    └─MaxPool1d: 3-16              --
│    └─AdaptiveAvgPool1d: 2-11           --
│    └─Linear: 2-12                      68
│    └─Flatten: 2-13                     --
├─GradientReversalLayer: 1-6             --
├─SubjectDiscriminator: 1-7              --
│    └─Sequential: 2-14                  --
│    │    └─Linear: 3-17                 2,304
│    │    └─ReLU: 3-18                   --
│    │    └─Dropout: 3-19                --
│    │    └─Linear: 3-20                 32,896
│    │    └─ReLU: 3-21                   --
│    │    └─Dropout: 3-22                --
│    │    └─Linear: 3-23                 3,870
=================================================================
Total params: 75,976
Trainable params: 75,976
Non-trainable params: 0
=================================================================
TestSub: S[11, 12, 13, 14, 15] Epoch  1 Finsh | Now_lr 0.0008/0.0008 | Lambda 0.0060 | Train Loss 0.4887 | Valid Loss 1.3202 | Train Acc 74.5531| Valid Acc 53.0336
Validation acc increase (0.000000 --> 53.033626) in epoch (1).  Saving model ...
TestSub: S[11, 12, 13, 14, 15] Epoch  2 Finsh | Now_lr 0.0008/0.0008 | Lambda 0.0120 | Train Loss 0.3363 | Valid Loss 1.4329 | Train Acc 84.9898| Valid Acc 54.6601
Validation acc increase (53.033626 --> 54.660088) in epoch (2).  Saving model ...
TestSub: S[11, 12, 13, 14, 15] Epoch  3 Finsh | Now_lr 0.0008/0.0008 | Lambda 0.0179 | Train Loss 0.2677 | Valid Loss 1.6439 | Train Acc 88.7028| Valid Acc 51.3798
TestSub: S[11, 12, 13, 14, 15] Epoch  4 Finsh | Now_lr 0.0008/0.0008 | Lambda 0.0237 | Train Loss 0.2107 | Valid Loss 1.7192 | Train Acc 91.4471| Valid Acc 52.2417
TestSub: S[11, 12, 13, 14, 15] Epoch  5 Finsh | Now_lr 0.0008/0.0008 | Lambda 0.0294 | Train Loss 0.1667 | Valid Loss 1.9779 | Train Acc 93.3876| Valid Acc 52.3940
TestSub: S[11, 12, 13, 14, 15] Epoch  6 Finsh | Now_lr 0.0008/0.0008 | Lambda 0.0350 | Train Loss 0.1404 | Valid Loss 1.9610 | Train Acc 94.5472| Valid Acc 52.7290
TestSub: S[11, 12, 13, 14, 15] Epoch  7 Finsh | Now_lr 0.0008/0.0008 | Lambda 0.0404 | Train Loss 0.1201 | Valid Loss 2.0480 | Train Acc 95.4180| Valid Acc 52.9240
TestSub: S[11, 12, 13, 14, 15] Epoch  8 Finsh | Now_lr 0.0008/0.0008 | Lambda 0.0456 | Train Loss 0.1066 | Valid Loss 2.3179 | Train Acc 95.9884| Valid Acc 51.4864
TestSub: S[11, 12, 13, 14, 15] Epoch  9 Finsh | Now_lr 0.0008/0.0008 | Lambda 0.0506 | Train Loss 0.0927 | Valid Loss 2.3436 | Train Acc 96.5235| Valid Acc 51.9981
TestSub: S[11, 12, 13, 14, 15] Epoch 10 Finsh | Now_lr 0.0008/0.0008 | Lambda 0.0555 | Train Loss 0.0841 | Valid Loss 2.5009 | Train Acc 96.8677| Valid Acc 52.8113
TestSub: S[11, 12, 13, 14, 15] Epoch 11 Finsh | Now_lr 0.0008/0.0008 | Lambda 0.0601 | Train Loss 0.0775 | Valid Loss 2.4315 | Train Acc 97.1772| Valid Acc 51.6173
TestSub: S[11, 12, 13, 14, 15] Epoch 12 Finsh | Now_lr 0.0008/0.0008 | Lambda 0.0644 | Train Loss 0.0701 | Valid Loss 2.6015 | Train Acc 97.3931| Valid Acc 52.5280
TestSub: S[11, 12, 13, 14, 15] Epoch 13 Finsh | Now_lr 0.0008/0.0008 | Lambda 0.0686 | Train Loss 0.0644 | Valid Loss 2.5194 | Train Acc 97.6296| Valid Acc 52.2935
TestSub: S[11, 12, 13, 14, 15] Epoch 14 Finsh | Now_lr 0.0008/0.0008 | Lambda 0.0725 | Train Loss 0.0587 | Valid Loss 2.5399 | Train Acc 97.8528| Valid Acc 53.1737
TestSub: S[11, 12, 13, 14, 15] Epoch 15 Finsh | Now_lr 0.0008/0.0008 | Lambda 0.0762 | Train Loss 0.0556 | Valid Loss 2.6012 | Train Acc 97.9902| Valid Acc 52.3300
TestSub: S[11, 12, 13, 14, 15] Epoch 16 Finsh | Now_lr 0.0008/0.0008 | Lambda 0.0797 | Train Loss 0.0511 | Valid Loss 2.8056 | Train Acc 98.1465| Valid Acc 50.6975
TestSub: S[11, 12, 13, 14, 15] Epoch 17 Finsh | Now_lr 0.0008/0.0008 | Lambda 0.0829 | Train Loss 0.0489 | Valid Loss 2.6589 | Train Acc 98.2821| Valid Acc 52.5067
TestSub: S[11, 12, 13, 14, 15] Epoch 18 Finsh | Now_lr 0.0008/0.0008 | Lambda 0.0860 | Train Loss 0.0473 | Valid Loss 2.6440 | Train Acc 98.3265| Valid Acc 51.0234
TestSub: S[11, 12, 13, 14, 15] Epoch 19 Finsh | Now_lr 0.0008/0.0008 | Lambda 0.0888 | Train Loss 0.0446 | Valid Loss 2.8270 | Train Acc 98.3989| Valid Acc 50.3442
TestSub: S[11, 12, 13, 14, 15] Epoch 20 Finsh | Now_lr 0.0008/0.0008 | Lambda 0.0914 | Train Loss 0.0425 | Valid Loss 2.9613 | Train Acc 98.4846| Valid Acc 51.6782
TestSub: S[11, 12, 13, 14, 15] Epoch 21 Finsh | Now_lr 0.0008/0.0008 | Lambda 0.0938 | Train Loss 0.0404 | Valid Loss 2.7605 | Train Acc 98.5880| Valid Acc 50.3320
TestSub: S[11, 12, 13, 14, 15] Epoch 22 Finsh | Now_lr 0.0008/0.0008 | Lambda 0.0961 | Train Loss 0.0390 | Valid Loss 2.9398 | Train Acc 98.6658| Valid Acc 49.5919
TestSub: S[11, 12, 13, 14, 15] Epoch 23 Finsh | Now_lr 0.0008/0.0008 | Lambda 0.0981 | Train Loss 0.0375 | Valid Loss 3.0169 | Train Acc 98.7017| Valid Acc 51.2823
TestSub: S[11, 12, 13, 14, 15] Epoch 24 Finsh | Now_lr 0.0008/0.0008 | Lambda 0.1000 | Train Loss 0.0362 | Valid Loss 2.9524 | Train Acc 98.7595| Valid Acc 49.7929
TestSub: S[11, 12, 13, 14, 15] Epoch 25 Finsh | Now_lr 0.0008/0.0008 | Lambda 0.1018 | Train Loss 0.0345 | Valid Loss 2.9024 | Train Acc 98.7990| Valid Acc 50.2802
TestSub: S[11, 12, 13, 14, 15] Epoch 26 Finsh | Now_lr 0.0008/0.0008 | Lambda 0.1034 | Train Loss 0.0330 | Valid Loss 3.0696 | Train Acc 98.8598| Valid Acc 50.8406
TestSub: S[11, 12, 13, 14, 15] Epoch 27 Finsh | Now_lr 0.0008/0.0008 | Lambda 0.1049 | Train Loss 0.0333 | Valid Loss 3.0288 | Train Acc 98.8635| Valid Acc 50.5452
TestSub: S[11, 12, 13, 14, 15] Epoch 28 Finsh | Now_lr 0.0008/0.0008 | Lambda 0.1062 | Train Loss 0.0312 | Valid Loss 3.1105 | Train Acc 98.9170| Valid Acc 48.9583
TestSub: S[11, 12, 13, 14, 15] Epoch 29 Finsh | Now_lr 0.0008/0.0008 | Lambda 0.1075 | Train Loss 0.0322 | Valid Loss 3.2156 | Train Acc 98.9000| Valid Acc 50.0183
TestSub: S[11, 12, 13, 14, 15] Epoch 30 Finsh | Now_lr 0.0008/0.0008 | Lambda 0.1086 | Train Loss 0.0302 | Valid Loss 3.1344 | Train Acc 98.9723| Valid Acc 50.0030
TestSub: S[11, 12, 13, 14, 15] Epoch 31 Finsh | Now_lr 0.0008/0.0008 | Lambda 0.1097 | Train Loss 0.0297 | Valid Loss 3.2374 | Train Acc 98.9814| Valid Acc 48.2395
TestSub: S[11, 12, 13, 14, 15] Epoch 32 Finsh | Now_lr 0.0008/0.0008 | Lambda 0.1106 | Train Loss 0.0299 | Valid Loss 2.9594 | Train Acc 98.9997| Valid Acc 49.7563
Early stopping triggered after 32 epochs (30 epochs without improvement)
--------------------------------------------------
Test_Subject :S[11, 12, 13, 14, 15] |Best epoch:2 | Test Loss:1.4329 | Best Acc 54.6601 | Savemodel Acc 54.6601
--------------------------------------------------

========== Fold 4 ==========
Train IDs: [1, 2, 3, 4, 5, 6, 7, 8, 9, 10, 11, 12, 13, 14, 15, 21, 22, 23, 24, 25, 26, 27, 28, 29, 30]
Val IDs:   [16, 17, 18, 19, 20]
train_data_shape(164500, 32, 128),val_data_shape(32900, 32, 128)
=================================================================
Layer (type:depth-idx)                   Param #
=================================================================
DARNet                                   --
├─TokenEmbedding: 1-1                    --
│    └─Sequential: 2-1                   --
│    │    └─Conv2d: 3-1                  576
│    │    └─BatchNorm2d: 3-2             128
│    │    └─GELU: 3-3                    --
│    └─Sequential: 2-2                   --
│    │    └─Conv2d: 3-4                  32,784
│    │    └─BatchNorm2d: 3-5             32
│    │    └─GELU: 3-6                    --
│    └─PositionalEmbedding: 2-3          --
├─Flatten: 1-2                           --
├─Linear: 1-3                            18
├─AttnRefine: 1-4                        --
│    └─MyAttention: 2-4                  --
│    │    └─Attention: 3-7               800
│    └─Refine: 2-5                       --
│    │    └─Conv1d: 3-8                  784
│    │    └─BatchNorm1d: 3-9             32
│    │    └─ELU: 3-10                    --
│    │    └─MaxPool1d: 3-11              --
│    └─AdaptiveAvgPool1d: 2-6            --
│    └─Linear: 2-7                       68
│    └─Flatten: 2-8                      --
├─AttnRefine: 1-5                        --
│    └─MyAttention: 2-9                  --
│    │    └─Attention: 3-12              800
│    └─Refine: 2-10                      --
│    │    └─Conv1d: 3-13                 784
│    │    └─BatchNorm1d: 3-14            32
│    │    └─ELU: 3-15                    --
│    │    └─MaxPool1d: 3-16              --
│    └─AdaptiveAvgPool1d: 2-11           --
│    └─Linear: 2-12                      68
│    └─Flatten: 2-13                     --
├─GradientReversalLayer: 1-6             --
├─SubjectDiscriminator: 1-7              --
│    └─Sequential: 2-14                  --
│    │    └─Linear: 3-17                 2,304
│    │    └─ReLU: 3-18                   --
│    │    └─Dropout: 3-19                --
│    │    └─Linear: 3-20                 32,896
│    │    └─ReLU: 3-21                   --
│    │    └─Dropout: 3-22                --
│    │    └─Linear: 3-23                 3,870
=================================================================
Total params: 75,976
Trainable params: 75,976
Non-trainable params: 0
=================================================================
TestSub: S[16, 17, 18, 19, 20] Epoch  1 Finsh | Now_lr 0.0008/0.0008 | Lambda 0.0060 | Train Loss 0.4853 | Valid Loss 1.4213 | Train Acc 74.5366| Valid Acc 48.5898
Validation acc increase (0.000000 --> 48.589790) in epoch (1).  Saving model ...
TestSub: S[16, 17, 18, 19, 20] Epoch  2 Finsh | Now_lr 0.0008/0.0008 | Lambda 0.0120 | Train Loss 0.3254 | Valid Loss 1.6576 | Train Acc 85.5486| Valid Acc 49.2721
Validation acc increase (48.589790 --> 49.272052) in epoch (2).  Saving model ...
TestSub: S[16, 17, 18, 19, 20] Epoch  3 Finsh | Now_lr 0.0008/0.0008 | Lambda 0.0179 | Train Loss 0.2606 | Valid Loss 1.8620 | Train Acc 88.8512| Valid Acc 49.1685
TestSub: S[16, 17, 18, 19, 20] Epoch  4 Finsh | Now_lr 0.0008/0.0008 | Lambda 0.0237 | Train Loss 0.2136 | Valid Loss 2.0381 | Train Acc 91.1966| Valid Acc 48.6873
TestSub: S[16, 17, 18, 19, 20] Epoch  5 Finsh | Now_lr 0.0008/0.0008 | Lambda 0.0294 | Train Loss 0.1748 | Valid Loss 2.2197 | Train Acc 92.9881| Valid Acc 50.5543
Validation acc increase (49.272052 --> 50.554337) in epoch (5).  Saving model ...
TestSub: S[16, 17, 18, 19, 20] Epoch  6 Finsh | Now_lr 0.0008/0.0008 | Lambda 0.0350 | Train Loss 0.1497 | Valid Loss 2.3054 | Train Acc 94.0735| Valid Acc 49.0832
TestSub: S[16, 17, 18, 19, 20] Epoch  7 Finsh | Now_lr 0.0008/0.0008 | Lambda 0.0404 | Train Loss 0.1280 | Valid Loss 2.3107 | Train Acc 95.0416| Valid Acc 49.3512
TestSub: S[16, 17, 18, 19, 20] Epoch  8 Finsh | Now_lr 0.0008/0.0008 | Lambda 0.0456 | Train Loss 0.1085 | Valid Loss 2.4159 | Train Acc 95.8783| Valid Acc 49.1319
TestSub: S[16, 17, 18, 19, 20] Epoch  9 Finsh | Now_lr 0.0008/0.0008 | Lambda 0.0506 | Train Loss 0.0988 | Valid Loss 2.4756 | Train Acc 96.2803| Valid Acc 49.3482
TestSub: S[16, 17, 18, 19, 20] Epoch 10 Finsh | Now_lr 0.0008/0.0008 | Lambda 0.0555 | Train Loss 0.0887 | Valid Loss 2.4886 | Train Acc 96.7710| Valid Acc 50.6853
Validation acc increase (50.554337 --> 50.685307) in epoch (10).  Saving model ...
TestSub: S[16, 17, 18, 19, 20] Epoch 11 Finsh | Now_lr 0.0008/0.0008 | Lambda 0.0601 | Train Loss 0.0810 | Valid Loss 2.4429 | Train Acc 97.0380| Valid Acc 50.4660
TestSub: S[16, 17, 18, 19, 20] Epoch 12 Finsh | Now_lr 0.0008/0.0008 | Lambda 0.0644 | Train Loss 0.0737 | Valid Loss 2.3796 | Train Acc 97.3195| Valid Acc 50.5452
TestSub: S[16, 17, 18, 19, 20] Epoch 13 Finsh | Now_lr 0.0008/0.0008 | Lambda 0.0686 | Train Loss 0.0661 | Valid Loss 2.5414 | Train Acc 97.6108| Valid Acc 50.1462
TestSub: S[16, 17, 18, 19, 20] Epoch 14 Finsh | Now_lr 0.0008/0.0008 | Lambda 0.0725 | Train Loss 0.0635 | Valid Loss 2.5949 | Train Acc 97.7069| Valid Acc 49.8173
TestSub: S[16, 17, 18, 19, 20] Epoch 15 Finsh | Now_lr 0.0008/0.0008 | Lambda 0.0762 | Train Loss 0.0597 | Valid Loss 2.5516 | Train Acc 97.8619| Valid Acc 51.9981
Validation acc increase (50.685307 --> 51.998051) in epoch (15).  Saving model ...
TestSub: S[16, 17, 18, 19, 20] Epoch 16 Finsh | Now_lr 0.0008/0.0008 | Lambda 0.0797 | Train Loss 0.0567 | Valid Loss 2.5645 | Train Acc 97.9702| Valid Acc 51.9158
TestSub: S[16, 17, 18, 19, 20] Epoch 17 Finsh | Now_lr 0.0008/0.0008 | Lambda 0.0829 | Train Loss 0.0511 | Valid Loss 2.4337 | Train Acc 98.1745| Valid Acc 50.9137
TestSub: S[16, 17, 18, 19, 20] Epoch 18 Finsh | Now_lr 0.0008/0.0008 | Lambda 0.0860 | Train Loss 0.0485 | Valid Loss 2.6246 | Train Acc 98.3338| Valid Acc 52.3544
Validation acc increase (51.998051 --> 52.354410) in epoch (18).  Saving model ...
TestSub: S[16, 17, 18, 19, 20] Epoch 19 Finsh | Now_lr 0.0008/0.0008 | Lambda 0.0888 | Train Loss 0.0471 | Valid Loss 2.4601 | Train Acc 98.3381| Valid Acc 51.3737
TestSub: S[16, 17, 18, 19, 20] Epoch 20 Finsh | Now_lr 0.0008/0.0008 | Lambda 0.0914 | Train Loss 0.0456 | Valid Loss 2.6153 | Train Acc 98.4269| Valid Acc 52.2265
TestSub: S[16, 17, 18, 19, 20] Epoch 21 Finsh | Now_lr 0.0008/0.0008 | Lambda 0.0938 | Train Loss 0.0444 | Valid Loss 2.4345 | Train Acc 98.4725| Valid Acc 53.4326
Validation acc increase (52.354410 --> 53.432627) in epoch (21).  Saving model ...
TestSub: S[16, 17, 18, 19, 20] Epoch 22 Finsh | Now_lr 0.0008/0.0008 | Lambda 0.0961 | Train Loss 0.0412 | Valid Loss 2.5324 | Train Acc 98.5868| Valid Acc 52.2844
TestSub: S[16, 17, 18, 19, 20] Epoch 23 Finsh | Now_lr 0.0008/0.0008 | Lambda 0.0981 | Train Loss 0.0382 | Valid Loss 2.7143 | Train Acc 98.6737| Valid Acc 52.7230
TestSub: S[16, 17, 18, 19, 20] Epoch 24 Finsh | Now_lr 0.0008/0.0008 | Lambda 0.1000 | Train Loss 0.0393 | Valid Loss 2.6763 | Train Acc 98.6658| Valid Acc 53.3900
TestSub: S[16, 17, 18, 19, 20] Epoch 25 Finsh | Now_lr 0.0008/0.0008 | Lambda 0.1018 | Train Loss 0.0370 | Valid Loss 2.6721 | Train Acc 98.6786| Valid Acc 52.2234
TestSub: S[16, 17, 18, 19, 20] Epoch 26 Finsh | Now_lr 0.0008/0.0008 | Lambda 0.1034 | Train Loss 0.0347 | Valid Loss 2.6505 | Train Acc 98.8106| Valid Acc 54.0753
Validation acc increase (53.432627 --> 54.075292) in epoch (26).  Saving model ...
TestSub: S[16, 17, 18, 19, 20] Epoch 27 Finsh | Now_lr 0.0008/0.0008 | Lambda 0.1049 | Train Loss 0.0349 | Valid Loss 2.8695 | Train Acc 98.7850| Valid Acc 51.5290
TestSub: S[16, 17, 18, 19, 20] Epoch 28 Finsh | Now_lr 0.0008/0.0008 | Lambda 0.1062 | Train Loss 0.0356 | Valid Loss 2.8662 | Train Acc 98.7783| Valid Acc 52.8448
TestSub: S[16, 17, 18, 19, 20] Epoch 29 Finsh | Now_lr 0.0008/0.0008 | Lambda 0.1075 | Train Loss 0.0336 | Valid Loss 2.6427 | Train Acc 98.8507| Valid Acc 52.3666
TestSub: S[16, 17, 18, 19, 20] Epoch 30 Finsh | Now_lr 0.0008/0.0008 | Lambda 0.1086 | Train Loss 0.0328 | Valid Loss 2.6540 | Train Acc 98.8793| Valid Acc 52.0316
TestSub: S[16, 17, 18, 19, 20] Epoch 31 Finsh | Now_lr 0.0008/0.0008 | Lambda 0.1097 | Train Loss 0.0320 | Valid Loss 2.5353 | Train Acc 98.8829| Valid Acc 52.4184
TestSub: S[16, 17, 18, 19, 20] Epoch 32 Finsh | Now_lr 0.0008/0.0008 | Lambda 0.1106 | Train Loss 0.0304 | Valid Loss 2.6140 | Train Acc 98.9656| Valid Acc 53.5727
TestSub: S[16, 17, 18, 19, 20] Epoch 33 Finsh | Now_lr 0.0008/0.0008 | Lambda 0.1115 | Train Loss 0.0301 | Valid Loss 2.7212 | Train Acc 98.9735| Valid Acc 53.4022
TestSub: S[16, 17, 18, 19, 20] Epoch 34 Finsh | Now_lr 0.0008/0.0008 | Lambda 0.1122 | Train Loss 0.0293 | Valid Loss 2.8902 | Train Acc 99.0234| Valid Acc 51.7270
TestSub: S[16, 17, 18, 19, 20] Epoch 35 Finsh | Now_lr 0.0008/0.0008 | Lambda 0.1130 | Train Loss 0.0294 | Valid Loss 2.6812 | Train Acc 99.0137| Valid Acc 55.6774
Validation acc increase (54.075292 --> 55.677388) in epoch (35).  Saving model ...
TestSub: S[16, 17, 18, 19, 20] Epoch 36 Finsh | Now_lr 0.0008/0.0008 | Lambda 0.1136 | Train Loss 0.0282 | Valid Loss 2.6743 | Train Acc 99.0216| Valid Acc 55.1809
TestSub: S[16, 17, 18, 19, 20] Epoch 37 Finsh | Now_lr 0.0008/0.0008 | Lambda 0.1142 | Train Loss 0.0279 | Valid Loss 2.8207 | Train Acc 99.0593| Valid Acc 52.2265
TestSub: S[16, 17, 18, 19, 20] Epoch 38 Finsh | Now_lr 0.0008/0.0008 | Lambda 0.1147 | Train Loss 0.0273 | Valid Loss 2.3927 | Train Acc 99.0647| Valid Acc 53.0519
TestSub: S[16, 17, 18, 19, 20] Epoch 39 Finsh | Now_lr 0.0008/0.0008 | Lambda 0.1152 | Train Loss 0.0262 | Valid Loss 2.5460 | Train Acc 99.0976| Valid Acc 53.2956
TestSub: S[16, 17, 18, 19, 20] Epoch 40 Finsh | Now_lr 0.0008/0.0008 | Lambda 0.1157 | Train Loss 0.0272 | Valid Loss 2.7745 | Train Acc 99.0836| Valid Acc 52.1260
TestSub: S[16, 17, 18, 19, 20] Epoch 41 Finsh | Now_lr 0.0008/0.0008 | Lambda 0.1161 | Train Loss 0.0267 | Valid Loss 2.7262 | Train Acc 99.1207| Valid Acc 52.3240
TestSub: S[16, 17, 18, 19, 20] Epoch 42 Finsh | Now_lr 0.0008/0.0008 | Lambda 0.1165 | Train Loss 0.0258 | Valid Loss 2.4471 | Train Acc 99.1444| Valid Acc 54.5900
TestSub: S[16, 17, 18, 19, 20] Epoch 43 Finsh | Now_lr 0.0008/0.0008 | Lambda 0.1168 | Train Loss 0.0248 | Valid Loss 2.8661 | Train Acc 99.1462| Valid Acc 52.6834
TestSub: S[16, 17, 18, 19, 20] Epoch 44 Finsh | Now_lr 0.0008/0.0008 | Lambda 0.1171 | Train Loss 0.0250 | Valid Loss 2.6133 | Train Acc 99.1541| Valid Acc 53.8194
TestSub: S[16, 17, 18, 19, 20] Epoch 45 Finsh | Now_lr 0.0008/0.0008 | Lambda 0.1174 | Train Loss 0.0251 | Valid Loss 2.4720 | Train Acc 99.1468| Valid Acc 56.2043
Validation acc increase (55.677388 --> 56.204313) in epoch (45).  Saving model ...
TestSub: S[16, 17, 18, 19, 20] Epoch 46 Finsh | Now_lr 0.0008/0.0008 | Lambda 0.1176 | Train Loss 0.0245 | Valid Loss 2.5444 | Train Acc 99.1845| Valid Acc 51.6112
TestSub: S[16, 17, 18, 19, 20] Epoch 47 Finsh | Now_lr 0.0008/0.0008 | Lambda 0.1178 | Train Loss 0.0247 | Valid Loss 2.4645 | Train Acc 99.1541| Valid Acc 55.8784
TestSub: S[16, 17, 18, 19, 20] Epoch 48 Finsh | Now_lr 0.0008/0.0008 | Lambda 0.1180 | Train Loss 0.0236 | Valid Loss 2.6487 | Train Acc 99.2101| Valid Acc 55.3332
TestSub: S[16, 17, 18, 19, 20] Epoch 49 Finsh | Now_lr 0.0008/0.0008 | Lambda 0.1182 | Train Loss 0.0242 | Valid Loss 2.4855 | Train Acc 99.1912| Valid Acc 54.2032
TestSub: S[16, 17, 18, 19, 20] Epoch 50 Finsh | Now_lr 0.0008/0.0008 | Lambda 0.1184 | Train Loss 0.0225 | Valid Loss 2.7862 | Train Acc 99.2295| Valid Acc 56.4967
Validation acc increase (56.204313 --> 56.496711) in epoch (50).  Saving model ...
TestSub: S[16, 17, 18, 19, 20] Epoch 51 Finsh | Now_lr 0.0008/0.0008 | Lambda 0.1185 | Train Loss 0.0231 | Valid Loss 2.6957 | Train Acc 99.2210| Valid Acc 51.9585
TestSub: S[16, 17, 18, 19, 20] Epoch 52 Finsh | Now_lr 0.0008/0.0008 | Lambda 0.1187 | Train Loss 0.0231 | Valid Loss 2.7895 | Train Acc 99.2229| Valid Acc 54.3555
TestSub: S[16, 17, 18, 19, 20] Epoch 53 Finsh | Now_lr 0.0008/0.0008 | Lambda 0.1188 | Train Loss 0.0228 | Valid Loss 2.6811 | Train Acc 99.2344| Valid Acc 54.6631
TestSub: S[16, 17, 18, 19, 20] Epoch 54 Finsh | Now_lr 0.0008/0.0008 | Lambda 0.1189 | Train Loss 0.0222 | Valid Loss 2.8505 | Train Acc 99.2679| Valid Acc 53.5971
TestSub: S[16, 17, 18, 19, 20] Epoch 55 Finsh | Now_lr 0.0008/0.0008 | Lambda 0.1190 | Train Loss 0.0223 | Valid Loss 2.7413 | Train Acc 99.2606| Valid Acc 51.8610
TestSub: S[16, 17, 18, 19, 20] Epoch 56 Finsh | Now_lr 0.0008/0.0008 | Lambda 0.1191 | Train Loss 0.0214 | Valid Loss 2.6162 | Train Acc 99.2745| Valid Acc 54.8520
TestSub: S[16, 17, 18, 19, 20] Epoch 57 Finsh | Now_lr 0.0008/0.0008 | Lambda 0.1192 | Train Loss 0.0219 | Valid Loss 2.7686 | Train Acc 99.2843| Valid Acc 52.9057
TestSub: S[16, 17, 18, 19, 20] Epoch 58 Finsh | Now_lr 0.0008/0.0008 | Lambda 0.1193 | Train Loss 0.0219 | Valid Loss 2.7450 | Train Acc 99.2624| Valid Acc 53.8225
TestSub: S[16, 17, 18, 19, 20] Epoch 59 Finsh | Now_lr 0.0008/0.0008 | Lambda 0.1193 | Train Loss 0.0202 | Valid Loss 2.5857 | Train Acc 99.3396| Valid Acc 54.6723
TestSub: S[16, 17, 18, 19, 20] Epoch 60 Finsh | Now_lr 0.0008/0.0008 | Lambda 0.1194 | Train Loss 0.0223 | Valid Loss 2.4791 | Train Acc 99.2454| Valid Acc 54.9525
TestSub: S[16, 17, 18, 19, 20] Epoch 61 Finsh | Now_lr 0.0008/0.0008 | Lambda 0.1195 | Train Loss 0.0202 | Valid Loss 2.6728 | Train Acc 99.3098| Valid Acc 55.3332
TestSub: S[16, 17, 18, 19, 20] Epoch 62 Finsh | Now_lr 0.0008/0.0008 | Lambda 0.1195 | Train Loss 0.0212 | Valid Loss 2.8938 | Train Acc 99.2867| Valid Acc 53.0062
TestSub: S[16, 17, 18, 19, 20] Epoch 63 Finsh | Now_lr 0.0008/0.0008 | Lambda 0.1196 | Train Loss 0.0207 | Valid Loss 2.6238 | Train Acc 99.3110| Valid Acc 53.6367
TestSub: S[16, 17, 18, 19, 20] Epoch 64 Finsh | Now_lr 0.0008/0.0008 | Lambda 0.1196 | Train Loss 0.0207 | Valid Loss 2.5763 | Train Acc 99.2995| Valid Acc 56.8439
Validation acc increase (56.496711 --> 56.843933) in epoch (64).  Saving model ...
TestSub: S[16, 17, 18, 19, 20] Epoch 65 Finsh | Now_lr 0.0008/0.0008 | Lambda 0.1196 | Train Loss 0.0199 | Valid Loss 2.7209 | Train Acc 99.3439| Valid Acc 53.9413
TestSub: S[16, 17, 18, 19, 20] Epoch 66 Finsh | Now_lr 0.0008/0.0008 | Lambda 0.1197 | Train Loss 0.0202 | Valid Loss 2.8903 | Train Acc 99.3098| Valid Acc 53.8804
TestSub: S[16, 17, 18, 19, 20] Epoch 67 Finsh | Now_lr 0.0008/0.0008 | Lambda 0.1197 | Train Loss 0.0197 | Valid Loss 2.4790 | Train Acc 99.3518| Valid Acc 55.0134
TestSub: S[16, 17, 18, 19, 20] Epoch 68 Finsh | Now_lr 0.0008/0.0008 | Lambda 0.1197 | Train Loss 0.0191 | Valid Loss 2.6753 | Train Acc 99.3603| Valid Acc 53.5697
TestSub: S[16, 17, 18, 19, 20] Epoch 69 Finsh | Now_lr 0.0008/0.0008 | Lambda 0.1198 | Train Loss 0.0194 | Valid Loss 2.6701 | Train Acc 99.3731| Valid Acc 53.0915
TestSub: S[16, 17, 18, 19, 20] Epoch 70 Finsh | Now_lr 0.0008/0.0008 | Lambda 0.1198 | Train Loss 0.0193 | Valid Loss 2.7397 | Train Acc 99.3493| Valid Acc 52.6224
TestSub: S[16, 17, 18, 19, 20] Epoch 71 Finsh | Now_lr 0.0008/0.0008 | Lambda 0.1198 | Train Loss 0.0192 | Valid Loss 2.5672 | Train Acc 99.3548| Valid Acc 53.0610
TestSub: S[16, 17, 18, 19, 20] Epoch 72 Finsh | Now_lr 0.0008/0.0008 | Lambda 0.1198 | Train Loss 0.0185 | Valid Loss 3.0168 | Train Acc 99.3822| Valid Acc 53.5636
TestSub: S[16, 17, 18, 19, 20] Epoch 73 Finsh | Now_lr 0.0008/0.0008 | Lambda 0.1198 | Train Loss 0.0195 | Valid Loss 2.8151 | Train Acc 99.3755| Valid Acc 53.5545
TestSub: S[16, 17, 18, 19, 20] Epoch 74 Finsh | Now_lr 0.0008/0.0008 | Lambda 0.1199 | Train Loss 0.0188 | Valid Loss 2.8759 | Train Acc 99.3499| Valid Acc 52.3788
TestSub: S[16, 17, 18, 19, 20] Epoch 75 Finsh | Now_lr 0.0008/0.0008 | Lambda 0.1199 | Train Loss 0.0179 | Valid Loss 2.8662 | Train Acc 99.4059| Valid Acc 54.0692
TestSub: S[16, 17, 18, 19, 20] Epoch 76 Finsh | Now_lr 0.0008/0.0008 | Lambda 0.1199 | Train Loss 0.0192 | Valid Loss 2.6991 | Train Acc 99.3682| Valid Acc 54.0509
TestSub: S[16, 17, 18, 19, 20] Epoch 77 Finsh | Now_lr 0.0008/0.0008 | Lambda 0.1199 | Train Loss 0.0186 | Valid Loss 2.7151 | Train Acc 99.3828| Valid Acc 53.7342
TestSub: S[16, 17, 18, 19, 20] Epoch 78 Finsh | Now_lr 0.0008/0.0008 | Lambda 0.1199 | Train Loss 0.0184 | Valid Loss 2.6792 | Train Acc 99.4247| Valid Acc 53.3382
TestSub: S[16, 17, 18, 19, 20] Epoch 79 Finsh | Now_lr 0.0008/0.0008 | Lambda 0.1199 | Train Loss 0.0191 | Valid Loss 2.8303 | Train Acc 99.3591| Valid Acc 53.2956
TestSub: S[16, 17, 18, 19, 20] Epoch 80 Finsh | Now_lr 0.0008/0.0008 | Lambda 0.1199 | Train Loss 0.0186 | Valid Loss 2.5852 | Train Acc 99.3974| Valid Acc 52.5554
TestSub: S[16, 17, 18, 19, 20] Epoch 81 Finsh | Now_lr 0.0008/0.0008 | Lambda 0.1199 | Train Loss 0.0174 | Valid Loss 2.7199 | Train Acc 99.4326| Valid Acc 52.7961
TestSub: S[16, 17, 18, 19, 20] Epoch 82 Finsh | Now_lr 0.0008/0.0008 | Lambda 0.1199 | Train Loss 0.0186 | Valid Loss 2.8028 | Train Acc 99.3767| Valid Acc 51.9036
TestSub: S[16, 17, 18, 19, 20] Epoch 83 Finsh | Now_lr 0.0008/0.0008 | Lambda 0.1199 | Train Loss 0.0190 | Valid Loss 2.4507 | Train Acc 99.3712| Valid Acc 53.2590
TestSub: S[16, 17, 18, 19, 20] Epoch 84 Finsh | Now_lr 0.0008/0.0008 | Lambda 0.1199 | Train Loss 0.0177 | Valid Loss 2.7712 | Train Acc 99.4120| Valid Acc 53.6001
TestSub: S[16, 17, 18, 19, 20] Epoch 85 Finsh | Now_lr 0.0008/0.0008 | Lambda 0.1200 | Train Loss 0.0174 | Valid Loss 2.6541 | Train Acc 99.4266| Valid Acc 54.3981
TestSub: S[16, 17, 18, 19, 20] Epoch 86 Finsh | Now_lr 0.0008/0.0008 | Lambda 0.1200 | Train Loss 0.0181 | Valid Loss 2.4435 | Train Acc 99.4041| Valid Acc 53.4083
TestSub: S[16, 17, 18, 19, 20] Epoch 87 Finsh | Now_lr 0.0008/0.0008 | Lambda 0.1200 | Train Loss 0.0174 | Valid Loss 3.1343 | Train Acc 99.4053| Valid Acc 51.9706
TestSub: S[16, 17, 18, 19, 20] Epoch 88 Finsh | Now_lr 0.0008/0.0008 | Lambda 0.1200 | Train Loss 0.0181 | Valid Loss 2.7574 | Train Acc 99.4029| Valid Acc 53.6215
TestSub: S[16, 17, 18, 19, 20] Epoch 89 Finsh | Now_lr 0.0008/0.0008 | Lambda 0.1200 | Train Loss 0.0176 | Valid Loss 2.8182 | Train Acc 99.4272| Valid Acc 52.5128
TestSub: S[16, 17, 18, 19, 20] Epoch 90 Finsh | Now_lr 0.0008/0.0008 | Lambda 0.1200 | Train Loss 0.0179 | Valid Loss 2.8329 | Train Acc 99.4089| Valid Acc 52.5006
TestSub: S[16, 17, 18, 19, 20] Epoch 91 Finsh | Now_lr 0.0008/0.0008 | Lambda 0.1200 | Train Loss 0.0179 | Valid Loss 2.8656 | Train Acc 99.4223| Valid Acc 51.3706
TestSub: S[16, 17, 18, 19, 20] Epoch 92 Finsh | Now_lr 0.0008/0.0008 | Lambda 0.1200 | Train Loss 0.0176 | Valid Loss 2.8269 | Train Acc 99.4278| Valid Acc 53.7067
TestSub: S[16, 17, 18, 19, 20] Epoch 93 Finsh | Now_lr 0.0008/0.0008 | Lambda 0.1200 | Train Loss 0.0182 | Valid Loss 2.6792 | Train Acc 99.4089| Valid Acc 53.2468
TestSub: S[16, 17, 18, 19, 20] Epoch 94 Finsh | Now_lr 0.0008/0.0008 | Lambda 0.1200 | Train Loss 0.0171 | Valid Loss 2.6063 | Train Acc 99.4600| Valid Acc 54.5718
Early stopping triggered after 94 epochs (30 epochs without improvement)
--------------------------------------------------
Test_Subject :S[16, 17, 18, 19, 20] |Best epoch:64 | Test Loss:2.5763 | Best Acc 56.8439 | Savemodel Acc 56.8439
--------------------------------------------------

========== Fold 5 ==========
Train IDs: [1, 2, 3, 4, 5, 6, 7, 8, 9, 10, 11, 12, 13, 14, 15, 16, 17, 18, 19, 20, 26, 27, 28, 29, 30]
Val IDs:   [21, 22, 23, 24, 25]
train_data_shape(164500, 32, 128),val_data_shape(32900, 32, 128)
=================================================================
Layer (type:depth-idx)                   Param #
=================================================================
DARNet                                   --
├─TokenEmbedding: 1-1                    --
│    └─Sequential: 2-1                   --
│    │    └─Conv2d: 3-1                  576
│    │    └─BatchNorm2d: 3-2             128
│    │    └─GELU: 3-3                    --
│    └─Sequential: 2-2                   --
│    │    └─Conv2d: 3-4                  32,784
│    │    └─BatchNorm2d: 3-5             32
│    │    └─GELU: 3-6                    --
│    └─PositionalEmbedding: 2-3          --
├─Flatten: 1-2                           --
├─Linear: 1-3                            18
├─AttnRefine: 1-4                        --
│    └─MyAttention: 2-4                  --
│    │    └─Attention: 3-7               800
│    └─Refine: 2-5                       --
│    │    └─Conv1d: 3-8                  784
│    │    └─BatchNorm1d: 3-9             32
│    │    └─ELU: 3-10                    --
│    │    └─MaxPool1d: 3-11              --
│    └─AdaptiveAvgPool1d: 2-6            --
│    └─Linear: 2-7                       68
│    └─Flatten: 2-8                      --
├─AttnRefine: 1-5                        --
│    └─MyAttention: 2-9                  --
│    │    └─Attention: 3-12              800
│    └─Refine: 2-10                      --
│    │    └─Conv1d: 3-13                 784
│    │    └─BatchNorm1d: 3-14            32
│    │    └─ELU: 3-15                    --
│    │    └─MaxPool1d: 3-16              --
│    └─AdaptiveAvgPool1d: 2-11           --
│    └─Linear: 2-12                      68
│    └─Flatten: 2-13                     --
├─GradientReversalLayer: 1-6             --
├─SubjectDiscriminator: 1-7              --
│    └─Sequential: 2-14                  --
│    │    └─Linear: 3-17                 2,304
│    │    └─ReLU: 3-18                   --
│    │    └─Dropout: 3-19                --
│    │    └─Linear: 3-20                 32,896
│    │    └─ReLU: 3-21                   --
│    │    └─Dropout: 3-22                --
│    │    └─Linear: 3-23                 3,870
=================================================================
Total params: 75,976
Trainable params: 75,976
Non-trainable params: 0
=================================================================
TestSub: S[21, 22, 23, 24, 25] Epoch  1 Finsh | Now_lr 0.0008/0.0008 | Lambda 0.0060 | Train Loss 0.4681 | Valid Loss 1.3867 | Train Acc 75.8787| Valid Acc 51.7909
Validation acc increase (0.000000 --> 51.790936) in epoch (1).  Saving model ...
TestSub: S[21, 22, 23, 24, 25] Epoch  2 Finsh | Now_lr 0.0008/0.0008 | Lambda 0.0120 | Train Loss 0.3231 | Valid Loss 1.5283 | Train Acc 85.5109| Valid Acc 48.8274
TestSub: S[21, 22, 23, 24, 25] Epoch  3 Finsh | Now_lr 0.0008/0.0008 | Lambda 0.0179 | Train Loss 0.2651 | Valid Loss 1.8128 | Train Acc 88.5496| Valid Acc 50.8498
TestSub: S[21, 22, 23, 24, 25] Epoch  4 Finsh | Now_lr 0.0008/0.0008 | Lambda 0.0237 | Train Loss 0.2140 | Valid Loss 1.9833 | Train Acc 91.0610| Valid Acc 49.5370
TestSub: S[21, 22, 23, 24, 25] Epoch  5 Finsh | Now_lr 0.0008/0.0008 | Lambda 0.0294 | Train Loss 0.1731 | Valid Loss 2.1271 | Train Acc 93.0653| Valid Acc 50.9046
TestSub: S[21, 22, 23, 24, 25] Epoch  6 Finsh | Now_lr 0.0008/0.0008 | Lambda 0.0350 | Train Loss 0.1417 | Valid Loss 2.2133 | Train Acc 94.4463| Valid Acc 50.1371
TestSub: S[21, 22, 23, 24, 25] Epoch  7 Finsh | Now_lr 0.0008/0.0008 | Lambda 0.0404 | Train Loss 0.1189 | Valid Loss 2.4249 | Train Acc 95.4162| Valid Acc 50.8041
TestSub: S[21, 22, 23, 24, 25] Epoch  8 Finsh | Now_lr 0.0008/0.0008 | Lambda 0.0456 | Train Loss 0.1055 | Valid Loss 2.8088 | Train Acc 95.9695| Valid Acc 50.6183
TestSub: S[21, 22, 23, 24, 25] Epoch  9 Finsh | Now_lr 0.0008/0.0008 | Lambda 0.0506 | Train Loss 0.0929 | Valid Loss 2.6627 | Train Acc 96.5272| Valid Acc 51.4376
TestSub: S[21, 22, 23, 24, 25] Epoch 10 Finsh | Now_lr 0.0008/0.0008 | Lambda 0.0555 | Train Loss 0.0831 | Valid Loss 2.7080 | Train Acc 96.8774| Valid Acc 50.9107
TestSub: S[21, 22, 23, 24, 25] Epoch 11 Finsh | Now_lr 0.0008/0.0008 | Lambda 0.0601 | Train Loss 0.0752 | Valid Loss 2.8416 | Train Acc 97.2240| Valid Acc 49.6741
TestSub: S[21, 22, 23, 24, 25] Epoch 12 Finsh | Now_lr 0.0008/0.0008 | Lambda 0.0644 | Train Loss 0.0692 | Valid Loss 2.8996 | Train Acc 97.4551| Valid Acc 51.1361
TestSub: S[21, 22, 23, 24, 25] Epoch 13 Finsh | Now_lr 0.0008/0.0008 | Lambda 0.0686 | Train Loss 0.0630 | Valid Loss 3.0350 | Train Acc 97.6917| Valid Acc 50.6975
TestSub: S[21, 22, 23, 24, 25] Epoch 14 Finsh | Now_lr 0.0008/0.0008 | Lambda 0.0725 | Train Loss 0.0583 | Valid Loss 3.2599 | Train Acc 97.8255| Valid Acc 49.6436
TestSub: S[21, 22, 23, 24, 25] Epoch 15 Finsh | Now_lr 0.0008/0.0008 | Lambda 0.0762 | Train Loss 0.0545 | Valid Loss 3.0638 | Train Acc 97.9963| Valid Acc 49.1228
TestSub: S[21, 22, 23, 24, 25] Epoch 16 Finsh | Now_lr 0.0008/0.0008 | Lambda 0.0797 | Train Loss 0.0508 | Valid Loss 2.9844 | Train Acc 98.1617| Valid Acc 51.0356
TestSub: S[21, 22, 23, 24, 25] Epoch 17 Finsh | Now_lr 0.0008/0.0008 | Lambda 0.0829 | Train Loss 0.0491 | Valid Loss 3.0178 | Train Acc 98.2092| Valid Acc 50.1523
TestSub: S[21, 22, 23, 24, 25] Epoch 18 Finsh | Now_lr 0.0008/0.0008 | Lambda 0.0860 | Train Loss 0.0455 | Valid Loss 3.2775 | Train Acc 98.3563| Valid Acc 49.5919
TestSub: S[21, 22, 23, 24, 25] Epoch 19 Finsh | Now_lr 0.0008/0.0008 | Lambda 0.0888 | Train Loss 0.0421 | Valid Loss 3.4163 | Train Acc 98.4998| Valid Acc 48.8365
TestSub: S[21, 22, 23, 24, 25] Epoch 20 Finsh | Now_lr 0.0008/0.0008 | Lambda 0.0914 | Train Loss 0.0414 | Valid Loss 3.4577 | Train Acc 98.5424| Valid Acc 50.8102
TestSub: S[21, 22, 23, 24, 25] Epoch 21 Finsh | Now_lr 0.0008/0.0008 | Lambda 0.0938 | Train Loss 0.0399 | Valid Loss 3.7025 | Train Acc 98.6038| Valid Acc 49.7563
TestSub: S[21, 22, 23, 24, 25] Epoch 22 Finsh | Now_lr 0.0008/0.0008 | Lambda 0.0961 | Train Loss 0.0376 | Valid Loss 3.5018 | Train Acc 98.6731| Valid Acc 48.8700
TestSub: S[21, 22, 23, 24, 25] Epoch 23 Finsh | Now_lr 0.0008/0.0008 | Lambda 0.0981 | Train Loss 0.0354 | Valid Loss 3.7676 | Train Acc 98.7546| Valid Acc 48.3065
TestSub: S[21, 22, 23, 24, 25] Epoch 24 Finsh | Now_lr 0.0008/0.0008 | Lambda 0.1000 | Train Loss 0.0347 | Valid Loss 3.8302 | Train Acc 98.8130| Valid Acc 49.7167
TestSub: S[21, 22, 23, 24, 25] Epoch 25 Finsh | Now_lr 0.0008/0.0008 | Lambda 0.1018 | Train Loss 0.0325 | Valid Loss 3.9773 | Train Acc 98.8665| Valid Acc 49.2264
TestSub: S[21, 22, 23, 24, 25] Epoch 26 Finsh | Now_lr 0.0008/0.0008 | Lambda 0.1034 | Train Loss 0.0336 | Valid Loss 3.9928 | Train Acc 98.8452| Valid Acc 50.4660
TestSub: S[21, 22, 23, 24, 25] Epoch 27 Finsh | Now_lr 0.0008/0.0008 | Lambda 0.1049 | Train Loss 0.0323 | Valid Loss 3.5886 | Train Acc 98.8902| Valid Acc 48.8213
TestSub: S[21, 22, 23, 24, 25] Epoch 28 Finsh | Now_lr 0.0008/0.0008 | Lambda 0.1062 | Train Loss 0.0312 | Valid Loss 3.8254 | Train Acc 98.9352| Valid Acc 50.3655
TestSub: S[21, 22, 23, 24, 25] Epoch 29 Finsh | Now_lr 0.0008/0.0008 | Lambda 0.1075 | Train Loss 0.0288 | Valid Loss 3.7089 | Train Acc 99.0161| Valid Acc 50.3899
TestSub: S[21, 22, 23, 24, 25] Epoch 30 Finsh | Now_lr 0.0008/0.0008 | Lambda 0.1086 | Train Loss 0.0293 | Valid Loss 3.6427 | Train Acc 98.9924| Valid Acc 50.0518
TestSub: S[21, 22, 23, 24, 25] Epoch 31 Finsh | Now_lr 0.0008/0.0008 | Lambda 0.1097 | Train Loss 0.0291 | Valid Loss 3.8694 | Train Acc 99.0234| Valid Acc 49.3604
Early stopping triggered after 31 epochs (30 epochs without improvement)
--------------------------------------------------
Test_Subject :S[21, 22, 23, 24, 25] |Best epoch:1 | Test Loss:1.3867 | Best Acc 51.7909 | Savemodel Acc 51.7909
--------------------------------------------------

========== Fold 6 ==========
Train IDs: [1, 2, 3, 4, 5, 6, 7, 8, 9, 10, 11, 12, 13, 14, 15, 16, 17, 18, 19, 20, 21, 22, 23, 24, 25]
Val IDs:   [26, 27, 28, 29, 30]
train_data_shape(164500, 32, 128),val_data_shape(32900, 32, 128)
=================================================================
Layer (type:depth-idx)                   Param #
=================================================================
DARNet                                   --
├─TokenEmbedding: 1-1                    --
│    └─Sequential: 2-1                   --
│    │    └─Conv2d: 3-1                  576
│    │    └─BatchNorm2d: 3-2             128
│    │    └─GELU: 3-3                    --
│    └─Sequential: 2-2                   --
│    │    └─Conv2d: 3-4                  32,784
│    │    └─BatchNorm2d: 3-5             32
│    │    └─GELU: 3-6                    --
│    └─PositionalEmbedding: 2-3          --
├─Flatten: 1-2                           --
├─Linear: 1-3                            18
├─AttnRefine: 1-4                        --
│    └─MyAttention: 2-4                  --
│    │    └─Attention: 3-7               800
│    └─Refine: 2-5                       --
│    │    └─Conv1d: 3-8                  784
│    │    └─BatchNorm1d: 3-9             32
│    │    └─ELU: 3-10                    --
│    │    └─MaxPool1d: 3-11              --
│    └─AdaptiveAvgPool1d: 2-6            --
│    └─Linear: 2-7                       68
│    └─Flatten: 2-8                      --
├─AttnRefine: 1-5                        --
│    └─MyAttention: 2-9                  --
│    │    └─Attention: 3-12              800
│    └─Refine: 2-10                      --
│    │    └─Conv1d: 3-13                 784
│    │    └─BatchNorm1d: 3-14            32
│    │    └─ELU: 3-15                    --
│    │    └─MaxPool1d: 3-16              --
│    └─AdaptiveAvgPool1d: 2-11           --
│    └─Linear: 2-12                      68
│    └─Flatten: 2-13                     --
├─GradientReversalLayer: 1-6             --
├─SubjectDiscriminator: 1-7              --
│    └─Sequential: 2-14                  --
│    │    └─Linear: 3-17                 2,304
│    │    └─ReLU: 3-18                   --
│    │    └─Dropout: 3-19                --
│    │    └─Linear: 3-20                 32,896
│    │    └─ReLU: 3-21                   --
│    │    └─Dropout: 3-22                --
│    │    └─Linear: 3-23                 3,870
=================================================================
Total params: 75,976
Trainable params: 75,976
Non-trainable params: 0
=================================================================
TestSub: S[26, 27, 28, 29, 30] Epoch  1 Finsh | Now_lr 0.0008/0.0008 | Lambda 0.0060 | Train Loss 0.4542 | Valid Loss 1.4653 | Train Acc 77.4160| Valid Acc 49.2416
Validation acc increase (0.000000 --> 49.241594) in epoch (1).  Saving model ...
TestSub: S[26, 27, 28, 29, 30] Epoch  2 Finsh | Now_lr 0.0008/0.0008 | Lambda 0.0120 | Train Loss 0.2883 | Valid Loss 1.9150 | Train Acc 87.7475| Valid Acc 48.4984
TestSub: S[26, 27, 28, 29, 30] Epoch  3 Finsh | Now_lr 0.0008/0.0008 | Lambda 0.0179 | Train Loss 0.2188 | Valid Loss 2.0480 | Train Acc 91.1078| Valid Acc 51.1056
Validation acc increase (49.241594 --> 51.105629) in epoch (3).  Saving model ...
TestSub: S[26, 27, 28, 29, 30] Epoch  4 Finsh | Now_lr 0.0008/0.0008 | Lambda 0.0237 | Train Loss 0.1695 | Valid Loss 2.0785 | Train Acc 93.4022| Valid Acc 50.5665
TestSub: S[26, 27, 28, 29, 30] Epoch  5 Finsh | Now_lr 0.0008/0.0008 | Lambda 0.0294 | Train Loss 0.1353 | Valid Loss 2.1230 | Train Acc 94.8063| Valid Acc 52.9544
Validation acc increase (51.105629 --> 52.954435) in epoch (5).  Saving model ...
TestSub: S[26, 27, 28, 29, 30] Epoch  6 Finsh | Now_lr 0.0008/0.0008 | Lambda 0.0350 | Train Loss 0.1111 | Valid Loss 2.3717 | Train Acc 95.8291| Valid Acc 51.1117
TestSub: S[26, 27, 28, 29, 30] Epoch  7 Finsh | Now_lr 0.0008/0.0008 | Lambda 0.0404 | Train Loss 0.0952 | Valid Loss 2.4286 | Train Acc 96.4785| Valid Acc 53.1128
Validation acc increase (52.954435 --> 53.112817) in epoch (7).  Saving model ...
TestSub: S[26, 27, 28, 29, 30] Epoch  8 Finsh | Now_lr 0.0008/0.0008 | Lambda 0.0456 | Train Loss 0.0830 | Valid Loss 2.6253 | Train Acc 96.9553| Valid Acc 52.6499
TestSub: S[26, 27, 28, 29, 30] Epoch  9 Finsh | Now_lr 0.0008/0.0008 | Lambda 0.0506 | Train Loss 0.0721 | Valid Loss 2.6389 | Train Acc 97.4101| Valid Acc 52.0925
TestSub: S[26, 27, 28, 29, 30] Epoch 10 Finsh | Now_lr 0.0008/0.0008 | Lambda 0.0555 | Train Loss 0.0650 | Valid Loss 2.8296 | Train Acc 97.6990| Valid Acc 51.5381
TestSub: S[26, 27, 28, 29, 30] Epoch 11 Finsh | Now_lr 0.0008/0.0008 | Lambda 0.0601 | Train Loss 0.0595 | Valid Loss 3.1055 | Train Acc 97.8960| Valid Acc 50.9594
TestSub: S[26, 27, 28, 29, 30] Epoch 12 Finsh | Now_lr 0.0008/0.0008 | Lambda 0.0644 | Train Loss 0.0527 | Valid Loss 2.8134 | Train Acc 98.1271| Valid Acc 53.7829
Validation acc increase (53.112817 --> 53.782895) in epoch (12).  Saving model ...
TestSub: S[26, 27, 28, 29, 30] Epoch 13 Finsh | Now_lr 0.0008/0.0008 | Lambda 0.0686 | Train Loss 0.0490 | Valid Loss 3.1531 | Train Acc 98.3144| Valid Acc 50.3107
TestSub: S[26, 27, 28, 29, 30] Epoch 14 Finsh | Now_lr 0.0008/0.0008 | Lambda 0.0725 | Train Loss 0.0462 | Valid Loss 3.0914 | Train Acc 98.4007| Valid Acc 50.8559
TestSub: S[26, 27, 28, 29, 30] Epoch 15 Finsh | Now_lr 0.0008/0.0008 | Lambda 0.0762 | Train Loss 0.0448 | Valid Loss 3.0652 | Train Acc 98.4183| Valid Acc 51.0660
TestSub: S[26, 27, 28, 29, 30] Epoch 16 Finsh | Now_lr 0.0008/0.0008 | Lambda 0.0797 | Train Loss 0.0409 | Valid Loss 3.0479 | Train Acc 98.6214| Valid Acc 50.6488
TestSub: S[26, 27, 28, 29, 30] Epoch 17 Finsh | Now_lr 0.0008/0.0008 | Lambda 0.0829 | Train Loss 0.0384 | Valid Loss 3.3095 | Train Acc 98.6579| Valid Acc 51.3462
TestSub: S[26, 27, 28, 29, 30] Epoch 18 Finsh | Now_lr 0.0008/0.0008 | Lambda 0.0860 | Train Loss 0.0369 | Valid Loss 3.4241 | Train Acc 98.7491| Valid Acc 50.1827
TestSub: S[26, 27, 28, 29, 30] Epoch 19 Finsh | Now_lr 0.0008/0.0008 | Lambda 0.0888 | Train Loss 0.0352 | Valid Loss 3.1331 | Train Acc 98.7875| Valid Acc 50.9533
TestSub: S[26, 27, 28, 29, 30] Epoch 20 Finsh | Now_lr 0.0008/0.0008 | Lambda 0.0914 | Train Loss 0.0335 | Valid Loss 3.4047 | Train Acc 98.8404| Valid Acc 50.1614
TestSub: S[26, 27, 28, 29, 30] Epoch 21 Finsh | Now_lr 0.0008/0.0008 | Lambda 0.0938 | Train Loss 0.0320 | Valid Loss 3.4335 | Train Acc 98.9018| Valid Acc 50.9625
TestSub: S[26, 27, 28, 29, 30] Epoch 22 Finsh | Now_lr 0.0008/0.0008 | Lambda 0.0961 | Train Loss 0.0307 | Valid Loss 3.2741 | Train Acc 98.9784| Valid Acc 52.1077
TestSub: S[26, 27, 28, 29, 30] Epoch 23 Finsh | Now_lr 0.0008/0.0008 | Lambda 0.0981 | Train Loss 0.0303 | Valid Loss 3.3402 | Train Acc 98.9450| Valid Acc 51.8701
TestSub: S[26, 27, 28, 29, 30] Epoch 24 Finsh | Now_lr 0.0008/0.0008 | Lambda 0.1000 | Train Loss 0.0279 | Valid Loss 3.6343 | Train Acc 99.0392| Valid Acc 50.1492
TestSub: S[26, 27, 28, 29, 30] Epoch 25 Finsh | Now_lr 0.0008/0.0008 | Lambda 0.1018 | Train Loss 0.0283 | Valid Loss 3.4888 | Train Acc 99.0380| Valid Acc 51.0630
TestSub: S[26, 27, 28, 29, 30] Epoch 26 Finsh | Now_lr 0.0008/0.0008 | Lambda 0.1034 | Train Loss 0.0277 | Valid Loss 3.5678 | Train Acc 99.0155| Valid Acc 52.1321
TestSub: S[26, 27, 28, 29, 30] Epoch 27 Finsh | Now_lr 0.0008/0.0008 | Lambda 0.1049 | Train Loss 0.0268 | Valid Loss 3.3723 | Train Acc 99.1085| Valid Acc 51.9067
TestSub: S[26, 27, 28, 29, 30] Epoch 28 Finsh | Now_lr 0.0008/0.0008 | Lambda 0.1062 | Train Loss 0.0263 | Valid Loss 3.5298 | Train Acc 99.1097| Valid Acc 51.5777
TestSub: S[26, 27, 28, 29, 30] Epoch 29 Finsh | Now_lr 0.0008/0.0008 | Lambda 0.1075 | Train Loss 0.0254 | Valid Loss 3.5846 | Train Acc 99.1231| Valid Acc 52.0102
TestSub: S[26, 27, 28, 29, 30] Epoch 30 Finsh | Now_lr 0.0008/0.0008 | Lambda 0.1086 | Train Loss 0.0251 | Valid Loss 3.4638 | Train Acc 99.1256| Valid Acc 50.8193
TestSub: S[26, 27, 28, 29, 30] Epoch 31 Finsh | Now_lr 0.0008/0.0008 | Lambda 0.1097 | Train Loss 0.0237 | Valid Loss 3.6781 | Train Acc 99.2107| Valid Acc 52.3849
TestSub: S[26, 27, 28, 29, 30] Epoch 32 Finsh | Now_lr 0.0008/0.0008 | Lambda 0.1106 | Train Loss 0.0230 | Valid Loss 3.6494 | Train Acc 99.2083| Valid Acc 51.0538
TestSub: S[26, 27, 28, 29, 30] Epoch 33 Finsh | Now_lr 0.0008/0.0008 | Lambda 0.1115 | Train Loss 0.0242 | Valid Loss 3.7537 | Train Acc 99.1797| Valid Acc 50.2802
TestSub: S[26, 27, 28, 29, 30] Epoch 34 Finsh | Now_lr 0.0008/0.0008 | Lambda 0.1122 | Train Loss 0.0226 | Valid Loss 3.6158 | Train Acc 99.2368| Valid Acc 51.1178
TestSub: S[26, 27, 28, 29, 30] Epoch 35 Finsh | Now_lr 0.0008/0.0008 | Lambda 0.1130 | Train Loss 0.0222 | Valid Loss 3.5430 | Train Acc 99.2606| Valid Acc 51.4376
TestSub: S[26, 27, 28, 29, 30] Epoch 36 Finsh | Now_lr 0.0008/0.0008 | Lambda 0.1136 | Train Loss 0.0223 | Valid Loss 3.5502 | Train Acc 99.2660| Valid Acc 49.6985
TestSub: S[26, 27, 28, 29, 30] Epoch 37 Finsh | Now_lr 0.0008/0.0008 | Lambda 0.1142 | Train Loss 0.0205 | Valid Loss 4.2306 | Train Acc 99.3147| Valid Acc 48.3918
TestSub: S[26, 27, 28, 29, 30] Epoch 38 Finsh | Now_lr 0.0008/0.0008 | Lambda 0.1147 | Train Loss 0.0212 | Valid Loss 3.6430 | Train Acc 99.2782| Valid Acc 48.5411
TestSub: S[26, 27, 28, 29, 30] Epoch 39 Finsh | Now_lr 0.0008/0.0008 | Lambda 0.1152 | Train Loss 0.0209 | Valid Loss 3.7559 | Train Acc 99.2885| Valid Acc 48.2365
TestSub: S[26, 27, 28, 29, 30] Epoch 40 Finsh | Now_lr 0.0008/0.0008 | Lambda 0.1157 | Train Loss 0.0194 | Valid Loss 3.5042 | Train Acc 99.3451| Valid Acc 50.1888
TestSub: S[26, 27, 28, 29, 30] Epoch 41 Finsh | Now_lr 0.0008/0.0008 | Lambda 0.1161 | Train Loss 0.0211 | Valid Loss 3.8494 | Train Acc 99.2897| Valid Acc 49.9909
TestSub: S[26, 27, 28, 29, 30] Epoch 42 Finsh | Now_lr 0.0008/0.0008 | Lambda 0.1165 | Train Loss 0.0190 | Valid Loss 3.8748 | Train Acc 99.3451| Valid Acc 52.0468
Early stopping triggered after 42 epochs (30 epochs without improvement)
--------------------------------------------------
Test_Subject :S[26, 27, 28, 29, 30] |Best epoch:12 | Test Loss:2.8134 | Best Acc 53.7829 | Savemodel Acc 53.7829
--------------------------------------------------
lr:0.0008 -> bs:96
6-Fold Cross Subject Accuracies: [54.63267543859649, 51.95845516569201, 54.66008771929825, 56.84393274853801, 51.790935672514614, 53.7828947368421]
Mean Accuracy over 6 folds: 53.9448
============================================================================================================
end time: 25-10-09-11:10:18
Current device is cuda:0
start time: task1_AAD_MM-AAD_trainer1_2025-10-09-04-20-03
============================================================================================================
Arguments =
	_action_groups: [<argparse._ArgumentGroup object at 0x7f008b8f8820>, <argparse._ArgumentGroup object at 0x7f0062739970>]
	_actions: [_HelpAction(option_strings=['-h', '--help'], dest='help', nargs=0, const=None, default='==SUPPRESS==', type=None, choices=None, required=False, help='show this help message and exit', metavar=None)]
	_defaults: {}
	_has_negative_number_optionals: []
	_mutually_exclusive_groups: []
	_negative_number_matcher: re.compile('^-\\d+$|^-\\d*\\.\\d+$')
	_option_string_actions: {'-h': _HelpAction(option_strings=['-h', '--help'], dest='help', nargs=0, const=None, default='==SUPPRESS==', type=None, choices=None, required=False, help='show this help message and exit', metavar=None), '--help': _HelpAction(option_strings=['-h', '--help'], dest='help', nargs=0, const=None, default='==SUPPRESS==', type=None, choices=None, required=False, help='show this help message and exit', metavar=None)}
	_optionals: <argparse._ArgumentGroup object at 0x7f0062739970>
	_positionals: <argparse._ArgumentGroup object at 0x7f008b8f8820>
	_registries: {'action': {None: <class 'argparse._StoreAction'>, 'store': <class 'argparse._StoreAction'>, 'store_const': <class 'argparse._StoreConstAction'>, 'store_true': <class 'argparse._StoreTrueAction'>, 'store_false': <class 'argparse._StoreFalseAction'>, 'append': <class 'argparse._AppendAction'>, 'append_const': <class 'argparse._AppendConstAction'>, 'count': <class 'argparse._CountAction'>, 'help': <class 'argparse._HelpAction'>, 'version': <class 'argparse._VersionAction'>, 'parsers': <class 'argparse._SubParsersAction'>, 'extend': <class 'argparse._ExtendAction'>}, 'type': {None: <function ArgumentParser.__init__.<locals>.identity at 0x7f0062759940>}}
	_subparsers: None
	add_help: True
	allow_abbrev: True
	argument_default: None
	batch_size: 128
	conflict_handler: error
	data_path: /home/suyash.kumar.mec22.itbhu/EEG-AAD_audio_visual/preprocessed/data/
	dataset: MM-AAD
	description: None
	eeg_channel: 32
	epilog: None
	exit_on_error: True
	fig_path: ./exps/cross-subject/DARNet/figures/
	formatter_class: <class 'argparse.HelpFormatter'>
	fromfile_prefix_chars: None
	fs: 128
	label_path: /home/suyash.kumar.mec22.itbhu/EEG-AAD_audio_visual/preprocessed/label/
	lam: 0.2
	lambda_domain: 0.1
	log_interval: 10
	lr: 0.0005
	lr_decayrate: 0.5
	max_epoch: 100
	model: DARNet
	model_save_path: ./exps/cross-subject/DARNet/baseline_task1_AAD_MM-AAD_trainer1_2025-10-09-04-20-03
	optimizer: AdamW
	overlap: 0.5
	patience: 10
	prefix_chars: -
	prog: trainer1.py
	seed: 42
	start_time: task1_AAD_MM-AAD_trainer1_2025-10-09-04-20-03
	subject_number: 40
	trail_number: 20
	usage: None
	use_domain_adversarial: True
	weight_decay: 0.0003
	win_len: 256
	win_time: 2
	window_lap: 128.0
============================================================================================================

========== Fold 1 ==========
Train IDs: [6, 7, 8, 9, 10, 11, 12, 13, 14, 15, 16, 17, 18, 19, 20, 21, 22, 23, 24, 25, 26, 27, 28, 29, 30]
Val IDs:   [1, 2, 3, 4, 5]
train_data_shape(164500, 32, 128),val_data_shape(32900, 32, 128)
=================================================================
Layer (type:depth-idx)                   Param #
=================================================================
DARNet                                   --
├─TokenEmbedding: 1-1                    --
│    └─Sequential: 2-1                   --
│    │    └─Conv2d: 3-1                  576
│    │    └─BatchNorm2d: 3-2             128
│    │    └─GELU: 3-3                    --
│    └─Sequential: 2-2                   --
│    │    └─Conv2d: 3-4                  32,784
│    │    └─BatchNorm2d: 3-5             32
│    │    └─GELU: 3-6                    --
│    └─PositionalEmbedding: 2-3          --
├─Flatten: 1-2                           --
├─Linear: 1-3                            18
├─AttnRefine: 1-4                        --
│    └─MyAttention: 2-4                  --
│    │    └─Attention: 3-7               800
│    └─Refine: 2-5                       --
│    │    └─Conv1d: 3-8                  784
│    │    └─BatchNorm1d: 3-9             32
│    │    └─ELU: 3-10                    --
│    │    └─MaxPool1d: 3-11              --
│    └─AdaptiveAvgPool1d: 2-6            --
│    └─Linear: 2-7                       68
│    └─Flatten: 2-8                      --
├─AttnRefine: 1-5                        --
│    └─MyAttention: 2-9                  --
│    │    └─Attention: 3-12              800
│    └─Refine: 2-10                      --
│    │    └─Conv1d: 3-13                 784
│    │    └─BatchNorm1d: 3-14            32
│    │    └─ELU: 3-15                    --
│    │    └─MaxPool1d: 3-16              --
│    └─AdaptiveAvgPool1d: 2-11           --
│    └─Linear: 2-12                      68
│    └─Flatten: 2-13                     --
├─GradientReversalLayer: 1-6             --
├─SubjectDiscriminator: 1-7              --
│    └─Sequential: 2-14                  --
│    │    └─Linear: 3-17                 2,304
│    │    └─ReLU: 3-18                   --
│    │    └─Dropout: 3-19                --
│    │    └─Linear: 3-20                 32,896
│    │    └─ReLU: 3-21                   --
│    │    └─Dropout: 3-22                --
│    │    └─Linear: 3-23                 3,870
=================================================================
Total params: 75,976
Trainable params: 75,976
Non-trainable params: 0
=================================================================
TestSub: S[1, 2, 3, 4, 5] Epoch  1 Finsh | Now_lr 0.0005/0.0005 | Lambda 0.0050 | Train Loss 0.4741 | Valid Loss 1.3803 | Train Acc 75.6888| Valid Acc 49.2036
Validation acc increase (0.000000 --> 49.203551) in epoch (1).  Saving model ...
TestSub: S[1, 2, 3, 4, 5] Epoch  2 Finsh | Now_lr 0.0005/0.0005 | Lambda 0.0100 | Train Loss 0.3163 | Valid Loss 1.7790 | Train Acc 86.0050| Valid Acc 48.9634
TestSub: S[1, 2, 3, 4, 5] Epoch  3 Finsh | Now_lr 0.0005/0.0005 | Lambda 0.0149 | Train Loss 0.2482 | Valid Loss 2.0827 | Train Acc 89.4632| Valid Acc 48.0241
TestSub: S[1, 2, 3, 4, 5] Epoch  4 Finsh | Now_lr 0.0005/0.0005 | Lambda 0.0197 | Train Loss 0.1976 | Valid Loss 2.3927 | Train Acc 91.9583| Valid Acc 49.6869
Validation acc increase (49.203551 --> 49.686892) in epoch (4).  Saving model ...
TestSub: S[1, 2, 3, 4, 5] Epoch  5 Finsh | Now_lr 0.0005/0.0005 | Lambda 0.0245 | Train Loss 0.1601 | Valid Loss 2.5486 | Train Acc 93.7226| Valid Acc 50.2219
Validation acc increase (49.686892 --> 50.221911) in epoch (5).  Saving model ...
TestSub: S[1, 2, 3, 4, 5] Epoch  6 Finsh | Now_lr 0.0005/0.0005 | Lambda 0.0291 | Train Loss 0.1359 | Valid Loss 2.6063 | Train Acc 94.7063| Valid Acc 49.0972
TestSub: S[1, 2, 3, 4, 5] Epoch  7 Finsh | Now_lr 0.0005/0.0005 | Lambda 0.0336 | Train Loss 0.1177 | Valid Loss 2.9393 | Train Acc 95.5016| Valid Acc 49.8176
TestSub: S[1, 2, 3, 4, 5] Epoch  8 Finsh | Now_lr 0.0005/0.0005 | Lambda 0.0380 | Train Loss 0.1030 | Valid Loss 3.0376 | Train Acc 96.1102| Valid Acc 49.8571
TestSub: S[1, 2, 3, 4, 5] Epoch  9 Finsh | Now_lr 0.0005/0.0005 | Lambda 0.0422 | Train Loss 0.0934 | Valid Loss 3.1080 | Train Acc 96.5224| Valid Acc 51.7449
Validation acc increase (50.221911 --> 51.744893) in epoch (9).  Saving model ...
TestSub: S[1, 2, 3, 4, 5] Epoch 10 Finsh | Now_lr 0.0005/0.0005 | Lambda 0.0462 | Train Loss 0.0805 | Valid Loss 3.3569 | Train Acc 97.0507| Valid Acc 49.2461
TestSub: S[1, 2, 3, 4, 5] Epoch 11 Finsh | Now_lr 0.0005/0.0005 | Lambda 0.0501 | Train Loss 0.0752 | Valid Loss 3.4334 | Train Acc 97.2416| Valid Acc 49.5349
TestSub: S[1, 2, 3, 4, 5] Epoch 12 Finsh | Now_lr 0.0005/0.0005 | Lambda 0.0537 | Train Loss 0.0687 | Valid Loss 3.4280 | Train Acc 97.4964| Valid Acc 48.5956
TestSub: S[1, 2, 3, 4, 5] Epoch 13 Finsh | Now_lr 0.0005/0.0005 | Lambda 0.0572 | Train Loss 0.0637 | Valid Loss 3.5190 | Train Acc 97.7219| Valid Acc 48.9847
TestSub: S[1, 2, 3, 4, 5] Epoch 14 Finsh | Now_lr 0.0005/0.0005 | Lambda 0.0604 | Train Loss 0.0587 | Valid Loss 3.6339 | Train Acc 97.9487| Valid Acc 48.4679
TestSub: S[1, 2, 3, 4, 5] Epoch 15 Finsh | Now_lr 0.0005/0.0005 | Lambda 0.0635 | Train Loss 0.0564 | Valid Loss 3.5588 | Train Acc 97.9985| Valid Acc 50.1277
TestSub: S[1, 2, 3, 4, 5] Epoch 16 Finsh | Now_lr 0.0005/0.0005 | Lambda 0.0664 | Train Loss 0.0513 | Valid Loss 3.5463 | Train Acc 98.1730| Valid Acc 49.5531
TestSub: S[1, 2, 3, 4, 5] Epoch 17 Finsh | Now_lr 0.0005/0.0005 | Lambda 0.0691 | Train Loss 0.0469 | Valid Loss 3.8659 | Train Acc 98.3360| Valid Acc 50.8846
TestSub: S[1, 2, 3, 4, 5] Epoch 18 Finsh | Now_lr 0.0005/0.0005 | Lambda 0.0716 | Train Loss 0.0444 | Valid Loss 3.6500 | Train Acc 98.4521| Valid Acc 51.1856
TestSub: S[1, 2, 3, 4, 5] Epoch 19 Finsh | Now_lr 0.0005/0.0005 | Lambda 0.0740 | Train Loss 0.0419 | Valid Loss 3.8720 | Train Acc 98.5390| Valid Acc 49.9848
TestSub: S[1, 2, 3, 4, 5] Epoch 20 Finsh | Now_lr 0.0005/0.0005 | Lambda 0.0762 | Train Loss 0.0412 | Valid Loss 3.8029 | Train Acc 98.5901| Valid Acc 50.0334
TestSub: S[1, 2, 3, 4, 5] Epoch 21 Finsh | Now_lr 0.0005/0.0005 | Lambda 0.0782 | Train Loss 0.0384 | Valid Loss 3.9889 | Train Acc 98.6442| Valid Acc 50.2766
TestSub: S[1, 2, 3, 4, 5] Epoch 22 Finsh | Now_lr 0.0005/0.0005 | Lambda 0.0800 | Train Loss 0.0374 | Valid Loss 4.0208 | Train Acc 98.7050| Valid Acc 50.0851
TestSub: S[1, 2, 3, 4, 5] Epoch 23 Finsh | Now_lr 0.0005/0.0005 | Lambda 0.0818 | Train Loss 0.0373 | Valid Loss 3.5467 | Train Acc 98.7251| Valid Acc 50.1155
TestSub: S[1, 2, 3, 4, 5] Epoch 24 Finsh | Now_lr 0.0005/0.0005 | Lambda 0.0834 | Train Loss 0.0331 | Valid Loss 4.1263 | Train Acc 98.8564| Valid Acc 51.2950
TestSub: S[1, 2, 3, 4, 5] Epoch 25 Finsh | Now_lr 0.0005/0.0005 | Lambda 0.0848 | Train Loss 0.0323 | Valid Loss 3.8565 | Train Acc 98.9026| Valid Acc 50.3982
TestSub: S[1, 2, 3, 4, 5] Epoch 26 Finsh | Now_lr 0.0005/0.0005 | Lambda 0.0862 | Train Loss 0.0304 | Valid Loss 4.0066 | Train Acc 98.9598| Valid Acc 49.2248
TestSub: S[1, 2, 3, 4, 5] Epoch 27 Finsh | Now_lr 0.0005/0.0005 | Lambda 0.0874 | Train Loss 0.0299 | Valid Loss 4.1696 | Train Acc 98.9494| Valid Acc 49.6535
TestSub: S[1, 2, 3, 4, 5] Epoch 28 Finsh | Now_lr 0.0005/0.0005 | Lambda 0.0885 | Train Loss 0.0283 | Valid Loss 3.8661 | Train Acc 99.0534| Valid Acc 51.0457
TestSub: S[1, 2, 3, 4, 5] Epoch 29 Finsh | Now_lr 0.0005/0.0005 | Lambda 0.0896 | Train Loss 0.0274 | Valid Loss 4.0077 | Train Acc 99.0856| Valid Acc 50.6931
TestSub: S[1, 2, 3, 4, 5] Epoch 30 Finsh | Now_lr 0.0005/0.0005 | Lambda 0.0905 | Train Loss 0.0257 | Valid Loss 4.1226 | Train Acc 99.1476| Valid Acc 51.8604
Validation acc increase (51.744893 --> 51.860409) in epoch (30).  Saving model ...
TestSub: S[1, 2, 3, 4, 5] Epoch 31 Finsh | Now_lr 0.0005/0.0005 | Lambda 0.0914 | Train Loss 0.0257 | Valid Loss 3.9424 | Train Acc 99.1215| Valid Acc 50.2280
TestSub: S[1, 2, 3, 4, 5] Epoch 32 Finsh | Now_lr 0.0005/0.0005 | Lambda 0.0922 | Train Loss 0.0234 | Valid Loss 4.2102 | Train Acc 99.2023| Valid Acc 51.4075
TestSub: S[1, 2, 3, 4, 5] Epoch 33 Finsh | Now_lr 0.0005/0.0005 | Lambda 0.0929 | Train Loss 0.0236 | Valid Loss 4.0827 | Train Acc 99.2036| Valid Acc 49.2643
TestSub: S[1, 2, 3, 4, 5] Epoch 34 Finsh | Now_lr 0.0005/0.0005 | Lambda 0.0935 | Train Loss 0.0244 | Valid Loss 4.0360 | Train Acc 99.1665| Valid Acc 51.7145
TestSub: S[1, 2, 3, 4, 5] Epoch 35 Finsh | Now_lr 0.0005/0.0005 | Lambda 0.0941 | Train Loss 0.0224 | Valid Loss 4.0749 | Train Acc 99.2619| Valid Acc 50.3982
TestSub: S[1, 2, 3, 4, 5] Epoch 36 Finsh | Now_lr 0.0005/0.0005 | Lambda 0.0947 | Train Loss 0.0214 | Valid Loss 4.0347 | Train Acc 99.2777| Valid Acc 51.0548
TestSub: S[1, 2, 3, 4, 5] Epoch 37 Finsh | Now_lr 0.0005/0.0005 | Lambda 0.0952 | Train Loss 0.0210 | Valid Loss 4.2625 | Train Acc 99.2960| Valid Acc 51.5412
TestSub: S[1, 2, 3, 4, 5] Epoch 38 Finsh | Now_lr 0.0005/0.0005 | Lambda 0.0956 | Train Loss 0.0194 | Valid Loss 4.2425 | Train Acc 99.3634| Valid Acc 49.9878
TestSub: S[1, 2, 3, 4, 5] Epoch 39 Finsh | Now_lr 0.0005/0.0005 | Lambda 0.0960 | Train Loss 0.0206 | Valid Loss 4.2201 | Train Acc 99.2868| Valid Acc 50.7022
TestSub: S[1, 2, 3, 4, 5] Epoch 40 Finsh | Now_lr 0.0005/0.0005 | Lambda 0.0964 | Train Loss 0.0174 | Valid Loss 4.1157 | Train Acc 99.4097| Valid Acc 51.9942
Validation acc increase (51.860409 --> 51.994163) in epoch (40).  Saving model ...
TestSub: S[1, 2, 3, 4, 5] Epoch 41 Finsh | Now_lr 0.0005/0.0005 | Lambda 0.0967 | Train Loss 0.0182 | Valid Loss 4.0938 | Train Acc 99.3872| Valid Acc 51.9942
TestSub: S[1, 2, 3, 4, 5] Epoch 42 Finsh | Now_lr 0.0005/0.0005 | Lambda 0.0970 | Train Loss 0.0172 | Valid Loss 4.2181 | Train Acc 99.4188| Valid Acc 49.4559
TestSub: S[1, 2, 3, 4, 5] Epoch 43 Finsh | Now_lr 0.0005/0.0005 | Lambda 0.0973 | Train Loss 0.0184 | Valid Loss 4.0430 | Train Acc 99.3768| Valid Acc 50.4529
TestSub: S[1, 2, 3, 4, 5] Epoch 44 Finsh | Now_lr 0.0005/0.0005 | Lambda 0.0976 | Train Loss 0.0167 | Valid Loss 3.9820 | Train Acc 99.4553| Valid Acc 51.6415
TestSub: S[1, 2, 3, 4, 5] Epoch 45 Finsh | Now_lr 0.0005/0.0005 | Lambda 0.0978 | Train Loss 0.0169 | Valid Loss 3.9556 | Train Acc 99.4194| Valid Acc 50.9393
TestSub: S[1, 2, 3, 4, 5] Epoch 46 Finsh | Now_lr 0.0005/0.0005 | Lambda 0.0980 | Train Loss 0.0167 | Valid Loss 4.0060 | Train Acc 99.4461| Valid Acc 50.9971
TestSub: S[1, 2, 3, 4, 5] Epoch 47 Finsh | Now_lr 0.0005/0.0005 | Lambda 0.0982 | Train Loss 0.0154 | Valid Loss 4.2579 | Train Acc 99.4802| Valid Acc 49.1428
TestSub: S[1, 2, 3, 4, 5] Epoch 48 Finsh | Now_lr 0.0005/0.0005 | Lambda 0.0984 | Train Loss 0.0173 | Valid Loss 4.0980 | Train Acc 99.4419| Valid Acc 49.8267
TestSub: S[1, 2, 3, 4, 5] Epoch 49 Finsh | Now_lr 0.0005/0.0005 | Lambda 0.0985 | Train Loss 0.0153 | Valid Loss 4.0064 | Train Acc 99.4844| Valid Acc 52.2374
Validation acc increase (51.994163 --> 52.237354) in epoch (49).  Saving model ...
TestSub: S[1, 2, 3, 4, 5] Epoch 50 Finsh | Now_lr 0.0005/0.0005 | Lambda 0.0987 | Train Loss 0.0147 | Valid Loss 4.2914 | Train Acc 99.5033| Valid Acc 50.0000
TestSub: S[1, 2, 3, 4, 5] Epoch 51 Finsh | Now_lr 0.0005/0.0005 | Lambda 0.0988 | Train Loss 0.0151 | Valid Loss 4.0355 | Train Acc 99.5124| Valid Acc 52.0367
TestSub: S[1, 2, 3, 4, 5] Epoch 52 Finsh | Now_lr 0.0005/0.0005 | Lambda 0.0989 | Train Loss 0.0142 | Valid Loss 4.0049 | Train Acc 99.5233| Valid Acc 51.3983
TestSub: S[1, 2, 3, 4, 5] Epoch 53 Finsh | Now_lr 0.0005/0.0005 | Lambda 0.0990 | Train Loss 0.0139 | Valid Loss 4.2019 | Train Acc 99.5616| Valid Acc 50.2067
TestSub: S[1, 2, 3, 4, 5] Epoch 54 Finsh | Now_lr 0.0005/0.0005 | Lambda 0.0991 | Train Loss 0.0134 | Valid Loss 4.4474 | Train Acc 99.5689| Valid Acc 50.3709
TestSub: S[1, 2, 3, 4, 5] Epoch 55 Finsh | Now_lr 0.0005/0.0005 | Lambda 0.0992 | Train Loss 0.0146 | Valid Loss 4.3835 | Train Acc 99.5233| Valid Acc 49.2887
TestSub: S[1, 2, 3, 4, 5] Epoch 56 Finsh | Now_lr 0.0005/0.0005 | Lambda 0.0993 | Train Loss 0.0136 | Valid Loss 4.0764 | Train Acc 99.5440| Valid Acc 51.1612
TestSub: S[1, 2, 3, 4, 5] Epoch 57 Finsh | Now_lr 0.0005/0.0005 | Lambda 0.0993 | Train Loss 0.0128 | Valid Loss 4.2176 | Train Acc 99.5647| Valid Acc 51.0488
TestSub: S[1, 2, 3, 4, 5] Epoch 58 Finsh | Now_lr 0.0005/0.0005 | Lambda 0.0994 | Train Loss 0.0143 | Valid Loss 3.9588 | Train Acc 99.5349| Valid Acc 51.8695
TestSub: S[1, 2, 3, 4, 5] Epoch 59 Finsh | Now_lr 0.0005/0.0005 | Lambda 0.0995 | Train Loss 0.0121 | Valid Loss 4.2722 | Train Acc 99.6048| Valid Acc 52.4957
Validation acc increase (52.237354 --> 52.495744) in epoch (59).  Saving model ...
TestSub: S[1, 2, 3, 4, 5] Epoch 60 Finsh | Now_lr 0.0005/0.0005 | Lambda 0.0995 | Train Loss 0.0132 | Valid Loss 4.0885 | Train Acc 99.5696| Valid Acc 51.0670
TestSub: S[1, 2, 3, 4, 5] Epoch 61 Finsh | Now_lr 0.0005/0.0005 | Lambda 0.0996 | Train Loss 0.0125 | Valid Loss 4.1453 | Train Acc 99.5878| Valid Acc 51.4865
TestSub: S[1, 2, 3, 4, 5] Epoch 62 Finsh | Now_lr 0.0005/0.0005 | Lambda 0.0996 | Train Loss 0.0131 | Valid Loss 4.3370 | Train Acc 99.5708| Valid Acc 50.8724
TestSub: S[1, 2, 3, 4, 5] Epoch 63 Finsh | Now_lr 0.0005/0.0005 | Lambda 0.0996 | Train Loss 0.0122 | Valid Loss 4.2771 | Train Acc 99.5963| Valid Acc 51.1886
TestSub: S[1, 2, 3, 4, 5] Epoch 64 Finsh | Now_lr 0.0005/0.0005 | Lambda 0.0997 | Train Loss 0.0115 | Valid Loss 4.4341 | Train Acc 99.6310| Valid Acc 50.9758
TestSub: S[1, 2, 3, 4, 5] Epoch 65 Finsh | Now_lr 0.0005/0.0005 | Lambda 0.0997 | Train Loss 0.0123 | Valid Loss 4.4170 | Train Acc 99.5969| Valid Acc 51.0670
TestSub: S[1, 2, 3, 4, 5] Epoch 66 Finsh | Now_lr 0.0005/0.0005 | Lambda 0.0997 | Train Loss 0.0113 | Valid Loss 4.3137 | Train Acc 99.6364| Valid Acc 51.7631
TestSub: S[1, 2, 3, 4, 5] Epoch 67 Finsh | Now_lr 0.0005/0.0005 | Lambda 0.0998 | Train Loss 0.0114 | Valid Loss 4.0144 | Train Acc 99.6279| Valid Acc 53.2770
Validation acc increase (52.495744 --> 53.276994) in epoch (67).  Saving model ...
TestSub: S[1, 2, 3, 4, 5] Epoch 68 Finsh | Now_lr 0.0005/0.0005 | Lambda 0.0998 | Train Loss 0.0112 | Valid Loss 4.3362 | Train Acc 99.6425| Valid Acc 52.2100
TestSub: S[1, 2, 3, 4, 5] Epoch 69 Finsh | Now_lr 0.0005/0.0005 | Lambda 0.0998 | Train Loss 0.0114 | Valid Loss 4.1581 | Train Acc 99.6285| Valid Acc 51.1491
TestSub: S[1, 2, 3, 4, 5] Epoch 70 Finsh | Now_lr 0.0005/0.0005 | Lambda 0.0998 | Train Loss 0.0117 | Valid Loss 4.5008 | Train Acc 99.6279| Valid Acc 50.6688
TestSub: S[1, 2, 3, 4, 5] Epoch 71 Finsh | Now_lr 0.0005/0.0005 | Lambda 0.0998 | Train Loss 0.0105 | Valid Loss 4.3875 | Train Acc 99.6510| Valid Acc 51.1552
TestSub: S[1, 2, 3, 4, 5] Epoch 72 Finsh | Now_lr 0.0005/0.0005 | Lambda 0.0999 | Train Loss 0.0107 | Valid Loss 4.4793 | Train Acc 99.6541| Valid Acc 51.2828
TestSub: S[1, 2, 3, 4, 5] Epoch 73 Finsh | Now_lr 0.0005/0.0005 | Lambda 0.0999 | Train Loss 0.0104 | Valid Loss 4.4889 | Train Acc 99.6711| Valid Acc 51.8027
TestSub: S[1, 2, 3, 4, 5] Epoch 74 Finsh | Now_lr 0.0005/0.0005 | Lambda 0.0999 | Train Loss 0.0113 | Valid Loss 4.4157 | Train Acc 99.6334| Valid Acc 51.3953
TestSub: S[1, 2, 3, 4, 5] Epoch 75 Finsh | Now_lr 0.0005/0.0005 | Lambda 0.0999 | Train Loss 0.0104 | Valid Loss 4.1800 | Train Acc 99.6516| Valid Acc 51.5686
TestSub: S[1, 2, 3, 4, 5] Epoch 76 Finsh | Now_lr 0.0005/0.0005 | Lambda 0.0999 | Train Loss 0.0095 | Valid Loss 4.4349 | Train Acc 99.6851| Valid Acc 50.8755
TestSub: S[1, 2, 3, 4, 5] Epoch 77 Finsh | Now_lr 0.0005/0.0005 | Lambda 0.0999 | Train Loss 0.0102 | Valid Loss 4.4676 | Train Acc 99.6711| Valid Acc 51.5564
TestSub: S[1, 2, 3, 4, 5] Epoch 78 Finsh | Now_lr 0.0005/0.0005 | Lambda 0.0999 | Train Loss 0.0106 | Valid Loss 4.2517 | Train Acc 99.6632| Valid Acc 53.0824
TestSub: S[1, 2, 3, 4, 5] Epoch 79 Finsh | Now_lr 0.0005/0.0005 | Lambda 0.0999 | Train Loss 0.0092 | Valid Loss 4.5321 | Train Acc 99.7070| Valid Acc 50.9089
TestSub: S[1, 2, 3, 4, 5] Epoch 80 Finsh | Now_lr 0.0005/0.0005 | Lambda 0.0999 | Train Loss 0.0098 | Valid Loss 4.7044 | Train Acc 99.6918| Valid Acc 50.8755
TestSub: S[1, 2, 3, 4, 5] Epoch 81 Finsh | Now_lr 0.0005/0.0005 | Lambda 0.0999 | Train Loss 0.0095 | Valid Loss 4.6153 | Train Acc 99.7033| Valid Acc 51.3649
TestSub: S[1, 2, 3, 4, 5] Epoch 82 Finsh | Now_lr 0.0005/0.0005 | Lambda 0.0999 | Train Loss 0.0094 | Valid Loss 4.3733 | Train Acc 99.7088| Valid Acc 52.6629
TestSub: S[1, 2, 3, 4, 5] Epoch 83 Finsh | Now_lr 0.0005/0.0005 | Lambda 0.1000 | Train Loss 0.0095 | Valid Loss 4.5601 | Train Acc 99.6832| Valid Acc 50.5533
TestSub: S[1, 2, 3, 4, 5] Epoch 84 Finsh | Now_lr 0.0005/0.0005 | Lambda 0.1000 | Train Loss 0.0091 | Valid Loss 4.5878 | Train Acc 99.7100| Valid Acc 51.5534
TestSub: S[1, 2, 3, 4, 5] Epoch 85 Finsh | Now_lr 0.0005/0.0005 | Lambda 0.1000 | Train Loss 0.0089 | Valid Loss 4.4882 | Train Acc 99.7124| Valid Acc 51.6598
TestSub: S[1, 2, 3, 4, 5] Epoch 86 Finsh | Now_lr 0.0005/0.0005 | Lambda 0.1000 | Train Loss 0.0087 | Valid Loss 4.7887 | Train Acc 99.7185| Valid Acc 50.5806
TestSub: S[1, 2, 3, 4, 5] Epoch 87 Finsh | Now_lr 0.0005/0.0005 | Lambda 0.1000 | Train Loss 0.0091 | Valid Loss 4.3169 | Train Acc 99.7100| Valid Acc 52.3741
TestSub: S[1, 2, 3, 4, 5] Epoch 88 Finsh | Now_lr 0.0005/0.0005 | Lambda 0.1000 | Train Loss 0.0086 | Valid Loss 4.2916 | Train Acc 99.7173| Valid Acc 52.1158
TestSub: S[1, 2, 3, 4, 5] Epoch 89 Finsh | Now_lr 0.0005/0.0005 | Lambda 0.1000 | Train Loss 0.0082 | Valid Loss 4.7178 | Train Acc 99.7380| Valid Acc 52.1066
TestSub: S[1, 2, 3, 4, 5] Epoch 90 Finsh | Now_lr 0.0005/0.0005 | Lambda 0.1000 | Train Loss 0.0085 | Valid Loss 4.7700 | Train Acc 99.7301| Valid Acc 50.5411
TestSub: S[1, 2, 3, 4, 5] Epoch 91 Finsh | Now_lr 0.0005/0.0005 | Lambda 0.1000 | Train Loss 0.0081 | Valid Loss 4.7094 | Train Acc 99.7422| Valid Acc 50.4651
TestSub: S[1, 2, 3, 4, 5] Epoch 92 Finsh | Now_lr 0.0005/0.0005 | Lambda 0.1000 | Train Loss 0.0083 | Valid Loss 4.8335 | Train Acc 99.7222| Valid Acc 50.7113
TestSub: S[1, 2, 3, 4, 5] Epoch 93 Finsh | Now_lr 0.0005/0.0005 | Lambda 0.1000 | Train Loss 0.0088 | Valid Loss 4.4475 | Train Acc 99.7276| Valid Acc 51.1369
TestSub: S[1, 2, 3, 4, 5] Epoch 94 Finsh | Now_lr 0.0005/0.0005 | Lambda 0.1000 | Train Loss 0.0084 | Valid Loss 4.7253 | Train Acc 99.7325| Valid Acc 48.8205
TestSub: S[1, 2, 3, 4, 5] Epoch 95 Finsh | Now_lr 0.0005/0.0005 | Lambda 0.1000 | Train Loss 0.0076 | Valid Loss 4.4282 | Train Acc 99.7544| Valid Acc 51.4227
TestSub: S[1, 2, 3, 4, 5] Epoch 96 Finsh | Now_lr 0.0005/0.0005 | Lambda 0.1000 | Train Loss 0.0083 | Valid Loss 4.6141 | Train Acc 99.7507| Valid Acc 51.4044
TestSub: S[1, 2, 3, 4, 5] Epoch 97 Finsh | Now_lr 0.0005/0.0005 | Lambda 0.1000 | Train Loss 0.0075 | Valid Loss 4.6096 | Train Acc 99.7568| Valid Acc 51.6628
Early stopping triggered after 97 epochs (30 epochs without improvement)
--------------------------------------------------
Test_Subject :S[1, 2, 3, 4, 5] |Best epoch:67 | Test Loss:4.0144 | Best Acc 53.2770 | Savemodel Acc 53.2770
--------------------------------------------------

========== Fold 2 ==========
Train IDs: [1, 2, 3, 4, 5, 11, 12, 13, 14, 15, 16, 17, 18, 19, 20, 21, 22, 23, 24, 25, 26, 27, 28, 29, 30]
Val IDs:   [6, 7, 8, 9, 10]
train_data_shape(164500, 32, 128),val_data_shape(32900, 32, 128)
=================================================================
Layer (type:depth-idx)                   Param #
=================================================================
DARNet                                   --
├─TokenEmbedding: 1-1                    --
│    └─Sequential: 2-1                   --
│    │    └─Conv2d: 3-1                  576
│    │    └─BatchNorm2d: 3-2             128
│    │    └─GELU: 3-3                    --
│    └─Sequential: 2-2                   --
│    │    └─Conv2d: 3-4                  32,784
│    │    └─BatchNorm2d: 3-5             32
│    │    └─GELU: 3-6                    --
│    └─PositionalEmbedding: 2-3          --
├─Flatten: 1-2                           --
├─Linear: 1-3                            18
├─AttnRefine: 1-4                        --
│    └─MyAttention: 2-4                  --
│    │    └─Attention: 3-7               800
│    └─Refine: 2-5                       --
│    │    └─Conv1d: 3-8                  784
│    │    └─BatchNorm1d: 3-9             32
│    │    └─ELU: 3-10                    --
│    │    └─MaxPool1d: 3-11              --
│    └─AdaptiveAvgPool1d: 2-6            --
│    └─Linear: 2-7                       68
│    └─Flatten: 2-8                      --
├─AttnRefine: 1-5                        --
│    └─MyAttention: 2-9                  --
│    │    └─Attention: 3-12              800
│    └─Refine: 2-10                      --
│    │    └─Conv1d: 3-13                 784
│    │    └─BatchNorm1d: 3-14            32
│    │    └─ELU: 3-15                    --
│    │    └─MaxPool1d: 3-16              --
│    └─AdaptiveAvgPool1d: 2-11           --
│    └─Linear: 2-12                      68
│    └─Flatten: 2-13                     --
├─GradientReversalLayer: 1-6             --
├─SubjectDiscriminator: 1-7              --
│    └─Sequential: 2-14                  --
│    │    └─Linear: 3-17                 2,304
│    │    └─ReLU: 3-18                   --
│    │    └─Dropout: 3-19                --
│    │    └─Linear: 3-20                 32,896
│    │    └─ReLU: 3-21                   --
│    │    └─Dropout: 3-22                --
│    │    └─Linear: 3-23                 3,870
=================================================================
Total params: 75,976
Trainable params: 75,976
Non-trainable params: 0
=================================================================
TestSub: S[6, 7, 8, 9, 10] Epoch  1 Finsh | Now_lr 0.0005/0.0005 | Lambda 0.0050 | Train Loss 0.4543 | Valid Loss 1.6323 | Train Acc 76.8142| Valid Acc 47.1911
Validation acc increase (0.000000 --> 47.191148) in epoch (1).  Saving model ...
TestSub: S[6, 7, 8, 9, 10] Epoch  2 Finsh | Now_lr 0.0005/0.0005 | Lambda 0.0100 | Train Loss 0.3030 | Valid Loss 1.7895 | Train Acc 86.7060| Valid Acc 49.7173
Validation acc increase (47.191148 --> 49.717291) in epoch (2).  Saving model ...
TestSub: S[6, 7, 8, 9, 10] Epoch  3 Finsh | Now_lr 0.0005/0.0005 | Lambda 0.0149 | Train Loss 0.2516 | Valid Loss 1.8921 | Train Acc 89.3191| Valid Acc 50.5229
Validation acc increase (49.717291 --> 50.522860) in epoch (3).  Saving model ...
TestSub: S[6, 7, 8, 9, 10] Epoch  4 Finsh | Now_lr 0.0005/0.0005 | Lambda 0.0197 | Train Loss 0.2129 | Valid Loss 1.9440 | Train Acc 91.1272| Valid Acc 49.1336
TestSub: S[6, 7, 8, 9, 10] Epoch  5 Finsh | Now_lr 0.0005/0.0005 | Lambda 0.0245 | Train Loss 0.1805 | Valid Loss 2.1163 | Train Acc 92.6398| Valid Acc 46.3886
TestSub: S[6, 7, 8, 9, 10] Epoch  6 Finsh | Now_lr 0.0005/0.0005 | Lambda 0.0291 | Train Loss 0.1578 | Valid Loss 2.2011 | Train Acc 93.7147| Valid Acc 45.2730
TestSub: S[6, 7, 8, 9, 10] Epoch  7 Finsh | Now_lr 0.0005/0.0005 | Lambda 0.0336 | Train Loss 0.1353 | Valid Loss 2.5174 | Train Acc 94.8048| Valid Acc 45.8414
TestSub: S[6, 7, 8, 9, 10] Epoch  8 Finsh | Now_lr 0.0005/0.0005 | Lambda 0.0380 | Train Loss 0.1206 | Valid Loss 2.6945 | Train Acc 95.3605| Valid Acc 45.4098
TestSub: S[6, 7, 8, 9, 10] Epoch  9 Finsh | Now_lr 0.0005/0.0005 | Lambda 0.0422 | Train Loss 0.1070 | Valid Loss 2.6749 | Train Acc 95.9484| Valid Acc 43.8807
TestSub: S[6, 7, 8, 9, 10] Epoch 10 Finsh | Now_lr 0.0005/0.0005 | Lambda 0.0462 | Train Loss 0.0936 | Valid Loss 2.7565 | Train Acc 96.5631| Valid Acc 43.6010
TestSub: S[6, 7, 8, 9, 10] Epoch 11 Finsh | Now_lr 0.0005/0.0005 | Lambda 0.0501 | Train Loss 0.0863 | Valid Loss 2.9125 | Train Acc 96.8276| Valid Acc 44.8748
TestSub: S[6, 7, 8, 9, 10] Epoch 12 Finsh | Now_lr 0.0005/0.0005 | Lambda 0.0537 | Train Loss 0.0783 | Valid Loss 2.9920 | Train Acc 97.1589| Valid Acc 45.2882
TestSub: S[6, 7, 8, 9, 10] Epoch 13 Finsh | Now_lr 0.0005/0.0005 | Lambda 0.0572 | Train Loss 0.0721 | Valid Loss 2.9580 | Train Acc 97.3717| Valid Acc 45.1058
TestSub: S[6, 7, 8, 9, 10] Epoch 14 Finsh | Now_lr 0.0005/0.0005 | Lambda 0.0604 | Train Loss 0.0664 | Valid Loss 3.0360 | Train Acc 97.5711| Valid Acc 44.4765
TestSub: S[6, 7, 8, 9, 10] Epoch 15 Finsh | Now_lr 0.0005/0.0005 | Lambda 0.0635 | Train Loss 0.0620 | Valid Loss 3.0173 | Train Acc 97.8247| Valid Acc 45.0268
TestSub: S[6, 7, 8, 9, 10] Epoch 16 Finsh | Now_lr 0.0005/0.0005 | Lambda 0.0664 | Train Loss 0.0570 | Valid Loss 3.0710 | Train Acc 97.9675| Valid Acc 44.6224
TestSub: S[6, 7, 8, 9, 10] Epoch 17 Finsh | Now_lr 0.0005/0.0005 | Lambda 0.0691 | Train Loss 0.0544 | Valid Loss 2.8086 | Train Acc 98.0660| Valid Acc 45.3733
TestSub: S[6, 7, 8, 9, 10] Epoch 18 Finsh | Now_lr 0.0005/0.0005 | Lambda 0.0716 | Train Loss 0.0506 | Valid Loss 3.2218 | Train Acc 98.1712| Valid Acc 44.6984
TestSub: S[6, 7, 8, 9, 10] Epoch 19 Finsh | Now_lr 0.0005/0.0005 | Lambda 0.0740 | Train Loss 0.0484 | Valid Loss 3.0534 | Train Acc 98.2916| Valid Acc 44.9660
TestSub: S[6, 7, 8, 9, 10] Epoch 20 Finsh | Now_lr 0.0005/0.0005 | Lambda 0.0762 | Train Loss 0.0455 | Valid Loss 2.9130 | Train Acc 98.3889| Valid Acc 45.4858
TestSub: S[6, 7, 8, 9, 10] Epoch 21 Finsh | Now_lr 0.0005/0.0005 | Lambda 0.0782 | Train Loss 0.0414 | Valid Loss 3.1882 | Train Acc 98.5317| Valid Acc 44.7805
TestSub: S[6, 7, 8, 9, 10] Epoch 22 Finsh | Now_lr 0.0005/0.0005 | Lambda 0.0800 | Train Loss 0.0411 | Valid Loss 3.1638 | Train Acc 98.5457| Valid Acc 45.5861
TestSub: S[6, 7, 8, 9, 10] Epoch 23 Finsh | Now_lr 0.0005/0.0005 | Lambda 0.0818 | Train Loss 0.0395 | Valid Loss 3.1927 | Train Acc 98.6314| Valid Acc 46.7838
TestSub: S[6, 7, 8, 9, 10] Epoch 24 Finsh | Now_lr 0.0005/0.0005 | Lambda 0.0834 | Train Loss 0.0377 | Valid Loss 3.0376 | Train Acc 98.6436| Valid Acc 48.6229
TestSub: S[6, 7, 8, 9, 10] Epoch 25 Finsh | Now_lr 0.0005/0.0005 | Lambda 0.0848 | Train Loss 0.0347 | Valid Loss 3.3821 | Train Acc 98.7859| Valid Acc 46.3278
TestSub: S[6, 7, 8, 9, 10] Epoch 26 Finsh | Now_lr 0.0005/0.0005 | Lambda 0.0862 | Train Loss 0.0352 | Valid Loss 3.3129 | Train Acc 98.7664| Valid Acc 47.8812
TestSub: S[6, 7, 8, 9, 10] Epoch 27 Finsh | Now_lr 0.0005/0.0005 | Lambda 0.0874 | Train Loss 0.0329 | Valid Loss 3.2826 | Train Acc 98.8722| Valid Acc 47.4374
TestSub: S[6, 7, 8, 9, 10] Epoch 28 Finsh | Now_lr 0.0005/0.0005 | Lambda 0.0885 | Train Loss 0.0319 | Valid Loss 3.1474 | Train Acc 98.8898| Valid Acc 47.8569
TestSub: S[6, 7, 8, 9, 10] Epoch 29 Finsh | Now_lr 0.0005/0.0005 | Lambda 0.0896 | Train Loss 0.0307 | Valid Loss 3.5025 | Train Acc 98.9257| Valid Acc 46.8051
TestSub: S[6, 7, 8, 9, 10] Epoch 30 Finsh | Now_lr 0.0005/0.0005 | Lambda 0.0905 | Train Loss 0.0283 | Valid Loss 3.3363 | Train Acc 99.0412| Valid Acc 50.1702
TestSub: S[6, 7, 8, 9, 10] Epoch 31 Finsh | Now_lr 0.0005/0.0005 | Lambda 0.0914 | Train Loss 0.0280 | Valid Loss 3.5126 | Train Acc 99.0461| Valid Acc 47.3492
TestSub: S[6, 7, 8, 9, 10] Epoch 32 Finsh | Now_lr 0.0005/0.0005 | Lambda 0.0922 | Train Loss 0.0265 | Valid Loss 3.4025 | Train Acc 99.0917| Valid Acc 46.9510
TestSub: S[6, 7, 8, 9, 10] Epoch 33 Finsh | Now_lr 0.0005/0.0005 | Lambda 0.0929 | Train Loss 0.0263 | Valid Loss 3.3759 | Train Acc 99.0929| Valid Acc 50.2766
Early stopping triggered after 33 epochs (30 epochs without improvement)
--------------------------------------------------
Test_Subject :S[6, 7, 8, 9, 10] |Best epoch:3 | Test Loss:1.8921 | Best Acc 50.5229 | Savemodel Acc 50.5229
--------------------------------------------------

========== Fold 3 ==========
Train IDs: [1, 2, 3, 4, 5, 6, 7, 8, 9, 10, 16, 17, 18, 19, 20, 21, 22, 23, 24, 25, 26, 27, 28, 29, 30]
Val IDs:   [11, 12, 13, 14, 15]
train_data_shape(164500, 32, 128),val_data_shape(32900, 32, 128)
=================================================================
Layer (type:depth-idx)                   Param #
=================================================================
DARNet                                   --
├─TokenEmbedding: 1-1                    --
│    └─Sequential: 2-1                   --
│    │    └─Conv2d: 3-1                  576
│    │    └─BatchNorm2d: 3-2             128
│    │    └─GELU: 3-3                    --
│    └─Sequential: 2-2                   --
│    │    └─Conv2d: 3-4                  32,784
│    │    └─BatchNorm2d: 3-5             32
│    │    └─GELU: 3-6                    --
│    └─PositionalEmbedding: 2-3          --
├─Flatten: 1-2                           --
├─Linear: 1-3                            18
├─AttnRefine: 1-4                        --
│    └─MyAttention: 2-4                  --
│    │    └─Attention: 3-7               800
│    └─Refine: 2-5                       --
│    │    └─Conv1d: 3-8                  784
│    │    └─BatchNorm1d: 3-9             32
│    │    └─ELU: 3-10                    --
│    │    └─MaxPool1d: 3-11              --
│    └─AdaptiveAvgPool1d: 2-6            --
│    └─Linear: 2-7                       68
│    └─Flatten: 2-8                      --
├─AttnRefine: 1-5                        --
│    └─MyAttention: 2-9                  --
│    │    └─Attention: 3-12              800
│    └─Refine: 2-10                      --
│    │    └─Conv1d: 3-13                 784
│    │    └─BatchNorm1d: 3-14            32
│    │    └─ELU: 3-15                    --
│    │    └─MaxPool1d: 3-16              --
│    └─AdaptiveAvgPool1d: 2-11           --
│    └─Linear: 2-12                      68
│    └─Flatten: 2-13                     --
├─GradientReversalLayer: 1-6             --
├─SubjectDiscriminator: 1-7              --
│    └─Sequential: 2-14                  --
│    │    └─Linear: 3-17                 2,304
│    │    └─ReLU: 3-18                   --
│    │    └─Dropout: 3-19                --
│    │    └─Linear: 3-20                 32,896
│    │    └─ReLU: 3-21                   --
│    │    └─Dropout: 3-22                --
│    │    └─Linear: 3-23                 3,870
=================================================================
Total params: 75,976
Trainable params: 75,976
Non-trainable params: 0
=================================================================
TestSub: S[11, 12, 13, 14, 15] Epoch  1 Finsh | Now_lr 0.0005/0.0005 | Lambda 0.0050 | Train Loss 0.4822 | Valid Loss 1.6960 | Train Acc 75.0395| Valid Acc 47.8113
Validation acc increase (0.000000 --> 47.811284) in epoch (1).  Saving model ...
TestSub: S[11, 12, 13, 14, 15] Epoch  2 Finsh | Now_lr 0.0005/0.0005 | Lambda 0.0100 | Train Loss 0.3263 | Valid Loss 2.2219 | Train Acc 85.3520| Valid Acc 48.0058
Validation acc increase (47.811284 --> 48.005837) in epoch (2).  Saving model ...
TestSub: S[11, 12, 13, 14, 15] Epoch  3 Finsh | Now_lr 0.0005/0.0005 | Lambda 0.0149 | Train Loss 0.2488 | Valid Loss 2.4143 | Train Acc 89.4492| Valid Acc 50.4104
Validation acc increase (48.005837 --> 50.410384) in epoch (3).  Saving model ...
TestSub: S[11, 12, 13, 14, 15] Epoch  4 Finsh | Now_lr 0.0005/0.0005 | Lambda 0.0197 | Train Loss 0.1953 | Valid Loss 2.5652 | Train Acc 92.0568| Valid Acc 50.3891
TestSub: S[11, 12, 13, 14, 15] Epoch  5 Finsh | Now_lr 0.0005/0.0005 | Lambda 0.0245 | Train Loss 0.1519 | Valid Loss 2.9410 | Train Acc 94.0430| Valid Acc 49.5045
TestSub: S[11, 12, 13, 14, 15] Epoch  6 Finsh | Now_lr 0.0005/0.0005 | Lambda 0.0291 | Train Loss 0.1230 | Valid Loss 2.7869 | Train Acc 95.3119| Valid Acc 50.0426
TestSub: S[11, 12, 13, 14, 15] Epoch  7 Finsh | Now_lr 0.0005/0.0005 | Lambda 0.0336 | Train Loss 0.1087 | Valid Loss 2.9569 | Train Acc 95.8652| Valid Acc 50.4651
Validation acc increase (50.410384 --> 50.465102) in epoch (7).  Saving model ...
TestSub: S[11, 12, 13, 14, 15] Epoch  8 Finsh | Now_lr 0.0005/0.0005 | Lambda 0.0380 | Train Loss 0.0914 | Valid Loss 3.0874 | Train Acc 96.5850| Valid Acc 50.9180
Validation acc increase (50.465102 --> 50.918045) in epoch (8).  Saving model ...
TestSub: S[11, 12, 13, 14, 15] Epoch  9 Finsh | Now_lr 0.0005/0.0005 | Lambda 0.0422 | Train Loss 0.0807 | Valid Loss 3.3983 | Train Acc 96.9729| Valid Acc 48.0454
TestSub: S[11, 12, 13, 14, 15] Epoch 10 Finsh | Now_lr 0.0005/0.0005 | Lambda 0.0462 | Train Loss 0.0727 | Valid Loss 3.3146 | Train Acc 97.2896| Valid Acc 49.3160
TestSub: S[11, 12, 13, 14, 15] Epoch 11 Finsh | Now_lr 0.0005/0.0005 | Lambda 0.0501 | Train Loss 0.0647 | Valid Loss 3.1110 | Train Acc 97.6331| Valid Acc 50.8086
TestSub: S[11, 12, 13, 14, 15] Epoch 12 Finsh | Now_lr 0.0005/0.0005 | Lambda 0.0537 | Train Loss 0.0593 | Valid Loss 3.3023 | Train Acc 97.8703| Valid Acc 49.0303
TestSub: S[11, 12, 13, 14, 15] Epoch 13 Finsh | Now_lr 0.0005/0.0005 | Lambda 0.0572 | Train Loss 0.0535 | Valid Loss 3.5124 | Train Acc 98.0745| Valid Acc 49.8115
TestSub: S[11, 12, 13, 14, 15] Epoch 14 Finsh | Now_lr 0.0005/0.0005 | Lambda 0.0604 | Train Loss 0.0512 | Valid Loss 3.3456 | Train Acc 98.1706| Valid Acc 48.1548
TestSub: S[11, 12, 13, 14, 15] Epoch 15 Finsh | Now_lr 0.0005/0.0005 | Lambda 0.0635 | Train Loss 0.0475 | Valid Loss 3.4449 | Train Acc 98.2812| Valid Acc 48.1700
TestSub: S[11, 12, 13, 14, 15] Epoch 16 Finsh | Now_lr 0.0005/0.0005 | Lambda 0.0664 | Train Loss 0.0429 | Valid Loss 3.3687 | Train Acc 98.4661| Valid Acc 48.4588
TestSub: S[11, 12, 13, 14, 15] Epoch 17 Finsh | Now_lr 0.0005/0.0005 | Lambda 0.0691 | Train Loss 0.0408 | Valid Loss 3.5872 | Train Acc 98.5743| Valid Acc 49.4103
TestSub: S[11, 12, 13, 14, 15] Epoch 18 Finsh | Now_lr 0.0005/0.0005 | Lambda 0.0716 | Train Loss 0.0372 | Valid Loss 3.7271 | Train Acc 98.6466| Valid Acc 50.0973
TestSub: S[11, 12, 13, 14, 15] Epoch 19 Finsh | Now_lr 0.0005/0.0005 | Lambda 0.0740 | Train Loss 0.0367 | Valid Loss 3.7288 | Train Acc 98.7056| Valid Acc 49.9939
TestSub: S[11, 12, 13, 14, 15] Epoch 20 Finsh | Now_lr 0.0005/0.0005 | Lambda 0.0762 | Train Loss 0.0358 | Valid Loss 3.8344 | Train Acc 98.7160| Valid Acc 48.6868
TestSub: S[11, 12, 13, 14, 15] Epoch 21 Finsh | Now_lr 0.0005/0.0005 | Lambda 0.0782 | Train Loss 0.0324 | Valid Loss 3.7246 | Train Acc 98.8424| Valid Acc 49.9787
TestSub: S[11, 12, 13, 14, 15] Epoch 22 Finsh | Now_lr 0.0005/0.0005 | Lambda 0.0800 | Train Loss 0.0311 | Valid Loss 3.8126 | Train Acc 98.9221| Valid Acc 49.2522
TestSub: S[11, 12, 13, 14, 15] Epoch 23 Finsh | Now_lr 0.0005/0.0005 | Lambda 0.0818 | Train Loss 0.0292 | Valid Loss 3.8078 | Train Acc 98.9780| Valid Acc 48.7628
TestSub: S[11, 12, 13, 14, 15] Epoch 24 Finsh | Now_lr 0.0005/0.0005 | Lambda 0.0834 | Train Loss 0.0285 | Valid Loss 3.8140 | Train Acc 99.0218| Valid Acc 50.2250
TestSub: S[11, 12, 13, 14, 15] Epoch 25 Finsh | Now_lr 0.0005/0.0005 | Lambda 0.0848 | Train Loss 0.0265 | Valid Loss 3.9552 | Train Acc 99.1032| Valid Acc 50.6201
TestSub: S[11, 12, 13, 14, 15] Epoch 26 Finsh | Now_lr 0.0005/0.0005 | Lambda 0.0862 | Train Loss 0.0253 | Valid Loss 4.0718 | Train Acc 99.1233| Valid Acc 50.8937
TestSub: S[11, 12, 13, 14, 15] Epoch 27 Finsh | Now_lr 0.0005/0.0005 | Lambda 0.0874 | Train Loss 0.0259 | Valid Loss 3.6842 | Train Acc 99.1117| Valid Acc 51.8726
Validation acc increase (50.918045 --> 51.872568) in epoch (27).  Saving model ...
TestSub: S[11, 12, 13, 14, 15] Epoch 28 Finsh | Now_lr 0.0005/0.0005 | Lambda 0.0885 | Train Loss 0.0239 | Valid Loss 3.7969 | Train Acc 99.1719| Valid Acc 51.3102
TestSub: S[11, 12, 13, 14, 15] Epoch 29 Finsh | Now_lr 0.0005/0.0005 | Lambda 0.0896 | Train Loss 0.0236 | Valid Loss 3.5406 | Train Acc 99.1956| Valid Acc 51.2524
TestSub: S[11, 12, 13, 14, 15] Epoch 30 Finsh | Now_lr 0.0005/0.0005 | Lambda 0.0905 | Train Loss 0.0230 | Valid Loss 3.6733 | Train Acc 99.2400| Valid Acc 50.3283
TestSub: S[11, 12, 13, 14, 15] Epoch 31 Finsh | Now_lr 0.0005/0.0005 | Lambda 0.0914 | Train Loss 0.0226 | Valid Loss 3.9615 | Train Acc 99.2224| Valid Acc 49.6808
TestSub: S[11, 12, 13, 14, 15] Epoch 32 Finsh | Now_lr 0.0005/0.0005 | Lambda 0.0922 | Train Loss 0.0218 | Valid Loss 3.7096 | Train Acc 99.2358| Valid Acc 50.0547
TestSub: S[11, 12, 13, 14, 15] Epoch 33 Finsh | Now_lr 0.0005/0.0005 | Lambda 0.0929 | Train Loss 0.0189 | Valid Loss 3.7180 | Train Acc 99.3738| Valid Acc 50.2402
TestSub: S[11, 12, 13, 14, 15] Epoch 34 Finsh | Now_lr 0.0005/0.0005 | Lambda 0.0935 | Train Loss 0.0207 | Valid Loss 3.4697 | Train Acc 99.2978| Valid Acc 50.4408
TestSub: S[11, 12, 13, 14, 15] Epoch 35 Finsh | Now_lr 0.0005/0.0005 | Lambda 0.0941 | Train Loss 0.0183 | Valid Loss 3.5733 | Train Acc 99.4084| Valid Acc 50.8846
TestSub: S[11, 12, 13, 14, 15] Epoch 36 Finsh | Now_lr 0.0005/0.0005 | Lambda 0.0947 | Train Loss 0.0187 | Valid Loss 3.6654 | Train Acc 99.3464| Valid Acc 49.6656
TestSub: S[11, 12, 13, 14, 15] Epoch 37 Finsh | Now_lr 0.0005/0.0005 | Lambda 0.0952 | Train Loss 0.0178 | Valid Loss 3.7705 | Train Acc 99.4030| Valid Acc 49.2066
TestSub: S[11, 12, 13, 14, 15] Epoch 38 Finsh | Now_lr 0.0005/0.0005 | Lambda 0.0956 | Train Loss 0.0177 | Valid Loss 3.6528 | Train Acc 99.4078| Valid Acc 49.8936
TestSub: S[11, 12, 13, 14, 15] Epoch 39 Finsh | Now_lr 0.0005/0.0005 | Lambda 0.0960 | Train Loss 0.0166 | Valid Loss 3.8058 | Train Acc 99.4455| Valid Acc 50.1064
TestSub: S[11, 12, 13, 14, 15] Epoch 40 Finsh | Now_lr 0.0005/0.0005 | Lambda 0.0964 | Train Loss 0.0166 | Valid Loss 3.6999 | Train Acc 99.4632| Valid Acc 49.5896
TestSub: S[11, 12, 13, 14, 15] Epoch 41 Finsh | Now_lr 0.0005/0.0005 | Lambda 0.0967 | Train Loss 0.0173 | Valid Loss 3.7571 | Train Acc 99.4291| Valid Acc 49.4224
TestSub: S[11, 12, 13, 14, 15] Epoch 42 Finsh | Now_lr 0.0005/0.0005 | Lambda 0.0970 | Train Loss 0.0159 | Valid Loss 3.6266 | Train Acc 99.4577| Valid Acc 49.4711
TestSub: S[11, 12, 13, 14, 15] Epoch 43 Finsh | Now_lr 0.0005/0.0005 | Lambda 0.0973 | Train Loss 0.0160 | Valid Loss 3.8486 | Train Acc 99.4777| Valid Acc 48.8722
TestSub: S[11, 12, 13, 14, 15] Epoch 44 Finsh | Now_lr 0.0005/0.0005 | Lambda 0.0976 | Train Loss 0.0153 | Valid Loss 3.8062 | Train Acc 99.4893| Valid Acc 49.7082
TestSub: S[11, 12, 13, 14, 15] Epoch 45 Finsh | Now_lr 0.0005/0.0005 | Lambda 0.0978 | Train Loss 0.0152 | Valid Loss 3.7125 | Train Acc 99.4972| Valid Acc 47.9663
TestSub: S[11, 12, 13, 14, 15] Epoch 46 Finsh | Now_lr 0.0005/0.0005 | Lambda 0.0980 | Train Loss 0.0144 | Valid Loss 3.6900 | Train Acc 99.5100| Valid Acc 48.2946
TestSub: S[11, 12, 13, 14, 15] Epoch 47 Finsh | Now_lr 0.0005/0.0005 | Lambda 0.0982 | Train Loss 0.0143 | Valid Loss 3.7136 | Train Acc 99.5422| Valid Acc 49.4984
TestSub: S[11, 12, 13, 14, 15] Epoch 48 Finsh | Now_lr 0.0005/0.0005 | Lambda 0.0984 | Train Loss 0.0143 | Valid Loss 3.7949 | Train Acc 99.5246| Valid Acc 50.1034
TestSub: S[11, 12, 13, 14, 15] Epoch 49 Finsh | Now_lr 0.0005/0.0005 | Lambda 0.0985 | Train Loss 0.0150 | Valid Loss 3.7756 | Train Acc 99.5167| Valid Acc 50.1216
TestSub: S[11, 12, 13, 14, 15] Epoch 50 Finsh | Now_lr 0.0005/0.0005 | Lambda 0.0987 | Train Loss 0.0142 | Valid Loss 4.0123 | Train Acc 99.5398| Valid Acc 49.2704
TestSub: S[11, 12, 13, 14, 15] Epoch 51 Finsh | Now_lr 0.0005/0.0005 | Lambda 0.0988 | Train Loss 0.0135 | Valid Loss 4.0314 | Train Acc 99.5550| Valid Acc 50.1459
TestSub: S[11, 12, 13, 14, 15] Epoch 52 Finsh | Now_lr 0.0005/0.0005 | Lambda 0.0989 | Train Loss 0.0128 | Valid Loss 3.7934 | Train Acc 99.5835| Valid Acc 49.9818
TestSub: S[11, 12, 13, 14, 15] Epoch 53 Finsh | Now_lr 0.0005/0.0005 | Lambda 0.0990 | Train Loss 0.0135 | Valid Loss 3.7815 | Train Acc 99.5659| Valid Acc 48.8540
TestSub: S[11, 12, 13, 14, 15] Epoch 54 Finsh | Now_lr 0.0005/0.0005 | Lambda 0.0991 | Train Loss 0.0117 | Valid Loss 4.0770 | Train Acc 99.6018| Valid Acc 49.9757
TestSub: S[11, 12, 13, 14, 15] Epoch 55 Finsh | Now_lr 0.0005/0.0005 | Lambda 0.0992 | Train Loss 0.0131 | Valid Loss 3.8297 | Train Acc 99.5629| Valid Acc 50.3557
TestSub: S[11, 12, 13, 14, 15] Epoch 56 Finsh | Now_lr 0.0005/0.0005 | Lambda 0.0993 | Train Loss 0.0113 | Valid Loss 3.9823 | Train Acc 99.6273| Valid Acc 48.2916
TestSub: S[11, 12, 13, 14, 15] Epoch 57 Finsh | Now_lr 0.0005/0.0005 | Lambda 0.0993 | Train Loss 0.0133 | Valid Loss 3.7394 | Train Acc 99.5726| Valid Acc 49.9240
Early stopping triggered after 57 epochs (30 epochs without improvement)
--------------------------------------------------
Test_Subject :S[11, 12, 13, 14, 15] |Best epoch:27 | Test Loss:3.6842 | Best Acc 51.8726 | Savemodel Acc 51.8726
--------------------------------------------------

========== Fold 4 ==========
Train IDs: [1, 2, 3, 4, 5, 6, 7, 8, 9, 10, 11, 12, 13, 14, 15, 21, 22, 23, 24, 25, 26, 27, 28, 29, 30]
Val IDs:   [16, 17, 18, 19, 20]
train_data_shape(164500, 32, 128),val_data_shape(32900, 32, 128)
=================================================================
Layer (type:depth-idx)                   Param #
=================================================================
DARNet                                   --
├─TokenEmbedding: 1-1                    --
│    └─Sequential: 2-1                   --
│    │    └─Conv2d: 3-1                  576
│    │    └─BatchNorm2d: 3-2             128
│    │    └─GELU: 3-3                    --
│    └─Sequential: 2-2                   --
│    │    └─Conv2d: 3-4                  32,784
│    │    └─BatchNorm2d: 3-5             32
│    │    └─GELU: 3-6                    --
│    └─PositionalEmbedding: 2-3          --
├─Flatten: 1-2                           --
├─Linear: 1-3                            18
├─AttnRefine: 1-4                        --
│    └─MyAttention: 2-4                  --
│    │    └─Attention: 3-7               800
│    └─Refine: 2-5                       --
│    │    └─Conv1d: 3-8                  784
│    │    └─BatchNorm1d: 3-9             32
│    │    └─ELU: 3-10                    --
│    │    └─MaxPool1d: 3-11              --
│    └─AdaptiveAvgPool1d: 2-6            --
│    └─Linear: 2-7                       68
│    └─Flatten: 2-8                      --
├─AttnRefine: 1-5                        --
│    └─MyAttention: 2-9                  --
│    │    └─Attention: 3-12              800
│    └─Refine: 2-10                      --
│    │    └─Conv1d: 3-13                 784
│    │    └─BatchNorm1d: 3-14            32
│    │    └─ELU: 3-15                    --
│    │    └─MaxPool1d: 3-16              --
│    └─AdaptiveAvgPool1d: 2-11           --
│    └─Linear: 2-12                      68
│    └─Flatten: 2-13                     --
├─GradientReversalLayer: 1-6             --
├─SubjectDiscriminator: 1-7              --
│    └─Sequential: 2-14                  --
│    │    └─Linear: 3-17                 2,304
│    │    └─ReLU: 3-18                   --
│    │    └─Dropout: 3-19                --
│    │    └─Linear: 3-20                 32,896
│    │    └─ReLU: 3-21                   --
│    │    └─Dropout: 3-22                --
│    │    └─Linear: 3-23                 3,870
=================================================================
Total params: 75,976
Trainable params: 75,976
Non-trainable params: 0
=================================================================
TestSub: S[16, 17, 18, 19, 20] Epoch  1 Finsh | Now_lr 0.0005/0.0005 | Lambda 0.0050 | Train Loss 0.4484 | Valid Loss 1.6902 | Train Acc 77.8313| Valid Acc 48.1852
Validation acc increase (0.000000 --> 48.185190) in epoch (1).  Saving model ...
TestSub: S[16, 17, 18, 19, 20] Epoch  2 Finsh | Now_lr 0.0005/0.0005 | Lambda 0.0100 | Train Loss 0.2910 | Valid Loss 2.0556 | Train Acc 87.3887| Valid Acc 49.1610
Validation acc increase (48.185190 --> 49.160992) in epoch (2).  Saving model ...
TestSub: S[16, 17, 18, 19, 20] Epoch  3 Finsh | Now_lr 0.0005/0.0005 | Lambda 0.0149 | Train Loss 0.2215 | Valid Loss 2.2540 | Train Acc 90.8001| Valid Acc 48.7719
TestSub: S[16, 17, 18, 19, 20] Epoch  4 Finsh | Now_lr 0.0005/0.0005 | Lambda 0.0197 | Train Loss 0.1737 | Valid Loss 2.3870 | Train Acc 92.9760| Valid Acc 47.9177
TestSub: S[16, 17, 18, 19, 20] Epoch  5 Finsh | Now_lr 0.0005/0.0005 | Lambda 0.0245 | Train Loss 0.1402 | Valid Loss 2.4594 | Train Acc 94.4826| Valid Acc 47.4830
TestSub: S[16, 17, 18, 19, 20] Epoch  6 Finsh | Now_lr 0.0005/0.0005 | Lambda 0.0291 | Train Loss 0.1189 | Valid Loss 2.5566 | Train Acc 95.3782| Valid Acc 48.1548
TestSub: S[16, 17, 18, 19, 20] Epoch  7 Finsh | Now_lr 0.0005/0.0005 | Lambda 0.0336 | Train Loss 0.1036 | Valid Loss 2.7748 | Train Acc 96.0342| Valid Acc 48.6929
TestSub: S[16, 17, 18, 19, 20] Epoch  8 Finsh | Now_lr 0.0005/0.0005 | Lambda 0.0380 | Train Loss 0.0909 | Valid Loss 2.9369 | Train Acc 96.5485| Valid Acc 45.0754
TestSub: S[16, 17, 18, 19, 20] Epoch  9 Finsh | Now_lr 0.0005/0.0005 | Lambda 0.0422 | Train Loss 0.0799 | Valid Loss 2.8998 | Train Acc 97.0233| Valid Acc 48.6898
TestSub: S[16, 17, 18, 19, 20] Epoch 10 Finsh | Now_lr 0.0005/0.0005 | Lambda 0.0462 | Train Loss 0.0713 | Valid Loss 3.0916 | Train Acc 97.3906| Valid Acc 47.8326
TestSub: S[16, 17, 18, 19, 20] Epoch 11 Finsh | Now_lr 0.0005/0.0005 | Lambda 0.0501 | Train Loss 0.0638 | Valid Loss 3.2139 | Train Acc 97.6733| Valid Acc 47.8660
TestSub: S[16, 17, 18, 19, 20] Epoch 12 Finsh | Now_lr 0.0005/0.0005 | Lambda 0.0537 | Train Loss 0.0597 | Valid Loss 3.4145 | Train Acc 97.8490| Valid Acc 45.9387
TestSub: S[16, 17, 18, 19, 20] Epoch 13 Finsh | Now_lr 0.0005/0.0005 | Lambda 0.0572 | Train Loss 0.0531 | Valid Loss 3.6156 | Train Acc 98.1031| Valid Acc 47.5651
TestSub: S[16, 17, 18, 19, 20] Epoch 14 Finsh | Now_lr 0.0005/0.0005 | Lambda 0.0604 | Train Loss 0.0493 | Valid Loss 3.4399 | Train Acc 98.2205| Valid Acc 48.0150
TestSub: S[16, 17, 18, 19, 20] Epoch 15 Finsh | Now_lr 0.0005/0.0005 | Lambda 0.0635 | Train Loss 0.0461 | Valid Loss 3.7822 | Train Acc 98.3542| Valid Acc 48.3007
TestSub: S[16, 17, 18, 19, 20] Epoch 16 Finsh | Now_lr 0.0005/0.0005 | Lambda 0.0664 | Train Loss 0.0448 | Valid Loss 3.6420 | Train Acc 98.4314| Valid Acc 47.6958
TestSub: S[16, 17, 18, 19, 20] Epoch 17 Finsh | Now_lr 0.0005/0.0005 | Lambda 0.0691 | Train Loss 0.0396 | Valid Loss 3.7184 | Train Acc 98.6010| Valid Acc 47.7961
TestSub: S[16, 17, 18, 19, 20] Epoch 18 Finsh | Now_lr 0.0005/0.0005 | Lambda 0.0716 | Train Loss 0.0389 | Valid Loss 3.4784 | Train Acc 98.6193| Valid Acc 48.3311
TestSub: S[16, 17, 18, 19, 20] Epoch 19 Finsh | Now_lr 0.0005/0.0005 | Lambda 0.0740 | Train Loss 0.0366 | Valid Loss 3.6027 | Train Acc 98.7147| Valid Acc 49.5653
Validation acc increase (49.160992 --> 49.565297) in epoch (19).  Saving model ...
TestSub: S[16, 17, 18, 19, 20] Epoch 20 Finsh | Now_lr 0.0005/0.0005 | Lambda 0.0762 | Train Loss 0.0355 | Valid Loss 3.6300 | Train Acc 98.7464| Valid Acc 49.4285
TestSub: S[16, 17, 18, 19, 20] Epoch 21 Finsh | Now_lr 0.0005/0.0005 | Lambda 0.0782 | Train Loss 0.0321 | Valid Loss 3.7612 | Train Acc 98.8643| Valid Acc 50.4469
Validation acc increase (49.565297 --> 50.446863) in epoch (21).  Saving model ...
TestSub: S[16, 17, 18, 19, 20] Epoch 22 Finsh | Now_lr 0.0005/0.0005 | Lambda 0.0800 | Train Loss 0.0312 | Valid Loss 4.0131 | Train Acc 98.9488| Valid Acc 48.3037
TestSub: S[16, 17, 18, 19, 20] Epoch 23 Finsh | Now_lr 0.0005/0.0005 | Lambda 0.0818 | Train Loss 0.0300 | Valid Loss 3.8169 | Train Acc 98.9640| Valid Acc 49.4315
TestSub: S[16, 17, 18, 19, 20] Epoch 24 Finsh | Now_lr 0.0005/0.0005 | Lambda 0.0834 | Train Loss 0.0289 | Valid Loss 3.8094 | Train Acc 98.9974| Valid Acc 49.2066
TestSub: S[16, 17, 18, 19, 20] Epoch 25 Finsh | Now_lr 0.0005/0.0005 | Lambda 0.0848 | Train Loss 0.0260 | Valid Loss 4.3560 | Train Acc 99.1038| Valid Acc 48.8844
TestSub: S[16, 17, 18, 19, 20] Epoch 26 Finsh | Now_lr 0.0005/0.0005 | Lambda 0.0862 | Train Loss 0.0272 | Valid Loss 3.8967 | Train Acc 99.0370| Valid Acc 47.1759
TestSub: S[16, 17, 18, 19, 20] Epoch 27 Finsh | Now_lr 0.0005/0.0005 | Lambda 0.0874 | Train Loss 0.0252 | Valid Loss 4.1784 | Train Acc 99.1288| Valid Acc 48.2156
TestSub: S[16, 17, 18, 19, 20] Epoch 28 Finsh | Now_lr 0.0005/0.0005 | Lambda 0.0885 | Train Loss 0.0234 | Valid Loss 4.3258 | Train Acc 99.1969| Valid Acc 48.6564
TestSub: S[16, 17, 18, 19, 20] Epoch 29 Finsh | Now_lr 0.0005/0.0005 | Lambda 0.0896 | Train Loss 0.0231 | Valid Loss 4.4421 | Train Acc 99.2005| Valid Acc 48.6199
TestSub: S[16, 17, 18, 19, 20] Epoch 30 Finsh | Now_lr 0.0005/0.0005 | Lambda 0.0905 | Train Loss 0.0220 | Valid Loss 4.5414 | Train Acc 99.2376| Valid Acc 48.4193
TestSub: S[16, 17, 18, 19, 20] Epoch 31 Finsh | Now_lr 0.0005/0.0005 | Lambda 0.0914 | Train Loss 0.0207 | Valid Loss 4.3815 | Train Acc 99.3124| Valid Acc 48.2794
TestSub: S[16, 17, 18, 19, 20] Epoch 32 Finsh | Now_lr 0.0005/0.0005 | Lambda 0.0922 | Train Loss 0.0210 | Valid Loss 4.2825 | Train Acc 99.2431| Valid Acc 48.2551
TestSub: S[16, 17, 18, 19, 20] Epoch 33 Finsh | Now_lr 0.0005/0.0005 | Lambda 0.0929 | Train Loss 0.0196 | Valid Loss 4.5441 | Train Acc 99.3592| Valid Acc 47.9268
TestSub: S[16, 17, 18, 19, 20] Epoch 34 Finsh | Now_lr 0.0005/0.0005 | Lambda 0.0935 | Train Loss 0.0195 | Valid Loss 4.5375 | Train Acc 99.3330| Valid Acc 48.2521
TestSub: S[16, 17, 18, 19, 20] Epoch 35 Finsh | Now_lr 0.0005/0.0005 | Lambda 0.0941 | Train Loss 0.0189 | Valid Loss 4.5555 | Train Acc 99.3543| Valid Acc 49.0181
TestSub: S[16, 17, 18, 19, 20] Epoch 36 Finsh | Now_lr 0.0005/0.0005 | Lambda 0.0947 | Train Loss 0.0188 | Valid Loss 4.5943 | Train Acc 99.3568| Valid Acc 49.2583
TestSub: S[16, 17, 18, 19, 20] Epoch 37 Finsh | Now_lr 0.0005/0.0005 | Lambda 0.0952 | Train Loss 0.0180 | Valid Loss 4.4832 | Train Acc 99.3732| Valid Acc 48.8996
TestSub: S[16, 17, 18, 19, 20] Epoch 38 Finsh | Now_lr 0.0005/0.0005 | Lambda 0.0956 | Train Loss 0.0182 | Valid Loss 4.5678 | Train Acc 99.3853| Valid Acc 49.2491
TestSub: S[16, 17, 18, 19, 20] Epoch 39 Finsh | Now_lr 0.0005/0.0005 | Lambda 0.0960 | Train Loss 0.0171 | Valid Loss 4.5266 | Train Acc 99.4242| Valid Acc 49.8450
TestSub: S[16, 17, 18, 19, 20] Epoch 40 Finsh | Now_lr 0.0005/0.0005 | Lambda 0.0964 | Train Loss 0.0161 | Valid Loss 4.4697 | Train Acc 99.4394| Valid Acc 49.2583
TestSub: S[16, 17, 18, 19, 20] Epoch 41 Finsh | Now_lr 0.0005/0.0005 | Lambda 0.0967 | Train Loss 0.0158 | Valid Loss 4.5802 | Train Acc 99.4723| Valid Acc 48.4193
TestSub: S[16, 17, 18, 19, 20] Epoch 42 Finsh | Now_lr 0.0005/0.0005 | Lambda 0.0970 | Train Loss 0.0152 | Valid Loss 4.5457 | Train Acc 99.5081| Valid Acc 48.7415
TestSub: S[16, 17, 18, 19, 20] Epoch 43 Finsh | Now_lr 0.0005/0.0005 | Lambda 0.0973 | Train Loss 0.0159 | Valid Loss 4.3809 | Train Acc 99.4607| Valid Acc 49.3738
TestSub: S[16, 17, 18, 19, 20] Epoch 44 Finsh | Now_lr 0.0005/0.0005 | Lambda 0.0976 | Train Loss 0.0155 | Valid Loss 4.5921 | Train Acc 99.4923| Valid Acc 49.9635
TestSub: S[16, 17, 18, 19, 20] Epoch 45 Finsh | Now_lr 0.0005/0.0005 | Lambda 0.0978 | Train Loss 0.0143 | Valid Loss 4.6791 | Train Acc 99.5312| Valid Acc 48.9452
TestSub: S[16, 17, 18, 19, 20] Epoch 46 Finsh | Now_lr 0.0005/0.0005 | Lambda 0.0980 | Train Loss 0.0146 | Valid Loss 4.6332 | Train Acc 99.5148| Valid Acc 51.2160
Validation acc increase (50.446863 --> 51.215953) in epoch (46).  Saving model ...
TestSub: S[16, 17, 18, 19, 20] Epoch 47 Finsh | Now_lr 0.0005/0.0005 | Lambda 0.0982 | Train Loss 0.0128 | Valid Loss 4.6912 | Train Acc 99.5677| Valid Acc 50.0882
TestSub: S[16, 17, 18, 19, 20] Epoch 48 Finsh | Now_lr 0.0005/0.0005 | Lambda 0.0984 | Train Loss 0.0136 | Valid Loss 4.8809 | Train Acc 99.5355| Valid Acc 50.7387
TestSub: S[16, 17, 18, 19, 20] Epoch 49 Finsh | Now_lr 0.0005/0.0005 | Lambda 0.0985 | Train Loss 0.0130 | Valid Loss 4.6888 | Train Acc 99.5696| Valid Acc 50.5198
TestSub: S[16, 17, 18, 19, 20] Epoch 50 Finsh | Now_lr 0.0005/0.0005 | Lambda 0.0987 | Train Loss 0.0120 | Valid Loss 5.1298 | Train Acc 99.5914| Valid Acc 50.0395
TestSub: S[16, 17, 18, 19, 20] Epoch 51 Finsh | Now_lr 0.0005/0.0005 | Lambda 0.0988 | Train Loss 0.0127 | Valid Loss 4.7729 | Train Acc 99.5854| Valid Acc 49.3495
TestSub: S[16, 17, 18, 19, 20] Epoch 52 Finsh | Now_lr 0.0005/0.0005 | Lambda 0.0989 | Train Loss 0.0123 | Valid Loss 4.8380 | Train Acc 99.5817| Valid Acc 49.9210
TestSub: S[16, 17, 18, 19, 20] Epoch 53 Finsh | Now_lr 0.0005/0.0005 | Lambda 0.0990 | Train Loss 0.0128 | Valid Loss 4.9205 | Train Acc 99.5981| Valid Acc 48.6473
TestSub: S[16, 17, 18, 19, 20] Epoch 54 Finsh | Now_lr 0.0005/0.0005 | Lambda 0.0991 | Train Loss 0.0119 | Valid Loss 4.6087 | Train Acc 99.6036| Valid Acc 48.0484
TestSub: S[16, 17, 18, 19, 20] Epoch 55 Finsh | Now_lr 0.0005/0.0005 | Lambda 0.0992 | Train Loss 0.0118 | Valid Loss 4.7838 | Train Acc 99.6158| Valid Acc 49.9909
TestSub: S[16, 17, 18, 19, 20] Epoch 56 Finsh | Now_lr 0.0005/0.0005 | Lambda 0.0993 | Train Loss 0.0111 | Valid Loss 4.4019 | Train Acc 99.6370| Valid Acc 50.7964
TestSub: S[16, 17, 18, 19, 20] Epoch 57 Finsh | Now_lr 0.0005/0.0005 | Lambda 0.0993 | Train Loss 0.0119 | Valid Loss 4.7182 | Train Acc 99.6133| Valid Acc 50.2402
TestSub: S[16, 17, 18, 19, 20] Epoch 58 Finsh | Now_lr 0.0005/0.0005 | Lambda 0.0994 | Train Loss 0.0112 | Valid Loss 5.0064 | Train Acc 99.6376| Valid Acc 48.8661
TestSub: S[16, 17, 18, 19, 20] Epoch 59 Finsh | Now_lr 0.0005/0.0005 | Lambda 0.0995 | Train Loss 0.0111 | Valid Loss 4.9396 | Train Acc 99.6127| Valid Acc 48.7749
TestSub: S[16, 17, 18, 19, 20] Epoch 60 Finsh | Now_lr 0.0005/0.0005 | Lambda 0.0995 | Train Loss 0.0095 | Valid Loss 5.1838 | Train Acc 99.6820| Valid Acc 48.5621
TestSub: S[16, 17, 18, 19, 20] Epoch 61 Finsh | Now_lr 0.0005/0.0005 | Lambda 0.0996 | Train Loss 0.0107 | Valid Loss 4.7991 | Train Acc 99.6358| Valid Acc 50.4256
TestSub: S[16, 17, 18, 19, 20] Epoch 62 Finsh | Now_lr 0.0005/0.0005 | Lambda 0.0996 | Train Loss 0.0099 | Valid Loss 4.8469 | Train Acc 99.6687| Valid Acc 49.4346
TestSub: S[16, 17, 18, 19, 20] Epoch 63 Finsh | Now_lr 0.0005/0.0005 | Lambda 0.0996 | Train Loss 0.0092 | Valid Loss 5.1438 | Train Acc 99.6942| Valid Acc 49.5683
TestSub: S[16, 17, 18, 19, 20] Epoch 64 Finsh | Now_lr 0.0005/0.0005 | Lambda 0.0997 | Train Loss 0.0103 | Valid Loss 5.0152 | Train Acc 99.6814| Valid Acc 48.9816
TestSub: S[16, 17, 18, 19, 20] Epoch 65 Finsh | Now_lr 0.0005/0.0005 | Lambda 0.0997 | Train Loss 0.0096 | Valid Loss 4.6499 | Train Acc 99.6857| Valid Acc 49.6747
TestSub: S[16, 17, 18, 19, 20] Epoch 66 Finsh | Now_lr 0.0005/0.0005 | Lambda 0.0997 | Train Loss 0.0097 | Valid Loss 4.9242 | Train Acc 99.6687| Valid Acc 48.8631
TestSub: S[16, 17, 18, 19, 20] Epoch 67 Finsh | Now_lr 0.0005/0.0005 | Lambda 0.0998 | Train Loss 0.0094 | Valid Loss 5.0342 | Train Acc 99.6918| Valid Acc 49.2096
TestSub: S[16, 17, 18, 19, 20] Epoch 68 Finsh | Now_lr 0.0005/0.0005 | Lambda 0.0998 | Train Loss 0.0094 | Valid Loss 5.3495 | Train Acc 99.6863| Valid Acc 47.6137
TestSub: S[16, 17, 18, 19, 20] Epoch 69 Finsh | Now_lr 0.0005/0.0005 | Lambda 0.0998 | Train Loss 0.0093 | Valid Loss 4.9788 | Train Acc 99.6948| Valid Acc 48.6807
TestSub: S[16, 17, 18, 19, 20] Epoch 70 Finsh | Now_lr 0.0005/0.0005 | Lambda 0.0998 | Train Loss 0.0082 | Valid Loss 5.0113 | Train Acc 99.7319| Valid Acc 49.5349
TestSub: S[16, 17, 18, 19, 20] Epoch 71 Finsh | Now_lr 0.0005/0.0005 | Lambda 0.0998 | Train Loss 0.0081 | Valid Loss 5.3780 | Train Acc 99.7361| Valid Acc 48.6594
TestSub: S[16, 17, 18, 19, 20] Epoch 72 Finsh | Now_lr 0.0005/0.0005 | Lambda 0.0999 | Train Loss 0.0094 | Valid Loss 5.2408 | Train Acc 99.6960| Valid Acc 49.9118
TestSub: S[16, 17, 18, 19, 20] Epoch 73 Finsh | Now_lr 0.0005/0.0005 | Lambda 0.0999 | Train Loss 0.0090 | Valid Loss 5.3254 | Train Acc 99.7130| Valid Acc 47.9906
TestSub: S[16, 17, 18, 19, 20] Epoch 74 Finsh | Now_lr 0.0005/0.0005 | Lambda 0.0999 | Train Loss 0.0084 | Valid Loss 5.4166 | Train Acc 99.7319| Valid Acc 48.3250
TestSub: S[16, 17, 18, 19, 20] Epoch 75 Finsh | Now_lr 0.0005/0.0005 | Lambda 0.0999 | Train Loss 0.0086 | Valid Loss 5.3799 | Train Acc 99.7130| Valid Acc 47.8022
TestSub: S[16, 17, 18, 19, 20] Epoch 76 Finsh | Now_lr 0.0005/0.0005 | Lambda 0.0999 | Train Loss 0.0080 | Valid Loss 5.6040 | Train Acc 99.7288| Valid Acc 47.5073
Early stopping triggered after 76 epochs (30 epochs without improvement)
--------------------------------------------------
Test_Subject :S[16, 17, 18, 19, 20] |Best epoch:46 | Test Loss:4.6332 | Best Acc 51.2160 | Savemodel Acc 51.2160
--------------------------------------------------

========== Fold 5 ==========
Train IDs: [1, 2, 3, 4, 5, 6, 7, 8, 9, 10, 11, 12, 13, 14, 15, 16, 17, 18, 19, 20, 26, 27, 28, 29, 30]
Val IDs:   [21, 22, 23, 24, 25]
train_data_shape(164500, 32, 128),val_data_shape(32900, 32, 128)
=================================================================
Layer (type:depth-idx)                   Param #
=================================================================
DARNet                                   --
├─TokenEmbedding: 1-1                    --
│    └─Sequential: 2-1                   --
│    │    └─Conv2d: 3-1                  576
│    │    └─BatchNorm2d: 3-2             128
│    │    └─GELU: 3-3                    --
│    └─Sequential: 2-2                   --
│    │    └─Conv2d: 3-4                  32,784
│    │    └─BatchNorm2d: 3-5             32
│    │    └─GELU: 3-6                    --
│    └─PositionalEmbedding: 2-3          --
├─Flatten: 1-2                           --
├─Linear: 1-3                            18
├─AttnRefine: 1-4                        --
│    └─MyAttention: 2-4                  --
│    │    └─Attention: 3-7               800
│    └─Refine: 2-5                       --
│    │    └─Conv1d: 3-8                  784
│    │    └─BatchNorm1d: 3-9             32
│    │    └─ELU: 3-10                    --
│    │    └─MaxPool1d: 3-11              --
│    └─AdaptiveAvgPool1d: 2-6            --
│    └─Linear: 2-7                       68
│    └─Flatten: 2-8                      --
├─AttnRefine: 1-5                        --
│    └─MyAttention: 2-9                  --
│    │    └─Attention: 3-12              800
│    └─Refine: 2-10                      --
│    │    └─Conv1d: 3-13                 784
│    │    └─BatchNorm1d: 3-14            32
│    │    └─ELU: 3-15                    --
│    │    └─MaxPool1d: 3-16              --
│    └─AdaptiveAvgPool1d: 2-11           --
│    └─Linear: 2-12                      68
│    └─Flatten: 2-13                     --
├─GradientReversalLayer: 1-6             --
├─SubjectDiscriminator: 1-7              --
│    └─Sequential: 2-14                  --
│    │    └─Linear: 3-17                 2,304
│    │    └─ReLU: 3-18                   --
│    │    └─Dropout: 3-19                --
│    │    └─Linear: 3-20                 32,896
│    │    └─ReLU: 3-21                   --
│    │    └─Dropout: 3-22                --
│    │    └─Linear: 3-23                 3,870
=================================================================
Total params: 75,976
Trainable params: 75,976
Non-trainable params: 0
=================================================================
TestSub: S[21, 22, 23, 24, 25] Epoch  1 Finsh | Now_lr 0.0005/0.0005 | Lambda 0.0050 | Train Loss 0.4523 | Valid Loss 1.4291 | Train Acc 76.8969| Valid Acc 48.4345
Validation acc increase (0.000000 --> 48.434460) in epoch (1).  Saving model ...
TestSub: S[21, 22, 23, 24, 25] Epoch  2 Finsh | Now_lr 0.0005/0.0005 | Lambda 0.0100 | Train Loss 0.2994 | Valid Loss 1.5299 | Train Acc 86.7133| Valid Acc 47.8782
TestSub: S[21, 22, 23, 24, 25] Epoch  3 Finsh | Now_lr 0.0005/0.0005 | Lambda 0.0149 | Train Loss 0.2392 | Valid Loss 1.6820 | Train Acc 89.8237| Valid Acc 47.4526
TestSub: S[21, 22, 23, 24, 25] Epoch  4 Finsh | Now_lr 0.0005/0.0005 | Lambda 0.0197 | Train Loss 0.1880 | Valid Loss 1.8961 | Train Acc 92.3711| Valid Acc 51.7023
Validation acc increase (48.434460 --> 51.702335) in epoch (4).  Saving model ...
TestSub: S[21, 22, 23, 24, 25] Epoch  5 Finsh | Now_lr 0.0005/0.0005 | Lambda 0.0245 | Train Loss 0.1515 | Valid Loss 2.2826 | Train Acc 94.0297| Valid Acc 50.8177
TestSub: S[21, 22, 23, 24, 25] Epoch  6 Finsh | Now_lr 0.0005/0.0005 | Lambda 0.0291 | Train Loss 0.1260 | Valid Loss 2.4935 | Train Acc 95.1976| Valid Acc 49.2491
TestSub: S[21, 22, 23, 24, 25] Epoch  7 Finsh | Now_lr 0.0005/0.0005 | Lambda 0.0336 | Train Loss 0.1070 | Valid Loss 2.5945 | Train Acc 95.9217| Valid Acc 50.1702
TestSub: S[21, 22, 23, 24, 25] Epoch  8 Finsh | Now_lr 0.0005/0.0005 | Lambda 0.0380 | Train Loss 0.0939 | Valid Loss 2.7905 | Train Acc 96.4871| Valid Acc 50.5441
TestSub: S[21, 22, 23, 24, 25] Epoch  9 Finsh | Now_lr 0.0005/0.0005 | Lambda 0.0422 | Train Loss 0.0816 | Valid Loss 2.9704 | Train Acc 96.9546| Valid Acc 51.0214
TestSub: S[21, 22, 23, 24, 25] Epoch 10 Finsh | Now_lr 0.0005/0.0005 | Lambda 0.0462 | Train Loss 0.0735 | Valid Loss 2.8843 | Train Acc 97.2975| Valid Acc 50.9454
TestSub: S[21, 22, 23, 24, 25] Epoch 11 Finsh | Now_lr 0.0005/0.0005 | Lambda 0.0501 | Train Loss 0.0661 | Valid Loss 2.9943 | Train Acc 97.5687| Valid Acc 53.3682
Validation acc increase (51.702335 --> 53.368191) in epoch (11).  Saving model ...
TestSub: S[21, 22, 23, 24, 25] Epoch 12 Finsh | Now_lr 0.0005/0.0005 | Lambda 0.0537 | Train Loss 0.0618 | Valid Loss 2.9113 | Train Acc 97.7316| Valid Acc 50.9545
TestSub: S[21, 22, 23, 24, 25] Epoch 13 Finsh | Now_lr 0.0005/0.0005 | Lambda 0.0572 | Train Loss 0.0550 | Valid Loss 3.1087 | Train Acc 98.0198| Valid Acc 51.9060
TestSub: S[21, 22, 23, 24, 25] Epoch 14 Finsh | Now_lr 0.0005/0.0005 | Lambda 0.0604 | Train Loss 0.0522 | Valid Loss 3.0755 | Train Acc 98.1055| Valid Acc 53.3256
TestSub: S[21, 22, 23, 24, 25] Epoch 15 Finsh | Now_lr 0.0005/0.0005 | Lambda 0.0635 | Train Loss 0.0480 | Valid Loss 3.1378 | Train Acc 98.2776| Valid Acc 52.9122
TestSub: S[21, 22, 23, 24, 25] Epoch 16 Finsh | Now_lr 0.0005/0.0005 | Lambda 0.0664 | Train Loss 0.0430 | Valid Loss 3.3033 | Train Acc 98.4934| Valid Acc 52.3438
TestSub: S[21, 22, 23, 24, 25] Epoch 17 Finsh | Now_lr 0.0005/0.0005 | Lambda 0.0691 | Train Loss 0.0421 | Valid Loss 3.1846 | Train Acc 98.4904| Valid Acc 52.0610
TestSub: S[21, 22, 23, 24, 25] Epoch 18 Finsh | Now_lr 0.0005/0.0005 | Lambda 0.0716 | Train Loss 0.0390 | Valid Loss 3.1950 | Train Acc 98.6552| Valid Acc 52.7420
TestSub: S[21, 22, 23, 24, 25] Epoch 19 Finsh | Now_lr 0.0005/0.0005 | Lambda 0.0740 | Train Loss 0.0372 | Valid Loss 3.2445 | Train Acc 98.6886| Valid Acc 53.6479
Validation acc increase (53.368191 --> 53.647860) in epoch (19).  Saving model ...
TestSub: S[21, 22, 23, 24, 25] Epoch 20 Finsh | Now_lr 0.0005/0.0005 | Lambda 0.0762 | Train Loss 0.0355 | Valid Loss 3.4667 | Train Acc 98.7616| Valid Acc 51.7023
TestSub: S[21, 22, 23, 24, 25] Epoch 21 Finsh | Now_lr 0.0005/0.0005 | Lambda 0.0782 | Train Loss 0.0330 | Valid Loss 3.7715 | Train Acc 98.8838| Valid Acc 51.5899
TestSub: S[21, 22, 23, 24, 25] Epoch 22 Finsh | Now_lr 0.0005/0.0005 | Lambda 0.0800 | Train Loss 0.0318 | Valid Loss 3.7145 | Train Acc 98.8983| Valid Acc 51.4865
TestSub: S[21, 22, 23, 24, 25] Epoch 23 Finsh | Now_lr 0.0005/0.0005 | Lambda 0.0818 | Train Loss 0.0308 | Valid Loss 3.5157 | Train Acc 98.9360| Valid Acc 51.5990
TestSub: S[21, 22, 23, 24, 25] Epoch 24 Finsh | Now_lr 0.0005/0.0005 | Lambda 0.0834 | Train Loss 0.0290 | Valid Loss 3.6532 | Train Acc 98.9719| Valid Acc 51.6780
TestSub: S[21, 22, 23, 24, 25] Epoch 25 Finsh | Now_lr 0.0005/0.0005 | Lambda 0.0848 | Train Loss 0.0277 | Valid Loss 3.7602 | Train Acc 99.0272| Valid Acc 50.8572
TestSub: S[21, 22, 23, 24, 25] Epoch 26 Finsh | Now_lr 0.0005/0.0005 | Lambda 0.0862 | Train Loss 0.0274 | Valid Loss 3.8492 | Train Acc 99.0741| Valid Acc 50.6445
TestSub: S[21, 22, 23, 24, 25] Epoch 27 Finsh | Now_lr 0.0005/0.0005 | Lambda 0.0874 | Train Loss 0.0268 | Valid Loss 3.8507 | Train Acc 99.0978| Valid Acc 51.4379
TestSub: S[21, 22, 23, 24, 25] Epoch 28 Finsh | Now_lr 0.0005/0.0005 | Lambda 0.0885 | Train Loss 0.0254 | Valid Loss 3.8280 | Train Acc 99.1464| Valid Acc 52.0945
TestSub: S[21, 22, 23, 24, 25] Epoch 29 Finsh | Now_lr 0.0005/0.0005 | Lambda 0.0896 | Train Loss 0.0247 | Valid Loss 3.8263 | Train Acc 99.1531| Valid Acc 51.6659
TestSub: S[21, 22, 23, 24, 25] Epoch 30 Finsh | Now_lr 0.0005/0.0005 | Lambda 0.0905 | Train Loss 0.0229 | Valid Loss 3.9936 | Train Acc 99.2303| Valid Acc 50.6870
TestSub: S[21, 22, 23, 24, 25] Epoch 31 Finsh | Now_lr 0.0005/0.0005 | Lambda 0.0914 | Train Loss 0.0221 | Valid Loss 3.6325 | Train Acc 99.2589| Valid Acc 51.6263
TestSub: S[21, 22, 23, 24, 25] Epoch 32 Finsh | Now_lr 0.0005/0.0005 | Lambda 0.0922 | Train Loss 0.0216 | Valid Loss 3.7124 | Train Acc 99.2607| Valid Acc 51.4044
TestSub: S[21, 22, 23, 24, 25] Epoch 33 Finsh | Now_lr 0.0005/0.0005 | Lambda 0.0929 | Train Loss 0.0207 | Valid Loss 3.9271 | Train Acc 99.2838| Valid Acc 51.0214
TestSub: S[21, 22, 23, 24, 25] Epoch 34 Finsh | Now_lr 0.0005/0.0005 | Lambda 0.0935 | Train Loss 0.0202 | Valid Loss 3.7233 | Train Acc 99.3185| Valid Acc 52.2738
TestSub: S[21, 22, 23, 24, 25] Epoch 35 Finsh | Now_lr 0.0005/0.0005 | Lambda 0.0941 | Train Loss 0.0199 | Valid Loss 3.9476 | Train Acc 99.3318| Valid Acc 51.2342
TestSub: S[21, 22, 23, 24, 25] Epoch 36 Finsh | Now_lr 0.0005/0.0005 | Lambda 0.0947 | Train Loss 0.0207 | Valid Loss 3.7028 | Train Acc 99.3093| Valid Acc 51.3892
TestSub: S[21, 22, 23, 24, 25] Epoch 37 Finsh | Now_lr 0.0005/0.0005 | Lambda 0.0952 | Train Loss 0.0180 | Valid Loss 3.9646 | Train Acc 99.3799| Valid Acc 51.7571
TestSub: S[21, 22, 23, 24, 25] Epoch 38 Finsh | Now_lr 0.0005/0.0005 | Lambda 0.0956 | Train Loss 0.0182 | Valid Loss 3.8039 | Train Acc 99.3853| Valid Acc 51.4105
TestSub: S[21, 22, 23, 24, 25] Epoch 39 Finsh | Now_lr 0.0005/0.0005 | Lambda 0.0960 | Train Loss 0.0178 | Valid Loss 3.9996 | Train Acc 99.3689| Valid Acc 48.6594
TestSub: S[21, 22, 23, 24, 25] Epoch 40 Finsh | Now_lr 0.0005/0.0005 | Lambda 0.0964 | Train Loss 0.0172 | Valid Loss 3.8737 | Train Acc 99.4455| Valid Acc 50.2675
TestSub: S[21, 22, 23, 24, 25] Epoch 41 Finsh | Now_lr 0.0005/0.0005 | Lambda 0.0967 | Train Loss 0.0176 | Valid Loss 4.1247 | Train Acc 99.3914| Valid Acc 50.0517
TestSub: S[21, 22, 23, 24, 25] Epoch 42 Finsh | Now_lr 0.0005/0.0005 | Lambda 0.0970 | Train Loss 0.0167 | Valid Loss 4.2883 | Train Acc 99.4419| Valid Acc 50.4712
TestSub: S[21, 22, 23, 24, 25] Epoch 43 Finsh | Now_lr 0.0005/0.0005 | Lambda 0.0973 | Train Loss 0.0166 | Valid Loss 4.1330 | Train Acc 99.4467| Valid Acc 50.8633
TestSub: S[21, 22, 23, 24, 25] Epoch 44 Finsh | Now_lr 0.0005/0.0005 | Lambda 0.0976 | Train Loss 0.0156 | Valid Loss 4.2653 | Train Acc 99.4826| Valid Acc 50.3921
TestSub: S[21, 22, 23, 24, 25] Epoch 45 Finsh | Now_lr 0.0005/0.0005 | Lambda 0.0978 | Train Loss 0.0157 | Valid Loss 4.2389 | Train Acc 99.4784| Valid Acc 50.9940
TestSub: S[21, 22, 23, 24, 25] Epoch 46 Finsh | Now_lr 0.0005/0.0005 | Lambda 0.0980 | Train Loss 0.0157 | Valid Loss 4.0389 | Train Acc 99.4625| Valid Acc 50.0000
TestSub: S[21, 22, 23, 24, 25] Epoch 47 Finsh | Now_lr 0.0005/0.0005 | Lambda 0.0982 | Train Loss 0.0147 | Valid Loss 3.9571 | Train Acc 99.5167| Valid Acc 50.5989
TestSub: S[21, 22, 23, 24, 25] Epoch 48 Finsh | Now_lr 0.0005/0.0005 | Lambda 0.0984 | Train Loss 0.0155 | Valid Loss 4.3058 | Train Acc 99.4784| Valid Acc 49.8966
TestSub: S[21, 22, 23, 24, 25] Epoch 49 Finsh | Now_lr 0.0005/0.0005 | Lambda 0.0985 | Train Loss 0.0145 | Valid Loss 4.3912 | Train Acc 99.5088| Valid Acc 49.1336
Early stopping triggered after 49 epochs (30 epochs without improvement)
--------------------------------------------------
Test_Subject :S[21, 22, 23, 24, 25] |Best epoch:19 | Test Loss:3.2445 | Best Acc 53.6479 | Savemodel Acc 53.6479
--------------------------------------------------

========== Fold 6 ==========
Train IDs: [1, 2, 3, 4, 5, 6, 7, 8, 9, 10, 11, 12, 13, 14, 15, 16, 17, 18, 19, 20, 21, 22, 23, 24, 25]
Val IDs:   [26, 27, 28, 29, 30]
train_data_shape(164500, 32, 128),val_data_shape(32900, 32, 128)
=================================================================
Layer (type:depth-idx)                   Param #
=================================================================
DARNet                                   --
├─TokenEmbedding: 1-1                    --
│    └─Sequential: 2-1                   --
│    │    └─Conv2d: 3-1                  576
│    │    └─BatchNorm2d: 3-2             128
│    │    └─GELU: 3-3                    --
│    └─Sequential: 2-2                   --
│    │    └─Conv2d: 3-4                  32,784
│    │    └─BatchNorm2d: 3-5             32
│    │    └─GELU: 3-6                    --
│    └─PositionalEmbedding: 2-3          --
├─Flatten: 1-2                           --
├─Linear: 1-3                            18
├─AttnRefine: 1-4                        --
│    └─MyAttention: 2-4                  --
│    │    └─Attention: 3-7               800
│    └─Refine: 2-5                       --
│    │    └─Conv1d: 3-8                  784
│    │    └─BatchNorm1d: 3-9             32
│    │    └─ELU: 3-10                    --
│    │    └─MaxPool1d: 3-11              --
│    └─AdaptiveAvgPool1d: 2-6            --
│    └─Linear: 2-7                       68
│    └─Flatten: 2-8                      --
├─AttnRefine: 1-5                        --
│    └─MyAttention: 2-9                  --
│    │    └─Attention: 3-12              800
│    └─Refine: 2-10                      --
│    │    └─Conv1d: 3-13                 784
│    │    └─BatchNorm1d: 3-14            32
│    │    └─ELU: 3-15                    --
│    │    └─MaxPool1d: 3-16              --
│    └─AdaptiveAvgPool1d: 2-11           --
│    └─Linear: 2-12                      68
│    └─Flatten: 2-13                     --
├─GradientReversalLayer: 1-6             --
├─SubjectDiscriminator: 1-7              --
│    └─Sequential: 2-14                  --
│    │    └─Linear: 3-17                 2,304
│    │    └─ReLU: 3-18                   --
│    │    └─Dropout: 3-19                --
│    │    └─Linear: 3-20                 32,896
│    │    └─ReLU: 3-21                   --
│    │    └─Dropout: 3-22                --
│    │    └─Linear: 3-23                 3,870
=================================================================
Total params: 75,976
Trainable params: 75,976
Non-trainable params: 0
=================================================================
TestSub: S[26, 27, 28, 29, 30] Epoch  1 Finsh | Now_lr 0.0005/0.0005 | Lambda 0.0050 | Train Loss 0.4503 | Valid Loss 1.4559 | Train Acc 77.5152| Valid Acc 49.1975
Validation acc increase (0.000000 --> 49.197471) in epoch (1).  Saving model ...
TestSub: S[26, 27, 28, 29, 30] Epoch  2 Finsh | Now_lr 0.0005/0.0005 | Lambda 0.0100 | Train Loss 0.2739 | Valid Loss 1.7270 | Train Acc 88.5299| Valid Acc 50.7721
Validation acc increase (49.197471 --> 50.772130) in epoch (2).  Saving model ...
TestSub: S[26, 27, 28, 29, 30] Epoch  3 Finsh | Now_lr 0.0005/0.0005 | Lambda 0.0149 | Train Loss 0.1957 | Valid Loss 1.9717 | Train Acc 92.1413| Valid Acc 50.1794
TestSub: S[26, 27, 28, 29, 30] Epoch  4 Finsh | Now_lr 0.0005/0.0005 | Lambda 0.0197 | Train Loss 0.1510 | Valid Loss 2.3162 | Train Acc 94.1549| Valid Acc 51.1704
Validation acc increase (50.772130 --> 51.170355) in epoch (4).  Saving model ...
TestSub: S[26, 27, 28, 29, 30] Epoch  5 Finsh | Now_lr 0.0005/0.0005 | Lambda 0.0245 | Train Loss 0.1233 | Valid Loss 2.3326 | Train Acc 95.3222| Valid Acc 48.9816
TestSub: S[26, 27, 28, 29, 30] Epoch  6 Finsh | Now_lr 0.0005/0.0005 | Lambda 0.0291 | Train Loss 0.1065 | Valid Loss 2.4897 | Train Acc 95.9661| Valid Acc 50.3344
TestSub: S[26, 27, 28, 29, 30] Epoch  7 Finsh | Now_lr 0.0005/0.0005 | Lambda 0.0336 | Train Loss 0.0886 | Valid Loss 2.7452 | Train Acc 96.6993| Valid Acc 49.0698
TestSub: S[26, 27, 28, 29, 30] Epoch  8 Finsh | Now_lr 0.0005/0.0005 | Lambda 0.0380 | Train Loss 0.0794 | Valid Loss 2.6690 | Train Acc 97.0884| Valid Acc 50.3253
TestSub: S[26, 27, 28, 29, 30] Epoch  9 Finsh | Now_lr 0.0005/0.0005 | Lambda 0.0422 | Train Loss 0.0710 | Valid Loss 2.9088 | Train Acc 97.4410| Valid Acc 48.0727
TestSub: S[26, 27, 28, 29, 30] Epoch 10 Finsh | Now_lr 0.0005/0.0005 | Lambda 0.0462 | Train Loss 0.0645 | Valid Loss 2.7792 | Train Acc 97.7177| Valid Acc 47.5073
TestSub: S[26, 27, 28, 29, 30] Epoch 11 Finsh | Now_lr 0.0005/0.0005 | Lambda 0.0501 | Train Loss 0.0593 | Valid Loss 2.9342 | Train Acc 97.8909| Valid Acc 46.5649
TestSub: S[26, 27, 28, 29, 30] Epoch 12 Finsh | Now_lr 0.0005/0.0005 | Lambda 0.0537 | Train Loss 0.0547 | Valid Loss 2.6990 | Train Acc 98.0873| Valid Acc 47.2519
TestSub: S[26, 27, 28, 29, 30] Epoch 13 Finsh | Now_lr 0.0005/0.0005 | Lambda 0.0572 | Train Loss 0.0520 | Valid Loss 2.9888 | Train Acc 98.1214| Valid Acc 48.2551
TestSub: S[26, 27, 28, 29, 30] Epoch 14 Finsh | Now_lr 0.0005/0.0005 | Lambda 0.0604 | Train Loss 0.0477 | Valid Loss 3.0172 | Train Acc 98.2819| Valid Acc 46.7716
TestSub: S[26, 27, 28, 29, 30] Epoch 15 Finsh | Now_lr 0.0005/0.0005 | Lambda 0.0635 | Train Loss 0.0441 | Valid Loss 2.9531 | Train Acc 98.4478| Valid Acc 48.9300
TestSub: S[26, 27, 28, 29, 30] Epoch 16 Finsh | Now_lr 0.0005/0.0005 | Lambda 0.0664 | Train Loss 0.0416 | Valid Loss 3.0463 | Train Acc 98.5579| Valid Acc 50.4621
TestSub: S[26, 27, 28, 29, 30] Epoch 17 Finsh | Now_lr 0.0005/0.0005 | Lambda 0.0691 | Train Loss 0.0375 | Valid Loss 3.2170 | Train Acc 98.7056| Valid Acc 50.8268
TestSub: S[26, 27, 28, 29, 30] Epoch 18 Finsh | Now_lr 0.0005/0.0005 | Lambda 0.0716 | Train Loss 0.0365 | Valid Loss 3.1545 | Train Acc 98.7378| Valid Acc 49.1823
TestSub: S[26, 27, 28, 29, 30] Epoch 19 Finsh | Now_lr 0.0005/0.0005 | Lambda 0.0740 | Train Loss 0.0340 | Valid Loss 3.1008 | Train Acc 98.8187| Valid Acc 49.5592
TestSub: S[26, 27, 28, 29, 30] Epoch 20 Finsh | Now_lr 0.0005/0.0005 | Lambda 0.0762 | Train Loss 0.0327 | Valid Loss 3.0196 | Train Acc 98.8436| Valid Acc 50.2432
TestSub: S[26, 27, 28, 29, 30] Epoch 21 Finsh | Now_lr 0.0005/0.0005 | Lambda 0.0782 | Train Loss 0.0315 | Valid Loss 2.8633 | Train Acc 98.9008| Valid Acc 50.0730
TestSub: S[26, 27, 28, 29, 30] Epoch 22 Finsh | Now_lr 0.0005/0.0005 | Lambda 0.0800 | Train Loss 0.0289 | Valid Loss 3.1006 | Train Acc 98.9883| Valid Acc 50.7630
TestSub: S[26, 27, 28, 29, 30] Epoch 23 Finsh | Now_lr 0.0005/0.0005 | Lambda 0.0818 | Train Loss 0.0270 | Valid Loss 3.4269 | Train Acc 99.0260| Valid Acc 51.0913
TestSub: S[26, 27, 28, 29, 30] Epoch 24 Finsh | Now_lr 0.0005/0.0005 | Lambda 0.0834 | Train Loss 0.0260 | Valid Loss 2.9731 | Train Acc 99.1026| Valid Acc 50.5441
TestSub: S[26, 27, 28, 29, 30] Epoch 25 Finsh | Now_lr 0.0005/0.0005 | Lambda 0.0848 | Train Loss 0.0260 | Valid Loss 3.0854 | Train Acc 99.0935| Valid Acc 50.3435
TestSub: S[26, 27, 28, 29, 30] Epoch 26 Finsh | Now_lr 0.0005/0.0005 | Lambda 0.0862 | Train Loss 0.0240 | Valid Loss 3.3887 | Train Acc 99.1835| Valid Acc 49.4802
TestSub: S[26, 27, 28, 29, 30] Epoch 27 Finsh | Now_lr 0.0005/0.0005 | Lambda 0.0874 | Train Loss 0.0235 | Valid Loss 3.1715 | Train Acc 99.1719| Valid Acc 50.4073
TestSub: S[26, 27, 28, 29, 30] Epoch 28 Finsh | Now_lr 0.0005/0.0005 | Lambda 0.0885 | Train Loss 0.0227 | Valid Loss 3.0253 | Train Acc 99.2175| Valid Acc 51.4926
Validation acc increase (51.170355 --> 51.492583) in epoch (28).  Saving model ...
TestSub: S[26, 27, 28, 29, 30] Epoch 29 Finsh | Now_lr 0.0005/0.0005 | Lambda 0.0896 | Train Loss 0.0216 | Valid Loss 3.5262 | Train Acc 99.2686| Valid Acc 51.6750
Validation acc increase (51.492583 --> 51.674976) in epoch (29).  Saving model ...
TestSub: S[26, 27, 28, 29, 30] Epoch 30 Finsh | Now_lr 0.0005/0.0005 | Lambda 0.0905 | Train Loss 0.0212 | Valid Loss 3.2272 | Train Acc 99.2723| Valid Acc 51.9638
Validation acc increase (51.674976 --> 51.963765) in epoch (30).  Saving model ...
TestSub: S[26, 27, 28, 29, 30] Epoch 31 Finsh | Now_lr 0.0005/0.0005 | Lambda 0.0914 | Train Loss 0.0199 | Valid Loss 3.3867 | Train Acc 99.3118| Valid Acc 51.5017
TestSub: S[26, 27, 28, 29, 30] Epoch 32 Finsh | Now_lr 0.0005/0.0005 | Lambda 0.0922 | Train Loss 0.0193 | Valid Loss 3.3229 | Train Acc 99.3397| Valid Acc 51.0548
TestSub: S[26, 27, 28, 29, 30] Epoch 33 Finsh | Now_lr 0.0005/0.0005 | Lambda 0.0929 | Train Loss 0.0172 | Valid Loss 3.5013 | Train Acc 99.4078| Valid Acc 49.4163
TestSub: S[26, 27, 28, 29, 30] Epoch 34 Finsh | Now_lr 0.0005/0.0005 | Lambda 0.0935 | Train Loss 0.0181 | Valid Loss 3.3203 | Train Acc 99.4060| Valid Acc 52.3194
Validation acc increase (51.963765 --> 52.319431) in epoch (34).  Saving model ...
TestSub: S[26, 27, 28, 29, 30] Epoch 35 Finsh | Now_lr 0.0005/0.0005 | Lambda 0.0941 | Train Loss 0.0186 | Valid Loss 3.0569 | Train Acc 99.3659| Valid Acc 50.1824
TestSub: S[26, 27, 28, 29, 30] Epoch 36 Finsh | Now_lr 0.0005/0.0005 | Lambda 0.0947 | Train Loss 0.0172 | Valid Loss 3.2695 | Train Acc 99.3999| Valid Acc 51.5078
TestSub: S[26, 27, 28, 29, 30] Epoch 37 Finsh | Now_lr 0.0005/0.0005 | Lambda 0.0952 | Train Loss 0.0162 | Valid Loss 3.3751 | Train Acc 99.4437| Valid Acc 49.1154
TestSub: S[26, 27, 28, 29, 30] Epoch 38 Finsh | Now_lr 0.0005/0.0005 | Lambda 0.0956 | Train Loss 0.0163 | Valid Loss 3.1802 | Train Acc 99.4601| Valid Acc 50.7721
TestSub: S[26, 27, 28, 29, 30] Epoch 39 Finsh | Now_lr 0.0005/0.0005 | Lambda 0.0960 | Train Loss 0.0155 | Valid Loss 3.2344 | Train Acc 99.4480| Valid Acc 50.3921
TestSub: S[26, 27, 28, 29, 30] Epoch 40 Finsh | Now_lr 0.0005/0.0005 | Lambda 0.0964 | Train Loss 0.0154 | Valid Loss 3.3742 | Train Acc 99.4565| Valid Acc 51.3527
TestSub: S[26, 27, 28, 29, 30] Epoch 41 Finsh | Now_lr 0.0005/0.0005 | Lambda 0.0967 | Train Loss 0.0147 | Valid Loss 3.3853 | Train Acc 99.5039| Valid Acc 50.6566
TestSub: S[26, 27, 28, 29, 30] Epoch 42 Finsh | Now_lr 0.0005/0.0005 | Lambda 0.0970 | Train Loss 0.0149 | Valid Loss 3.4789 | Train Acc 99.4765| Valid Acc 50.6171
TestSub: S[26, 27, 28, 29, 30] Epoch 43 Finsh | Now_lr 0.0005/0.0005 | Lambda 0.0973 | Train Loss 0.0143 | Valid Loss 3.5132 | Train Acc 99.5179| Valid Acc 50.9393
TestSub: S[26, 27, 28, 29, 30] Epoch 44 Finsh | Now_lr 0.0005/0.0005 | Lambda 0.0976 | Train Loss 0.0141 | Valid Loss 3.4718 | Train Acc 99.5306| Valid Acc 50.8390
TestSub: S[26, 27, 28, 29, 30] Epoch 45 Finsh | Now_lr 0.0005/0.0005 | Lambda 0.0978 | Train Loss 0.0132 | Valid Loss 3.4061 | Train Acc 99.5616| Valid Acc 52.2982
TestSub: S[26, 27, 28, 29, 30] Epoch 46 Finsh | Now_lr 0.0005/0.0005 | Lambda 0.0980 | Train Loss 0.0137 | Valid Loss 3.3755 | Train Acc 99.5507| Valid Acc 51.7115
TestSub: S[26, 27, 28, 29, 30] Epoch 47 Finsh | Now_lr 0.0005/0.0005 | Lambda 0.0982 | Train Loss 0.0130 | Valid Loss 3.2629 | Train Acc 99.5793| Valid Acc 52.1158
TestSub: S[26, 27, 28, 29, 30] Epoch 48 Finsh | Now_lr 0.0005/0.0005 | Lambda 0.0984 | Train Loss 0.0126 | Valid Loss 3.2044 | Train Acc 99.5799| Valid Acc 50.3921
TestSub: S[26, 27, 28, 29, 30] Epoch 49 Finsh | Now_lr 0.0005/0.0005 | Lambda 0.0985 | Train Loss 0.0120 | Valid Loss 3.5161 | Train Acc 99.5993| Valid Acc 50.3131
TestSub: S[26, 27, 28, 29, 30] Epoch 50 Finsh | Now_lr 0.0005/0.0005 | Lambda 0.0987 | Train Loss 0.0123 | Valid Loss 3.5478 | Train Acc 99.6048| Valid Acc 50.1064
TestSub: S[26, 27, 28, 29, 30] Epoch 51 Finsh | Now_lr 0.0005/0.0005 | Lambda 0.0988 | Train Loss 0.0114 | Valid Loss 3.6574 | Train Acc 99.6255| Valid Acc 50.2766
TestSub: S[26, 27, 28, 29, 30] Epoch 52 Finsh | Now_lr 0.0005/0.0005 | Lambda 0.0989 | Train Loss 0.0116 | Valid Loss 3.5870 | Train Acc 99.6097| Valid Acc 51.4287
TestSub: S[26, 27, 28, 29, 30] Epoch 53 Finsh | Now_lr 0.0005/0.0005 | Lambda 0.0990 | Train Loss 0.0114 | Valid Loss 3.5874 | Train Acc 99.6097| Valid Acc 50.5593
TestSub: S[26, 27, 28, 29, 30] Epoch 54 Finsh | Now_lr 0.0005/0.0005 | Lambda 0.0991 | Train Loss 0.0107 | Valid Loss 3.7944 | Train Acc 99.6504| Valid Acc 51.4652
TestSub: S[26, 27, 28, 29, 30] Epoch 55 Finsh | Now_lr 0.0005/0.0005 | Lambda 0.0992 | Train Loss 0.0105 | Valid Loss 3.6166 | Train Acc 99.6413| Valid Acc 50.9545
TestSub: S[26, 27, 28, 29, 30] Epoch 56 Finsh | Now_lr 0.0005/0.0005 | Lambda 0.0993 | Train Loss 0.0111 | Valid Loss 3.4170 | Train Acc 99.6279| Valid Acc 52.1097
TestSub: S[26, 27, 28, 29, 30] Epoch 57 Finsh | Now_lr 0.0005/0.0005 | Lambda 0.0993 | Train Loss 0.0101 | Valid Loss 3.7484 | Train Acc 99.6480| Valid Acc 50.5046
TestSub: S[26, 27, 28, 29, 30] Epoch 58 Finsh | Now_lr 0.0005/0.0005 | Lambda 0.0994 | Train Loss 0.0103 | Valid Loss 3.4885 | Train Acc 99.6607| Valid Acc 51.4591
TestSub: S[26, 27, 28, 29, 30] Epoch 59 Finsh | Now_lr 0.0005/0.0005 | Lambda 0.0995 | Train Loss 0.0098 | Valid Loss 3.4757 | Train Acc 99.6723| Valid Acc 50.5259
TestSub: S[26, 27, 28, 29, 30] Epoch 60 Finsh | Now_lr 0.0005/0.0005 | Lambda 0.0995 | Train Loss 0.0106 | Valid Loss 3.5350 | Train Acc 99.6455| Valid Acc 50.3283
TestSub: S[26, 27, 28, 29, 30] Epoch 61 Finsh | Now_lr 0.0005/0.0005 | Lambda 0.0996 | Train Loss 0.0091 | Valid Loss 3.8398 | Train Acc 99.6978| Valid Acc 51.5929
TestSub: S[26, 27, 28, 29, 30] Epoch 62 Finsh | Now_lr 0.0005/0.0005 | Lambda 0.0996 | Train Loss 0.0097 | Valid Loss 3.9124 | Train Acc 99.7015| Valid Acc 49.8693
TestSub: S[26, 27, 28, 29, 30] Epoch 63 Finsh | Now_lr 0.0005/0.0005 | Lambda 0.0996 | Train Loss 0.0100 | Valid Loss 3.7147 | Train Acc 99.6620| Valid Acc 50.1733
TestSub: S[26, 27, 28, 29, 30] Epoch 64 Finsh | Now_lr 0.0005/0.0005 | Lambda 0.0997 | Train Loss 0.0095 | Valid Loss 3.3780 | Train Acc 99.6857| Valid Acc 53.4959
Validation acc increase (52.319431 --> 53.495866) in epoch (64).  Saving model ...
TestSub: S[26, 27, 28, 29, 30] Epoch 65 Finsh | Now_lr 0.0005/0.0005 | Lambda 0.0997 | Train Loss 0.0091 | Valid Loss 3.7245 | Train Acc 99.7009| Valid Acc 52.3194
TestSub: S[26, 27, 28, 29, 30] Epoch 66 Finsh | Now_lr 0.0005/0.0005 | Lambda 0.0997 | Train Loss 0.0091 | Valid Loss 3.7071 | Train Acc 99.7039| Valid Acc 52.6781
TestSub: S[26, 27, 28, 29, 30] Epoch 67 Finsh | Now_lr 0.0005/0.0005 | Lambda 0.0998 | Train Loss 0.0091 | Valid Loss 3.7596 | Train Acc 99.7130| Valid Acc 50.5350
TestSub: S[26, 27, 28, 29, 30] Epoch 68 Finsh | Now_lr 0.0005/0.0005 | Lambda 0.0998 | Train Loss 0.0091 | Valid Loss 3.7293 | Train Acc 99.6863| Valid Acc 51.7206
TestSub: S[26, 27, 28, 29, 30] Epoch 69 Finsh | Now_lr 0.0005/0.0005 | Lambda 0.0998 | Train Loss 0.0086 | Valid Loss 3.6051 | Train Acc 99.7179| Valid Acc 51.5017
TestSub: S[26, 27, 28, 29, 30] Epoch 70 Finsh | Now_lr 0.0005/0.0005 | Lambda 0.0998 | Train Loss 0.0084 | Valid Loss 3.7139 | Train Acc 99.7349| Valid Acc 51.3558
TestSub: S[26, 27, 28, 29, 30] Epoch 71 Finsh | Now_lr 0.0005/0.0005 | Lambda 0.0998 | Train Loss 0.0080 | Valid Loss 4.0295 | Train Acc 99.7276| Valid Acc 51.6142
TestSub: S[26, 27, 28, 29, 30] Epoch 72 Finsh | Now_lr 0.0005/0.0005 | Lambda 0.0999 | Train Loss 0.0077 | Valid Loss 4.1043 | Train Acc 99.7477| Valid Acc 50.1094
TestSub: S[26, 27, 28, 29, 30] Epoch 73 Finsh | Now_lr 0.0005/0.0005 | Lambda 0.0999 | Train Loss 0.0084 | Valid Loss 3.7720 | Train Acc 99.7228| Valid Acc 50.1064
TestSub: S[26, 27, 28, 29, 30] Epoch 74 Finsh | Now_lr 0.0005/0.0005 | Lambda 0.0999 | Train Loss 0.0075 | Valid Loss 3.7392 | Train Acc 99.7635| Valid Acc 50.6080
TestSub: S[26, 27, 28, 29, 30] Epoch 75 Finsh | Now_lr 0.0005/0.0005 | Lambda 0.0999 | Train Loss 0.0078 | Valid Loss 3.8662 | Train Acc 99.7252| Valid Acc 50.2523
TestSub: S[26, 27, 28, 29, 30] Epoch 76 Finsh | Now_lr 0.0005/0.0005 | Lambda 0.0999 | Train Loss 0.0075 | Valid Loss 3.8888 | Train Acc 99.7568| Valid Acc 51.2312
TestSub: S[26, 27, 28, 29, 30] Epoch 77 Finsh | Now_lr 0.0005/0.0005 | Lambda 0.0999 | Train Loss 0.0072 | Valid Loss 4.0568 | Train Acc 99.7750| Valid Acc 51.2190
TestSub: S[26, 27, 28, 29, 30] Epoch 78 Finsh | Now_lr 0.0005/0.0005 | Lambda 0.0999 | Train Loss 0.0075 | Valid Loss 4.1334 | Train Acc 99.7568| Valid Acc 52.0367
TestSub: S[26, 27, 28, 29, 30] Epoch 79 Finsh | Now_lr 0.0005/0.0005 | Lambda 0.0999 | Train Loss 0.0076 | Valid Loss 3.6499 | Train Acc 99.7671| Valid Acc 50.8451
TestSub: S[26, 27, 28, 29, 30] Epoch 80 Finsh | Now_lr 0.0005/0.0005 | Lambda 0.0999 | Train Loss 0.0075 | Valid Loss 3.8765 | Train Acc 99.7568| Valid Acc 50.6809
TestSub: S[26, 27, 28, 29, 30] Epoch 81 Finsh | Now_lr 0.0005/0.0005 | Lambda 0.0999 | Train Loss 0.0070 | Valid Loss 3.6842 | Train Acc 99.7647| Valid Acc 50.6262
TestSub: S[26, 27, 28, 29, 30] Epoch 82 Finsh | Now_lr 0.0005/0.0005 | Lambda 0.0999 | Train Loss 0.0072 | Valid Loss 3.8297 | Train Acc 99.7769| Valid Acc 50.5229
TestSub: S[26, 27, 28, 29, 30] Epoch 83 Finsh | Now_lr 0.0005/0.0005 | Lambda 0.1000 | Train Loss 0.0074 | Valid Loss 3.8442 | Train Acc 99.7617| Valid Acc 50.2341
TestSub: S[26, 27, 28, 29, 30] Epoch 84 Finsh | Now_lr 0.0005/0.0005 | Lambda 0.1000 | Train Loss 0.0072 | Valid Loss 3.8221 | Train Acc 99.7720| Valid Acc 51.3436
TestSub: S[26, 27, 28, 29, 30] Epoch 85 Finsh | Now_lr 0.0005/0.0005 | Lambda 0.1000 | Train Loss 0.0064 | Valid Loss 4.0303 | Train Acc 99.7969| Valid Acc 51.4348
TestSub: S[26, 27, 28, 29, 30] Epoch 86 Finsh | Now_lr 0.0005/0.0005 | Lambda 0.1000 | Train Loss 0.0066 | Valid Loss 3.9587 | Train Acc 99.7975| Valid Acc 51.7510
TestSub: S[26, 27, 28, 29, 30] Epoch 87 Finsh | Now_lr 0.0005/0.0005 | Lambda 0.1000 | Train Loss 0.0066 | Valid Loss 3.8451 | Train Acc 99.7890| Valid Acc 51.9911
TestSub: S[26, 27, 28, 29, 30] Epoch 88 Finsh | Now_lr 0.0005/0.0005 | Lambda 0.1000 | Train Loss 0.0064 | Valid Loss 4.2722 | Train Acc 99.7848| Valid Acc 50.9272
TestSub: S[26, 27, 28, 29, 30] Epoch 89 Finsh | Now_lr 0.0005/0.0005 | Lambda 0.1000 | Train Loss 0.0062 | Valid Loss 4.1435 | Train Acc 99.7884| Valid Acc 50.5350
TestSub: S[26, 27, 28, 29, 30] Epoch 90 Finsh | Now_lr 0.0005/0.0005 | Lambda 0.1000 | Train Loss 0.0064 | Valid Loss 4.4144 | Train Acc 99.7866| Valid Acc 50.5533
TestSub: S[26, 27, 28, 29, 30] Epoch 91 Finsh | Now_lr 0.0005/0.0005 | Lambda 0.1000 | Train Loss 0.0064 | Valid Loss 4.0482 | Train Acc 99.7988| Valid Acc 51.2099
TestSub: S[26, 27, 28, 29, 30] Epoch 92 Finsh | Now_lr 0.0005/0.0005 | Lambda 0.1000 | Train Loss 0.0057 | Valid Loss 3.9433 | Train Acc 99.8109| Valid Acc 52.7815
TestSub: S[26, 27, 28, 29, 30] Epoch 93 Finsh | Now_lr 0.0005/0.0005 | Lambda 0.1000 | Train Loss 0.0064 | Valid Loss 3.7736 | Train Acc 99.7842| Valid Acc 50.6019
TestSub: S[26, 27, 28, 29, 30] Epoch 94 Finsh | Now_lr 0.0005/0.0005 | Lambda 0.1000 | Train Loss 0.0055 | Valid Loss 4.2543 | Train Acc 99.8170| Valid Acc 49.7720
Early stopping triggered after 94 epochs (30 epochs without improvement)
--------------------------------------------------
Test_Subject :S[26, 27, 28, 29, 30] |Best epoch:64 | Test Loss:3.3780 | Best Acc 53.4959 | Savemodel Acc 53.4959
--------------------------------------------------
lr:0.0005 -> bs:128
6-Fold Cross Subject Accuracies: [53.27699416342413, 50.52285992217899, 51.87256809338522, 51.215953307392994, 53.64785992217899, 53.49586575875487]
Mean Accuracy over 6 folds: 52.3387
============================================================================================================
end time: 25-10-09-12:27:55
Current device is cuda:0
start time: task1_AAD_MM-AAD_trainer3_2025-10-09-04-20-03
============================================================================================================
Arguments =
	_action_groups: [<argparse._ArgumentGroup object at 0x7f7ad77c5880>, <argparse._ArgumentGroup object at 0x7f7aae6079d0>]
	_actions: [_HelpAction(option_strings=['-h', '--help'], dest='help', nargs=0, const=None, default='==SUPPRESS==', type=None, choices=None, required=False, help='show this help message and exit', metavar=None)]
	_defaults: {}
	_has_negative_number_optionals: []
	_mutually_exclusive_groups: []
	_negative_number_matcher: re.compile('^-\\d+$|^-\\d*\\.\\d+$')
	_option_string_actions: {'-h': _HelpAction(option_strings=['-h', '--help'], dest='help', nargs=0, const=None, default='==SUPPRESS==', type=None, choices=None, required=False, help='show this help message and exit', metavar=None), '--help': _HelpAction(option_strings=['-h', '--help'], dest='help', nargs=0, const=None, default='==SUPPRESS==', type=None, choices=None, required=False, help='show this help message and exit', metavar=None)}
	_optionals: <argparse._ArgumentGroup object at 0x7f7aae6079d0>
	_positionals: <argparse._ArgumentGroup object at 0x7f7ad77c5880>
	_registries: {'action': {None: <class 'argparse._StoreAction'>, 'store': <class 'argparse._StoreAction'>, 'store_const': <class 'argparse._StoreConstAction'>, 'store_true': <class 'argparse._StoreTrueAction'>, 'store_false': <class 'argparse._StoreFalseAction'>, 'append': <class 'argparse._AppendAction'>, 'append_const': <class 'argparse._AppendConstAction'>, 'count': <class 'argparse._CountAction'>, 'help': <class 'argparse._HelpAction'>, 'version': <class 'argparse._VersionAction'>, 'parsers': <class 'argparse._SubParsersAction'>, 'extend': <class 'argparse._ExtendAction'>}, 'type': {None: <function ArgumentParser.__init__.<locals>.identity at 0x7f7aae6278b0>}}
	_subparsers: None
	add_help: True
	allow_abbrev: True
	alpha: 0.99
	argument_default: None
	batch_size: 64
	conflict_handler: error
	data_path: /home/suyash.kumar.mec22.itbhu/EEG-AAD_audio_visual/preprocessed/data/
	dataset: MM-AAD
	description: None
	eeg_channel: 32
	epilog: None
	exit_on_error: True
	fig_path: ./exps/cross-subject/DARNet/figures/
	formatter_class: <class 'argparse.HelpFormatter'>
	fromfile_prefix_chars: None
	fs: 128
	label_path: /home/suyash.kumar.mec22.itbhu/EEG-AAD_audio_visual/preprocessed/label/
	lam: 0.2
	lambda_domain: 0.08
	log_interval: 10
	lr: 0.003
	lr_decayrate: 0.6
	max_epoch: 100
	model: DARNet
	model_save_path: ./exps/cross-subject/DARNet/baseline_task1_AAD_MM-AAD_trainer3_2025-10-09-04-20-03
	optimizer: RMSprop
	overlap: 0.5
	patience: 10
	prefix_chars: -
	prog: trainer3.py
	seed: 42
	start_time: task1_AAD_MM-AAD_trainer3_2025-10-09-04-20-03
	subject_number: 40
	trail_number: 20
	usage: None
	use_domain_adversarial: True
	weight_decay: 0.0005
	win_len: 192
	win_time: 1.5
	window_lap: 96.0
============================================================================================================

========== Fold 1 ==========
Train IDs: [6, 7, 8, 9, 10, 11, 12, 13, 14, 15, 16, 17, 18, 19, 20, 21, 22, 23, 24, 25, 26, 27, 28, 29, 30]
Val IDs:   [1, 2, 3, 4, 5]
train_data_shape(164500, 32, 128),val_data_shape(32900, 32, 128)
=================================================================
Layer (type:depth-idx)                   Param #
=================================================================
DARNet                                   --
├─TokenEmbedding: 1-1                    --
│    └─Sequential: 2-1                   --
│    │    └─Conv2d: 3-1                  576
│    │    └─BatchNorm2d: 3-2             128
│    │    └─GELU: 3-3                    --
│    └─Sequential: 2-2                   --
│    │    └─Conv2d: 3-4                  32,784
│    │    └─BatchNorm2d: 3-5             32
│    │    └─GELU: 3-6                    --
│    └─PositionalEmbedding: 2-3          --
├─Flatten: 1-2                           --
├─Linear: 1-3                            18
├─AttnRefine: 1-4                        --
│    └─MyAttention: 2-4                  --
│    │    └─Attention: 3-7               800
│    └─Refine: 2-5                       --
│    │    └─Conv1d: 3-8                  784
│    │    └─BatchNorm1d: 3-9             32
│    │    └─ELU: 3-10                    --
│    │    └─MaxPool1d: 3-11              --
│    └─AdaptiveAvgPool1d: 2-6            --
│    └─Linear: 2-7                       68
│    └─Flatten: 2-8                      --
├─AttnRefine: 1-5                        --
│    └─MyAttention: 2-9                  --
│    │    └─Attention: 3-12              800
│    └─Refine: 2-10                      --
│    │    └─Conv1d: 3-13                 784
│    │    └─BatchNorm1d: 3-14            32
│    │    └─ELU: 3-15                    --
│    │    └─MaxPool1d: 3-16              --
│    └─AdaptiveAvgPool1d: 2-11           --
│    └─Linear: 2-12                      68
│    └─Flatten: 2-13                     --
├─GradientReversalLayer: 1-6             --
├─SubjectDiscriminator: 1-7              --
│    └─Sequential: 2-14                  --
│    │    └─Linear: 3-17                 2,304
│    │    └─ReLU: 3-18                   --
│    │    └─Dropout: 3-19                --
│    │    └─Linear: 3-20                 32,896
│    │    └─ReLU: 3-21                   --
│    │    └─Dropout: 3-22                --
│    │    └─Linear: 3-23                 3,870
=================================================================
Total params: 75,976
Trainable params: 75,976
Non-trainable params: 0
=================================================================
TestSub: S[1, 2, 3, 4, 5] Epoch  1 Finsh | Now_lr 0.0030/0.0030 | Lambda 0.0040 | Train Loss 0.5470 | Valid Loss 1.1049 | Train Acc 70.0839| Valid Acc 48.8540
Validation acc increase (0.000000 --> 48.853964) in epoch (1).  Saving model ...
TestSub: S[1, 2, 3, 4, 5] Epoch  2 Finsh | Now_lr 0.0030/0.0030 | Lambda 0.0080 | Train Loss 0.3875 | Valid Loss 1.6149 | Train Acc 81.9960| Valid Acc 49.9757
Validation acc increase (48.853964 --> 49.975681) in epoch (2).  Saving model ...
TestSub: S[1, 2, 3, 4, 5] Epoch  3 Finsh | Now_lr 0.0030/0.0030 | Lambda 0.0119 | Train Loss 0.3162 | Valid Loss 1.5994 | Train Acc 86.1077| Valid Acc 53.3165
Validation acc increase (49.975681 --> 53.316513) in epoch (3).  Saving model ...
TestSub: S[1, 2, 3, 4, 5] Epoch  4 Finsh | Now_lr 0.0030/0.0030 | Lambda 0.0158 | Train Loss 0.2714 | Valid Loss 1.7982 | Train Acc 88.3475| Valid Acc 52.3833
TestSub: S[1, 2, 3, 4, 5] Epoch  5 Finsh | Now_lr 0.0030/0.0030 | Lambda 0.0196 | Train Loss 0.2475 | Valid Loss 1.8380 | Train Acc 89.6395| Valid Acc 52.7754
TestSub: S[1, 2, 3, 4, 5] Epoch  6 Finsh | Now_lr 0.0030/0.0030 | Lambda 0.0233 | Train Loss 0.2269 | Valid Loss 1.9754 | Train Acc 90.6414| Valid Acc 52.4714
TestSub: S[1, 2, 3, 4, 5] Epoch  7 Finsh | Now_lr 0.0030/0.0030 | Lambda 0.0269 | Train Loss 0.2171 | Valid Loss 1.8763 | Train Acc 91.1169| Valid Acc 52.7511
TestSub: S[1, 2, 3, 4, 5] Epoch  8 Finsh | Now_lr 0.0030/0.0030 | Lambda 0.0304 | Train Loss 0.2017 | Valid Loss 2.0149 | Train Acc 91.8951| Valid Acc 52.2252
TestSub: S[1, 2, 3, 4, 5] Epoch  9 Finsh | Now_lr 0.0030/0.0030 | Lambda 0.0338 | Train Loss 0.1939 | Valid Loss 1.9463 | Train Acc 92.1960| Valid Acc 53.4563
Validation acc increase (53.316513 --> 53.456347) in epoch (9).  Saving model ...
TestSub: S[1, 2, 3, 4, 5] Epoch 10 Finsh | Now_lr 0.0030/0.0030 | Lambda 0.0370 | Train Loss 0.1853 | Valid Loss 1.9137 | Train Acc 92.7110| Valid Acc 52.6508
TestSub: S[1, 2, 3, 4, 5] Epoch 11 Finsh | Now_lr 0.0030/0.0030 | Lambda 0.0400 | Train Loss 0.1756 | Valid Loss 1.8912 | Train Acc 93.0952| Valid Acc 53.1615
TestSub: S[1, 2, 3, 4, 5] Epoch 12 Finsh | Now_lr 0.0030/0.0030 | Lambda 0.0430 | Train Loss 0.1687 | Valid Loss 1.9351 | Train Acc 93.4320| Valid Acc 54.5750
Validation acc increase (53.456347 --> 54.575024) in epoch (12).  Saving model ...
TestSub: S[1, 2, 3, 4, 5] Epoch 13 Finsh | Now_lr 0.0030/0.0030 | Lambda 0.0457 | Train Loss 0.1577 | Valid Loss 1.8213 | Train Acc 93.9123| Valid Acc 52.9517
TestSub: S[1, 2, 3, 4, 5] Epoch 14 Finsh | Now_lr 0.0030/0.0030 | Lambda 0.0483 | Train Loss 0.1525 | Valid Loss 2.1395 | Train Acc 94.1561| Valid Acc 54.0491
TestSub: S[1, 2, 3, 4, 5] Epoch 15 Finsh | Now_lr 0.0030/0.0030 | Lambda 0.0508 | Train Loss 0.1476 | Valid Loss 2.0119 | Train Acc 94.3385| Valid Acc 53.5384
TestSub: S[1, 2, 3, 4, 5] Epoch 16 Finsh | Now_lr 0.0030/0.0030 | Lambda 0.0531 | Train Loss 0.1422 | Valid Loss 2.0094 | Train Acc 94.5787| Valid Acc 52.2921
TestSub: S[1, 2, 3, 4, 5] Epoch 17 Finsh | Now_lr 0.0030/0.0030 | Lambda 0.0553 | Train Loss 0.1388 | Valid Loss 2.0269 | Train Acc 94.7434| Valid Acc 53.7847
TestSub: S[1, 2, 3, 4, 5] Epoch 18 Finsh | Now_lr 0.0030/0.0030 | Lambda 0.0573 | Train Loss 0.1345 | Valid Loss 2.0464 | Train Acc 94.9112| Valid Acc 53.4047
TestSub: S[1, 2, 3, 4, 5] Epoch 19 Finsh | Now_lr 0.0030/0.0030 | Lambda 0.0592 | Train Loss 0.1331 | Valid Loss 2.0140 | Train Acc 94.9739| Valid Acc 55.0401
Validation acc increase (54.575024 --> 55.040126) in epoch (19).  Saving model ...
TestSub: S[1, 2, 3, 4, 5] Epoch 20 Finsh | Now_lr 0.0030/0.0030 | Lambda 0.0609 | Train Loss 0.1309 | Valid Loss 1.9279 | Train Acc 95.1082| Valid Acc 53.9792
TestSub: S[1, 2, 3, 4, 5] Epoch 21 Finsh | Now_lr 0.0030/0.0030 | Lambda 0.0625 | Train Loss 0.1563 | Valid Loss 1.7863 | Train Acc 93.9069| Valid Acc 56.0676
Validation acc increase (55.040126 --> 56.067607) in epoch (21).  Saving model ...
TestSub: S[1, 2, 3, 4, 5] Epoch 22 Finsh | Now_lr 0.0030/0.0030 | Lambda 0.0640 | Train Loss 0.1405 | Valid Loss 1.6930 | Train Acc 94.6717| Valid Acc 56.4902
Validation acc increase (56.067607 --> 56.490151) in epoch (22).  Saving model ...
TestSub: S[1, 2, 3, 4, 5] Epoch 23 Finsh | Now_lr 0.0030/0.0030 | Lambda 0.0654 | Train Loss 0.1308 | Valid Loss 1.8109 | Train Acc 95.0541| Valid Acc 54.5416
TestSub: S[1, 2, 3, 4, 5] Epoch 24 Finsh | Now_lr 0.0030/0.0030 | Lambda 0.0667 | Train Loss 0.1259 | Valid Loss 1.8091 | Train Acc 95.2766| Valid Acc 52.7602
TestSub: S[1, 2, 3, 4, 5] Epoch 25 Finsh | Now_lr 0.0030/0.0030 | Lambda 0.0679 | Train Loss 0.1225 | Valid Loss 1.6968 | Train Acc 95.4110| Valid Acc 55.2712
TestSub: S[1, 2, 3, 4, 5] Epoch 26 Finsh | Now_lr 0.0030/0.0030 | Lambda 0.0689 | Train Loss 0.1197 | Valid Loss 1.6780 | Train Acc 95.5472| Valid Acc 56.2652
TestSub: S[1, 2, 3, 4, 5] Epoch 27 Finsh | Now_lr 0.0030/0.0030 | Lambda 0.0699 | Train Loss 0.1173 | Valid Loss 1.7513 | Train Acc 95.6420| Valid Acc 56.6573
Validation acc increase (56.490151 --> 56.657344) in epoch (27).  Saving model ...
TestSub: S[1, 2, 3, 4, 5] Epoch 28 Finsh | Now_lr 0.0030/0.0030 | Lambda 0.0708 | Train Loss 0.1185 | Valid Loss 1.8328 | Train Acc 95.6134| Valid Acc 56.2865
TestSub: S[1, 2, 3, 4, 5] Epoch 29 Finsh | Now_lr 0.0030/0.0030 | Lambda 0.0717 | Train Loss 0.1136 | Valid Loss 1.8854 | Train Acc 95.7715| Valid Acc 54.9884
TestSub: S[1, 2, 3, 4, 5] Epoch 30 Finsh | Now_lr 0.0030/0.0030 | Lambda 0.0724 | Train Loss 0.1137 | Valid Loss 1.8762 | Train Acc 95.8098| Valid Acc 54.6267
TestSub: S[1, 2, 3, 4, 5] Epoch 31 Finsh | Now_lr 0.0030/0.0030 | Lambda 0.0731 | Train Loss 0.1134 | Valid Loss 1.8823 | Train Acc 95.7806| Valid Acc 56.5054
TestSub: S[1, 2, 3, 4, 5] Epoch 32 Finsh | Now_lr 0.0030/0.0030 | Lambda 0.0737 | Train Loss 0.1093 | Valid Loss 1.8433 | Train Acc 95.9332| Valid Acc 55.6177
TestSub: S[1, 2, 3, 4, 5] Epoch 33 Finsh | Now_lr 0.0030/0.0030 | Lambda 0.0743 | Train Loss 0.1114 | Valid Loss 1.7353 | Train Acc 95.8633| Valid Acc 58.1742
Validation acc increase (56.657344 --> 58.174246) in epoch (33).  Saving model ...
TestSub: S[1, 2, 3, 4, 5] Epoch 34 Finsh | Now_lr 0.0030/0.0030 | Lambda 0.0748 | Train Loss 0.1107 | Valid Loss 1.6757 | Train Acc 95.9028| Valid Acc 57.5754
TestSub: S[1, 2, 3, 4, 5] Epoch 35 Finsh | Now_lr 0.0030/0.0030 | Lambda 0.0753 | Train Loss 0.1080 | Valid Loss 1.8539 | Train Acc 95.9959| Valid Acc 56.4324
TestSub: S[1, 2, 3, 4, 5] Epoch 36 Finsh | Now_lr 0.0030/0.0030 | Lambda 0.0757 | Train Loss 0.1070 | Valid Loss 1.9255 | Train Acc 96.0767| Valid Acc 52.6265
TestSub: S[1, 2, 3, 4, 5] Epoch 37 Finsh | Now_lr 0.0030/0.0030 | Lambda 0.0761 | Train Loss 0.1062 | Valid Loss 1.7704 | Train Acc 96.0871| Valid Acc 55.1891
TestSub: S[1, 2, 3, 4, 5] Epoch 38 Finsh | Now_lr 0.0030/0.0030 | Lambda 0.0765 | Train Loss 0.1054 | Valid Loss 1.9207 | Train Acc 96.1199| Valid Acc 56.3078
TestSub: S[1, 2, 3, 4, 5] Epoch 39 Finsh | Now_lr 0.0030/0.0030 | Lambda 0.0768 | Train Loss 0.1049 | Valid Loss 1.8845 | Train Acc 96.0962| Valid Acc 55.9187
TestSub: S[1, 2, 3, 4, 5] Epoch 40 Finsh | Now_lr 0.0030/0.0030 | Lambda 0.0771 | Train Loss 0.1046 | Valid Loss 1.8918 | Train Acc 96.1661| Valid Acc 54.5081
TestSub: S[1, 2, 3, 4, 5] Epoch 41 Finsh | Now_lr 0.0030/0.0030 | Lambda 0.0774 | Train Loss 0.1063 | Valid Loss 1.9208 | Train Acc 96.0767| Valid Acc 55.7059
TestSub: S[1, 2, 3, 4, 5] Epoch 42 Finsh | Now_lr 0.0030/0.0030 | Lambda 0.0776 | Train Loss 0.1025 | Valid Loss 2.1284 | Train Acc 96.1758| Valid Acc 54.3896
TestSub: S[1, 2, 3, 4, 5] Epoch 43 Finsh | Now_lr 0.0030/0.0030 | Lambda 0.0779 | Train Loss 0.1011 | Valid Loss 2.0181 | Train Acc 96.2658| Valid Acc 56.7394
TestSub: S[1, 2, 3, 4, 5] Epoch 44 Finsh | Now_lr 0.0030/0.0030 | Lambda 0.0781 | Train Loss 0.1005 | Valid Loss 1.9443 | Train Acc 96.2944| Valid Acc 55.6420
TestSub: S[1, 2, 3, 4, 5] Epoch 45 Finsh | Now_lr 0.0030/0.0030 | Lambda 0.0782 | Train Loss 0.0999 | Valid Loss 2.0256 | Train Acc 96.2609| Valid Acc 57.8490
TestSub: S[1, 2, 3, 4, 5] Epoch 46 Finsh | Now_lr 0.0030/0.0030 | Lambda 0.0784 | Train Loss 0.1012 | Valid Loss 1.8987 | Train Acc 96.2774| Valid Acc 57.4204
TestSub: S[1, 2, 3, 4, 5] Epoch 47 Finsh | Now_lr 0.0030/0.0030 | Lambda 0.0786 | Train Loss 0.0997 | Valid Loss 2.0068 | Train Acc 96.3461| Valid Acc 56.5661
TestSub: S[1, 2, 3, 4, 5] Epoch 48 Finsh | Now_lr 0.0030/0.0030 | Lambda 0.0787 | Train Loss 0.0979 | Valid Loss 1.9095 | Train Acc 96.4269| Valid Acc 57.1984
TestSub: S[1, 2, 3, 4, 5] Epoch 49 Finsh | Now_lr 0.0030/0.0030 | Lambda 0.0788 | Train Loss 0.0982 | Valid Loss 2.0536 | Train Acc 96.3838| Valid Acc 55.1070
TestSub: S[1, 2, 3, 4, 5] Epoch 50 Finsh | Now_lr 0.0030/0.0030 | Lambda 0.0789 | Train Loss 0.0977 | Valid Loss 2.0487 | Train Acc 96.4044| Valid Acc 56.8367
TestSub: S[1, 2, 3, 4, 5] Epoch 51 Finsh | Now_lr 0.0030/0.0030 | Lambda 0.0790 | Train Loss 0.0969 | Valid Loss 1.9226 | Train Acc 96.4531| Valid Acc 57.3626
TestSub: S[1, 2, 3, 4, 5] Epoch 52 Finsh | Now_lr 0.0030/0.0030 | Lambda 0.0791 | Train Loss 0.0959 | Valid Loss 1.9613 | Train Acc 96.5066| Valid Acc 55.3928
TestSub: S[1, 2, 3, 4, 5] Epoch 53 Finsh | Now_lr 0.0030/0.0030 | Lambda 0.0792 | Train Loss 0.0978 | Valid Loss 2.0359 | Train Acc 96.4245| Valid Acc 54.6297
TestSub: S[1, 2, 3, 4, 5] Epoch 54 Finsh | Now_lr 0.0030/0.0030 | Lambda 0.0793 | Train Loss 0.0940 | Valid Loss 2.1379 | Train Acc 96.5698| Valid Acc 54.7270
TestSub: S[1, 2, 3, 4, 5] Epoch 55 Finsh | Now_lr 0.0030/0.0030 | Lambda 0.0793 | Train Loss 0.0958 | Valid Loss 1.9627 | Train Acc 96.5169| Valid Acc 55.4444
TestSub: S[1, 2, 3, 4, 5] Epoch 56 Finsh | Now_lr 0.0030/0.0030 | Lambda 0.0794 | Train Loss 0.0953 | Valid Loss 2.2105 | Train Acc 96.4506| Valid Acc 54.5264
TestSub: S[1, 2, 3, 4, 5] Epoch 57 Finsh | Now_lr 0.0030/0.0030 | Lambda 0.0795 | Train Loss 0.0950 | Valid Loss 1.8948 | Train Acc 96.4810| Valid Acc 55.7819
TestSub: S[1, 2, 3, 4, 5] Epoch 58 Finsh | Now_lr 0.0030/0.0030 | Lambda 0.0795 | Train Loss 0.0932 | Valid Loss 2.0817 | Train Acc 96.5649| Valid Acc 55.5843
TestSub: S[1, 2, 3, 4, 5] Epoch 59 Finsh | Now_lr 0.0030/0.0030 | Lambda 0.0796 | Train Loss 0.0930 | Valid Loss 2.1085 | Train Acc 96.6093| Valid Acc 55.6572
TestSub: S[1, 2, 3, 4, 5] Epoch 60 Finsh | Now_lr 0.0030/0.0030 | Lambda 0.0796 | Train Loss 0.0922 | Valid Loss 1.9256 | Train Acc 96.6196| Valid Acc 55.8974
TestSub: S[1, 2, 3, 4, 5] Epoch 61 Finsh | Now_lr 0.0030/0.0030 | Lambda 0.0796 | Train Loss 0.0918 | Valid Loss 2.0271 | Train Acc 96.6318| Valid Acc 56.7425
TestSub: S[1, 2, 3, 4, 5] Epoch 62 Finsh | Now_lr 0.0030/0.0030 | Lambda 0.0797 | Train Loss 0.0937 | Valid Loss 1.9003 | Train Acc 96.6045| Valid Acc 55.7332
TestSub: S[1, 2, 3, 4, 5] Epoch 63 Finsh | Now_lr 0.0030/0.0030 | Lambda 0.0797 | Train Loss 0.0910 | Valid Loss 1.9840 | Train Acc 96.6707| Valid Acc 59.3659
Validation acc increase (58.174246 --> 59.365880) in epoch (63).  Saving model ...
TestSub: S[1, 2, 3, 4, 5] Epoch 64 Finsh | Now_lr 0.0030/0.0030 | Lambda 0.0797 | Train Loss 0.0919 | Valid Loss 1.9778 | Train Acc 96.6452| Valid Acc 57.5085
TestSub: S[1, 2, 3, 4, 5] Epoch 65 Finsh | Now_lr 0.0030/0.0030 | Lambda 0.0798 | Train Loss 0.0909 | Valid Loss 1.8571 | Train Acc 96.6610| Valid Acc 57.0586
TestSub: S[1, 2, 3, 4, 5] Epoch 66 Finsh | Now_lr 0.0030/0.0030 | Lambda 0.0798 | Train Loss 0.0907 | Valid Loss 1.9630 | Train Acc 96.6403| Valid Acc 57.1224
TestSub: S[1, 2, 3, 4, 5] Epoch 67 Finsh | Now_lr 0.0030/0.0030 | Lambda 0.0798 | Train Loss 0.0893 | Valid Loss 2.0552 | Train Acc 96.7200| Valid Acc 55.9369
TestSub: S[1, 2, 3, 4, 5] Epoch 68 Finsh | Now_lr 0.0030/0.0030 | Lambda 0.0798 | Train Loss 0.0889 | Valid Loss 1.9856 | Train Acc 96.7723| Valid Acc 55.5204
TestSub: S[1, 2, 3, 4, 5] Epoch 69 Finsh | Now_lr 0.0030/0.0030 | Lambda 0.0798 | Train Loss 0.0896 | Valid Loss 1.8972 | Train Acc 96.7157| Valid Acc 55.1708
TestSub: S[1, 2, 3, 4, 5] Epoch 70 Finsh | Now_lr 0.0030/0.0030 | Lambda 0.0799 | Train Loss 0.0909 | Valid Loss 2.0118 | Train Acc 96.6610| Valid Acc 56.3655
TestSub: S[1, 2, 3, 4, 5] Epoch 71 Finsh | Now_lr 0.0030/0.0030 | Lambda 0.0799 | Train Loss 0.0893 | Valid Loss 2.0775 | Train Acc 96.7254| Valid Acc 55.1404
TestSub: S[1, 2, 3, 4, 5] Epoch 72 Finsh | Now_lr 0.0030/0.0030 | Lambda 0.0799 | Train Loss 0.0880 | Valid Loss 1.9284 | Train Acc 96.7765| Valid Acc 55.2499
TestSub: S[1, 2, 3, 4, 5] Epoch 73 Finsh | Now_lr 0.0030/0.0030 | Lambda 0.0799 | Train Loss 0.0892 | Valid Loss 2.1950 | Train Acc 96.7285| Valid Acc 54.9884
TestSub: S[1, 2, 3, 4, 5] Epoch 74 Finsh | Now_lr 0.0030/0.0030 | Lambda 0.0799 | Train Loss 0.0873 | Valid Loss 2.0380 | Train Acc 96.7996| Valid Acc 55.5295
TestSub: S[1, 2, 3, 4, 5] Epoch 75 Finsh | Now_lr 0.0030/0.0030 | Lambda 0.0799 | Train Loss 0.0855 | Valid Loss 2.0647 | Train Acc 96.8665| Valid Acc 58.7518
TestSub: S[1, 2, 3, 4, 5] Epoch 76 Finsh | Now_lr 0.0030/0.0030 | Lambda 0.0799 | Train Loss 0.0861 | Valid Loss 1.9371 | Train Acc 96.8714| Valid Acc 57.0373
TestSub: S[1, 2, 3, 4, 5] Epoch 77 Finsh | Now_lr 0.0030/0.0030 | Lambda 0.0799 | Train Loss 0.0887 | Valid Loss 2.0046 | Train Acc 96.7419| Valid Acc 57.2015
TestSub: S[1, 2, 3, 4, 5] Epoch 78 Finsh | Now_lr 0.0030/0.0030 | Lambda 0.0799 | Train Loss 0.0855 | Valid Loss 2.0629 | Train Acc 96.9151| Valid Acc 58.9403
TestSub: S[1, 2, 3, 4, 5] Epoch 79 Finsh | Now_lr 0.0030/0.0030 | Lambda 0.0799 | Train Loss 0.0867 | Valid Loss 2.0556 | Train Acc 96.8464| Valid Acc 56.9097
TestSub: S[1, 2, 3, 4, 5] Epoch 80 Finsh | Now_lr 0.0030/0.0030 | Lambda 0.0799 | Train Loss 0.0893 | Valid Loss 2.0746 | Train Acc 96.7455| Valid Acc 56.4111
TestSub: S[1, 2, 3, 4, 5] Epoch 81 Finsh | Now_lr 0.0030/0.0030 | Lambda 0.0800 | Train Loss 0.0869 | Valid Loss 2.0528 | Train Acc 96.8811| Valid Acc 56.9948
TestSub: S[1, 2, 3, 4, 5] Epoch 82 Finsh | Now_lr 0.0030/0.0030 | Lambda 0.0800 | Train Loss 0.0855 | Valid Loss 2.0193 | Train Acc 96.9261| Valid Acc 58.7792
TestSub: S[1, 2, 3, 4, 5] Epoch 83 Finsh | Now_lr 0.0030/0.0030 | Lambda 0.0800 | Train Loss 0.0857 | Valid Loss 2.1506 | Train Acc 96.9084| Valid Acc 58.1043
TestSub: S[1, 2, 3, 4, 5] Epoch 84 Finsh | Now_lr 0.0030/0.0030 | Lambda 0.0800 | Train Loss 0.0858 | Valid Loss 1.8744 | Train Acc 96.8519| Valid Acc 57.9523
TestSub: S[1, 2, 3, 4, 5] Epoch 85 Finsh | Now_lr 0.0030/0.0030 | Lambda 0.0800 | Train Loss 0.0848 | Valid Loss 2.0784 | Train Acc 96.8957| Valid Acc 55.0857
TestSub: S[1, 2, 3, 4, 5] Epoch 86 Finsh | Now_lr 0.0030/0.0030 | Lambda 0.0800 | Train Loss 0.0842 | Valid Loss 2.2697 | Train Acc 96.9607| Valid Acc 55.3684
TestSub: S[1, 2, 3, 4, 5] Epoch 87 Finsh | Now_lr 0.0030/0.0030 | Lambda 0.0800 | Train Loss 0.0849 | Valid Loss 2.2165 | Train Acc 96.9419| Valid Acc 55.5569
TestSub: S[1, 2, 3, 4, 5] Epoch 88 Finsh | Now_lr 0.0030/0.0030 | Lambda 0.0800 | Train Loss 0.0850 | Valid Loss 2.3385 | Train Acc 96.8744| Valid Acc 55.7849
TestSub: S[1, 2, 3, 4, 5] Epoch 89 Finsh | Now_lr 0.0030/0.0030 | Lambda 0.0800 | Train Loss 0.0855 | Valid Loss 2.2764 | Train Acc 96.8896| Valid Acc 57.7213
TestSub: S[1, 2, 3, 4, 5] Epoch 90 Finsh | Now_lr 0.0030/0.0030 | Lambda 0.0800 | Train Loss 0.0844 | Valid Loss 2.1968 | Train Acc 96.9176| Valid Acc 54.2406
TestSub: S[1, 2, 3, 4, 5] Epoch 91 Finsh | Now_lr 0.0030/0.0030 | Lambda 0.0800 | Train Loss 0.0841 | Valid Loss 2.3141 | Train Acc 96.9413| Valid Acc 54.6389
TestSub: S[1, 2, 3, 4, 5] Epoch 92 Finsh | Now_lr 0.0030/0.0030 | Lambda 0.0800 | Train Loss 0.0841 | Valid Loss 2.0718 | Train Acc 96.9972| Valid Acc 56.2348
TestSub: S[1, 2, 3, 4, 5] Epoch 93 Finsh | Now_lr 0.0030/0.0030 | Lambda 0.0800 | Train Loss 0.0848 | Valid Loss 2.0967 | Train Acc 96.9042| Valid Acc 54.6206
Early stopping triggered after 93 epochs (30 epochs without improvement)
--------------------------------------------------
Test_Subject :S[1, 2, 3, 4, 5] |Best epoch:63 | Test Loss:1.9840 | Best Acc 59.3659 | Savemodel Acc 59.3659
--------------------------------------------------

========== Fold 2 ==========
Train IDs: [1, 2, 3, 4, 5, 11, 12, 13, 14, 15, 16, 17, 18, 19, 20, 21, 22, 23, 24, 25, 26, 27, 28, 29, 30]
Val IDs:   [6, 7, 8, 9, 10]
train_data_shape(164500, 32, 128),val_data_shape(32900, 32, 128)
=================================================================
Layer (type:depth-idx)                   Param #
=================================================================
DARNet                                   --
├─TokenEmbedding: 1-1                    --
│    └─Sequential: 2-1                   --
│    │    └─Conv2d: 3-1                  576
│    │    └─BatchNorm2d: 3-2             128
│    │    └─GELU: 3-3                    --
│    └─Sequential: 2-2                   --
│    │    └─Conv2d: 3-4                  32,784
│    │    └─BatchNorm2d: 3-5             32
│    │    └─GELU: 3-6                    --
│    └─PositionalEmbedding: 2-3          --
├─Flatten: 1-2                           --
├─Linear: 1-3                            18
├─AttnRefine: 1-4                        --
│    └─MyAttention: 2-4                  --
│    │    └─Attention: 3-7               800
│    └─Refine: 2-5                       --
│    │    └─Conv1d: 3-8                  784
│    │    └─BatchNorm1d: 3-9             32
│    │    └─ELU: 3-10                    --
│    │    └─MaxPool1d: 3-11              --
│    └─AdaptiveAvgPool1d: 2-6            --
│    └─Linear: 2-7                       68
│    └─Flatten: 2-8                      --
├─AttnRefine: 1-5                        --
│    └─MyAttention: 2-9                  --
│    │    └─Attention: 3-12              800
│    └─Refine: 2-10                      --
│    │    └─Conv1d: 3-13                 784
│    │    └─BatchNorm1d: 3-14            32
│    │    └─ELU: 3-15                    --
│    │    └─MaxPool1d: 3-16              --
│    └─AdaptiveAvgPool1d: 2-11           --
│    └─Linear: 2-12                      68
│    └─Flatten: 2-13                     --
├─GradientReversalLayer: 1-6             --
├─SubjectDiscriminator: 1-7              --
│    └─Sequential: 2-14                  --
│    │    └─Linear: 3-17                 2,304
│    │    └─ReLU: 3-18                   --
│    │    └─Dropout: 3-19                --
│    │    └─Linear: 3-20                 32,896
│    │    └─ReLU: 3-21                   --
│    │    └─Dropout: 3-22                --
│    │    └─Linear: 3-23                 3,870
=================================================================
Total params: 75,976
Trainable params: 75,976
Non-trainable params: 0
=================================================================
TestSub: S[6, 7, 8, 9, 10] Epoch  1 Finsh | Now_lr 0.0030/0.0030 | Lambda 0.0040 | Train Loss 0.5626 | Valid Loss 1.0758 | Train Acc 67.7018| Valid Acc 51.8999
Validation acc increase (0.000000 --> 51.899927) in epoch (1).  Saving model ...
TestSub: S[6, 7, 8, 9, 10] Epoch  2 Finsh | Now_lr 0.0030/0.0030 | Lambda 0.0080 | Train Loss 0.4098 | Valid Loss 1.4866 | Train Acc 79.9112| Valid Acc 52.7511
Validation acc increase (51.899927 --> 52.751094) in epoch (2).  Saving model ...
TestSub: S[6, 7, 8, 9, 10] Epoch  3 Finsh | Now_lr 0.0030/0.0030 | Lambda 0.0119 | Train Loss 0.3109 | Valid Loss 1.8372 | Train Acc 86.5181| Valid Acc 49.4467
TestSub: S[6, 7, 8, 9, 10] Epoch  4 Finsh | Now_lr 0.0030/0.0030 | Lambda 0.0158 | Train Loss 0.2563 | Valid Loss 2.0541 | Train Acc 89.3482| Valid Acc 49.6991
TestSub: S[6, 7, 8, 9, 10] Epoch  5 Finsh | Now_lr 0.0030/0.0030 | Lambda 0.0196 | Train Loss 0.2267 | Valid Loss 2.1282 | Train Acc 90.6761| Valid Acc 48.1457
TestSub: S[6, 7, 8, 9, 10] Epoch  6 Finsh | Now_lr 0.0030/0.0030 | Lambda 0.0233 | Train Loss 0.2142 | Valid Loss 2.0869 | Train Acc 91.3643| Valid Acc 49.9514
TestSub: S[6, 7, 8, 9, 10] Epoch  7 Finsh | Now_lr 0.0030/0.0030 | Lambda 0.0269 | Train Loss 0.1994 | Valid Loss 2.2255 | Train Acc 92.0264| Valid Acc 49.2887
TestSub: S[6, 7, 8, 9, 10] Epoch  8 Finsh | Now_lr 0.0030/0.0030 | Lambda 0.0304 | Train Loss 0.1879 | Valid Loss 2.4132 | Train Acc 92.4538| Valid Acc 49.6869
TestSub: S[6, 7, 8, 9, 10] Epoch  9 Finsh | Now_lr 0.0030/0.0030 | Lambda 0.0338 | Train Loss 0.1811 | Valid Loss 1.8688 | Train Acc 92.8557| Valid Acc 49.0607
TestSub: S[6, 7, 8, 9, 10] Epoch 10 Finsh | Now_lr 0.0030/0.0030 | Lambda 0.0370 | Train Loss 0.1740 | Valid Loss 2.3417 | Train Acc 93.1475| Valid Acc 48.2581
TestSub: S[6, 7, 8, 9, 10] Epoch 11 Finsh | Now_lr 0.0030/0.0030 | Lambda 0.0400 | Train Loss 0.1677 | Valid Loss 2.3843 | Train Acc 93.4345| Valid Acc 50.0274
TestSub: S[6, 7, 8, 9, 10] Epoch 12 Finsh | Now_lr 0.0030/0.0030 | Lambda 0.0430 | Train Loss 0.1599 | Valid Loss 2.3719 | Train Acc 93.7342| Valid Acc 47.1972
TestSub: S[6, 7, 8, 9, 10] Epoch 13 Finsh | Now_lr 0.0030/0.0030 | Lambda 0.0457 | Train Loss 0.1550 | Valid Loss 2.7563 | Train Acc 93.9354| Valid Acc 48.1973
TestSub: S[6, 7, 8, 9, 10] Epoch 14 Finsh | Now_lr 0.0030/0.0030 | Lambda 0.0483 | Train Loss 0.1492 | Valid Loss 2.3419 | Train Acc 94.2181| Valid Acc 50.4286
TestSub: S[6, 7, 8, 9, 10] Epoch 15 Finsh | Now_lr 0.0030/0.0030 | Lambda 0.0508 | Train Loss 0.1472 | Valid Loss 2.3847 | Train Acc 94.3045| Valid Acc 49.2643
TestSub: S[6, 7, 8, 9, 10] Epoch 16 Finsh | Now_lr 0.0030/0.0030 | Lambda 0.0531 | Train Loss 0.1461 | Valid Loss 2.2076 | Train Acc 94.3470| Valid Acc 50.0426
TestSub: S[6, 7, 8, 9, 10] Epoch 17 Finsh | Now_lr 0.0030/0.0030 | Lambda 0.0553 | Train Loss 0.1396 | Valid Loss 2.3004 | Train Acc 94.6486| Valid Acc 47.8934
TestSub: S[6, 7, 8, 9, 10] Epoch 18 Finsh | Now_lr 0.0030/0.0030 | Lambda 0.0573 | Train Loss 0.1399 | Valid Loss 2.3827 | Train Acc 94.6091| Valid Acc 47.2428
TestSub: S[6, 7, 8, 9, 10] Epoch 19 Finsh | Now_lr 0.0030/0.0030 | Lambda 0.0592 | Train Loss 0.1360 | Valid Loss 2.4158 | Train Acc 94.7459| Valid Acc 47.7657
TestSub: S[6, 7, 8, 9, 10] Epoch 20 Finsh | Now_lr 0.0030/0.0030 | Lambda 0.0609 | Train Loss 0.1339 | Valid Loss 2.7410 | Train Acc 94.8577| Valid Acc 50.8238
TestSub: S[6, 7, 8, 9, 10] Epoch 21 Finsh | Now_lr 0.0030/0.0030 | Lambda 0.0625 | Train Loss 0.1348 | Valid Loss 2.5969 | Train Acc 94.8176| Valid Acc 49.2370
TestSub: S[6, 7, 8, 9, 10] Epoch 22 Finsh | Now_lr 0.0030/0.0030 | Lambda 0.0640 | Train Loss 0.1304 | Valid Loss 2.7078 | Train Acc 94.9945| Valid Acc 50.6870
TestSub: S[6, 7, 8, 9, 10] Epoch 23 Finsh | Now_lr 0.0030/0.0030 | Lambda 0.0654 | Train Loss 0.1296 | Valid Loss 2.6704 | Train Acc 95.0626| Valid Acc 49.1701
TestSub: S[6, 7, 8, 9, 10] Epoch 24 Finsh | Now_lr 0.0030/0.0030 | Lambda 0.0667 | Train Loss 0.1298 | Valid Loss 2.5461 | Train Acc 95.0134| Valid Acc 49.2157
TestSub: S[6, 7, 8, 9, 10] Epoch 25 Finsh | Now_lr 0.0030/0.0030 | Lambda 0.0679 | Train Loss 0.1270 | Valid Loss 2.3144 | Train Acc 95.2250| Valid Acc 50.8420
TestSub: S[6, 7, 8, 9, 10] Epoch 26 Finsh | Now_lr 0.0030/0.0030 | Lambda 0.0689 | Train Loss 0.1263 | Valid Loss 2.3673 | Train Acc 95.2505| Valid Acc 51.7662
TestSub: S[6, 7, 8, 9, 10] Epoch 27 Finsh | Now_lr 0.0030/0.0030 | Lambda 0.0699 | Train Loss 0.1253 | Valid Loss 2.5788 | Train Acc 95.2572| Valid Acc 48.7749
TestSub: S[6, 7, 8, 9, 10] Epoch 28 Finsh | Now_lr 0.0030/0.0030 | Lambda 0.0708 | Train Loss 0.1232 | Valid Loss 2.5854 | Train Acc 95.3362| Valid Acc 49.2522
TestSub: S[6, 7, 8, 9, 10] Epoch 29 Finsh | Now_lr 0.0030/0.0030 | Lambda 0.0717 | Train Loss 0.1231 | Valid Loss 2.5871 | Train Acc 95.3642| Valid Acc 51.9729
TestSub: S[6, 7, 8, 9, 10] Epoch 30 Finsh | Now_lr 0.0030/0.0030 | Lambda 0.0724 | Train Loss 0.1228 | Valid Loss 2.4615 | Train Acc 95.2857| Valid Acc 49.5623
TestSub: S[6, 7, 8, 9, 10] Epoch 31 Finsh | Now_lr 0.0030/0.0030 | Lambda 0.0731 | Train Loss 0.1208 | Valid Loss 2.5666 | Train Acc 95.4608| Valid Acc 51.1430
TestSub: S[6, 7, 8, 9, 10] Epoch 32 Finsh | Now_lr 0.0030/0.0030 | Lambda 0.0737 | Train Loss 0.1214 | Valid Loss 2.2857 | Train Acc 95.4712| Valid Acc 49.0546
Early stopping triggered after 32 epochs (30 epochs without improvement)
--------------------------------------------------
Test_Subject :S[6, 7, 8, 9, 10] |Best epoch:2 | Test Loss:1.4866 | Best Acc 52.7511 | Savemodel Acc 52.7511
--------------------------------------------------

========== Fold 3 ==========
Train IDs: [1, 2, 3, 4, 5, 6, 7, 8, 9, 10, 16, 17, 18, 19, 20, 21, 22, 23, 24, 25, 26, 27, 28, 29, 30]
Val IDs:   [11, 12, 13, 14, 15]
train_data_shape(164500, 32, 128),val_data_shape(32900, 32, 128)
=================================================================
Layer (type:depth-idx)                   Param #
=================================================================
DARNet                                   --
├─TokenEmbedding: 1-1                    --
│    └─Sequential: 2-1                   --
│    │    └─Conv2d: 3-1                  576
│    │    └─BatchNorm2d: 3-2             128
│    │    └─GELU: 3-3                    --
│    └─Sequential: 2-2                   --
│    │    └─Conv2d: 3-4                  32,784
│    │    └─BatchNorm2d: 3-5             32
│    │    └─GELU: 3-6                    --
│    └─PositionalEmbedding: 2-3          --
├─Flatten: 1-2                           --
├─Linear: 1-3                            18
├─AttnRefine: 1-4                        --
│    └─MyAttention: 2-4                  --
│    │    └─Attention: 3-7               800
│    └─Refine: 2-5                       --
│    │    └─Conv1d: 3-8                  784
│    │    └─BatchNorm1d: 3-9             32
│    │    └─ELU: 3-10                    --
│    │    └─MaxPool1d: 3-11              --
│    └─AdaptiveAvgPool1d: 2-6            --
│    └─Linear: 2-7                       68
│    └─Flatten: 2-8                      --
├─AttnRefine: 1-5                        --
│    └─MyAttention: 2-9                  --
│    │    └─Attention: 3-12              800
│    └─Refine: 2-10                      --
│    │    └─Conv1d: 3-13                 784
│    │    └─BatchNorm1d: 3-14            32
│    │    └─ELU: 3-15                    --
│    │    └─MaxPool1d: 3-16              --
│    └─AdaptiveAvgPool1d: 2-11           --
│    └─Linear: 2-12                      68
│    └─Flatten: 2-13                     --
├─GradientReversalLayer: 1-6             --
├─SubjectDiscriminator: 1-7              --
│    └─Sequential: 2-14                  --
│    │    └─Linear: 3-17                 2,304
│    │    └─ReLU: 3-18                   --
│    │    └─Dropout: 3-19                --
│    │    └─Linear: 3-20                 32,896
│    │    └─ReLU: 3-21                   --
│    │    └─Dropout: 3-22                --
│    │    └─Linear: 3-23                 3,870
=================================================================
Total params: 75,976
Trainable params: 75,976
Non-trainable params: 0
=================================================================
TestSub: S[11, 12, 13, 14, 15] Epoch  1 Finsh | Now_lr 0.0030/0.0030 | Lambda 0.0040 | Train Loss 0.5469 | Valid Loss 1.2671 | Train Acc 70.0340| Valid Acc 49.3069
Validation acc increase (0.000000 --> 49.306907) in epoch (1).  Saving model ...
TestSub: S[11, 12, 13, 14, 15] Epoch  2 Finsh | Now_lr 0.0030/0.0030 | Lambda 0.0080 | Train Loss 0.3660 | Valid Loss 1.2819 | Train Acc 83.5567| Valid Acc 50.1125
Validation acc increase (49.306907 --> 50.112476) in epoch (2).  Saving model ...
TestSub: S[11, 12, 13, 14, 15] Epoch  3 Finsh | Now_lr 0.0030/0.0030 | Lambda 0.0119 | Train Loss 0.3026 | Valid Loss 1.6884 | Train Acc 87.0015| Valid Acc 51.7996
Validation acc increase (50.112476 --> 51.799611) in epoch (3).  Saving model ...
TestSub: S[11, 12, 13, 14, 15] Epoch  4 Finsh | Now_lr 0.0030/0.0030 | Lambda 0.0158 | Train Loss 0.2693 | Valid Loss 1.6688 | Train Acc 88.6637| Valid Acc 52.2374
Validation acc increase (51.799611 --> 52.237354) in epoch (4).  Saving model ...
TestSub: S[11, 12, 13, 14, 15] Epoch  5 Finsh | Now_lr 0.0030/0.0030 | Lambda 0.0196 | Train Loss 0.2413 | Valid Loss 1.7212 | Train Acc 89.9830| Valid Acc 53.2132
Validation acc increase (52.237354 --> 53.213157) in epoch (5).  Saving model ...
TestSub: S[11, 12, 13, 14, 15] Epoch  6 Finsh | Now_lr 0.0030/0.0030 | Lambda 0.0233 | Train Loss 0.2185 | Valid Loss 1.6777 | Train Acc 91.2232| Valid Acc 51.1217
TestSub: S[11, 12, 13, 14, 15] Epoch  7 Finsh | Now_lr 0.0030/0.0030 | Lambda 0.0269 | Train Loss 0.2122 | Valid Loss 1.7638 | Train Acc 91.4287| Valid Acc 51.5838
TestSub: S[11, 12, 13, 14, 15] Epoch  8 Finsh | Now_lr 0.0030/0.0030 | Lambda 0.0304 | Train Loss 0.2035 | Valid Loss 1.7601 | Train Acc 91.9370| Valid Acc 51.0062
TestSub: S[11, 12, 13, 14, 15] Epoch  9 Finsh | Now_lr 0.0030/0.0030 | Lambda 0.0338 | Train Loss 0.1939 | Valid Loss 1.7832 | Train Acc 92.3158| Valid Acc 50.1824
TestSub: S[11, 12, 13, 14, 15] Epoch 10 Finsh | Now_lr 0.0030/0.0030 | Lambda 0.0370 | Train Loss 0.1870 | Valid Loss 1.9571 | Train Acc 92.6234| Valid Acc 50.3861
TestSub: S[11, 12, 13, 14, 15] Epoch 11 Finsh | Now_lr 0.0030/0.0030 | Lambda 0.0400 | Train Loss 0.1823 | Valid Loss 1.7860 | Train Acc 92.8715| Valid Acc 49.5319
TestSub: S[11, 12, 13, 14, 15] Epoch 12 Finsh | Now_lr 0.0030/0.0030 | Lambda 0.0430 | Train Loss 0.1818 | Valid Loss 1.7010 | Train Acc 92.8459| Valid Acc 51.9394
TestSub: S[11, 12, 13, 14, 15] Epoch 13 Finsh | Now_lr 0.0030/0.0030 | Lambda 0.0457 | Train Loss 0.1804 | Valid Loss 1.8187 | Train Acc 93.0107| Valid Acc 50.0456
TestSub: S[11, 12, 13, 14, 15] Epoch 14 Finsh | Now_lr 0.0030/0.0030 | Lambda 0.0483 | Train Loss 0.1764 | Valid Loss 1.7325 | Train Acc 93.1031| Valid Acc 51.9364
TestSub: S[11, 12, 13, 14, 15] Epoch 15 Finsh | Now_lr 0.0030/0.0030 | Lambda 0.0508 | Train Loss 0.1798 | Valid Loss 1.8192 | Train Acc 93.0715| Valid Acc 49.5258
TestSub: S[11, 12, 13, 14, 15] Epoch 16 Finsh | Now_lr 0.0030/0.0030 | Lambda 0.0531 | Train Loss 0.1741 | Valid Loss 1.7304 | Train Acc 93.2466| Valid Acc 51.5047
TestSub: S[11, 12, 13, 14, 15] Epoch 17 Finsh | Now_lr 0.0030/0.0030 | Lambda 0.0553 | Train Loss 0.1658 | Valid Loss 1.8069 | Train Acc 93.5980| Valid Acc 49.5136
TestSub: S[11, 12, 13, 14, 15] Epoch 18 Finsh | Now_lr 0.0030/0.0030 | Lambda 0.0573 | Train Loss 0.1655 | Valid Loss 1.8854 | Train Acc 93.6266| Valid Acc 47.8508
TestSub: S[11, 12, 13, 14, 15] Epoch 19 Finsh | Now_lr 0.0030/0.0030 | Lambda 0.0592 | Train Loss 0.1669 | Valid Loss 1.9911 | Train Acc 93.5688| Valid Acc 49.6474
TestSub: S[11, 12, 13, 14, 15] Epoch 20 Finsh | Now_lr 0.0030/0.0030 | Lambda 0.0609 | Train Loss 0.1636 | Valid Loss 1.7831 | Train Acc 93.7220| Valid Acc 49.8024
TestSub: S[11, 12, 13, 14, 15] Epoch 21 Finsh | Now_lr 0.0030/0.0030 | Lambda 0.0625 | Train Loss 0.1618 | Valid Loss 1.7974 | Train Acc 93.7810| Valid Acc 48.7567
TestSub: S[11, 12, 13, 14, 15] Epoch 22 Finsh | Now_lr 0.0030/0.0030 | Lambda 0.0640 | Train Loss 0.1577 | Valid Loss 1.7986 | Train Acc 93.9786| Valid Acc 50.0213
TestSub: S[11, 12, 13, 14, 15] Epoch 23 Finsh | Now_lr 0.0030/0.0030 | Lambda 0.0654 | Train Loss 0.1596 | Valid Loss 1.9082 | Train Acc 93.8795| Valid Acc 47.1304
TestSub: S[11, 12, 13, 14, 15] Epoch 24 Finsh | Now_lr 0.0030/0.0030 | Lambda 0.0667 | Train Loss 0.1633 | Valid Loss 1.7832 | Train Acc 93.7567| Valid Acc 48.2429
TestSub: S[11, 12, 13, 14, 15] Epoch 25 Finsh | Now_lr 0.0030/0.0030 | Lambda 0.0679 | Train Loss 0.1802 | Valid Loss 1.8126 | Train Acc 92.9493| Valid Acc 45.8202
TestSub: S[11, 12, 13, 14, 15] Epoch 26 Finsh | Now_lr 0.0030/0.0030 | Lambda 0.0689 | Train Loss 0.1707 | Valid Loss 1.7887 | Train Acc 93.4223| Valid Acc 47.4799
TestSub: S[11, 12, 13, 14, 15] Epoch 27 Finsh | Now_lr 0.0030/0.0030 | Lambda 0.0699 | Train Loss 0.1655 | Valid Loss 1.7583 | Train Acc 93.6594| Valid Acc 49.4224
TestSub: S[11, 12, 13, 14, 15] Epoch 28 Finsh | Now_lr 0.0030/0.0030 | Lambda 0.0708 | Train Loss 0.1621 | Valid Loss 1.6993 | Train Acc 93.7719| Valid Acc 49.7994
TestSub: S[11, 12, 13, 14, 15] Epoch 29 Finsh | Now_lr 0.0030/0.0030 | Lambda 0.0717 | Train Loss 0.1609 | Valid Loss 1.7754 | Train Acc 93.8412| Valid Acc 51.7327
TestSub: S[11, 12, 13, 14, 15] Epoch 30 Finsh | Now_lr 0.0030/0.0030 | Lambda 0.0724 | Train Loss 0.1548 | Valid Loss 1.7137 | Train Acc 94.1057| Valid Acc 50.6201
TestSub: S[11, 12, 13, 14, 15] Epoch 31 Finsh | Now_lr 0.0030/0.0030 | Lambda 0.0731 | Train Loss 0.1538 | Valid Loss 1.7969 | Train Acc 94.1124| Valid Acc 50.4651
TestSub: S[11, 12, 13, 14, 15] Epoch 32 Finsh | Now_lr 0.0030/0.0030 | Lambda 0.0737 | Train Loss 0.1522 | Valid Loss 1.8640 | Train Acc 94.1762| Valid Acc 49.7538
TestSub: S[11, 12, 13, 14, 15] Epoch 33 Finsh | Now_lr 0.0030/0.0030 | Lambda 0.0743 | Train Loss 0.1485 | Valid Loss 1.7918 | Train Acc 94.3002| Valid Acc 53.0247
TestSub: S[11, 12, 13, 14, 15] Epoch 34 Finsh | Now_lr 0.0030/0.0030 | Lambda 0.0748 | Train Loss 0.1482 | Valid Loss 1.6640 | Train Acc 94.3647| Valid Acc 50.6931
TestSub: S[11, 12, 13, 14, 15] Epoch 35 Finsh | Now_lr 0.0030/0.0030 | Lambda 0.0753 | Train Loss 0.1474 | Valid Loss 1.8161 | Train Acc 94.4206| Valid Acc 51.9121
Early stopping triggered after 35 epochs (30 epochs without improvement)
--------------------------------------------------
Test_Subject :S[11, 12, 13, 14, 15] |Best epoch:5 | Test Loss:1.7212 | Best Acc 53.2132 | Savemodel Acc 53.2132
--------------------------------------------------

========== Fold 4 ==========
Train IDs: [1, 2, 3, 4, 5, 6, 7, 8, 9, 10, 11, 12, 13, 14, 15, 21, 22, 23, 24, 25, 26, 27, 28, 29, 30]
Val IDs:   [16, 17, 18, 19, 20]
train_data_shape(164500, 32, 128),val_data_shape(32900, 32, 128)
=================================================================
Layer (type:depth-idx)                   Param #
=================================================================
DARNet                                   --
├─TokenEmbedding: 1-1                    --
│    └─Sequential: 2-1                   --
│    │    └─Conv2d: 3-1                  576
│    │    └─BatchNorm2d: 3-2             128
│    │    └─GELU: 3-3                    --
│    └─Sequential: 2-2                   --
│    │    └─Conv2d: 3-4                  32,784
│    │    └─BatchNorm2d: 3-5             32
│    │    └─GELU: 3-6                    --
│    └─PositionalEmbedding: 2-3          --
├─Flatten: 1-2                           --
├─Linear: 1-3                            18
├─AttnRefine: 1-4                        --
│    └─MyAttention: 2-4                  --
│    │    └─Attention: 3-7               800
│    └─Refine: 2-5                       --
│    │    └─Conv1d: 3-8                  784
│    │    └─BatchNorm1d: 3-9             32
│    │    └─ELU: 3-10                    --
│    │    └─MaxPool1d: 3-11              --
│    └─AdaptiveAvgPool1d: 2-6            --
│    └─Linear: 2-7                       68
│    └─Flatten: 2-8                      --
├─AttnRefine: 1-5                        --
│    └─MyAttention: 2-9                  --
│    │    └─Attention: 3-12              800
│    └─Refine: 2-10                      --
│    │    └─Conv1d: 3-13                 784
│    │    └─BatchNorm1d: 3-14            32
│    │    └─ELU: 3-15                    --
│    │    └─MaxPool1d: 3-16              --
│    └─AdaptiveAvgPool1d: 2-11           --
│    └─Linear: 2-12                      68
│    └─Flatten: 2-13                     --
├─GradientReversalLayer: 1-6             --
├─SubjectDiscriminator: 1-7              --
│    └─Sequential: 2-14                  --
│    │    └─Linear: 3-17                 2,304
│    │    └─ReLU: 3-18                   --
│    │    └─Dropout: 3-19                --
│    │    └─Linear: 3-20                 32,896
│    │    └─ReLU: 3-21                   --
│    │    └─Dropout: 3-22                --
│    │    └─Linear: 3-23                 3,870
=================================================================
Total params: 75,976
Trainable params: 75,976
Non-trainable params: 0
=================================================================
TestSub: S[16, 17, 18, 19, 20] Epoch  1 Finsh | Now_lr 0.0030/0.0030 | Lambda 0.0040 | Train Loss 0.5337 | Valid Loss 1.1017 | Train Acc 70.7034| Valid Acc 51.6385
Validation acc increase (0.000000 --> 51.638497) in epoch (1).  Saving model ...
TestSub: S[16, 17, 18, 19, 20] Epoch  2 Finsh | Now_lr 0.0030/0.0030 | Lambda 0.0080 | Train Loss 0.3495 | Valid Loss 1.4098 | Train Acc 84.1288| Valid Acc 49.1671
TestSub: S[16, 17, 18, 19, 20] Epoch  3 Finsh | Now_lr 0.0030/0.0030 | Lambda 0.0119 | Train Loss 0.2745 | Valid Loss 1.4651 | Train Acc 88.3062| Valid Acc 52.7207
Validation acc increase (51.638497 --> 52.720696) in epoch (3).  Saving model ...
TestSub: S[16, 17, 18, 19, 20] Epoch  4 Finsh | Now_lr 0.0030/0.0030 | Lambda 0.0158 | Train Loss 0.2305 | Valid Loss 2.0554 | Train Acc 90.4973| Valid Acc 51.8209
TestSub: S[16, 17, 18, 19, 20] Epoch  5 Finsh | Now_lr 0.0030/0.0030 | Lambda 0.0196 | Train Loss 0.1995 | Valid Loss 1.9258 | Train Acc 91.8890| Valid Acc 50.9211
TestSub: S[16, 17, 18, 19, 20] Epoch  6 Finsh | Now_lr 0.0030/0.0030 | Lambda 0.0233 | Train Loss 0.1725 | Valid Loss 2.0855 | Train Acc 93.2022| Valid Acc 49.6535
TestSub: S[16, 17, 18, 19, 20] Epoch  7 Finsh | Now_lr 0.0030/0.0030 | Lambda 0.0269 | Train Loss 0.1520 | Valid Loss 1.8889 | Train Acc 94.1026| Valid Acc 52.3134
TestSub: S[16, 17, 18, 19, 20] Epoch  8 Finsh | Now_lr 0.0030/0.0030 | Lambda 0.0304 | Train Loss 0.1389 | Valid Loss 2.2099 | Train Acc 94.6650| Valid Acc 49.2309
TestSub: S[16, 17, 18, 19, 20] Epoch  9 Finsh | Now_lr 0.0030/0.0030 | Lambda 0.0338 | Train Loss 0.1275 | Valid Loss 1.9248 | Train Acc 95.1192| Valid Acc 51.3223
TestSub: S[16, 17, 18, 19, 20] Epoch 10 Finsh | Now_lr 0.0030/0.0030 | Lambda 0.0370 | Train Loss 0.1204 | Valid Loss 2.1964 | Train Acc 95.4159| Valid Acc 51.9516
TestSub: S[16, 17, 18, 19, 20] Epoch 11 Finsh | Now_lr 0.0030/0.0030 | Lambda 0.0400 | Train Loss 0.1124 | Valid Loss 2.2971 | Train Acc 95.7375| Valid Acc 52.8514
Validation acc increase (52.720696 --> 52.851411) in epoch (11).  Saving model ...
TestSub: S[16, 17, 18, 19, 20] Epoch 12 Finsh | Now_lr 0.0030/0.0030 | Lambda 0.0430 | Train Loss 0.1100 | Valid Loss 2.0809 | Train Acc 95.8536| Valid Acc 51.6902
TestSub: S[16, 17, 18, 19, 20] Epoch 13 Finsh | Now_lr 0.0030/0.0030 | Lambda 0.0457 | Train Loss 0.1066 | Valid Loss 2.1683 | Train Acc 95.9703| Valid Acc 51.2251
TestSub: S[16, 17, 18, 19, 20] Epoch 14 Finsh | Now_lr 0.0030/0.0030 | Lambda 0.0483 | Train Loss 0.1039 | Valid Loss 2.5494 | Train Acc 96.1503| Valid Acc 49.3555
TestSub: S[16, 17, 18, 19, 20] Epoch 15 Finsh | Now_lr 0.0030/0.0030 | Lambda 0.0508 | Train Loss 0.1007 | Valid Loss 2.2382 | Train Acc 96.2044| Valid Acc 50.0821
TestSub: S[16, 17, 18, 19, 20] Epoch 16 Finsh | Now_lr 0.0030/0.0030 | Lambda 0.0531 | Train Loss 0.0991 | Valid Loss 2.3172 | Train Acc 96.3679| Valid Acc 52.0732
TestSub: S[16, 17, 18, 19, 20] Epoch 17 Finsh | Now_lr 0.0030/0.0030 | Lambda 0.0553 | Train Loss 0.0958 | Valid Loss 2.1107 | Train Acc 96.4287| Valid Acc 48.9421
TestSub: S[16, 17, 18, 19, 20] Epoch 18 Finsh | Now_lr 0.0030/0.0030 | Lambda 0.0573 | Train Loss 0.0938 | Valid Loss 2.2688 | Train Acc 96.5382| Valid Acc 50.3891
TestSub: S[16, 17, 18, 19, 20] Epoch 19 Finsh | Now_lr 0.0030/0.0030 | Lambda 0.0592 | Train Loss 0.0979 | Valid Loss 1.8928 | Train Acc 96.3679| Valid Acc 53.3196
Validation acc increase (52.851411 --> 53.319553) in epoch (19).  Saving model ...
TestSub: S[16, 17, 18, 19, 20] Epoch 20 Finsh | Now_lr 0.0030/0.0030 | Lambda 0.0609 | Train Loss 0.1095 | Valid Loss 2.0366 | Train Acc 95.9351| Valid Acc 51.4227
TestSub: S[16, 17, 18, 19, 20] Epoch 21 Finsh | Now_lr 0.0030/0.0030 | Lambda 0.0625 | Train Loss 0.1019 | Valid Loss 2.2422 | Train Acc 96.1904| Valid Acc 50.9576
TestSub: S[16, 17, 18, 19, 20] Epoch 22 Finsh | Now_lr 0.0030/0.0030 | Lambda 0.0640 | Train Loss 0.0983 | Valid Loss 2.1085 | Train Acc 96.3959| Valid Acc 49.9818
TestSub: S[16, 17, 18, 19, 20] Epoch 23 Finsh | Now_lr 0.0030/0.0030 | Lambda 0.0654 | Train Loss 0.0957 | Valid Loss 2.0795 | Train Acc 96.4670| Valid Acc 52.5961
TestSub: S[16, 17, 18, 19, 20] Epoch 24 Finsh | Now_lr 0.0030/0.0030 | Lambda 0.0667 | Train Loss 0.0932 | Valid Loss 2.1803 | Train Acc 96.5339| Valid Acc 52.4319
TestSub: S[16, 17, 18, 19, 20] Epoch 25 Finsh | Now_lr 0.0030/0.0030 | Lambda 0.0679 | Train Loss 0.0905 | Valid Loss 2.3036 | Train Acc 96.6956| Valid Acc 53.0338
TestSub: S[16, 17, 18, 19, 20] Epoch 26 Finsh | Now_lr 0.0030/0.0030 | Lambda 0.0689 | Train Loss 0.0898 | Valid Loss 2.1940 | Train Acc 96.6877| Valid Acc 50.4225
TestSub: S[16, 17, 18, 19, 20] Epoch 27 Finsh | Now_lr 0.0030/0.0030 | Lambda 0.0699 | Train Loss 0.0893 | Valid Loss 2.1903 | Train Acc 96.7741| Valid Acc 51.9972
TestSub: S[16, 17, 18, 19, 20] Epoch 28 Finsh | Now_lr 0.0030/0.0030 | Lambda 0.0708 | Train Loss 0.0877 | Valid Loss 2.2828 | Train Acc 96.8306| Valid Acc 54.3288
Validation acc increase (53.319553 --> 54.328794) in epoch (28).  Saving model ...
TestSub: S[16, 17, 18, 19, 20] Epoch 29 Finsh | Now_lr 0.0030/0.0030 | Lambda 0.0717 | Train Loss 0.0877 | Valid Loss 2.2163 | Train Acc 96.7893| Valid Acc 49.9331
TestSub: S[16, 17, 18, 19, 20] Epoch 30 Finsh | Now_lr 0.0030/0.0030 | Lambda 0.0724 | Train Loss 0.0870 | Valid Loss 2.0877 | Train Acc 96.8245| Valid Acc 51.4622
TestSub: S[16, 17, 18, 19, 20] Epoch 31 Finsh | Now_lr 0.0030/0.0030 | Lambda 0.0731 | Train Loss 0.0850 | Valid Loss 2.2123 | Train Acc 96.9103| Valid Acc 53.1676
TestSub: S[16, 17, 18, 19, 20] Epoch 32 Finsh | Now_lr 0.0030/0.0030 | Lambda 0.0737 | Train Loss 0.0829 | Valid Loss 2.3830 | Train Acc 97.0361| Valid Acc 51.8513
TestSub: S[16, 17, 18, 19, 20] Epoch 33 Finsh | Now_lr 0.0030/0.0030 | Lambda 0.0743 | Train Loss 0.0835 | Valid Loss 2.2487 | Train Acc 96.9729| Valid Acc 52.7481
TestSub: S[16, 17, 18, 19, 20] Epoch 34 Finsh | Now_lr 0.0030/0.0030 | Lambda 0.0748 | Train Loss 0.0826 | Valid Loss 2.1820 | Train Acc 96.9808| Valid Acc 52.7146
TestSub: S[16, 17, 18, 19, 20] Epoch 35 Finsh | Now_lr 0.0030/0.0030 | Lambda 0.0753 | Train Loss 0.0826 | Valid Loss 2.1787 | Train Acc 97.0154| Valid Acc 52.8940
TestSub: S[16, 17, 18, 19, 20] Epoch 36 Finsh | Now_lr 0.0030/0.0030 | Lambda 0.0757 | Train Loss 0.0803 | Valid Loss 2.0762 | Train Acc 97.0884| Valid Acc 51.6294
TestSub: S[16, 17, 18, 19, 20] Epoch 37 Finsh | Now_lr 0.0030/0.0030 | Lambda 0.0761 | Train Loss 0.0812 | Valid Loss 2.4264 | Train Acc 97.0544| Valid Acc 49.5592
TestSub: S[16, 17, 18, 19, 20] Epoch 38 Finsh | Now_lr 0.0030/0.0030 | Lambda 0.0765 | Train Loss 0.0807 | Valid Loss 2.3605 | Train Acc 97.0908| Valid Acc 50.8968
TestSub: S[16, 17, 18, 19, 20] Epoch 39 Finsh | Now_lr 0.0030/0.0030 | Lambda 0.0768 | Train Loss 0.0799 | Valid Loss 2.4140 | Train Acc 97.0945| Valid Acc 51.4804
TestSub: S[16, 17, 18, 19, 20] Epoch 40 Finsh | Now_lr 0.0030/0.0030 | Lambda 0.0771 | Train Loss 0.0806 | Valid Loss 2.3531 | Train Acc 97.1152| Valid Acc 50.2189
TestSub: S[16, 17, 18, 19, 20] Epoch 41 Finsh | Now_lr 0.0030/0.0030 | Lambda 0.0774 | Train Loss 0.0788 | Valid Loss 2.2899 | Train Acc 97.1936| Valid Acc 52.3954
TestSub: S[16, 17, 18, 19, 20] Epoch 42 Finsh | Now_lr 0.0030/0.0030 | Lambda 0.0776 | Train Loss 0.0781 | Valid Loss 2.1684 | Train Acc 97.2307| Valid Acc 51.2403
TestSub: S[16, 17, 18, 19, 20] Epoch 43 Finsh | Now_lr 0.0030/0.0030 | Lambda 0.0779 | Train Loss 0.0785 | Valid Loss 2.2372 | Train Acc 97.1723| Valid Acc 51.6385
TestSub: S[16, 17, 18, 19, 20] Epoch 44 Finsh | Now_lr 0.0030/0.0030 | Lambda 0.0781 | Train Loss 0.0773 | Valid Loss 2.2363 | Train Acc 97.2282| Valid Acc 52.2708
TestSub: S[16, 17, 18, 19, 20] Epoch 45 Finsh | Now_lr 0.0030/0.0030 | Lambda 0.0782 | Train Loss 0.0781 | Valid Loss 2.3368 | Train Acc 97.1960| Valid Acc 48.8570
TestSub: S[16, 17, 18, 19, 20] Epoch 46 Finsh | Now_lr 0.0030/0.0030 | Lambda 0.0784 | Train Loss 0.0785 | Valid Loss 2.5506 | Train Acc 97.1389| Valid Acc 51.6659
TestSub: S[16, 17, 18, 19, 20] Epoch 47 Finsh | Now_lr 0.0030/0.0030 | Lambda 0.0786 | Train Loss 0.0768 | Valid Loss 2.3891 | Train Acc 97.2471| Valid Acc 49.5015
TestSub: S[16, 17, 18, 19, 20] Epoch 48 Finsh | Now_lr 0.0030/0.0030 | Lambda 0.0787 | Train Loss 0.0775 | Valid Loss 2.4507 | Train Acc 97.2471| Valid Acc 51.9455
TestSub: S[16, 17, 18, 19, 20] Epoch 49 Finsh | Now_lr 0.0030/0.0030 | Lambda 0.0788 | Train Loss 0.0759 | Valid Loss 2.2320 | Train Acc 97.2319| Valid Acc 51.3254
TestSub: S[16, 17, 18, 19, 20] Epoch 50 Finsh | Now_lr 0.0030/0.0030 | Lambda 0.0789 | Train Loss 0.0762 | Valid Loss 2.2680 | Train Acc 97.2550| Valid Acc 51.3132
TestSub: S[16, 17, 18, 19, 20] Epoch 51 Finsh | Now_lr 0.0030/0.0030 | Lambda 0.0790 | Train Loss 0.0768 | Valid Loss 2.2673 | Train Acc 97.2684| Valid Acc 52.4137
TestSub: S[16, 17, 18, 19, 20] Epoch 52 Finsh | Now_lr 0.0030/0.0030 | Lambda 0.0791 | Train Loss 0.0754 | Valid Loss 2.2396 | Train Acc 97.2696| Valid Acc 53.0186
TestSub: S[16, 17, 18, 19, 20] Epoch 53 Finsh | Now_lr 0.0030/0.0030 | Lambda 0.0792 | Train Loss 0.0765 | Valid Loss 2.1546 | Train Acc 97.2459| Valid Acc 52.9274
TestSub: S[16, 17, 18, 19, 20] Epoch 54 Finsh | Now_lr 0.0030/0.0030 | Lambda 0.0793 | Train Loss 0.0749 | Valid Loss 2.3998 | Train Acc 97.3243| Valid Acc 49.7355
TestSub: S[16, 17, 18, 19, 20] Epoch 55 Finsh | Now_lr 0.0030/0.0030 | Lambda 0.0793 | Train Loss 0.0746 | Valid Loss 2.1125 | Train Acc 97.3340| Valid Acc 52.7572
TestSub: S[16, 17, 18, 19, 20] Epoch 56 Finsh | Now_lr 0.0030/0.0030 | Lambda 0.0794 | Train Loss 0.0736 | Valid Loss 2.2888 | Train Acc 97.3279| Valid Acc 51.0731
TestSub: S[16, 17, 18, 19, 20] Epoch 57 Finsh | Now_lr 0.0030/0.0030 | Lambda 0.0795 | Train Loss 0.0745 | Valid Loss 2.1678 | Train Acc 97.3340| Valid Acc 51.7753
TestSub: S[16, 17, 18, 19, 20] Epoch 58 Finsh | Now_lr 0.0030/0.0030 | Lambda 0.0795 | Train Loss 0.0750 | Valid Loss 2.4210 | Train Acc 97.3152| Valid Acc 50.7995
Early stopping triggered after 58 epochs (30 epochs without improvement)
--------------------------------------------------
Test_Subject :S[16, 17, 18, 19, 20] |Best epoch:28 | Test Loss:2.2828 | Best Acc 54.3288 | Savemodel Acc 54.3288
--------------------------------------------------

========== Fold 5 ==========
Train IDs: [1, 2, 3, 4, 5, 6, 7, 8, 9, 10, 11, 12, 13, 14, 15, 16, 17, 18, 19, 20, 26, 27, 28, 29, 30]
Val IDs:   [21, 22, 23, 24, 25]
train_data_shape(164500, 32, 128),val_data_shape(32900, 32, 128)
=================================================================
Layer (type:depth-idx)                   Param #
=================================================================
DARNet                                   --
├─TokenEmbedding: 1-1                    --
│    └─Sequential: 2-1                   --
│    │    └─Conv2d: 3-1                  576
│    │    └─BatchNorm2d: 3-2             128
│    │    └─GELU: 3-3                    --
│    └─Sequential: 2-2                   --
│    │    └─Conv2d: 3-4                  32,784
│    │    └─BatchNorm2d: 3-5             32
│    │    └─GELU: 3-6                    --
│    └─PositionalEmbedding: 2-3          --
├─Flatten: 1-2                           --
├─Linear: 1-3                            18
├─AttnRefine: 1-4                        --
│    └─MyAttention: 2-4                  --
│    │    └─Attention: 3-7               800
│    └─Refine: 2-5                       --
│    │    └─Conv1d: 3-8                  784
│    │    └─BatchNorm1d: 3-9             32
│    │    └─ELU: 3-10                    --
│    │    └─MaxPool1d: 3-11              --
│    └─AdaptiveAvgPool1d: 2-6            --
│    └─Linear: 2-7                       68
│    └─Flatten: 2-8                      --
├─AttnRefine: 1-5                        --
│    └─MyAttention: 2-9                  --
│    │    └─Attention: 3-12              800
│    └─Refine: 2-10                      --
│    │    └─Conv1d: 3-13                 784
│    │    └─BatchNorm1d: 3-14            32
│    │    └─ELU: 3-15                    --
│    │    └─MaxPool1d: 3-16              --
│    └─AdaptiveAvgPool1d: 2-11           --
│    └─Linear: 2-12                      68
│    └─Flatten: 2-13                     --
├─GradientReversalLayer: 1-6             --
├─SubjectDiscriminator: 1-7              --
│    └─Sequential: 2-14                  --
│    │    └─Linear: 3-17                 2,304
│    │    └─ReLU: 3-18                   --
│    │    └─Dropout: 3-19                --
│    │    └─Linear: 3-20                 32,896
│    │    └─ReLU: 3-21                   --
│    │    └─Dropout: 3-22                --
│    │    └─Linear: 3-23                 3,870
=================================================================
Total params: 75,976
Trainable params: 75,976
Non-trainable params: 0
=================================================================
TestSub: S[21, 22, 23, 24, 25] Epoch  1 Finsh | Now_lr 0.0030/0.0030 | Lambda 0.0040 | Train Loss 0.5414 | Valid Loss 1.4232 | Train Acc 69.4303| Valid Acc 50.9545
Validation acc increase (0.000000 --> 50.954523) in epoch (1).  Saving model ...
TestSub: S[21, 22, 23, 24, 25] Epoch  2 Finsh | Now_lr 0.0030/0.0030 | Lambda 0.0080 | Train Loss 0.3845 | Valid Loss 1.3022 | Train Acc 81.1631| Valid Acc 49.4832
TestSub: S[21, 22, 23, 24, 25] Epoch  3 Finsh | Now_lr 0.0030/0.0030 | Lambda 0.0119 | Train Loss 0.3122 | Valid Loss 1.4425 | Train Acc 86.0694| Valid Acc 50.8542
TestSub: S[21, 22, 23, 24, 25] Epoch  4 Finsh | Now_lr 0.0030/0.0030 | Lambda 0.0158 | Train Loss 0.2490 | Valid Loss 1.6347 | Train Acc 89.4011| Valid Acc 48.2977
TestSub: S[21, 22, 23, 24, 25] Epoch  5 Finsh | Now_lr 0.0030/0.0030 | Lambda 0.0196 | Train Loss 0.2054 | Valid Loss 1.8706 | Train Acc 91.6178| Valid Acc 46.0755
TestSub: S[21, 22, 23, 24, 25] Epoch  6 Finsh | Now_lr 0.0030/0.0030 | Lambda 0.0233 | Train Loss 0.1716 | Valid Loss 2.0982 | Train Acc 93.2740| Valid Acc 48.5682
TestSub: S[21, 22, 23, 24, 25] Epoch  7 Finsh | Now_lr 0.0030/0.0030 | Lambda 0.0269 | Train Loss 0.1485 | Valid Loss 1.9586 | Train Acc 94.2802| Valid Acc 51.3801
Validation acc increase (50.954523 --> 51.380107) in epoch (7).  Saving model ...
TestSub: S[21, 22, 23, 24, 25] Epoch  8 Finsh | Now_lr 0.0030/0.0030 | Lambda 0.0304 | Train Loss 0.1362 | Valid Loss 2.0842 | Train Acc 94.7805| Valid Acc 49.7355
TestSub: S[21, 22, 23, 24, 25] Epoch  9 Finsh | Now_lr 0.0030/0.0030 | Lambda 0.0338 | Train Loss 0.1271 | Valid Loss 1.9231 | Train Acc 95.2274| Valid Acc 52.7602
Validation acc increase (51.380107 --> 52.760214) in epoch (9).  Saving model ...
TestSub: S[21, 22, 23, 24, 25] Epoch 10 Finsh | Now_lr 0.0030/0.0030 | Lambda 0.0370 | Train Loss 0.1194 | Valid Loss 2.3784 | Train Acc 95.5843| Valid Acc 49.3981
TestSub: S[21, 22, 23, 24, 25] Epoch 11 Finsh | Now_lr 0.0030/0.0030 | Lambda 0.0400 | Train Loss 0.1159 | Valid Loss 2.1689 | Train Acc 95.6901| Valid Acc 50.0152
TestSub: S[21, 22, 23, 24, 25] Epoch 12 Finsh | Now_lr 0.0030/0.0030 | Lambda 0.0430 | Train Loss 0.1133 | Valid Loss 2.3810 | Train Acc 95.7977| Valid Acc 52.0002
TestSub: S[21, 22, 23, 24, 25] Epoch 13 Finsh | Now_lr 0.0030/0.0030 | Lambda 0.0457 | Train Loss 0.1104 | Valid Loss 2.0102 | Train Acc 95.9576| Valid Acc 51.1187
TestSub: S[21, 22, 23, 24, 25] Epoch 14 Finsh | Now_lr 0.0030/0.0030 | Lambda 0.0483 | Train Loss 0.1053 | Valid Loss 2.0018 | Train Acc 96.1351| Valid Acc 51.5534
TestSub: S[21, 22, 23, 24, 25] Epoch 15 Finsh | Now_lr 0.0030/0.0030 | Lambda 0.0508 | Train Loss 0.1066 | Valid Loss 2.0403 | Train Acc 96.0761| Valid Acc 48.7749
TestSub: S[21, 22, 23, 24, 25] Epoch 16 Finsh | Now_lr 0.0030/0.0030 | Lambda 0.0531 | Train Loss 0.1023 | Valid Loss 2.2365 | Train Acc 96.2713| Valid Acc 48.1821
TestSub: S[21, 22, 23, 24, 25] Epoch 17 Finsh | Now_lr 0.0030/0.0030 | Lambda 0.0553 | Train Loss 0.1022 | Valid Loss 2.0387 | Train Acc 96.2859| Valid Acc 51.3041
TestSub: S[21, 22, 23, 24, 25] Epoch 18 Finsh | Now_lr 0.0030/0.0030 | Lambda 0.0573 | Train Loss 0.0999 | Valid Loss 2.1902 | Train Acc 96.3904| Valid Acc 47.5438
TestSub: S[21, 22, 23, 24, 25] Epoch 19 Finsh | Now_lr 0.0030/0.0030 | Lambda 0.0592 | Train Loss 0.1008 | Valid Loss 2.2395 | Train Acc 96.3041| Valid Acc 50.0851
TestSub: S[21, 22, 23, 24, 25] Epoch 20 Finsh | Now_lr 0.0030/0.0030 | Lambda 0.0609 | Train Loss 0.0996 | Valid Loss 2.3533 | Train Acc 96.3947| Valid Acc 51.5929
TestSub: S[21, 22, 23, 24, 25] Epoch 21 Finsh | Now_lr 0.0030/0.0030 | Lambda 0.0625 | Train Loss 0.0968 | Valid Loss 2.1494 | Train Acc 96.5254| Valid Acc 50.7144
TestSub: S[21, 22, 23, 24, 25] Epoch 22 Finsh | Now_lr 0.0030/0.0030 | Lambda 0.0640 | Train Loss 0.0963 | Valid Loss 2.1230 | Train Acc 96.5272| Valid Acc 50.0821
TestSub: S[21, 22, 23, 24, 25] Epoch 23 Finsh | Now_lr 0.0030/0.0030 | Lambda 0.0654 | Train Loss 0.0951 | Valid Loss 2.2252 | Train Acc 96.5169| Valid Acc 49.9483
TestSub: S[21, 22, 23, 24, 25] Epoch 24 Finsh | Now_lr 0.0030/0.0030 | Lambda 0.0667 | Train Loss 0.0964 | Valid Loss 2.4576 | Train Acc 96.5406| Valid Acc 49.9909
TestSub: S[21, 22, 23, 24, 25] Epoch 25 Finsh | Now_lr 0.0030/0.0030 | Lambda 0.0679 | Train Loss 0.0962 | Valid Loss 2.3503 | Train Acc 96.5303| Valid Acc 49.0090
TestSub: S[21, 22, 23, 24, 25] Epoch 26 Finsh | Now_lr 0.0030/0.0030 | Lambda 0.0689 | Train Loss 0.0962 | Valid Loss 2.2356 | Train Acc 96.5576| Valid Acc 50.1854
TestSub: S[21, 22, 23, 24, 25] Epoch 27 Finsh | Now_lr 0.0030/0.0030 | Lambda 0.0699 | Train Loss 0.0941 | Valid Loss 2.1701 | Train Acc 96.5643| Valid Acc 51.0032
TestSub: S[21, 22, 23, 24, 25] Epoch 28 Finsh | Now_lr 0.0030/0.0030 | Lambda 0.0708 | Train Loss 0.0945 | Valid Loss 2.3101 | Train Acc 96.5905| Valid Acc 49.6291
TestSub: S[21, 22, 23, 24, 25] Epoch 29 Finsh | Now_lr 0.0030/0.0030 | Lambda 0.0717 | Train Loss 0.0927 | Valid Loss 2.5183 | Train Acc 96.6458| Valid Acc 49.6504
TestSub: S[21, 22, 23, 24, 25] Epoch 30 Finsh | Now_lr 0.0030/0.0030 | Lambda 0.0724 | Train Loss 0.0935 | Valid Loss 2.4283 | Train Acc 96.6160| Valid Acc 50.4377
TestSub: S[21, 22, 23, 24, 25] Epoch 31 Finsh | Now_lr 0.0030/0.0030 | Lambda 0.0731 | Train Loss 0.0921 | Valid Loss 2.3425 | Train Acc 96.6750| Valid Acc 49.8936
TestSub: S[21, 22, 23, 24, 25] Epoch 32 Finsh | Now_lr 0.0030/0.0030 | Lambda 0.0737 | Train Loss 0.0912 | Valid Loss 2.1184 | Train Acc 96.7339| Valid Acc 52.4988
TestSub: S[21, 22, 23, 24, 25] Epoch 33 Finsh | Now_lr 0.0030/0.0030 | Lambda 0.0743 | Train Loss 0.0915 | Valid Loss 2.3573 | Train Acc 96.7291| Valid Acc 50.8876
TestSub: S[21, 22, 23, 24, 25] Epoch 34 Finsh | Now_lr 0.0030/0.0030 | Lambda 0.0748 | Train Loss 0.0918 | Valid Loss 2.2379 | Train Acc 96.6397| Valid Acc 51.8847
TestSub: S[21, 22, 23, 24, 25] Epoch 35 Finsh | Now_lr 0.0030/0.0030 | Lambda 0.0753 | Train Loss 0.0893 | Valid Loss 2.3400 | Train Acc 96.7680| Valid Acc 53.2557
Validation acc increase (52.760214 --> 53.255715) in epoch (35).  Saving model ...
TestSub: S[21, 22, 23, 24, 25] Epoch 36 Finsh | Now_lr 0.0030/0.0030 | Lambda 0.0757 | Train Loss 0.0894 | Valid Loss 2.2297 | Train Acc 96.8014| Valid Acc 52.0519
TestSub: S[21, 22, 23, 24, 25] Epoch 37 Finsh | Now_lr 0.0030/0.0030 | Lambda 0.0761 | Train Loss 0.0886 | Valid Loss 2.2726 | Train Acc 96.7881| Valid Acc 51.2129
TestSub: S[21, 22, 23, 24, 25] Epoch 38 Finsh | Now_lr 0.0030/0.0030 | Lambda 0.0765 | Train Loss 0.0869 | Valid Loss 2.1362 | Train Acc 96.8470| Valid Acc 51.8513
TestSub: S[21, 22, 23, 24, 25] Epoch 39 Finsh | Now_lr 0.0030/0.0030 | Lambda 0.0768 | Train Loss 0.0891 | Valid Loss 2.5178 | Train Acc 96.8245| Valid Acc 49.4072
TestSub: S[21, 22, 23, 24, 25] Epoch 40 Finsh | Now_lr 0.0030/0.0030 | Lambda 0.0771 | Train Loss 0.0880 | Valid Loss 2.3750 | Train Acc 96.8027| Valid Acc 52.1401
TestSub: S[21, 22, 23, 24, 25] Epoch 41 Finsh | Now_lr 0.0030/0.0030 | Lambda 0.0774 | Train Loss 0.0864 | Valid Loss 2.2531 | Train Acc 96.8671| Valid Acc 51.7267
TestSub: S[21, 22, 23, 24, 25] Epoch 42 Finsh | Now_lr 0.0030/0.0030 | Lambda 0.0776 | Train Loss 0.0874 | Valid Loss 2.1261 | Train Acc 96.8543| Valid Acc 53.9336
Validation acc increase (53.255715 --> 53.933609) in epoch (42).  Saving model ...
TestSub: S[21, 22, 23, 24, 25] Epoch 43 Finsh | Now_lr 0.0030/0.0030 | Lambda 0.0779 | Train Loss 0.0859 | Valid Loss 2.2552 | Train Acc 96.8920| Valid Acc 53.3621
TestSub: S[21, 22, 23, 24, 25] Epoch 44 Finsh | Now_lr 0.0030/0.0030 | Lambda 0.0781 | Train Loss 0.0851 | Valid Loss 2.4300 | Train Acc 96.9559| Valid Acc 51.3467
TestSub: S[21, 22, 23, 24, 25] Epoch 45 Finsh | Now_lr 0.0030/0.0030 | Lambda 0.0782 | Train Loss 0.0866 | Valid Loss 2.1650 | Train Acc 96.9078| Valid Acc 53.1280
TestSub: S[21, 22, 23, 24, 25] Epoch 46 Finsh | Now_lr 0.0030/0.0030 | Lambda 0.0784 | Train Loss 0.0851 | Valid Loss 2.2703 | Train Acc 97.0112| Valid Acc 50.0547
TestSub: S[21, 22, 23, 24, 25] Epoch 47 Finsh | Now_lr 0.0030/0.0030 | Lambda 0.0786 | Train Loss 0.0834 | Valid Loss 2.2577 | Train Acc 97.0063| Valid Acc 51.7966
TestSub: S[21, 22, 23, 24, 25] Epoch 48 Finsh | Now_lr 0.0030/0.0030 | Lambda 0.0787 | Train Loss 0.0836 | Valid Loss 2.0702 | Train Acc 97.0221| Valid Acc 52.4228
TestSub: S[21, 22, 23, 24, 25] Epoch 49 Finsh | Now_lr 0.0030/0.0030 | Lambda 0.0788 | Train Loss 0.0841 | Valid Loss 2.2013 | Train Acc 97.0124| Valid Acc 53.9458
Validation acc increase (53.933609 --> 53.945768) in epoch (49).  Saving model ...
TestSub: S[21, 22, 23, 24, 25] Epoch 50 Finsh | Now_lr 0.0030/0.0030 | Lambda 0.0789 | Train Loss 0.0836 | Valid Loss 2.0557 | Train Acc 97.0392| Valid Acc 51.7996
TestSub: S[21, 22, 23, 24, 25] Epoch 51 Finsh | Now_lr 0.0030/0.0030 | Lambda 0.0790 | Train Loss 0.0821 | Valid Loss 2.3955 | Train Acc 97.0464| Valid Acc 52.9943
TestSub: S[21, 22, 23, 24, 25] Epoch 52 Finsh | Now_lr 0.0030/0.0030 | Lambda 0.0791 | Train Loss 0.0836 | Valid Loss 2.3215 | Train Acc 97.0045| Valid Acc 52.4410
TestSub: S[21, 22, 23, 24, 25] Epoch 53 Finsh | Now_lr 0.0030/0.0030 | Lambda 0.0792 | Train Loss 0.0826 | Valid Loss 2.2071 | Train Acc 97.0446| Valid Acc 54.4929
Validation acc increase (53.945768 --> 54.492947) in epoch (53).  Saving model ...
TestSub: S[21, 22, 23, 24, 25] Epoch 54 Finsh | Now_lr 0.0030/0.0030 | Lambda 0.0793 | Train Loss 0.0824 | Valid Loss 2.2114 | Train Acc 97.0708| Valid Acc 54.2619
TestSub: S[21, 22, 23, 24, 25] Epoch 55 Finsh | Now_lr 0.0030/0.0030 | Lambda 0.0793 | Train Loss 0.0801 | Valid Loss 2.1559 | Train Acc 97.1370| Valid Acc 53.2436
TestSub: S[21, 22, 23, 24, 25] Epoch 56 Finsh | Now_lr 0.0030/0.0030 | Lambda 0.0794 | Train Loss 0.0811 | Valid Loss 2.2401 | Train Acc 97.0951| Valid Acc 52.6873
TestSub: S[21, 22, 23, 24, 25] Epoch 57 Finsh | Now_lr 0.0030/0.0030 | Lambda 0.0795 | Train Loss 0.0806 | Valid Loss 2.3054 | Train Acc 97.1389| Valid Acc 51.1673
TestSub: S[21, 22, 23, 24, 25] Epoch 58 Finsh | Now_lr 0.0030/0.0030 | Lambda 0.0795 | Train Loss 0.0824 | Valid Loss 2.2287 | Train Acc 97.1261| Valid Acc 53.5141
TestSub: S[21, 22, 23, 24, 25] Epoch 59 Finsh | Now_lr 0.0030/0.0030 | Lambda 0.0796 | Train Loss 0.0811 | Valid Loss 2.2667 | Train Acc 97.1182| Valid Acc 51.7601
TestSub: S[21, 22, 23, 24, 25] Epoch 60 Finsh | Now_lr 0.0030/0.0030 | Lambda 0.0796 | Train Loss 0.0814 | Valid Loss 2.1576 | Train Acc 97.0349| Valid Acc 52.2799
TestSub: S[21, 22, 23, 24, 25] Epoch 61 Finsh | Now_lr 0.0030/0.0030 | Lambda 0.0796 | Train Loss 0.0796 | Valid Loss 1.9578 | Train Acc 97.1954| Valid Acc 52.9456
TestSub: S[21, 22, 23, 24, 25] Epoch 62 Finsh | Now_lr 0.0030/0.0030 | Lambda 0.0797 | Train Loss 0.0810 | Valid Loss 2.2158 | Train Acc 97.1437| Valid Acc 51.0609
TestSub: S[21, 22, 23, 24, 25] Epoch 63 Finsh | Now_lr 0.0030/0.0030 | Lambda 0.0797 | Train Loss 0.0794 | Valid Loss 2.1613 | Train Acc 97.1759| Valid Acc 52.1401
TestSub: S[21, 22, 23, 24, 25] Epoch 64 Finsh | Now_lr 0.0030/0.0030 | Lambda 0.0797 | Train Loss 0.0782 | Valid Loss 2.2863 | Train Acc 97.2276| Valid Acc 51.5625
TestSub: S[21, 22, 23, 24, 25] Epoch 65 Finsh | Now_lr 0.0030/0.0030 | Lambda 0.0798 | Train Loss 0.0802 | Valid Loss 2.0659 | Train Acc 97.2088| Valid Acc 55.5265
Validation acc increase (54.492947 --> 55.526508) in epoch (65).  Saving model ...
TestSub: S[21, 22, 23, 24, 25] Epoch 66 Finsh | Now_lr 0.0030/0.0030 | Lambda 0.0798 | Train Loss 0.0785 | Valid Loss 2.0752 | Train Acc 97.2313| Valid Acc 53.4411
TestSub: S[21, 22, 23, 24, 25] Epoch 67 Finsh | Now_lr 0.0030/0.0030 | Lambda 0.0798 | Train Loss 0.0789 | Valid Loss 2.1956 | Train Acc 97.1972| Valid Acc 53.1524
TestSub: S[21, 22, 23, 24, 25] Epoch 68 Finsh | Now_lr 0.0030/0.0030 | Lambda 0.0798 | Train Loss 0.0785 | Valid Loss 2.2858 | Train Acc 97.2203| Valid Acc 50.4104
TestSub: S[21, 22, 23, 24, 25] Epoch 69 Finsh | Now_lr 0.0030/0.0030 | Lambda 0.0798 | Train Loss 0.0790 | Valid Loss 2.2184 | Train Acc 97.1887| Valid Acc 52.1310
TestSub: S[21, 22, 23, 24, 25] Epoch 70 Finsh | Now_lr 0.0030/0.0030 | Lambda 0.0799 | Train Loss 0.0792 | Valid Loss 1.9571 | Train Acc 97.1626| Valid Acc 51.4409
TestSub: S[21, 22, 23, 24, 25] Epoch 71 Finsh | Now_lr 0.0030/0.0030 | Lambda 0.0799 | Train Loss 0.0784 | Valid Loss 2.4337 | Train Acc 97.2203| Valid Acc 51.2524
TestSub: S[21, 22, 23, 24, 25] Epoch 72 Finsh | Now_lr 0.0030/0.0030 | Lambda 0.0799 | Train Loss 0.0774 | Valid Loss 2.1384 | Train Acc 97.2854| Valid Acc 51.6780
TestSub: S[21, 22, 23, 24, 25] Epoch 73 Finsh | Now_lr 0.0030/0.0030 | Lambda 0.0799 | Train Loss 0.0784 | Valid Loss 2.1437 | Train Acc 97.2270| Valid Acc 50.6262
TestSub: S[21, 22, 23, 24, 25] Epoch 74 Finsh | Now_lr 0.0030/0.0030 | Lambda 0.0799 | Train Loss 0.0779 | Valid Loss 2.2256 | Train Acc 97.2367| Valid Acc 49.3069
TestSub: S[21, 22, 23, 24, 25] Epoch 75 Finsh | Now_lr 0.0030/0.0030 | Lambda 0.0799 | Train Loss 0.0787 | Valid Loss 2.3522 | Train Acc 97.2167| Valid Acc 50.2736
TestSub: S[21, 22, 23, 24, 25] Epoch 76 Finsh | Now_lr 0.0030/0.0030 | Lambda 0.0799 | Train Loss 0.0775 | Valid Loss 2.2967 | Train Acc 97.2793| Valid Acc 51.4257
TestSub: S[21, 22, 23, 24, 25] Epoch 77 Finsh | Now_lr 0.0030/0.0030 | Lambda 0.0799 | Train Loss 0.0758 | Valid Loss 2.3955 | Train Acc 97.3589| Valid Acc 50.1338
TestSub: S[21, 22, 23, 24, 25] Epoch 78 Finsh | Now_lr 0.0030/0.0030 | Lambda 0.0799 | Train Loss 0.0761 | Valid Loss 2.2435 | Train Acc 97.3845| Valid Acc 49.5714
TestSub: S[21, 22, 23, 24, 25] Epoch 79 Finsh | Now_lr 0.0030/0.0030 | Lambda 0.0799 | Train Loss 0.0778 | Valid Loss 2.2111 | Train Acc 97.2647| Valid Acc 52.0033
TestSub: S[21, 22, 23, 24, 25] Epoch 80 Finsh | Now_lr 0.0030/0.0030 | Lambda 0.0799 | Train Loss 0.0781 | Valid Loss 2.4927 | Train Acc 97.2380| Valid Acc 49.7690
TestSub: S[21, 22, 23, 24, 25] Epoch 81 Finsh | Now_lr 0.0030/0.0030 | Lambda 0.0800 | Train Loss 0.0756 | Valid Loss 2.3740 | Train Acc 97.3529| Valid Acc 50.3800
TestSub: S[21, 22, 23, 24, 25] Epoch 82 Finsh | Now_lr 0.0030/0.0030 | Lambda 0.0800 | Train Loss 0.0757 | Valid Loss 2.2217 | Train Acc 97.3328| Valid Acc 52.6082
TestSub: S[21, 22, 23, 24, 25] Epoch 83 Finsh | Now_lr 0.0030/0.0030 | Lambda 0.0800 | Train Loss 0.0754 | Valid Loss 2.3135 | Train Acc 97.3267| Valid Acc 52.4623
TestSub: S[21, 22, 23, 24, 25] Epoch 84 Finsh | Now_lr 0.0030/0.0030 | Lambda 0.0800 | Train Loss 0.0762 | Valid Loss 2.3104 | Train Acc 97.3310| Valid Acc 51.6811
TestSub: S[21, 22, 23, 24, 25] Epoch 85 Finsh | Now_lr 0.0030/0.0030 | Lambda 0.0800 | Train Loss 0.0759 | Valid Loss 2.3105 | Train Acc 97.3085| Valid Acc 54.2528
TestSub: S[21, 22, 23, 24, 25] Epoch 86 Finsh | Now_lr 0.0030/0.0030 | Lambda 0.0800 | Train Loss 0.0759 | Valid Loss 2.1740 | Train Acc 97.3237| Valid Acc 53.9883
TestSub: S[21, 22, 23, 24, 25] Epoch 87 Finsh | Now_lr 0.0030/0.0030 | Lambda 0.0800 | Train Loss 0.0775 | Valid Loss 2.0800 | Train Acc 97.2495| Valid Acc 53.3743
TestSub: S[21, 22, 23, 24, 25] Epoch 88 Finsh | Now_lr 0.0030/0.0030 | Lambda 0.0800 | Train Loss 0.0753 | Valid Loss 2.2747 | Train Acc 97.3577| Valid Acc 50.9484
TestSub: S[21, 22, 23, 24, 25] Epoch 89 Finsh | Now_lr 0.0030/0.0030 | Lambda 0.0800 | Train Loss 0.0761 | Valid Loss 2.1618 | Train Acc 97.3200| Valid Acc 52.2830
TestSub: S[21, 22, 23, 24, 25] Epoch 90 Finsh | Now_lr 0.0030/0.0030 | Lambda 0.0800 | Train Loss 0.0770 | Valid Loss 2.4666 | Train Acc 97.3164| Valid Acc 49.4285
TestSub: S[21, 22, 23, 24, 25] Epoch 91 Finsh | Now_lr 0.0030/0.0030 | Lambda 0.0800 | Train Loss 0.0766 | Valid Loss 2.3933 | Train Acc 97.3067| Valid Acc 49.1701
TestSub: S[21, 22, 23, 24, 25] Epoch 92 Finsh | Now_lr 0.0030/0.0030 | Lambda 0.0800 | Train Loss 0.0754 | Valid Loss 2.3618 | Train Acc 97.3255| Valid Acc 50.2250
TestSub: S[21, 22, 23, 24, 25] Epoch 93 Finsh | Now_lr 0.0030/0.0030 | Lambda 0.0800 | Train Loss 0.0766 | Valid Loss 2.2518 | Train Acc 97.2963| Valid Acc 51.3284
TestSub: S[21, 22, 23, 24, 25] Epoch 94 Finsh | Now_lr 0.0030/0.0030 | Lambda 0.0800 | Train Loss 0.0738 | Valid Loss 2.3813 | Train Acc 97.4331| Valid Acc 52.9000
TestSub: S[21, 22, 23, 24, 25] Epoch 95 Finsh | Now_lr 0.0030/0.0030 | Lambda 0.0800 | Train Loss 0.0753 | Valid Loss 2.0134 | Train Acc 97.3504| Valid Acc 52.1249
Early stopping triggered after 95 epochs (30 epochs without improvement)
--------------------------------------------------
Test_Subject :S[21, 22, 23, 24, 25] |Best epoch:65 | Test Loss:2.0659 | Best Acc 55.5265 | Savemodel Acc 55.5265
--------------------------------------------------

========== Fold 6 ==========
Train IDs: [1, 2, 3, 4, 5, 6, 7, 8, 9, 10, 11, 12, 13, 14, 15, 16, 17, 18, 19, 20, 21, 22, 23, 24, 25]
Val IDs:   [26, 27, 28, 29, 30]
train_data_shape(164500, 32, 128),val_data_shape(32900, 32, 128)
=================================================================
Layer (type:depth-idx)                   Param #
=================================================================
DARNet                                   --
├─TokenEmbedding: 1-1                    --
│    └─Sequential: 2-1                   --
│    │    └─Conv2d: 3-1                  576
│    │    └─BatchNorm2d: 3-2             128
│    │    └─GELU: 3-3                    --
│    └─Sequential: 2-2                   --
│    │    └─Conv2d: 3-4                  32,784
│    │    └─BatchNorm2d: 3-5             32
│    │    └─GELU: 3-6                    --
│    └─PositionalEmbedding: 2-3          --
├─Flatten: 1-2                           --
├─Linear: 1-3                            18
├─AttnRefine: 1-4                        --
│    └─MyAttention: 2-4                  --
│    │    └─Attention: 3-7               800
│    └─Refine: 2-5                       --
│    │    └─Conv1d: 3-8                  784
│    │    └─BatchNorm1d: 3-9             32
│    │    └─ELU: 3-10                    --
│    │    └─MaxPool1d: 3-11              --
│    └─AdaptiveAvgPool1d: 2-6            --
│    └─Linear: 2-7                       68
│    └─Flatten: 2-8                      --
├─AttnRefine: 1-5                        --
│    └─MyAttention: 2-9                  --
│    │    └─Attention: 3-12              800
│    └─Refine: 2-10                      --
│    │    └─Conv1d: 3-13                 784
│    │    └─BatchNorm1d: 3-14            32
│    │    └─ELU: 3-15                    --
│    │    └─MaxPool1d: 3-16              --
│    └─AdaptiveAvgPool1d: 2-11           --
│    └─Linear: 2-12                      68
│    └─Flatten: 2-13                     --
├─GradientReversalLayer: 1-6             --
├─SubjectDiscriminator: 1-7              --
│    └─Sequential: 2-14                  --
│    │    └─Linear: 3-17                 2,304
│    │    └─ReLU: 3-18                   --
│    │    └─Dropout: 3-19                --
│    │    └─Linear: 3-20                 32,896
│    │    └─ReLU: 3-21                   --
│    │    └─Dropout: 3-22                --
│    │    └─Linear: 3-23                 3,870
=================================================================
Total params: 75,976
Trainable params: 75,976
Non-trainable params: 0
=================================================================
TestSub: S[26, 27, 28, 29, 30] Epoch  1 Finsh | Now_lr 0.0030/0.0030 | Lambda 0.0040 | Train Loss 0.5133 | Valid Loss 1.5097 | Train Acc 72.7857| Valid Acc 48.5773
Validation acc increase (0.000000 --> 48.577335) in epoch (1).  Saving model ...
TestSub: S[26, 27, 28, 29, 30] Epoch  2 Finsh | Now_lr 0.0030/0.0030 | Lambda 0.0080 | Train Loss 0.3328 | Valid Loss 1.7891 | Train Acc 85.3028| Valid Acc 50.2918
Validation acc increase (48.577335 --> 50.291829) in epoch (2).  Saving model ...
TestSub: S[26, 27, 28, 29, 30] Epoch  3 Finsh | Now_lr 0.0030/0.0030 | Lambda 0.0119 | Train Loss 0.2643 | Valid Loss 1.9076 | Train Acc 88.9944| Valid Acc 49.2643
TestSub: S[26, 27, 28, 29, 30] Epoch  4 Finsh | Now_lr 0.0030/0.0030 | Lambda 0.0158 | Train Loss 0.2158 | Valid Loss 1.9997 | Train Acc 91.3704| Valid Acc 46.6075
TestSub: S[26, 27, 28, 29, 30] Epoch  5 Finsh | Now_lr 0.0030/0.0030 | Lambda 0.0196 | Train Loss 0.1892 | Valid Loss 2.1148 | Train Acc 92.6283| Valid Acc 48.9269
TestSub: S[26, 27, 28, 29, 30] Epoch  6 Finsh | Now_lr 0.0030/0.0030 | Lambda 0.0233 | Train Loss 0.1729 | Valid Loss 2.3350 | Train Acc 93.2679| Valid Acc 50.6293
Validation acc increase (50.291829 --> 50.629256) in epoch (6).  Saving model ...
TestSub: S[26, 27, 28, 29, 30] Epoch  7 Finsh | Now_lr 0.0030/0.0030 | Lambda 0.0269 | Train Loss 0.1555 | Valid Loss 2.2374 | Train Acc 94.0291| Valid Acc 48.7141
TestSub: S[26, 27, 28, 29, 30] Epoch  8 Finsh | Now_lr 0.0030/0.0030 | Lambda 0.0304 | Train Loss 0.1671 | Valid Loss 1.7907 | Train Acc 93.5269| Valid Acc 50.9089
Validation acc increase (50.629256 --> 50.908925) in epoch (8).  Saving model ...
TestSub: S[26, 27, 28, 29, 30] Epoch  9 Finsh | Now_lr 0.0030/0.0030 | Lambda 0.0338 | Train Loss 0.1618 | Valid Loss 2.0952 | Train Acc 93.7482| Valid Acc 49.5045
TestSub: S[26, 27, 28, 29, 30] Epoch 10 Finsh | Now_lr 0.0030/0.0030 | Lambda 0.0370 | Train Loss 0.1298 | Valid Loss 2.2988 | Train Acc 95.0772| Valid Acc 50.6901
TestSub: S[26, 27, 28, 29, 30] Epoch 11 Finsh | Now_lr 0.0030/0.0030 | Lambda 0.0400 | Train Loss 0.1182 | Valid Loss 2.4053 | Train Acc 95.6043| Valid Acc 49.2643
TestSub: S[26, 27, 28, 29, 30] Epoch 12 Finsh | Now_lr 0.0030/0.0030 | Lambda 0.0430 | Train Loss 0.1130 | Valid Loss 2.1890 | Train Acc 95.8001| Valid Acc 50.9363
Validation acc increase (50.908925 --> 50.936284) in epoch (12).  Saving model ...
TestSub: S[26, 27, 28, 29, 30] Epoch 13 Finsh | Now_lr 0.0030/0.0030 | Lambda 0.0457 | Train Loss 0.1156 | Valid Loss 1.9567 | Train Acc 95.7198| Valid Acc 52.8605
Validation acc increase (50.936284 --> 52.860530) in epoch (13).  Saving model ...
TestSub: S[26, 27, 28, 29, 30] Epoch 14 Finsh | Now_lr 0.0030/0.0030 | Lambda 0.0483 | Train Loss 0.1202 | Valid Loss 2.4696 | Train Acc 95.5344| Valid Acc 49.8358
TestSub: S[26, 27, 28, 29, 30] Epoch 15 Finsh | Now_lr 0.0030/0.0030 | Lambda 0.0508 | Train Loss 0.1103 | Valid Loss 2.6032 | Train Acc 95.8834| Valid Acc 47.7170
TestSub: S[26, 27, 28, 29, 30] Epoch 16 Finsh | Now_lr 0.0030/0.0030 | Lambda 0.0531 | Train Loss 0.1071 | Valid Loss 2.4558 | Train Acc 96.0378| Valid Acc 51.0822
TestSub: S[26, 27, 28, 29, 30] Epoch 17 Finsh | Now_lr 0.0030/0.0030 | Lambda 0.0553 | Train Loss 0.1032 | Valid Loss 2.2909 | Train Acc 96.2184| Valid Acc 51.2889
TestSub: S[26, 27, 28, 29, 30] Epoch 18 Finsh | Now_lr 0.0030/0.0030 | Lambda 0.0573 | Train Loss 0.1010 | Valid Loss 2.4452 | Train Acc 96.3333| Valid Acc 50.6293
TestSub: S[26, 27, 28, 29, 30] Epoch 19 Finsh | Now_lr 0.0030/0.0030 | Lambda 0.0592 | Train Loss 0.0972 | Valid Loss 2.2714 | Train Acc 96.4762| Valid Acc 49.7933
TestSub: S[26, 27, 28, 29, 30] Epoch 20 Finsh | Now_lr 0.0030/0.0030 | Lambda 0.0609 | Train Loss 0.0962 | Valid Loss 2.9129 | Train Acc 96.4920| Valid Acc 52.3438
TestSub: S[26, 27, 28, 29, 30] Epoch 21 Finsh | Now_lr 0.0030/0.0030 | Lambda 0.0625 | Train Loss 0.0954 | Valid Loss 2.3540 | Train Acc 96.5108| Valid Acc 51.9303
TestSub: S[26, 27, 28, 29, 30] Epoch 22 Finsh | Now_lr 0.0030/0.0030 | Lambda 0.0640 | Train Loss 0.0930 | Valid Loss 2.2377 | Train Acc 96.6440| Valid Acc 52.3255
TestSub: S[26, 27, 28, 29, 30] Epoch 23 Finsh | Now_lr 0.0030/0.0030 | Lambda 0.0654 | Train Loss 0.0922 | Valid Loss 2.2328 | Train Acc 96.6117| Valid Acc 53.4290
Validation acc increase (52.860530 --> 53.428988) in epoch (23).  Saving model ...
TestSub: S[26, 27, 28, 29, 30] Epoch 24 Finsh | Now_lr 0.0030/0.0030 | Lambda 0.0667 | Train Loss 0.0917 | Valid Loss 2.3271 | Train Acc 96.6580| Valid Acc 49.2157
TestSub: S[26, 27, 28, 29, 30] Epoch 25 Finsh | Now_lr 0.0030/0.0030 | Lambda 0.0679 | Train Loss 0.0908 | Valid Loss 2.2462 | Train Acc 96.7029| Valid Acc 50.1368
TestSub: S[26, 27, 28, 29, 30] Epoch 26 Finsh | Now_lr 0.0030/0.0030 | Lambda 0.0689 | Train Loss 0.0886 | Valid Loss 2.1327 | Train Acc 96.8008| Valid Acc 52.6690
TestSub: S[26, 27, 28, 29, 30] Epoch 27 Finsh | Now_lr 0.0030/0.0030 | Lambda 0.0699 | Train Loss 0.0895 | Valid Loss 2.3734 | Train Acc 96.7406| Valid Acc 50.7448
TestSub: S[26, 27, 28, 29, 30] Epoch 28 Finsh | Now_lr 0.0030/0.0030 | Lambda 0.0708 | Train Loss 0.0868 | Valid Loss 2.7094 | Train Acc 96.8586| Valid Acc 49.5167
TestSub: S[26, 27, 28, 29, 30] Epoch 29 Finsh | Now_lr 0.0030/0.0030 | Lambda 0.0717 | Train Loss 0.0875 | Valid Loss 2.3952 | Train Acc 96.8866| Valid Acc 50.8329
TestSub: S[26, 27, 28, 29, 30] Epoch 30 Finsh | Now_lr 0.0030/0.0030 | Lambda 0.0724 | Train Loss 0.0855 | Valid Loss 2.2791 | Train Acc 96.8999| Valid Acc 49.5775
TestSub: S[26, 27, 28, 29, 30] Epoch 31 Finsh | Now_lr 0.0030/0.0030 | Lambda 0.0731 | Train Loss 0.0848 | Valid Loss 2.1784 | Train Acc 96.9358| Valid Acc 50.8329
TestSub: S[26, 27, 28, 29, 30] Epoch 32 Finsh | Now_lr 0.0030/0.0030 | Lambda 0.0737 | Train Loss 0.0850 | Valid Loss 2.3115 | Train Acc 96.8993| Valid Acc 51.0457
TestSub: S[26, 27, 28, 29, 30] Epoch 33 Finsh | Now_lr 0.0030/0.0030 | Lambda 0.0743 | Train Loss 0.0837 | Valid Loss 2.4804 | Train Acc 96.9990| Valid Acc 52.2343
TestSub: S[26, 27, 28, 29, 30] Epoch 34 Finsh | Now_lr 0.0030/0.0030 | Lambda 0.0748 | Train Loss 0.0845 | Valid Loss 2.3582 | Train Acc 96.9802| Valid Acc 51.3892
TestSub: S[26, 27, 28, 29, 30] Epoch 35 Finsh | Now_lr 0.0030/0.0030 | Lambda 0.0753 | Train Loss 0.0861 | Valid Loss 2.5392 | Train Acc 96.9176| Valid Acc 49.8267
TestSub: S[26, 27, 28, 29, 30] Epoch 36 Finsh | Now_lr 0.0030/0.0030 | Lambda 0.0757 | Train Loss 0.0836 | Valid Loss 2.3712 | Train Acc 97.0246| Valid Acc 49.9149
TestSub: S[26, 27, 28, 29, 30] Epoch 37 Finsh | Now_lr 0.0030/0.0030 | Lambda 0.0761 | Train Loss 0.0841 | Valid Loss 2.3277 | Train Acc 96.8999| Valid Acc 49.5531
TestSub: S[26, 27, 28, 29, 30] Epoch 38 Finsh | Now_lr 0.0030/0.0030 | Lambda 0.0765 | Train Loss 0.0828 | Valid Loss 2.3256 | Train Acc 96.9832| Valid Acc 52.2617
TestSub: S[26, 27, 28, 29, 30] Epoch 39 Finsh | Now_lr 0.0030/0.0030 | Lambda 0.0768 | Train Loss 0.0822 | Valid Loss 2.2930 | Train Acc 96.9936| Valid Acc 52.1066
TestSub: S[26, 27, 28, 29, 30] Epoch 40 Finsh | Now_lr 0.0030/0.0030 | Lambda 0.0771 | Train Loss 0.0811 | Valid Loss 2.5404 | Train Acc 97.0550| Valid Acc 52.8484
TestSub: S[26, 27, 28, 29, 30] Epoch 41 Finsh | Now_lr 0.0030/0.0030 | Lambda 0.0774 | Train Loss 0.0819 | Valid Loss 2.4197 | Train Acc 97.0471| Valid Acc 51.1460
TestSub: S[26, 27, 28, 29, 30] Epoch 42 Finsh | Now_lr 0.0030/0.0030 | Lambda 0.0776 | Train Loss 0.0805 | Valid Loss 2.4194 | Train Acc 97.1164| Valid Acc 52.7541
TestSub: S[26, 27, 28, 29, 30] Epoch 43 Finsh | Now_lr 0.0030/0.0030 | Lambda 0.0779 | Train Loss 0.0828 | Valid Loss 2.4220 | Train Acc 97.0197| Valid Acc 54.3744
Validation acc increase (53.428988 --> 54.374392) in epoch (43).  Saving model ...
TestSub: S[26, 27, 28, 29, 30] Epoch 44 Finsh | Now_lr 0.0030/0.0030 | Lambda 0.0781 | Train Loss 0.0814 | Valid Loss 2.3525 | Train Acc 97.0568| Valid Acc 50.8816
TestSub: S[26, 27, 28, 29, 30] Epoch 45 Finsh | Now_lr 0.0030/0.0030 | Lambda 0.0782 | Train Loss 0.0793 | Valid Loss 2.4044 | Train Acc 97.1389| Valid Acc 53.5810
TestSub: S[26, 27, 28, 29, 30] Epoch 46 Finsh | Now_lr 0.0030/0.0030 | Lambda 0.0784 | Train Loss 0.0795 | Valid Loss 2.3267 | Train Acc 97.1334| Valid Acc 52.9000
TestSub: S[26, 27, 28, 29, 30] Epoch 47 Finsh | Now_lr 0.0030/0.0030 | Lambda 0.0786 | Train Loss 0.0790 | Valid Loss 2.3497 | Train Acc 97.1832| Valid Acc 50.6718
TestSub: S[26, 27, 28, 29, 30] Epoch 48 Finsh | Now_lr 0.0030/0.0030 | Lambda 0.0787 | Train Loss 0.0801 | Valid Loss 2.2966 | Train Acc 97.1237| Valid Acc 50.9272
TestSub: S[26, 27, 28, 29, 30] Epoch 49 Finsh | Now_lr 0.0030/0.0030 | Lambda 0.0788 | Train Loss 0.0786 | Valid Loss 2.2934 | Train Acc 97.1705| Valid Acc 53.3986
TestSub: S[26, 27, 28, 29, 30] Epoch 50 Finsh | Now_lr 0.0030/0.0030 | Lambda 0.0789 | Train Loss 0.0800 | Valid Loss 2.3100 | Train Acc 97.1109| Valid Acc 51.7206
TestSub: S[26, 27, 28, 29, 30] Epoch 51 Finsh | Now_lr 0.0030/0.0030 | Lambda 0.0790 | Train Loss 0.0791 | Valid Loss 2.2844 | Train Acc 97.1607| Valid Acc 51.5686
TestSub: S[26, 27, 28, 29, 30] Epoch 52 Finsh | Now_lr 0.0030/0.0030 | Lambda 0.0791 | Train Loss 0.0789 | Valid Loss 2.2671 | Train Acc 97.1766| Valid Acc 52.8818
TestSub: S[26, 27, 28, 29, 30] Epoch 53 Finsh | Now_lr 0.0030/0.0030 | Lambda 0.0792 | Train Loss 0.0780 | Valid Loss 2.2495 | Train Acc 97.2076| Valid Acc 51.0609
TestSub: S[26, 27, 28, 29, 30] Epoch 54 Finsh | Now_lr 0.0030/0.0030 | Lambda 0.0793 | Train Loss 0.0781 | Valid Loss 2.6717 | Train Acc 97.2264| Valid Acc 51.6811
TestSub: S[26, 27, 28, 29, 30] Epoch 55 Finsh | Now_lr 0.0030/0.0030 | Lambda 0.0793 | Train Loss 0.0785 | Valid Loss 2.3269 | Train Acc 97.1790| Valid Acc 53.5688
TestSub: S[26, 27, 28, 29, 30] Epoch 56 Finsh | Now_lr 0.0030/0.0030 | Lambda 0.0794 | Train Loss 0.0763 | Valid Loss 2.3683 | Train Acc 97.3000| Valid Acc 52.0489
TestSub: S[26, 27, 28, 29, 30] Epoch 57 Finsh | Now_lr 0.0030/0.0030 | Lambda 0.0795 | Train Loss 0.0778 | Valid Loss 2.2661 | Train Acc 97.1972| Valid Acc 51.4318
TestSub: S[26, 27, 28, 29, 30] Epoch 58 Finsh | Now_lr 0.0030/0.0030 | Lambda 0.0795 | Train Loss 0.0778 | Valid Loss 2.1405 | Train Acc 97.2021| Valid Acc 52.7329
TestSub: S[26, 27, 28, 29, 30] Epoch 59 Finsh | Now_lr 0.0030/0.0030 | Lambda 0.0796 | Train Loss 0.0786 | Valid Loss 2.2265 | Train Acc 97.1863| Valid Acc 53.3104
TestSub: S[26, 27, 28, 29, 30] Epoch 60 Finsh | Now_lr 0.0030/0.0030 | Lambda 0.0796 | Train Loss 0.0768 | Valid Loss 2.5852 | Train Acc 97.2538| Valid Acc 50.4499
TestSub: S[26, 27, 28, 29, 30] Epoch 61 Finsh | Now_lr 0.0030/0.0030 | Lambda 0.0796 | Train Loss 0.0770 | Valid Loss 2.2965 | Train Acc 97.2495| Valid Acc 51.6294
TestSub: S[26, 27, 28, 29, 30] Epoch 62 Finsh | Now_lr 0.0030/0.0030 | Lambda 0.0797 | Train Loss 0.0777 | Valid Loss 2.4830 | Train Acc 97.2513| Valid Acc 50.5289
TestSub: S[26, 27, 28, 29, 30] Epoch 63 Finsh | Now_lr 0.0030/0.0030 | Lambda 0.0797 | Train Loss 0.0765 | Valid Loss 2.4099 | Train Acc 97.2659| Valid Acc 52.9061
TestSub: S[26, 27, 28, 29, 30] Epoch 64 Finsh | Now_lr 0.0030/0.0030 | Lambda 0.0797 | Train Loss 0.0780 | Valid Loss 2.4354 | Train Acc 97.2149| Valid Acc 51.9030
TestSub: S[26, 27, 28, 29, 30] Epoch 65 Finsh | Now_lr 0.0030/0.0030 | Lambda 0.0798 | Train Loss 0.0764 | Valid Loss 2.3209 | Train Acc 97.2817| Valid Acc 51.5139
TestSub: S[26, 27, 28, 29, 30] Epoch 66 Finsh | Now_lr 0.0030/0.0030 | Lambda 0.0798 | Train Loss 0.0772 | Valid Loss 2.2750 | Train Acc 97.2349| Valid Acc 53.1098
TestSub: S[26, 27, 28, 29, 30] Epoch 67 Finsh | Now_lr 0.0030/0.0030 | Lambda 0.0798 | Train Loss 0.0853 | Valid Loss 2.3635 | Train Acc 96.9261| Valid Acc 49.1276
TestSub: S[26, 27, 28, 29, 30] Epoch 68 Finsh | Now_lr 0.0030/0.0030 | Lambda 0.0798 | Train Loss 0.0936 | Valid Loss 2.4840 | Train Acc 96.6166| Valid Acc 47.3401
TestSub: S[26, 27, 28, 29, 30] Epoch 69 Finsh | Now_lr 0.0030/0.0030 | Lambda 0.0798 | Train Loss 0.0864 | Valid Loss 2.2767 | Train Acc 96.8993| Valid Acc 52.2890
TestSub: S[26, 27, 28, 29, 30] Epoch 70 Finsh | Now_lr 0.0030/0.0030 | Lambda 0.0799 | Train Loss 0.0835 | Valid Loss 2.4744 | Train Acc 97.0051| Valid Acc 48.5530
TestSub: S[26, 27, 28, 29, 30] Epoch 71 Finsh | Now_lr 0.0030/0.0030 | Lambda 0.0799 | Train Loss 0.0844 | Valid Loss 2.3377 | Train Acc 96.9407| Valid Acc 52.4076
TestSub: S[26, 27, 28, 29, 30] Epoch 72 Finsh | Now_lr 0.0030/0.0030 | Lambda 0.0799 | Train Loss 0.0824 | Valid Loss 2.6309 | Train Acc 97.0434| Valid Acc 49.5683
TestSub: S[26, 27, 28, 29, 30] Epoch 73 Finsh | Now_lr 0.0030/0.0030 | Lambda 0.0799 | Train Loss 0.0831 | Valid Loss 2.6520 | Train Acc 97.0398| Valid Acc 50.0973
Early stopping triggered after 73 epochs (30 epochs without improvement)
--------------------------------------------------
Test_Subject :S[26, 27, 28, 29, 30] |Best epoch:43 | Test Loss:2.4220 | Best Acc 54.3744 | Savemodel Acc 54.3744
--------------------------------------------------
lr:0.003 -> bs:64
6-Fold Cross Subject Accuracies: [59.36588035019456, 52.751094357976655, 53.213156614785994, 54.32879377431906, 55.52650778210116, 54.37439202334631]
Mean Accuracy over 6 folds: 54.9266
============================================================================================================
end time: 25-10-09-12:48:12
