==========================================
SLURM_CLUSTER_NAME = param-shivay
SLURM_ARRAY_JOB_ID = 
SLURM_ARRAY_TASK_ID = 
SLURM_ARRAY_TASK_COUNT = 
SLURM_ARRAY_TASK_MAX = 
SLURM_ARRAY_TASK_MIN = 
SLURM_JOB_ACCOUNT = mechanical_engg
SLURM_JOB_ID = 1157221
SLURM_JOB_NAME = eeg-dan-dual
SLURM_JOB_NODELIST = gpu006
SLURM_JOB_USER = suyash.kumar.mec22.itbhu
SLURM_JOB_UID = 6339
SLURM_JOB_PARTITION = gpu
SLURM_TASK_PID = 155221
SLURM_SUBMIT_DIR = /scratch/suyash.kumar.mec22.itbhu/EEG-AAD/eeg-aad-challenge2026-task1-baselines-master
SLURM_CPUS_ON_NODE = 16
SLURM_NTASKS = 
SLURM_TASK_PID = 155221
==========================================
[TRAINER1] Current device is cuda
[TRAINER1] Setting all seeds to 42 for reproducibility...
[TRAINER1] All seeds set successfully!
[TRAINER1] start time: task1_AAD_MM-AAD_contra1_2025-10-22-18-59-26
[TRAINER1] ============================================================================================================
[TRAINER1] Arguments =
[TRAINER1] 	_action_groups: [<argparse._ArgumentGroup object at 0x7f848773eac0>, <argparse._ArgumentGroup object at 0x7f845e581ca0>]
[TRAINER1] 	_actions: [_HelpAction(option_strings=['-h', '--help'], dest='help', nargs=0, const=None, default='==SUPPRESS==', type=None, choices=None, required=False, help='show this help message and exit', metavar=None)]
[TRAINER1] 	_defaults: {}
[TRAINER1] 	_has_negative_number_optionals: []
[TRAINER1] 	_mutually_exclusive_groups: []
[TRAINER1] 	_negative_number_matcher: re.compile('^-\\d+$|^-\\d*\\.\\d+$')
[TRAINER1] 	_option_string_actions: {'-h': _HelpAction(option_strings=['-h', '--help'], dest='help', nargs=0, const=None, default='==SUPPRESS==', type=None, choices=None, required=False, help='show this help message and exit', metavar=None), '--help': _HelpAction(option_strings=['-h', '--help'], dest='help', nargs=0, const=None, default='==SUPPRESS==', type=None, choices=None, required=False, help='show this help message and exit', metavar=None)}
[TRAINER1] 	_optionals: <argparse._ArgumentGroup object at 0x7f845e581ca0>
[TRAINER1] 	_positionals: <argparse._ArgumentGroup object at 0x7f848773eac0>
[TRAINER1] 	_registries: {'action': {None: <class 'argparse._StoreAction'>, 'store': <class 'argparse._StoreAction'>, 'store_const': <class 'argparse._StoreConstAction'>, 'store_true': <class 'argparse._StoreTrueAction'>, 'store_false': <class 'argparse._StoreFalseAction'>, 'append': <class 'argparse._AppendAction'>, 'append_const': <class 'argparse._AppendConstAction'>, 'count': <class 'argparse._CountAction'>, 'help': <class 'argparse._HelpAction'>, 'version': <class 'argparse._VersionAction'>, 'parsers': <class 'argparse._SubParsersAction'>, 'extend': <class 'argparse._ExtendAction'>}, 'type': {None: <function ArgumentParser.__init__.<locals>.identity at 0x7f845e524790>}}
[TRAINER1] 	_subparsers: None
[TRAINER1] 	add_help: True
[TRAINER1] 	allow_abbrev: True
[TRAINER1] 	argument_default: None
[TRAINER1] 	batch_size: 128
[TRAINER1] 	conflict_handler: error
[TRAINER1] 	data_path: /home/suyash.kumar.mec22.itbhu/EEG-AAD_audio_visual/preprocessed/data/
[TRAINER1] 	dataset: MM-AAD
[TRAINER1] 	description: None
[TRAINER1] 	eeg_channel: 32
[TRAINER1] 	epilog: None
[TRAINER1] 	exit_on_error: True
[TRAINER1] 	fig_path: ./exps/cross-subject/DARNet_Domain_Contra/figures/
[TRAINER1] 	formatter_class: <class 'argparse.HelpFormatter'>
[TRAINER1] 	fromfile_prefix_chars: None
[TRAINER1] 	fs: 128
[TRAINER1] 	label_path: /home/suyash.kumar.mec22.itbhu/EEG-AAD_audio_visual/preprocessed/label/
[TRAINER1] 	lam: 0.2
[TRAINER1] 	lambda_contrastive: 0.3
[TRAINER1] 	lambda_domain: 0.1
[TRAINER1] 	log_interval: 10
[TRAINER1] 	lr: 0.0005
[TRAINER1] 	lr_decayrate: 0.75
[TRAINER1] 	max_epoch: 100
[TRAINER1] 	model: DARNet_Domain_Contra
[TRAINER1] 	model_save_path: ./exps/cross-subject/DARNet_Domain_Contra/baseline_task1_AAD_MM-AAD_contra1_2025-10-22-18-59-26/
[TRAINER1] 	momentum: 0.9
[TRAINER1] 	optimizer: AdamW
[TRAINER1] 	overlap: 0.5
[TRAINER1] 	patience: 10
[TRAINER1] 	prefix_chars: -
[TRAINER1] 	prog: trainer1.py
[TRAINER1] 	seed: 42
[TRAINER1] 	start_time: task1_AAD_MM-AAD_contra1_2025-10-22-18-59-26
[TRAINER1] 	subject_number: 40
[TRAINER1] 	temperature: 0.1
[TRAINER1] 	trail_number: 20
[TRAINER1] 	usage: None
[TRAINER1] 	use_contrastive: True
[TRAINER1] 	use_domain_adversarial: True
[TRAINER1] 	weight_decay: 0.0003
[TRAINER1] 	win_len: 256
[TRAINER1] 	win_time: 2
[TRAINER1] 	window_lap: 128.0
[TRAINER1] ============================================================================================================
[TRAINER1] 
[TRAINER1] ========== Fold 1 ==========
[TRAINER1] Train IDs: [6, 7, 8, 9, 10, 11, 12, 13, 14, 15, 16, 17, 18, 19, 20, 21, 22, 23, 24, 25, 26, 27, 28, 29, 30]
[TRAINER1] Val IDs:   [1, 2, 3, 4, 5]
[TRAINER1] train_data_shape(164500, 32, 128),val_data_shape(32900, 32, 128)
[TRAINER1] =================================================================
[TRAINER1] Layer (type:depth-idx)                   Param #
[TRAINER1] =================================================================
[TRAINER1] DARNet                                   --
[TRAINER1] ├─TokenEmbedding: 1-1                    --
[TRAINER1] │    └─Sequential: 2-1                   --
[TRAINER1] │    │    └─Conv2d: 3-1                  576
[TRAINER1] │    │    └─BatchNorm2d: 3-2             128
[TRAINER1] │    │    └─GELU: 3-3                    --
[TRAINER1] │    └─Sequential: 2-2                   --
[TRAINER1] │    │    └─Conv2d: 3-4                  32,784
[TRAINER1] │    │    └─BatchNorm2d: 3-5             32
[TRAINER1] │    │    └─GELU: 3-6                    --
[TRAINER1] │    └─PositionalEmbedding: 2-3          --
[TRAINER1] ├─Flatten: 1-2                           --
[TRAINER1] ├─Linear: 1-3                            18
[TRAINER1] ├─AttnRefine: 1-4                        --
[TRAINER1] │    └─MyAttention: 2-4                  --
[TRAINER1] │    │    └─Attention: 3-7               800
[TRAINER1] │    └─Refine: 2-5                       --
[TRAINER1] │    │    └─Conv1d: 3-8                  784
[TRAINER1] │    │    └─BatchNorm1d: 3-9             32
[TRAINER1] │    │    └─ELU: 3-10                    --
[TRAINER1] │    │    └─MaxPool1d: 3-11              --
[TRAINER1] │    └─AdaptiveAvgPool1d: 2-6            --
[TRAINER1] │    └─Linear: 2-7                       68
[TRAINER1] │    └─Flatten: 2-8                      --
[TRAINER1] ├─AttnRefine: 1-5                        --
[TRAINER1] │    └─MyAttention: 2-9                  --
[TRAINER1] │    │    └─Attention: 3-12              800
[TRAINER1] │    └─Refine: 2-10                      --
[TRAINER1] │    │    └─Conv1d: 3-13                 784
[TRAINER1] │    │    └─BatchNorm1d: 3-14            32
[TRAINER1] │    │    └─ELU: 3-15                    --
[TRAINER1] │    │    └─MaxPool1d: 3-16              --
[TRAINER1] │    └─AdaptiveAvgPool1d: 2-11           --
[TRAINER1] │    └─Linear: 2-12                      68
[TRAINER1] │    └─Flatten: 2-13                     --
[TRAINER1] ├─GradientReversalLayer: 1-6             --
[TRAINER1] ├─SubjectDiscriminator: 1-7              --
[TRAINER1] │    └─Sequential: 2-14                  --
[TRAINER1] │    │    └─Linear: 3-17                 2,304
[TRAINER1] │    │    └─ReLU: 3-18                   --
[TRAINER1] │    │    └─Dropout: 3-19                --
[TRAINER1] │    │    └─Linear: 3-20                 32,896
[TRAINER1] │    │    └─ReLU: 3-21                   --
[TRAINER1] │    │    └─Dropout: 3-22                --
[TRAINER1] │    │    └─Linear: 3-23                 3,870
[TRAINER1] ├─ContrastiveHead: 1-8                   --
[TRAINER1] │    └─Sequential: 2-15                  --
[TRAINER1] │    │    └─Linear: 3-24                 576
[TRAINER1] │    │    └─ReLU: 3-25                   --
[TRAINER1] │    │    └─Linear: 3-26                 8,320
[TRAINER1] =================================================================
[TRAINER1] Total params: 84,872
[TRAINER1] Trainable params: 84,872
[TRAINER1] Non-trainable params: 0
[TRAINER1] =================================================================
[TRAINER1] /scratch/suyash.kumar.mec22.itbhu/EEG-AAD/eeg-aad-challenge2026-task1-baselines-master/trainer1.py:182: UserWarning: To copy construct from a tensor, it is recommended to use sourceTensor.clone().detach() or sourceTensor.clone().detach().requires_grad_(True), rather than torch.tensor(sourceTensor).
[TRAINER1]   subject_ids = torch.tensor(subject_ids).to(device).long()
[TRAINER1] /home/suyash[TRAINER2] Current device is cuda
[TRAINER2] Setting all seeds to 42 for reproducibility...
[TRAINER2] All seeds set successfully!
[TRAINER2] start time: task1_AAD_MM-AAD_contra2_2025-10-22-18-59-26
[TRAINER2] ============================================================================================================
[TRAINER2] Arguments =
[TRAINER2] 	_action_groups: [<argparse._ArgumentGroup object at 0x7f817a419ac0>, <argparse._ArgumentGroup object at 0x7f815125eca0>]
[TRAINER2] 	_actions: [_HelpAction(option_strings=['-h', '--help'], dest='help', nargs=0, const=None, default='==SUPPRESS==', type=None, choices=None, required=False, help='show this help message and exit', metavar=None)]
[TRAINER2] 	_defaults: {}
[TRAINER2] 	_has_negative_number_optionals: []
[TRAINER2] 	_mutually_exclusive_groups: []
[TRAINER2] 	_negative_number_matcher: re.compile('^-\\d+$|^-\\d*\\.\\d+$')
[TRAINER2] 	_option_string_actions: {'-h': _HelpAction(option_strings=['-h', '--help'], dest='help', nargs=0, const=None, default='==SUPPRESS==', type=None, choices=None, required=False, help='show this help message and exit', metavar=None), '--help': _HelpAction(option_strings=['-h', '--help'], dest='help', nargs=0, const=None, default='==SUPPRESS==', type=None, choices=None, required=False, help='show this help message and exit', metavar=None)}
[TRAINER2] 	_optionals: <argparse._ArgumentGroup object at 0x7f815125eca0>
[TRAINER2] 	_positionals: <argparse._ArgumentGroup object at 0x7f817a419ac0>
[TRAINER2] 	_registries: {'action': {None: <class 'argparse._StoreAction'>, 'store': <class 'argparse._StoreAction'>, 'store_const': <class 'argparse._StoreConstAction'>, 'store_true': <class 'argparse._StoreTrueAction'>, 'store_false': <class 'argparse._StoreFalseAction'>, 'append': <class 'argparse._AppendAction'>, 'append_const': <class 'argparse._AppendConstAction'>, 'count': <class 'argparse._CountAction'>, 'help': <class 'argparse._HelpAction'>, 'version': <class 'argparse._VersionAction'>, 'parsers': <class 'argparse._SubParsersAction'>, 'extend': <class 'argparse._ExtendAction'>}, 'type': {None: <function ArgumentParser.__init__.<locals>.identity at 0x7f8151201790>}}
[TRAINER2] 	_subparsers: None
[TRAINER2] 	add_help: True
[TRAINER2] 	allow_abbrev: True
[TRAINER2] 	argument_default: None
[TRAINER2] 	batch_size: 64
[TRAINER2] 	conflict_handler: error
[TRAINER2] 	data_path: /home/suyash.kumar.mec22.itbhu/EEG-AAD_audio_visual/preprocessed/data/
[TRAINER2] 	dataset: MM-AAD
[TRAINER2] 	description: None
[TRAINER2] 	eeg_channel: 32
[TRAINER2] 	epilog: None
[TRAINER2] 	exit_on_error: True
[TRAINER2] 	fig_path: ./exps/cross-subject/DARNet_Domain_Contra/figures/
[TRAINER2] 	formatter_class: <class 'argparse.HelpFormatter'>
[TRAINER2] 	fromfile_prefix_chars: None
[TRAINER2] 	fs: 128
[TRAINER2] 	label_path: /home/suyash.kumar.mec22.itbhu/EEG-AAD_audio_visual/preprocessed/label/
[TRAINER2] 	lam: 0.2
[TRAINER2] 	lambda_contrastive: 0.8
[TRAINER2] 	lambda_domain: 0.1
[TRAINER2] 	log_interval: 10
[TRAINER2] 	lr: 0.01
[TRAINER2] 	lr_decayrate: 0.5
[TRAINER2] 	max_epoch: 100
[TRAINER2] 	model: DARNet_Domain_Contra
[TRAINER2] 	model_save_path: ./exps/cross-subject/DARNet_Domain_Contra/baseline_task1_AAD_MM-AAD_contra2_2025-10-22-18-59-26/
[TRAINER2] 	momentum: 0.9
[TRAINER2] 	optimizer: SGD
[TRAINER2] 	overlap: 0.5
[TRAINER2] 	patience: 10
[TRAINER2] 	prefix_chars: -
[TRAINER2] 	prog: trainer2.py
[TRAINER2] 	seed: 42
[TRAINER2] 	start_time: task1_AAD_MM-AAD_contra2_2025-10-22-18-59-26
[TRAINER2] 	subject_number: 40
[TRAINER2] 	temperature: 0.07
[TRAINER2] 	trail_number: 20
[TRAINER2] 	usage: None
[TRAINER2] 	use_contrastive: True
[TRAINER2] 	use_domain_adversarial: True
[TRAINER2] 	weight_decay: 0.001
[TRAINER2] 	win_len: 256
[TRAINER2] 	win_time: 2
[TRAINER2] 	window_lap: 128.0
[TRAINER2] ============================================================================================================
[TRAINER2] 
[TRAINER2] ========== Fold 1 ==========
[TRAINER2] Train IDs: [6, 7, 8, 9, 10, 11, 12, 13, 14, 15, 16, 17, 18, 19, 20, 21, 22, 23, 24, 25, 26, 27, 28, 29, 30]
[TRAINER2] Val IDs:   [1, 2, 3, 4, 5]
[TRAINER2] train_data_shape(164500, 32, 128),val_data_shape(32900, 32, 128)
[TRAINER2] =================================================================
[TRAINER2] Layer (type:depth-idx)                   Param #
[TRAINER2] =================================================================
[TRAINER2] DARNet                                   --
[TRAINER2] ├─TokenEmbedding: 1-1                    --
[TRAINER2] │    └─Sequential: 2-1                   --
[TRAINER2] │    │    └─Conv2d: 3-1                  576
[TRAINER2] │    │    └─BatchNorm2d: 3-2             128
[TRAINER2] │    │    └─GELU: 3-3                    --
[TRAINER2] │    └─Sequential: 2-2                   --
[TRAINER2] │    │    └─Conv2d: 3-4                  32,784
[TRAINER2] │    │    └─BatchNorm2d: 3-5             32
[TRAINER2] │    │    └─GELU: 3-6                    --
[TRAINER2] │    └─PositionalEmbedding: 2-3          --
[TRAINER2] ├─Flatten: 1-2                           --
[TRAINER2] ├─Linear: 1-3                            18
[TRAINER2] ├─AttnRefine: 1-4                        --
[TRAINER2] │    └─MyAttention: 2-4                  --
[TRAINER2] │    │    └─Attention: 3-7               800
[TRAINER2] │    └─Refine: 2-5                       --
[TRAINER2] │    │    └─Conv1d: 3-8                  784
[TRAINER2] │    │    └─BatchNorm1d: 3-9             32
[TRAINER2] │    │    └─ELU: 3-10                    --
[TRAINER2] │    │    └─MaxPool1d: 3-11              --
[TRAINER2] │    └─AdaptiveAvgPool1d: 2-6            --
[TRAINER2] │    └─Linear: 2-7                       68
[TRAINER2] │    └─Flatten: 2-8                      --
[TRAINER2] ├─AttnRefine: 1-5                        --
[TRAINER2] │    └─MyAttention: 2-9                  --
[TRAINER2] │    │    └─Attention: 3-12              800
[TRAINER2] │    └─Refine: 2-10                      --
[TRAINER2] │    │    └─Conv1d: 3-13                 784
[TRAINER2] │    │    └─BatchNorm1d: 3-14            32
[TRAINER2] │    │    └─ELU: 3-15                    --
[TRAINER2] │    │    └─MaxPool1d: 3-16              --
[TRAINER2] │    └─AdaptiveAvgPool1d: 2-11           --
[TRAINER2] │    └─Linear: 2-12                      68
[TRAINER2] │    └─Flatten: 2-13                     --
[TRAINER2] ├─GradientReversalLayer: 1-6             --
[TRAINER2] ├─SubjectDiscriminator: 1-7              --
[TRAINER2] │    └─Sequential: 2-14                  --
[TRAINER2] │    │    └─Linear: 3-17                 2,304
[TRAINER2] │    │    └─ReLU: 3-18                   --
[TRAINER2] │    │    └─Dropout: 3-19                --
[TRAINER2] │    │    └─Linear: 3-20                 32,896
[TRAINER2] │    │    └─ReLU: 3-21                   --
[TRAINER2] │    │    └─Dropout: 3-22                --
[TRAINER2] │    │    └─Linear: 3-23                 3,870
[TRAINER2] ├─ContrastiveHead: 1-8                   --
[TRAINER2] │    └─Sequential: 2-15                  --
[TRAINER2] │    │    └─Linear: 3-24                 576
[TRAINER2] │    │    └─ReLU: 3-25                   --
[TRAINER2] │    │    └─Linear: 3-26                 8,320
[TRAINER2] =================================================================
[TRAINER2] Total params: 84,872
[TRAINER2] Trainable params: 84,872
[TRAINER2] Non-trainable params: 0
[TRAINER2] =================================================================
[TRAINER2] /scratch/suyash.kumar.mec22.itbhu/EEG-AAD/eeg-aad-challenge2026-task1-baselines-master/trainer2.py:182: UserWarning: To copy construct from a tensor, it is recommended to use sourceTensor.clone().detach() or sourceTensor.clone().detach().requires_grad_(True), rather than torch.tensor(sourceTensor).
[TRAINER2]   subject_ids = torch.tensor(subject_ids).to(device).long()
[TRAINER2] /home/suyash.kumar.kumar.mec22.itbhu/.conda/envs/eegenv/lib/python3.9/site-packages/torch/nn/modules/conv.py:459: UserWarning: Using padding='same' with even kernel lengths and odd dilation may require a zero-padded copy of the input be created (Triggered internally at ../aten/src/ATen/native/Convolution.cpp:1003.)
[TRAINER1]   return F.conv2d(input, weight, bias, self.stride,
[TRAINER1] TestSub: S[1, 2, 3, 4, 5] Epoch  1 Finsh | Now_lr 0.0005/0.0005 | Train Loss 0.4720 | Valid Loss 1.5279 | Train Acc 75.7788| Valid Acc 47.9724 | Domain Loss 2.9985 | Lambda 0.0050 | Contrastive Loss 0.4766
[TRAINER1] Validation acc increase (0.000000 --> 47.972398) in epoch (1).  Saving model ...
[TRAINER1] /scratch/suyash.kumar.mec22.itbhu/EEG-AAD/eeg-aad-challenge2026-task1-baselines-master/trainer1.py:182: UserWarning: To copy construct from a tensor, it is recommended to use sourceTensor.clone().detach() or sourceTensor.clone().detach().requires_grad_(True), rather than torch.tensor(sourceTensor).
[TRAINER1]   subject_ids = torch.tensor(subject_ids).to(device).long()
[TRAINER1] TestSub: S[1, 2, 3, 4, 5] Epoch  2 Finsh | Now_lr 0.0005/0.0005 | Train Loss 0.3245 | Valid Loss 1.8960 | Train Acc 85.5575| Valid Acc 51.6932 | Domain Loss 2.8056 | Lambda 0.0100 | Contrastive Loss 0.3240
[TRAINER1] Validation acc increase (47.972398 --> 51.693215) in epoch (2).  Saving model ...
[TRAINER1] /scratch/suyash.kumar.mec22.itbhu/EEG-AAD/eeg-aad-challenge2026-task1-baselines-master/trainer1.py:182: UserWarning: To copy construct from a tensor, it is recommended to use sourceTensor.clone().detach() or sourceTensor.clone().detach().requires_grad_(True), rather than torch.tensor(sourceTensor).
[TRAINER1]   subject_ids = torch.tensor(subject_ids).to(device).long()
[TRAINER1] TestSub: S[1, 2, 3, 4, 5] Epoch  3 Finsh | Now_lr 0.0005/0.0005 | Train Loss 0.2700 | Valid Loss 1.9496 | Train Acc 88.4016| Valid Acc 51.4105 | Domain Loss 2.8280 | Lambda 0.0149 | Contrastive Loss 0.2679
[TRAINER1] /scratch/suyash.kumar.mec22.itbhu/EEG-AAD/eeg-aad-challenge2026-task1-baselines-master/trainer1.py:182: UserWarning: To copy construct from a tensor, it is recommended to use sourceTensor.clone().detach() or sourceTensor.clone().detach().requires_grad_(True), rather than torch.tensor(sourceTensor).
[TRAINER1]   subject_ids = torch.tensor(subject_ids).to(device).long()
[TRAINER1] TestSub: S[1, 2, 3, 4, 5] Epoch  4 Finsh | Now_lr 0.0005/0.0005 | Train Loss 0.2310 | Valid Loss 2.1386 | Train Acc 90.3149| Valid Acc 50.5837 | Domain Loss 2.8551 | Lambda 0.0197 | Contrastive Loss 0.2267
[TRAINER1] /scratch/suyash.kumar.mec22.itbhu/EEG-AAD/eeg-aad-challenge2026-task1-baselines-master/trainer1.py:182: UserWarning: To copy construct from a tensor, it is recommended to use sourceTensor.clone().detach() or sourceTensor.clone().detach().requires_grad_(True), rather than torch.tensor(sourceTensor).
[TRAINER1]   subject_ids = torch.tensor(subject_ids).to(device).long()
[TRAINER1] TestSub: S[1, 2, 3, 4, 5] Epoch  5 Finsh | Now_lr 0.0005/0.0005 | Train Loss 0.1918 | Valid Loss 2.1405 | Train Acc 92.2167| Valid Acc 51.9729 | Domain Loss 2.8801 | Lambda 0.0245 | Contrastive Loss 0.1856
[TRAINER1] Validation acc increase (51.693215 --> 51.972884) in epoch (5).  Saving model ...
[TRAINER1] /scratch/suyash.kumar.mec22.itbhu/EEG-AAD/eeg-aad-challenge2026-task1-baselines-master/trainer1.py:182: UserWarning: To copy construct from a tensor, it is recommended to use sourceTensor.clone().detach() or sourceTensor.clone().detach().requires_grad_(True), rather than torch.tensor(sourceTensor).
[TRAINER1]   subject_ids = torch.tensor(subject_ids).to(device).long()
[TRAINER1] TestSub: S[1, 2, 3, 4, 5] Epoch  6 Finsh | Now_lr 0.0005/0.0005 | Train Loss 0.1614 | Valid Loss 2.2407 | Train Acc 93.5810| Valid Acc 52.0793 | Domain Loss 2.9128 | Lambda 0.0291 | Contrastive Loss 0.1548
[TRAINER1] Validation acc increase (51.972884 --> 52.079280) in epoch (6).  Saving model ...
[TRAINER1] /scratch/suyash.kumar.mec22.itbhu/EEG-AAD/eeg-aad-challenge2026-task1-baselines-master/trainer1.py:182: UserWarning: To copy construct from a tensor, it is recommended to use sourceTensor.clone().detach() or sourceTensor.clone().detach().requires_grad_(True), rather than torch.tensor(sourceTensor).
[TRAINER1]   subject_ids = torch.tensor(subject_ids).to(device).long()
[TRAINER1] TestSub: S[1, 2, 3, 4, 5] Epoch  7 Finsh | Now_lr 0.0005/0.0005 | Train Loss 0.1362 | Valid Loss 2.3547 | Train Acc 94.6607| Valid Acc 51.6324 | Domain Loss 2.9551 | Lambda 0.0336 | Contrastive Loss 0.1311
[TRAINER1] /scratch/suyash.kumar.mec22.itbhu/EEG-AAD/eeg-aad-challenge2026-task1-baselines-master/trainer1.py:182: UserWarning: To copy construct from a tensor, it is recommended to use sourceTensor.clone().detach() or sourceTensor.clone().detach().requires_grad_(True), rather than torch.tensor(sourceTensor).
[TRAINER1]   subject_ids = torch.tensor(subject_ids).to(device).long()
[TRAINER1] TestSub: S[1, 2, 3, 4, 5] Epoch  8 Finsh | Now_lr 0.0005/0.0005 | Train Loss 0.1183 | Valid Loss 2.5303 | Train Acc 95.4390| Valid Acc 50.8998 | Domain Loss 2.9939 | Lambda 0.0380 | Contrastive Loss 0.1124
[TRAINER1] /scratch/suyash.kumar.mec22.itbhu/EEG-AAD/eeg-aad-challenge2026-task1-baselines-master/trainer1.py:182: UserWarning: To copy construct from a tensor, it is recommended to use sourceTensor.clone().detach() or sourceTensor.clone().detach().requires_grad_(True), rather than torch.tensor(sourceTensor).
[TRAINER1]   subject_ids = torch.tensor(subject_ids).to(device).long()
[TRAINER1] TestSub: S[1, 2, 3, 4, 5] Epoch  9 Finsh | Now_lr 0.0005/0.0005 | Train Loss 0.1031 | Valid Loss 2.5391 | Train Acc 96.1387| Valid Acc 49.2188 | Domain Loss 2.9918 | Lambda 0.0422 | Contrastive Loss 0.0970
[TRAINER1] /scratch/suyash.kumar.mec22.itbhu/EEG-AAD/eeg-aad-challenge2026-task1-baselines-master/trainer1.py:182: UserWarning: To copy construct from a tensor, it is recommended to use sourceTensor.clone().detach() or sourceTensor.clone().detach().requires_grad_(True), rather than torch.tensor(sourceTensor).
[TRAINER1]   subject_ids = torch.tensor(subject_ids).to(device).long()
[TRAINER1] TestSub: S[1, 2, 3, 4, 5] Epoch 10 Finsh | Now_lr 0.0005/0.0005 | Train Loss 0.0939 | Valid Loss 2.6536 | Train Acc 96.4822| Valid Acc 47.8660 | Domain Loss 3.0305 | Lambda 0.0462 | Contrastive Loss 0.0883
[TRAINER1] /scratch/suyash.kumar.mec22.itbhu/EEG-AAD/eeg-aad-challenge2026-task1-baselines-master/trainer1.py:182: UserWarning: To copy construct from a tensor, it is recommended to use sourceTensor.clone().detach() or sourceTensor.clone().detach().requires_grad_(True), rather than torch.tensor(sourceTensor).
[TRAINER1]   subject_ids = torch.tensor(subject_ids).to(device).long()
[TRAINER1] TestSub: S[1, 2, 3, 4, 5] Epoch 11 Finsh | Now_lr 0.0005/0.0005 | Train Loss 0.0805 | Valid Loss 3.0672 | Train Acc 97.0744| Valid Acc 49.4832 | Domain Loss 3.0227 | Lambda 0.0501 | Contrastive Loss 0.0746
[TRAINER1] /scratch/suyash.kumar.mec22.itbhu/EEG-AAD/eeg-aad-challenge2026-task1-baselines-master/trainer1.py:182: UserWarning: To copy construct from a tensor, it is recommended to use sourceTensor.clone().detach() or sourceTensor.clone().detach().requires_grad_(True), rather than torch.tensor(sourceTensor).
[TRAINER1]   subject_ids = torch.tensor(subject_ids).to(device).long()
[TRAINER1] TestSub: S[1, 2, 3, 4, 5] Epoch 12 Finsh | Now_lr 0.0005/0.0005 | Train Loss 0.0724 | Valid Loss 2.8493 | Train Acc 97.3219| Valid Acc 50.9059 | Domain Loss 3.0531 | Lambda 0.0537 | Contrastive Loss 0.0677
[TRAINER1] /scratch/suyash.kumar.mec22.itbhu/EEG-AAD/eeg-aad-challenge2026-task1-baselines-master/trainer1.py:182: UserWarning: To copy construct from a tensor, it is recommended to use sourceTensor.clone().detach() or sourceTensor.clone().detach().requires_grad_(True), rather than torch.tensor(sourceTensor).
[TRAINER1]   subject_ids = torch.tensor(subject_ids).to(device).long()
[TRAINER1] TestSub: S[1, 2, 3, 4, 5] Epoch 13 Finsh | Now_lr 0.0005/0.0005 | Train Loss 0.0665 | Valid Loss 2.9311 | Train Acc 97.5839| Valid Acc 50.6536 | Domain Loss 3.0470 | Lambda 0.0572 | Contrastive Loss 0.0613
[TRAINER1] /scratch/suyash.kumar.mec22.itbhu/EEG-AAD/e.mec22.itbhu/.conda/envs/eegenv/lib/python3.9/site-packages/torch/nn/modules/conv.py:459: UserWarning: Using padding='same' with even kernel lengths and odd dilation may require a zero-padded copy of the input be created (Triggered internally at ../aten/src/ATen/native/Convolution.cpp:1003.)
[TRAINER2]   return F.conv2d(input, weight, bias, self.stride,
[TRAINER2] TestSub: S[1, 2, 3, 4, 5] Epoch  1 Finsh | Now_lr 0.0100/0.0100 | Train Loss 0.5735 | Valid Loss 1.1863 | Train Acc 67.6751| Valid Acc 45.8323 | Domain Loss 3.1455 | Lambda 0.0050 | Contrastive Loss 0.5899
[TRAINER2] Validation acc increase (0.000000 --> 45.832320) in epoch (1).  Saving model ...
[TRAINER2] /scratch/suyash.kumar.mec22.itbhu/EEG-AAD/eeg-aad-challenge2026-task1-baselines-master/trainer2.py:182: UserWarning: To copy construct from a tensor, it is recommended to use sourceTensor.clone().detach() or sourceTensor.clone().detach().requires_grad_(True), rather than torch.tensor(sourceTensor).
[TRAINER2]   subject_ids = torch.tensor(subject_ids).to(device).long()
[TRAINER2] TestSub: S[1, 2, 3, 4, 5] Epoch  2 Finsh | Now_lr 0.0100/0.0100 | Train Loss 0.4253 | Valid Loss 1.3480 | Train Acc 79.8407| Valid Acc 45.4736 | Domain Loss 3.0142 | Lambda 0.0100 | Contrastive Loss 0.4326
[TRAINER2] /scratch/suyash.kumar.mec22.itbhu/EEG-AAD/eeg-aad-challenge2026-task1-baselines-master/trainer2.py:182: UserWarning: To copy construct from a tensor, it is recommended to use sourceTensor.clone().detach() or sourceTensor.clone().detach().requires_grad_(True), rather than torch.tensor(sourceTensor).
[TRAINER2]   subject_ids = torch.tensor(subject_ids).to(device).long()
[TRAINER2] TestSub: S[1, 2, 3, 4, 5] Epoch  3 Finsh | Now_lr 0.0100/0.0100 | Train Loss 0.3703 | Valid Loss 1.6925 | Train Acc 83.1901| Valid Acc 43.9506 | Domain Loss 2.9742 | Lambda 0.0149 | Contrastive Loss 0.3749
[TRAINER2] /scratch/suyash.kumar.mec22.itbhu/EEG-AAD/eeg-aad-challenge2026-task1-baselines-master/trainer2.py:182: UserWarning: To copy construct from a tensor, it is recommended to use sourceTensor.clone().detach() or sourceTensor.clone().detach().requires_grad_(True), rather than torch.tensor(sourceTensor).
[TRAINER2]   subject_ids = torch.tensor(subject_ids).to(device).long()
[TRAINER2] TestSub: S[1, 2, 3, 4, 5] Epoch  4 Finsh | Now_lr 0.0100/0.0100 | Train Loss 0.3434 | Valid Loss 1.8080 | Train Acc 84.7033| Valid Acc 45.9478 | Domain Loss 2.9887 | Lambda 0.0197 | Contrastive Loss 0.3479
[TRAINER2] Validation acc increase (45.832320 --> 45.947836) in epoch (4).  Saving model ...
[TRAINER2] /scratch/suyash.kumar.mec22.itbhu/EEG-AAD/eeg-aad-challenge2026-task1-baselines-master/trainer2.py:182: UserWarning: To copy construct from a tensor, it is recommended to use sourceTensor.clone().detach() or sourceTensor.clone().detach().requires_grad_(True), rather than torch.tensor(sourceTensor).
[TRAINER2]   subject_ids = torch.tensor(subject_ids).to(device).long()
[TRAINER2] TestSub: S[1, 2, 3, 4, 5] Epoch  5 Finsh | Now_lr 0.0100/0.0100 | Train Loss 0.3143 | Valid Loss 1.6046 | Train Acc 86.3339| Valid Acc 49.8632 | Domain Loss 2.9967 | Lambda 0.0245 | Contrastive Loss 0.3173
[TRAINER2] Validation acc increase (45.947836 --> 49.863205) in epoch (5).  Saving model ...
[TRAINER2] /scratch/suyash.kumar.mec22.itbhu/EEG-AAD/eeg-aad-challenge2026-task1-baselines-master/trainer2.py:182: UserWarning: To copy construct from a tensor, it is recommended to use sourceTensor.clone().detach() or sourceTensor.clone().detach().requires_grad_(True), rather than torch.tensor(sourceTensor).
[TRAINER2]   subject_ids = torch.tensor(subject_ids).to(device).long()
[TRAINER2] TestSub: S[1, 2, 3, 4, 5] Epoch  6 Finsh | Now_lr 0.0100/0.0100 | Train Loss 0.2809 | Valid Loss 1.5574 | Train Acc 88.0563| Valid Acc 48.9391 | Domain Loss 3.0543 | Lambda 0.0291 | Contrastive Loss 0.2820
[TRAINER2] /scratch/suyash.kumar.mec22.itbhu/EEG-AAD/eeg-aad-challenge2026-task1-baselines-master/trainer2.py:182: UserWarning: To copy construct from a tensor, it is recommended to use sourceTensor.clone().detach() or sourceTensor.clone().detach().requires_grad_(True), rather than torch.tensor(sourceTensor).
[TRAINER2]   subject_ids = torch.tensor(subject_ids).to(device).long()
[TRAINER2] TestSub: S[1, 2, 3, 4, 5] Epoch  7 Finsh | Now_lr 0.0100/0.0100 | Train Loss 0.2399 | Valid Loss 1.8772 | Train Acc 89.9757| Valid Acc 47.2671 | Domain Loss 3.0742 | Lambda 0.0336 | Contrastive Loss 0.2387
[TRAINER2] /scratch/suyash.kumar.mec22.itbhu/EEG-AAD/eeg-aad-challenge2026-task1-baselines-master/trainer2.py:182: UserWarning: To copy construct from a tensor, it is recommended to use sourceTensor.clone().detach() or sourceTensor.clone().detach().requires_grad_(True), rather than torch.tensor(sourceTensor).
[TRAINER2]   subject_ids = torch.tensor(subject_ids).to(device).long()
[TRAINER2] TestSub: S[1, 2, 3, 4, 5] Epoch  8 Finsh | Now_lr 0.0100/0.0100 | Train Loss 0.2080 | Valid Loss 1.8184 | Train Acc 91.5643| Valid Acc 51.6993 | Domain Loss 3.0927 | Lambda 0.0380 | Contrastive Loss 0.2067
[TRAINER2] Validation acc increase (49.863205 --> 51.699295) in epoch (8).  Saving model ...
[TRAINER2] /scratch/suyash.kumar.mec22.itbhu/EEG-AAD/eeg-aad-challenge2026-task1-baselines-master/trainer2.py:182: UserWarning: To copy construct from a tensor, it is recommended to use sourceTensor.clone().detach() or sourceTensor.clone().detach().requires_grad_(True), rather than torch.tensor(sourceTensor).
[TRAINER2]   subject_ids = torch.tensor(subject_ids).to(device).long()
[TRAINER2] TestSub: S[1, 2, 3, 4, 5] Epoch  9 Finsh | Now_lr 0.0100/0.0100 | Train Loss 0.1913 | Valid Loss 1.6688 | Train Acc 92.3377| Valid Acc 52.3012 | Domain Loss 3.1047 | Lambda 0.0422 | Contrastive Loss 0.1881
[TRAINER2] Validation acc increase (51.699295 --> 52.301192) in epoch (9).  Saving model ...
[TRAINER2] /scratch/suyash.kumar.mec22.itbhu/EEG-AAD/eeg-aad-challenge2026-task1-baselines-master/trainer2.py:182: UserWarning: To copy construct from a tensor, it is recommended to use sourceTensor.clone().detach() or sourceTensor.clone().detach().requires_grad_(True), rather than torch.tensor(sourceTensor).
[TRAINER2]   subject_ids = torch.tensor(subject_ids).to(device).long()
[TRAINER2] TestSub: S[1, 2, 3, 4, 5] Epoch 10 Finsh | Now_lr 0.0100/0.0100 | Train Loss 0.1752 | Valid Loss 2.1460 | Train Acc 93.0417| Valid Acc 49.9544 | Domain Loss 3.1364 | Lambda 0.0462 | Contrastive Loss 0.1722
[TRAINER2] /scratch/suyash.kumar.mec22.itbhu/EEG-AAD/eeg-aad-challenge2026-task1-baselines-master/trainer2.py:182: UserWarning: To copy construct from a tensor, it is recommended to use sourceTensor.clone().detach() or sourceTensor.clone().detach().requires_grad_(True), rather than torch.tensor(sourceTensor).
[TRAINER2]   subject_ids = torch.tensor(subject_ids).to(device).long()
[TRAINER2] TestSub: S[1, 2, 3, 4, 5] Epoch 11 Finsh | Now_lr 0.0100/0.0100 | Train Loss 0.1647 | Valid Loss 2.1366 | Train Acc 93.5901| Valid Acc 47.1881 | Domain Loss 3.1276 | Lambda 0.0501 | Contrastive Loss 0.1610
[TRAINER2] /scratch/suyash.kumar.mec22.itbhu/EEG-AAD/eeg-aad-challenge2026-task1-baselines-master/trainer2.py:182: UserWarning: To copy construct from a tensor, it is recommended to use sourceTensor.clone().detach() or sourceTensor.clone().detach().requires_grad_(True), rather than torch.tensor(sourceTensor).
[TRAINER2]   subject_ids = torch.tensor(subject_ids).to(device).long()
[TRAINER2] TestSub: S[1, 2, 3, 4, 5] Epoch 12 Finsh | Now_lr 0.0100/0.0100 | Train Loss 0.1534 | Valid Loss 1.8735 | Train Acc 94.0728| Valid Acc 50.5198 | Domain Loss 3.1432 | Lambda 0.0537 | Contrastive Loss 0.1518
[TRAINER2] /scratch/suyash.kumar.mec22.itbhu/EEG-AAD/eeg-aad-challenge2026-task1-baselines-master/trainer2.py:182: UserWarning: To copy construct from a tensor, it is recommended to use sourceTensor.clone().detach() or sourceTensor.clone().detach().requires_grad_(True), rather than torch.tensor(sourceTensor).
[TRAINER2]   subject_ids = torch.tensor(subject_ids).to(device).long()
[TRAINER2] TestSub: S[1, 2, 3, 4, 5] Epoch 13 Finsh | Now_lr 0.0100/0.0100 | Train Loss 0.1460 | Valid Loss 1.7651 | Train Acc 94.3981| Valid Acc 49.7386 | Domain Loss 3.1681 | Lambda eg-aad-challenge2026-task1-baselines-master/trainer1.py:182: UserWarning: To copy construct from a tensor, it is recommended to use sourceTensor.clone().detach() or sourceTensor.clone().detach().requires_grad_(True), rather than torch.tensor(sourceTensor).
[TRAINER1]   subject_ids = torch.tensor(subject_ids).to(device).long()
[TRAINER1] TestSub: S[1, 2, 3, 4, 5] Epoch 14 Finsh | Now_lr 0.0005/0.0005 | Train Loss 0.0620 | Valid Loss 3.0660 | Train Acc 97.7286| Valid Acc 50.8907 | Domain Loss 3.0436 | Lambda 0.0604 | Contrastive Loss 0.0563
[TRAINER1] /scratch/suyash.kumar.mec22.itbhu/EEG-AAD/eeg-aad-challenge2026-task1-baselines-master/trainer1.py:182: UserWarning: To copy construct from a tensor, it is recommended to use sourceTensor.clone().detach() or sourceTensor.clone().detach().requires_grad_(True), rather than torch.tensor(sourceTensor).
[TRAINER1]   subject_ids = torch.tensor(subject_ids).to(device).long()
[TRAINER1] TestSub: S[1, 2, 3, 4, 5] Epoch 15 Finsh | Now_lr 0.0005/0.0005 | Train Loss 0.0559 | Valid Loss 3.2062 | Train Acc 98.0119| Valid Acc 48.9482 | Domain Loss 3.0538 | Lambda 0.0635 | Contrastive Loss 0.0506
[TRAINER1] /scratch/suyash.kumar.mec22.itbhu/EEG-AAD/eeg-aad-challenge2026-task1-baselines-master/trainer1.py:182: UserWarning: To copy construct from a tensor, it is recommended to use sourceTensor.clone().detach() or sourceTensor.clone().detach().requires_grad_(True), rather than torch.tensor(sourceTensor).
[TRAINER1]   subject_ids = torch.tensor(subject_ids).to(device).long()
[TRAINER1] TestSub: S[1, 2, 3, 4, 5] Epoch 16 Finsh | Now_lr 0.0005/0.0005 | Train Loss 0.0539 | Valid Loss 3.0224 | Train Acc 98.0982| Valid Acc 49.7690 | Domain Loss 3.0902 | Lambda 0.0664 | Contrastive Loss 0.0495
[TRAINER1] /scratch/suyash.kumar.mec22.itbhu/EEG-AAD/eeg-aad-challenge2026-task1-baselines-master/trainer1.py:182: UserWarning: To copy construct from a tensor, it is recommended to use sourceTensor.clone().detach() or sourceTensor.clone().detach().requires_grad_(True), rather than torch.tensor(sourceTensor).
[TRAINER1]   subject_ids = torch.tensor(subject_ids).to(device).long()
[TRAINER1] TestSub: S[1, 2, 3, 4, 5] Epoch 17 Finsh | Now_lr 0.0005/0.0005 | Train Loss 0.0492 | Valid Loss 3.2751 | Train Acc 98.2484| Valid Acc 49.2218 | Domain Loss 3.1079 | Lambda 0.0691 | Contrastive Loss 0.0442
[TRAINER1] /scratch/suyash.kumar.mec22.itbhu/EEG-AAD/eeg-aad-challenge2026-task1-baselines-master/trainer1.py:182: UserWarning: To copy construct from a tensor, it is recommended to use sourceTensor.clone().detach() or sourceTensor.clone().detach().requires_grad_(True), rather than torch.tensor(sourceTensor).
[TRAINER1]   subject_ids = torch.tensor(subject_ids).to(device).long()
[TRAINER1] TestSub: S[1, 2, 3, 4, 5] Epoch 18 Finsh | Now_lr 0.0005/0.0005 | Train Loss 0.0459 | Valid Loss 3.2843 | Train Acc 98.3937| Valid Acc 50.8785 | Domain Loss 3.1139 | Lambda 0.0716 | Contrastive Loss 0.0418
[TRAINER1] /scratch/suyash.kumar.mec22.itbhu/EEG-AAD/eeg-aad-challenge2026-task1-baselines-master/trainer1.py:182: UserWarning: To copy construct from a tensor, it is recommended to use sourceTensor.clone().detach() or sourceTensor.clone().detach().requires_grad_(True), rather than torch.tensor(sourceTensor).
[TRAINER1]   subject_ids = torch.tensor(subject_ids).to(device).long()
[TRAINER1] TestSub: S[1, 2, 3, 4, 5] Epoch 19 Finsh | Now_lr 0.0005/0.0005 | Train Loss 0.0446 | Valid Loss 3.3343 | Train Acc 98.4399| Valid Acc 51.2403 | Domain Loss 3.1253 | Lambda 0.0740 | Contrastive Loss 0.0400
[TRAINER1] /scratch/suyash.kumar.mec22.itbhu/EEG-AAD/eeg-aad-challenge2026-task1-baselines-master/trainer1.py:182: UserWarning: To copy construct from a tensor, it is recommended to use sourceTensor.clone().detach() or sourceTensor.clone().detach().requires_grad_(True), rather than torch.tensor(sourceTensor).
[TRAINER1]   subject_ids = torch.tensor(subject_ids).to(device).long()
[TRAINER1] TestSub: S[1, 2, 3, 4, 5] Epoch 20 Finsh | Now_lr 0.0005/0.0005 | Train Loss 0.0419 | Valid Loss 3.3775 | Train Acc 98.5263| Valid Acc 49.8754 | Domain Loss 3.1374 | Lambda 0.0762 | Contrastive Loss 0.0383
[TRAINER1] /scratch/suyash.kumar.mec22.itbhu/EEG-AAD/eeg-aad-challenge2026-task1-baselines-master/trainer1.py:182: UserWarning: To copy construct from a tensor, it is recommended to use sourceTensor.clone().detach() or sourceTensor.clone().detach().requires_grad_(True), rather than torch.tensor(sourceTensor).
[TRAINER1]   subject_ids = torch.tensor(subject_ids).to(device).long()
[TRAINER1] TestSub: S[1, 2, 3, 4, 5] Epoch 21 Finsh | Now_lr 0.0005/0.0005 | Train Loss 0.0385 | Valid Loss 3.4518 | Train Acc 98.6448| Valid Acc 50.6627 | Domain Loss 3.1201 | Lambda 0.0782 | Contrastive Loss 0.0352
[TRAINER1] /scratch/suyash.kumar.mec22.itbhu/EEG-AAD/eeg-aad-challenge2026-task1-baselines-master/trainer1.py:182: UserWarning: To copy construct from a tensor, it is recommended to use sourceTensor.clone().detach() or sourceTensor.clone().detach().requires_grad_(True), rather than torch.tensor(sourceTensor).
[TRAINER1]   subject_ids = torch.tensor(subject_ids).to(device).long()
[TRAINER1] TestSub: S[1, 2, 3, 4, 5] Epoch 22 Finsh | Now_lr 0.0005/0.0005 | Train Loss 0.0369 | Valid Loss 3.4778 | Train Acc 98.6959| Valid Acc 49.9514 | Domain Loss 3.1224 | Lambda 0.0800 | Contrastive Loss 0.0336
[TRAINER1] /scratch/suyash.kumar.mec22.itbhu/EEG-AAD/eeg-aad-challenge2026-task1-baselines-master/trainer1.py:182: UserWarning: To copy construct from a tensor, it is recommended to use sourceTensor.clone().detach() or sourceTensor.clone().detach().requires_grad_(True), rather than torch.tensor(sourceTensor).
[TRAINER1]   subject_ids = torch.tensor(subject_ids).to(device).long()
[TRAINER1] TestSub: S[1, 2, 3, 4, 5] Epoch 23 Finsh | Now_lr 0.0005/0.0005 | Train Loss 0.0363 | Valid Loss 3.3922 | Train Acc 98.7287| Valid Acc 50.3769 | Domain Loss 3.1121 | Lambda 0.0818 | Contrastive Loss 0.0326
[TRAINER1] /scratch/suyash.kumar.mec22.itbhu/EEG-AAD/eeg-aad-challenge2026-task1-baselines-master/trainer1.py:182: UserWarning: To copy construct from a tensor, it is recommended to use sourceTensor.clone().detach() or sourceTensor.clone().detach().requires_grad_(True), rather than torch.tensor(sourceTensor).
[TRAINER1]   subject_ids = torch.tensor(subject_ids).to(device).long()
[TRAINER1] TestSub: S[1, 2, 3, 4, 5] Epoch 24 Finsh | Now_lr 0.0005/0.0005 | Train Loss 0.0334 | Valid Loss 3.4711 | Train Acc 98.8272| Valid Acc 51.1460 | Domain Loss 3.1406 | Lambda 0.0834 | Contrastive Loss 0.0299
[TRAINER1] /scratch/suyash.kumar.mec22.itbhu/EEG-AAD/eeg-aad-challenge2026-task1-baselines-master/trainer1.py:182: UserWarning: To copy construct from a tensor, it is recommended to use sourceTensor.clone().detach() or sourceTensor.clone().detach().requires_grad_(True), rather than torch.tensor(sourceTensor).
[TRAINER1]   subject_ids = torch.tensor(subject_ids).to(device).long()
[TRAINER1] TestSub: S[1, 2, 3, 4, 5] Epoch 25 Finsh | Now_lr 0.0005/0.0005 | Train Loss 0.0324 | Valid Loss 3.4934 | Train Acc 98.8698| Valid Acc 51.2494 | Domain Loss 3.1340 | Lambda 0.0848 | Contrastive Loss 0.0291
[TRAINER1] /scratch/suyash.kumar.mec22.itbhu/EEG-AAD/eeg-aad-challenge2026-task1-baselines-master/trainer1.py:182: UserWarning: To copy construct from a tensor, it is recommended to use sourceTensor.clone().detach() or sourceTensor.clone().detach().requires_grad_(True), rather than torch.tensor(sourceTensor).
[TRAINER1]   subject_ids = torch.tensor(subject_ids).to(device).long()
[TRAINER1] TestSub: S[1, 2, 3, 4, 5] Epoch 26 Finsh | Now_lr 0.0005/0.0005 | Train Loss 0.0319 | Valid Loss 3.5524 | Train Acc 98.8838| Valid Acc 50.8268 | Domain Loss 3.1267 | Lambda 0.0862 | Contrastive Loss 0.0279
[TRAINER1] /scratch/suyash.kumar.mec22.itbhu/EEG-AAD/eeg-aad-challenge2026-task1-baselines-master/trainer1.py:182: UserWarning: To copy construct from a tensor, it is recommended to use sourceTensor.clone().detach() or sourceTensor.clone().detach().requires_grad_(True), rather than torch.tensor(sourceTensor).
[TRAINER1]   subject_ids = torch.tensor(subject_ids).to(device).long()
[TRAINER1] TestSub: S[1, 2, 3, 4, 5] Epoch 27 Finsh | Now_lr 0.0005/0.0005 | 0.0572 | Contrastive Loss 0.1434
[TRAINER2] /scratch/suyash.kumar.mec22.itbhu/EEG-AAD/eeg-aad-challenge2026-task1-baselines-master/trainer2.py:182: UserWarning: To copy construct from a tensor, it is recommended to use sourceTensor.clone().detach() or sourceTensor.clone().detach().requires_grad_(True), rather than torch.tensor(sourceTensor).
[TRAINER2]   subject_ids = torch.tensor(subject_ids).to(device).long()
[TRAINER2] TestSub: S[1, 2, 3, 4, 5] Epoch 14 Finsh | Now_lr 0.0100/0.0100 | Train Loss 0.1395 | Valid Loss 1.8767 | Train Acc 94.6814| Valid Acc 50.2705 | Domain Loss 3.1723 | Lambda 0.0604 | Contrastive Loss 0.1375
[TRAINER2] /scratch/suyash.kumar.mec22.itbhu/EEG-AAD/eeg-aad-challenge2026-task1-baselines-master/trainer2.py:182: UserWarning: To copy construct from a tensor, it is recommended to use sourceTensor.clone().detach() or sourceTensor.clone().detach().requires_grad_(True), rather than torch.tensor(sourceTensor).
[TRAINER2]   subject_ids = torch.tensor(subject_ids).to(device).long()
[TRAINER2] TestSub: S[1, 2, 3, 4, 5] Epoch 15 Finsh | Now_lr 0.0100/0.0100 | Train Loss 0.1355 | Valid Loss 1.7752 | Train Acc 94.7671| Valid Acc 51.4257 | Domain Loss 3.1757 | Lambda 0.0635 | Contrastive Loss 0.1328
[TRAINER2] /scratch/suyash.kumar.mec22.itbhu/EEG-AAD/eeg-aad-challenge2026-task1-baselines-master/trainer2.py:182: UserWarning: To copy construct from a tensor, it is recommended to use sourceTensor.clone().detach() or sourceTensor.clone().detach().requires_grad_(True), rather than torch.tensor(sourceTensor).
[TRAINER2]   subject_ids = torch.tensor(subject_ids).to(device).long()
[TRAINER2] TestSub: S[1, 2, 3, 4, 5] Epoch 16 Finsh | Now_lr 0.0100/0.0100 | Train Loss 0.1297 | Valid Loss 1.9365 | Train Acc 95.0924| Valid Acc 51.9060 | Domain Loss 3.1770 | Lambda 0.0664 | Contrastive Loss 0.1259
[TRAINER2] /scratch/suyash.kumar.mec22.itbhu/EEG-AAD/eeg-aad-challenge2026-task1-baselines-master/trainer2.py:182: UserWarning: To copy construct from a tensor, it is recommended to use sourceTensor.clone().detach() or sourceTensor.clone().detach().requires_grad_(True), rather than torch.tensor(sourceTensor).
[TRAINER2]   subject_ids = torch.tensor(subject_ids).to(device).long()
[TRAINER2] TestSub: S[1, 2, 3, 4, 5] Epoch 17 Finsh | Now_lr 0.0100/0.0100 | Train Loss 0.1278 | Valid Loss 1.9113 | Train Acc 95.1471| Valid Acc 52.2343 | Domain Loss 3.1752 | Lambda 0.0691 | Contrastive Loss 0.1253
[TRAINER2] /scratch/suyash.kumar.mec22.itbhu/EEG-AAD/eeg-aad-challenge2026-task1-baselines-master/trainer2.py:182: UserWarning: To copy construct from a tensor, it is recommended to use sourceTensor.clone().detach() or sourceTensor.clone().detach().requires_grad_(True), rather than torch.tensor(sourceTensor).
[TRAINER2]   subject_ids = torch.tensor(subject_ids).to(device).long()
[TRAINER2] TestSub: S[1, 2, 3, 4, 5] Epoch 18 Finsh | Now_lr 0.0100/0.0100 | Train Loss 0.1236 | Valid Loss 2.2430 | Train Acc 95.3228| Valid Acc 52.4319 | Domain Loss 3.1827 | Lambda 0.0716 | Contrastive Loss 0.1217
[TRAINER2] Validation acc increase (52.301192 --> 52.431907) in epoch (18).  Saving model ...
[TRAINER2] /scratch/suyash.kumar.mec22.itbhu/EEG-AAD/eeg-aad-challenge2026-task1-baselines-master/trainer2.py:182: UserWarning: To copy construct from a tensor, it is recommended to use sourceTensor.clone().detach() or sourceTensor.clone().detach().requires_grad_(True), rather than torch.tensor(sourceTensor).
[TRAINER2]   subject_ids = torch.tensor(subject_ids).to(device).long()
[TRAINER2] TestSub: S[1, 2, 3, 4, 5] Epoch 19 Finsh | Now_lr 0.0100/0.0100 | Train Loss 0.1245 | Valid Loss 2.0666 | Train Acc 95.3453| Valid Acc 51.6385 | Domain Loss 3.1824 | Lambda 0.0740 | Contrastive Loss 0.1230
[TRAINER2] /scratch/suyash.kumar.mec22.itbhu/EEG-AAD/eeg-aad-challenge2026-task1-baselines-master/trainer2.py:182: UserWarning: To copy construct from a tensor, it is recommended to use sourceTensor.clone().detach() or sourceTensor.clone().detach().requires_grad_(True), rather than torch.tensor(sourceTensor).
[TRAINER2]   subject_ids = torch.tensor(subject_ids).to(device).long()
[TRAINER2] TestSub: S[1, 2, 3, 4, 5] Epoch 20 Finsh | Now_lr 0.0100/0.0100 | Train Loss 0.1211 | Valid Loss 2.0198 | Train Acc 95.4724| Valid Acc 49.2583 | Domain Loss 3.1901 | Lambda 0.0762 | Contrastive Loss 0.1185
[TRAINER2] /scratch/suyash.kumar.mec22.itbhu/EEG-AAD/eeg-aad-challenge2026-task1-baselines-master/trainer2.py:182: UserWarning: To copy construct from a tensor, it is recommended to use sourceTensor.clone().detach() or sourceTensor.clone().detach().requires_grad_(True), rather than torch.tensor(sourceTensor).
[TRAINER2]   subject_ids = torch.tensor(subject_ids).to(device).long()
[TRAINER2] TestSub: S[1, 2, 3, 4, 5] Epoch 21 Finsh | Now_lr 0.0100/0.0100 | Train Loss 0.1184 | Valid Loss 2.2740 | Train Acc 95.5587| Valid Acc 52.4471 | Domain Loss 3.1922 | Lambda 0.0782 | Contrastive Loss 0.1160
[TRAINER2] Validation acc increase (52.431907 --> 52.447106) in epoch (21).  Saving model ...
[TRAINER2] /scratch/suyash.kumar.mec22.itbhu/EEG-AAD/eeg-aad-challenge2026-task1-baselines-master/trainer2.py:182: UserWarning: To copy construct from a tensor, it is recommended to use sourceTensor.clone().detach() or sourceTensor.clone().detach().requires_grad_(True), rather than torch.tensor(sourceTensor).
[TRAINER2]   subject_ids = torch.tensor(subject_ids).to(device).long()
[TRAINER2] TestSub: S[1, 2, 3, 4, 5] Epoch 22 Finsh | Now_lr 0.0100/0.0100 | Train Loss 0.1165 | Valid Loss 2.0569 | Train Acc 95.6499| Valid Acc 51.0275 | Domain Loss 3.1929 | Lambda 0.0800 | Contrastive Loss 0.1149
[TRAINER2] /scratch/suyash.kumar.mec22.itbhu/EEG-AAD/eeg-aad-challenge2026-task1-baselines-master/trainer2.py:182: UserWarning: To copy construct from a tensor, it is recommended to use sourceTensor.clone().detach() or sourceTensor.clone().detach().requires_grad_(True), rather than torch.tensor(sourceTensor).
[TRAINER2]   subject_ids = torch.tensor(subject_ids).to(device).long()
[TRAINER2] TestSub: S[1, 2, 3, 4, 5] Epoch 23 Finsh | Now_lr 0.0100/0.0100 | Train Loss 0.1150 | Valid Loss 1.9254 | Train Acc 95.7040| Valid Acc 54.2680 | Domain Loss 3.1977 | Lambda 0.0818 | Contrastive Loss 0.1116
[TRAINER2] Validation acc increase (52.447106 --> 54.267996) in epoch (23).  Saving model ...
[TRAINER2] /scratch/suyash.kumar.mec22.itbhu/EEG-AAD/eeg-aad-challenge2026-task1-baselines-master/trainer2.py:182: UserWarning: To copy construct from a tensor, it is recommended to use sourceTensor.clone().detach() or sourceTensor.clone().detach().requires_grad_(True), rather than torch.tensor(sourceTensor).
[TRAINER2]   subject_ids = torch.tensor(subject_ids).to(device).long()
[TRAINER2] TestSub: S[1, 2, 3, 4, 5] Epoch 24 Finsh | Now_lr 0.0100/0.0100 | Train Loss 0.1157 | Valid Loss 1.9778 | Train Acc 95.6797| Valid Acc 52.1553 | Domain Loss 3.1952 | Lambda 0.0834 | Contrastive Loss 0.1137
[TRAINER2] /scratch/suyash.kumar.mec22.itbhu/EEG-AAD/eeg-aad-challenge2026-task1-baselines-master/trainer2.py:182: UserWarning: To copy construct from a tensor, it is recommended to use sourceTensor.clone().detach() or sourceTensor.clone().detach().requires_grad_(True), rather than torch.tensor(sourceTensor).
[TRAINER2]   subject_ids = torch.tensor(subject_ids).to(device).long()
[TRAINER2] TestSub: S[1, 2, 3, 4, 5] Epoch 25 Finsh | Now_lr 0.0100/0.0100 | Train Loss 0.1147 | Valid Loss 1.8869 | Train Acc 95.7205| Valid Acc 53.3348 | Domain Loss 3.1962 | Lambda 0.0848 | Contrastive Loss 0.1140
[TRAINER2] /scratch/suyash.kumar.mec22.itbhu/EEG-AAD/eeg-aad-challenge2026-task1-baselines-master/trainer2.py:182: UserWarning: To copy construct from a tensor, it is recommended to use sourceTensor.clone().detach() or sourceTensor.clone().detach().requires_grad_(True), rather than torch.tensor(sourceTensor).
[TRAINER2]   subject_ids = torch.tensor(subject_ids).to(device).long()
[TRAINER2] TestSub: S[1, 2, 3, 4, 5] Epoch 26 Finsh | Now_lr 0.0100/0.0100 | Train Loss 0.1102 | Valid Loss 2.0537 | Train Acc 95.9436| Valid Acc 53.8242 | Domain Loss 3.1975 | Lambda 0.0862 | Contrastive Loss 0.1077
[TRAINER2] /scratch/suyash.kumar.mec22.itbhu/EEG-AAD/eeg-aad-challenge2026-task1-baselinesTrain Loss 0.0312 | Valid Loss 3.5138 | Train Acc 98.9002| Valid Acc 50.5958 | Domain Loss 3.1204 | Lambda 0.0874 | Contrastive Loss 0.0280
[TRAINER1] /scratch/suyash.kumar.mec22.itbhu/EEG-AAD/eeg-aad-challenge2026-task1-baselines-master/trainer1.py:182: UserWarning: To copy construct from a tensor, it is recommended to use sourceTensor.clone().detach() or sourceTensor.clone().detach().requires_grad_(True), rather than torch.tensor(sourceTensor).
[TRAINER1]   subject_ids = torch.tensor(subject_ids).to(device).long()
[TRAINER1] TestSub: S[1, 2, 3, 4, 5] Epoch 28 Finsh | Now_lr 0.0005/0.0005 | Train Loss 0.0295 | Valid Loss 3.6897 | Train Acc 98.9816| Valid Acc 50.8268 | Domain Loss 3.1234 | Lambda 0.0885 | Contrastive Loss 0.0262
[TRAINER1] /scratch/suyash.kumar.mec22.itbhu/EEG-AAD/eeg-aad-challenge2026-task1-baselines-master/trainer1.py:182: UserWarning: To copy construct from a tensor, it is recommended to use sourceTensor.clone().detach() or sourceTensor.clone().detach().requires_grad_(True), rather than torch.tensor(sourceTensor).
[TRAINER1]   subject_ids = torch.tensor(subject_ids).to(device).long()
[TRAINER1] TestSub: S[1, 2, 3, 4, 5] Epoch 29 Finsh | Now_lr 0.0005/0.0005 | Train Loss 0.0275 | Valid Loss 3.5927 | Train Acc 99.0449| Valid Acc 50.0638 | Domain Loss 3.1241 | Lambda 0.0896 | Contrastive Loss 0.0244
[TRAINER1] /scratch/suyash.kumar.mec22.itbhu/EEG-AAD/eeg-aad-challenge2026-task1-baselines-master/trainer1.py:182: UserWarning: To copy construct from a tensor, it is recommended to use sourceTensor.clone().detach() or sourceTensor.clone().detach().requires_grad_(True), rather than torch.tensor(sourceTensor).
[TRAINER1]   subject_ids = torch.tensor(subject_ids).to(device).long()
[TRAINER1] TestSub: S[1, 2, 3, 4, 5] Epoch 30 Finsh | Now_lr 0.0005/0.0005 | Train Loss 0.0278 | Valid Loss 3.7653 | Train Acc 99.0126| Valid Acc 51.9850 | Domain Loss 3.1298 | Lambda 0.0905 | Contrastive Loss 0.0243
[TRAINER1] /scratch/suyash.kumar.mec22.itbhu/EEG-AAD/eeg-aad-challenge2026-task1-baselines-master/trainer1.py:182: UserWarning: To copy construct from a tensor, it is recommended to use sourceTensor.clone().detach() or sourceTensor.clone().detach().requires_grad_(True), rather than torch.tensor(sourceTensor).
[TRAINER1]   subject_ids = torch.tensor(subject_ids).to(device).long()
[TRAINER1] TestSub: S[1, 2, 3, 4, 5] Epoch 31 Finsh | Now_lr 0.0005/0.0005 | Train Loss 0.0279 | Valid Loss 3.7226 | Train Acc 99.0418| Valid Acc 48.9543 | Domain Loss 3.1343 | Lambda 0.0914 | Contrastive Loss 0.0251
[TRAINER1] /scratch/suyash.kumar.mec22.itbhu/EEG-AAD/eeg-aad-challenge2026-task1-baselines-master/trainer1.py:182: UserWarning: To copy construct from a tensor, it is recommended to use sourceTensor.clone().detach() or sourceTensor.clone().detach().requires_grad_(True), rather than torch.tensor(sourceTensor).
[TRAINER1]   subject_ids = torch.tensor(subject_ids).to(device).long()
[TRAINER1] TestSub: S[1, 2, 3, 4, 5] Epoch 32 Finsh | Now_lr 0.0005/0.0005 | Train Loss 0.0248 | Valid Loss 3.6686 | Train Acc 99.1494| Valid Acc 51.7510 | Domain Loss 3.1468 | Lambda 0.0922 | Contrastive Loss 0.0219
[TRAINER1] /scratch/suyash.kumar.mec22.itbhu/EEG-AAD/eeg-aad-challenge2026-task1-baselines-master/trainer1.py:182: UserWarning: To copy construct from a tensor, it is recommended to use sourceTensor.clone().detach() or sourceTensor.clone().detach().requires_grad_(True), rather than torch.tensor(sourceTensor).
[TRAINER1]   subject_ids = torch.tensor(subject_ids).to(device).long()
[TRAINER1] TestSub: S[1, 2, 3, 4, 5] Epoch 33 Finsh | Now_lr 0.0005/0.0005 | Train Loss 0.0261 | Valid Loss 3.7907 | Train Acc 99.1075| Valid Acc 50.2705 | Domain Loss 3.1527 | Lambda 0.0929 | Contrastive Loss 0.0230
[TRAINER1] /scratch/suyash.kumar.mec22.itbhu/EEG-AAD/eeg-aad-challenge2026-task1-baselines-master/trainer1.py:182: UserWarning: To copy construct from a tensor, it is recommended to use sourceTensor.clone().detach() or sourceTensor.clone().detach().requires_grad_(True), rather than torch.tensor(sourceTensor).
[TRAINER1]   subject_ids = torch.tensor(subject_ids).to(device).long()
[TRAINER1] TestSub: S[1, 2, 3, 4, 5] Epoch 34 Finsh | Now_lr 0.0005/0.0005 | Train Loss 0.0241 | Valid Loss 3.7603 | Train Acc 99.1780| Valid Acc 50.9758 | Domain Loss 3.1510 | Lambda 0.0935 | Contrastive Loss 0.0213
[TRAINER1] /scratch/suyash.kumar.mec22.itbhu/EEG-AAD/eeg-aad-challenge2026-task1-baselines-master/trainer1.py:182: UserWarning: To copy construct from a tensor, it is recommended to use sourceTensor.clone().detach() or sourceTensor.clone().detach().requires_grad_(True), rather than torch.tensor(sourceTensor).
[TRAINER1]   subject_ids = torch.tensor(subject_ids).to(device).long()
[TRAINER1] TestSub: S[1, 2, 3, 4, 5] Epoch 35 Finsh | Now_lr 0.0005/0.0005 | Train Loss 0.0248 | Valid Loss 3.8845 | Train Acc 99.1482| Valid Acc 50.9059 | Domain Loss 3.1521 | Lambda 0.0941 | Contrastive Loss 0.0220
[TRAINER1] /scratch/suyash.kumar.mec22.itbhu/EEG-AAD/eeg-aad-challenge2026-task1-baselines-master/trainer1.py:182: UserWarning: To copy construct from a tensor, it is recommended to use sourceTensor.clone().detach() or sourceTensor.clone().detach().requires_grad_(True), rather than torch.tensor(sourceTensor).
[TRAINER1]   subject_ids = torch.tensor(subject_ids).to(device).long()
[TRAINER1] TestSub: S[1, 2, 3, 4, 5] Epoch 36 Finsh | Now_lr 0.0005/0.0005 | Train Loss 0.0230 | Valid Loss 3.7283 | Train Acc 99.2139| Valid Acc 50.2705 | Domain Loss 3.1492 | Lambda 0.0947 | Contrastive Loss 0.0201
[TRAINER1] Early stopping triggered after 36 epochs (30 epochs without improvement)
[TRAINER1] --------------------------------------------------
[TRAINER1] Test_Subject :S[1, 2, 3, 4, 5] |Best epoch:6 | Test Loss:2.2407 | Best Acc 52.0793 | Savemodel Acc 52.0793
[TRAINER1] --------------------------------------------------
[TRAINER1] 
[TRAINER1] ========== Fold 2 ==========
[TRAINER1] Train IDs: [1, 2, 3, 4, 5, 11, 12, 13, 14, 15, 16, 17, 18, 19, 20, 21, 22, 23, 24, 25, 26, 27, 28, 29, 30]
[TRAINER1] Val IDs:   [6, 7, 8, 9, 10]
[TRAINER1] train_data_shape(164500, 32, 128),val_data_shape(32900, 32, 128)
[TRAINER1] =================================================================
[TRAINER1] Layer (type:depth-idx)                   Param #
[TRAINER1] =================================================================
[TRAINER1] DARNet                                   --
[TRAINER1] ├─TokenEmbedding: 1-1                    --
[TRAINER1] │    └─Sequential: 2-1                   --
[TRAINER1] │    │    └─Conv2d: 3-1                  576
[TRAINER1] │    │    └─BatchNorm2d: 3-2             128
[TRAINER1] │    │    └─GELU: 3-3                    --
[TRAINER1] │    └─Sequential: 2-2                   --
[TRAINER1] │    │    └─Conv2d: 3-4                  32,784
[TRAINER1] │    │    └─BatchNorm2d: 3-5             32
[TRAINER1] │    │    └─GELU: 3-6                    --
[TRAINER1] │    └─PositionalEmbedding: 2-3          --
[TRAINER1] ├─Flatten: 1-2                           --
[TRAINER1] ├─Linear: 1-3                            18
[TRAINER1] ├─AttnRefine: 1-4                        --
[TRAINER1] │    └─MyAttention: 2-4                  --
[TRAINER1] │    │    └─Attention: 3-7               800
[TRAINER1] │    └─Refine: 2-5                       --
[TRAINER1] │    │    └─Conv1d: 3-8                  784
[TRAINER1] │    │    └─BatchNorm1d: 3-9             32
[TRAINER1] │    │    └─ELU: 3-10                    --
[TRAINER1] │    │    └─MaxPool1d: 3-11              --
[TRAINER1] │    └─AdaptiveAvgPool1d: 2-6            --
[TRAINER1] │    └─Linear: 2-7                       68
[TRAINER1] │    └─Flatten: 2-8                      --
[TRAINER1] ├─AttnRefine: 1-5                        --
[TRAINER1] │    └─MyAttention: 2-9                  --
[TRAINER1] │    │    └─Attention: 3-12              800
[TRAINER1] │    └─Refine: 2-10                      --
[TRAINER1] │    │    └─Conv1d: 3-13                 784
[TRAINER1] │    │    └─BatchNorm1d: 3-14            32
[TRAINER1] │    │    └─ELU: 3-15                    --
[TRAINER1] │    │    └─MaxPool1d: 3-16              --
[TRAINER1] │    └─AdaptiveAvgPool1d: 2-11           --
[TRAINER1] │    └─Linear: 2-12                      68
[TRAINER1] │    └─Flatten: 2-13                     --
[TRAINER1] ├─GradientReversalLayer: 1-6             --
[TRAINER1] ├─SubjectDiscriminator: 1-7              --
[TRAINER1] │    └─Sequential: 2-14                  --
[TRAINER1] │    │    └─Linear: 3-17                 2,304
[TRAINER1] │    │    └─ReLU: 3-18                   --
[TRAINER1] │    │    └─Dropout: 3-19                --
[TRAINER1] │    │    └─Linear: 3-20                 32,896
[TRAINER1] │    │    └─ReLU: 3-21                   --
[TRAINER1] │    │    └─Dropout: 3-22                --
[TRAINER1] │    │    └─Linear: 3-23                 3,870
[TRAINER1] ├─ContrastiveHead: 1-8                   --
[TRAINER1] │    └─Sequential: 2-15                  --
[TRAINER1] │    │    └─Linear: 3-24                 576
[TRAINER1] │    │    └─ReLU: 3-25                   --
[TRAINER1] │    │    └─Linear: 3-26                 8,320
[TRAINER1] =================================================================
[TRAINER1] Total params: 84,872
[TRAINER1] Trainable params: 84,872
[TRAINER1] Non-trainable params: 0
[TRAINER1] =================================================================
[TRAINER1] /scratch/suyash.kumar.mec22.itbhu/EEG-AAD/eeg-aad-challenge2026-task1-baselines-master/trainer1.py:182: UserWarning: To copy construct from a tensor, it is recommended to use sourceTensor.clone().detach() or sourceTensor.clone().detach().requires_grad_(True), rather than torch.tensor(sourceTensor).
[TRAINER1]   subject_ids = torch.tensor(subject_ids).to(device).long()
[TRAINER1] TestSub: S[6, 7, 8, 9, 10] Epoch  1 Finsh | Now_lr 0.0005/0.0005 | Train Loss 0.4846 | Valid Loss 1.2943 | Train Acc 75.0651| Valid Acc 49.9514 | Domain Loss 2.9955 | Lambda 0.0050 | Contrastive Loss 0.4899
[TRAINER1] Validation acc increase (0.000000 --> 49.951362) in epoch (1).  Saving model ...
[TRAINER1] /scratch/suyash.kumar.mec22.itbhu/EEG-AAD/eeg-aad-challenge2026-task1-baselines-master/trainer1.py:182: UserWarning: To copy construct from a tensor, it is recommended to use sourceTensor.clone().detach() or sourceTensor.clone().detach().requires_grad_(True), rather than torch.tensor(sourceTensor).
[TRAINER1]   subject_ids = torch.tensor(subject_ids).to(device).long()
[TRAINER1] TestSub: S[6, 7, 8, 9, 10] Epoch  2 Finsh | Now_lr 0.0005/0.0005 | Train Loss 0.3258 | Valid Loss 1.6400 | Train Acc 85.3769| Valid Acc 53.5506 | Domain Loss 2.7986 | Lambda 0.0100 | Contrastive Loss 0.3238
[TRAINER1] Validation acc increase (49.951362 --> 53.550584) in epoch (2).  Saving model ...
[TRAINER1] /scratch/suyash.kumar.mec22.itbhu/EEG-AAD/eeg-aad-challenge2026-task1-baselines-master/trainer1.py:182: UserWarning: To copy construct from a tensor, it is recommended to use sourceTensor.clone().detach() or sourceTensor.clone().detach().requires_grad_(True), rather than torch.tensor(sourceTensor).
[TRAINER1]   subject_ids = torch.tensor(subject_ids).to(device).long()
[TRAINER1] TestSub: S[6, 7, 8, 9, 10] Epoch  3 Finsh | Now_lr 0.0005/0.0005 | Train Loss 0.2546 | Valid Loss 1.8583 | Train Acc 89.1580| Valid Acc 52.4137 | Domain Loss 2.8254 | Lambda 0.0149 | Contrastive Loss 0.2498
[TRAINER1] /scratch/suyash.kumar.mec22.itbhu/EEG-AAD/eeg-aad-challenge2026-task1-baselines-master/trainer1.py:182: UserWarning: To copy construct from a tensor, it is recommended to use sourceTensor.clone().detach() or sourceTensor.clone().detach().requires_grad_(True), rather than torch.tensor(sourceTensor).
[TRAINER1]   subject_ids = torch.tensor(subject_ids).to(device).long()
[TRAINER1] TestSub: S[6, 7, 8, 9, 10] Epoch  4 Finsh | Now_lr 0.0005/0.0005 | Train Loss 0.2024 | Valid Loss 2.1342 | Train Acc 91.7935| Valid Acc 48.6199 | Domain Loss 2.8673 | Lambda 0.0197 | Contrastive Loss 0.1966
[TRAINER1] /scratch/suyash.kumar.mec22.itbhu/EEG-AAD/eeg-aad-challenge2026-task1-baselines-master/trainer1.py:182: UserWarning: To copy construct from a tensor, it is recommended to use sourceTensor.clone().detach() or sourceTensor.clone().detach().requires_grad_(True), rather than torch.tensor(sourceTensor).
[TRAINER1]   subject_ids = torch.tensor(subject_ids).to(device).long()
[TRAINER1] TestSub: S[6, 7, 8, 9, 10] Epoch  5 Finsh | Now_lr 0.0005/0.0005 | Train Loss 0.1646 | Valid Loss 2.2442 | Train Acc 93.5676| Valid Acc 50.6019 | Domain Loss 2.9058 | Lambda 0.0245 | Contrastive Loss 0.1589
[TRAINER1] /scratch/suyash.kumar.mec22.itbhu/EEG-AAD/eeg-aad-challenge2026-task1-baselines-master/trainer1.py:182: UserWarning: To copy construct from a tensor, it is recommended to use sourceTensor.clone().detach() or sourceTensor.clone().detach().requires_grad_(True), rather than torch.tensor(sourceTensor).
[TRAINER1]   subject_ids = torch.tensor(subject_ids).to(device).long()
[TRAINER1] TestSub: S[6, 7, 8, 9, 10] Epoch  6 Finsh | Now_lr 0.0005/0.0005 | Train Loss 0.1354 | Valid Loss 2.3060 | Train Acc 94.7872| Valid Acc 51.2342 | Domain Loss 2.9502 | Lambda 0.0291 | Contrastive Loss 0.1297
[TRAINER1] /scratch/suyash.kumar.mec22.itbhu/EEG-AAD/eeg-aad-challenge2026-task1-baselines-master/trainer1.py:182: UserWarning: To copy construct from a tensor, it is recommended to use sourceTensor.clone().detach() or sourceTensor.clone().detach().requires_grad_(True), rather than torch.tensor(sourceTensor).
[TRAINER1]   subject_ids = torch.tensor(subject_ids).to(device).long()
[TRAINER1] TestSub: S[6, 7, 8, 9, 10] Epoch  7 Finsh | Now_lr 0.0005/0.0005 | Train Loss 0.1156 | Valid Loss 2.4641 | Train Acc 95.6244| Valid Acc 49.5167 | Domain Loss 2.9915 | Lambda 0.0336 | Contrastive Loss 0.1102
[TRAINER1] /scratch/suyash.kumar.mec22.itbhu/EEG-AAD/eeg-aad-challenge2026-task1-baselines-master/trainer1.py:182: UserWarning: To copy construct from a tensor, it is recommended to use sourceTensor.clone().detach() or sourceTensor.clone().detach().requires_grad_(True), rather than torch.tensor(sourceTensor).
[TRAINER1]   subject_ids = torch.tensor(subject_ids).to(device).long()
[TRAINER1] TestSub: S[6, 7, 8, 9, 10] Epoch  8 Finsh | Now_lr 0.0005/0.0005 | Train Loss 0.0995 | Valid Loss 2.5552 | Train Acc 96.2938| Valid Acc 50.4043 | Domain Loss 2.9793 | Lambda 0.0380 | Contrastive Loss 0.0941
[TRAINER1] /scratch/suyash.kumar.mec22.itbhu/EEG-AAD/eeg-aad-challenge2026-task1-baselines-master/trainer1.py:182: UserWarning: To copy construct from a tensor, it is recommended to use sourceTensor.clone().detach() or sourceTensor.clone().detach().requires_grad_(True), rather than torch.tensor(sourceTensor).
[TRAINER1]   subject_ids = torch.tensor(subject_ids).to(device).long()
[TRAINER1] TestSub: S[6, 7, 8, 9, 10] Epoch  9 Finsh | Now_lr 0.0005/0.0005 | Train Loss 0.0893 | Valid Loss 2.4492 | Train Acc 96.7108| Valid Acc 51.4561 | Domain Loss 3.0040 | Lambda 0.0422 | Contrastive Loss 0.0835
[TRAINER1] /scratch/suyash.kumar.mec22.itbhu/EEG-AAD/eeg-aad-challenge2026-task1-baselines-master/trainer1.py:182: UserWarning: To copy construct from a tensor, it is recommended to use sourceTensor.clone().detach() or sourceTensor.clone().detach().requires_grad_(True), rather than torch.tensor(sourceTensor).
[TRAINER1]   subject_ids = torch.tensor(subject_ids).to(device).long()
[TRAINER1] TestSub: S[6, 7, 8, 9, 10] Epoch 10 Finsh | Now_lr 0.0005/0.0005 | Train Loss 0.0780 | Valid Loss 2.6401 | Train Acc 97.1528| Valid Acc 51.9151 | Domain Loss 3.0442 | Lambda 0.0462 | Contrastive Loss 0.0721
[TRAINER1] /scratch/suyash.kumar.mec22.itbhu/EEG-AAD/eeg-aad-challenge2026-task1-baselines-master/trainer1.py:182: UserWarning: To copy construct from a tensor, it is recommended to use sourceTensor.clone().detach() or sourceTensor.clone().detach().requires_grad_(True), rather than torch.tensor(sourceTensor).
[TRAINER1]   subject_ids = torch.tensor(subject_ids).to(device).long()
[TRAINER1] TestSub: S[6, 7, 8, 9, 10] Epoch 11 Finsh | Now_lr 0.0005/0.0005 | Train Loss 0.0698 | Va-master/trainer2.py:182: UserWarning: To copy construct from a tensor, it is recommended to use sourceTensor.clone().detach() or sourceTensor.clone().detach().requires_grad_(True), rather than torch.tensor(sourceTensor).
[TRAINER2]   subject_ids = torch.tensor(subject_ids).to(device).long()
[TRAINER2] TestSub: S[1, 2, 3, 4, 5] Epoch 27 Finsh | Now_lr 0.0100/0.0100 | Train Loss 0.1138 | Valid Loss 2.1188 | Train Acc 95.7727| Valid Acc 52.0489 | Domain Loss 3.1988 | Lambda 0.0874 | Contrastive Loss 0.1117
[TRAINER2] /scratch/suyash.kumar.mec22.itbhu/EEG-AAD/eeg-aad-challenge2026-task1-baselines-master/trainer2.py:182: UserWarning: To copy construct from a tensor, it is recommended to use sourceTensor.clone().detach() or sourceTensor.clone().detach().requires_grad_(True), rather than torch.tensor(sourceTensor).
[TRAINER2]   subject_ids = torch.tensor(subject_ids).to(device).long()
[TRAINER2] TestSub: S[1, 2, 3, 4, 5] Epoch 28 Finsh | Now_lr 0.0100/0.0100 | Train Loss 0.1111 | Valid Loss 2.2668 | Train Acc 95.8542| Valid Acc 50.5107 | Domain Loss 3.2004 | Lambda 0.0885 | Contrastive Loss 0.1085
[TRAINER2] /scratch/suyash.kumar.mec22.itbhu/EEG-AAD/eeg-aad-challenge2026-task1-baselines-master/trainer2.py:182: UserWarning: To copy construct from a tensor, it is recommended to use sourceTensor.clone().detach() or sourceTensor.clone().detach().requires_grad_(True), rather than torch.tensor(sourceTensor).
[TRAINER2]   subject_ids = torch.tensor(subject_ids).to(device).long()
[TRAINER2] TestSub: S[1, 2, 3, 4, 5] Epoch 29 Finsh | Now_lr 0.0100/0.0100 | Train Loss 0.1122 | Valid Loss 2.1025 | Train Acc 95.8840| Valid Acc 50.3344 | Domain Loss 3.2001 | Lambda 0.0896 | Contrastive Loss 0.1114
[TRAINER2] /scratch/suyash.kumar.mec22.itbhu/EEG-AAD/eeg-aad-challenge2026-task1-baselines-master/trainer2.py:182: UserWarning: To copy construct from a tensor, it is recommended to use sourceTensor.clone().detach() or sourceTensor.clone().detach().requires_grad_(True), rather than torch.tensor(sourceTensor).
[TRAINER2]   subject_ids = torch.tensor(subject_ids).to(device).long()
[TRAINER2] TestSub: S[1, 2, 3, 4, 5] Epoch 30 Finsh | Now_lr 0.0100/0.0100 | Train Loss 0.1104 | Valid Loss 2.0083 | Train Acc 95.9357| Valid Acc 53.3895 | Domain Loss 3.2019 | Lambda 0.0905 | Contrastive Loss 0.1075
[TRAINER2] /scratch/suyash.kumar.mec22.itbhu/EEG-AAD/eeg-aad-challenge2026-task1-baselines-master/trainer2.py:182: UserWarning: To copy construct from a tensor, it is recommended to use sourceTensor.clone().detach() or sourceTensor.clone().detach().requires_grad_(True), rather than torch.tensor(sourceTensor).
[TRAINER2]   subject_ids = torch.tensor(subject_ids).to(device).long()
[TRAINER2] TestSub: S[1, 2, 3, 4, 5] Epoch 31 Finsh | Now_lr 0.0100/0.0100 | Train Loss 0.1085 | Valid Loss 2.0546 | Train Acc 96.0001| Valid Acc 53.6783 | Domain Loss 3.2002 | Lambda 0.0914 | Contrastive Loss 0.1073
[TRAINER2] /scratch/suyash.kumar.mec22.itbhu/EEG-AAD/eeg-aad-challenge2026-task1-baselines-master/trainer2.py:182: UserWarning: To copy construct from a tensor, it is recommended to use sourceTensor.clone().detach() or sourceTensor.clone().detach().requires_grad_(True), rather than torch.tensor(sourceTensor).
[TRAINER2]   subject_ids = torch.tensor(subject_ids).to(device).long()
[TRAINER2] TestSub: S[1, 2, 3, 4, 5] Epoch 32 Finsh | Now_lr 0.0100/0.0100 | Train Loss 0.1051 | Valid Loss 2.1189 | Train Acc 96.1491| Valid Acc 52.1370 | Domain Loss 3.2024 | Lambda 0.0922 | Contrastive Loss 0.1039
[TRAINER2] /scratch/suyash.kumar.mec22.itbhu/EEG-AAD/eeg-aad-challenge2026-task1-baselines-master/trainer2.py:182: UserWarning: To copy construct from a tensor, it is recommended to use sourceTensor.clone().detach() or sourceTensor.clone().detach().requires_grad_(True), rather than torch.tensor(sourceTensor).
[TRAINER2]   subject_ids = torch.tensor(subject_ids).to(device).long()
[TRAINER2] TestSub: S[1, 2, 3, 4, 5] Epoch 33 Finsh | Now_lr 0.0100/0.0100 | Train Loss 0.1081 | Valid Loss 1.8750 | Train Acc 96.0001| Valid Acc 54.2011 | Domain Loss 3.2009 | Lambda 0.0929 | Contrastive Loss 0.1061
[TRAINER2] /scratch/suyash.kumar.mec22.itbhu/EEG-AAD/eeg-aad-challenge2026-task1-baselines-master/trainer2.py:182: UserWarning: To copy construct from a tensor, it is recommended to use sourceTensor.clone().detach() or sourceTensor.clone().detach().requires_grad_(True), rather than torch.tensor(sourceTensor).
[TRAINER2]   subject_ids = torch.tensor(subject_ids).to(device).long()
[TRAINER2] TestSub: S[1, 2, 3, 4, 5] Epoch 34 Finsh | Now_lr 0.0100/0.0100 | Train Loss 0.1064 | Valid Loss 2.2354 | Train Acc 96.0646| Valid Acc 51.2160 | Domain Loss 3.2045 | Lambda 0.0935 | Contrastive Loss 0.1040
[TRAINER2] /scratch/suyash.kumar.mec22.itbhu/EEG-AAD/eeg-aad-challenge2026-task1-baselines-master/trainer2.py:182: UserWarning: To copy construct from a tensor, it is recommended to use sourceTensor.clone().detach() or sourceTensor.clone().detach().requires_grad_(True), rather than torch.tensor(sourceTensor).
[TRAINER2]   subject_ids = torch.tensor(subject_ids).to(device).long()
[TRAINER2] TestSub: S[1, 2, 3, 4, 5] Epoch 35 Finsh | Now_lr 0.0100/0.0100 | Train Loss 0.1077 | Valid Loss 1.9850 | Train Acc 96.0858| Valid Acc 54.1282 | Domain Loss 3.2032 | Lambda 0.0941 | Contrastive Loss 0.1060
[TRAINER2] /scratch/suyash.kumar.mec22.itbhu/EEG-AAD/eeg-aad-challenge2026-task1-baselines-master/trainer2.py:182: UserWarning: To copy construct from a tensor, it is recommended to use sourceTensor.clone().detach() or sourceTensor.clone().detach().requires_grad_(True), rather than torch.tensor(sourceTensor).
[TRAINER2]   subject_ids = torch.tensor(subject_ids).to(device).long()
[TRAINER2] TestSub: S[1, 2, 3, 4, 5] Epoch 36 Finsh | Now_lr 0.0100/0.0100 | Train Loss 0.1046 | Valid Loss 2.0881 | Train Acc 96.1418| Valid Acc 50.9697 | Domain Loss 3.2029 | Lambda 0.0947 | Contrastive Loss 0.1024
[TRAINER2] /scratch/suyash.kumar.mec22.itbhu/EEG-AAD/eeg-aad-challenge2026-task1-baselines-master/trainer2.py:182: UserWarning: To copy construct from a tensor, it is recommended to use sourceTensor.clone().detach() or sourceTensor.clone().detach().requires_grad_(True), rather than torch.tensor(sourceTensor).
[TRAINER2]   subject_ids = torch.tensor(subject_ids).to(device).long()
[TRAINER2] TestSub: S[1, 2, 3, 4, 5] Epoch 37 Finsh | Now_lr 0.0100/0.0100 | Train Loss 0.1062 | Valid Loss 2.2953 | Train Acc 96.0646| Valid Acc 48.8357 | Domain Loss 3.2030 | Lambda 0.0952 | Contrastive Loss 0.1040
[TRAINER2] /scratch/suyash.kumar.mec22.itbhu/EEG-AAD/eeg-aad-challenge2026-task1-baselines-master/trainer2.py:182: UserWarning: To copy construct from a tensor, it is recommended to use sourceTensor.clone().detach() or sourceTensor.clone().detach().requires_grad_(True), rather than torch.tensor(sourceTensor).
[TRAINER2]   subject_ids = torch.tensor(subject_ids).to(device).long()
[TRAINER2] TestSub: S[1, 2, 3, 4, 5] Epoch 38 Finsh | Now_lr 0.0100/0.0100 | Train Loss 0.1039 | Valid Loss 2.1834 | Train Acc 96.1953| Valid Acc 51.4591 | Domain Loss 3.2029 | Lambda 0.0956 | Contrastive Loss 0.1025
[TRAINER2] /scratch/suyash.kumar.mec22.itbhu/EEG-AAD/eeg-aad-challenge2026-task1-baselines-master/trainer2.py:182: UserWarning: To copy construct from a tensor, it is recommended to use sourceTensor.clone().detach() or sourceTensor.clone().detach().requires_grad_(True), rather than torch.tensor(sourceTensor).
[TRAINER2]   subject_ids = torch.tensor(subject_ids).to(device).long()
[TRAINER2] TestSub: S[1, 2, 3, 4, 5] Epoch 39 Finsh | Now_lr 0.0100/0.0100 | Train Loss 0.1059 | Valid Loss 2.0225 | Train Acc 96.0670| Valid Acc 51.4470 | Domain Loss 3.2044 | Lambda 0.0960 | Contrastive Loss 0.1040
[TRAINER2] /scratch/suyash.kumar.mec22.itbhu/EEG-AAD/eeg-aad-challenge2026-task1-baselines-master/trainer2.py:182: UserWarning: To copy construct from a tensor, it is recommended to use sourceTensor.clone().detach() or sourceTensor.clone().detach().requires_grad_(True), rather than torch.tensor(sourceTensor).
[TRAINER2]   subject_ids = torch.tensor(subject_ids).to(device).long()
[TRAINER2] TestSub: S[1, 2, 3, 4, 5] Epoch 40 Finsh | Now_lr 0.0100/0.0100 | Train Loss 0.1042 | Valid Loss 2.369lid Loss 2.6795 | Train Acc 97.4495| Valid Acc 50.9667 | Domain Loss 3.0249 | Lambda 0.0501 | Contrastive Loss 0.0653
[TRAINER1] /scratch/suyash.kumar.mec22.itbhu/EEG-AAD/eeg-aad-challenge2026-task1-baselines-master/trainer1.py:182: UserWarning: To copy construct from a tensor, it is recommended to use sourceTensor.clone().detach() or sourceTensor.clone().detach().requires_grad_(True), rather than torch.tensor(sourceTensor).
[TRAINER1]   subject_ids = torch.tensor(subject_ids).to(device).long()
[TRAINER1] TestSub: S[6, 7, 8, 9, 10] Epoch 12 Finsh | Now_lr 0.0005/0.0005 | Train Loss 0.0643 | Valid Loss 2.7761 | Train Acc 97.6404| Valid Acc 51.8786 | Domain Loss 3.0779 | Lambda 0.0537 | Contrastive Loss 0.0589
[TRAINER1] /scratch/suyash.kumar.mec22.itbhu/EEG-AAD/eeg-aad-challenge2026-task1-baselines-master/trainer1.py:182: UserWarning: To copy construct from a tensor, it is recommended to use sourceTensor.clone().detach() or sourceTensor.clone().detach().requires_grad_(True), rather than torch.tensor(sourceTensor).
[TRAINER1]   subject_ids = torch.tensor(subject_ids).to(device).long()
[TRAINER1] TestSub: S[6, 7, 8, 9, 10] Epoch 13 Finsh | Now_lr 0.0005/0.0005 | Train Loss 0.0583 | Valid Loss 2.9291 | Train Acc 97.9128| Valid Acc 51.6780 | Domain Loss 3.0786 | Lambda 0.0572 | Contrastive Loss 0.0538
[TRAINER1] /scratch/suyash.kumar.mec22.itbhu/EEG-AAD/eeg-aad-challenge2026-task1-baselines-master/trainer1.py:182: UserWarning: To copy construct from a tensor, it is recommended to use sourceTensor.clone().detach() or sourceTensor.clone().detach().requires_grad_(True), rather than torch.tensor(sourceTensor).
[TRAINER1]   subject_ids = torch.tensor(subject_ids).to(device).long()
[TRAINER1] TestSub: S[6, 7, 8, 9, 10] Epoch 14 Finsh | Now_lr 0.0005/0.0005 | Train Loss 0.0531 | Valid Loss 2.9685 | Train Acc 98.1055| Valid Acc 52.4471 | Domain Loss 3.0818 | Lambda 0.0604 | Contrastive Loss 0.0488
[TRAINER1] /scratch/suyash.kumar.mec22.itbhu/EEG-AAD/eeg-aad-challenge2026-task1-baselines-master/trainer1.py:182: UserWarning: To copy construct from a tensor, it is recommended to use sourceTensor.clone().detach() or sourceTensor.clone().detach().requires_grad_(True), rather than torch.tensor(sourceTensor).
[TRAINER1]   subject_ids = torch.tensor(subject_ids).to(device).long()
[TRAINER1] TestSub: S[6, 7, 8, 9, 10] Epoch 15 Finsh | Now_lr 0.0005/0.0005 | Train Loss 0.0493 | Valid Loss 2.9529 | Train Acc 98.2338| Valid Acc 52.2495 | Domain Loss 3.1067 | Lambda 0.0635 | Contrastive Loss 0.0456
[TRAINER1] /scratch/suyash.kumar.mec22.itbhu/EEG-AAD/eeg-aad-challenge2026-task1-baselines-master/trainer1.py:182: UserWarning: To copy construct from a tensor, it is recommended to use sourceTensor.clone().detach() or sourceTensor.clone().detach().requires_grad_(True), rather than torch.tensor(sourceTensor).
[TRAINER1]   subject_ids = torch.tensor(subject_ids).to(device).long()
[TRAINER1] TestSub: S[6, 7, 8, 9, 10] Epoch 16 Finsh | Now_lr 0.0005/0.0005 | Train Loss 0.0467 | Valid Loss 2.9783 | Train Acc 98.3664| Valid Acc 51.6415 | Domain Loss 3.1070 | Lambda 0.0664 | Contrastive Loss 0.0426
[TRAINER1] /scratch/suyash.kumar.mec22.itbhu/EEG-AAD/eeg-aad-challenge2026-task1-baselines-master/trainer1.py:182: UserWarning: To copy construct from a tensor, it is recommended to use sourceTensor.clone().detach() or sourceTensor.clone().detach().requires_grad_(True), rather than torch.tensor(sourceTensor).
[TRAINER1]   subject_ids = torch.tensor(subject_ids).to(device).long()
[TRAINER1] TestSub: S[6, 7, 8, 9, 10] Epoch 17 Finsh | Now_lr 0.0005/0.0005 | Train Loss 0.0433 | Valid Loss 3.1659 | Train Acc 98.4776| Valid Acc 51.6051 | Domain Loss 3.0758 | Lambda 0.0691 | Contrastive Loss 0.0394
[TRAINER1] /scratch/suyash.kumar.mec22.itbhu/EEG-AAD/eeg-aad-challenge2026-task1-baselines-master/trainer1.py:182: UserWarning: To copy construct from a tensor, it is recommended to use sourceTensor.clone().detach() or sourceTensor.clone().detach().requires_grad_(True), rather than torch.tensor(sourceTensor).
[TRAINER1]   subject_ids = torch.tensor(subject_ids).to(device).long()
[TRAINER1] TestSub: S[6, 7, 8, 9, 10] Epoch 18 Finsh | Now_lr 0.0005/0.0005 | Train Loss 0.0408 | Valid Loss 3.1893 | Train Acc 98.5609| Valid Acc 49.4802 | Domain Loss 3.0901 | Lambda 0.0716 | Contrastive Loss 0.0377
[TRAINER1] /scratch/suyash.kumar.mec22.itbhu/EEG-AAD/eeg-aad-challenge2026-task1-baselines-master/trainer1.py:182: UserWarning: To copy construct from a tensor, it is recommended to use sourceTensor.clone().detach() or sourceTensor.clone().detach().requires_grad_(True), rather than torch.tensor(sourceTensor).
[TRAINER1]   subject_ids = torch.tensor(subject_ids).to(device).long()
[TRAINER1] TestSub: S[6, 7, 8, 9, 10] Epoch 19 Finsh | Now_lr 0.0005/0.0005 | Train Loss 0.0385 | Valid Loss 3.3113 | Train Acc 98.6740| Valid Acc 52.2890 | Domain Loss 3.1101 | Lambda 0.0740 | Contrastive Loss 0.0348
[TRAINER1] /scratch/suyash.kumar.mec22.itbhu/EEG-AAD/eeg-aad-challenge2026-task1-baselines-master/trainer1.py:182: UserWarning: To copy construct from a tensor, it is recommended to use sourceTensor.clone().detach() or sourceTensor.clone().detach().requires_grad_(True), rather than torch.tensor(sourceTensor).
[TRAINER1]   subject_ids = torch.tensor(subject_ids).to(device).long()
[TRAINER1] TestSub: S[6, 7, 8, 9, 10] Epoch 20 Finsh | Now_lr 0.0005/0.0005 | Train Loss 0.0372 | Valid Loss 3.2007 | Train Acc 98.6977| Valid Acc 51.5412 | Domain Loss 3.1174 | Lambda 0.0762 | Contrastive Loss 0.0336
[TRAINER1] /scratch/suyash.kumar.mec22.itbhu/EEG-AAD/eeg-aad-challenge2026-task1-baselines-master/trainer1.py:182: UserWarning: To copy construct from a tensor, it is recommended to use sourceTensor.clone().detach() or sourceTensor.clone().detach().requires_grad_(True), rather than torch.tensor(sourceTensor).
[TRAINER1]   subject_ids = torch.tensor(subject_ids).to(device).long()
[TRAINER1] TestSub: S[6, 7, 8, 9, 10] Epoch 21 Finsh | Now_lr 0.0005/0.0005 | Train Loss 0.0351 | Valid Loss 3.3448 | Train Acc 98.7688| Valid Acc 52.0550 | Domain Loss 3.1241 | Lambda 0.0782 | Contrastive Loss 0.0316
[TRAINER1] /scratch/suyash.kumar.mec22.itbhu/EEG-AAD/eeg-aad-challenge2026-task1-baselines-master/trainer1.py:182: UserWarning: To copy construct from a tensor, it is recommended to use sourceTensor.clone().detach() or sourceTensor.clone().detach().requires_grad_(True), rather than torch.tensor(sourceTensor).
[TRAINER1]   subject_ids = torch.tensor(subject_ids).to(device).long()
[TRAINER1] TestSub: S[6, 7, 8, 9, 10] Epoch 22 Finsh | Now_lr 0.0005/0.0005 | Train Loss 0.0342 | Valid Loss 3.3671 | Train Acc 98.7980| Valid Acc 50.9302 | Domain Loss 3.1199 | Lambda 0.0800 | Contrastive Loss 0.0306
[TRAINER1] /scratch/suyash.kumar.mec22.itbhu/EEG-AAD/eeg-aad-challenge2026-task1-baselines-master/trainer1.py:182: UserWarning: To copy construct from a tensor, it is recommended to use sourceTensor.clone().detach() or sourceTensor.clone().detach().requires_grad_(True), rather than torch.tensor(sourceTensor).
[TRAINER1]   subject_ids = torch.tensor(subject_ids).to(device).long()
[TRAINER1] TestSub: S[6, 7, 8, 9, 10] Epoch 23 Finsh | Now_lr 0.0005/0.0005 | Train Loss 0.0323 | Valid Loss 3.2308 | Train Acc 98.8661| Valid Acc 50.5107 | Domain Loss 3.1300 | Lambda 0.0818 | Contrastive Loss 0.0285
[TRAINER1] /scratch/suyash.kumar.mec22.itbhu/EEG-AAD/eeg-aad-challenge2026-task1-baselines-master/trainer1.py:182: UserWarning: To copy construct from a tensor, it is recommended to use sourceTensor.clone().detach() or sourceTensor.clone().detach().requires_grad_(True), rather than torch.tensor(sourceTensor).
[TRAINER1]   subject_ids = torch.tensor(subject_ids).to(device).long()
[TRAINER1] TestSub: S[6, 7, 8, 9, 10] Epoch 24 Finsh | Now_lr 0.0005/0.0005 | Train Loss 0.0291 | Valid Loss 3.5436 | Train Acc 98.9822| Valid Acc 50.2675 | Domain Loss 3.1292 | Lambda 0.0834 | Contrastive Loss 0.0264
[TRAINER1] /scratch/suyash.kumar.mec22.itbhu/EEG-AAD/eeg-aad-challenge2026-task1-baselines-master/trainer1.py:182: UserWarning: To copy construct from a tensor, it is recommended to use sourceTensor.clone().detach() or sourceTensor.clone().detach().requires_grad_(True), rather than torch.tensor(sourceTensor).
[TRAINER1]   subject_ids = torch.tensor(subject_ids).to(device).long()
[TRAINER1] TestSub: S[6, 7, 8, 9, 10] Epoch 25 Finsh | Now_lr 0.0005/0.0005 | Train Loss 0.0293 | Valid Loss 3.2272 | Train Acc 99.0345| Valid Acc 53.2800 | Domain Loss 3.1482 | Lambda 0.0848 | Contrastive Loss 0.0264
[TRAINER1] /scratch/suyash.kumar.mec22.itbhu/EEG-AAD/eeg-aad-challenge2026-task1-baselines-master/trainer1.py:182: UserWarning: To copy construct from a tensor, it is recommended to use sourceTensor.clone().detach() or sourceTensor.clone().detach().requires_grad_(True), rather than torch.tensor(sourceTensor).
[TRAINER1]   subject_ids = torch.tensor(subject_ids).to(device).long()
[TRAINER1] TestSub: S[6, 7, 8, 9, 10] Epoch 26 Finsh | Now_lr 0.0005/0.0005 | Train Loss 0.0273 | Valid Loss 3.5702 | Train Acc 99.0704| Valid Acc 51.5868 | Domain Loss 3.1431 | Lambda 0.0862 | Contrastive Loss 0.0249
[TRAINER1] /scratch/suyash.kumar.mec22.itbhu/EEG-AAD/eeg-aad-challenge2026-task1-baselines-master/trainer1.py:182: UserWarning: To copy construct from a tensor, it is recommended to use sourceTensor.clone().detach() or sourceTensor.clone().detach().requires_grad_(True), rather than torch.tensor(sourceTensor).
[TRAINER1]   subject_ids = torch.tensor(subject_ids).to(device).long()
[TRAINER1] TestSub: S[6, 7, 8, 9, 10] Epoch 27 Finsh | Now_lr 0.0005/0.0005 | Train Loss 0.0270 | Valid Loss 3.2811 | Train Acc 99.0619| Valid Acc 50.6505 | Domain Loss 3.1508 | Lambda 0.0874 | Contrastive Loss 0.0241
[TRAINER1] /scratch/suyash.kumar.mec22.itbhu/EEG-AAD/eeg-aad-challenge2026-task1-baselines-master/trainer1.py:182: UserWarning: To copy construct from a tensor, it is recommended to use sourceTensor.clone().detach() or sourceTensor.clone().detach().requires_grad_(True), rather than torch.tensor(sourceTensor).
[TRAINER1]   subject_ids = torch.tensor(subject_ids).to(device).long()
[TRAINER1] TestSub: S[6, 7, 8, 9, 10] Epoch 28 Finsh | Now_lr 0.0005/0.0005 | Train Loss 0.0255 | Valid Loss 3.7254 | Train Acc 99.0996| Valid Acc 50.2827 | Domain Loss 3.1487 | Lambda 0.0885 | Contrastive Loss 0.0228
[TRAINER1] /scratch/suyash.kumar.mec22.itbhu/EEG-AAD/eeg-aad-challenge2026-task1-baselines-master/trainer1.py:182: UserWarning: To copy construct from a tensor, it is recommended to use sourceTensor.clone().detach() or sourceTensor.clone().detach().requires_grad_(True), rather than torch.tensor(sourceTensor).
[TRAINER1]   subject_ids = torch.tensor(subject_ids).to(device).long()
[TRAINER1] TestSub: S[6, 7, 8, 9, 10] Epoch 29 Finsh | Now_lr 0.0005/0.0005 | Train Loss 0.0253 | Valid Loss 3.6414 | Train Acc 99.1172| Valid Acc 50.0152 | Domain Loss 3.1559 | Lambda 0.0896 | Contrastive Loss 0.0230
[TRAINER1] /scratch/suyash.kumar.mec22.itbhu/EEG-AAD/eeg-aad-challenge2026-task1-baselines-master/trainer1.py:182: UserWarning: To copy construct from a tensor, it is recommended to use sourceTensor.clone().detach() or sourceTensor.clone().detach().requires_grad_(True), rather than torch.tensor(sourceTensor).
[TRAINER1]   subject_ids = torch.tensor(subject_ids).to(device).long()
[TRAINER1] TestSub: S[6, 7, 8, 9, 10] Epoch 30 Finsh | Now_lr 0.0005/0.0005 | Train Loss 0.0244 | Valid Loss 3.5566 | Train Acc 99.1634| Valid Acc 49.9909 | Domain Loss 3.1585 | Lambda 0.0905 | Contrastive Loss 0.0214
[TRAINER1] /scratch/suyash.kumar.mec22.itbhu/EEG-AAD/eeg-aad-challenge2026-task1-baselines-master/trainer1.py:182: UserWarning: To copy construct from a tensor, it is recommended to use sourceTensor.clone().detach() or sourceTensor.clone().detach().requires_grad_(True), rather than torch.tensor(sourceTensor).
[TRAINER1]   subject_ids = torch.tensor(subject_ids).to(device).long()
[TRAINER1] TestSub: S[6, 7, 8, 9, 10] Epoch 31 Finsh | Now_lr 0.0005/0.0005 | Train Loss 0.0228 | Valid Loss 3.6674 | Train Acc 99.2285| Valid Acc 51.6537 | Domain Loss 3.1569 | Lambda 0.0914 | Contrastive Loss 0.0201
[TRAINER1] /scratch/suyash.kumar.mec22.itbhu/EEG-AAD/eeg-aad-challenge2026-task1-baselines-master/trainer1.py:182: UserWarning: To copy construct from a tensor, it is recommended to use sourceTensor.clone().detach() or sourceTensor.clone().detach().requires_grad_(True), rather than torch.tensor(sourceTensor).
[TRAINER1]   subject_ids = torch.tensor(subject_ids).to(device).long()
[TRAINER1] TestSub: S[6, 7, 8, 9, 10] Epoch 32 Finsh | Now_lr 0.0005/0.0005 | Train Loss 0.0231 | Valid Loss 3.8464 | Train Acc 99.2072| Valid Acc 50.5441 | Domain Loss 3.1534 | Lambda 0.0922 | Contrastive Loss 0.0204
[TRAINER1] Early stopping triggered after 32 epochs (30 epochs without improvement)
[TRAINER1] --------------------------------------------------
[TRAINER1] Test_Subject :S[6, 7, 8, 9, 10] |Best epoch:2 | Test Loss:1.6400 | Best Acc 53.5506 | Savemodel Acc 53.5506
[TRAINER1] --------------------------------------------------
[TRAINER1] 
[TRAINER1] ========== Fold 3 ==========
[TRAINER1] Train IDs: [1, 2, 3, 4, 5, 6, 7, 8, 9, 10, 16, 17, 18, 19, 20, 21, 22, 23, 24, 25, 26, 27, 28, 29, 30]
[TRAINER1] Val IDs:   [11, 12, 13, 14, 15]
[TRAINER1] train_data_shape(164500, 32, 128),val_data_shape(32900, 32, 128)
[TRAINER1] =================================================================
[TRAINER1] Layer (type:depth-idx)                   Param #
[TRAINER1] =================================================================
[TRAINER1] DARNet                                   --
[TRAINER1] ├─TokenEmbedding: 1-1                    --
[TRAINER1] │    └─Sequential: 2-1                   --
[TRAINER1] │    │    └─Conv2d: 3-1                  576
[TRAINER1] │    │    └─BatchNorm2d: 3-2             128
[TRAINER1] │    │    └─GELU: 3-3                    --
[TRAINER1] │    └─Sequential: 2-2                   --
[TRAINER1] │    │    └─Conv2d: 3-4                  32,784
[TRAINER1] │    │    └─BatchNorm2d: 3-5             32
[TRAINER1] │    │    └─GELU: 3-6                    --
[TRAINER1] │    └─PositionalEmbedding: 2-3          --
[TRAINER1] ├─Flatten: 1-2                           --
[TRAINER1] ├─Linear: 1-3                            18
[TRAINER1] ├─AttnRefine: 1-4                        --
[TRAINER1] │    └─MyAttention: 2-4                  --
[TRAINER1] │    │    └─Attention: 3-7               800
[TRAINER1] │    └─Refine: 2-5                       --
[TRAINER1] │    │    └─Conv1d: 3-8                  784
[TRAINER1] │    │    └─BatchNorm1d: 3-9             32
[TRAINER1] │    │    └─ELU: 3-10                    --
[TRAINER1] │    │    └─MaxPool1d: 3-11              --
[TRAINER1] │    └─AdaptiveAvgPool1d: 2-6            --
[TRAINER1] │    └─Linear: 2-7                       68
[TRAINER1] │    └─Flatten: 2-8                      --
[TRAINER1] ├─AttnRefine: 1-5                        --
[TRAINER1] │    └─MyAttention: 2-9                  --
[TRAINER1] │    │    └─Attention: 3-12              800
[TRAINER1] │    └─Refine: 2-10                      --
[TRAINER1] │    │    └─Conv1d: 3-13                 784
[TRAINER1] │    │    └─BatchNorm1d: 3-14            32
[TRAINER1] │    │    └─ELU: 3-15                    --
[TRAINER1] │    │    └─MaxPool1d: 3-16              --
[TRAINER1] │    └─AdaptiveAvgPool1d: 2-11           --
[TRAINER1] │    └─Linear: 2-12                      68
[TRAINER1] │    └─Flatten: 2-13                     --
[TRAINER1] ├─GradientReversalLayer: 1-6             --
[TRAINER1] ├─SubjectDiscriminator: 1-7              --
[TRAINER1] │    └─Sequential: 2-14                  --
[TRAINER1] │    │    └─Linear: 3-17                 2,304
[TRAINER1] │    │    └─ReLU: 3-18                   --
[TRAINER1] │    │    └─Dropout: 3-19                --
[TRAINER1] │    │    └─Linear: 3-20                 32,896
[TRAINER1] │    │    └─ReLU: 3-21                   --
[TRAINER1] │    │    └─Dropout: 3-22                --
[TRAINER1] │    │    └─Linear: 3-23                 3,870
[TRAINER1] ├─ContrastiveHead: 1-8            2 | Train Acc 96.1539| Valid Acc 51.7206 | Domain Loss 3.2024 | Lambda 0.0964 | Contrastive Loss 0.1027
[TRAINER2] /scratch/suyash.kumar.mec22.itbhu/EEG-AAD/eeg-aad-challenge2026-task1-baselines-master/trainer2.py:182: UserWarning: To copy construct from a tensor, it is recommended to use sourceTensor.clone().detach() or sourceTensor.clone().detach().requires_grad_(True), rather than torch.tensor(sourceTensor).
[TRAINER2]   subject_ids = torch.tensor(subject_ids).to(device).long()
[TRAINER2] TestSub: S[1, 2, 3, 4, 5] Epoch 41 Finsh | Now_lr 0.0100/0.0100 | Train Loss 0.1057 | Valid Loss 2.0582 | Train Acc 96.0676| Valid Acc 52.0276 | Domain Loss 3.2036 | Lambda 0.0967 | Contrastive Loss 0.1049
[TRAINER2] /scratch/suyash.kumar.mec22.itbhu/EEG-AAD/eeg-aad-challenge2026-task1-baselines-master/trainer2.py:182: UserWarning: To copy construct from a tensor, it is recommended to use sourceTensor.clone().detach() or sourceTensor.clone().detach().requires_grad_(True), rather than torch.tensor(sourceTensor).
[TRAINER2]   subject_ids = torch.tensor(subject_ids).to(device).long()
[TRAINER2] TestSub: S[1, 2, 3, 4, 5] Epoch 42 Finsh | Now_lr 0.0100/0.0100 | Train Loss 0.1028 | Valid Loss 2.3939 | Train Acc 96.2275| Valid Acc 50.2645 | Domain Loss 3.2047 | Lambda 0.0970 | Contrastive Loss 0.1009
[TRAINER2] /scratch/suyash.kumar.mec22.itbhu/EEG-AAD/eeg-aad-challenge2026-task1-baselines-master/trainer2.py:182: UserWarning: To copy construct from a tensor, it is recommended to use sourceTensor.clone().detach() or sourceTensor.clone().detach().requires_grad_(True), rather than torch.tensor(sourceTensor).
[TRAINER2]   subject_ids = torch.tensor(subject_ids).to(device).long()
[TRAINER2] TestSub: S[1, 2, 3, 4, 5] Epoch 43 Finsh | Now_lr 0.0100/0.0100 | Train Loss 0.1052 | Valid Loss 1.9973 | Train Acc 96.1357| Valid Acc 51.5807 | Domain Loss 3.2038 | Lambda 0.0973 | Contrastive Loss 0.1039
[TRAINER2] /scratch/suyash.kumar.mec22.itbhu/EEG-AAD/eeg-aad-challenge2026-task1-baselines-master/trainer2.py:182: UserWarning: To copy construct from a tensor, it is recommended to use sourceTensor.clone().detach() or sourceTensor.clone().detach().requires_grad_(True), rather than torch.tensor(sourceTensor).
[TRAINER2]   subject_ids = torch.tensor(subject_ids).to(device).long()
[TRAINER2] TestSub: S[1, 2, 3, 4, 5] Epoch 44 Finsh | Now_lr 0.0100/0.0100 | Train Loss 0.1036 | Valid Loss 2.0939 | Train Acc 96.1807| Valid Acc 51.1521 | Domain Loss 3.2067 | Lambda 0.0976 | Contrastive Loss 0.1025
[TRAINER2] /scratch/suyash.kumar.mec22.itbhu/EEG-AAD/eeg-aad-challenge2026-task1-baselines-master/trainer2.py:182: UserWarning: To copy construct from a tensor, it is recommended to use sourceTensor.clone().detach() or sourceTensor.clone().detach().requires_grad_(True), rather than torch.tensor(sourceTensor).
[TRAINER2]   subject_ids = torch.tensor(subject_ids).to(device).long()
[TRAINER2] TestSub: S[1, 2, 3, 4, 5] Epoch 45 Finsh | Now_lr 0.0100/0.0100 | Train Loss 0.1046 | Valid Loss 2.1697 | Train Acc 96.1412| Valid Acc 50.9150 | Domain Loss 3.2055 | Lambda 0.0978 | Contrastive Loss 0.1019
[TRAINER2] /scratch/suyash.kumar.mec22.itbhu/EEG-AAD/eeg-aad-challenge2026-task1-baselines-master/trainer2.py:182: UserWarning: To copy construct from a tensor, it is recommended to use sourceTensor.clone().detach() or sourceTensor.clone().detach().requires_grad_(True), rather than torch.tensor(sourceTensor).
[TRAINER2]   subject_ids = torch.tensor(subject_ids).to(device).long()
[TRAINER2] TestSub: S[1, 2, 3, 4, 5] Epoch 46 Finsh | Now_lr 0.0100/0.0100 | Train Loss 0.1014 | Valid Loss 2.1930 | Train Acc 96.2603| Valid Acc 53.3652 | Domain Loss 3.2068 | Lambda 0.0980 | Contrastive Loss 0.1001
[TRAINER2] /scratch/suyash.kumar.mec22.itbhu/EEG-AAD/eeg-aad-challenge2026-task1-baselines-master/trainer2.py:182: UserWarning: To copy construct from a tensor, it is recommended to use sourceTensor.clone().detach() or sourceTensor.clone().detach().requires_grad_(True), rather than torch.tensor(sourceTensor).
[TRAINER2]   subject_ids = torch.tensor(subject_ids).to(device).long()
[TRAINER2] TestSub: S[1, 2, 3, 4, 5] Epoch 47 Finsh | Now_lr 0.0100/0.0100 | Train Loss 0.1019 | Valid Loss 2.3361 | Train Acc 96.2524| Valid Acc 52.9426 | Domain Loss 3.2060 | Lambda 0.0982 | Contrastive Loss 0.1002
[TRAINER2] /scratch/suyash.kumar.mec22.itbhu/EEG-AAD/eeg-aad-challenge2026-task1-baselines-master/trainer2.py:182: UserWarning: To copy construct from a tensor, it is recommended to use sourceTensor.clone().detach() or sourceTensor.clone().detach().requires_grad_(True), rather than torch.tensor(sourceTensor).
[TRAINER2]   subject_ids = torch.tensor(subject_ids).to(device).long()
[TRAINER2] TestSub: S[1, 2, 3, 4, 5] Epoch 48 Finsh | Now_lr 0.0100/0.0100 | Train Loss 0.1011 | Valid Loss 2.1278 | Train Acc 96.2336| Valid Acc 52.5869 | Domain Loss 3.2067 | Lambda 0.0984 | Contrastive Loss 0.0989
[TRAINER2] /scratch/suyash.kumar.mec22.itbhu/EEG-AAD/eeg-aad-challenge2026-task1-baselines-master/trainer2.py:182: UserWarning: To copy construct from a tensor, it is recommended to use sourceTensor.clone().detach() or sourceTensor.clone().detach().requires_grad_(True), rather than torch.tensor(sourceTensor).
[TRAINER2]   subject_ids = torch.tensor(subject_ids).to(device).long()
[TRAINER2] TestSub: S[1, 2, 3, 4, 5] Epoch 49 Finsh | Now_lr 0.0100/0.0100 | Train Loss 0.1032 | Valid Loss 2.2769 | Train Acc 96.2239| Valid Acc 52.5109 | Domain Loss 3.2077 | Lambda 0.0985 | Contrastive Loss 0.1019
[TRAINER2] /scratch/suyash.kumar.mec22.itbhu/EEG-AAD/eeg-aad-challenge2026-task1-baselines-master/trainer2.py:182: UserWarning: To copy construct from a tensor, it is recommended to use sourceTensor.clone().detach() or sourceTensor.clone().detach().requires_grad_(True), rather than torch.tensor(sourceTensor).
[TRAINER2]   subject_ids = torch.tensor(subject_ids).to(device).long()
[TRAINER2] TestSub: S[1, 2, 3, 4, 5] Epoch 50 Finsh | Now_lr 0.0100/0.0100 | Train Loss 0.1012 | Valid Loss 2.1674 | Train Acc 96.3248| Valid Acc 52.8423 | Domain Loss 3.2084 | Lambda 0.0987 | Contrastive Loss 0.0993
[TRAINER2] /scratch/suyash.kumar.mec22.itbhu/EEG-AAD/eeg-aad-challenge2026-task1-baselines-master/trainer2.py:182: UserWarning: To copy construct from a tensor, it is recommended to use sourceTensor.clone().detach() or sourceTensor.clone().detach().requires_grad_(True), rather than torch.tensor(sourceTensor).
[TRAINER2]   subject_ids = torch.tensor(subject_ids).to(device).long()
[TRAINER2] TestSub: S[1, 2, 3, 4, 5] Epoch 51 Finsh | Now_lr 0.0100/0.0100 | Train Loss 0.1026 | Valid Loss 2.1881 | Train Acc 96.2591| Valid Acc 52.0762 | Domain Loss 3.2066 | Lambda 0.0988 | Contrastive Loss 0.1007
[TRAINER2] /scratch/suyash.kumar.mec22.itbhu/EEG-AAD/eeg-aad-challenge2026-task1-baselines-master/trainer2.py:182: UserWarning: To copy construct from a tensor, it is recommended to use sourceTensor.clone().detach() or sourceTensor.clone().detach().requires_grad_(True), rather than torch.tensor(sourceTensor).
[TRAINER2]   subject_ids = torch.tensor(subject_ids).to(device).long()
[TRAINER2] TestSub: S[1, 2, 3, 4, 5] Epoch 52 Finsh | Now_lr 0.0100/0.0100 | Train Loss 0.1001 | Valid Loss 2.1415 | Train Acc 96.3272| Valid Acc 50.9302 | Domain Loss 3.2070 | Lambda 0.0989 | Contrastive Loss 0.0981
[TRAINER2] /scratch/suyash.kumar.mec22.itbhu/EEG-AAD/eeg-aad-challenge2026-task1-baselines-master/trainer2.py:182: UserWarning: To copy construct from a tensor, it is recommended to use sourceTensor.clone().detach() or sourceTensor.clone().detach().requires_grad_(True), rather than torch.tensor(sourceTensor).
[TRAINER2]   subject_ids = torch.tensor(subject_ids).to(device).long()
[TRAINER2] TestSub: S[1, 2, 3, 4, 5] Epoch 53 Finsh | Now_lr 0.0100/0.0100 | Train Loss 0.1018 | Valid Loss 2.0850 | Train Acc 96.3132| Valid Acc 51.6537 | Domain Loss 3.2055 | Lambda 0.0990 | Contrastive Loss 0.1012
[TRAINER2] Early stopping triggered after 53 epochs (30 epochs without improvement)
[TRAINER2] --------------------------------------------------
[TRAINER2] Test_Subject :S[1, 2, 3, 4, 5] |Best epoch:23 | Test Loss:1.9254 | Best Acc 54.2680 | Savemodel Acc 54.2680
[TRAINER2] -------------------------       --
[TRAINER1] │    └─Sequential: 2-15                  --
[TRAINER1] │    │    └─Linear: 3-24                 576
[TRAINER1] │    │    └─ReLU: 3-25                   --
[TRAINER1] │    │    └─Linear: 3-26                 8,320
[TRAINER1] =================================================================
[TRAINER1] Total params: 84,872
[TRAINER1] Trainable params: 84,872
[TRAINER1] Non-trainable params: 0
[TRAINER1] =================================================================
[TRAINER1] /scratch/suyash.kumar.mec22.itbhu/EEG-AAD/eeg-aad-challenge2026-task1-baselines-master/trainer1.py:182: UserWarning: To copy construct from a tensor, it is recommended to use sourceTensor.clone().detach() or sourceTensor.clone().detach().requires_grad_(True), rather than torch.tensor(sourceTensor).
[TRAINER1]   subject_ids = torch.tensor(subject_ids).to(device).long()
[TRAINER1] TestSub: S[11, 12, 13, 14, 15] Epoch  1 Finsh | Now_lr 0.0005/0.0005 | Train Loss 0.4783 | Valid Loss 1.2668 | Train Acc 75.7290| Valid Acc 50.4925 | Domain Loss 2.9767 | Lambda 0.0050 | Contrastive Loss 0.4800
[TRAINER1] Validation acc increase (0.000000 --> 50.492461) in epoch (1).  Saving model ...
[TRAINER1] /scratch/suyash.kumar.mec22.itbhu/EEG-AAD/eeg-aad-challenge2026-task1-baselines-master/trainer1.py:182: UserWarning: To copy construct from a tensor, it is recommended to use sourceTensor.clone().detach() or sourceTensor.clone().detach().requires_grad_(True), rather than torch.tensor(sourceTensor).
[TRAINER1]   subject_ids = torch.tensor(subject_ids).to(device).long()
[TRAINER1] TestSub: S[11, 12, 13, 14, 15] Epoch  2 Finsh | Now_lr 0.0005/0.0005 | Train Loss 0.3213 | Valid Loss 1.6127 | Train Acc 85.8731| Valid Acc 49.6079 | Domain Loss 2.7453 | Lambda 0.0100 | Contrastive Loss 0.3180
[TRAINER1] /scratch/suyash.kumar.mec22.itbhu/EEG-AAD/eeg-aad-challenge2026-task1-baselines-master/trainer1.py:182: UserWarning: To copy construct from a tensor, it is recommended to use sourceTensor.clone().detach() or sourceTensor.clone().detach().requires_grad_(True), rather than torch.tensor(sourceTensor).
[TRAINER1]   subject_ids = torch.tensor(subject_ids).to(device).long()
[TRAINER1] TestSub: S[11, 12, 13, 14, 15] Epoch  3 Finsh | Now_lr 0.0005/0.0005 | Train Loss 0.2611 | Valid Loss 1.7236 | Train Acc 89.0418| Valid Acc 51.5929 | Domain Loss 2.7428 | Lambda 0.0149 | Contrastive Loss 0.2546
[TRAINER1] Validation acc increase (50.492461 --> 51.592899) in epoch (3).  Saving model ...
[TRAINER1] /scratch/suyash.kumar.mec22.itbhu/EEG-AAD/eeg-aad-challenge2026-task1-baselines-master/trainer1.py:182: UserWarning: To copy construct from a tensor, it is recommended to use sourceTensor.clone().detach() or sourceTensor.clone().detach().requires_grad_(True), rather than torch.tensor(sourceTensor).
[TRAINER1]   subject_ids = torch.tensor(subject_ids).to(device).long()
[TRAINER1] TestSub: S[11, 12, 13, 14, 15] Epoch  4 Finsh | Now_lr 0.0005/0.0005 | Train Loss 0.2101 | Valid Loss 1.9444 | Train Acc 91.4670| Valid Acc 51.1491 | Domain Loss 2.8316 | Lambda 0.0197 | Contrastive Loss 0.2040
[TRAINER1] /scratch/suyash.kumar.mec22.itbhu/EEG-AAD/eeg-aad-challenge2026-task1-baselines-master/trainer1.py:182: UserWarning: To copy construct from a tensor, it is recommended to use sourceTensor.clone().detach() or sourceTensor.clone().detach().requires_grad_(True), rather than torch.tensor(sourceTensor).
[TRAINER1]   subject_ids = torch.tensor(subject_ids).to(device).long()
[TRAINER1] TestSub: S[11, 12, 13, 14, 15] Epoch  5 Finsh | Now_lr 0.0005/0.0005 | Train Loss 0.1698 | Valid Loss 2.0685 | Train Acc 93.2515| Valid Acc 51.3831 | Domain Loss 2.9214 | Lambda 0.0245 | Contrastive Loss 0.1616
[TRAINER1] /scratch/suyash.kumar.mec22.itbhu/EEG-AAD/eeg-aad-challenge2026-task1-baselines-master/trainer1.py:182: UserWarning: To copy construct from a tensor, it is recommended to use sourceTensor.clone().detach() or sourceTensor.clone().detach().requires_grad_(True), rather than torch.tensor(sourceTensor).
[TRAINER1]   subject_ids = torch.tensor(subject_ids).to(device).long()
[TRAINER1] TestSub: S[11, 12, 13, 14, 15] Epoch  6 Finsh | Now_lr 0.0005/0.0005 | Train Loss 0.1364 | Valid Loss 2.2642 | Train Acc 94.7969| Valid Acc 50.0122 | Domain Loss 2.9319 | Lambda 0.0291 | Contrastive Loss 0.1298
[TRAINER1] /scratch/suyash.kumar.mec22.itbhu/EEG-AAD/eeg-aad-challenge2026-task1-baselines-master/trainer1.py:182: UserWarning: To copy construct from a tensor, it is recommended to use sourceTensor.clone().detach() or sourceTensor.clone().detach().requires_grad_(True), rather than torch.tensor(sourceTensor).
[TRAINER1]   subject_ids = torch.tensor(subject_ids).to(device).long()
[TRAINER1] TestSub: S[11, 12, 13, 14, 15] Epoch  7 Finsh | Now_lr 0.0005/0.0005 | Train Loss 0.1145 | Valid Loss 2.5030 | Train Acc 95.6919| Valid Acc 48.5135 | Domain Loss 2.9537 | Lambda 0.0336 | Contrastive Loss 0.1070
[TRAINER1] /scratch/suyash.kumar.mec22.itbhu/EEG-AAD/eeg-aad-challenge2026-task1-baselines-master/trainer1.py:182: UserWarning: To copy construct from a tensor, it is recommended to use sourceTensor.clone().detach() or sourceTensor.clone().detach().requires_grad_(True), rather than torch.tensor(sourceTensor).
[TRAINER1]   subject_ids = torch.tensor(subject_ids).to(device).long()
[TRAINER1] TestSub: S[11, 12, 13, 14, 15] Epoch  8 Finsh | Now_lr 0.0005/0.0005 | Train Loss 0.0958 | Valid Loss 2.8327 | Train Acc 96.4725| Valid Acc 47.6228 | Domain Loss 2.9504 | Lambda 0.0380 | Contrastive Loss 0.0889
[TRAINER1] /scratch/suyash.kumar.mec22.itbhu/EEG-AAD/eeg-aad-challenge2026-task1-baselines-master/trainer1.py:182: UserWarning: To copy construct from a tensor, it is recommended to use sourceTensor.clone().detach() or sourceTensor.clone().detach().requires_grad_(True), rather than torch.tensor(sourceTensor).
[TRAINER1]   subject_ids = torch.tensor(subject_ids).to(device).long()
[TRAINER1] TestSub: S[11, 12, 13, 14, 15] Epoch  9 Finsh | Now_lr 0.0005/0.0005 | Train Loss 0.0842 | Valid Loss 2.8473 | Train Acc 96.9315| Valid Acc 48.6594 | Domain Loss 3.0027 | Lambda 0.0422 | Contrastive Loss 0.0780
[TRAINER1] /scratch/suyash.kumar.mec22.itbhu/EEG-AAD/eeg-aad-challenge2026-task1-baselines-master/trainer1.py:182: UserWarning: To copy construct from a tensor, it is recommended to use sourceTensor.clone().detach() or sourceTensor.clone().detach().requires_grad_(True), rather than torch.tensor(sourceTensor).
[TRAINER1]   subject_ids = torch.tensor(subject_ids).to(device).long()
[TRAINER1] TestSub: S[11, 12, 13, 14, 15] Epoch 10 Finsh | Now_lr 0.0005/0.0005 | Train Loss 0.0740 | Valid Loss 2.9292 | Train Acc 97.3085| Valid Acc 49.3738 | Domain Loss 3.0119 | Lambda 0.0462 | Contrastive Loss 0.0669
[TRAINER1] /scratch/suyash.kumar.mec22.itbhu/EEG-AAD/eeg-aad-challenge2026-task1-baselines-master/trainer1.py:182: UserWarning: To copy construct from a tensor, it is recommended to use sourceTensor.clone().detach() or sourceTensor.clone().detach().requires_grad_(True), rather than torch.tensor(sourceTensor).
[TRAINER1]   subject_ids = torch.tensor(subject_ids).to(device).long()
[TRAINER1] TestSub: S[11, 12, 13, 14, 15] Epoch 11 Finsh | Now_lr 0.0005/0.0005 | Train Loss 0.0663 | Valid Loss 2.9604 | Train Acc 97.6198| Valid Acc 48.7567 | Domain Loss 3.0011 | Lambda 0.0501 | Contrastive Loss 0.0597
[TRAINER1] /scratch/suyash.kumar.mec22.itbhu/EEG-AAD/eeg-aad-challenge2026-task1-baselines-master/trainer1.py:182: UserWarning: To copy construct from a tensor, it is recommended to use sourceTensor.clone().detach() or sourceTensor.clone().detach().requires_grad_(True), rather than torch.tensor(sourceTensor).
[TRAINER1]   subject_ids = torch.tensor(subject_ids).to(device).long()
[TRAINER1] TestSub: S[11, 12, 13, 14, 15] Epoch 12 Finsh | Now_lr 0.0005/0.0005 | Train Loss 0.0607 | Valid Loss 2.9839 | Train Acc 97.8131| Valid Acc 48.9664 | Domain Loss 3.0174 | Lambda 0.0537 | Contrastive Loss 0.0548
[TRAINER1] /scratch/suyash.kumar.mec22.itbhu/EEG-AAD/eeg-aad-challenge2026-task1-baselines-master/trainer1.py:182: UserWarning: To copy construct from a tensor, it is recommended to use sourceTensor.clone().detach() or sourceTensor.clone(-------------------------
[TRAINER2] 
[TRAINER2] ========== Fold 2 ==========
[TRAINER2] Train IDs: [1, 2, 3, 4, 5, 11, 12, 13, 14, 15, 16, 17, 18, 19, 20, 21, 22, 23, 24, 25, 26, 27, 28, 29, 30]
[TRAINER2] Val IDs:   [6, 7, 8, 9, 10]
[TRAINER2] train_data_shape(164500, 32, 128),val_data_shape(32900, 32, 128)
[TRAINER2] =================================================================
[TRAINER2] Layer (type:depth-idx)                   Param #
[TRAINER2] =================================================================
[TRAINER2] DARNet                                   --
[TRAINER2] ├─TokenEmbedding: 1-1                    --
[TRAINER2] │    └─Sequential: 2-1                   --
[TRAINER2] │    │    └─Conv2d: 3-1                  576
[TRAINER2] │    │    └─BatchNorm2d: 3-2             128
[TRAINER2] │    │    └─GELU: 3-3                    --
[TRAINER2] │    └─Sequential: 2-2                   --
[TRAINER2] │    │    └─Conv2d: 3-4                  32,784
[TRAINER2] │    │    └─BatchNorm2d: 3-5             32
[TRAINER2] │    │    └─GELU: 3-6                    --
[TRAINER2] │    └─PositionalEmbedding: 2-3          --
[TRAINER2] ├─Flatten: 1-2                           --
[TRAINER2] ├─Linear: 1-3                            18
[TRAINER2] ├─AttnRefine: 1-4                        --
[TRAINER2] │    └─MyAttention: 2-4                  --
[TRAINER2] │    │    └─Attention: 3-7               800
[TRAINER2] │    └─Refine: 2-5                       --
[TRAINER2] │    │    └─Conv1d: 3-8                  784
[TRAINER2] │    │    └─BatchNorm1d: 3-9             32
[TRAINER2] │    │    └─ELU: 3-10                    --
[TRAINER2] │    │    └─MaxPool1d: 3-11              --
[TRAINER2] │    └─AdaptiveAvgPool1d: 2-6            --
[TRAINER2] │    └─Linear: 2-7                       68
[TRAINER2] │    └─Flatten: 2-8                      --
[TRAINER2] ├─AttnRefine: 1-5                        --
[TRAINER2] │    └─MyAttention: 2-9                  --
[TRAINER2] │    │    └─Attention: 3-12              800
[TRAINER2] │    └─Refine: 2-10                      --
[TRAINER2] │    │    └─Conv1d: 3-13                 784
[TRAINER2] │    │    └─BatchNorm1d: 3-14            32
[TRAINER2] │    │    └─ELU: 3-15                    --
[TRAINER2] │    │    └─MaxPool1d: 3-16              --
[TRAINER2] │    └─AdaptiveAvgPool1d: 2-11           --
[TRAINER2] │    └─Linear: 2-12                      68
[TRAINER2] │    └─Flatten: 2-13                     --
[TRAINER2] ├─GradientReversalLayer: 1-6             --
[TRAINER2] ├─SubjectDiscriminator: 1-7              --
[TRAINER2] │    └─Sequential: 2-14                  --
[TRAINER2] │    │    └─Linear: 3-17                 2,304
[TRAINER2] │    │    └─ReLU: 3-18                   --
[TRAINER2] │    │    └─Dropout: 3-19                --
[TRAINER2] │    │    └─Linear: 3-20                 32,896
[TRAINER2] │    │    └─ReLU: 3-21                   --
[TRAINER2] │    │    └─Dropout: 3-22                --
[TRAINER2] │    │    └─Linear: 3-23                 3,870
[TRAINER2] ├─ContrastiveHead: 1-8                   --
[TRAINER2] │    └─Sequential: 2-15                  --
[TRAINER2] │    │    └─Linear: 3-24                 576
[TRAINER2] │    │    └─ReLU: 3-25                   --
[TRAINER2] │    │    └─Linear: 3-26                 8,320
[TRAINER2] =================================================================
[TRAINER2] Total params: 84,872
[TRAINER2] Trainable params: 84,872
[TRAINER2] Non-trainable params: 0
[TRAINER2] =================================================================
[TRAINER2] /scratch/suyash.kumar.mec22.itbhu/EEG-AAD/eeg-aad-challenge2026-task1-baselines-master/trainer2.py:182: UserWarning: To copy construct from a tensor, it is recommended to use sourceTensor.clone().detach() or sourceTensor.clone().detach().requires_grad_(True), rather than torch.tensor(sourceTensor).
[TRAINER2]   subject_ids = torch.tensor(subject_ids).to(device).long()
[TRAINER2] TestSub: S[6, 7, 8, 9, 10] Epoch  1 Finsh | Now_lr 0.0100/0.0100 | Train Loss 0.5272 | Valid Loss 1.0889 | Train Acc 71.8507| Valid Acc 52.1553 | Domain Loss 3.1413 | Lambda 0.0050 | Contrastive Loss 0.5407
[TRAINER2] Validation acc increase (0.000000 --> 52.155277) in epoch (1).  Saving model ...
[TRAINER2] /scratch/suyash.kumar.mec22.itbhu/EEG-AAD/eeg-aad-challenge2026-task1-baselines-master/trainer2.py:182: UserWarning: To copy construct from a tensor, it is recommended to use sourceTensor.clone().detach() or sourceTensor.clone().detach().requires_grad_(True), rather than torch.tensor(sourceTensor).
[TRAINER2]   subject_ids = torch.tensor(subject_ids).to(device).long()
[TRAINER2] TestSub: S[6, 7, 8, 9, 10] Epoch  2 Finsh | Now_lr 0.0100/0.0100 | Train Loss 0.3848 | Valid Loss 1.3917 | Train Acc 82.2483| Valid Acc 50.1520 | Domain Loss 2.9502 | Lambda 0.0100 | Contrastive Loss 0.3890
[TRAINER2] /scratch/suyash.kumar.mec22.itbhu/EEG-AAD/eeg-aad-challenge2026-task1-baselines-master/trainer2.py:182: UserWarning: To copy construct from a tensor, it is recommended to use sourceTensor.clone().detach() or sourceTensor.clone().detach().requires_grad_(True), rather than torch.tensor(sourceTensor).
[TRAINER2]   subject_ids = torch.tensor(subject_ids).to(device).long()
[TRAINER2] TestSub: S[6, 7, 8, 9, 10] Epoch  3 Finsh | Now_lr 0.0100/0.0100 | Train Loss 0.3441 | Valid Loss 1.3905 | Train Acc 84.6984| Valid Acc 51.1886 | Domain Loss 2.8939 | Lambda 0.0149 | Contrastive Loss 0.3462
[TRAINER2] /scratch/suyash.kumar.mec22.itbhu/EEG-AAD/eeg-aad-challenge2026-task1-baselines-master/trainer2.py:182: UserWarning: To copy construct from a tensor, it is recommended to use sourceTensor.clone().detach() or sourceTensor.clone().detach().requires_grad_(True), rather than torch.tensor(sourceTensor).
[TRAINER2]   subject_ids = torch.tensor(subject_ids).to(device).long()
[TRAINER2] TestSub: S[6, 7, 8, 9, 10] Epoch  4 Finsh | Now_lr 0.0100/0.0100 | Train Loss 0.3268 | Valid Loss 1.6798 | Train Acc 85.6645| Valid Acc 51.5534 | Domain Loss 3.0095 | Lambda 0.0197 | Contrastive Loss 0.3280
[TRAINER2] /scratch/suyash.kumar.mec22.itbhu/EEG-AAD/eeg-aad-challenge2026-task1-baselines-master/trainer2.py:182: UserWarning: To copy construct from a tensor, it is recommended to use sourceTensor.clone().detach() or sourceTensor.clone().detach().requires_grad_(True), rather than torch.tensor(sourceTensor).
[TRAINER2]   subject_ids = torch.tensor(subject_ids).to(device).long()
[TRAINER2] TestSub: S[6, 7, 8, 9, 10] Epoch  5 Finsh | Now_lr 0.0100/0.0100 | Train Loss 0.2957 | Valid Loss 1.7887 | Train Acc 87.2319| Valid Acc 49.2552 | Domain Loss 3.0353 | Lambda 0.0245 | Contrastive Loss 0.2963
[TRAINER2] /scratch/suyash.kumar.mec22.itbhu/EEG-AAD/eeg-aad-challenge2026-task1-baselines-master/trainer2.py:182: UserWarning: To copy construct from a tensor, it is recommended to use sourceTensor.clone().detach() or sourceTensor.clone().detach().requires_grad_(True), rather than torch.tensor(sourceTensor).
[TRAINER2]   subject_ids = torch.tensor(subject_ids).to(device).long()
[TRAINER2] TestSub: S[6, 7, 8, 9, 10] Epoch  6 Finsh | Now_lr 0.0100/0.0100 | Train Loss 0.2512 | Valid Loss 1.8217 | Train Acc 89.5410| Valid Acc 48.3433 | Domain Loss 3.0741 | Lambda 0.0291 | Contrastive Loss 0.2486
[TRAINER2] /scratch/suyash.kumar.mec22.itbhu/EEG-AAD/eeg-aad-challenge2026-task1-baselines-master/trainer2.py:182: UserWarning: To copy construct from a tensor, it is recommended to use sourceTensor.clone().detach() or sourceTensor.clone().detach().requires_grad_(True), rather than torch.tensor(sourceTensor).
[TRAINER2]   subject_ids = torch.tensor(subject_ids).to(device).long()
[TRAINER2] TestSub: S[6, 7, 8, 9, 10] Epoch  7 Finsh | Now_lr 0.0100/0.0100 | Train Loss 0.2078 | Valid Loss 2.0488 | Train Acc 91.6592| Valid Acc 47.2915 | Domain Loss 3.1127 | Lambda 0.0336 | Contrastive Loss 0.2056
[TRAINER2] /sc).detach().requires_grad_(True), rather than torch.tensor(sourceTensor).
[TRAINER1]   subject_ids = torch.tensor(subject_ids).to(device).long()
[TRAINER1] TestSub: S[11, 12, 13, 14, 15] Epoch 13 Finsh | Now_lr 0.0005/0.0005 | Train Loss 0.0566 | Valid Loss 3.0995 | Train Acc 97.9979| Valid Acc 47.8113 | Domain Loss 3.0189 | Lambda 0.0572 | Contrastive Loss 0.0514
[TRAINER1] /scratch/suyash.kumar.mec22.itbhu/EEG-AAD/eeg-aad-challenge2026-task1-baselines-master/trainer1.py:182: UserWarning: To copy construct from a tensor, it is recommended to use sourceTensor.clone().detach() or sourceTensor.clone().detach().requires_grad_(True), rather than torch.tensor(sourceTensor).
[TRAINER1]   subject_ids = torch.tensor(subject_ids).to(device).long()
[TRAINER1] TestSub: S[11, 12, 13, 14, 15] Epoch 14 Finsh | Now_lr 0.0005/0.0005 | Train Loss 0.0525 | Valid Loss 2.9709 | Train Acc 98.1335| Valid Acc 48.0910 | Domain Loss 3.0361 | Lambda 0.0604 | Contrastive Loss 0.0471
[TRAINER1] /scratch/suyash.kumar.mec22.itbhu/EEG-AAD/eeg-aad-challenge2026-task1-baselines-master/trainer1.py:182: UserWarning: To copy construct from a tensor, it is recommended to use sourceTensor.clone().detach() or sourceTensor.clone().detach().requires_grad_(True), rather than torch.tensor(sourceTensor).
[TRAINER1]   subject_ids = torch.tensor(subject_ids).to(device).long()
[TRAINER1] TestSub: S[11, 12, 13, 14, 15] Epoch 15 Finsh | Now_lr 0.0005/0.0005 | Train Loss 0.0490 | Valid Loss 3.0949 | Train Acc 98.2533| Valid Acc 48.4345 | Domain Loss 3.0428 | Lambda 0.0635 | Contrastive Loss 0.0442
[TRAINER1] /scratch/suyash.kumar.mec22.itbhu/EEG-AAD/eeg-aad-challenge2026-task1-baselines-master/trainer1.py:182: UserWarning: To copy construct from a tensor, it is recommended to use sourceTensor.clone().detach() or sourceTensor.clone().detach().requires_grad_(True), rather than torch.tensor(sourceTensor).
[TRAINER1]   subject_ids = torch.tensor(subject_ids).to(device).long()
[TRAINER1] TestSub: S[11, 12, 13, 14, 15] Epoch 16 Finsh | Now_lr 0.0005/0.0005 | Train Loss 0.0455 | Valid Loss 3.3304 | Train Acc 98.3773| Valid Acc 48.9330 | Domain Loss 3.0684 | Lambda 0.0664 | Contrastive Loss 0.0404
[TRAINER1] /scratch/suyash.kumar.mec22.itbhu/EEG-AAD/eeg-aad-challenge2026-task1-baselines-master/trainer1.py:182: UserWarning: To copy construct from a tensor, it is recommended to use sourceTensor.clone().detach() or sourceTensor.clone().detach().requires_grad_(True), rather than torch.tensor(sourceTensor).
[TRAINER1]   subject_ids = torch.tensor(subject_ids).to(device).long()
[TRAINER1] TestSub: S[11, 12, 13, 14, 15] Epoch 17 Finsh | Now_lr 0.0005/0.0005 | Train Loss 0.0419 | Valid Loss 3.5486 | Train Acc 98.5178| Valid Acc 48.3250 | Domain Loss 3.0653 | Lambda 0.0691 | Contrastive Loss 0.0374
[TRAINER1] /scratch/suyash.kumar.mec22.itbhu/EEG-AAD/eeg-aad-challenge2026-task1-baselines-master/trainer1.py:182: UserWarning: To copy construct from a tensor, it is recommended to use sourceTensor.clone().detach() or sourceTensor.clone().detach().requires_grad_(True), rather than torch.tensor(sourceTensor).
[TRAINER1]   subject_ids = torch.tensor(subject_ids).to(device).long()
[TRAINER1] TestSub: S[11, 12, 13, 14, 15] Epoch 18 Finsh | Now_lr 0.0005/0.0005 | Train Loss 0.0405 | Valid Loss 3.5143 | Train Acc 98.5792| Valid Acc 49.3130 | Domain Loss 3.0414 | Lambda 0.0716 | Contrastive Loss 0.0368
[TRAINER1] /scratch/suyash.kumar.mec22.itbhu/EEG-AAD/eeg-aad-challenge2026-task1-baselines-master/trainer1.py:182: UserWarning: To copy construct from a tensor, it is recommended to use sourceTensor.clone().detach() or sourceTensor.clone().detach().requires_grad_(True), rather than torch.tensor(sourceTensor).
[TRAINER1]   subject_ids = torch.tensor(subject_ids).to(device).long()
[TRAINER1] TestSub: S[11, 12, 13, 14, 15] Epoch 19 Finsh | Now_lr 0.0005/0.0005 | Train Loss 0.0383 | Valid Loss 3.6310 | Train Acc 98.6412| Valid Acc 48.3250 | Domain Loss 3.0787 | Lambda 0.0740 | Contrastive Loss 0.0332
[TRAINER1] /scratch/suyash.kumar.mec22.itbhu/EEG-AAD/eeg-aad-challenge2026-task1-baselines-master/trainer1.py:182: UserWarning: To copy construct from a tensor, it is recommended to use sourceTensor.clone().detach() or sourceTensor.clone().detach().requires_grad_(True), rather than torch.tensor(sourceTensor).
[TRAINER1]   subject_ids = torch.tensor(subject_ids).to(device).long()
[TRAINER1] TestSub: S[11, 12, 13, 14, 15] Epoch 20 Finsh | Now_lr 0.0005/0.0005 | Train Loss 0.0372 | Valid Loss 3.3361 | Train Acc 98.7074| Valid Acc 49.1640 | Domain Loss 3.0919 | Lambda 0.0762 | Contrastive Loss 0.0340
[TRAINER1] /scratch/suyash.kumar.mec22.itbhu/EEG-AAD/eeg-aad-challenge2026-task1-baselines-master/trainer1.py:182: UserWarning: To copy construct from a tensor, it is recommended to use sourceTensor.clone().detach() or sourceTensor.clone().detach().requires_grad_(True), rather than torch.tensor(sourceTensor).
[TRAINER1]   subject_ids = torch.tensor(subject_ids).to(device).long()
[TRAINER1] TestSub: S[11, 12, 13, 14, 15] Epoch 21 Finsh | Now_lr 0.0005/0.0005 | Train Loss 0.0357 | Valid Loss 3.5085 | Train Acc 98.7530| Valid Acc 49.7264 | Domain Loss 3.0811 | Lambda 0.0782 | Contrastive Loss 0.0311
[TRAINER1] /scratch/suyash.kumar.mec22.itbhu/EEG-AAD/eeg-aad-challenge2026-task1-baselines-master/trainer1.py:182: UserWarning: To copy construct from a tensor, it is recommended to use sourceTensor.clone().detach() or sourceTensor.clone().detach().requires_grad_(True), rather than torch.tensor(sourceTensor).
[TRAINER1]   subject_ids = torch.tensor(subject_ids).to(device).long()
[TRAINER1] TestSub: S[11, 12, 13, 14, 15] Epoch 22 Finsh | Now_lr 0.0005/0.0005 | Train Loss 0.0333 | Valid Loss 3.2444 | Train Acc 98.8491| Valid Acc 50.8451 | Domain Loss 3.0900 | Lambda 0.0800 | Contrastive Loss 0.0294
[TRAINER1] /scratch/suyash.kumar.mec22.itbhu/EEG-AAD/eeg-aad-challenge2026-task1-baselines-master/trainer1.py:182: UserWarning: To copy construct from a tensor, it is recommended to use sourceTensor.clone().detach() or sourceTensor.clone().detach().requires_grad_(True), rather than torch.tensor(sourceTensor).
[TRAINER1]   subject_ids = torch.tensor(subject_ids).to(device).long()
[TRAINER1] TestSub: S[11, 12, 13, 14, 15] Epoch 23 Finsh | Now_lr 0.0005/0.0005 | Train Loss 0.0326 | Valid Loss 3.4053 | Train Acc 98.8777| Valid Acc 49.3008 | Domain Loss 3.0835 | Lambda 0.0818 | Contrastive Loss 0.0280
[TRAINER1] /scratch/suyash.kumar.mec22.itbhu/EEG-AAD/eeg-aad-challenge2026-task1-baselines-master/trainer1.py:182: UserWarning: To copy construct from a tensor, it is recommended to use sourceTensor.clone().detach() or sourceTensor.clone().detach().requires_grad_(True), rather than torch.tensor(sourceTensor).
[TRAINER1]   subject_ids = torch.tensor(subject_ids).to(device).long()
[TRAINER1] TestSub: S[11, 12, 13, 14, 15] Epoch 24 Finsh | Now_lr 0.0005/0.0005 | Train Loss 0.0322 | Valid Loss 3.4663 | Train Acc 98.8807| Valid Acc 50.5502 | Domain Loss 3.0908 | Lambda 0.0834 | Contrastive Loss 0.0286
[TRAINER1] /scratch/suyash.kumar.mec22.itbhu/EEG-AAD/eeg-aad-challenge2026-task1-baselines-master/trainer1.py:182: UserWarning: To copy construct from a tensor, it is recommended to use sourceTensor.clone().detach() or sourceTensor.clone().detach().requires_grad_(True), rather than torch.tensor(sourceTensor).
[TRAINER1]   subject_ids = torch.tensor(subject_ids).to(device).long()
[TRAINER1] TestSub: S[11, 12, 13, 14, 15] Epoch 25 Finsh | Now_lr 0.0005/0.0005 | Train Loss 0.0299 | Valid Loss 3.5720 | Train Acc 98.9713| Valid Acc 48.5561 | Domain Loss 3.1062 | Lambda 0.0848 | Contrastive Loss 0.0257
[TRAINER1] /scratch/suyash.kumar.mec22.itbhu/EEG-AAD/eeg-aad-challenge2026-task1-baselines-master/trainer1.py:182: UserWarning: To copy construct from a tensor, it is recommended to use sourceTensor.clone().detach() or sourceTensor.clone().detach().requires_grad_(True), rather than torch.tensor(sourceTensor).
[TRAINER1]   subject_ids = torch.tensor(subject_ids).to(device).long()
[TRAINER1] TestSub: S[11, 12, 13, 14, 15] Epoch 26 Finsh | Now_lr 0.0005/0.0005 | Train Loss 0.0289 | Valid Loss 3.7641 | Train Acc 98.9889| Valid Acc 48.7354 | Domain Loss 3.1091 | Lambda 0.0862 ratch/suyash.kumar.mec22.itbhu/EEG-AAD/eeg-aad-challenge2026-task1-baselines-master/trainer2.py:182: UserWarning: To copy construct from a tensor, it is recommended to use sourceTensor.clone().detach() or sourceTensor.clone().detach().requires_grad_(True), rather than torch.tensor(sourceTensor).
[TRAINER2]   subject_ids = torch.tensor(subject_ids).to(device).long()
[TRAINER2] TestSub: S[6, 7, 8, 9, 10] Epoch  8 Finsh | Now_lr 0.0100/0.0100 | Train Loss 0.1856 | Valid Loss 1.9757 | Train Acc 92.7018| Valid Acc 46.6470 | Domain Loss 3.1092 | Lambda 0.0380 | Contrastive Loss 0.1837
[TRAINER2] /scratch/suyash.kumar.mec22.itbhu/EEG-AAD/eeg-aad-challenge2026-task1-baselines-master/trainer2.py:182: UserWarning: To copy construct from a tensor, it is recommended to use sourceTensor.clone().detach() or sourceTensor.clone().detach().requires_grad_(True), rather than torch.tensor(sourceTensor).
[TRAINER2]   subject_ids = torch.tensor(subject_ids).to(device).long()
[TRAINER2] TestSub: S[6, 7, 8, 9, 10] Epoch  9 Finsh | Now_lr 0.0100/0.0100 | Train Loss 0.1706 | Valid Loss 2.1917 | Train Acc 93.3396| Valid Acc 48.9938 | Domain Loss 3.1533 | Lambda 0.0422 | Contrastive Loss 0.1684
[TRAINER2] /scratch/suyash.kumar.mec22.itbhu/EEG-AAD/eeg-aad-challenge2026-task1-baselines-master/trainer2.py:182: UserWarning: To copy construct from a tensor, it is recommended to use sourceTensor.clone().detach() or sourceTensor.clone().detach().requires_grad_(True), rather than torch.tensor(sourceTensor).
[TRAINER2]   subject_ids = torch.tensor(subject_ids).to(device).long()
[TRAINER2] TestSub: S[6, 7, 8, 9, 10] Epoch 10 Finsh | Now_lr 0.0100/0.0100 | Train Loss 0.1595 | Valid Loss 1.8952 | Train Acc 93.9026| Valid Acc 47.7991 | Domain Loss 3.1412 | Lambda 0.0462 | Contrastive Loss 0.1568
[TRAINER2] /scratch/suyash.kumar.mec22.itbhu/EEG-AAD/eeg-aad-challenge2026-task1-baselines-master/trainer2.py:182: UserWarning: To copy construct from a tensor, it is recommended to use sourceTensor.clone().detach() or sourceTensor.clone().detach().requires_grad_(True), rather than torch.tensor(sourceTensor).
[TRAINER2]   subject_ids = torch.tensor(subject_ids).to(device).long()
[TRAINER2] TestSub: S[6, 7, 8, 9, 10] Epoch 11 Finsh | Now_lr 0.0100/0.0100 | Train Loss 0.1507 | Valid Loss 2.1552 | Train Acc 94.2218| Valid Acc 49.4893 | Domain Loss 3.1549 | Lambda 0.0501 | Contrastive Loss 0.1484
[TRAINER2] /scratch/suyash.kumar.mec22.itbhu/EEG-AAD/eeg-aad-challenge2026-task1-baselines-master/trainer2.py:182: UserWarning: To copy construct from a tensor, it is recommended to use sourceTensor.clone().detach() or sourceTensor.clone().detach().requires_grad_(True), rather than torch.tensor(sourceTensor).
[TRAINER2]   subject_ids = torch.tensor(subject_ids).to(device).long()
[TRAINER2] TestSub: S[6, 7, 8, 9, 10] Epoch 12 Finsh | Now_lr 0.0100/0.0100 | Train Loss 0.1423 | Valid Loss 2.2226 | Train Acc 94.6085| Valid Acc 46.7716 | Domain Loss 3.1801 | Lambda 0.0537 | Contrastive Loss 0.1409
[TRAINER2] /scratch/suyash.kumar.mec22.itbhu/EEG-AAD/eeg-aad-challenge2026-task1-baselines-master/trainer2.py:182: UserWarning: To copy construct from a tensor, it is recommended to use sourceTensor.clone().detach() or sourceTensor.clone().detach().requires_grad_(True), rather than torch.tensor(sourceTensor).
[TRAINER2]   subject_ids = torch.tensor(subject_ids).to(device).long()
[TRAINER2] TestSub: S[6, 7, 8, 9, 10] Epoch 13 Finsh | Now_lr 0.0100/0.0100 | Train Loss 0.1388 | Valid Loss 2.1920 | Train Acc 94.8048| Valid Acc 49.0607 | Domain Loss 3.1720 | Lambda 0.0572 | Contrastive Loss 0.1362
[TRAINER2] /scratch/suyash.kumar.mec22.itbhu/EEG-AAD/eeg-aad-challenge2026-task1-baselines-master/trainer2.py:182: UserWarning: To copy construct from a tensor, it is recommended to use sourceTensor.clone().detach() or sourceTensor.clone().detach().requires_grad_(True), rather than torch.tensor(sourceTensor).
[TRAINER2]   subject_ids = torch.tensor(subject_ids).to(device).long()
[TRAINER2] TestSub: S[6, 7, 8, 9, 10] Epoch 14 Finsh | Now_lr 0.0100/0.0100 | Train Loss 0.1338 | Valid Loss 2.0754 | Train Acc 94.9976| Valid Acc 48.6290 | Domain Loss 3.1706 | Lambda 0.0604 | Contrastive Loss 0.1318
[TRAINER2] /scratch/suyash.kumar.mec22.itbhu/EEG-AAD/eeg-aad-challenge2026-task1-baselines-master/trainer2.py:182: UserWarning: To copy construct from a tensor, it is recommended to use sourceTensor.clone().detach() or sourceTensor.clone().detach().requires_grad_(True), rather than torch.tensor(sourceTensor).
[TRAINER2]   subject_ids = torch.tensor(subject_ids).to(device).long()
[TRAINER2] TestSub: S[6, 7, 8, 9, 10] Epoch 15 Finsh | Now_lr 0.0100/0.0100 | Train Loss 0.1320 | Valid Loss 2.3680 | Train Acc 95.0626| Valid Acc 48.3949 | Domain Loss 3.1911 | Lambda 0.0635 | Contrastive Loss 0.1290
[TRAINER2] /scratch/suyash.kumar.mec22.itbhu/EEG-AAD/eeg-aad-challenge2026-task1-baselines-master/trainer2.py:182: UserWarning: To copy construct from a tensor, it is recommended to use sourceTensor.clone().detach() or sourceTensor.clone().detach().requires_grad_(True), rather than torch.tensor(sourceTensor).
[TRAINER2]   subject_ids = torch.tensor(subject_ids).to(device).long()
[TRAINER2] TestSub: S[6, 7, 8, 9, 10] Epoch 16 Finsh | Now_lr 0.0100/0.0100 | Train Loss 0.1276 | Valid Loss 1.8792 | Train Acc 95.2341| Valid Acc 49.3221 | Domain Loss 3.1945 | Lambda 0.0664 | Contrastive Loss 0.1251
[TRAINER2] /scratch/suyash.kumar.mec22.itbhu/EEG-AAD/eeg-aad-challenge2026-task1-baselines-master/trainer2.py:182: UserWarning: To copy construct from a tensor, it is recommended to use sourceTensor.clone().detach() or sourceTensor.clone().detach().requires_grad_(True), rather than torch.tensor(sourceTensor).
[TRAINER2]   subject_ids = torch.tensor(subject_ids).to(device).long()
[TRAINER2] TestSub: S[6, 7, 8, 9, 10] Epoch 17 Finsh | Now_lr 0.0100/0.0100 | Train Loss 0.1243 | Valid Loss 2.0969 | Train Acc 95.4110| Valid Acc 49.8541 | Domain Loss 3.1964 | Lambda 0.0691 | Contrastive Loss 0.1224
[TRAINER2] /scratch/suyash.kumar.mec22.itbhu/EEG-AAD/eeg-aad-challenge2026-task1-baselines-master/trainer2.py:182: UserWarning: To copy construct from a tensor, it is recommended to use sourceTensor.clone().detach() or sourceTensor.clone().detach().requires_grad_(True), rather than torch.tensor(sourceTensor).
[TRAINER2]   subject_ids = torch.tensor(subject_ids).to(device).long()
[TRAINER2] TestSub: S[6, 7, 8, 9, 10] Epoch 18 Finsh | Now_lr 0.0100/0.0100 | Train Loss 0.1201 | Valid Loss 2.2023 | Train Acc 95.5381| Valid Acc 48.5135 | Domain Loss 3.1988 | Lambda 0.0716 | Contrastive Loss 0.1175
[TRAINER2] /scratch/suyash.kumar.mec22.itbhu/EEG-AAD/eeg-aad-challenge2026-task1-baselines-master/trainer2.py:182: UserWarning: To copy construct from a tensor, it is recommended to use sourceTensor.clone().detach() or sourceTensor.clone().detach().requires_grad_(True), rather than torch.tensor(sourceTensor).
[TRAINER2]   subject_ids = torch.tensor(subject_ids).to(device).long()
[TRAINER2] TestSub: S[6, 7, 8, 9, 10] Epoch 19 Finsh | Now_lr 0.0100/0.0100 | Train Loss 0.1185 | Valid Loss 1.9582 | Train Acc 95.5824| Valid Acc 49.0060 | Domain Loss 3.2014 | Lambda 0.0740 | Contrastive Loss 0.1162
[TRAINER2] /scratch/suyash.kumar.mec22.itbhu/EEG-AAD/eeg-aad-challenge2026-task1-baselines-master/trainer2.py:182: UserWarning: To copy construct from a tensor, it is recommended to use sourceTensor.clone().detach() or sourceTensor.clone().detach().requires_grad_(True), rather than torch.tensor(sourceTensor).
[TRAINER2]   subject_ids = torch.tensor(subject_ids).to(device).long()
[TRAINER2] TestSub: S[6, 7, 8, 9, 10] Epoch 20 Finsh | Now_lr 0.0100/0.0100 | Train Loss 0.1138 | Valid Loss 2.0850 | Train Acc 95.8001| Valid Acc 51.2798 | Domain Loss 3.2016 | Lambda 0.0762 | Contrastive Loss 0.1123
[TRAINER2] /scratch/suyash.kumar.mec22.itbhu/EEG-AAD/eeg-aad-challenge2026-task1-baselines-master/trainer2.py:182: UserWarning: To copy construct from a tensor, it is recommended to use sourceTensor.clone().detach() or sourceTensor.clone().detach().requires_grad_(True), rather than torch.tensor(sourceTensor).
[TRAINER2]   subject_ids = torch.tensor(subject_ids).to(device).long()
[TRAINER2] TestSub: S[6,| Contrastive Loss 0.0257
[TRAINER1] /scratch/suyash.kumar.mec22.itbhu/EEG-AAD/eeg-aad-challenge2026-task1-baselines-master/trainer1.py:182: UserWarning: To copy construct from a tensor, it is recommended to use sourceTensor.clone().detach() or sourceTensor.clone().detach().requires_grad_(True), rather than torch.tensor(sourceTensor).
[TRAINER1]   subject_ids = torch.tensor(subject_ids).to(device).long()
[TRAINER1] TestSub: S[11, 12, 13, 14, 15] Epoch 27 Finsh | Now_lr 0.0005/0.0005 | Train Loss 0.0282 | Valid Loss 3.7083 | Train Acc 99.0242| Valid Acc 49.6291 | Domain Loss 3.0970 | Lambda 0.0874 | Contrastive Loss 0.0252
[TRAINER1] /scratch/suyash.kumar.mec22.itbhu/EEG-AAD/eeg-aad-challenge2026-task1-baselines-master/trainer1.py:182: UserWarning: To copy construct from a tensor, it is recommended to use sourceTensor.clone().detach() or sourceTensor.clone().detach().requires_grad_(True), rather than torch.tensor(sourceTensor).
[TRAINER1]   subject_ids = torch.tensor(subject_ids).to(device).long()
[TRAINER1] TestSub: S[11, 12, 13, 14, 15] Epoch 28 Finsh | Now_lr 0.0005/0.0005 | Train Loss 0.0266 | Valid Loss 3.6719 | Train Acc 99.0917| Valid Acc 49.1215 | Domain Loss 3.0850 | Lambda 0.0885 | Contrastive Loss 0.0245
[TRAINER1] /scratch/suyash.kumar.mec22.itbhu/EEG-AAD/eeg-aad-challenge2026-task1-baselines-master/trainer1.py:182: UserWarning: To copy construct from a tensor, it is recommended to use sourceTensor.clone().detach() or sourceTensor.clone().detach().requires_grad_(True), rather than torch.tensor(sourceTensor).
[TRAINER1]   subject_ids = torch.tensor(subject_ids).to(device).long()
[TRAINER1] TestSub: S[11, 12, 13, 14, 15] Epoch 29 Finsh | Now_lr 0.0005/0.0005 | Train Loss 0.0275 | Valid Loss 3.7061 | Train Acc 99.0406| Valid Acc 49.8936 | Domain Loss 3.1070 | Lambda 0.0896 | Contrastive Loss 0.0242
[TRAINER1] /scratch/suyash.kumar.mec22.itbhu/EEG-AAD/eeg-aad-challenge2026-task1-baselines-master/trainer1.py:182: UserWarning: To copy construct from a tensor, it is recommended to use sourceTensor.clone().detach() or sourceTensor.clone().detach().requires_grad_(True), rather than torch.tensor(sourceTensor).
[TRAINER1]   subject_ids = torch.tensor(subject_ids).to(device).long()
[TRAINER1] TestSub: S[11, 12, 13, 14, 15] Epoch 30 Finsh | Now_lr 0.0005/0.0005 | Train Loss 0.0253 | Valid Loss 3.7163 | Train Acc 99.1507| Valid Acc 48.7840 | Domain Loss 3.1140 | Lambda 0.0905 | Contrastive Loss 0.0221
[TRAINER1] /scratch/suyash.kumar.mec22.itbhu/EEG-AAD/eeg-aad-challenge2026-task1-baselines-master/trainer1.py:182: UserWarning: To copy construct from a tensor, it is recommended to use sourceTensor.clone().detach() or sourceTensor.clone().detach().requires_grad_(True), rather than torch.tensor(sourceTensor).
[TRAINER1]   subject_ids = torch.tensor(subject_ids).to(device).long()
[TRAINER1] TestSub: S[11, 12, 13, 14, 15] Epoch 31 Finsh | Now_lr 0.0005/0.0005 | Train Loss 0.0248 | Valid Loss 3.8816 | Train Acc 99.1282| Valid Acc 48.4953 | Domain Loss 3.1202 | Lambda 0.0914 | Contrastive Loss 0.0214
[TRAINER1] /scratch/suyash.kumar.mec22.itbhu/EEG-AAD/eeg-aad-challenge2026-task1-baselines-master/trainer1.py:182: UserWarning: To copy construct from a tensor, it is recommended to use sourceTensor.clone().detach() or sourceTensor.clone().detach().requires_grad_(True), rather than torch.tensor(sourceTensor).
[TRAINER1]   subject_ids = torch.tensor(subject_ids).to(device).long()
[TRAINER1] TestSub: S[11, 12, 13, 14, 15] Epoch 32 Finsh | Now_lr 0.0005/0.0005 | Train Loss 0.0241 | Valid Loss 3.9274 | Train Acc 99.1841| Valid Acc 48.2733 | Domain Loss 3.1252 | Lambda 0.0922 | Contrastive Loss 0.0210
[TRAINER1] /scratch/suyash.kumar.mec22.itbhu/EEG-AAD/eeg-aad-challenge2026-task1-baselines-master/trainer1.py:182: UserWarning: To copy construct from a tensor, it is recommended to use sourceTensor.clone().detach() or sourceTensor.clone().detach().requires_grad_(True), rather than torch.tensor(sourceTensor).
[TRAINER1]   subject_ids = torch.tensor(subject_ids).to(device).long()
[TRAINER1] TestSub: S[11, 12, 13, 14, 15] Epoch 33 Finsh | Now_lr 0.0005/0.0005 | Train Loss 0.0234 | Valid Loss 3.7724 | Train Acc 99.2145| Valid Acc 50.0638 | Domain Loss 3.1299 | Lambda 0.0929 | Contrastive Loss 0.0202
[TRAINER1] Early stopping triggered after 33 epochs (30 epochs without improvement)
[TRAINER1] --------------------------------------------------
[TRAINER1] Test_Subject :S[11, 12, 13, 14, 15] |Best epoch:3 | Test Loss:1.7236 | Best Acc 51.5929 | Savemodel Acc 51.5929
[TRAINER1] --------------------------------------------------
[TRAINER1] 
[TRAINER1] ========== Fold 4 ==========
[TRAINER1] Train IDs: [1, 2, 3, 4, 5, 6, 7, 8, 9, 10, 11, 12, 13, 14, 15, 21, 22, 23, 24, 25, 26, 27, 28, 29, 30]
[TRAINER1] Val IDs:   [16, 17, 18, 19, 20]
[TRAINER1] train_data_shape(164500, 32, 128),val_data_shape(32900, 32, 128)
[TRAINER1] =================================================================
[TRAINER1] Layer (type:depth-idx)                   Param #
[TRAINER1] =================================================================
[TRAINER1] DARNet                                   --
[TRAINER1] ├─TokenEmbedding: 1-1                    --
[TRAINER1] │    └─Sequential: 2-1                   --
[TRAINER1] │    │    └─Conv2d: 3-1                  576
[TRAINER1] │    │    └─BatchNorm2d: 3-2             128
[TRAINER1] │    │    └─GELU: 3-3                    --
[TRAINER1] │    └─Sequential: 2-2                   --
[TRAINER1] │    │    └─Conv2d: 3-4                  32,784
[TRAINER1] │    │    └─BatchNorm2d: 3-5             32
[TRAINER1] │    │    └─GELU: 3-6                    --
[TRAINER1] │    └─PositionalEmbedding: 2-3          --
[TRAINER1] ├─Flatten: 1-2                           --
[TRAINER1] ├─Linear: 1-3                            18
[TRAINER1] ├─AttnRefine: 1-4                        --
[TRAINER1] │    └─MyAttention: 2-4                  --
[TRAINER1] │    │    └─Attention: 3-7               800
[TRAINER1] │    └─Refine: 2-5                       --
[TRAINER1] │    │    └─Conv1d: 3-8                  784
[TRAINER1] │    │    └─BatchNorm1d: 3-9             32
[TRAINER1] │    │    └─ELU: 3-10                    --
[TRAINER1] │    │    └─MaxPool1d: 3-11              --
[TRAINER1] │    └─AdaptiveAvgPool1d: 2-6            --
[TRAINER1] │    └─Linear: 2-7                       68
[TRAINER1] │    └─Flatten: 2-8                      --
[TRAINER1] ├─AttnRefine: 1-5                        --
[TRAINER1] │    └─MyAttention: 2-9                  --
[TRAINER1] │    │    └─Attention: 3-12              800
[TRAINER1] │    └─Refine: 2-10                      --
[TRAINER1] │    │    └─Conv1d: 3-13                 784
[TRAINER1] │    │    └─BatchNorm1d: 3-14            32
[TRAINER1] │    │    └─ELU: 3-15                    --
[TRAINER1] │    │    └─MaxPool1d: 3-16              --
[TRAINER1] │    └─AdaptiveAvgPool1d: 2-11           --
[TRAINER1] │    └─Linear: 2-12                      68
[TRAINER1] │    └─Flatten: 2-13                     --
[TRAINER1] ├─GradientReversalLayer: 1-6             --
[TRAINER1] ├─SubjectDiscriminator: 1-7              --
[TRAINER1] │    └─Sequential: 2-14                  --
[TRAINER1] │    │    └─Linear: 3-17                 2,304
[TRAINER1] │    │    └─ReLU: 3-18                   --
[TRAINER1] │    │    └─Dropout: 3-19                --
[TRAINER1] │    │    └─Linear: 3-20                 32,896
[TRAINER1] │    │    └─ReLU: 3-21                   --
[TRAINER1] │    │    └─Dropout: 3-22                --
[TRAINER1] │    │    └─Linear: 3-23                 3,870
[TRAINER1] ├─ContrastiveHead: 1-8                   --
[TRAINER1] │    └─Sequential: 2-15                  --
[TRAINER1] │    │    └─Linear: 3-24                 576
[TRAINER1] │    │    └─ReLU: 3-25                   --
[TRAINER1] │    │    └─Linear: 3-26                 8,320
[TRAINER1] =================================================================
[TRAINER1] Total params: 84,872
[TRAINER1] Trainable params: 84,872
[TRAINER1] Non-trainable params: 0
[TRAINER1] =================================================================
[TRAINER1] /scratch/suyash.kumar.mec22.itbhu/EEG-AAD/eeg-aad-challenge2026-task1-baselines-master/trainer1.py:182: UserWarning: To copy construct from a tensor, it is recommended to use sourceTensor.clone().detach() or sourceTensor.clone().detach().requires_grad_(True), rather than torch.tensor(sourceTensor).
[TRAINER1]   subject_ids = torch.tensor(subject_ids).to(device).long()
[TRAINER1] TestSub: S[16, 17, 18, 19, 20] Epoch  1 Finsh | Now_lr 0.0005/0.0005 | Train Loss 0.4546 | Valid Loss 1.3821 | Train Acc 76.7686| Valid Acc 49.6808 | Domain Loss 2.9794 | Lambda 0.0050 | Contrastive Loss 0.4559
[TRAINER1] Validation acc increase (0.000000 --> 49.680812) in epoch (1).  Saving model ...
[TRAINER1] /scratch/suyash.kumar.mec22.itbhu/EEG-AAD/eeg-aad-challenge2026-task1-baselines-master/trainer1.py:182: UserWarning: To copy construct from a tensor, it is recommended to use sourceTensor.clone().detach() or sourceTensor.clone().detach().requires_grad_(True), rather than torch.tensor(sourceTensor).
[TRAINER1]   subject_ids = torch.tensor(subject_ids).to(device).long()
[TRAINER1] TestSub: S[16, 17, 18, 19, 20] Epoch  2 Finsh | Now_lr 0.0005/0.0005 | Train Loss 0.2933 | Valid Loss 1.7261 | Train Acc 87.1887| Valid Acc 50.2554 | Domain Loss 2.7603 | Lambda 0.0100 | Contrastive Loss 0.2893
[TRAINER1] Validation acc increase (49.680812 --> 50.255350) in epoch (2).  Saving model ...
[TRAINER1] /scratch/suyash.kumar.mec22.itbhu/EEG-AAD/eeg-aad-challenge2026-task1-baselines-master/trainer1.py:182: UserWarning: To copy construct from a tensor, it is recommended to use sourceTensor.clone().detach() or sourceTensor.clone().detach().requires_grad_(True), rather than torch.tensor(sourceTensor).
[TRAINER1]   subject_ids = torch.tensor(subject_ids).to(device).long()
[TRAINER1] TestSub: S[16, 17, 18, 19, 20] Epoch  3 Finsh | Now_lr 0.0005/0.0005 | Train Loss 0.2321 | Valid Loss 1.8908 | Train Acc 90.3009| Valid Acc 51.3375 | Domain Loss 2.7639 | Lambda 0.0149 | Contrastive Loss 0.2268
[TRAINER1] Validation acc increase (50.255350 --> 51.337549) in epoch (3).  Saving model ...
[TRAINER1] /scratch/suyash.kumar.mec22.itbhu/EEG-AAD/eeg-aad-challenge2026-task1-baselines-master/trainer1.py:182: UserWarning: To copy construct from a tensor, it is recommended to use sourceTensor.clone().detach() or sourceTensor.clone().detach().requires_grad_(True), rather than torch.tensor(sourceTensor).
[TRAINER1]   subject_ids = torch.tensor(subject_ids).to(device).long()
[TRAINER1] TestSub: S[16, 17, 18, 19, 20] Epoch  4 Finsh | Now_lr 0.0005/0.0005 | Train Loss 0.1832 | Valid Loss 2.2163 | Train Acc 92.5395| Valid Acc 52.9608 | Domain Loss 2.7856 | Lambda 0.0197 | Contrastive Loss 0.1759
[TRAINER1] Validation acc increase (51.337549 --> 52.960846) in epoch (4).  Saving model ...
[TRAINER1] /scratch/suyash.kumar.mec22.itbhu/EEG-AAD/eeg-aad-challenge2026-task1-baselines-master/trainer1.py:182: UserWarning: To copy construct from a tensor, it is recommended to use sourceTensor.clone().detach() or sourceTensor.clone().detach().requires_grad_(True), rather than torch.tensor(sourceTensor).
[TRAINER1]   subject_ids = torch.tensor(subject_ids).to(device).long()
[TRAINER1] TestSub: S[16, 17, 18, 19, 20] Epoch  5 Finsh | Now_lr 0.0005/0.0005 | Train Loss 0.1442 | Valid Loss 2.4420 | Train Acc 94.3872| Valid Acc 52.7420 | Domain Loss 2.8696 | Lambda 0.0245 | Contrastive Loss 0.1368
[TRAINER1] /scratch/suyash.kumar.mec22.itbhu/EEG-AAD/eeg-aad-challenge2026-task1-baselines-master/trainer1.py:182: UserWarning: To copy construct from a tensor, it is recommended to use sourceTensor.clone().detach() or sourceTensor.clone().detach().requires_grad_(True), rather than torch.tensor(sourceTensor).
[TRAINER1]   subject_ids = torch.tensor(subject_ids).to(device).long()
[TRAINER1] TestSub: S[16, 17, 18, 19, 20] Epoch  6 Finsh | Now_lr 0.0005/0.0005 | Train Loss 0.1179 | Valid Loss 2.4756 | Train Acc 95.5283| Valid Acc 51.7267 | Domain Loss 2.8944 | Lambda 0.0291 | Contrastive Loss 0.1117
[TRAINER1] /scratch/suyash.kumar.mec22.itbhu/EEG-AAD/eeg-aad-challenge2026-task1-baselines-master/trainer1.py:182: UserWarning: To copy construct from a tensor, it is recommended to use sourceTensor.clone().detach() or sourceTensor.clone().detach().requires_grad_(True), rather than torch.tensor(sourceTensor).
[TRAINER1]   subject_ids = torch.tensor(subject_ids).to(device).long()
[TRAINER1] TestSub: S[16, 17, 18, 19, 20] Epoch  7 Finsh | Now_lr 0.0005/0.0005 | Train Loss 0.1000 | Valid Loss 2.7243 | Train Acc 96.2603| Valid Acc 50.8238 | Domain Loss 2.9659 | Lambda 0.0336 | Contrastive Loss 0.0927
[TRAINER1] /scratch/suyash.kumar.mec22.itbhu/EEG-AAD/eeg-aad-challenge2026-task1-baselines-master/trainer1.py:182: UserWarning: To copy construct from a tensor, it is recommended to use sourceTensor.clone().detach() or sourceTensor.clone().detach().requires_grad_(True), rather than torch.tensor(sourceTensor).
[TRAINER1]   subject_ids = torch.tensor(subject_ids).to(device).long()
[TRAINER1] TestSub: S[16, 17, 18, 19, 20] Epoch  8 Finsh | Now_lr 0.0005/0.0005 | Train Loss 0.0906 | Valid Loss 2.8874 | Train Acc 96.6567| Valid Acc 50.3921 | Domain Loss 2.9461 | Lambda 0.0380 | Contrastive Loss 0.0830
[TRAINER1] /scratch/suyash.kumar.mec22.itbhu/EEG-AAD/eeg-aad-challenge2026-task1-baselines-master/trainer1.py:182: UserWarning: To copy construct from a tensor, it is recommended to use sourceTensor.clone().detach() or sourceTensor.clone().detach().requires_grad_(True), rather than torch.tensor(sourceTensor).
[TRAINER1]   subject_ids = torch.tensor(subject_ids).to(device).long()
[TRAINER1] TestSub: S[16, 17, 18, 19, 20] Epoch  9 Finsh | Now_lr 0.0005/0.0005 | Train Loss 0.0775 | Valid Loss 2.9924 | Train Acc 97.1431| Valid Acc 50.7296 | Domain Loss 2.9806 | Lambda 0.0422 | Contrastive Loss 0.0721
[TRAINER1] /scratch/suyash.kumar.mec22.itbhu/EEG-AAD/eeg-aad-challenge2026-task1-baselines-master/trainer1.py:182: UserWarning: To copy construct from a tensor, it is recommended to use sourceTensor.clone().detach() or sourceTensor.clone().detach().requires_grad_(True), rather than torch.tensor(sourceTensor).
[TRAINER1]   subject_ids = torch.tensor(subject_ids).to(device).long()
[TRAINER1] TestSub: S[16, 17, 18, 19, 20] Epoch 10 Finsh | Now_lr 0.0005/0.0005 | Train Loss 0.0679 | Valid Loss 2.9850 | Train Acc 97.5638| Valid Acc 50.1733 | Domain Loss 3.0086 | Lambda 0.0462 | Contrastive Loss 0.0622
[TRAINER1] /scratch/suyash.kumar.mec22.itbhu/EEG-AAD/eeg-aad-challenge2026-task1-baselines-master/trainer1.py:182: UserWarning: To copy construct from a tensor, it is recommended to use sourceTensor.clone().detach() or sourceTensor.clone().detach().requires_grad_(True), rather than torch.tensor(sourceTensor).
[TRAINER1]   subject_ids = torch.tensor(subject_ids).to(device).long()
[TRAINER1] TestSub: S[16, 17, 18, 19, 20] Epoch 11 Finsh | Now_lr 0.0005/0.0005 | Train Loss 0.0626 | Valid Loss 3.1470 | Train Acc 97.7864| Valid Acc 49.6291 | Domain Loss 3.0299 | Lambda 0.0501 | Contrastive Loss 0.0577
[TRAINER1] /scratch/suyash.kumar.mec22.itbhu/EEG-AAD/eeg-aad-challenge2026-task1-baselines-master/trainer1.py:182: UserWarning: To copy construct from a tensor, it is recommended to use sourceTensor.clone().detach() or sourceTensor.clone().detach().requires_grad_(True), rather than torch.tensor(sourceTensor).
[TRAINER1]   subject_ids = torch.tensor(subject_ids).to(device).long()
[TRAINER1] TestSub: S[16, 17, 18, 19, 20] Epoch 12 Finsh | Now_lr 0.0005/0.0005 | Train Loss 0.0568 | Valid Loss 3.2969 | Train Acc 97.9657| Valid Acc 50.4712 | Domain Loss 3.0666 | Lambda 0.0537 | Contrastive Loss 0.0521
[TRAINER1] /scratch/suyash.kumar.mec22.itbhu/EEG-AAD/eeg-aad-challenge2026-task1-baselines-master/trainer1.py:182: UserWarning: To copy construct from a tensor, it is recommended to use sourceTensor.clone().detach() or sourceTensor.clone().detach().requires_grad_(True), rather than torch.tensor(sourceTensor).
[TRAINER1 7, 8, 9, 10] Epoch 21 Finsh | Now_lr 0.0100/0.0100 | Train Loss 0.1142 | Valid Loss 1.9239 | Train Acc 95.7606| Valid Acc 50.4225 | Domain Loss 3.1981 | Lambda 0.0782 | Contrastive Loss 0.1123
[TRAINER2] /scratch/suyash.kumar.mec22.itbhu/EEG-AAD/eeg-aad-challenge2026-task1-baselines-master/trainer2.py:182: UserWarning: To copy construct from a tensor, it is recommended to use sourceTensor.clone().detach() or sourceTensor.clone().detach().requires_grad_(True), rather than torch.tensor(sourceTensor).
[TRAINER2]   subject_ids = torch.tensor(subject_ids).to(device).long()
[TRAINER2] TestSub: S[6, 7, 8, 9, 10] Epoch 22 Finsh | Now_lr 0.0100/0.0100 | Train Loss 0.1148 | Valid Loss 1.8465 | Train Acc 95.8001| Valid Acc 51.3649 | Domain Loss 3.1990 | Lambda 0.0800 | Contrastive Loss 0.1113
[TRAINER2] /scratch/suyash.kumar.mec22.itbhu/EEG-AAD/eeg-aad-challenge2026-task1-baselines-master/trainer2.py:182: UserWarning: To copy construct from a tensor, it is recommended to use sourceTensor.clone().detach() or sourceTensor.clone().detach().requires_grad_(True), rather than torch.tensor(sourceTensor).
[TRAINER2]   subject_ids = torch.tensor(subject_ids).to(device).long()
[TRAINER2] TestSub: S[6, 7, 8, 9, 10] Epoch 23 Finsh | Now_lr 0.0100/0.0100 | Train Loss 0.1129 | Valid Loss 1.8611 | Train Acc 95.7788| Valid Acc 52.3589 | Domain Loss 3.2005 | Lambda 0.0818 | Contrastive Loss 0.1105
[TRAINER2] Validation acc increase (52.155277 --> 52.358949) in epoch (23).  Saving model ...
[TRAINER2] /scratch/suyash.kumar.mec22.itbhu/EEG-AAD/eeg-aad-challenge2026-task1-baselines-master/trainer2.py:182: UserWarning: To copy construct from a tensor, it is recommended to use sourceTensor.clone().detach() or sourceTensor.clone().detach().requires_grad_(True), rather than torch.tensor(sourceTensor).
[TRAINER2]   subject_ids = torch.tensor(subject_ids).to(device).long()
[TRAINER2] TestSub: S[6, 7, 8, 9, 10] Epoch 24 Finsh | Now_lr 0.0100/0.0100 | Train Loss 0.1117 | Valid Loss 1.8007 | Train Acc 95.8913| Valid Acc 54.2163 | Domain Loss 3.2014 | Lambda 0.0834 | Contrastive Loss 0.1092
[TRAINER2] Validation acc increase (52.358949 --> 54.216318) in epoch (24).  Saving model ...
[TRAINER2] /scratch/suyash.kumar.mec22.itbhu/EEG-AAD/eeg-aad-challenge2026-task1-baselines-master/trainer2.py:182: UserWarning: To copy construct from a tensor, it is recommended to use sourceTensor.clone().detach() or sourceTensor.clone().detach().requires_grad_(True), rather than torch.tensor(sourceTensor).
[TRAINER2]   subject_ids = torch.tensor(subject_ids).to(device).long()
[TRAINER2] TestSub: S[6, 7, 8, 9, 10] Epoch 25 Finsh | Now_lr 0.0100/0.0100 | Train Loss 0.1106 | Valid Loss 2.0998 | Train Acc 95.9205| Valid Acc 51.6871 | Domain Loss 3.2030 | Lambda 0.0848 | Contrastive Loss 0.1086
[TRAINER2] /scratch/suyash.kumar.mec22.itbhu/EEG-AAD/eeg-aad-challenge2026-task1-baselines-master/trainer2.py:182: UserWarning: To copy construct from a tensor, it is recommended to use sourceTensor.clone().detach() or sourceTensor.clone().detach().requires_grad_(True), rather than torch.tensor(sourceTensor).
[TRAINER2]   subject_ids = torch.tensor(subject_ids).to(device).long()
[TRAINER2] TestSub: S[6, 7, 8, 9, 10] Epoch 26 Finsh | Now_lr 0.0100/0.0100 | Train Loss 0.1108 | Valid Loss 1.9537 | Train Acc 95.9339| Valid Acc 53.1645 | Domain Loss 3.2041 | Lambda 0.0862 | Contrastive Loss 0.1078
[TRAINER2] /scratch/suyash.kumar.mec22.itbhu/EEG-AAD/eeg-aad-challenge2026-task1-baselines-master/trainer2.py:182: UserWarning: To copy construct from a tensor, it is recommended to use sourceTensor.clone().detach() or sourceTensor.clone().detach().requires_grad_(True), rather than torch.tensor(sourceTensor).
[TRAINER2]   subject_ids = torch.tensor(subject_ids).to(device).long()
[TRAINER2] TestSub: S[6, 7, 8, 9, 10] Epoch 27 Finsh | Now_lr 0.0100/0.0100 | Train Loss 0.1065 | Valid Loss 1.9004 | Train Acc 96.1400| Valid Acc 53.7330 | Domain Loss 3.2041 | Lambda 0.0874 | Contrastive Loss 0.1039
[TRAINER2] /scratch/suyash.kumar.mec22.itbhu/EEG-AAD/eeg-aad-challenge2026-task1-baselines-master/trainer2.py:182: UserWarning: To copy construct from a tensor, it is recommended to use sourceTensor.clone().detach() or sourceTensor.clone().detach().requires_grad_(True), rather than torch.tensor(sourceTensor).
[TRAINER2]   subject_ids = torch.tensor(subject_ids).to(device).long()
[TRAINER2] TestSub: S[6, 7, 8, 9, 10] Epoch 28 Finsh | Now_lr 0.0100/0.0100 | Train Loss 0.1083 | Valid Loss 1.8673 | Train Acc 96.0603| Valid Acc 52.7177 | Domain Loss 3.2048 | Lambda 0.0885 | Contrastive Loss 0.1067
[TRAINER2] /scratch/suyash.kumar.mec22.itbhu/EEG-AAD/eeg-aad-challenge2026-task1-baselines-master/trainer2.py:182: UserWarning: To copy construct from a tensor, it is recommended to use sourceTensor.clone().detach() or sourceTensor.clone().detach().requires_grad_(True), rather than torch.tensor(sourceTensor).
[TRAINER2]   subject_ids = torch.tensor(subject_ids).to(device).long()
[TRAINER2] TestSub: S[6, 7, 8, 9, 10] Epoch 29 Finsh | Now_lr 0.0100/0.0100 | Train Loss 0.1095 | Valid Loss 1.9357 | Train Acc 95.9557| Valid Acc 53.1341 | Domain Loss 3.2058 | Lambda 0.0896 | Contrastive Loss 0.1070
[TRAINER2] /scratch/suyash.kumar.mec22.itbhu/EEG-AAD/eeg-aad-challenge2026-task1-baselines-master/trainer2.py:182: UserWarning: To copy construct from a tensor, it is recommended to use sourceTensor.clone().detach() or sourceTensor.clone().detach().requires_grad_(True), rather than torch.tensor(sourceTensor).
[TRAINER2]   subject_ids = torch.tensor(subject_ids).to(device).long()
[TRAINER2] TestSub: S[6, 7, 8, 9, 10] Epoch 30 Finsh | Now_lr 0.0100/0.0100 | Train Loss 0.1024 | Valid Loss 1.9271 | Train Acc 96.3181| Valid Acc 55.3715 | Domain Loss 3.2035 | Lambda 0.0905 | Contrastive Loss 0.0998
[TRAINER2] Validation acc increase (54.216318 --> 55.371474) in epoch (30).  Saving model ...
[TRAINER2] /scratch/suyash.kumar.mec22.itbhu/EEG-AAD/eeg-aad-challenge2026-task1-baselines-master/trainer2.py:182: UserWarning: To copy construct from a tensor, it is recommended to use sourceTensor.clone().detach() or sourceTensor.clone().detach().requires_grad_(True), rather than torch.tensor(sourceTensor).
[TRAINER2]   subject_ids = torch.tensor(subject_ids).to(device).long()
[TRAINER2] TestSub: S[6, 7, 8, 9, 10] Epoch 31 Finsh | Now_lr 0.0100/0.0100 | Train Loss 0.1055 | Valid Loss 1.7976 | Train Acc 96.1041| Valid Acc 53.8485 | Domain Loss 3.2056 | Lambda 0.0914 | Contrastive Loss 0.1033
[TRAINER2] /scratch/suyash.kumar.mec22.itbhu/EEG-AAD/eeg-aad-challenge2026-task1-baselines-master/trainer2.py:182: UserWarning: To copy construct from a tensor, it is recommended to use sourceTensor.clone().detach() or sourceTensor.clone().detach().requires_grad_(True), rather than torch.tensor(sourceTensor).
[TRAINER2]   subject_ids = torch.tensor(subject_ids).to(device).long()
[TRAINER2] TestSub: S[6, 7, 8, 9, 10] Epoch 32 Finsh | Now_lr 0.0100/0.0100 | Train Loss 0.1045 | Valid Loss 1.8661 | Train Acc 96.1983| Valid Acc 53.4077 | Domain Loss 3.2049 | Lambda 0.0922 | Contrastive Loss 0.1022
[TRAINER2] /scratch/suyash.kumar.mec22.itbhu/EEG-AAD/eeg-aad-challenge2026-task1-baselines-master/trainer2.py:182: UserWarning: To copy construct from a tensor, it is recommended to use sourceTensor.clone().detach() or sourceTensor.clone().detach().requires_grad_(True), rather than torch.tensor(sourceTensor).
[TRAINER2]   subject_ids = torch.tensor(subject_ids).to(device).long()
[TRAINER2] TestSub: S[6, 7, 8, 9, 10] Epoch 33 Finsh | Now_lr 0.0100/0.0100 | Train Loss 0.1058 | Valid Loss 1.7724 | Train Acc 96.1071| Valid Acc 53.2557 | Domain Loss 3.2070 | Lambda 0.0929 | Contrastive Loss 0.1016
[TRAINER2] /scratch/suyash.kumar.mec22.itbhu/EEG-AAD/eeg-aad-challenge2026-task1-baselines-master/trainer2.py:182: UserWarning: To copy construct from a tensor, it is recommended to use sourceTensor.clone().detach() or sourceTensor.clone().detach().requires_grad_(True), rather than torch.tensor(sourceTensor).
[TRAINER2]   subject_ids = torch.tensor(subject_ids).to(device).long()
[TRAINER2] TestSub: S[6, 7, 8, 9, 10] Epoch 34 Finsh | Now_lr 0.0100/0.0100 | Train Loss 0.1014 | Valid Loss 1.7041 | Train Acc 96.270]   subject_ids = torch.tensor(subject_ids).to(device).long()
[TRAINER1] TestSub: S[16, 17, 18, 19, 20] Epoch 13 Finsh | Now_lr 0.0005/0.0005 | Train Loss 0.0521 | Valid Loss 3.3322 | Train Acc 98.1627| Valid Acc 50.0213 | Domain Loss 3.0681 | Lambda 0.0572 | Contrastive Loss 0.0478
[TRAINER1] /scratch/suyash.kumar.mec22.itbhu/EEG-AAD/eeg-aad-challenge2026-task1-baselines-master/trainer1.py:182: UserWarning: To copy construct from a tensor, it is recommended to use sourceTensor.clone().detach() or sourceTensor.clone().detach().requires_grad_(True), rather than torch.tensor(sourceTensor).
[TRAINER1]   subject_ids = torch.tensor(subject_ids).to(device).long()
[TRAINER1] TestSub: S[16, 17, 18, 19, 20] Epoch 14 Finsh | Now_lr 0.0005/0.0005 | Train Loss 0.0487 | Valid Loss 3.3377 | Train Acc 98.2338| Valid Acc 49.5349 | Domain Loss 3.0702 | Lambda 0.0604 | Contrastive Loss 0.0434
[TRAINER1] /scratch/suyash.kumar.mec22.itbhu/EEG-AAD/eeg-aad-challenge2026-task1-baselines-master/trainer1.py:182: UserWarning: To copy construct from a tensor, it is recommended to use sourceTensor.clone().detach() or sourceTensor.clone().detach().requires_grad_(True), rather than torch.tensor(sourceTensor).
[TRAINER1]   subject_ids = torch.tensor(subject_ids).to(device).long()
[TRAINER1] TestSub: S[16, 17, 18, 19, 20] Epoch 15 Finsh | Now_lr 0.0005/0.0005 | Train Loss 0.0455 | Valid Loss 3.4686 | Train Acc 98.4253| Valid Acc 49.9939 | Domain Loss 3.0725 | Lambda 0.0635 | Contrastive Loss 0.0402
[TRAINER1] /scratch/suyash.kumar.mec22.itbhu/EEG-AAD/eeg-aad-challenge2026-task1-baselines-master/trainer1.py:182: UserWarning: To copy construct from a tensor, it is recommended to use sourceTensor.clone().detach() or sourceTensor.clone().detach().requires_grad_(True), rather than torch.tensor(sourceTensor).
[TRAINER1]   subject_ids = torch.tensor(subject_ids).to(device).long()
[TRAINER1] TestSub: S[16, 17, 18, 19, 20] Epoch 16 Finsh | Now_lr 0.0005/0.0005 | Train Loss 0.0435 | Valid Loss 3.3139 | Train Acc 98.5062| Valid Acc 50.6171 | Domain Loss 3.0724 | Lambda 0.0664 | Contrastive Loss 0.0390
[TRAINER1] /scratch/suyash.kumar.mec22.itbhu/EEG-AAD/eeg-aad-challenge2026-task1-baselines-master/trainer1.py:182: UserWarning: To copy construct from a tensor, it is recommended to use sourceTensor.clone().detach() or sourceTensor.clone().detach().requires_grad_(True), rather than torch.tensor(sourceTensor).
[TRAINER1]   subject_ids = torch.tensor(subject_ids).to(device).long()
[TRAINER1] TestSub: S[16, 17, 18, 19, 20] Epoch 17 Finsh | Now_lr 0.0005/0.0005 | Train Loss 0.0413 | Valid Loss 3.3627 | Train Acc 98.5506| Valid Acc 50.2280 | Domain Loss 3.0838 | Lambda 0.0691 | Contrastive Loss 0.0366
[TRAINER1] /scratch/suyash.kumar.mec22.itbhu/EEG-AAD/eeg-aad-challenge2026-task1-baselines-master/trainer1.py:182: UserWarning: To copy construct from a tensor, it is recommended to use sourceTensor.clone().detach() or sourceTensor.clone().detach().requires_grad_(True), rather than torch.tensor(sourceTensor).
[TRAINER1]   subject_ids = torch.tensor(subject_ids).to(device).long()
[TRAINER1] TestSub: S[16, 17, 18, 19, 20] Epoch 18 Finsh | Now_lr 0.0005/0.0005 | Train Loss 0.0384 | Valid Loss 3.3877 | Train Acc 98.6515| Valid Acc 51.2707 | Domain Loss 3.0827 | Lambda 0.0716 | Contrastive Loss 0.0341
[TRAINER1] /scratch/suyash.kumar.mec22.itbhu/EEG-AAD/eeg-aad-challenge2026-task1-baselines-master/trainer1.py:182: UserWarning: To copy construct from a tensor, it is recommended to use sourceTensor.clone().detach() or sourceTensor.clone().detach().requires_grad_(True), rather than torch.tensor(sourceTensor).
[TRAINER1]   subject_ids = torch.tensor(subject_ids).to(device).long()
[TRAINER1] TestSub: S[16, 17, 18, 19, 20] Epoch 19 Finsh | Now_lr 0.0005/0.0005 | Train Loss 0.0369 | Valid Loss 3.2606 | Train Acc 98.7032| Valid Acc 52.6052 | Domain Loss 3.0849 | Lambda 0.0740 | Contrastive Loss 0.0326
[TRAINER1] /scratch/suyash.kumar.mec22.itbhu/EEG-AAD/eeg-aad-challenge2026-task1-baselines-master/trainer1.py:182: UserWarning: To copy construct from a tensor, it is recommended to use sourceTensor.clone().detach() or sourceTensor.clone().detach().requires_grad_(True), rather than torch.tensor(sourceTensor).
[TRAINER1]   subject_ids = torch.tensor(subject_ids).to(device).long()
[TRAINER1] TestSub: S[16, 17, 18, 19, 20] Epoch 20 Finsh | Now_lr 0.0005/0.0005 | Train Loss 0.0330 | Valid Loss 3.4702 | Train Acc 98.8686| Valid Acc 51.6841 | Domain Loss 3.1083 | Lambda 0.0762 | Contrastive Loss 0.0291
[TRAINER1] /scratch/suyash.kumar.mec22.itbhu/EEG-AAD/eeg-aad-challenge2026-task1-baselines-master/trainer1.py:182: UserWarning: To copy construct from a tensor, it is recommended to use sourceTensor.clone().detach() or sourceTensor.clone().detach().requires_grad_(True), rather than torch.tensor(sourceTensor).
[TRAINER1]   subject_ids = torch.tensor(subject_ids).to(device).long()
[TRAINER1] TestSub: S[16, 17, 18, 19, 20] Epoch 21 Finsh | Now_lr 0.0005/0.0005 | Train Loss 0.0327 | Valid Loss 3.3475 | Train Acc 98.8607| Valid Acc 50.8846 | Domain Loss 3.1135 | Lambda 0.0782 | Contrastive Loss 0.0291
[TRAINER1] /scratch/suyash.kumar.mec22.itbhu/EEG-AAD/eeg-aad-challenge2026-task1-baselines-master/trainer1.py:182: UserWarning: To copy construct from a tensor, it is recommended to use sourceTensor.clone().detach() or sourceTensor.clone().detach().requires_grad_(True), rather than torch.tensor(sourceTensor).
[TRAINER1]   subject_ids = torch.tensor(subject_ids).to(device).long()
[TRAINER1] TestSub: S[16, 17, 18, 19, 20] Epoch 22 Finsh | Now_lr 0.0005/0.0005 | Train Loss 0.0316 | Valid Loss 3.5311 | Train Acc 98.9312| Valid Acc 51.5321 | Domain Loss 3.1278 | Lambda 0.0800 | Contrastive Loss 0.0282
[TRAINER1] /scratch/suyash.kumar.mec22.itbhu/EEG-AAD/eeg-aad-challenge2026-task1-baselines-master/trainer1.py:182: UserWarning: To copy construct from a tensor, it is recommended to use sourceTensor.clone().detach() or sourceTensor.clone().detach().requires_grad_(True), rather than torch.tensor(sourceTensor).
[TRAINER1]   subject_ids = torch.tensor(subject_ids).to(device).long()
[TRAINER1] TestSub: S[16, 17, 18, 19, 20] Epoch 23 Finsh | Now_lr 0.0005/0.0005 | Train Loss 0.0287 | Valid Loss 3.4510 | Train Acc 99.0321| Valid Acc 51.8695 | Domain Loss 3.1369 | Lambda 0.0818 | Contrastive Loss 0.0258
[TRAINER1] /scratch/suyash.kumar.mec22.itbhu/EEG-AAD/eeg-aad-challenge2026-task1-baselines-master/trainer1.py:182: UserWarning: To copy construct from a tensor, it is recommended to use sourceTensor.clone().detach() or sourceTensor.clone().detach().requires_grad_(True), rather than torch.tensor(sourceTensor).
[TRAINER1]   subject_ids = torch.tensor(subject_ids).to(device).long()
[TRAINER1] TestSub: S[16, 17, 18, 19, 20] Epoch 24 Finsh | Now_lr 0.0005/0.0005 | Train Loss 0.0292 | Valid Loss 3.4200 | Train Acc 99.0351| Valid Acc 51.4835 | Domain Loss 3.1306 | Lambda 0.0834 | Contrastive Loss 0.0261
[TRAINER1] /scratch/suyash.kumar.mec22.itbhu/EEG-AAD/eeg-aad-challenge2026-task1-baselines-master/trainer1.py:182: UserWarning: To copy construct from a tensor, it is recommended to use sourceTensor.clone().detach() or sourceTensor.clone().detach().requires_grad_(True), rather than torch.tensor(sourceTensor).
[TRAINER1]   subject_ids = torch.tensor(subject_ids).to(device).long()
[TRAINER1] TestSub: S[16, 17, 18, 19, 20] Epoch 25 Finsh | Now_lr 0.0005/0.0005 | Train Loss 0.0274 | Valid Loss 3.7966 | Train Acc 99.0412| Valid Acc 49.5744 | Domain Loss 3.1375 | Lambda 0.0848 | Contrastive Loss 0.0244
[TRAINER1] /scratch/suyash.kumar.mec22.itbhu/EEG-AAD/eeg-aad-challenge2026-task1-baselines-master/trainer1.py:182: UserWarning: To copy construct from a tensor, it is recommended to use sourceTensor.clone().detach() or sourceTensor.clone().detach().requires_grad_(True), rather than torch.tensor(sourceTensor).
[TRAINER1]   subject_ids = torch.tensor(subject_ids).to(device).long()
[TRAINER1] TestSub: S[16, 17, 18, 19, 20] Epoch 26 Finsh | Now_lr 0.0005/0.0005 | Train Loss 0.0255 | Valid Loss 3.7246 | Train Acc 99.1099| Valid Acc 50.7387 | Domain Loss 3.1378 | Lambda 0.0862 | Contrastive Loss 0.0228
[TRAINER1] /scratch/suyash.kumar.mec22.itbhu/EEG-AAD/eeg7| Valid Acc 55.6207 | Domain Loss 3.2035 | Lambda 0.0935 | Contrastive Loss 0.0992
[TRAINER2] Validation acc increase (55.371474 --> 55.620744) in epoch (34).  Saving model ...
[TRAINER2] /scratch/suyash.kumar.mec22.itbhu/EEG-AAD/eeg-aad-challenge2026-task1-baselines-master/trainer2.py:182: UserWarning: To copy construct from a tensor, it is recommended to use sourceTensor.clone().detach() or sourceTensor.clone().detach().requires_grad_(True), rather than torch.tensor(sourceTensor).
[TRAINER2]   subject_ids = torch.tensor(subject_ids).to(device).long()
[TRAINER2] TestSub: S[6, 7, 8, 9, 10] Epoch 35 Finsh | Now_lr 0.0100/0.0100 | Train Loss 0.1043 | Valid Loss 1.7222 | Train Acc 96.2251| Valid Acc 55.4201 | Domain Loss 3.2077 | Lambda 0.0941 | Contrastive Loss 0.1010
[TRAINER2] /scratch/suyash.kumar.mec22.itbhu/EEG-AAD/eeg-aad-challenge2026-task1-baselines-master/trainer2.py:182: UserWarning: To copy construct from a tensor, it is recommended to use sourceTensor.clone().detach() or sourceTensor.clone().detach().requires_grad_(True), rather than torch.tensor(sourceTensor).
[TRAINER2]   subject_ids = torch.tensor(subject_ids).to(device).long()
[TRAINER2] TestSub: S[6, 7, 8, 9, 10] Epoch 36 Finsh | Now_lr 0.0100/0.0100 | Train Loss 0.0982 | Valid Loss 1.6909 | Train Acc 96.4081| Valid Acc 55.5356 | Domain Loss 3.2094 | Lambda 0.0947 | Contrastive Loss 0.0966
[TRAINER2] /scratch/suyash.kumar.mec22.itbhu/EEG-AAD/eeg-aad-challenge2026-task1-baselines-master/trainer2.py:182: UserWarning: To copy construct from a tensor, it is recommended to use sourceTensor.clone().detach() or sourceTensor.clone().detach().requires_grad_(True), rather than torch.tensor(sourceTensor).
[TRAINER2]   subject_ids = torch.tensor(subject_ids).to(device).long()
[TRAINER2] TestSub: S[6, 7, 8, 9, 10] Epoch 37 Finsh | Now_lr 0.0100/0.0100 | Train Loss 0.1016 | Valid Loss 1.6993 | Train Acc 96.3163| Valid Acc 54.6997 | Domain Loss 3.2107 | Lambda 0.0952 | Contrastive Loss 0.0993
[TRAINER2] /scratch/suyash.kumar.mec22.itbhu/EEG-AAD/eeg-aad-challenge2026-task1-baselines-master/trainer2.py:182: UserWarning: To copy construct from a tensor, it is recommended to use sourceTensor.clone().detach() or sourceTensor.clone().detach().requires_grad_(True), rather than torch.tensor(sourceTensor).
[TRAINER2]   subject_ids = torch.tensor(subject_ids).to(device).long()
[TRAINER2] TestSub: S[6, 7, 8, 9, 10] Epoch 38 Finsh | Now_lr 0.0100/0.0100 | Train Loss 0.1043 | Valid Loss 1.8364 | Train Acc 96.2008| Valid Acc 56.7212 | Domain Loss 3.2098 | Lambda 0.0956 | Contrastive Loss 0.1002
[TRAINER2] Validation acc increase (55.620744 --> 56.721182) in epoch (38).  Saving model ...
[TRAINER2] /scratch/suyash.kumar.mec22.itbhu/EEG-AAD/eeg-aad-challenge2026-task1-baselines-master/trainer2.py:182: UserWarning: To copy construct from a tensor, it is recommended to use sourceTensor.clone().detach() or sourceTensor.clone().detach().requires_grad_(True), rather than torch.tensor(sourceTensor).
[TRAINER2]   subject_ids = torch.tensor(subject_ids).to(device).long()
[TRAINER2] TestSub: S[6, 7, 8, 9, 10] Epoch 39 Finsh | Now_lr 0.0100/0.0100 | Train Loss 0.0999 | Valid Loss 1.7646 | Train Acc 96.3929| Valid Acc 53.5171 | Domain Loss 3.2093 | Lambda 0.0960 | Contrastive Loss 0.0972
[TRAINER2] /scratch/suyash.kumar.mec22.itbhu/EEG-AAD/eeg-aad-challenge2026-task1-baselines-master/trainer2.py:182: UserWarning: To copy construct from a tensor, it is recommended to use sourceTensor.clone().detach() or sourceTensor.clone().detach().requires_grad_(True), rather than torch.tensor(sourceTensor).
[TRAINER2]   subject_ids = torch.tensor(subject_ids).to(device).long()
[TRAINER2] TestSub: S[6, 7, 8, 9, 10] Epoch 40 Finsh | Now_lr 0.0100/0.0100 | Train Loss 0.1010 | Valid Loss 1.7424 | Train Acc 96.3284| Valid Acc 53.8211 | Domain Loss 3.2085 | Lambda 0.0964 | Contrastive Loss 0.0994
[TRAINER2] /scratch/suyash.kumar.mec22.itbhu/EEG-AAD/eeg-aad-challenge2026-task1-baselines-master/trainer2.py:182: UserWarning: To copy construct from a tensor, it is recommended to use sourceTensor.clone().detach() or sourceTensor.clone().detach().requires_grad_(True), rather than torch.tensor(sourceTensor).
[TRAINER2]   subject_ids = torch.tensor(subject_ids).to(device).long()
[TRAINER2] TestSub: S[6, 7, 8, 9, 10] Epoch 41 Finsh | Now_lr 0.0100/0.0100 | Train Loss 0.1010 | Valid Loss 1.7217 | Train Acc 96.3649| Valid Acc 53.0885 | Domain Loss 3.2086 | Lambda 0.0967 | Contrastive Loss 0.0987
[TRAINER2] /scratch/suyash.kumar.mec22.itbhu/EEG-AAD/eeg-aad-challenge2026-task1-baselines-master/trainer2.py:182: UserWarning: To copy construct from a tensor, it is recommended to use sourceTensor.clone().detach() or sourceTensor.clone().detach().requires_grad_(True), rather than torch.tensor(sourceTensor).
[TRAINER2]   subject_ids = torch.tensor(subject_ids).to(device).long()
[TRAINER2] TestSub: S[6, 7, 8, 9, 10] Epoch 42 Finsh | Now_lr 0.0100/0.0100 | Train Loss 0.1003 | Valid Loss 1.7408 | Train Acc 96.3698| Valid Acc 55.1860 | Domain Loss 3.2086 | Lambda 0.0970 | Contrastive Loss 0.0968
[TRAINER2] /scratch/suyash.kumar.mec22.itbhu/EEG-AAD/eeg-aad-challenge2026-task1-baselines-master/trainer2.py:182: UserWarning: To copy construct from a tensor, it is recommended to use sourceTensor.clone().detach() or sourceTensor.clone().detach().requires_grad_(True), rather than torch.tensor(sourceTensor).
[TRAINER2]   subject_ids = torch.tensor(subject_ids).to(device).long()
[TRAINER2] TestSub: S[6, 7, 8, 9, 10] Epoch 43 Finsh | Now_lr 0.0100/0.0100 | Train Loss 0.0985 | Valid Loss 1.8369 | Train Acc 96.3844| Valid Acc 55.0705 | Domain Loss 3.2074 | Lambda 0.0973 | Contrastive Loss 0.0976
[TRAINER2] /scratch/suyash.kumar.mec22.itbhu/EEG-AAD/eeg-aad-challenge2026-task1-baselines-master/trainer2.py:182: UserWarning: To copy construct from a tensor, it is recommended to use sourceTensor.clone().detach() or sourceTensor.clone().detach().requires_grad_(True), rather than torch.tensor(sourceTensor).
[TRAINER2]   subject_ids = torch.tensor(subject_ids).to(device).long()
[TRAINER2] TestSub: S[6, 7, 8, 9, 10] Epoch 44 Finsh | Now_lr 0.0100/0.0100 | Train Loss 0.0989 | Valid Loss 1.8600 | Train Acc 96.3917| Valid Acc 56.7850 | Domain Loss 3.2092 | Lambda 0.0976 | Contrastive Loss 0.0976
[TRAINER2] Validation acc increase (56.721182 --> 56.785019) in epoch (44).  Saving model ...
[TRAINER2] /scratch/suyash.kumar.mec22.itbhu/EEG-AAD/eeg-aad-challenge2026-task1-baselines-master/trainer2.py:182: UserWarning: To copy construct from a tensor, it is recommended to use sourceTensor.clone().detach() or sourceTensor.clone().detach().requires_grad_(True), rather than torch.tensor(sourceTensor).
[TRAINER2]   subject_ids = torch.tensor(subject_ids).to(device).long()
[TRAINER2] TestSub: S[6, 7, 8, 9, 10] Epoch 45 Finsh | Now_lr 0.0100/0.0100 | Train Loss 0.0991 | Valid Loss 1.7807 | Train Acc 96.4214| Valid Acc 54.9580 | Domain Loss 3.2096 | Lambda 0.0978 | Contrastive Loss 0.0975
[TRAINER2] /scratch/suyash.kumar.mec22.itbhu/EEG-AAD/eeg-aad-challenge2026-task1-baselines-master/trainer2.py:182: UserWarning: To copy construct from a tensor, it is recommended to use sourceTensor.clone().detach() or sourceTensor.clone().detach().requires_grad_(True), rather than torch.tensor(sourceTensor).
[TRAINER2]   subject_ids = torch.tensor(subject_ids).to(device).long()
[TRAINER2] TestSub: S[6, 7, 8, 9, 10] Epoch 46 Finsh | Now_lr 0.0100/0.0100 | Train Loss 0.0970 | Valid Loss 1.8171 | Train Acc 96.5054| Valid Acc 54.7787 | Domain Loss 3.2117 | Lambda 0.0980 | Contrastive Loss 0.0944
[TRAINER2] /scratch/suyash.kumar.mec22.itbhu/EEG-AAD/eeg-aad-challenge2026-task1-baselines-master/trainer2.py:182: UserWarning: To copy construct from a tensor, it is recommended to use sourceTensor.clone().detach() or sourceTensor.clone().detach().requires_grad_(True), rather than torch.tensor(sourceTensor).
[TRAINER2]   subject_ids = torch.tensor(subject_ids).to(device).long()
[TRAINER2] TestSub: S[6, 7, 8, 9, 10] Epoch 47 Finsh | Now_lr 0.0100/0.0100 | Train Loss 0.0976 | Valid Loss 1.6632 | Train Acc 96.4634| Valid Acc 54.3136 | Domain Loss 3.2120 | Lambda 0.0982 | Contrastive Loss 0.0956
[TRAINER2] /scratch/suyash-aad-challenge2026-task1-baselines-master/trainer1.py:182: UserWarning: To copy construct from a tensor, it is recommended to use sourceTensor.clone().detach() or sourceTensor.clone().detach().requires_grad_(True), rather than torch.tensor(sourceTensor).
[TRAINER1]   subject_ids = torch.tensor(subject_ids).to(device).long()
[TRAINER1] TestSub: S[16, 17, 18, 19, 20] Epoch 27 Finsh | Now_lr 0.0005/0.0005 | Train Loss 0.0245 | Valid Loss 3.6615 | Train Acc 99.1367| Valid Acc 50.4681 | Domain Loss 3.1341 | Lambda 0.0874 | Contrastive Loss 0.0220
[TRAINER1] /scratch/suyash.kumar.mec22.itbhu/EEG-AAD/eeg-aad-challenge2026-task1-baselines-master/trainer1.py:182: UserWarning: To copy construct from a tensor, it is recommended to use sourceTensor.clone().detach() or sourceTensor.clone().detach().requires_grad_(True), rather than torch.tensor(sourceTensor).
[TRAINER1]   subject_ids = torch.tensor(subject_ids).to(device).long()
[TRAINER1] TestSub: S[16, 17, 18, 19, 20] Epoch 28 Finsh | Now_lr 0.0005/0.0005 | Train Loss 0.0237 | Valid Loss 3.9316 | Train Acc 99.2042| Valid Acc 51.4287 | Domain Loss 3.1382 | Lambda 0.0885 | Contrastive Loss 0.0208
[TRAINER1] /scratch/suyash.kumar.mec22.itbhu/EEG-AAD/eeg-aad-challenge2026-task1-baselines-master/trainer1.py:182: UserWarning: To copy construct from a tensor, it is recommended to use sourceTensor.clone().detach() or sourceTensor.clone().detach().requires_grad_(True), rather than torch.tensor(sourceTensor).
[TRAINER1]   subject_ids = torch.tensor(subject_ids).to(device).long()
[TRAINER1] TestSub: S[16, 17, 18, 19, 20] Epoch 29 Finsh | Now_lr 0.0005/0.0005 | Train Loss 0.0245 | Valid Loss 3.5781 | Train Acc 99.1884| Valid Acc 52.8180 | Domain Loss 3.1527 | Lambda 0.0896 | Contrastive Loss 0.0218
[TRAINER1] /scratch/suyash.kumar.mec22.itbhu/EEG-AAD/eeg-aad-challenge2026-task1-baselines-master/trainer1.py:182: UserWarning: To copy construct from a tensor, it is recommended to use sourceTensor.clone().detach() or sourceTensor.clone().detach().requires_grad_(True), rather than torch.tensor(sourceTensor).
[TRAINER1]   subject_ids = torch.tensor(subject_ids).to(device).long()
[TRAINER1] TestSub: S[16, 17, 18, 19, 20] Epoch 30 Finsh | Now_lr 0.0005/0.0005 | Train Loss 0.0227 | Valid Loss 3.6313 | Train Acc 99.2370| Valid Acc 52.0854 | Domain Loss 3.1484 | Lambda 0.0905 | Contrastive Loss 0.0201
[TRAINER1] /scratch/suyash.kumar.mec22.itbhu/EEG-AAD/eeg-aad-challenge2026-task1-baselines-master/trainer1.py:182: UserWarning: To copy construct from a tensor, it is recommended to use sourceTensor.clone().detach() or sourceTensor.clone().detach().requires_grad_(True), rather than torch.tensor(sourceTensor).
[TRAINER1]   subject_ids = torch.tensor(subject_ids).to(device).long()
[TRAINER1] TestSub: S[16, 17, 18, 19, 20] Epoch 31 Finsh | Now_lr 0.0005/0.0005 | Train Loss 0.0214 | Valid Loss 3.5441 | Train Acc 99.2990| Valid Acc 51.8634 | Domain Loss 3.1548 | Lambda 0.0914 | Contrastive Loss 0.0190
[TRAINER1] /scratch/suyash.kumar.mec22.itbhu/EEG-AAD/eeg-aad-challenge2026-task1-baselines-master/trainer1.py:182: UserWarning: To copy construct from a tensor, it is recommended to use sourceTensor.clone().detach() or sourceTensor.clone().detach().requires_grad_(True), rather than torch.tensor(sourceTensor).
[TRAINER1]   subject_ids = torch.tensor(subject_ids).to(device).long()
[TRAINER1] TestSub: S[16, 17, 18, 19, 20] Epoch 32 Finsh | Now_lr 0.0005/0.0005 | Train Loss 0.0212 | Valid Loss 3.4411 | Train Acc 99.2735| Valid Acc 51.6750 | Domain Loss 3.1743 | Lambda 0.0922 | Contrastive Loss 0.0188
[TRAINER1] /scratch/suyash.kumar.mec22.itbhu/EEG-AAD/eeg-aad-challenge2026-task1-baselines-master/trainer1.py:182: UserWarning: To copy construct from a tensor, it is recommended to use sourceTensor.clone().detach() or sourceTensor.clone().detach().requires_grad_(True), rather than torch.tensor(sourceTensor).
[TRAINER1]   subject_ids = torch.tensor(subject_ids).to(device).long()
[TRAINER1] TestSub: S[16, 17, 18, 19, 20] Epoch 33 Finsh | Now_lr 0.0005/0.0005 | Train Loss 0.0201 | Valid Loss 3.5848 | Train Acc 99.3008| Valid Acc 53.4199 | Domain Loss 3.1639 | Lambda 0.0929 | Contrastive Loss 0.0176
[TRAINER1] Validation acc increase (52.960846 --> 53.419869) in epoch (33).  Saving model ...
[TRAINER1] /scratch/suyash.kumar.mec22.itbhu/EEG-AAD/eeg-aad-challenge2026-task1-baselines-master/trainer1.py:182: UserWarning: To copy construct from a tensor, it is recommended to use sourceTensor.clone().detach() or sourceTensor.clone().detach().requires_grad_(True), rather than torch.tensor(sourceTensor).
[TRAINER1]   subject_ids = torch.tensor(subject_ids).to(device).long()
[TRAINER1] TestSub: S[16, 17, 18, 19, 20] Epoch 34 Finsh | Now_lr 0.0005/0.0005 | Train Loss 0.0199 | Valid Loss 3.4108 | Train Acc 99.3282| Valid Acc 52.3863 | Domain Loss 3.1720 | Lambda 0.0935 | Contrastive Loss 0.0176
[TRAINER1] /scratch/suyash.kumar.mec22.itbhu/EEG-AAD/eeg-aad-challenge2026-task1-baselines-master/trainer1.py:182: UserWarning: To copy construct from a tensor, it is recommended to use sourceTensor.clone().detach() or sourceTensor.clone().detach().requires_grad_(True), rather than torch.tensor(sourceTensor).
[TRAINER1]   subject_ids = torch.tensor(subject_ids).to(device).long()
[TRAINER1] TestSub: S[16, 17, 18, 19, 20] Epoch 35 Finsh | Now_lr 0.0005/0.0005 | Train Loss 0.0196 | Valid Loss 3.5478 | Train Acc 99.3592| Valid Acc 51.7054 | Domain Loss 3.1781 | Lambda 0.0941 | Contrastive Loss 0.0170
[TRAINER1] /scratch/suyash.kumar.mec22.itbhu/EEG-AAD/eeg-aad-challenge2026-task1-baselines-master/trainer1.py:182: UserWarning: To copy construct from a tensor, it is recommended to use sourceTensor.clone().detach() or sourceTensor.clone().detach().requires_grad_(True), rather than torch.tensor(sourceTensor).
[TRAINER1]   subject_ids = torch.tensor(subject_ids).to(device).long()
[TRAINER1] TestSub: S[16, 17, 18, 19, 20] Epoch 36 Finsh | Now_lr 0.0005/0.0005 | Train Loss 0.0176 | Valid Loss 3.9136 | Train Acc 99.4163| Valid Acc 50.8876 | Domain Loss 3.1741 | Lambda 0.0947 | Contrastive Loss 0.0157
[TRAINER1] /scratch/suyash.kumar.mec22.itbhu/EEG-AAD/eeg-aad-challenge2026-task1-baselines-master/trainer1.py:182: UserWarning: To copy construct from a tensor, it is recommended to use sourceTensor.clone().detach() or sourceTensor.clone().detach().requires_grad_(True), rather than torch.tensor(sourceTensor).
[TRAINER1]   subject_ids = torch.tensor(subject_ids).to(device).long()
[TRAINER1] TestSub: S[16, 17, 18, 19, 20] Epoch 37 Finsh | Now_lr 0.0005/0.0005 | Train Loss 0.0187 | Valid Loss 3.6264 | Train Acc 99.3774| Valid Acc 52.8210 | Domain Loss 3.1702 | Lambda 0.0952 | Contrastive Loss 0.0163
[TRAINER1] /scratch/suyash.kumar.mec22.itbhu/EEG-AAD/eeg-aad-challenge2026-task1-baselines-master/trainer1.py:182: UserWarning: To copy construct from a tensor, it is recommended to use sourceTensor.clone().detach() or sourceTensor.clone().detach().requires_grad_(True), rather than torch.tensor(sourceTensor).
[TRAINER1]   subject_ids = torch.tensor(subject_ids).to(device).long()
[TRAINER1] TestSub: S[16, 17, 18, 19, 20] Epoch 38 Finsh | Now_lr 0.0005/0.0005 | Train Loss 0.0171 | Valid Loss 3.8690 | Train Acc 99.4242| Valid Acc 51.7966 | Domain Loss 3.1719 | Lambda 0.0956 | Contrastive Loss 0.0155
[TRAINER1] /scratch/suyash.kumar.mec22.itbhu/EEG-AAD/eeg-aad-challenge2026-task1-baselines-master/trainer1.py:182: UserWarning: To copy construct from a tensor, it is recommended to use sourceTensor.clone().detach() or sourceTensor.clone().detach().requires_grad_(True), rather than torch.tensor(sourceTensor).
[TRAINER1]   subject_ids = torch.tensor(subject_ids).to(device).long()
[TRAINER1] TestSub: S[16, 17, 18, 19, 20] Epoch 39 Finsh | Now_lr 0.0005/0.0005 | Train Loss 0.0175 | Valid Loss 3.8049 | Train Acc 99.4151| Valid Acc 51.0579 | Domain Loss 3.1688 | Lambda 0.0960 | Contrastive Loss 0.0151
[TRAINER1] /scratch/suyash.kumar.mec22.itbhu/EEG-AAD/eeg-aad-challenge2026-task1-baselines-master/trainer1.py:182: UserWarning: To copy construct from a tensor, it is recommended to use sourceTensor.clone().detach() or sourceTensor.clone().detach().requires_grad_(True), rather than torch.tensor(sourceTensor).
[TRAINER1]   subject_ids = torch.tensor(subject_ids).to(device).long()
[TRAINER1] TestSub: S[16, 17, 18, 19, 20] Epoch 40 Finsh | Now_lr 0.0005/0.0005 | Train Loss 0.0170 | Valid Loss 3.5928 | Train Acc 99.4358| Valid Acc 52.2100 | Domain Loss 3.1662 | Lambda 0.0964 | Contrastive Loss 0.0146
[TRAINER1] /scratch/suyash.kumar.mec22.itbhu/EEG-AAD/eeg-aad-challenge2026-task1-baselines-master/trainer1.py:182: UserWarning: To copy construct from a tensor, it is recommended to use sourceTensor.clone().detach() or sourceTensor.clone().detach().requires_grad_(True), rather than torch.tensor(sourceTensor).
[TRAINER1]   subject_ids = torch.tensor(subject_ids).to(device).long()
[TRAINER1] TestSub: S[16, 17, 18, 19, 20] Epoch 41 Finsh | Now_lr 0.0005/0.0005 | Train Loss 0.0174 | Valid Loss 3.6220 | Train Acc 99.4492| Valid Acc 52.4988 | Domain Loss 3.1580 | Lambda 0.0967 | Contrastive Loss 0.0154
[TRAINER1] /scratch/suyash.kumar.mec22.itbhu/EEG-AAD/eeg-aad-challenge2026-task1-baselines-master/trainer1.py:182: UserWarning: To copy construct from a tensor, it is recommended to use sourceTensor.clone().detach() or sourceTensor.clone().detach().requires_grad_(True), rather than torch.tensor(sourceTensor).
[TRAINER1]   subject_ids = torch.tensor(subject_ids).to(device).long()
[TRAINER1] TestSub: S[16, 17, 18, 19, 20] Epoch 42 Finsh | Now_lr 0.0005/0.0005 | Train Loss 0.0173 | Valid Loss 3.6535 | Train Acc 99.4212| Valid Acc 52.3711 | Domain Loss 3.1644 | Lambda 0.0970 | Contrastive Loss 0.0150
[TRAINER1] /scratch/suyash.kumar.mec22.itbhu/EEG-AAD/eeg-aad-challenge2026-task1-baselines-master/trainer1.py:182: UserWarning: To copy construct from a tensor, it is recommended to use sourceTensor.clone().detach() or sourceTensor.clone().detach().requires_grad_(True), rather than torch.tensor(sourceTensor).
[TRAINER1]   subject_ids = torch.tensor(subject_ids).to(device).long()
[TRAINER1] TestSub: S[16, 17, 18, 19, 20] Epoch 43 Finsh | Now_lr 0.0005/0.0005 | Train Loss 0.0164 | Valid Loss 3.8078 | Train Acc 99.4565| Valid Acc 51.8634 | Domain Loss 3.1638 | Lambda 0.0973 | Contrastive Loss 0.0140
[TRAINER1] /scratch/suyash.kumar.mec22.itbhu/EEG-AAD/eeg-aad-challenge2026-task1-baselines-master/trainer1.py:182: UserWarning: To copy construct from a tensor, it is recommended to use sourceTensor.clone().detach() or sourceTensor.clone().detach().requires_grad_(True), rather than torch.tensor(sourceTensor).
[TRAINER1]   subject_ids = torch.tensor(subject_ids).to(device).long()
[TRAINER1] TestSub: S[16, 17, 18, 19, 20] Epoch 44 Finsh | Now_lr 0.0005/0.0005 | Train Loss 0.0162 | Valid Loss 3.6903 | Train Acc 99.4984| Valid Acc 51.4804 | Domain Loss 3.1751 | Lambda 0.0976 | Contrastive Loss 0.0140
[TRAINER1] /scratch/suyash.kumar.mec22.itbhu/EEG-AAD/eeg-aad-challenge2026-task1-baselines-master/trainer1.py:182: UserWarning: To copy construct from a tensor, it is recommended to use sourceTensor.clone().detach() or sourceTensor.clone().detach().requires_grad_(True), rather than torch.tensor(sourceTensor).
[TRAINER1]   subject_ids = torch.tensor(subject_ids).to(device).long()
[TRAINER1] TestSub: S[16, 17, 18, 19, 20] Epoch 45 Finsh | Now_lr 0.0005/0.0005 | Train Loss 0.0161 | Valid Loss 3.4924 | Train Acc 99.4717| Valid Acc 54.4413 | Domain Loss 3.1739 | Lambda 0.0978 | Contrastive Loss 0.0140
[TRAINER1] Validation acc increase (53.419869 --> 54.441269) in epoch (45).  Saving model ...
[TRAINER1] /scratch/suyash.kumar.mec22.itbhu/EEG-AAD/eeg-aad-challenge2026-task1-baselines-master/trainer1.py:182: UserWarning: To copy construct from a tensor, it is recommended to use sourceTensor.clone().detach() or sourceTensor.clone().detach().requires_grad_(True), rather than torch.tensor(sourceTensor).
[TRAINER1]   subject_ids = torch.tensor(subject_ids).to(device).long()
[TRAINER1] TestSub: S[16, 17, 18, 19, 20] Epoch 46 Finsh | Now_lr 0.0005/0.0005 | Train Loss 0.0161 | Valid Loss 3.6617 | Train Acc 99.4723| Valid Acc 51.7388 | Domain Loss 3.1675 | Lambda 0.0980 | Contrastive Loss 0.0142
[TRAINER1] /scratch/suyash.kumar.mec22.itbhu/EEG-AAD/eeg-aad-challenge2026-task1-baselines-master/trainer1.py:182: UserWarning: To copy construct from a tensor, it is recommended to use sourceTensor.clone().detach() or sourceTensor.clone().detach().requires_grad_(True), rather than torch.tensor(sourceTensor).
[TRAINER1]   subject_ids = torch.tensor(subject_ids).to(device).long()
[TRAINER1] TestSub: S[16, 17, 18, 19, 20] Epoch 47 Finsh | Now_lr 0.0005/0.0005 | Train Loss 0.0146 | Valid Loss 3.6999 | Train Acc 99.5100| Valid Acc 51.0184 | Domain Loss 3.1665 | Lambda 0.0982 | Contrastive Loss 0.0125
[TRAINER1] /scratch/suyash.kumar.mec22.itbhu/EEG-AAD/eeg-aad-challenge2026-task1-baselines-master/trainer1.py:182: UserWarning: To copy construct from a tensor, it is recommended to use sourceTensor.clone().detach() or sourceTensor.clone().detach().requires_grad_(True), rather than torch.tensor(sourceTensor).
[TRAINER1]   subject_ids = torch.tensor(subject_ids).to(device).long()
[TRAINER1] TestSub: S[16, 17, 18, 19, 20] Epoch 48 Finsh | Now_lr 0.0005/0.0005 | Train Loss 0.0145 | Valid Loss 3.4875 | Train Acc 99.5203| Valid Acc 53.6083 | Domain Loss 3.1628 | Lambda 0.0984 | Contrastive Loss 0.0131
[TRAINER1] /scratch/suyash.kumar.mec22.itbhu/EEG-AAD/eeg-aad-challenge2026-task1-baselines-master/trainer1.py:182: UserWarning: To copy construct from a tensor, it is recommended to use sourceTensor.clone().detach() or sourceTensor.clone().detach().requires_grad_(True), rather than torch.tensor(sourceTensor).
[TRAINER1]   subject_ids = torch.tensor(subject_ids).to(device).long()
[TRAINER1] TestSub: S[16, 17, 18, 19, 20] Epoch 49 Finsh | Now_lr 0.0005/0.0005 | Train Loss 0.0137 | Valid Loss 3.8494 | Train Acc 99.5337| Valid Acc 49.9088 | Domain Loss 3.1708 | Lambda 0.0985 | Contrastive Loss 0.0116
[TRAINER1] /scratch/suyash.kumar.mec22.itbhu/EEG-AAD/eeg-aad-challenge2026-task1-baselines-master/trainer1.py:182: UserWarning: To copy construct from a tensor, it is recommended to use sourceTensor.clone().detach() or sourceTensor.clone().detach().requires_grad_(True), rather than torch.tensor(sourceTensor).
[TRAINER1]   subject_ids = torch.tensor(subject_ids).to(device).long()
[TRAINER1] TestSub: S[16, 17, 18, 19, 20] Epoch 50 Finsh | Now_lr 0.0005/0.0005 | Train Loss 0.0147 | Valid Loss 3.5603 | Train Acc 99.5130| Valid Acc 51.5017 | Domain Loss 3.1765 | Lambda 0.0987 | Contrastive Loss 0.0129
[TRAINER1] /scratch/suyash.kumar.mec22.itbhu/EEG-AAD/eeg-aad-challenge2026-task1-baselines-master/trainer1.py:182: UserWarning: To copy construct from a tensor, it is recommended to use sourceTensor.clone().detach() or sourceTensor.clone().detach().requires_grad_(True), rather than torch.tensor(sourceTensor).
[TRAINER1]   subject_ids = torch.tensor(subject_ids).to(device).long()
[TRAINER1] TestSub: S[16, 17, 18, 19, 20] Epoch 51 Finsh | Now_lr 0.0005/0.0005 | Train Loss 0.0135 | Valid Loss 3.5750 | Train Acc 99.5531| Valid Acc 51.8695 | Domain Loss 3.1762 | Lambda 0.0988 | Contrastive Loss 0.0117
[TRAINER1] /scratch/suyash.kumar.mec22.itbhu/EEG-AAD/eeg-aad-challenge2026-task1-baselines-master/trainer1.py:182: UserWarning: To copy construct from a tensor, it is recommended to use sourceTensor.clone().detach() or sourceTensor.clone().detach().requires_grad_(True), rather than torch.tensor(sourceTensor).
[TRAINER1]   subject_ids = torch.tensor(subject_ids).to(device).long()
[TRAINER1] TestSub: S[16, 17, 18, 19, 20] Epoch 52 Finsh | Now_lr 0.0005/0.0005 | Train Loss 0.0137 | Valid Loss 3.5944 | Train Acc 99.5702| Valid Acc 52.3286 | Domain Loss 3.1764 | Lambda 0.0989 | Contrastive Loss 0.0118
[TRAINER1] /scratch/suyash.kumar.mec22.itbhu/EEG-AAD/eeg-aad-challenge2026-task1-baselines-master/trainer1.py:182: UserWarning: To copy construct from a tensor, it is recommended to use sourceTensor.clone().detach() or sourceTensor.clone().detach().requires_grad_(True), rather than torch.tensor(sourceTensor).
[TRAINER1]   subject_ids = torch.tensor(subject_ids).to(device).long()
[TRAINER1] TestSub: S[16, 17, 18, 19, 20] Epoch 53 Finsh | Now_lr 0.0005/0.0005 | Train Loss 0.0141 | Valid Loss 3.3827 | Train Acc 99.5580| Valid Acc 52.3620 | Domai.kumar.mec22.itbhu/EEG-AAD/eeg-aad-challenge2026-task1-baselines-master/trainer2.py:182: UserWarning: To copy construct from a tensor, it is recommended to use sourceTensor.clone().detach() or sourceTensor.clone().detach().requires_grad_(True), rather than torch.tensor(sourceTensor).
[TRAINER2]   subject_ids = torch.tensor(subject_ids).to(device).long()
[TRAINER2] TestSub: S[6, 7, 8, 9, 10] Epoch 48 Finsh | Now_lr 0.0100/0.0100 | Train Loss 0.0981 | Valid Loss 1.9585 | Train Acc 96.4117| Valid Acc 52.9213 | Domain Loss 3.2131 | Lambda 0.0984 | Contrastive Loss 0.0960
[TRAINER2] /scratch/suyash.kumar.mec22.itbhu/EEG-AAD/eeg-aad-challenge2026-task1-baselines-master/trainer2.py:182: UserWarning: To copy construct from a tensor, it is recommended to use sourceTensor.clone().detach() or sourceTensor.clone().detach().requires_grad_(True), rather than torch.tensor(sourceTensor).
[TRAINER2]   subject_ids = torch.tensor(subject_ids).to(device).long()
[TRAINER2] TestSub: S[6, 7, 8, 9, 10] Epoch 49 Finsh | Now_lr 0.0100/0.0100 | Train Loss 0.0984 | Valid Loss 1.8506 | Train Acc 96.4366| Valid Acc 54.6632 | Domain Loss 3.2113 | Lambda 0.0985 | Contrastive Loss 0.0958
[TRAINER2] /scratch/suyash.kumar.mec22.itbhu/EEG-AAD/eeg-aad-challenge2026-task1-baselines-master/trainer2.py:182: UserWarning: To copy construct from a tensor, it is recommended to use sourceTensor.clone().detach() or sourceTensor.clone().detach().requires_grad_(True), rather than torch.tensor(sourceTensor).
[TRAINER2]   subject_ids = torch.tensor(subject_ids).to(device).long()
[TRAINER2] TestSub: S[6, 7, 8, 9, 10] Epoch 50 Finsh | Now_lr 0.0100/0.0100 | Train Loss 0.0990 | Valid Loss 1.8009 | Train Acc 96.4081| Valid Acc 54.7270 | Domain Loss 3.2117 | Lambda 0.0987 | Contrastive Loss 0.0971
[TRAINER2] /scratch/suyash.kumar.mec22.itbhu/EEG-AAD/eeg-aad-challenge2026-task1-baselines-master/trainer2.py:182: UserWarning: To copy construct from a tensor, it is recommended to use sourceTensor.clone().detach() or sourceTensor.clone().detach().requires_grad_(True), rather than torch.tensor(sourceTensor).
[TRAINER2]   subject_ids = torch.tensor(subject_ids).to(device).long()
[TRAINER2] TestSub: S[6, 7, 8, 9, 10] Epoch 51 Finsh | Now_lr 0.0100/0.0100 | Train Loss 0.0962 | Valid Loss 1.7497 | Train Acc 96.4981| Valid Acc 54.7422 | Domain Loss 3.2131 | Lambda 0.0988 | Contrastive Loss 0.0935
[TRAINER2] /scratch/suyash.kumar.mec22.itbhu/EEG-AAD/eeg-aad-challenge2026-task1-baselines-master/trainer2.py:182: UserWarning: To copy construct from a tensor, it is recommended to use sourceTensor.clone().detach() or sourceTensor.clone().detach().requires_grad_(True), rather than torch.tensor(sourceTensor).
[TRAINER2]   subject_ids = torch.tensor(subject_ids).to(device).long()
[TRAINER2] TestSub: S[6, 7, 8, 9, 10] Epoch 52 Finsh | Now_lr 0.0100/0.0100 | Train Loss 0.0997 | Valid Loss 1.7168 | Train Acc 96.3461| Valid Acc 55.4110 | Domain Loss 3.2129 | Lambda 0.0989 | Contrastive Loss 0.0974
[TRAINER2] /scratch/suyash.kumar.mec22.itbhu/EEG-AAD/eeg-aad-challenge2026-task1-baselines-master/trainer2.py:182: UserWarning: To copy construct from a tensor, it is recommended to use sourceTensor.clone().detach() or sourceTensor.clone().detach().requires_grad_(True), rather than torch.tensor(sourceTensor).
[TRAINER2]   subject_ids = torch.tensor(subject_ids).to(device).long()
[TRAINER2] TestSub: S[6, 7, 8, 9, 10] Epoch 53 Finsh | Now_lr 0.0100/0.0100 | Train Loss 0.0982 | Valid Loss 1.7950 | Train Acc 96.4567| Valid Acc 54.9003 | Domain Loss 3.2125 | Lambda 0.0990 | Contrastive Loss 0.0959
[TRAINER2] /scratch/suyash.kumar.mec22.itbhu/EEG-AAD/eeg-aad-challenge2026-task1-baselines-master/trainer2.py:182: UserWarning: To copy construct from a tensor, it is recommended to use sourceTensor.clone().detach() or sourceTensor.clone().detach().requires_grad_(True), rather than torch.tensor(sourceTensor).
[TRAINER2]   subject_ids = torch.tensor(subject_ids).to(device).long()
[TRAINER2] TestSub: S[6, 7, 8, 9, 10] Epoch 54 Finsh | Now_lr 0.0100/0.0100 | Train Loss 0.0955 | Valid Loss 1.7198 | Train Acc 96.4932| Valid Acc 55.5903 | Domain Loss 3.2122 | Lambda 0.0991 | Contrastive Loss 0.0931
[TRAINER2] /scratch/suyash.kumar.mec22.itbhu/EEG-AAD/eeg-aad-challenge2026-task1-baselines-master/trainer2.py:182: UserWarning: To copy construct from a tensor, it is recommended to use sourceTensor.clone().detach() or sourceTensor.clone().detach().requires_grad_(True), rather than torch.tensor(sourceTensor).
[TRAINER2]   subject_ids = torch.tensor(subject_ids).to(device).long()
[TRAINER2] TestSub: S[6, 7, 8, 9, 10] Epoch 55 Finsh | Now_lr 0.0100/0.0100 | Train Loss 0.0990 | Valid Loss 1.7047 | Train Acc 96.3679| Valid Acc 55.0371 | Domain Loss 3.2116 | Lambda 0.0992 | Contrastive Loss 0.0965
[TRAINER2] /scratch/suyash.kumar.mec22.itbhu/EEG-AAD/eeg-aad-challenge2026-task1-baselines-master/trainer2.py:182: UserWarning: To copy construct from a tensor, it is recommended to use sourceTensor.clone().detach() or sourceTensor.clone().detach().requires_grad_(True), rather than torch.tensor(sourceTensor).
[TRAINER2]   subject_ids = torch.tensor(subject_ids).to(device).long()
[TRAINER2] TestSub: S[6, 7, 8, 9, 10] Epoch 56 Finsh | Now_lr 0.0100/0.0100 | Train Loss 0.0984 | Valid Loss 1.7852 | Train Acc 96.4208| Valid Acc 55.1982 | Domain Loss 3.2110 | Lambda 0.0993 | Contrastive Loss 0.0957
[TRAINER2] /scratch/suyash.kumar.mec22.itbhu/EEG-AAD/eeg-aad-challenge2026-task1-baselines-master/trainer2.py:182: UserWarning: To copy construct from a tensor, it is recommended to use sourceTensor.clone().detach() or sourceTensor.clone().detach().requires_grad_(True), rather than torch.tensor(sourceTensor).
[TRAINER2]   subject_ids = torch.tensor(subject_ids).to(device).long()
[TRAINER2] TestSub: S[6, 7, 8, 9, 10] Epoch 57 Finsh | Now_lr 0.0100/0.0100 | Train Loss 0.0985 | Valid Loss 1.8162 | Train Acc 96.3977| Valid Acc 53.7330 | Domain Loss 3.2104 | Lambda 0.0993 | Contrastive Loss 0.0958
[TRAINER2] /scratch/suyash.kumar.mec22.itbhu/EEG-AAD/eeg-aad-challenge2026-task1-baselines-master/trainer2.py:182: UserWarning: To copy construct from a tensor, it is recommended to use sourceTensor.clone().detach() or sourceTensor.clone().detach().requires_grad_(True), rather than torch.tensor(sourceTensor).
[TRAINER2]   subject_ids = torch.tensor(subject_ids).to(device).long()
[TRAINER2] TestSub: S[6, 7, 8, 9, 10] Epoch 58 Finsh | Now_lr 0.0100/0.0100 | Train Loss 0.0977 | Valid Loss 1.7686 | Train Acc 96.4555| Valid Acc 56.3959 | Domain Loss 3.2116 | Lambda 0.0994 | Contrastive Loss 0.0954
[TRAINER2] /scratch/suyash.kumar.mec22.itbhu/EEG-AAD/eeg-aad-challenge2026-task1-baselines-master/trainer2.py:182: UserWarning: To copy construct from a tensor, it is recommended to use sourceTensor.clone().detach() or sourceTensor.clone().detach().requires_grad_(True), rather than torch.tensor(sourceTensor).
[TRAINER2]   subject_ids = torch.tensor(subject_ids).to(device).long()
[TRAINER2] TestSub: S[6, 7, 8, 9, 10] Epoch 59 Finsh | Now_lr 0.0100/0.0100 | Train Loss 0.0975 | Valid Loss 1.8811 | Train Acc 96.4506| Valid Acc 56.6877 | Domain Loss 3.2117 | Lambda 0.0995 | Contrastive Loss 0.0952
[TRAINER2] /scratch/suyash.kumar.mec22.itbhu/EEG-AAD/eeg-aad-challenge2026-task1-baselines-master/trainer2.py:182: UserWarning: To copy construct from a tensor, it is recommended to use sourceTensor.clone().detach() or sourceTensor.clone().detach().requires_grad_(True), rather than torch.tensor(sourceTensor).
[TRAINER2]   subject_ids = torch.tensor(subject_ids).to(device).long()
[TRAINER2] TestSub: S[6, 7, 8, 9, 10] Epoch 60 Finsh | Now_lr 0.0100/0.0100 | Train Loss 0.0959 | Valid Loss 1.7012 | Train Acc 96.5236| Valid Acc 56.2135 | Domain Loss 3.2127 | Lambda 0.0995 | Contrastive Loss 0.0937
[TRAINER2] /scratch/suyash.kumar.mec22.itbhu/EEG-AAD/eeg-aad-challenge2026-task1-baselines-master/trainer2.py:182: UserWarning: To copy construct from a tensor, it is recommended to use sourceTensor.clone().detach() or sourceTensor.clone().detach().requires_grad_(True), rather than torch.tensor(sourceTensor).
[TRAINER2]   subject_ids = torch.tensor(subject_ids).to(device).long()
[TRAINER2] TestSub: S[6, 7, 8, 9, 10n Loss 3.1810 | Lambda 0.0990 | Contrastive Loss 0.0121
[TRAINER1] /scratch/suyash.kumar.mec22.itbhu/EEG-AAD/eeg-aad-challenge2026-task1-baselines-master/trainer1.py:182: UserWarning: To copy construct from a tensor, it is recommended to use sourceTensor.clone().detach() or sourceTensor.clone().detach().requires_grad_(True), rather than torch.tensor(sourceTensor).
[TRAINER1]   subject_ids = torch.tensor(subject_ids).to(device).long()
[TRAINER1] TestSub: S[16, 17, 18, 19, 20] Epoch 54 Finsh | Now_lr 0.0005/0.0005 | Train Loss 0.0120 | Valid Loss 3.8350 | Train Acc 99.5884| Valid Acc 51.7084 | Domain Loss 3.1806 | Lambda 0.0991 | Contrastive Loss 0.0105
[TRAINER1] /scratch/suyash.kumar.mec22.itbhu/EEG-AAD/eeg-aad-challenge2026-task1-baselines-master/trainer1.py:182: UserWarning: To copy construct from a tensor, it is recommended to use sourceTensor.clone().detach() or sourceTensor.clone().detach().requires_grad_(True), rather than torch.tensor(sourceTensor).
[TRAINER1]   subject_ids = torch.tensor(subject_ids).to(device).long()
[TRAINER1] TestSub: S[16, 17, 18, 19, 20] Epoch 55 Finsh | Now_lr 0.0005/0.0005 | Train Loss 0.0134 | Valid Loss 4.0237 | Train Acc 99.5696| Valid Acc 50.4590 | Domain Loss 3.1713 | Lambda 0.0992 | Contrastive Loss 0.0115
[TRAINER1] /scratch/suyash.kumar.mec22.itbhu/EEG-AAD/eeg-aad-challenge2026-task1-baselines-master/trainer1.py:182: UserWarning: To copy construct from a tensor, it is recommended to use sourceTensor.clone().detach() or sourceTensor.clone().detach().requires_grad_(True), rather than torch.tensor(sourceTensor).
[TRAINER1]   subject_ids = torch.tensor(subject_ids).to(device).long()
[TRAINER1] TestSub: S[16, 17, 18, 19, 20] Epoch 56 Finsh | Now_lr 0.0005/0.0005 | Train Loss 0.0121 | Valid Loss 3.9661 | Train Acc 99.5914| Valid Acc 50.3982 | Domain Loss 3.1747 | Lambda 0.0993 | Contrastive Loss 0.0103
[TRAINER1] /scratch/suyash.kumar.mec22.itbhu/EEG-AAD/eeg-aad-challenge2026-task1-baselines-master/trainer1.py:182: UserWarning: To copy construct from a tensor, it is recommended to use sourceTensor.clone().detach() or sourceTensor.clone().detach().requires_grad_(True), rather than torch.tensor(sourceTensor).
[TRAINER1]   subject_ids = torch.tensor(subject_ids).to(device).long()
[TRAINER1] TestSub: S[16, 17, 18, 19, 20] Epoch 57 Finsh | Now_lr 0.0005/0.0005 | Train Loss 0.0127 | Valid Loss 3.8924 | Train Acc 99.5793| Valid Acc 52.3134 | Domain Loss 3.1628 | Lambda 0.0993 | Contrastive Loss 0.0105
[TRAINER1] /scratch/suyash.kumar.mec22.itbhu/EEG-AAD/eeg-aad-challenge2026-task1-baselines-master/trainer1.py:182: UserWarning: To copy construct from a tensor, it is recommended to use sourceTensor.clone().detach() or sourceTensor.clone().detach().requires_grad_(True), rather than torch.tensor(sourceTensor).
[TRAINER1]   subject_ids = torch.tensor(subject_ids).to(device).long()
[TRAINER1] TestSub: S[16, 17, 18, 19, 20] Epoch 58 Finsh | Now_lr 0.0005/0.0005 | Train Loss 0.0131 | Valid Loss 3.7351 | Train Acc 99.5665| Valid Acc 52.6569 | Domain Loss 3.1762 | Lambda 0.0994 | Contrastive Loss 0.0113
[TRAINER1] /scratch/suyash.kumar.mec22.itbhu/EEG-AAD/eeg-aad-challenge2026-task1-baselines-master/trainer1.py:182: UserWarning: To copy construct from a tensor, it is recommended to use sourceTensor.clone().detach() or sourceTensor.clone().detach().requires_grad_(True), rather than torch.tensor(sourceTensor).
[TRAINER1]   subject_ids = torch.tensor(subject_ids).to(device).long()
[TRAINER1] TestSub: S[16, 17, 18, 19, 20] Epoch 59 Finsh | Now_lr 0.0005/0.0005 | Train Loss 0.0122 | Valid Loss 3.7536 | Train Acc 99.6249| Valid Acc 50.6445 | Domain Loss 3.1853 | Lambda 0.0995 | Contrastive Loss 0.0108
[TRAINER1] /scratch/suyash.kumar.mec22.itbhu/EEG-AAD/eeg-aad-challenge2026-task1-baselines-master/trainer1.py:182: UserWarning: To copy construct from a tensor, it is recommended to use sourceTensor.clone().detach() or sourceTensor.clone().detach().requires_grad_(True), rather than torch.tensor(sourceTensor).
[TRAINER1]   subject_ids = torch.tensor(subject_ids).to(device).long()
[TRAINER1] TestSub: S[16, 17, 18, 19, 20] Epoch 60 Finsh | Now_lr 0.0005/0.0005 | Train Loss 0.0129 | Valid Loss 3.6214 | Train Acc 99.5732| Valid Acc 51.3132 | Domain Loss 3.1794 | Lambda 0.0995 | Contrastive Loss 0.0112
[TRAINER1] /scratch/suyash.kumar.mec22.itbhu/EEG-AAD/eeg-aad-challenge2026-task1-baselines-master/trainer1.py:182: UserWarning: To copy construct from a tensor, it is recommended to use sourceTensor.clone().detach() or sourceTensor.clone().detach().requires_grad_(True), rather than torch.tensor(sourceTensor).
[TRAINER1]   subject_ids = torch.tensor(subject_ids).to(device).long()
[TRAINER1] TestSub: S[16, 17, 18, 19, 20] Epoch 61 Finsh | Now_lr 0.0005/0.0005 | Train Loss 0.0111 | Valid Loss 4.0068 | Train Acc 99.6316| Valid Acc 51.4774 | Domain Loss 3.1846 | Lambda 0.0996 | Contrastive Loss 0.0093
[TRAINER1] /scratch/suyash.kumar.mec22.itbhu/EEG-AAD/eeg-aad-challenge2026-task1-baselines-master/trainer1.py:182: UserWarning: To copy construct from a tensor, it is recommended to use sourceTensor.clone().detach() or sourceTensor.clone().detach().requires_grad_(True), rather than torch.tensor(sourceTensor).
[TRAINER1]   subject_ids = torch.tensor(subject_ids).to(device).long()
[TRAINER1] TestSub: S[16, 17, 18, 19, 20] Epoch 62 Finsh | Now_lr 0.0005/0.0005 | Train Loss 0.0124 | Valid Loss 3.8432 | Train Acc 99.6115| Valid Acc 50.5989 | Domain Loss 3.1849 | Lambda 0.0996 | Contrastive Loss 0.0108
[TRAINER1] /scratch/suyash.kumar.mec22.itbhu/EEG-AAD/eeg-aad-challenge2026-task1-baselines-master/trainer1.py:182: UserWarning: To copy construct from a tensor, it is recommended to use sourceTensor.clone().detach() or sourceTensor.clone().detach().requires_grad_(True), rather than torch.tensor(sourceTensor).
[TRAINER1]   subject_ids = torch.tensor(subject_ids).to(device).long()
[TRAINER1] TestSub: S[16, 17, 18, 19, 20] Epoch 63 Finsh | Now_lr 0.0005/0.0005 | Train Loss 0.0115 | Valid Loss 3.9650 | Train Acc 99.6352| Valid Acc 51.2920 | Domain Loss 3.1875 | Lambda 0.0996 | Contrastive Loss 0.0100
[TRAINER1] /scratch/suyash.kumar.mec22.itbhu/EEG-AAD/eeg-aad-challenge2026-task1-baselines-master/trainer1.py:182: UserWarning: To copy construct from a tensor, it is recommended to use sourceTensor.clone().detach() or sourceTensor.clone().detach().requires_grad_(True), rather than torch.tensor(sourceTensor).
[TRAINER1]   subject_ids = torch.tensor(subject_ids).to(device).long()
[TRAINER1] TestSub: S[16, 17, 18, 19, 20] Epoch 64 Finsh | Now_lr 0.0005/0.0005 | Train Loss 0.0107 | Valid Loss 3.9717 | Train Acc 99.6474| Valid Acc 51.2403 | Domain Loss 3.1804 | Lambda 0.0997 | Contrastive Loss 0.0091
[TRAINER1] /scratch/suyash.kumar.mec22.itbhu/EEG-AAD/eeg-aad-challenge2026-task1-baselines-master/trainer1.py:182: UserWarning: To copy construct from a tensor, it is recommended to use sourceTensor.clone().detach() or sourceTensor.clone().detach().requires_grad_(True), rather than torch.tensor(sourceTensor).
[TRAINER1]   subject_ids = torch.tensor(subject_ids).to(device).long()
[TRAINER1] TestSub: S[16, 17, 18, 19, 20] Epoch 65 Finsh | Now_lr 0.0005/0.0005 | Train Loss 0.0118 | Valid Loss 3.9421 | Train Acc 99.6158| Valid Acc 49.9331 | Domain Loss 3.1796 | Lambda 0.0997 | Contrastive Loss 0.0104
[TRAINER1] /scratch/suyash.kumar.mec22.itbhu/EEG-AAD/eeg-aad-challenge2026-task1-baselines-master/trainer1.py:182: UserWarning: To copy construct from a tensor, it is recommended to use sourceTensor.clone().detach() or sourceTensor.clone().detach().requires_grad_(True), rather than torch.tensor(sourceTensor).
[TRAINER1]   subject_ids = torch.tensor(subject_ids).to(device).long()
[TRAINER1] TestSub: S[16, 17, 18, 19, 20] Epoch 66 Finsh | Now_lr 0.0005/0.0005 | Train Loss 0.0100 | Valid Loss 4.0424 | Train Acc 99.6717| Valid Acc 50.1885 | Domain Loss 3.1863 | Lambda 0.0997 | Contrastive Loss 0.0088
[TRAINER1] /scratch/suyash.kumar.mec22.itbhu/EEG-AAD/eeg-aad-challenge2026-task1-baselines-master/trainer1.py:182: UserWarning: To copy construct from a tensor, it is recommended to use sourceTensor.clone().detach() or sourceTensor.clone().detach().requires_grad_(True), rather than t] Epoch 61 Finsh | Now_lr 0.0100/0.0100 | Train Loss 0.0981 | Valid Loss 1.8127 | Train Acc 96.4816| Valid Acc 54.5720 | Domain Loss 3.2110 | Lambda 0.0996 | Contrastive Loss 0.0968
[TRAINER2] /scratch/suyash.kumar.mec22.itbhu/EEG-AAD/eeg-aad-challenge2026-task1-baselines-master/trainer2.py:182: UserWarning: To copy construct from a tensor, it is recommended to use sourceTensor.clone().detach() or sourceTensor.clone().detach().requires_grad_(True), rather than torch.tensor(sourceTensor).
[TRAINER2]   subject_ids = torch.tensor(subject_ids).to(device).long()
[TRAINER2] TestSub: S[6, 7, 8, 9, 10] Epoch 62 Finsh | Now_lr 0.0100/0.0100 | Train Loss 0.0998 | Valid Loss 1.9677 | Train Acc 96.3333| Valid Acc 53.0338 | Domain Loss 3.2114 | Lambda 0.0996 | Contrastive Loss 0.0972
[TRAINER2] /scratch/suyash.kumar.mec22.itbhu/EEG-AAD/eeg-aad-challenge2026-task1-baselines-master/trainer2.py:182: UserWarning: To copy construct from a tensor, it is recommended to use sourceTensor.clone().detach() or sourceTensor.clone().detach().requires_grad_(True), rather than torch.tensor(sourceTensor).
[TRAINER2]   subject_ids = torch.tensor(subject_ids).to(device).long()
[TRAINER2] TestSub: S[6, 7, 8, 9, 10] Epoch 63 Finsh | Now_lr 0.0100/0.0100 | Train Loss 0.0985 | Valid Loss 1.8615 | Train Acc 96.4318| Valid Acc 55.4900 | Domain Loss 3.2106 | Lambda 0.0996 | Contrastive Loss 0.0971
[TRAINER2] /scratch/suyash.kumar.mec22.itbhu/EEG-AAD/eeg-aad-challenge2026-task1-baselines-master/trainer2.py:182: UserWarning: To copy construct from a tensor, it is recommended to use sourceTensor.clone().detach() or sourceTensor.clone().detach().requires_grad_(True), rather than torch.tensor(sourceTensor).
[TRAINER2]   subject_ids = torch.tensor(subject_ids).to(device).long()
[TRAINER2] TestSub: S[6, 7, 8, 9, 10] Epoch 64 Finsh | Now_lr 0.0100/0.0100 | Train Loss 0.0976 | Valid Loss 1.9416 | Train Acc 96.4719| Valid Acc 54.2285 | Domain Loss 3.2111 | Lambda 0.0997 | Contrastive Loss 0.0949
[TRAINER2] /scratch/suyash.kumar.mec22.itbhu/EEG-AAD/eeg-aad-challenge2026-task1-baselines-master/trainer2.py:182: UserWarning: To copy construct from a tensor, it is recommended to use sourceTensor.clone().detach() or sourceTensor.clone().detach().requires_grad_(True), rather than torch.tensor(sourceTensor).
[TRAINER2]   subject_ids = torch.tensor(subject_ids).to(device).long()
[TRAINER2] TestSub: S[6, 7, 8, 9, 10] Epoch 65 Finsh | Now_lr 0.0100/0.0100 | Train Loss 0.0972 | Valid Loss 2.0363 | Train Acc 96.4616| Valid Acc 52.8575 | Domain Loss 3.2099 | Lambda 0.0997 | Contrastive Loss 0.0944
[TRAINER2] /scratch/suyash.kumar.mec22.itbhu/EEG-AAD/eeg-aad-challenge2026-task1-baselines-master/trainer2.py:182: UserWarning: To copy construct from a tensor, it is recommended to use sourceTensor.clone().detach() or sourceTensor.clone().detach().requires_grad_(True), rather than torch.tensor(sourceTensor).
[TRAINER2]   subject_ids = torch.tensor(subject_ids).to(device).long()
[TRAINER2] TestSub: S[6, 7, 8, 9, 10] Epoch 66 Finsh | Now_lr 0.0100/0.0100 | Train Loss 0.0956 | Valid Loss 1.7767 | Train Acc 96.5102| Valid Acc 55.1952 | Domain Loss 3.2113 | Lambda 0.0997 | Contrastive Loss 0.0939
[TRAINER2] /scratch/suyash.kumar.mec22.itbhu/EEG-AAD/eeg-aad-challenge2026-task1-baselines-master/trainer2.py:182: UserWarning: To copy construct from a tensor, it is recommended to use sourceTensor.clone().detach() or sourceTensor.clone().detach().requires_grad_(True), rather than torch.tensor(sourceTensor).
[TRAINER2]   subject_ids = torch.tensor(subject_ids).to(device).long()
[TRAINER2] TestSub: S[6, 7, 8, 9, 10] Epoch 67 Finsh | Now_lr 0.0100/0.0100 | Train Loss 0.0950 | Valid Loss 1.7189 | Train Acc 96.6397| Valid Acc 57.3535 | Domain Loss 3.2104 | Lambda 0.0998 | Contrastive Loss 0.0928
[TRAINER2] Validation acc increase (56.785019 --> 57.353478) in epoch (67).  Saving model ...
[TRAINER2] /scratch/suyash.kumar.mec22.itbhu/EEG-AAD/eeg-aad-challenge2026-task1-baselines-master/trainer2.py:182: UserWarning: To copy construct from a tensor, it is recommended to use sourceTensor.clone().detach() or sourceTensor.clone().detach().requires_grad_(True), rather than torch.tensor(sourceTensor).
[TRAINER2]   subject_ids = torch.tensor(subject_ids).to(device).long()
[TRAINER2] TestSub: S[6, 7, 8, 9, 10] Epoch 68 Finsh | Now_lr 0.0100/0.0100 | Train Loss 0.0955 | Valid Loss 1.7719 | Train Acc 96.5181| Valid Acc 56.7121 | Domain Loss 3.2115 | Lambda 0.0998 | Contrastive Loss 0.0939
[TRAINER2] /scratch/suyash.kumar.mec22.itbhu/EEG-AAD/eeg-aad-challenge2026-task1-baselines-master/trainer2.py:182: UserWarning: To copy construct from a tensor, it is recommended to use sourceTensor.clone().detach() or sourceTensor.clone().detach().requires_grad_(True), rather than torch.tensor(sourceTensor).
[TRAINER2]   subject_ids = torch.tensor(subject_ids).to(device).long()
[TRAINER2] TestSub: S[6, 7, 8, 9, 10] Epoch 69 Finsh | Now_lr 0.0100/0.0100 | Train Loss 0.0962 | Valid Loss 1.8440 | Train Acc 96.5564| Valid Acc 53.4837 | Domain Loss 3.2123 | Lambda 0.0998 | Contrastive Loss 0.0939
[TRAINER2] /scratch/suyash.kumar.mec22.itbhu/EEG-AAD/eeg-aad-challenge2026-task1-baselines-master/trainer2.py:182: UserWarning: To copy construct from a tensor, it is recommended to use sourceTensor.clone().detach() or sourceTensor.clone().detach().requires_grad_(True), rather than torch.tensor(sourceTensor).
[TRAINER2]   subject_ids = torch.tensor(subject_ids).to(device).long()
[TRAINER2] TestSub: S[6, 7, 8, 9, 10] Epoch 70 Finsh | Now_lr 0.0100/0.0100 | Train Loss 0.0977 | Valid Loss 1.7313 | Train Acc 96.5078| Valid Acc 55.7302 | Domain Loss 3.2102 | Lambda 0.0998 | Contrastive Loss 0.0961
[TRAINER2] /scratch/suyash.kumar.mec22.itbhu/EEG-AAD/eeg-aad-challenge2026-task1-baselines-master/trainer2.py:182: UserWarning: To copy construct from a tensor, it is recommended to use sourceTensor.clone().detach() or sourceTensor.clone().detach().requires_grad_(True), rather than torch.tensor(sourceTensor).
[TRAINER2]   subject_ids = torch.tensor(subject_ids).to(device).long()
[TRAINER2] TestSub: S[6, 7, 8, 9, 10] Epoch 71 Finsh | Now_lr 0.0100/0.0100 | Train Loss 0.0963 | Valid Loss 1.9219 | Train Acc 96.4981| Valid Acc 52.9183 | Domain Loss 3.2103 | Lambda 0.0998 | Contrastive Loss 0.0936
[TRAINER2] /scratch/suyash.kumar.mec22.itbhu/EEG-AAD/eeg-aad-challenge2026-task1-baselines-master/trainer2.py:182: UserWarning: To copy construct from a tensor, it is recommended to use sourceTensor.clone().detach() or sourceTensor.clone().detach().requires_grad_(True), rather than torch.tensor(sourceTensor).
[TRAINER2]   subject_ids = torch.tensor(subject_ids).to(device).long()
[TRAINER2] TestSub: S[6, 7, 8, 9, 10] Epoch 72 Finsh | Now_lr 0.0100/0.0100 | Train Loss 0.0967 | Valid Loss 1.7260 | Train Acc 96.4616| Valid Acc 54.9216 | Domain Loss 3.2107 | Lambda 0.0999 | Contrastive Loss 0.0949
[TRAINER2] /scratch/suyash.kumar.mec22.itbhu/EEG-AAD/eeg-aad-challenge2026-task1-baselines-master/trainer2.py:182: UserWarning: To copy construct from a tensor, it is recommended to use sourceTensor.clone().detach() or sourceTensor.clone().detach().requires_grad_(True), rather than torch.tensor(sourceTensor).
[TRAINER2]   subject_ids = torch.tensor(subject_ids).to(device).long()
[TRAINER2] TestSub: S[6, 7, 8, 9, 10] Epoch 73 Finsh | Now_lr 0.0100/0.0100 | Train Loss 0.0962 | Valid Loss 1.7997 | Train Acc 96.4932| Valid Acc 57.7882 | Domain Loss 3.2101 | Lambda 0.0999 | Contrastive Loss 0.0951
[TRAINER2] Validation acc increase (57.353478 --> 57.788181) in epoch (73).  Saving model ...
[TRAINER2] /scratch/suyash.kumar.mec22.itbhu/EEG-AAD/eeg-aad-challenge2026-task1-baselines-master/trainer2.py:182: UserWarning: To copy construct from a tensor, it is recommended to use sourceTensor.clone().detach() or sourceTensor.clone().detach().requires_grad_(True), rather than torch.tensor(sourceTensor).
[TRAINER2]   subject_ids = torch.tensor(subject_ids).to(device).long()
[TRAINER2] TestSub: S[6, 7, 8, 9, 10] Epoch 74 Finsh | Now_lr 0.0100/0.0100 | Train Loss 0.0968 | Valid Loss 2.0982 | Train Acc 96.4877| Valid Acc 54.9702 | Domain Loss 3.2102 | Lambda 0.0999 | Contrastive Loss 0.0945
[TRAINER2] /scratch/suorch.tensor(sourceTensor).
[TRAINER1]   subject_ids = torch.tensor(subject_ids).to(device).long()
[TRAINER1] TestSub: S[16, 17, 18, 19, 20] Epoch 67 Finsh | Now_lr 0.0005/0.0005 | Train Loss 0.0104 | Valid Loss 4.2026 | Train Acc 99.6498| Valid Acc 49.0272 | Domain Loss 3.1914 | Lambda 0.0998 | Contrastive Loss 0.0088
[TRAINER1] /scratch/suyash.kumar.mec22.itbhu/EEG-AAD/eeg-aad-challenge2026-task1-baselines-master/trainer1.py:182: UserWarning: To copy construct from a tensor, it is recommended to use sourceTensor.clone().detach() or sourceTensor.clone().detach().requires_grad_(True), rather than torch.tensor(sourceTensor).
[TRAINER1]   subject_ids = torch.tensor(subject_ids).to(device).long()
[TRAINER1] TestSub: S[16, 17, 18, 19, 20] Epoch 68 Finsh | Now_lr 0.0005/0.0005 | Train Loss 0.0106 | Valid Loss 3.9092 | Train Acc 99.6504| Valid Acc 51.5959 | Domain Loss 3.1871 | Lambda 0.0998 | Contrastive Loss 0.0089
[TRAINER1] /scratch/suyash.kumar.mec22.itbhu/EEG-AAD/eeg-aad-challenge2026-task1-baselines-master/trainer1.py:182: UserWarning: To copy construct from a tensor, it is recommended to use sourceTensor.clone().detach() or sourceTensor.clone().detach().requires_grad_(True), rather than torch.tensor(sourceTensor).
[TRAINER1]   subject_ids = torch.tensor(subject_ids).to(device).long()
[TRAINER1] TestSub: S[16, 17, 18, 19, 20] Epoch 69 Finsh | Now_lr 0.0005/0.0005 | Train Loss 0.0099 | Valid Loss 3.9791 | Train Acc 99.6626| Valid Acc 50.4499 | Domain Loss 3.1940 | Lambda 0.0998 | Contrastive Loss 0.0084
[TRAINER1] /scratch/suyash.kumar.mec22.itbhu/EEG-AAD/eeg-aad-challenge2026-task1-baselines-master/trainer1.py:182: UserWarning: To copy construct from a tensor, it is recommended to use sourceTensor.clone().detach() or sourceTensor.clone().detach().requires_grad_(True), rather than torch.tensor(sourceTensor).
[TRAINER1]   subject_ids = torch.tensor(subject_ids).to(device).long()
[TRAINER1] TestSub: S[16, 17, 18, 19, 20] Epoch 70 Finsh | Now_lr 0.0005/0.0005 | Train Loss 0.0109 | Valid Loss 4.0200 | Train Acc 99.6553| Valid Acc 51.3345 | Domain Loss 3.1961 | Lambda 0.0998 | Contrastive Loss 0.0094
[TRAINER1] /scratch/suyash.kumar.mec22.itbhu/EEG-AAD/eeg-aad-challenge2026-task1-baselines-master/trainer1.py:182: UserWarning: To copy construct from a tensor, it is recommended to use sourceTensor.clone().detach() or sourceTensor.clone().detach().requires_grad_(True), rather than torch.tensor(sourceTensor).
[TRAINER1]   subject_ids = torch.tensor(subject_ids).to(device).long()
[TRAINER1] TestSub: S[16, 17, 18, 19, 20] Epoch 71 Finsh | Now_lr 0.0005/0.0005 | Train Loss 0.0097 | Valid Loss 3.9800 | Train Acc 99.6924| Valid Acc 51.7479 | Domain Loss 3.1970 | Lambda 0.0998 | Contrastive Loss 0.0080
[TRAINER1] /scratch/suyash.kumar.mec22.itbhu/EEG-AAD/eeg-aad-challenge2026-task1-baselines-master/trainer1.py:182: UserWarning: To copy construct from a tensor, it is recommended to use sourceTensor.clone().detach() or sourceTensor.clone().detach().requires_grad_(True), rather than torch.tensor(sourceTensor).
[TRAINER1]   subject_ids = torch.tensor(subject_ids).to(device).long()
[TRAINER1] TestSub: S[16, 17, 18, 19, 20] Epoch 72 Finsh | Now_lr 0.0005/0.0005 | Train Loss 0.0099 | Valid Loss 4.1079 | Train Acc 99.6790| Valid Acc 50.5897 | Domain Loss 3.1970 | Lambda 0.0999 | Contrastive Loss 0.0085
[TRAINER1] /scratch/suyash.kumar.mec22.itbhu/EEG-AAD/eeg-aad-challenge2026-task1-baselines-master/trainer1.py:182: UserWarning: To copy construct from a tensor, it is recommended to use sourceTensor.clone().detach() or sourceTensor.clone().detach().requires_grad_(True), rather than torch.tensor(sourceTensor).
[TRAINER1]   subject_ids = torch.tensor(subject_ids).to(device).long()
[TRAINER1] TestSub: S[16, 17, 18, 19, 20] Epoch 73 Finsh | Now_lr 0.0005/0.0005 | Train Loss 0.0091 | Valid Loss 3.7552 | Train Acc 99.7191| Valid Acc 52.0519 | Domain Loss 3.1984 | Lambda 0.0999 | Contrastive Loss 0.0080
[TRAINER1] /scratch/suyash.kumar.mec22.itbhu/EEG-AAD/eeg-aad-challenge2026-task1-baselines-master/trainer1.py:182: UserWarning: To copy construct from a tensor, it is recommended to use sourceTensor.clone().detach() or sourceTensor.clone().detach().requires_grad_(True), rather than torch.tensor(sourceTensor).
[TRAINER1]   subject_ids = torch.tensor(subject_ids).to(device).long()
[TRAINER1] TestSub: S[16, 17, 18, 19, 20] Epoch 74 Finsh | Now_lr 0.0005/0.0005 | Train Loss 0.0093 | Valid Loss 4.0042 | Train Acc 99.7155| Valid Acc 51.9182 | Domain Loss 3.1942 | Lambda 0.0999 | Contrastive Loss 0.0080
[TRAINER1] /scratch/suyash.kumar.mec22.itbhu/EEG-AAD/eeg-aad-challenge2026-task1-baselines-master/trainer1.py:182: UserWarning: To copy construct from a tensor, it is recommended to use sourceTensor.clone().detach() or sourceTensor.clone().detach().requires_grad_(True), rather than torch.tensor(sourceTensor).
[TRAINER1]   subject_ids = torch.tensor(subject_ids).to(device).long()
[TRAINER1] TestSub: S[16, 17, 18, 19, 20] Epoch 75 Finsh | Now_lr 0.0005/0.0005 | Train Loss 0.0096 | Valid Loss 3.7434 | Train Acc 99.7130| Valid Acc 51.1977 | Domain Loss 3.1990 | Lambda 0.0999 | Contrastive Loss 0.0081
[TRAINER1] Early stopping triggered after 75 epochs (30 epochs without improvement)
[TRAINER1] --------------------------------------------------
[TRAINER1] Test_Subject :S[16, 17, 18, 19, 20] |Best epoch:45 | Test Loss:3.4924 | Best Acc 54.4413 | Savemodel Acc 54.4413
[TRAINER1] --------------------------------------------------
[TRAINER1] 
[TRAINER1] ========== Fold 5 ==========
[TRAINER1] Train IDs: [1, 2, 3, 4, 5, 6, 7, 8, 9, 10, 11, 12, 13, 14, 15, 16, 17, 18, 19, 20, 26, 27, 28, 29, 30]
[TRAINER1] Val IDs:   [21, 22, 23, 24, 25]
[TRAINER1] train_data_shape(164500, 32, 128),val_data_shape(32900, 32, 128)
[TRAINER1] =================================================================
[TRAINER1] Layer (type:depth-idx)                   Param #
[TRAINER1] =================================================================
[TRAINER1] DARNet                                   --
[TRAINER1] ├─TokenEmbedding: 1-1                    --
[TRAINER1] │    └─Sequential: 2-1                   --
[TRAINER1] │    │    └─Conv2d: 3-1                  576
[TRAINER1] │    │    └─BatchNorm2d: 3-2             128
[TRAINER1] │    │    └─GELU: 3-3                    --
[TRAINER1] │    └─Sequential: 2-2                   --
[TRAINER1] │    │    └─Conv2d: 3-4                  32,784
[TRAINER1] │    │    └─BatchNorm2d: 3-5             32
[TRAINER1] │    │    └─GELU: 3-6                    --
[TRAINER1] │    └─PositionalEmbedding: 2-3          --
[TRAINER1] ├─Flatten: 1-2                           --
[TRAINER1] ├─Linear: 1-3                            18
[TRAINER1] ├─AttnRefine: 1-4                        --
[TRAINER1] │    └─MyAttention: 2-4                  --
[TRAINER1] │    │    └─Attention: 3-7               800
[TRAINER1] │    └─Refine: 2-5                       --
[TRAINER1] │    │    └─Conv1d: 3-8                  784
[TRAINER1] │    │    └─BatchNorm1d: 3-9             32
[TRAINER1] │    │    └─ELU: 3-10                    --
[TRAINER1] │    │    └─MaxPool1d: 3-11              --
[TRAINER1] │    └─AdaptiveAvgPool1d: 2-6            --
[TRAINER1] │    └─Linear: 2-7                       68
[TRAINER1] │    └─Flatten: 2-8                      --
[TRAINER1] ├─AttnRefine: 1-5                        --
[TRAINER1] │    └─MyAttention: 2-9                  --
[TRAINER1] │    │    └─Attention: 3-12              800
[TRAINER1] │    └─Refine: 2-10                      --
[TRAINER1] │    │    └─Conv1d: 3-13                 784
[TRAINER1] │    │    └─BatchNorm1d: 3-14            32
[TRAINER1] │    │    └─ELU: 3-15                    --
[TRAINER1] │    │    └─MaxPool1d: 3-16              --
[TRAINER1] │    └─AdaptiveAvgPool1d: 2-11           --
[TRAINER1] │    └─Linear: 2-12                      68
[TRAINER1] │    └─Flatten: 2-13                     --
[TRAINER1] ├─GradientReversalLayer: 1-6             --
[TRAINER1] ├─SubjectDiscriminator: 1-7              --
[TRAINER1] │    └─Sequential: 2-14                  --
[TRAINER1] │    │    └─Linear: 3-17                 2,304
[TRAINER1] │    │    └─ReLU: 3-18                   --
[TRAINER1] │    │    └─Dropout: 3-19                --
[TRAINER1] │    │    └─Linear: 3-20                 32,896
[TRAINER1] │    │    └─ReLU: 3-21                   --
[TRAINER1] │    │    └─Dropout: 3-22                --
[TRAINER1] │    │    └─Linear: 3-23                 3,870
[TRAINER1] ├─ContrastiveHead: 1-8                   --
[TRAINER1] │    └─Sequential: 2-15                  --
[TRAINER1] │    │    └─Linear: 3-24                 576
[TRAINER1] │    │    └─ReLU: 3-25                   --
[TRAINER1] │    │    └─Linear: 3-26                 8,320
[TRAINER1] =================================================================
[TRAINER1] Total params: 84,872
[TRAINER1] Trainable params: 84,872
[TRAINER1] Non-trainable params: 0
[TRAINER1] =================================================================
[TRAINER1] /scratch/suyash.kumar.mec22.itbhu/EEG-AAD/eeg-aad-challenge2026-task1-baselines-master/trainer1.py:182: UserWarning: To copy construct from a tensor, it is recommended to use sourceTensor.clone().detach() or sourceTensor.clone().detach().requires_grad_(True), rather than torch.tensor(sourceTensor).
[TRAINER1]   subject_ids = torch.tensor(subject_ids).to(device).long()
[TRAINER1] TestSub: S[21, 22, 23, 24, 25] Epoch  1 Finsh | Now_lr 0.0005/0.0005 | Train Loss 0.4814 | Valid Loss 1.3420 | Train Acc 74.6693| Valid Acc 49.7446 | Domain Loss 2.9894 | Lambda 0.0050 | Contrastive Loss 0.4836
[TRAINER1] Validation acc increase (0.000000 --> 49.744650) in epoch (1).  Saving model ...
[TRAINER1] /scratch/suyash.kumar.mec22.itbhu/EEG-AAD/eeg-aad-challenge2026-task1-baselines-master/trainer1.py:182: UserWarning: To copy construct from a tensor, it is recommended to use sourceTensor.clone().detach() or sourceTensor.clone().detach().requires_grad_(True), rather than torch.tensor(sourceTensor).
[TRAINER1]   subject_ids = torch.tensor(subject_ids).to(device).long()
[TRAINER1] TestSub: S[21, 22, 23, 24, 25] Epoch  2 Finsh | Now_lr 0.0005/0.0005 | Train Loss 0.2827 | Valid Loss 2.1012 | Train Acc 87.7438| Valid Acc 48.7080 | Domain Loss 2.8264 | Lambda 0.0100 | Contrastive Loss 0.2804
[TRAINER1] /scratch/suyash.kumar.mec22.itbhu/EEG-AAD/eeg-aad-challenge2026-task1-baselines-master/trainer1.py:182: UserWarning: To copy construct from a tensor, it is recommended to use sourceTensor.clone().detach() or sourceTensor.clone().detach().requires_grad_(True), rather than torch.tensor(sourceTensor).
[TRAINER1]   subject_ids = torch.tensor(subject_ids).to(device).long()
[TRAINER1] TestSub: S[21, 22, 23, 24, 25] Epoch  3 Finsh | Now_lr 0.0005/0.0005 | Train Loss 0.1973 | Valid Loss 2.2123 | Train Acc 91.9127| Valid Acc 48.3676 | Domain Loss 2.8650 | Lambda 0.0149 | Contrastive Loss 0.1930
[TRAINER1] /scratch/suyash.kumar.mec22.itbhu/EEG-AAD/eeg-aad-challenge2026-task1-baselines-master/trainer1.py:182: UserWarning: To copy construct from a tensor, it is recommended to use sourceTensor.clone().detach() or sourceTensor.clone().detach().requires_grad_(True), rather than torch.tensor(sourceTensor).
[TRAINER1]   subject_ids = torch.tensor(subject_ids).to(device).long()
[TRAINER1] TestSub: S[21, 22, 23, 24, 25] Epoch  4 Finsh | Now_lr 0.0005/0.0005 | Train Loss 0.1547 | Valid Loss 2.3988 | Train Acc 93.8163| Valid Acc 49.3738 | Domain Loss 2.8826 | Lambda 0.0197 | Contrastive Loss 0.1486
[TRAINER1] /scratch/suyash.kumar.mec22.itbhu/EEG-AAD/eeg-aad-challenge2026-task1-baselines-master/trainer1.py:182: UserWarning: To copy construct from a tensor, it is recommended to use sourceTensor.clone().detach() or sourceTensor.clone().detach().requires_grad_(True), rather than torch.tensor(sourceTensor).
[TRAINER1]   subject_ids = torch.tensor(subject_ids).to(device).long()
[TRAINER1] TestSub: S[21, 22, 23, 24, 25] Epoch  5 Finsh | Now_lr 0.0005/0.0005 | Train Loss 0.1271 | Valid Loss 2.5977 | Train Acc 95.0584| Valid Acc 51.5868 | Domain Loss 2.9680 | Lambda 0.0245 | Contrastive Loss 0.1221
[TRAINER1] Validation acc increase (49.744650 --> 51.586819) in epoch (5).  Saving model ...
[TRAINER1] /scratch/suyash.kumar.mec22.itbhu/EEG-AAD/eeg-aad-challenge2026-task1-baselines-master/trainer1.py:182: UserWarning: To copy construct from a tensor, it is recommended to use sourceTensor.clone().detach() or sourceTensor.clone().detach().requires_grad_(True), rather than torch.tensor(sourceTensor).
[TRAINER1]   subject_ids = torch.tensor(subject_ids).to(device).long()
[TRAINER1] TestSub: S[21, 22, 23, 24, 25] Epoch  6 Finsh | Now_lr 0.0005/0.0005 | Train Loss 0.1078 | Valid Loss 2.5877 | Train Acc 95.9223| Valid Acc 49.3039 | Domain Loss 2.9708 | Lambda 0.0291 | Contrastive Loss 0.1020
[TRAINER1] /scratch/suyash.kumar.mec22.itbhu/EEG-AAD/eeg-aad-challenge2026-task1-baselines-master/trainer1.py:182: UserWarning: To copy construct from a tensor, it is recommended to use sourceTensor.clone().detach() or sourceTensor.clone().detach().requires_grad_(True), rather than torch.tensor(sourceTensor).
[TRAINER1]   subject_ids = torch.tensor(subject_ids).to(device).long()
[TRAINER1] TestSub: S[21, 22, 23, 24, 25] Epoch  7 Finsh | Now_lr 0.0005/0.0005 | Train Loss 0.0930 | Valid Loss 2.9334 | Train Acc 96.4841| Valid Acc 49.5531 | Domain Loss 3.0237 | Lambda 0.0336 | Contrastive Loss 0.0868
[TRAINER1] /scratch/suyash.kumar.mec22.itbhu/EEG-AAD/eeg-aad-challenge2026-task1-baselines-master/trainer1.py:182: UserWarning: To copy construct from a tensor, it is recommended to use sourceTensor.clone().detach() or sourceTensor.clone().detach().requires_grad_(True), rather than torch.tensor(sourceTensor).
[TRAINER1]   subject_ids = torch.tensor(subject_ids).to(device).long()
[TRAINER1] TestSub: S[21, 22, 23, 24, 25] Epoch  8 Finsh | Now_lr 0.0005/0.0005 | Train Loss 0.0828 | Valid Loss 3.0427 | Train Acc 96.9364| Valid Acc 47.9724 | Domain Loss 3.0434 | Lambda 0.0380 | Contrastive Loss 0.0772
[TRAINER1] /scratch/suyash.kumar.mec22.itbhu/EEG-AAD/eeg-aad-challenge2026-task1-baselines-master/trainer1.py:182: UserWarning: To copy construct from a tensor, it is recommended to use sourceTensor.clone().detach() or sourceTensor.clone().detach().requires_grad_(True), rather than torch.tensor(sourceTensor).
[TRAINER1]   subject_ids = torch.tensor(subject_ids).to(device).long()
[TRAINER1] TestSub: S[21, 22, 23, 24, 25] Epoch  9 Finsh | Now_lr 0.0005/0.0005 | Train Loss 0.0739 | Valid Loss 3.0259 | Train Acc 97.2945| Valid Acc 47.7839 | Domain Loss 3.0447 | Lambda 0.0422 | Contrastive Loss 0.0680
[TRAINER1] /scratch/suyash.kumar.mec22.itbhu/EEG-AAD/eeg-aad-challenge2026-task1-baselines-master/trainer1.py:182: UserWarning: To copy construct from a tensor, it is recommended to use sourceTensor.clone().detach() or sourceTensor.clone().detach().requires_grad_(True), rather than torch.tensor(sourceTensor).
[TRAINER1]   subject_ids = torch.tensor(subject_ids).to(device).long()
[TRAINER1] TestSub: S[21, 22, 23, 24, 25] Epoch 10 Finsh | Now_lr 0.0005/0.0005 | Train Loss 0.0657 | Valid Loss 3.3284 | Train Acc 97.6289| Valid Acc 47.9055 | Domain Loss 3.0720 | Lambda 0.0462 | Contrastive Loss 0.0607
[TRAINER1] /scratch/suyash.kumar.mec22.itbhu/EEG-AAD/eeg-aad-challenge2026-task1-baselines-master/trainer1.py:182: UserWarning: To copy construct from a tensor, it is recommended to use sourceTensor.clone().detach() or sourceTensor.clone().detach().requires_grad_(True), rather than torch.tensor(sourceTensor).
[TRAINER1]   subject_ids = torch.tensor(subject_ids).to(device).long()
[TRAINER1] TestSub: S[21, 22, 23, 24, 25] Epoch 11 Finsh | Now_lr 0.0005/0.0005 | Train Loss 0.0593 | Valid Loss 3.1893 | Train Acc 97.8289| Valid Acc 47.4374 | Domain Loss 3.0962 | Lambda 0.0501 | Contrastive Loss 0.0545
[TRAINER1] /scratch/suyash.kumar.mec22.itbhu/EEG-AAD/eeg-aad-challenge2026-task1-baselines-master/trainer1.py:182: UserWarning: To copy construct from a tensor, it is recommended to use sourceTensor.clone().detayash.kumar.mec22.itbhu/EEG-AAD/eeg-aad-challenge2026-task1-baselines-master/trainer2.py:182: UserWarning: To copy construct from a tensor, it is recommended to use sourceTensor.clone().detach() or sourceTensor.clone().detach().requires_grad_(True), rather than torch.tensor(sourceTensor).
[TRAINER2]   subject_ids = torch.tensor(subject_ids).to(device).long()
[TRAINER2] TestSub: S[6, 7, 8, 9, 10] Epoch 75 Finsh | Now_lr 0.0100/0.0100 | Train Loss 0.0949 | Valid Loss 1.9157 | Train Acc 96.5820| Valid Acc 55.1921 | Domain Loss 3.2104 | Lambda 0.0999 | Contrastive Loss 0.0936
[TRAINER2] /scratch/suyash.kumar.mec22.itbhu/EEG-AAD/eeg-aad-challenge2026-task1-baselines-master/trainer2.py:182: UserWarning: To copy construct from a tensor, it is recommended to use sourceTensor.clone().detach() or sourceTensor.clone().detach().requires_grad_(True), rather than torch.tensor(sourceTensor).
[TRAINER2]   subject_ids = torch.tensor(subject_ids).to(device).long()
[TRAINER2] TestSub: S[6, 7, 8, 9, 10] Epoch 76 Finsh | Now_lr 0.0100/0.0100 | Train Loss 0.0956 | Valid Loss 1.6319 | Train Acc 96.5813| Valid Acc 57.5723 | Domain Loss 3.2105 | Lambda 0.0999 | Contrastive Loss 0.0948
[TRAINER2] /scratch/suyash.kumar.mec22.itbhu/EEG-AAD/eeg-aad-challenge2026-task1-baselines-master/trainer2.py:182: UserWarning: To copy construct from a tensor, it is recommended to use sourceTensor.clone().detach() or sourceTensor.clone().detach().requires_grad_(True), rather than torch.tensor(sourceTensor).
[TRAINER2]   subject_ids = torch.tensor(subject_ids).to(device).long()
[TRAINER2] TestSub: S[6, 7, 8, 9, 10] Epoch 77 Finsh | Now_lr 0.0100/0.0100 | Train Loss 0.0926 | Valid Loss 1.8006 | Train Acc 96.6738| Valid Acc 56.6148 | Domain Loss 3.2098 | Lambda 0.0999 | Contrastive Loss 0.0918
[TRAINER2] /scratch/suyash.kumar.mec22.itbhu/EEG-AAD/eeg-aad-challenge2026-task1-baselines-master/trainer2.py:182: UserWarning: To copy construct from a tensor, it is recommended to use sourceTensor.clone().detach() or sourceTensor.clone().detach().requires_grad_(True), rather than torch.tensor(sourceTensor).
[TRAINER2]   subject_ids = torch.tensor(subject_ids).to(device).long()
[TRAINER2] TestSub: S[6, 7, 8, 9, 10] Epoch 78 Finsh | Now_lr 0.0100/0.0100 | Train Loss 0.0959 | Valid Loss 1.7334 | Train Acc 96.5047| Valid Acc 58.4053 | Domain Loss 3.2110 | Lambda 0.0999 | Contrastive Loss 0.0946
[TRAINER2] Validation acc increase (57.788181 --> 58.405277) in epoch (78).  Saving model ...
[TRAINER2] /scratch/suyash.kumar.mec22.itbhu/EEG-AAD/eeg-aad-challenge2026-task1-baselines-master/trainer2.py:182: UserWarning: To copy construct from a tensor, it is recommended to use sourceTensor.clone().detach() or sourceTensor.clone().detach().requires_grad_(True), rather than torch.tensor(sourceTensor).
[TRAINER2]   subject_ids = torch.tensor(subject_ids).to(device).long()
[TRAINER2] TestSub: S[6, 7, 8, 9, 10] Epoch 79 Finsh | Now_lr 0.0100/0.0100 | Train Loss 0.0951 | Valid Loss 1.7746 | Train Acc 96.5151| Valid Acc 55.5113 | Domain Loss 3.2115 | Lambda 0.0999 | Contrastive Loss 0.0944
[TRAINER2] /scratch/suyash.kumar.mec22.itbhu/EEG-AAD/eeg-aad-challenge2026-task1-baselines-master/trainer2.py:182: UserWarning: To copy construct from a tensor, it is recommended to use sourceTensor.clone().detach() or sourceTensor.clone().detach().requires_grad_(True), rather than torch.tensor(sourceTensor).
[TRAINER2]   subject_ids = torch.tensor(subject_ids).to(device).long()
[TRAINER2] TestSub: S[6, 7, 8, 9, 10] Epoch 80 Finsh | Now_lr 0.0100/0.0100 | Train Loss 0.0924 | Valid Loss 1.7956 | Train Acc 96.6494| Valid Acc 57.1103 | Domain Loss 3.2106 | Lambda 0.0999 | Contrastive Loss 0.0921
[TRAINER2] /scratch/suyash.kumar.mec22.itbhu/EEG-AAD/eeg-aad-challenge2026-task1-baselines-master/trainer2.py:182: UserWarning: To copy construct from a tensor, it is recommended to use sourceTensor.clone().detach() or sourceTensor.clone().detach().requires_grad_(True), rather than torch.tensor(sourceTensor).
[TRAINER2]   subject_ids = torch.tensor(subject_ids).to(device).long()
[TRAINER2] TestSub: S[6, 7, 8, 9, 10] Epoch 81 Finsh | Now_lr 0.0100/0.0100 | Train Loss 0.0950 | Valid Loss 1.9204 | Train Acc 96.5546| Valid Acc 54.0066 | Domain Loss 3.2100 | Lambda 0.0999 | Contrastive Loss 0.0939
[TRAINER2] /scratch/suyash.kumar.mec22.itbhu/EEG-AAD/eeg-aad-challenge2026-task1-baselines-master/trainer2.py:182: UserWarning: To copy construct from a tensor, it is recommended to use sourceTensor.clone().detach() or sourceTensor.clone().detach().requires_grad_(True), rather than torch.tensor(sourceTensor).
[TRAINER2]   subject_ids = torch.tensor(subject_ids).to(device).long()
[TRAINER2] TestSub: S[6, 7, 8, 9, 10] Epoch 82 Finsh | Now_lr 0.0100/0.0100 | Train Loss 0.0973 | Valid Loss 1.7889 | Train Acc 96.4585| Valid Acc 54.9611 | Domain Loss 3.2096 | Lambda 0.0999 | Contrastive Loss 0.0959
[TRAINER2] /scratch/suyash.kumar.mec22.itbhu/EEG-AAD/eeg-aad-challenge2026-task1-baselines-master/trainer2.py:182: UserWarning: To copy construct from a tensor, it is recommended to use sourceTensor.clone().detach() or sourceTensor.clone().detach().requires_grad_(True), rather than torch.tensor(sourceTensor).
[TRAINER2]   subject_ids = torch.tensor(subject_ids).to(device).long()
[TRAINER2] TestSub: S[6, 7, 8, 9, 10] Epoch 83 Finsh | Now_lr 0.0100/0.0100 | Train Loss 0.0950 | Valid Loss 1.8337 | Train Acc 96.5424| Valid Acc 54.4565 | Domain Loss 3.2099 | Lambda 0.1000 | Contrastive Loss 0.0932
[TRAINER2] /scratch/suyash.kumar.mec22.itbhu/EEG-AAD/eeg-aad-challenge2026-task1-baselines-master/trainer2.py:182: UserWarning: To copy construct from a tensor, it is recommended to use sourceTensor.clone().detach() or sourceTensor.clone().detach().requires_grad_(True), rather than torch.tensor(sourceTensor).
[TRAINER2]   subject_ids = torch.tensor(subject_ids).to(device).long()
[TRAINER2] TestSub: S[6, 7, 8, 9, 10] Epoch 84 Finsh | Now_lr 0.0100/0.0100 | Train Loss 0.0957 | Valid Loss 1.8832 | Train Acc 96.5388| Valid Acc 55.5052 | Domain Loss 3.2108 | Lambda 0.1000 | Contrastive Loss 0.0937
[TRAINER2] /scratch/suyash.kumar.mec22.itbhu/EEG-AAD/eeg-aad-challenge2026-task1-baselines-master/trainer2.py:182: UserWarning: To copy construct from a tensor, it is recommended to use sourceTensor.clone().detach() or sourceTensor.clone().detach().requires_grad_(True), rather than torch.tensor(sourceTensor).
[TRAINER2]   subject_ids = torch.tensor(subject_ids).to(device).long()
[TRAINER2] TestSub: S[6, 7, 8, 9, 10] Epoch 85 Finsh | Now_lr 0.0100/0.0100 | Train Loss 0.0948 | Valid Loss 1.7533 | Train Acc 96.6069| Valid Acc 55.8639 | Domain Loss 3.2114 | Lambda 0.1000 | Contrastive Loss 0.0934
[TRAINER2] /scratch/suyash.kumar.mec22.itbhu/EEG-AAD/eeg-aad-challenge2026-task1-baselines-master/trainer2.py:182: UserWarning: To copy construct from a tensor, it is recommended to use sourceTensor.clone().detach() or sourceTensor.clone().detach().requires_grad_(True), rather than torch.tensor(sourceTensor).
[TRAINER2]   subject_ids = torch.tensor(subject_ids).to(device).long()
[TRAINER2] TestSub: S[6, 7, 8, 9, 10] Epoch 86 Finsh | Now_lr 0.0100/0.0100 | Train Loss 0.0938 | Valid Loss 1.6604 | Train Acc 96.6166| Valid Acc 57.3352 | Domain Loss 3.2102 | Lambda 0.1000 | Contrastive Loss 0.0928
[TRAINER2] /scratch/suyash.kumar.mec22.itbhu/EEG-AAD/eeg-aad-challenge2026-task1-baselines-master/trainer2.py:182: UserWarning: To copy construct from a tensor, it is recommended to use sourceTensor.clone().detach() or sourceTensor.clone().detach().requires_grad_(True), rather than torch.tensor(sourceTensor).
[TRAINER2]   subject_ids = torch.tensor(subject_ids).to(device).long()
[TRAINER2] TestSub: S[6, 7, 8, 9, 10] Epoch 87 Finsh | Now_lr 0.0100/0.0100 | Train Loss 0.0936 | Valid Loss 1.8071 | Train Acc 96.6282| Valid Acc 55.7028 | Domain Loss 3.2093 | Lambda 0.1000 | Contrastive Loss 0.0920
[TRAINER2] /scratch/suyash.kumar.mec22.itbhu/EEG-AAD/eeg-aad-challenge2026-task1-baselines-master/trainer2.py:182: UserWarning: To copy construct from a tensor, it is recommended to use sourceTensor.clone().detach() or sourceTensor.clone().detach().requires_grad_(True), rather than torch.tensor(sourceTensor).
[TRAINER2ch() or sourceTensor.clone().detach().requires_grad_(True), rather than torch.tensor(sourceTensor).
[TRAINER1]   subject_ids = torch.tensor(subject_ids).to(device).long()
[TRAINER1] TestSub: S[21, 22, 23, 24, 25] Epoch 12 Finsh | Now_lr 0.0005/0.0005 | Train Loss 0.0546 | Valid Loss 3.1524 | Train Acc 98.0204| Valid Acc 48.2612 | Domain Loss 3.0940 | Lambda 0.0537 | Contrastive Loss 0.0499
[TRAINER1] /scratch/suyash.kumar.mec22.itbhu/EEG-AAD/eeg-aad-challenge2026-task1-baselines-master/trainer1.py:182: UserWarning: To copy construct from a tensor, it is recommended to use sourceTensor.clone().detach() or sourceTensor.clone().detach().requires_grad_(True), rather than torch.tensor(sourceTensor).
[TRAINER1]   subject_ids = torch.tensor(subject_ids).to(device).long()
[TRAINER1] TestSub: S[21, 22, 23, 24, 25] Epoch 13 Finsh | Now_lr 0.0005/0.0005 | Train Loss 0.0505 | Valid Loss 3.2843 | Train Acc 98.2040| Valid Acc 46.2913 | Domain Loss 3.1003 | Lambda 0.0572 | Contrastive Loss 0.0458
[TRAINER1] /scratch/suyash.kumar.mec22.itbhu/EEG-AAD/eeg-aad-challenge2026-task1-baselines-master/trainer1.py:182: UserWarning: To copy construct from a tensor, it is recommended to use sourceTensor.clone().detach() or sourceTensor.clone().detach().requires_grad_(True), rather than torch.tensor(sourceTensor).
[TRAINER1]   subject_ids = torch.tensor(subject_ids).to(device).long()
[TRAINER1] TestSub: S[21, 22, 23, 24, 25] Epoch 14 Finsh | Now_lr 0.0005/0.0005 | Train Loss 0.0468 | Valid Loss 3.4015 | Train Acc 98.3445| Valid Acc 47.6228 | Domain Loss 3.0946 | Lambda 0.0604 | Contrastive Loss 0.0418
[TRAINER1] /scratch/suyash.kumar.mec22.itbhu/EEG-AAD/eeg-aad-challenge2026-task1-baselines-master/trainer1.py:182: UserWarning: To copy construct from a tensor, it is recommended to use sourceTensor.clone().detach() or sourceTensor.clone().detach().requires_grad_(True), rather than torch.tensor(sourceTensor).
[TRAINER1]   subject_ids = torch.tensor(subject_ids).to(device).long()
[TRAINER1] TestSub: S[21, 22, 23, 24, 25] Epoch 15 Finsh | Now_lr 0.0005/0.0005 | Train Loss 0.0442 | Valid Loss 3.5324 | Train Acc 98.4600| Valid Acc 46.1880 | Domain Loss 3.1069 | Lambda 0.0635 | Contrastive Loss 0.0402
[TRAINER1] /scratch/suyash.kumar.mec22.itbhu/EEG-AAD/eeg-aad-challenge2026-task1-baselines-master/trainer1.py:182: UserWarning: To copy construct from a tensor, it is recommended to use sourceTensor.clone().detach() or sourceTensor.clone().detach().requires_grad_(True), rather than torch.tensor(sourceTensor).
[TRAINER1]   subject_ids = torch.tensor(subject_ids).to(device).long()
[TRAINER1] TestSub: S[21, 22, 23, 24, 25] Epoch 16 Finsh | Now_lr 0.0005/0.0005 | Train Loss 0.0397 | Valid Loss 3.5826 | Train Acc 98.6035| Valid Acc 46.4616 | Domain Loss 3.1343 | Lambda 0.0664 | Contrastive Loss 0.0362
[TRAINER1] /scratch/suyash.kumar.mec22.itbhu/EEG-AAD/eeg-aad-challenge2026-task1-baselines-master/trainer1.py:182: UserWarning: To copy construct from a tensor, it is recommended to use sourceTensor.clone().detach() or sourceTensor.clone().detach().requires_grad_(True), rather than torch.tensor(sourceTensor).
[TRAINER1]   subject_ids = torch.tensor(subject_ids).to(device).long()
[TRAINER1] TestSub: S[21, 22, 23, 24, 25] Epoch 17 Finsh | Now_lr 0.0005/0.0005 | Train Loss 0.0407 | Valid Loss 3.5307 | Train Acc 98.5840| Valid Acc 45.8901 | Domain Loss 3.1312 | Lambda 0.0691 | Contrastive Loss 0.0366
[TRAINER1] /scratch/suyash.kumar.mec22.itbhu/EEG-AAD/eeg-aad-challenge2026-task1-baselines-master/trainer1.py:182: UserWarning: To copy construct from a tensor, it is recommended to use sourceTensor.clone().detach() or sourceTensor.clone().detach().requires_grad_(True), rather than torch.tensor(sourceTensor).
[TRAINER1]   subject_ids = torch.tensor(subject_ids).to(device).long()
[TRAINER1] TestSub: S[21, 22, 23, 24, 25] Epoch 18 Finsh | Now_lr 0.0005/0.0005 | Train Loss 0.0360 | Valid Loss 3.6171 | Train Acc 98.7445| Valid Acc 47.3036 | Domain Loss 3.1426 | Lambda 0.0716 | Contrastive Loss 0.0324
[TRAINER1] /scratch/suyash.kumar.mec22.itbhu/EEG-AAD/eeg-aad-challenge2026-task1-baselines-master/trainer1.py:182: UserWarning: To copy construct from a tensor, it is recommended to use sourceTensor.clone().detach() or sourceTensor.clone().detach().requires_grad_(True), rather than torch.tensor(sourceTensor).
[TRAINER1]   subject_ids = torch.tensor(subject_ids).to(device).long()
[TRAINER1] TestSub: S[21, 22, 23, 24, 25] Epoch 19 Finsh | Now_lr 0.0005/0.0005 | Train Loss 0.0355 | Valid Loss 3.6017 | Train Acc 98.7482| Valid Acc 45.3490 | Domain Loss 3.1375 | Lambda 0.0740 | Contrastive Loss 0.0322
[TRAINER1] /scratch/suyash.kumar.mec22.itbhu/EEG-AAD/eeg-aad-challenge2026-task1-baselines-master/trainer1.py:182: UserWarning: To copy construct from a tensor, it is recommended to use sourceTensor.clone().detach() or sourceTensor.clone().detach().requires_grad_(True), rather than torch.tensor(sourceTensor).
[TRAINER1]   subject_ids = torch.tensor(subject_ids).to(device).long()
[TRAINER1] TestSub: S[21, 22, 23, 24, 25] Epoch 20 Finsh | Now_lr 0.0005/0.0005 | Train Loss 0.0328 | Valid Loss 3.7381 | Train Acc 98.8661| Valid Acc 46.6835 | Domain Loss 3.1259 | Lambda 0.0762 | Contrastive Loss 0.0296
[TRAINER1] /scratch/suyash.kumar.mec22.itbhu/EEG-AAD/eeg-aad-challenge2026-task1-baselines-master/trainer1.py:182: UserWarning: To copy construct from a tensor, it is recommended to use sourceTensor.clone().detach() or sourceTensor.clone().detach().requires_grad_(True), rather than torch.tensor(sourceTensor).
[TRAINER1]   subject_ids = torch.tensor(subject_ids).to(device).long()
[TRAINER1] TestSub: S[21, 22, 23, 24, 25] Epoch 21 Finsh | Now_lr 0.0005/0.0005 | Train Loss 0.0322 | Valid Loss 3.5861 | Train Acc 98.9245| Valid Acc 47.9025 | Domain Loss 3.1448 | Lambda 0.0782 | Contrastive Loss 0.0285
[TRAINER1] /scratch/suyash.kumar.mec22.itbhu/EEG-AAD/eeg-aad-challenge2026-task1-baselines-master/trainer1.py:182: UserWarning: To copy construct from a tensor, it is recommended to use sourceTensor.clone().detach() or sourceTensor.clone().detach().requires_grad_(True), rather than torch.tensor(sourceTensor).
[TRAINER1]   subject_ids = torch.tensor(subject_ids).to(device).long()
[TRAINER1] TestSub: S[21, 22, 23, 24, 25] Epoch 22 Finsh | Now_lr 0.0005/0.0005 | Train Loss 0.0308 | Valid Loss 3.3711 | Train Acc 98.9348| Valid Acc 46.7747 | Domain Loss 3.1403 | Lambda 0.0800 | Contrastive Loss 0.0276
[TRAINER1] /scratch/suyash.kumar.mec22.itbhu/EEG-AAD/eeg-aad-challenge2026-task1-baselines-master/trainer1.py:182: UserWarning: To copy construct from a tensor, it is recommended to use sourceTensor.clone().detach() or sourceTensor.clone().detach().requires_grad_(True), rather than torch.tensor(sourceTensor).
[TRAINER1]   subject_ids = torch.tensor(subject_ids).to(device).long()
[TRAINER1] TestSub: S[21, 22, 23, 24, 25] Epoch 23 Finsh | Now_lr 0.0005/0.0005 | Train Loss 0.0290 | Valid Loss 3.4342 | Train Acc 99.0193| Valid Acc 48.0545 | Domain Loss 3.1354 | Lambda 0.0818 | Contrastive Loss 0.0256
[TRAINER1] /scratch/suyash.kumar.mec22.itbhu/EEG-AAD/eeg-aad-challenge2026-task1-baselines-master/trainer1.py:182: UserWarning: To copy construct from a tensor, it is recommended to use sourceTensor.clone().detach() or sourceTensor.clone().detach().requires_grad_(True), rather than torch.tensor(sourceTensor).
[TRAINER1]   subject_ids = torch.tensor(subject_ids).to(device).long()
[TRAINER1] TestSub: S[21, 22, 23, 24, 25] Epoch 24 Finsh | Now_lr 0.0005/0.0005 | Train Loss 0.0277 | Valid Loss 3.5256 | Train Acc 99.0613| Valid Acc 47.9146 | Domain Loss 3.1315 | Lambda 0.0834 | Contrastive Loss 0.0248
[TRAINER1] /scratch/suyash.kumar.mec22.itbhu/EEG-AAD/eeg-aad-challenge2026-task1-baselines-master/trainer1.py:182: UserWarning: To copy construct from a tensor, it is recommended to use sourceTensor.clone().detach() or sourceTensor.clone().detach().requires_grad_(True), rather than torch.tensor(sourceTensor).
[TRAINER1]   subject_ids = torch.tensor(subject_ids).to(device).long()
[TRAINER1] TestSub: S[21, 22, 23, 24, 25] Epoch 25 Finsh | Now_lr 0.0005/0.0005 | Train Loss 0.0273 | Valid Loss 3.5856 | Train Acc 99.0868| Valid Acc 46.8628 | Domain L]   subject_ids = torch.tensor(subject_ids).to(device).long()
[TRAINER2] TestSub: S[6, 7, 8, 9, 10] Epoch 88 Finsh | Now_lr 0.0100/0.0100 | Train Loss 0.0959 | Valid Loss 1.8502 | Train Acc 96.5291| Valid Acc 56.0220 | Domain Loss 3.2101 | Lambda 0.1000 | Contrastive Loss 0.0940
[TRAINER2] /scratch/suyash.kumar.mec22.itbhu/EEG-AAD/eeg-aad-challenge2026-task1-baselines-master/trainer2.py:182: UserWarning: To copy construct from a tensor, it is recommended to use sourceTensor.clone().detach() or sourceTensor.clone().detach().requires_grad_(True), rather than torch.tensor(sourceTensor).
[TRAINER2]   subject_ids = torch.tensor(subject_ids).to(device).long()
[TRAINER2] TestSub: S[6, 7, 8, 9, 10] Epoch 89 Finsh | Now_lr 0.0100/0.0100 | Train Loss 0.0940 | Valid Loss 1.7373 | Train Acc 96.6026| Valid Acc 55.6694 | Domain Loss 3.2096 | Lambda 0.1000 | Contrastive Loss 0.0932
[TRAINER2] /scratch/suyash.kumar.mec22.itbhu/EEG-AAD/eeg-aad-challenge2026-task1-baselines-master/trainer2.py:182: UserWarning: To copy construct from a tensor, it is recommended to use sourceTensor.clone().detach() or sourceTensor.clone().detach().requires_grad_(True), rather than torch.tensor(sourceTensor).
[TRAINER2]   subject_ids = torch.tensor(subject_ids).to(device).long()
[TRAINER2] TestSub: S[6, 7, 8, 9, 10] Epoch 90 Finsh | Now_lr 0.0100/0.0100 | Train Loss 0.0939 | Valid Loss 1.8144 | Train Acc 96.6263| Valid Acc 53.7999 | Domain Loss 3.2092 | Lambda 0.1000 | Contrastive Loss 0.0927
[TRAINER2] /scratch/suyash.kumar.mec22.itbhu/EEG-AAD/eeg-aad-challenge2026-task1-baselines-master/trainer2.py:182: UserWarning: To copy construct from a tensor, it is recommended to use sourceTensor.clone().detach() or sourceTensor.clone().detach().requires_grad_(True), rather than torch.tensor(sourceTensor).
[TRAINER2]   subject_ids = torch.tensor(subject_ids).to(device).long()
[TRAINER2] TestSub: S[6, 7, 8, 9, 10] Epoch 91 Finsh | Now_lr 0.0100/0.0100 | Train Loss 0.0949 | Valid Loss 1.8125 | Train Acc 96.5978| Valid Acc 53.5719 | Domain Loss 3.2107 | Lambda 0.1000 | Contrastive Loss 0.0922
[TRAINER2] /scratch/suyash.kumar.mec22.itbhu/EEG-AAD/eeg-aad-challenge2026-task1-baselines-master/trainer2.py:182: UserWarning: To copy construct from a tensor, it is recommended to use sourceTensor.clone().detach() or sourceTensor.clone().detach().requires_grad_(True), rather than torch.tensor(sourceTensor).
[TRAINER2]   subject_ids = torch.tensor(subject_ids).to(device).long()
[TRAINER2] TestSub: S[6, 7, 8, 9, 10] Epoch 92 Finsh | Now_lr 0.0100/0.0100 | Train Loss 0.0915 | Valid Loss 1.6757 | Train Acc 96.6744| Valid Acc 55.6086 | Domain Loss 3.2099 | Lambda 0.1000 | Contrastive Loss 0.0901
[TRAINER2] /scratch/suyash.kumar.mec22.itbhu/EEG-AAD/eeg-aad-challenge2026-task1-baselines-master/trainer2.py:182: UserWarning: To copy construct from a tensor, it is recommended to use sourceTensor.clone().detach() or sourceTensor.clone().detach().requires_grad_(True), rather than torch.tensor(sourceTensor).
[TRAINER2]   subject_ids = torch.tensor(subject_ids).to(device).long()
[TRAINER2] TestSub: S[6, 7, 8, 9, 10] Epoch 93 Finsh | Now_lr 0.0100/0.0100 | Train Loss 0.0929 | Valid Loss 2.0284 | Train Acc 96.6488| Valid Acc 54.4686 | Domain Loss 3.2108 | Lambda 0.1000 | Contrastive Loss 0.0914
[TRAINER2] /scratch/suyash.kumar.mec22.itbhu/EEG-AAD/eeg-aad-challenge2026-task1-baselines-master/trainer2.py:182: UserWarning: To copy construct from a tensor, it is recommended to use sourceTensor.clone().detach() or sourceTensor.clone().detach().requires_grad_(True), rather than torch.tensor(sourceTensor).
[TRAINER2]   subject_ids = torch.tensor(subject_ids).to(device).long()
[TRAINER2] TestSub: S[6, 7, 8, 9, 10] Epoch 94 Finsh | Now_lr 0.0100/0.0100 | Train Loss 0.0942 | Valid Loss 1.9151 | Train Acc 96.5990| Valid Acc 53.4563 | Domain Loss 3.2090 | Lambda 0.1000 | Contrastive Loss 0.0928
[TRAINER2] /scratch/suyash.kumar.mec22.itbhu/EEG-AAD/eeg-aad-challenge2026-task1-baselines-master/trainer2.py:182: UserWarning: To copy construct from a tensor, it is recommended to use sourceTensor.clone().detach() or sourceTensor.clone().detach().requires_grad_(True), rather than torch.tensor(sourceTensor).
[TRAINER2]   subject_ids = torch.tensor(subject_ids).to(device).long()
[TRAINER2] TestSub: S[6, 7, 8, 9, 10] Epoch 95 Finsh | Now_lr 0.0100/0.0100 | Train Loss 0.0949 | Valid Loss 1.8647 | Train Acc 96.5838| Valid Acc 56.5388 | Domain Loss 3.2110 | Lambda 0.1000 | Contrastive Loss 0.0928
[TRAINER2] /scratch/suyash.kumar.mec22.itbhu/EEG-AAD/eeg-aad-challenge2026-task1-baselines-master/trainer2.py:182: UserWarning: To copy construct from a tensor, it is recommended to use sourceTensor.clone().detach() or sourceTensor.clone().detach().requires_grad_(True), rather than torch.tensor(sourceTensor).
[TRAINER2]   subject_ids = torch.tensor(subject_ids).to(device).long()
[TRAINER2] TestSub: S[6, 7, 8, 9, 10] Epoch 96 Finsh | Now_lr 0.0100/0.0100 | Train Loss 0.0949 | Valid Loss 1.6905 | Train Acc 96.5661| Valid Acc 56.3108 | Domain Loss 3.2095 | Lambda 0.1000 | Contrastive Loss 0.0931
[TRAINER2] /scratch/suyash.kumar.mec22.itbhu/EEG-AAD/eeg-aad-challenge2026-task1-baselines-master/trainer2.py:182: UserWarning: To copy construct from a tensor, it is recommended to use sourceTensor.clone().detach() or sourceTensor.clone().detach().requires_grad_(True), rather than torch.tensor(sourceTensor).
[TRAINER2]   subject_ids = torch.tensor(subject_ids).to(device).long()
[TRAINER2] TestSub: S[6, 7, 8, 9, 10] Epoch 97 Finsh | Now_lr 0.0100/0.0100 | Train Loss 0.0934 | Valid Loss 2.0569 | Train Acc 96.6196| Valid Acc 52.3559 | Domain Loss 3.2093 | Lambda 0.1000 | Contrastive Loss 0.0921
[TRAINER2] /scratch/suyash.kumar.mec22.itbhu/EEG-AAD/eeg-aad-challenge2026-task1-baselines-master/trainer2.py:182: UserWarning: To copy construct from a tensor, it is recommended to use sourceTensor.clone().detach() or sourceTensor.clone().detach().requires_grad_(True), rather than torch.tensor(sourceTensor).
[TRAINER2]   subject_ids = torch.tensor(subject_ids).to(device).long()
[TRAINER2] TestSub: S[6, 7, 8, 9, 10] Epoch 98 Finsh | Now_lr 0.0100/0.0100 | Train Loss 0.0932 | Valid Loss 1.7240 | Train Acc 96.6646| Valid Acc 55.9217 | Domain Loss 3.2107 | Lambda 0.1000 | Contrastive Loss 0.0914
[TRAINER2] /scratch/suyash.kumar.mec22.itbhu/EEG-AAD/eeg-aad-challenge2026-task1-baselines-master/trainer2.py:182: UserWarning: To copy construct from a tensor, it is recommended to use sourceTensor.clone().detach() or sourceTensor.clone().detach().requires_grad_(True), rather than torch.tensor(sourceTensor).
[TRAINER2]   subject_ids = torch.tensor(subject_ids).to(device).long()
[TRAINER2] TestSub: S[6, 7, 8, 9, 10] Epoch 99 Finsh | Now_lr 0.0100/0.0100 | Train Loss 0.0951 | Valid Loss 1.9381 | Train Acc 96.5589| Valid Acc 55.2803 | Domain Loss 3.2100 | Lambda 0.1000 | Contrastive Loss 0.0936
[TRAINER2] /scratch/suyash.kumar.mec22.itbhu/EEG-AAD/eeg-aad-challenge2026-task1-baselines-master/trainer2.py:182: UserWarning: To copy construct from a tensor, it is recommended to use sourceTensor.clone().detach() or sourceTensor.clone().detach().requires_grad_(True), rather than torch.tensor(sourceTensor).
[TRAINER2]   subject_ids = torch.tensor(subject_ids).to(device).long()
[TRAINER2] TestSub: S[6, 7, 8, 9, 10] Epoch 100 Finsh | Now_lr 0.0100/0.0100 | Train Loss 0.0933 | Valid Loss 1.6706 | Train Acc 96.6531| Valid Acc 55.3563 | Domain Loss 3.2113 | Lambda 0.1000 | Contrastive Loss 0.0926
[TRAINER2] --------------------------------------------------
[TRAINER2] Test_Subject :S[6, 7, 8, 9, 10] |Best epoch:78 | Test Loss:1.7334 | Best Acc 58.4053 | Savemodel Acc 58.4053
[TRAINER2] --------------------------------------------------
[TRAINER2] 
[TRAINER2] ========== Fold 3 ==========
[TRAINER2] Train IDs: [1, 2, 3, 4, 5, 6, 7, 8, 9, 10, 16, 17, 18, 19, 20, 21, 22, 23, 24, 25, 26, 27, 28, 29, 30]
[TRAINER2] Val IDs:   [11, 12, 13, 14, 15]
[TRAINER2] train_data_shape(164500, 32, 128),val_data_shape(32900, 32, 128)
[TRAINER2] =================================================================
[TRAINER2] Layer (type:depth-idx)                   Param #
[TRAINER2] ==================================oss 3.1271 | Lambda 0.0848 | Contrastive Loss 0.0242
[TRAINER1] /scratch/suyash.kumar.mec22.itbhu/EEG-AAD/eeg-aad-challenge2026-task1-baselines-master/trainer1.py:182: UserWarning: To copy construct from a tensor, it is recommended to use sourceTensor.clone().detach() or sourceTensor.clone().detach().requires_grad_(True), rather than torch.tensor(sourceTensor).
[TRAINER1]   subject_ids = torch.tensor(subject_ids).to(device).long()
[TRAINER1] TestSub: S[21, 22, 23, 24, 25] Epoch 26 Finsh | Now_lr 0.0005/0.0005 | Train Loss 0.0264 | Valid Loss 3.7474 | Train Acc 99.1081| Valid Acc 46.1728 | Domain Loss 3.1389 | Lambda 0.0862 | Contrastive Loss 0.0236
[TRAINER1] /scratch/suyash.kumar.mec22.itbhu/EEG-AAD/eeg-aad-challenge2026-task1-baselines-master/trainer1.py:182: UserWarning: To copy construct from a tensor, it is recommended to use sourceTensor.clone().detach() or sourceTensor.clone().detach().requires_grad_(True), rather than torch.tensor(sourceTensor).
[TRAINER1]   subject_ids = torch.tensor(subject_ids).to(device).long()
[TRAINER1] TestSub: S[21, 22, 23, 24, 25] Epoch 27 Finsh | Now_lr 0.0005/0.0005 | Train Loss 0.0261 | Valid Loss 3.5639 | Train Acc 99.1184| Valid Acc 46.6379 | Domain Loss 3.1437 | Lambda 0.0874 | Contrastive Loss 0.0229
[TRAINER1] /scratch/suyash.kumar.mec22.itbhu/EEG-AAD/eeg-aad-challenge2026-task1-baselines-master/trainer1.py:182: UserWarning: To copy construct from a tensor, it is recommended to use sourceTensor.clone().detach() or sourceTensor.clone().detach().requires_grad_(True), rather than torch.tensor(sourceTensor).
[TRAINER1]   subject_ids = torch.tensor(subject_ids).to(device).long()
[TRAINER1] TestSub: S[21, 22, 23, 24, 25] Epoch 28 Finsh | Now_lr 0.0005/0.0005 | Train Loss 0.0238 | Valid Loss 3.9418 | Train Acc 99.2005| Valid Acc 47.0696 | Domain Loss 3.1549 | Lambda 0.0885 | Contrastive Loss 0.0208
[TRAINER1] /scratch/suyash.kumar.mec22.itbhu/EEG-AAD/eeg-aad-challenge2026-task1-baselines-master/trainer1.py:182: UserWarning: To copy construct from a tensor, it is recommended to use sourceTensor.clone().detach() or sourceTensor.clone().detach().requires_grad_(True), rather than torch.tensor(sourceTensor).
[TRAINER1]   subject_ids = torch.tensor(subject_ids).to(device).long()
[TRAINER1] TestSub: S[21, 22, 23, 24, 25] Epoch 29 Finsh | Now_lr 0.0005/0.0005 | Train Loss 0.0224 | Valid Loss 3.7357 | Train Acc 99.2321| Valid Acc 47.8994 | Domain Loss 3.1529 | Lambda 0.0896 | Contrastive Loss 0.0196
[TRAINER1] /scratch/suyash.kumar.mec22.itbhu/EEG-AAD/eeg-aad-challenge2026-task1-baselines-master/trainer1.py:182: UserWarning: To copy construct from a tensor, it is recommended to use sourceTensor.clone().detach() or sourceTensor.clone().detach().requires_grad_(True), rather than torch.tensor(sourceTensor).
[TRAINER1]   subject_ids = torch.tensor(subject_ids).to(device).long()
[TRAINER1] TestSub: S[21, 22, 23, 24, 25] Epoch 30 Finsh | Now_lr 0.0005/0.0005 | Train Loss 0.0223 | Valid Loss 3.5544 | Train Acc 99.2321| Valid Acc 48.1700 | Domain Loss 3.1576 | Lambda 0.0905 | Contrastive Loss 0.0200
[TRAINER1] /scratch/suyash.kumar.mec22.itbhu/EEG-AAD/eeg-aad-challenge2026-task1-baselines-master/trainer1.py:182: UserWarning: To copy construct from a tensor, it is recommended to use sourceTensor.clone().detach() or sourceTensor.clone().detach().requires_grad_(True), rather than torch.tensor(sourceTensor).
[TRAINER1]   subject_ids = torch.tensor(subject_ids).to(device).long()
[TRAINER1] TestSub: S[21, 22, 23, 24, 25] Epoch 31 Finsh | Now_lr 0.0005/0.0005 | Train Loss 0.0217 | Valid Loss 4.0295 | Train Acc 99.2656| Valid Acc 47.3249 | Domain Loss 3.1573 | Lambda 0.0914 | Contrastive Loss 0.0193
[TRAINER1] /scratch/suyash.kumar.mec22.itbhu/EEG-AAD/eeg-aad-challenge2026-task1-baselines-master/trainer1.py:182: UserWarning: To copy construct from a tensor, it is recommended to use sourceTensor.clone().detach() or sourceTensor.clone().detach().requires_grad_(True), rather than torch.tensor(sourceTensor).
[TRAINER1]   subject_ids = torch.tensor(subject_ids).to(device).long()
[TRAINER1] TestSub: S[21, 22, 23, 24, 25] Epoch 32 Finsh | Now_lr 0.0005/0.0005 | Train Loss 0.0195 | Valid Loss 3.8251 | Train Acc 99.3586| Valid Acc 48.7141 | Domain Loss 3.1476 | Lambda 0.0922 | Contrastive Loss 0.0174
[TRAINER1] /scratch/suyash.kumar.mec22.itbhu/EEG-AAD/eeg-aad-challenge2026-task1-baselines-master/trainer1.py:182: UserWarning: To copy construct from a tensor, it is recommended to use sourceTensor.clone().detach() or sourceTensor.clone().detach().requires_grad_(True), rather than torch.tensor(sourceTensor).
[TRAINER1]   subject_ids = torch.tensor(subject_ids).to(device).long()
[TRAINER1] TestSub: S[21, 22, 23, 24, 25] Epoch 33 Finsh | Now_lr 0.0005/0.0005 | Train Loss 0.0202 | Valid Loss 3.8449 | Train Acc 99.3215| Valid Acc 49.2613 | Domain Loss 3.1653 | Lambda 0.0929 | Contrastive Loss 0.0180
[TRAINER1] /scratch/suyash.kumar.mec22.itbhu/EEG-AAD/eeg-aad-challenge2026-task1-baselines-master/trainer1.py:182: UserWarning: To copy construct from a tensor, it is recommended to use sourceTensor.clone().detach() or sourceTensor.clone().detach().requires_grad_(True), rather than torch.tensor(sourceTensor).
[TRAINER1]   subject_ids = torch.tensor(subject_ids).to(device).long()
[TRAINER1] TestSub: S[21, 22, 23, 24, 25] Epoch 34 Finsh | Now_lr 0.0005/0.0005 | Train Loss 0.0190 | Valid Loss 4.1606 | Train Acc 99.3659| Valid Acc 47.4769 | Domain Loss 3.1486 | Lambda 0.0935 | Contrastive Loss 0.0170
[TRAINER1] /scratch/suyash.kumar.mec22.itbhu/EEG-AAD/eeg-aad-challenge2026-task1-baselines-master/trainer1.py:182: UserWarning: To copy construct from a tensor, it is recommended to use sourceTensor.clone().detach() or sourceTensor.clone().detach().requires_grad_(True), rather than torch.tensor(sourceTensor).
[TRAINER1]   subject_ids = torch.tensor(subject_ids).to(device).long()
[TRAINER1] TestSub: S[21, 22, 23, 24, 25] Epoch 35 Finsh | Now_lr 0.0005/0.0005 | Train Loss 0.0194 | Valid Loss 3.5504 | Train Acc 99.3428| Valid Acc 48.3189 | Domain Loss 3.1616 | Lambda 0.0941 | Contrastive Loss 0.0171
[TRAINER1] Early stopping triggered after 35 epochs (30 epochs without improvement)
[TRAINER1] --------------------------------------------------
[TRAINER1] Test_Subject :S[21, 22, 23, 24, 25] |Best epoch:5 | Test Loss:2.5977 | Best Acc 51.5868 | Savemodel Acc 51.5868
[TRAINER1] --------------------------------------------------
[TRAINER1] 
[TRAINER1] ========== Fold 6 ==========
[TRAINER1] Train IDs: [1, 2, 3, 4, 5, 6, 7, 8, 9, 10, 11, 12, 13, 14, 15, 16, 17, 18, 19, 20, 21, 22, 23, 24, 25]
[TRAINER1] Val IDs:   [26, 27, 28, 29, 30]
[TRAINER1] train_data_shape(164500, 32, 128),val_data_shape(32900, 32, 128)
[TRAINER1] =================================================================
[TRAINER1] Layer (type:depth-idx)                   Param #
[TRAINER1] =================================================================
[TRAINER1] DARNet                                   --
[TRAINER1] ├─TokenEmbedding: 1-1                    --
[TRAINER1] │    └─Sequential: 2-1                   --
[TRAINER1] │    │    └─Conv2d: 3-1                  576
[TRAINER1] │    │    └─BatchNorm2d: 3-2             128
[TRAINER1] │    │    └─GELU: 3-3                    --
[TRAINER1] │    └─Sequential: 2-2                   --
[TRAINER1] │    │    └─Conv2d: 3-4                  32,784
[TRAINER1] │    │    └─BatchNorm2d: 3-5             32
[TRAINER1] │    │    └─GELU: 3-6                    --
[TRAINER1] │    └─PositionalEmbedding: 2-3          --
[TRAINER1] ├─Flatten: 1-2                           --
[TRAINER1] ├─Linear: 1-3                            18
[TRAINER1] ├─AttnRefine: 1-4                        --
[TRAINER1] │    └─MyAttention: 2-4                  --
[TRAINER1] │    │    └─Attention: 3-7               800
[TRAINER1] │    └─Refine: 2-5                       --
[TRAINER1] │    │    └─Conv1d: 3-8                  784
[TRAINER1] │    │    └─BatchNorm1d: 3-9             32
[TRAINER1] │    │    └─ELU: 3-10                    --
[TRAINER1] │    │    └─MaxP===============================
[TRAINER2] DARNet                                   --
[TRAINER2] ├─TokenEmbedding: 1-1                    --
[TRAINER2] │    └─Sequential: 2-1                   --
[TRAINER2] │    │    └─Conv2d: 3-1                  576
[TRAINER2] │    │    └─BatchNorm2d: 3-2             128
[TRAINER2] │    │    └─GELU: 3-3                    --
[TRAINER2] │    └─Sequential: 2-2                   --
[TRAINER2] │    │    └─Conv2d: 3-4                  32,784
[TRAINER2] │    │    └─BatchNorm2d: 3-5             32
[TRAINER2] │    │    └─GELU: 3-6                    --
[TRAINER2] │    └─PositionalEmbedding: 2-3          --
[TRAINER2] ├─Flatten: 1-2                           --
[TRAINER2] ├─Linear: 1-3                            18
[TRAINER2] ├─AttnRefine: 1-4                        --
[TRAINER2] │    └─MyAttention: 2-4                  --
[TRAINER2] │    │    └─Attention: 3-7               800
[TRAINER2] │    └─Refine: 2-5                       --
[TRAINER2] │    │    └─Conv1d: 3-8                  784
[TRAINER2] │    │    └─BatchNorm1d: 3-9             32
[TRAINER2] │    │    └─ELU: 3-10                    --
[TRAINER2] │    │    └─MaxPool1d: 3-11              --
[TRAINER2] │    └─AdaptiveAvgPool1d: 2-6            --
[TRAINER2] │    └─Linear: 2-7                       68
[TRAINER2] │    └─Flatten: 2-8                      --
[TRAINER2] ├─AttnRefine: 1-5                        --
[TRAINER2] │    └─MyAttention: 2-9                  --
[TRAINER2] │    │    └─Attention: 3-12              800
[TRAINER2] │    └─Refine: 2-10                      --
[TRAINER2] │    │    └─Conv1d: 3-13                 784
[TRAINER2] │    │    └─BatchNorm1d: 3-14            32
[TRAINER2] │    │    └─ELU: 3-15                    --
[TRAINER2] │    │    └─MaxPool1d: 3-16              --
[TRAINER2] │    └─AdaptiveAvgPool1d: 2-11           --
[TRAINER2] │    └─Linear: 2-12                      68
[TRAINER2] │    └─Flatten: 2-13                     --
[TRAINER2] ├─GradientReversalLayer: 1-6             --
[TRAINER2] ├─SubjectDiscriminator: 1-7              --
[TRAINER2] │    └─Sequential: 2-14                  --
[TRAINER2] │    │    └─Linear: 3-17                 2,304
[TRAINER2] │    │    └─ReLU: 3-18                   --
[TRAINER2] │    │    └─Dropout: 3-19                --
[TRAINER2] │    │    └─Linear: 3-20                 32,896
[TRAINER2] │    │    └─ReLU: 3-21                   --
[TRAINER2] │    │    └─Dropout: 3-22                --
[TRAINER2] │    │    └─Linear: 3-23                 3,870
[TRAINER2] ├─ContrastiveHead: 1-8                   --
[TRAINER2] │    └─Sequential: 2-15                  --
[TRAINER2] │    │    └─Linear: 3-24                 576
[TRAINER2] │    │    └─ReLU: 3-25                   --
[TRAINER2] │    │    └─Linear: 3-26                 8,320
[TRAINER2] =================================================================
[TRAINER2] Total params: 84,872
[TRAINER2] Trainable params: 84,872
[TRAINER2] Non-trainable params: 0
[TRAINER2] =================================================================
[TRAINER2] /scratch/suyash.kumar.mec22.itbhu/EEG-AAD/eeg-aad-challenge2026-task1-baselines-master/trainer2.py:182: UserWarning: To copy construct from a tensor, it is recommended to use sourceTensor.clone().detach() or sourceTensor.clone().detach().requires_grad_(True), rather than torch.tensor(sourceTensor).
[TRAINER2]   subject_ids = torch.tensor(subject_ids).to(device).long()
[TRAINER2] TestSub: S[11, 12, 13, 14, 15] Epoch  1 Finsh | Now_lr 0.0100/0.0100 | Train Loss 0.5611 | Valid Loss 1.1292 | Train Acc 69.1111| Valid Acc 49.0911 | Domain Loss 3.1160 | Lambda 0.0050 | Contrastive Loss 0.5749
[TRAINER2] Validation acc increase (0.000000 --> 49.091075) in epoch (1).  Saving model ...
[TRAINER2] /scratch/suyash.kumar.mec22.itbhu/EEG-AAD/eeg-aad-challenge2026-task1-baselines-master/trainer2.py:182: UserWarning: To copy construct from a tensor, it is recommended to use sourceTensor.clone().detach() or sourceTensor.clone().detach().requires_grad_(True), rather than torch.tensor(sourceTensor).
[TRAINER2]   subject_ids = torch.tensor(subject_ids).to(device).long()
[TRAINER2] TestSub: S[11, 12, 13, 14, 15] Epoch  2 Finsh | Now_lr 0.0100/0.0100 | Train Loss 0.4041 | Valid Loss 1.2129 | Train Acc 81.2798| Valid Acc 51.8118 | Domain Loss 2.9936 | Lambda 0.0100 | Contrastive Loss 0.4108
[TRAINER2] Validation acc increase (49.091075 --> 51.811770) in epoch (2).  Saving model ...
[TRAINER2] /scratch/suyash.kumar.mec22.itbhu/EEG-AAD/eeg-aad-challenge2026-task1-baselines-master/trainer2.py:182: UserWarning: To copy construct from a tensor, it is recommended to use sourceTensor.clone().detach() or sourceTensor.clone().detach().requires_grad_(True), rather than torch.tensor(sourceTensor).
[TRAINER2]   subject_ids = torch.tensor(subject_ids).to(device).long()
[TRAINER2] TestSub: S[11, 12, 13, 14, 15] Epoch  3 Finsh | Now_lr 0.0100/0.0100 | Train Loss 0.3633 | Valid Loss 1.2623 | Train Acc 83.8217| Valid Acc 52.5170 | Domain Loss 2.9641 | Lambda 0.0149 | Contrastive Loss 0.3645
[TRAINER2] Validation acc increase (51.811770 --> 52.517023) in epoch (3).  Saving model ...
[TRAINER2] /scratch/suyash.kumar.mec22.itbhu/EEG-AAD/eeg-aad-challenge2026-task1-baselines-master/trainer2.py:182: UserWarning: To copy construct from a tensor, it is recommended to use sourceTensor.clone().detach() or sourceTensor.clone().detach().requires_grad_(True), rather than torch.tensor(sourceTensor).
[TRAINER2]   subject_ids = torch.tensor(subject_ids).to(device).long()
[TRAINER2] TestSub: S[11, 12, 13, 14, 15] Epoch  4 Finsh | Now_lr 0.0100/0.0100 | Train Loss 0.3426 | Valid Loss 1.3793 | Train Acc 85.0036| Valid Acc 49.5775 | Domain Loss 2.9543 | Lambda 0.0197 | Contrastive Loss 0.3431
[TRAINER2] /scratch/suyash.kumar.mec22.itbhu/EEG-AAD/eeg-aad-challenge2026-task1-baselines-master/trainer2.py:182: UserWarning: To copy construct from a tensor, it is recommended to use sourceTensor.clone().detach() or sourceTensor.clone().detach().requires_grad_(True), rather than torch.tensor(sourceTensor).
[TRAINER2]   subject_ids = torch.tensor(subject_ids).to(device).long()
[TRAINER2] TestSub: S[11, 12, 13, 14, 15] Epoch  5 Finsh | Now_lr 0.0100/0.0100 | Train Loss 0.3254 | Valid Loss 1.4015 | Train Acc 85.9351| Valid Acc 51.7692 | Domain Loss 3.0361 | Lambda 0.0245 | Contrastive Loss 0.3270
[TRAINER2] /scratch/suyash.kumar.mec22.itbhu/EEG-AAD/eeg-aad-challenge2026-task1-baselines-master/trainer2.py:182: UserWarning: To copy construct from a tensor, it is recommended to use sourceTensor.clone().detach() or sourceTensor.clone().detach().requires_grad_(True), rather than torch.tensor(sourceTensor).
[TRAINER2]   subject_ids = torch.tensor(subject_ids).to(device).long()
[TRAINER2] TestSub: S[11, 12, 13, 14, 15] Epoch  6 Finsh | Now_lr 0.0100/0.0100 | Train Loss 0.3050 | Valid Loss 1.3816 | Train Acc 86.9084| Valid Acc 53.3317 | Domain Loss 3.0264 | Lambda 0.0291 | Contrastive Loss 0.3049
[TRAINER2] Validation acc increase (52.517023 --> 53.331712) in epoch (6).  Saving model ...
[TRAINER2] /scratch/suyash.kumar.mec22.itbhu/EEG-AAD/eeg-aad-challenge2026-task1-baselines-master/trainer2.py:182: UserWarning: To copy construct from a tensor, it is recommended to use sourceTensor.clone().detach() or sourceTensor.clone().detach().requires_grad_(True), rather than torch.tensor(sourceTensor).
[TRAINER2]   subject_ids = torch.tensor(subject_ids).to(device).long()
[TRAINER2] TestSub: S[11, 12, 13, 14, 15] Epoch  7 Finsh | Now_lr 0.0100/0.0100 | Train Loss 0.2864 | Valid Loss 1.6639 | Train Acc 87.8605| Valid Acc 50.9180 | Domain Loss 3.0356 | Lambda 0.0336 | Contrastive Loss 0.2842
[TRAINER2] /scratch/suyash.kumar.mec22.itbhu/EEG-AAD/eeg-aad-challenge2026-task1-baselines-master/trainer2.py:182: UserWarning: To copy construct from a tensor, it is recommended to use sourceTensor.cool1d: 3-11              --
[TRAINER1] │    └─AdaptiveAvgPool1d: 2-6            --
[TRAINER1] │    └─Linear: 2-7                       68
[TRAINER1] │    └─Flatten: 2-8                      --
[TRAINER1] ├─AttnRefine: 1-5                        --
[TRAINER1] │    └─MyAttention: 2-9                  --
[TRAINER1] │    │    └─Attention: 3-12              800
[TRAINER1] │    └─Refine: 2-10                      --
[TRAINER1] │    │    └─Conv1d: 3-13                 784
[TRAINER1] │    │    └─BatchNorm1d: 3-14            32
[TRAINER1] │    │    └─ELU: 3-15                    --
[TRAINER1] │    │    └─MaxPool1d: 3-16              --
[TRAINER1] │    └─AdaptiveAvgPool1d: 2-11           --
[TRAINER1] │    └─Linear: 2-12                      68
[TRAINER1] │    └─Flatten: 2-13                     --
[TRAINER1] ├─GradientReversalLayer: 1-6             --
[TRAINER1] ├─SubjectDiscriminator: 1-7              --
[TRAINER1] │    └─Sequential: 2-14                  --
[TRAINER1] │    │    └─Linear: 3-17                 2,304
[TRAINER1] │    │    └─ReLU: 3-18                   --
[TRAINER1] │    │    └─Dropout: 3-19                --
[TRAINER1] │    │    └─Linear: 3-20                 32,896
[TRAINER1] │    │    └─ReLU: 3-21                   --
[TRAINER1] │    │    └─Dropout: 3-22                --
[TRAINER1] │    │    └─Linear: 3-23                 3,870
[TRAINER1] ├─ContrastiveHead: 1-8                   --
[TRAINER1] │    └─Sequential: 2-15                  --
[TRAINER1] │    │    └─Linear: 3-24                 576
[TRAINER1] │    │    └─ReLU: 3-25                   --
[TRAINER1] │    │    └─Linear: 3-26                 8,320
[TRAINER1] =================================================================
[TRAINER1] Total params: 84,872
[TRAINER1] Trainable params: 84,872
[TRAINER1] Non-trainable params: 0
[TRAINER1] =================================================================
[TRAINER1] /scratch/suyash.kumar.mec22.itbhu/EEG-AAD/eeg-aad-challenge2026-task1-baselines-master/trainer1.py:182: UserWarning: To copy construct from a tensor, it is recommended to use sourceTensor.clone().detach() or sourceTensor.clone().detach().requires_grad_(True), rather than torch.tensor(sourceTensor).
[TRAINER1]   subject_ids = torch.tensor(subject_ids).to(device).long()
[TRAINER1] TestSub: S[26, 27, 28, 29, 30] Epoch  1 Finsh | Now_lr 0.0005/0.0005 | Train Loss 0.4733 | Valid Loss 1.3620 | Train Acc 75.4475| Valid Acc 49.1458 | Domain Loss 3.0270 | Lambda 0.0050 | Contrastive Loss 0.4758
[TRAINER1] Validation acc increase (0.000000 --> 49.145793) in epoch (1).  Saving model ...
[TRAINER1] /scratch/suyash.kumar.mec22.itbhu/EEG-AAD/eeg-aad-challenge2026-task1-baselines-master/trainer1.py:182: UserWarning: To copy construct from a tensor, it is recommended to use sourceTensor.clone().detach() or sourceTensor.clone().detach().requires_grad_(True), rather than torch.tensor(sourceTensor).
[TRAINER1]   subject_ids = torch.tensor(subject_ids).to(device).long()
[TRAINER1] TestSub: S[26, 27, 28, 29, 30] Epoch  2 Finsh | Now_lr 0.0005/0.0005 | Train Loss 0.2838 | Valid Loss 2.1727 | Train Acc 87.7274| Valid Acc 47.5347 | Domain Loss 2.8499 | Lambda 0.0100 | Contrastive Loss 0.2805
[TRAINER1] /scratch/suyash.kumar.mec22.itbhu/EEG-AAD/eeg-aad-challenge2026-task1-baselines-master/trainer1.py:182: UserWarning: To copy construct from a tensor, it is recommended to use sourceTensor.clone().detach() or sourceTensor.clone().detach().requires_grad_(True), rather than torch.tensor(sourceTensor).
[TRAINER1]   subject_ids = torch.tensor(subject_ids).to(device).long()
[TRAINER1] TestSub: S[26, 27, 28, 29, 30] Epoch  3 Finsh | Now_lr 0.0005/0.0005 | Train Loss 0.1948 | Valid Loss 2.5181 | Train Acc 92.1048| Valid Acc 47.4313 | Domain Loss 2.9007 | Lambda 0.0149 | Contrastive Loss 0.1890
[TRAINER1] /scratch/suyash.kumar.mec22.itbhu/EEG-AAD/eeg-aad-challenge2026-task1-baselines-master/trainer1.py:182: UserWarning: To copy construct from a tensor, it is recommended to use sourceTensor.clone().detach() or sourceTensor.clone().detach().requires_grad_(True), rather than torch.tensor(sourceTensor).
[TRAINER1]   subject_ids = torch.tensor(subject_ids).to(device).long()
[TRAINER1] TestSub: S[26, 27, 28, 29, 30] Epoch  4 Finsh | Now_lr 0.0005/0.0005 | Train Loss 0.1441 | Valid Loss 2.6641 | Train Acc 94.4218| Valid Acc 45.9326 | Domain Loss 2.9520 | Lambda 0.0197 | Contrastive Loss 0.1365
[TRAINER1] /scratch/suyash.kumar.mec22.itbhu/EEG-AAD/eeg-aad-challenge2026-task1-baselines-master/trainer1.py:182: UserWarning: To copy construct from a tensor, it is recommended to use sourceTensor.clone().detach() or sourceTensor.clone().detach().requires_grad_(True), rather than torch.tensor(sourceTensor).
[TRAINER1]   subject_ids = torch.tensor(subject_ids).to(device).long()
[TRAINER1] TestSub: S[26, 27, 28, 29, 30] Epoch  5 Finsh | Now_lr 0.0005/0.0005 | Train Loss 0.1132 | Valid Loss 2.9172 | Train Acc 95.7575| Valid Acc 46.4707 | Domain Loss 2.9734 | Lambda 0.0245 | Contrastive Loss 0.1070
[TRAINER1] /scratch/suyash.kumar.mec22.itbhu/EEG-AAD/eeg-aad-challenge2026-task1-baselines-master/trainer1.py:182: UserWarning: To copy construct from a tensor, it is recommended to use sourceTensor.clone().detach() or sourceTensor.clone().detach().requires_grad_(True), rather than torch.tensor(sourceTensor).
[TRAINER1]   subject_ids = torch.tensor(subject_ids).to(device).long()
[TRAINER1] TestSub: S[26, 27, 28, 29, 30] Epoch  6 Finsh | Now_lr 0.0005/0.0005 | Train Loss 0.0950 | Valid Loss 2.9178 | Train Acc 96.4664| Valid Acc 45.8962 | Domain Loss 3.0195 | Lambda 0.0291 | Contrastive Loss 0.0886
[TRAINER1] /scratch/suyash.kumar.mec22.itbhu/EEG-AAD/eeg-aad-challenge2026-task1-baselines-master/trainer1.py:182: UserWarning: To copy construct from a tensor, it is recommended to use sourceTensor.clone().detach() or sourceTensor.clone().detach().requires_grad_(True), rather than torch.tensor(sourceTensor).
[TRAINER1]   subject_ids = torch.tensor(subject_ids).to(device).long()
[TRAINER1] TestSub: S[26, 27, 28, 29, 30] Epoch  7 Finsh | Now_lr 0.0005/0.0005 | Train Loss 0.0812 | Valid Loss 3.0064 | Train Acc 97.0021| Valid Acc 48.1730 | Domain Loss 3.0548 | Lambda 0.0336 | Contrastive Loss 0.0753
[TRAINER1] /scratch/suyash.kumar.mec22.itbhu/EEG-AAD/eeg-aad-challenge2026-task1-baselines-master/trainer1.py:182: UserWarning: To copy construct from a tensor, it is recommended to use sourceTensor.clone().detach() or sourceTensor.clone().detach().requires_grad_(True), rather than torch.tensor(sourceTensor).
[TRAINER1]   subject_ids = torch.tensor(subject_ids).to(device).long()
[TRAINER1] TestSub: S[26, 27, 28, 29, 30] Epoch  8 Finsh | Now_lr 0.0005/0.0005 | Train Loss 0.0699 | Valid Loss 3.1663 | Train Acc 97.4641| Valid Acc 47.9785 | Domain Loss 3.0510 | Lambda 0.0380 | Contrastive Loss 0.0642
[TRAINER1] /scratch/suyash.kumar.mec22.itbhu/EEG-AAD/eeg-aad-challenge2026-task1-baselines-master/trainer1.py:182: UserWarning: To copy construct from a tensor, it is recommended to use sourceTensor.clone().detach() or sourceTensor.clone().detach().requires_grad_(True), rather than torch.tensor(sourceTensor).
[TRAINER1]   subject_ids = torch.tensor(subject_ids).to(device).long()
[TRAINER1] TestSub: S[26, 27, 28, 29, 30] Epoch  9 Finsh | Now_lr 0.0005/0.0005 | Train Loss 0.0624 | Valid Loss 2.9426 | Train Acc 97.7639| Valid Acc 47.6259 | Domain Loss 3.0436 | Lambda 0.0422 | Contrastive Loss 0.0579
[TRAINER1] /scratch/suyash.kumar.mec22.itbhu/EEG-AAD/eeg-aad-challenge2026-task1-baselines-master/trainer1.py:182: UserWarning: To copy construct from a tensor, it is recommended to use sourceTensor.clone().detach() or sourceTensor.clone().detach().requires_grad_(True), rather than torch.tensor(sourceTensor).
[TRAINER1]   subject_ids = torch.tensor(subject_ids).to(device).long()
[TRAINER1] TestSub: S[26, 27, 28, 29, 30] Epoch 10 Finsh | Now_lr 0.0005/0.0005 | Train Loss 0.0564 | Valid Loss 3.2121 | Train Acc 97.9821| Valid Acc 47.1881 | Domain Loss 3.0859 | Lambda 0.0462 | Contrastive Loss 0.0518
[TRAINER1] /scratch/suyash.kumar.mec22.itbhu/EEG-AAD/eeg-aad-challenge2026-task1-baselines-master/trainer1.py:182: UserWarning: To copy construct from a tensor, it is recommended to use sourceTensor.clone().detach() or sourceTensor.clone().detach().requires_grad_(True), rather than torch.tensor(sourceTensor).
[TRAINER1]   subject_ids = torch.tensor(subject_ids).to(device).long()
[TRAINER1] TestSub: S[26, 27, 28, 29, 30] Epoch 11 Finsh | Now_lr 0.0005/0.0005 | Train Loss 0.0528 | Valid Loss 3.0883 | Train Acc 98.1335| Valid Acc 49.0303 | Domain Loss 3.0652 | Lambda 0.0501 | Contrastive Loss 0.0475
[TRAINER1] /scratch/suyash.kumar.mec22.itbhu/EEG-AAD/eeg-aad-challenge2026-task1-baselines-master/trainer1.py:182: UserWarning: To copy construct from a tensor, it is recommended to use sourceTensor.clone().detach() or sourceTensor.clone().detach().requires_grad_(True), rather than torch.tensor(sourceTensor).
[TRAINER1]   subject_ids = torch.tensor(subject_ids).to(device).long()
[TRAINER1] TestSub: S[26, 27, 28, 29, 30] Epoch 12 Finsh | Now_lr 0.0005/0.0005 | Train Loss 0.0468 | Valid Loss 3.3932 | Train Acc 98.3834| Valid Acc 47.0088 | Domain Loss 3.0780 | Lambda 0.0537 | Contrastive Loss 0.0422
[TRAINER1] /scratch/suyash.kumar.mec22.itbhu/EEG-AAD/eeg-aad-challenge2026-task1-baselines-master/trainer1.py:182: UserWarning: To copy construct from a tensor, it is recommended to use sourceTensor.clone().detach() or sourceTensor.clone().detach().requires_grad_(True), rather than torch.tensor(sourceTensor).
[TRAINER1]   subject_ids = torch.tensor(subject_ids).to(device).long()
[TRAINER1] TestSub: S[26, 27, 28, 29, 30] Epoch 13 Finsh | Now_lr 0.0005/0.0005 | Train Loss 0.0437 | Valid Loss 3.3160 | Train Acc 98.4454| Valid Acc 46.3643 | Domain Loss 3.0785 | Lambda 0.0572 | Contrastive Loss 0.0388
[TRAINER1] /scratch/suyash.kumar.mec22.itbhu/EEG-AAD/eeg-aad-challenge2026-task1-baselines-master/trainer1.py:182: UserWarning: To copy construct from a tensor, it is recommended to use sourceTensor.clone().detach() or sourceTensor.clone().detach().requires_grad_(True), rather than torch.tensor(sourceTensor).
[TRAINER1]   subject_ids = torch.tensor(subject_ids).to(device).long()
[TRAINER1] TestSub: S[26, 27, 28, 29, 30] Epoch 14 Finsh | Now_lr 0.0005/0.0005 | Train Loss 0.0395 | Valid Loss 3.5939 | Train Acc 98.6211| Valid Acc 48.7293 | Domain Loss 3.0887 | Lambda 0.0604 | Contrastive Loss 0.0359
[TRAINER1] /scratch/suyash.kumar.mec22.itbhu/EEG-AAD/eeg-aad-challenge2026-task1-baselines-master/trainer1.py:182: UserWarning: To copy construct from a tensor, it is recommended to use sourceTensor.clone().detach() or sourceTensor.clone().detach().requires_grad_(True), rather than torch.tensor(sourceTensor).
[TRAINER1]   subject_ids = torch.tensor(subject_ids).to(device).long()
[TRAINER1] TestSub: S[26, 27, 28, 29, 30] Epoch 15 Finsh | Now_lr 0.0005/0.0005 | Train Loss 0.0389 | Valid Loss 3.2910 | Train Acc 98.6618| Valid Acc 49.9848 | Domain Loss 3.0945 | Lambda 0.0635 | Contrastive Loss 0.0347
[TRAINER1] Validation acc increase (49.145793 --> 49.984801) in epoch (15).  Saving model ...
[TRAINER1] /scratch/suyash.kumar.mec22.itbhu/EEG-AAD/eeg-aad-challenge2026-task1-baselines-master/trainer1.py:182: UserWarning: To copy construct from a tensor, it is recommended to use sourceTensor.clone().detach() or sourceTensor.clone().detach().requires_grad_(True), rather than torch.tensor(sourceTensor).
[TRAINER1]   subject_ids = torch.tensor(subject_ids).to(device).long()
[TRAINER1] TestSub: S[26, 27, 28, 29, 30] Epoch 16 Finsh | Now_lr 0.0005/0.0005 | Train Loss 0.0353 | Valid Loss 3.3872 | Train Acc 98.7688| Valid Acc 48.5865 | Domain Loss 3.0945 | Lambda 0.0664 | Contrastive Loss 0.0315
[TRAINER1] /scratch/suyash.kumar.mec22.itbhu/EEG-AAD/eeg-aad-challenge2026-task1-baselines-master/trainer1.py:182: UserWarning: To copy construct from a tensor, it is recommended to use sourceTensor.clone().detach() or sourceTensor.clone().detach().requires_grad_(True), rather than torch.tensor(sourceTensor).
[TRAINER1]   subject_ids = torch.tensor(subject_ids).to(device).long()
[TRAINER1] TestSub: S[26, 27, 28, 29, 30] Epoch 17 Finsh | Now_lr 0.0005/0.0005 | Train Loss 0.0331 | Valid Loss 3.3644 | Train Acc 98.8284| Valid Acc 47.0483 | Domain Loss 3.0960 | Lambda 0.0691 | Contrastive Loss 0.0303
[TRAINER1] /scratch/suyash.kumar.mec22.itbhu/EEG-AAD/eeg-aad-challenge2026-task1-baselines-master/trainer1.py:182: UserWarning: To copy construct from a tensor, it is recommended to use sourceTensor.clone().detach() or sourceTensor.clone().detach().requires_grad_(True), rather than torch.tensor(sourceTensor).
[TRAINER1]   subject_ids = torch.tensor(subject_ids).to(device).long()
[TRAINER1] TestSub: S[26, 27, 28, 29, 30] Epoch 18 Finsh | Now_lr 0.0005/0.0005 | Train Loss 0.0314 | Valid Loss 3.6023 | Train Acc 98.9160| Valid Acc 48.8479 | Domain Loss 3.1167 | Lambda 0.0716 | Contrastive Loss 0.0281
[TRAINER1] /scratch/suyash.kumar.mec22.itbhu/EEG-AAD/eeg-aad-challenge2026-task1-baselines-master/trainer1.py:182: UserWarning: To copy construct from a tensor, it is recommended to use sourceTensor.clone().detach() or sourceTensor.clone().detach().requires_grad_(True), rather than torch.tensor(sourceTensor).
[TRAINER1]   subject_ids = torch.tensor(subject_ids).to(device).long()
[TRAINER1] TestSub: S[26, 27, 28, 29, 30] Epoch 19 Finsh | Now_lr 0.0005/0.0005 | Train Loss 0.0300 | Valid Loss 3.4111 | Train Acc 98.9829| Valid Acc 47.4769 | Domain Loss 3.1346 | Lambda 0.0740 | Contrastive Loss 0.0272
[TRAINER1] /scratch/suyash.kumar.mec22.itbhu/EEG-AAD/eeg-aad-challenge2026-task1-baselines-master/trainer1.py:182: UserWarning: To copy construct from a tensor, it is recommended to use sourceTensor.clone().detach() or sourceTensor.clone().detach().requires_grad_(True), rather than torch.tensor(sourceTensor).
[TRAINER1]   subject_ids = torch.tensor(subject_ids).to(device).long()
[TRAINER1] TestSub: S[26, 27, 28, 29, 30] Epoch 20 Finsh | Now_lr 0.0005/0.0005 | Train Loss 0.0289 | Valid Loss 3.5171 | Train Acc 99.0582| Valid Acc 46.9054 | Domain Loss 3.1349 | Lambda 0.0762 | Contrastive Loss 0.0254
[TRAINER1] /scratch/suyash.kumar.mec22.itbhu/EEG-AAD/eeg-aad-challenge2026-task1-baselines-master/trainer1.py:182: UserWarning: To copy construct from a tensor, it is recommended to use sourceTensor.clone().detach() or sourceTensor.clone().detach().requires_grad_(True), rather than torch.tensor(sourceTensor).
[TRAINER1]   subject_ids = torch.tensor(subject_ids).to(device).long()
[TRAINER1] TestSub: S[26, 27, 28, 29, 30] Epoch 21 Finsh | Now_lr 0.0005/0.0005 | Train Loss 0.0266 | Valid Loss 3.7105 | Train Acc 99.1014| Valid Acc 48.8904 | Domain Loss 3.1416 | Lambda 0.0782 | Contrastive Loss 0.0234
[TRAINER1] /scratch/suyash.kumar.mec22.itbhu/EEG-AAD/eeg-aad-challenge2026-task1-baselines-master/trainer1.py:182: UserWarning: To copy construct from a tensor, it is recommended to use sourceTensor.clone().detach() or sourceTensor.clone().detach().requires_grad_(True), rather than torch.tensor(sourceTensor).
[TRAINER1]   subject_ids = torch.tensor(subject_ids).to(device).long()
[TRAINER1] TestSub: S[26, 27, 28, 29, 30] Epoch 22 Finsh | Now_lr 0.0005/0.0005 | Train Loss 0.0264 | Valid Loss 3.6922 | Train Acc 99.1002| Valid Acc 48.7840 | Domain Loss 3.1446 | Lambda 0.0800 | Contrastive Loss 0.0234
[TRAINER1] /scratch/suyash.kumar.mec22.itbhu/EEG-AAD/eeg-aad-challenge2026-task1-baselines-master/trainer1.py:182: UserWarning: To copy construct from a tensor, it is recommended to use sourceTensor.clone().detach() or sourceTensor.clone().detach().requires_grad_(True), rather than torch.tensor(sourceTensor).
[TRAINER1]   subject_ids = torch.tensor(subject_ids).to(device).long()
[TRAINER1] TestSub: S[26, 27, 28, 29, 30] Epoch 23 Finsh | Now_lr 0.0005/0.0005 | Train Loss 0.0251 | Valid Loss 3.5547 | Train Acc 99.1652| Valid Acc 48.6564 | Domain Loss 3.1501 | Lambda 0.0818 | Contrastive Loss 0.0220
[TRAINER1] /scratch/suyash.kumar.mec22.itbhu/EEG-AAD/eeg-aad-challenge2026-task1-baselines-master/trainer1.py:182: UserWarning: To copy construct from a tensor, it is recommended to use sourceTensor.clone().detach(lone().detach() or sourceTensor.clone().detach().requires_grad_(True), rather than torch.tensor(sourceTensor).
[TRAINER2]   subject_ids = torch.tensor(subject_ids).to(device).long()
[TRAINER2] TestSub: S[11, 12, 13, 14, 15] Epoch  8 Finsh | Now_lr 0.0100/0.0100 | Train Loss 0.2676 | Valid Loss 1.6260 | Train Acc 88.8527| Valid Acc 49.1944 | Domain Loss 3.0537 | Lambda 0.0380 | Contrastive Loss 0.2670
[TRAINER2] /scratch/suyash.kumar.mec22.itbhu/EEG-AAD/eeg-aad-challenge2026-task1-baselines-master/trainer2.py:182: UserWarning: To copy construct from a tensor, it is recommended to use sourceTensor.clone().detach() or sourceTensor.clone().detach().requires_grad_(True), rather than torch.tensor(sourceTensor).
[TRAINER2]   subject_ids = torch.tensor(subject_ids).to(device).long()
[TRAINER2] TestSub: S[11, 12, 13, 14, 15] Epoch  9 Finsh | Now_lr 0.0100/0.0100 | Train Loss 0.2493 | Valid Loss 1.5921 | Train Acc 89.7252| Valid Acc 48.6290 | Domain Loss 3.0756 | Lambda 0.0422 | Contrastive Loss 0.2492
[TRAINER2] /scratch/suyash.kumar.mec22.itbhu/EEG-AAD/eeg-aad-challenge2026-task1-baselines-master/trainer2.py:182: UserWarning: To copy construct from a tensor, it is recommended to use sourceTensor.clone().detach() or sourceTensor.clone().detach().requires_grad_(True), rather than torch.tensor(sourceTensor).
[TRAINER2]   subject_ids = torch.tensor(subject_ids).to(device).long()
[TRAINER2] TestSub: S[11, 12, 13, 14, 15] Epoch 10 Finsh | Now_lr 0.0100/0.0100 | Train Loss 0.2221 | Valid Loss 1.8205 | Train Acc 91.0135| Valid Acc 49.8693 | Domain Loss 3.0919 | Lambda 0.0462 | Contrastive Loss 0.2185
[TRAINER2] /scratch/suyash.kumar.mec22.itbhu/EEG-AAD/eeg-aad-challenge2026-task1-baselines-master/trainer2.py:182: UserWarning: To copy construct from a tensor, it is recommended to use sourceTensor.clone().detach() or sourceTensor.clone().detach().requires_grad_(True), rather than torch.tensor(sourceTensor).
[TRAINER2]   subject_ids = torch.tensor(subject_ids).to(device).long()
[TRAINER2] TestSub: S[11, 12, 13, 14, 15] Epoch 11 Finsh | Now_lr 0.0100/0.0100 | Train Loss 0.2042 | Valid Loss 1.9336 | Train Acc 91.7504| Valid Acc 51.8330 | Domain Loss 3.1042 | Lambda 0.0501 | Contrastive Loss 0.1997
[TRAINER2] /scratch/suyash.kumar.mec22.itbhu/EEG-AAD/eeg-aad-challenge2026-task1-baselines-master/trainer2.py:182: UserWarning: To copy construct from a tensor, it is recommended to use sourceTensor.clone().detach() or sourceTensor.clone().detach().requires_grad_(True), rather than torch.tensor(sourceTensor).
[TRAINER2]   subject_ids = torch.tensor(subject_ids).to(device).long()
[TRAINER2] TestSub: S[11, 12, 13, 14, 15] Epoch 12 Finsh | Now_lr 0.0100/0.0100 | Train Loss 0.1881 | Valid Loss 1.8281 | Train Acc 92.4957| Valid Acc 50.1155 | Domain Loss 3.1296 | Lambda 0.0537 | Contrastive Loss 0.1834
[TRAINER2] /scratch/suyash.kumar.mec22.itbhu/EEG-AAD/eeg-aad-challenge2026-task1-baselines-master/trainer2.py:182: UserWarning: To copy construct from a tensor, it is recommended to use sourceTensor.clone().detach() or sourceTensor.clone().detach().requires_grad_(True), rather than torch.tensor(sourceTensor).
[TRAINER2]   subject_ids = torch.tensor(subject_ids).to(device).long()
[TRAINER2] TestSub: S[11, 12, 13, 14, 15] Epoch 13 Finsh | Now_lr 0.0100/0.0100 | Train Loss 0.1738 | Valid Loss 2.0614 | Train Acc 93.2448| Valid Acc 51.3284 | Domain Loss 3.1190 | Lambda 0.0572 | Contrastive Loss 0.1684
[TRAINER2] /scratch/suyash.kumar.mec22.itbhu/EEG-AAD/eeg-aad-challenge2026-task1-baselines-master/trainer2.py:182: UserWarning: To copy construct from a tensor, it is recommended to use sourceTensor.clone().detach() or sourceTensor.clone().detach().requires_grad_(True), rather than torch.tensor(sourceTensor).
[TRAINER2]   subject_ids = torch.tensor(subject_ids).to(device).long()
[TRAINER2] TestSub: S[11, 12, 13, 14, 15] Epoch 14 Finsh | Now_lr 0.0100/0.0100 | Train Loss 0.1673 | Valid Loss 2.0662 | Train Acc 93.5135| Valid Acc 51.9394 | Domain Loss 3.1407 | Lambda 0.0604 | Contrastive Loss 0.1599
[TRAINER2] /scratch/suyash.kumar.mec22.itbhu/EEG-AAD/eeg-aad-challenge2026-task1-baselines-master/trainer2.py:182: UserWarning: To copy construct from a tensor, it is recommended to use sourceTensor.clone().detach() or sourceTensor.clone().detach().requires_grad_(True), rather than torch.tensor(sourceTensor).
[TRAINER2]   subject_ids = torch.tensor(subject_ids).to(device).long()
[TRAINER2] TestSub: S[11, 12, 13, 14, 15] Epoch 15 Finsh | Now_lr 0.0100/0.0100 | Train Loss 0.1562 | Valid Loss 1.9273 | Train Acc 93.8983| Valid Acc 53.4351 | Domain Loss 3.1354 | Lambda 0.0635 | Contrastive Loss 0.1505
[TRAINER2] Validation acc increase (53.331712 --> 53.435068) in epoch (15).  Saving model ...
[TRAINER2] /scratch/suyash.kumar.mec22.itbhu/EEG-AAD/eeg-aad-challenge2026-task1-baselines-master/trainer2.py:182: UserWarning: To copy construct from a tensor, it is recommended to use sourceTensor.clone().detach() or sourceTensor.clone().detach().requires_grad_(True), rather than torch.tensor(sourceTensor).
[TRAINER2]   subject_ids = torch.tensor(subject_ids).to(device).long()
[TRAINER2] TestSub: S[11, 12, 13, 14, 15] Epoch 16 Finsh | Now_lr 0.0100/0.0100 | Train Loss 0.1518 | Valid Loss 1.9859 | Train Acc 94.1555| Valid Acc 49.6139 | Domain Loss 3.1535 | Lambda 0.0664 | Contrastive Loss 0.1450
[TRAINER2] /scratch/suyash.kumar.mec22.itbhu/EEG-AAD/eeg-aad-challenge2026-task1-baselines-master/trainer2.py:182: UserWarning: To copy construct from a tensor, it is recommended to use sourceTensor.clone().detach() or sourceTensor.clone().detach().requires_grad_(True), rather than torch.tensor(sourceTensor).
[TRAINER2]   subject_ids = torch.tensor(subject_ids).to(device).long()
[TRAINER2] TestSub: S[11, 12, 13, 14, 15] Epoch 17 Finsh | Now_lr 0.0100/0.0100 | Train Loss 0.1451 | Valid Loss 1.9286 | Train Acc 94.4486| Valid Acc 52.3286 | Domain Loss 3.1474 | Lambda 0.0691 | Contrastive Loss 0.1393
[TRAINER2] /scratch/suyash.kumar.mec22.itbhu/EEG-AAD/eeg-aad-challenge2026-task1-baselines-master/trainer2.py:182: UserWarning: To copy construct from a tensor, it is recommended to use sourceTensor.clone().detach() or sourceTensor.clone().detach().requires_grad_(True), rather than torch.tensor(sourceTensor).
[TRAINER2]   subject_ids = torch.tensor(subject_ids).to(device).long()
[TRAINER2] TestSub: S[11, 12, 13, 14, 15] Epoch 18 Finsh | Now_lr 0.0100/0.0100 | Train Loss 0.1393 | Valid Loss 1.9677 | Train Acc 94.7453| Valid Acc 50.9059 | Domain Loss 3.1568 | Lambda 0.0716 | Contrastive Loss 0.1343
[TRAINER2] /scratch/suyash.kumar.mec22.itbhu/EEG-AAD/eeg-aad-challenge2026-task1-baselines-master/trainer2.py:182: UserWarning: To copy construct from a tensor, it is recommended to use sourceTensor.clone().detach() or sourceTensor.clone().detach().requires_grad_(True), rather than torch.tensor(sourceTensor).
[TRAINER2]   subject_ids = torch.tensor(subject_ids).to(device).long()
[TRAINER2] TestSub: S[11, 12, 13, 14, 15] Epoch 19 Finsh | Now_lr 0.0100/0.0100 | Train Loss 0.1358 | Valid Loss 1.8276 | Train Acc 94.8748| Valid Acc 50.5198 | Domain Loss 3.1675 | Lambda 0.0740 | Contrastive Loss 0.1300
[TRAINER2] /scratch/suyash.kumar.mec22.itbhu/EEG-AAD/eeg-aad-challenge2026-task1-baselines-master/trainer2.py:182: UserWarning: To copy construct from a tensor, it is recommended to use sourceTensor.clone().detach() or sourceTensor.clone().detach().requires_grad_(True), rather than torch.tensor(sourceTensor).
[TRAINER2]   subject_ids = torch.tensor(subject_ids).to(device).long()
[TRAINER2] TestSub: S[11, 12, 13, 14, 15] Epoch 20 Finsh | Now_lr 0.0100/0.0100 | Train Loss 0.1321 | Valid Loss 2.4076 | Train Acc 94.9909| Valid Acc 48.0058 | Domain Loss 3.1705 | Lambda 0.0762 | Contrastive Loss 0.1275
[TRAINER2] /scratch/suyash.kumar.mec22.itbhu/EEG-AAD/eeg-aad-challenge2026-task1-baselines-master/trainer2.py:182: UserWarning: To copy construct from a tensor, it is recommended to use sourceTensor.clone().detach() or sourceTensor.clone().detach().requires_grad_(True), rather than torch.tensor(sourceTensor).
[TRAINER2]   subject_ids = torch.tensor(subject_ids).to(device).long()
[TRAINER2] TestSub: S[11, 12, 13, 14, 15] Epoch 21 Finsh | Now_l) or sourceTensor.clone().detach().requires_grad_(True), rather than torch.tensor(sourceTensor).
[TRAINER1]   subject_ids = torch.tensor(subject_ids).to(device).long()
[TRAINER1] TestSub: S[26, 27, 28, 29, 30] Epoch 24 Finsh | Now_lr 0.0005/0.0005 | Train Loss 0.0242 | Valid Loss 3.6606 | Train Acc 99.1871| Valid Acc 48.1730 | Domain Loss 3.1370 | Lambda 0.0834 | Contrastive Loss 0.0211
[TRAINER1] /scratch/suyash.kumar.mec22.itbhu/EEG-AAD/eeg-aad-challenge2026-task1-baselines-master/trainer1.py:182: UserWarning: To copy construct from a tensor, it is recommended to use sourceTensor.clone().detach() or sourceTensor.clone().detach().requires_grad_(True), rather than torch.tensor(sourceTensor).
[TRAINER1]   subject_ids = torch.tensor(subject_ids).to(device).long()
[TRAINER1] TestSub: S[26, 27, 28, 29, 30] Epoch 25 Finsh | Now_lr 0.0005/0.0005 | Train Loss 0.0238 | Valid Loss 3.2910 | Train Acc 99.1829| Valid Acc 49.3829 | Domain Loss 3.1365 | Lambda 0.0848 | Contrastive Loss 0.0212
[TRAINER1] /scratch/suyash.kumar.mec22.itbhu/EEG-AAD/eeg-aad-challenge2026-task1-baselines-master/trainer1.py:182: UserWarning: To copy construct from a tensor, it is recommended to use sourceTensor.clone().detach() or sourceTensor.clone().detach().requires_grad_(True), rather than torch.tensor(sourceTensor).
[TRAINER1]   subject_ids = torch.tensor(subject_ids).to(device).long()
[TRAINER1] TestSub: S[26, 27, 28, 29, 30] Epoch 26 Finsh | Now_lr 0.0005/0.0005 | Train Loss 0.0217 | Valid Loss 3.9533 | Train Acc 99.2656| Valid Acc 50.4469 | Domain Loss 3.1530 | Lambda 0.0862 | Contrastive Loss 0.0189
[TRAINER1] Validation acc increase (49.984801 --> 50.446863) in epoch (26).  Saving model ...
[TRAINER1] /scratch/suyash.kumar.mec22.itbhu/EEG-AAD/eeg-aad-challenge2026-task1-baselines-master/trainer1.py:182: UserWarning: To copy construct from a tensor, it is recommended to use sourceTensor.clone().detach() or sourceTensor.clone().detach().requires_grad_(True), rather than torch.tensor(sourceTensor).
[TRAINER1]   subject_ids = torch.tensor(subject_ids).to(device).long()
[TRAINER1] TestSub: S[26, 27, 28, 29, 30] Epoch 27 Finsh | Now_lr 0.0005/0.0005 | Train Loss 0.0220 | Valid Loss 3.6571 | Train Acc 99.2485| Valid Acc 51.1582 | Domain Loss 3.1580 | Lambda 0.0874 | Contrastive Loss 0.0196
[TRAINER1] Validation acc increase (50.446863 --> 51.158196) in epoch (27).  Saving model ...
[TRAINER1] /scratch/suyash.kumar.mec22.itbhu/EEG-AAD/eeg-aad-challenge2026-task1-baselines-master/trainer1.py:182: UserWarning: To copy construct from a tensor, it is recommended to use sourceTensor.clone().detach() or sourceTensor.clone().detach().requires_grad_(True), rather than torch.tensor(sourceTensor).
[TRAINER1]   subject_ids = torch.tensor(subject_ids).to(device).long()
[TRAINER1] TestSub: S[26, 27, 28, 29, 30] Epoch 28 Finsh | Now_lr 0.0005/0.0005 | Train Loss 0.0214 | Valid Loss 3.6325 | Train Acc 99.2899| Valid Acc 49.1823 | Domain Loss 3.1641 | Lambda 0.0885 | Contrastive Loss 0.0186
[TRAINER1] /scratch/suyash.kumar.mec22.itbhu/EEG-AAD/eeg-aad-challenge2026-task1-baselines-master/trainer1.py:182: UserWarning: To copy construct from a tensor, it is recommended to use sourceTensor.clone().detach() or sourceTensor.clone().detach().requires_grad_(True), rather than torch.tensor(sourceTensor).
[TRAINER1]   subject_ids = torch.tensor(subject_ids).to(device).long()
[TRAINER1] TestSub: S[26, 27, 28, 29, 30] Epoch 29 Finsh | Now_lr 0.0005/0.0005 | Train Loss 0.0196 | Valid Loss 3.7833 | Train Acc 99.3312| Valid Acc 48.3706 | Domain Loss 3.1789 | Lambda 0.0896 | Contrastive Loss 0.0172
[TRAINER1] /scratch/suyash.kumar.mec22.itbhu/EEG-AAD/eeg-aad-challenge2026-task1-baselines-master/trainer1.py:182: UserWarning: To copy construct from a tensor, it is recommended to use sourceTensor.clone().detach() or sourceTensor.clone().detach().requires_grad_(True), rather than torch.tensor(sourceTensor).
[TRAINER1]   subject_ids = torch.tensor(subject_ids).to(device).long()
[TRAINER1] TestSub: S[26, 27, 28, 29, 30] Epoch 30 Finsh | Now_lr 0.0005/0.0005 | Train Loss 0.0197 | Valid Loss 3.7430 | Train Acc 99.3318| Valid Acc 50.4013 | Domain Loss 3.1777 | Lambda 0.0905 | Contrastive Loss 0.0169
[TRAINER1] /scratch/suyash.kumar.mec22.itbhu/EEG-AAD/eeg-aad-challenge2026-task1-baselines-master/trainer1.py:182: UserWarning: To copy construct from a tensor, it is recommended to use sourceTensor.clone().detach() or sourceTensor.clone().detach().requires_grad_(True), rather than torch.tensor(sourceTensor).
[TRAINER1]   subject_ids = torch.tensor(subject_ids).to(device).long()
[TRAINER1] TestSub: S[26, 27, 28, 29, 30] Epoch 31 Finsh | Now_lr 0.0005/0.0005 | Train Loss 0.0178 | Valid Loss 3.9109 | Train Acc 99.3884| Valid Acc 50.0152 | Domain Loss 3.1750 | Lambda 0.0914 | Contrastive Loss 0.0156
[TRAINER1] /scratch/suyash.kumar.mec22.itbhu/EEG-AAD/eeg-aad-challenge2026-task1-baselines-master/trainer1.py:182: UserWarning: To copy construct from a tensor, it is recommended to use sourceTensor.clone().detach() or sourceTensor.clone().detach().requires_grad_(True), rather than torch.tensor(sourceTensor).
[TRAINER1]   subject_ids = torch.tensor(subject_ids).to(device).long()
[TRAINER1] TestSub: S[26, 27, 28, 29, 30] Epoch 32 Finsh | Now_lr 0.0005/0.0005 | Train Loss 0.0179 | Valid Loss 3.8606 | Train Acc 99.4024| Valid Acc 49.2036 | Domain Loss 3.1697 | Lambda 0.0922 | Contrastive Loss 0.0153
[TRAINER1] /scratch/suyash.kumar.mec22.itbhu/EEG-AAD/eeg-aad-challenge2026-task1-baselines-master/trainer1.py:182: UserWarning: To copy construct from a tensor, it is recommended to use sourceTensor.clone().detach() or sourceTensor.clone().detach().requires_grad_(True), rather than torch.tensor(sourceTensor).
[TRAINER1]   subject_ids = torch.tensor(subject_ids).to(device).long()
[TRAINER1] TestSub: S[26, 27, 28, 29, 30] Epoch 33 Finsh | Now_lr 0.0005/0.0005 | Train Loss 0.0178 | Valid Loss 3.7796 | Train Acc 99.3908| Valid Acc 50.7691 | Domain Loss 3.1744 | Lambda 0.0929 | Contrastive Loss 0.0152
[TRAINER1] /scratch/suyash.kumar.mec22.itbhu/EEG-AAD/eeg-aad-challenge2026-task1-baselines-master/trainer1.py:182: UserWarning: To copy construct from a tensor, it is recommended to use sourceTensor.clone().detach() or sourceTensor.clone().detach().requires_grad_(True), rather than torch.tensor(sourceTensor).
[TRAINER1]   subject_ids = torch.tensor(subject_ids).to(device).long()
[TRAINER1] TestSub: S[26, 27, 28, 29, 30] Epoch 34 Finsh | Now_lr 0.0005/0.0005 | Train Loss 0.0171 | Valid Loss 3.8487 | Train Acc 99.4461| Valid Acc 50.0730 | Domain Loss 3.1675 | Lambda 0.0935 | Contrastive Loss 0.0147
[TRAINER1] /scratch/suyash.kumar.mec22.itbhu/EEG-AAD/eeg-aad-challenge2026-task1-baselines-master/trainer1.py:182: UserWarning: To copy construct from a tensor, it is recommended to use sourceTensor.clone().detach() or sourceTensor.clone().detach().requires_grad_(True), rather than torch.tensor(sourceTensor).
[TRAINER1]   subject_ids = torch.tensor(subject_ids).to(device).long()
[TRAINER1] TestSub: S[26, 27, 28, 29, 30] Epoch 35 Finsh | Now_lr 0.0005/0.0005 | Train Loss 0.0166 | Valid Loss 3.7895 | Train Acc 99.4467| Valid Acc 49.7872 | Domain Loss 3.1529 | Lambda 0.0941 | Contrastive Loss 0.0143
[TRAINER1] /scratch/suyash.kumar.mec22.itbhu/EEG-AAD/eeg-aad-challenge2026-task1-baselines-master/trainer1.py:182: UserWarning: To copy construct from a tensor, it is recommended to use sourceTensor.clone().detach() or sourceTensor.clone().detach().requires_grad_(True), rather than torch.tensor(sourceTensor).
[TRAINER1]   subject_ids = torch.tensor(subject_ids).to(device).long()
[TRAINER1] TestSub: S[26, 27, 28, 29, 30] Epoch 36 Finsh | Now_lr 0.0005/0.0005 | Train Loss 0.0175 | Valid Loss 3.7598 | Train Acc 99.4072| Valid Acc 48.6321 | Domain Loss 3.1591 | Lambda 0.0947 | Contrastive Loss 0.0148
[TRAINER1] /scratch/suyash.kumar.mec22.itbhu/EEG-AAD/eeg-aad-challenge2026-task1-baselines-master/trainer1.py:182: UserWarning: To copy construct from a tensor, it is recommended to use sourceTensor.clone().detach() or sourceTensor.clone().detach().requires_grad_(True), rather than torch.tensor(sourceTensor).
[TRAINER1]   subject_ids = torch.tensor(subject_ids).tor 0.0100/0.0100 | Train Loss 0.1286 | Valid Loss 1.9309 | Train Acc 95.1739| Valid Acc 50.5958 | Domain Loss 3.1771 | Lambda 0.0782 | Contrastive Loss 0.1231
[TRAINER2] /scratch/suyash.kumar.mec22.itbhu/EEG-AAD/eeg-aad-challenge2026-task1-baselines-master/trainer2.py:182: UserWarning: To copy construct from a tensor, it is recommended to use sourceTensor.clone().detach() or sourceTensor.clone().detach().requires_grad_(True), rather than torch.tensor(sourceTensor).
[TRAINER2]   subject_ids = torch.tensor(subject_ids).to(device).long()
[TRAINER2] TestSub: S[11, 12, 13, 14, 15] Epoch 22 Finsh | Now_lr 0.0100/0.0100 | Train Loss 0.1274 | Valid Loss 2.0878 | Train Acc 95.2353| Valid Acc 47.2915 | Domain Loss 3.1809 | Lambda 0.0800 | Contrastive Loss 0.1223
[TRAINER2] /scratch/suyash.kumar.mec22.itbhu/EEG-AAD/eeg-aad-challenge2026-task1-baselines-master/trainer2.py:182: UserWarning: To copy construct from a tensor, it is recommended to use sourceTensor.clone().detach() or sourceTensor.clone().detach().requires_grad_(True), rather than torch.tensor(sourceTensor).
[TRAINER2]   subject_ids = torch.tensor(subject_ids).to(device).long()
[TRAINER2] TestSub: S[11, 12, 13, 14, 15] Epoch 23 Finsh | Now_lr 0.0100/0.0100 | Train Loss 0.1230 | Valid Loss 1.8257 | Train Acc 95.4073| Valid Acc 49.6261 | Domain Loss 3.1787 | Lambda 0.0818 | Contrastive Loss 0.1193
[TRAINER2] /scratch/suyash.kumar.mec22.itbhu/EEG-AAD/eeg-aad-challenge2026-task1-baselines-master/trainer2.py:182: UserWarning: To copy construct from a tensor, it is recommended to use sourceTensor.clone().detach() or sourceTensor.clone().detach().requires_grad_(True), rather than torch.tensor(sourceTensor).
[TRAINER2]   subject_ids = torch.tensor(subject_ids).to(device).long()
[TRAINER2] TestSub: S[11, 12, 13, 14, 15] Epoch 24 Finsh | Now_lr 0.0100/0.0100 | Train Loss 0.1222 | Valid Loss 1.9148 | Train Acc 95.4165| Valid Acc 48.0545 | Domain Loss 3.1873 | Lambda 0.0834 | Contrastive Loss 0.1192
[TRAINER2] /scratch/suyash.kumar.mec22.itbhu/EEG-AAD/eeg-aad-challenge2026-task1-baselines-master/trainer2.py:182: UserWarning: To copy construct from a tensor, it is recommended to use sourceTensor.clone().detach() or sourceTensor.clone().detach().requires_grad_(True), rather than torch.tensor(sourceTensor).
[TRAINER2]   subject_ids = torch.tensor(subject_ids).to(device).long()
[TRAINER2] TestSub: S[11, 12, 13, 14, 15] Epoch 25 Finsh | Now_lr 0.0100/0.0100 | Train Loss 0.1168 | Valid Loss 1.9298 | Train Acc 95.7046| Valid Acc 50.7569 | Domain Loss 3.1900 | Lambda 0.0848 | Contrastive Loss 0.1141
[TRAINER2] /scratch/suyash.kumar.mec22.itbhu/EEG-AAD/eeg-aad-challenge2026-task1-baselines-master/trainer2.py:182: UserWarning: To copy construct from a tensor, it is recommended to use sourceTensor.clone().detach() or sourceTensor.clone().detach().requires_grad_(True), rather than torch.tensor(sourceTensor).
[TRAINER2]   subject_ids = torch.tensor(subject_ids).to(device).long()
[TRAINER2] TestSub: S[11, 12, 13, 14, 15] Epoch 26 Finsh | Now_lr 0.0100/0.0100 | Train Loss 0.1183 | Valid Loss 1.8401 | Train Acc 95.6688| Valid Acc 49.0728 | Domain Loss 3.1982 | Lambda 0.0862 | Contrastive Loss 0.1149
[TRAINER2] /scratch/suyash.kumar.mec22.itbhu/EEG-AAD/eeg-aad-challenge2026-task1-baselines-master/trainer2.py:182: UserWarning: To copy construct from a tensor, it is recommended to use sourceTensor.clone().detach() or sourceTensor.clone().detach().requires_grad_(True), rather than torch.tensor(sourceTensor).
[TRAINER2]   subject_ids = torch.tensor(subject_ids).to(device).long()
[TRAINER2] TestSub: S[11, 12, 13, 14, 15] Epoch 27 Finsh | Now_lr 0.0100/0.0100 | Train Loss 0.1137 | Valid Loss 1.8273 | Train Acc 95.7709| Valid Acc 50.9028 | Domain Loss 3.1963 | Lambda 0.0874 | Contrastive Loss 0.1120
[TRAINER2] /scratch/suyash.kumar.mec22.itbhu/EEG-AAD/eeg-aad-challenge2026-task1-baselines-master/trainer2.py:182: UserWarning: To copy construct from a tensor, it is recommended to use sourceTensor.clone().detach() or sourceTensor.clone().detach().requires_grad_(True), rather than torch.tensor(sourceTensor).
[TRAINER2]   subject_ids = torch.tensor(subject_ids).to(device).long()
[TRAINER2] TestSub: S[11, 12, 13, 14, 15] Epoch 28 Finsh | Now_lr 0.0100/0.0100 | Train Loss 0.1162 | Valid Loss 2.2267 | Train Acc 95.6755| Valid Acc 49.3221 | Domain Loss 3.1959 | Lambda 0.0885 | Contrastive Loss 0.1146
[TRAINER2] /scratch/suyash.kumar.mec22.itbhu/EEG-AAD/eeg-aad-challenge2026-task1-baselines-master/trainer2.py:182: UserWarning: To copy construct from a tensor, it is recommended to use sourceTensor.clone().detach() or sourceTensor.clone().detach().requires_grad_(True), rather than torch.tensor(sourceTensor).
[TRAINER2]   subject_ids = torch.tensor(subject_ids).to(device).long()
[TRAINER2] TestSub: S[11, 12, 13, 14, 15] Epoch 29 Finsh | Now_lr 0.0100/0.0100 | Train Loss 0.1117 | Valid Loss 2.0687 | Train Acc 95.8937| Valid Acc 49.4893 | Domain Loss 3.2027 | Lambda 0.0896 | Contrastive Loss 0.1096
[TRAINER2] /scratch/suyash.kumar.mec22.itbhu/EEG-AAD/eeg-aad-challenge2026-task1-baselines-master/trainer2.py:182: UserWarning: To copy construct from a tensor, it is recommended to use sourceTensor.clone().detach() or sourceTensor.clone().detach().requires_grad_(True), rather than torch.tensor(sourceTensor).
[TRAINER2]   subject_ids = torch.tensor(subject_ids).to(device).long()
[TRAINER2] TestSub: S[11, 12, 13, 14, 15] Epoch 30 Finsh | Now_lr 0.0100/0.0100 | Train Loss 0.1116 | Valid Loss 1.9209 | Train Acc 95.8992| Valid Acc 50.3313 | Domain Loss 3.2087 | Lambda 0.0905 | Contrastive Loss 0.1109
[TRAINER2] /scratch/suyash.kumar.mec22.itbhu/EEG-AAD/eeg-aad-challenge2026-task1-baselines-master/trainer2.py:182: UserWarning: To copy construct from a tensor, it is recommended to use sourceTensor.clone().detach() or sourceTensor.clone().detach().requires_grad_(True), rather than torch.tensor(sourceTensor).
[TRAINER2]   subject_ids = torch.tensor(subject_ids).to(device).long()
[TRAINER2] TestSub: S[11, 12, 13, 14, 15] Epoch 31 Finsh | Now_lr 0.0100/0.0100 | Train Loss 0.1119 | Valid Loss 1.8835 | Train Acc 95.9369| Valid Acc 53.8211 | Domain Loss 3.2097 | Lambda 0.0914 | Contrastive Loss 0.1102
[TRAINER2] Validation acc increase (53.435068 --> 53.821133) in epoch (31).  Saving model ...
[TRAINER2] /scratch/suyash.kumar.mec22.itbhu/EEG-AAD/eeg-aad-challenge2026-task1-baselines-master/trainer2.py:182: UserWarning: To copy construct from a tensor, it is recommended to use sourceTensor.clone().detach() or sourceTensor.clone().detach().requires_grad_(True), rather than torch.tensor(sourceTensor).
[TRAINER2]   subject_ids = torch.tensor(subject_ids).to(device).long()
[TRAINER2] TestSub: S[11, 12, 13, 14, 15] Epoch 32 Finsh | Now_lr 0.0100/0.0100 | Train Loss 0.1120 | Valid Loss 1.7442 | Train Acc 95.8834| Valid Acc 54.8152 | Domain Loss 3.2110 | Lambda 0.0922 | Contrastive Loss 0.1108
[TRAINER2] Validation acc increase (53.821133 --> 54.815175) in epoch (32).  Saving model ...
[TRAINER2] /scratch/suyash.kumar.mec22.itbhu/EEG-AAD/eeg-aad-challenge2026-task1-baselines-master/trainer2.py:182: UserWarning: To copy construct from a tensor, it is recommended to use sourceTensor.clone().detach() or sourceTensor.clone().detach().requires_grad_(True), rather than torch.tensor(sourceTensor).
[TRAINER2]   subject_ids = torch.tensor(subject_ids).to(device).long()
[TRAINER2] TestSub: S[11, 12, 13, 14, 15] Epoch 33 Finsh | Now_lr 0.0100/0.0100 | Train Loss 0.1067 | Valid Loss 1.5468 | Train Acc 96.1302| Valid Acc 53.4320 | Domain Loss 3.2103 | Lambda 0.0929 | Contrastive Loss 0.1048
[TRAINER2] /scratch/suyash.kumar.mec22.itbhu/EEG-AAD/eeg-aad-challenge2026-task1-baselines-master/trainer2.py:182: UserWarning: To copy construct from a tensor, it is recommended to use sourceTensor.clone().detach() or sourceTensor.clone().detach().requires_grad_(True), rather than torch.tensor(sourceTensor).
[TRAINER2]   subject_ids = torch.tensor(subject_ids).to(device).long()
[TRAINER2] TestSub: S[11, 12, 13, 14, 15] Epoch 34 Finsh | Now_lr 0.0100/0.0100 | Train Loss 0.1098 | Valid Loss 1.8582 | Train Acc 95.9922| Valid Acc 50.9697 | Domain Loss 3.2083 | Lambda 0.0935 | Contrastive Loss 0(device).long()
[TRAINER1] TestSub: S[26, 27, 28, 29, 30] Epoch 37 Finsh | Now_lr 0.0005/0.0005 | Train Loss 0.0166 | Valid Loss 3.6810 | Train Acc 99.4492| Valid Acc 50.7235 | Domain Loss 3.1602 | Lambda 0.0952 | Contrastive Loss 0.0149
[TRAINER1] /scratch/suyash.kumar.mec22.itbhu/EEG-AAD/eeg-aad-challenge2026-task1-baselines-master/trainer1.py:182: UserWarning: To copy construct from a tensor, it is recommended to use sourceTensor.clone().detach() or sourceTensor.clone().detach().requires_grad_(True), rather than torch.tensor(sourceTensor).
[TRAINER1]   subject_ids = torch.tensor(subject_ids).to(device).long()
[TRAINER1] TestSub: S[26, 27, 28, 29, 30] Epoch 38 Finsh | Now_lr 0.0005/0.0005 | Train Loss 0.0153 | Valid Loss 3.7276 | Train Acc 99.4954| Valid Acc 49.6808 | Domain Loss 3.1513 | Lambda 0.0956 | Contrastive Loss 0.0128
[TRAINER1] /scratch/suyash.kumar.mec22.itbhu/EEG-AAD/eeg-aad-challenge2026-task1-baselines-master/trainer1.py:182: UserWarning: To copy construct from a tensor, it is recommended to use sourceTensor.clone().detach() or sourceTensor.clone().detach().requires_grad_(True), rather than torch.tensor(sourceTensor).
[TRAINER1]   subject_ids = torch.tensor(subject_ids).to(device).long()
[TRAINER1] TestSub: S[26, 27, 28, 29, 30] Epoch 39 Finsh | Now_lr 0.0005/0.0005 | Train Loss 0.0156 | Valid Loss 3.8606 | Train Acc 99.4863| Valid Acc 50.3739 | Domain Loss 3.1518 | Lambda 0.0960 | Contrastive Loss 0.0136
[TRAINER1] /scratch/suyash.kumar.mec22.itbhu/EEG-AAD/eeg-aad-challenge2026-task1-baselines-master/trainer1.py:182: UserWarning: To copy construct from a tensor, it is recommended to use sourceTensor.clone().detach() or sourceTensor.clone().detach().requires_grad_(True), rather than torch.tensor(sourceTensor).
[TRAINER1]   subject_ids = torch.tensor(subject_ids).to(device).long()
[TRAINER1] TestSub: S[26, 27, 28, 29, 30] Epoch 40 Finsh | Now_lr 0.0005/0.0005 | Train Loss 0.0151 | Valid Loss 3.9382 | Train Acc 99.4911| Valid Acc 48.3949 | Domain Loss 3.1696 | Lambda 0.0964 | Contrastive Loss 0.0130
[TRAINER1] /scratch/suyash.kumar.mec22.itbhu/EEG-AAD/eeg-aad-challenge2026-task1-baselines-master/trainer1.py:182: UserWarning: To copy construct from a tensor, it is recommended to use sourceTensor.clone().detach() or sourceTensor.clone().detach().requires_grad_(True), rather than torch.tensor(sourceTensor).
[TRAINER1]   subject_ids = torch.tensor(subject_ids).to(device).long()
[TRAINER1] TestSub: S[26, 27, 28, 29, 30] Epoch 41 Finsh | Now_lr 0.0005/0.0005 | Train Loss 0.0151 | Valid Loss 3.7739 | Train Acc 99.4990| Valid Acc 49.4011 | Domain Loss 3.1733 | Lambda 0.0967 | Contrastive Loss 0.0128
[TRAINER1] /scratch/suyash.kumar.mec22.itbhu/EEG-AAD/eeg-aad-challenge2026-task1-baselines-master/trainer1.py:182: UserWarning: To copy construct from a tensor, it is recommended to use sourceTensor.clone().detach() or sourceTensor.clone().detach().requires_grad_(True), rather than torch.tensor(sourceTensor).
[TRAINER1]   subject_ids = torch.tensor(subject_ids).to(device).long()
[TRAINER1] TestSub: S[26, 27, 28, 29, 30] Epoch 42 Finsh | Now_lr 0.0005/0.0005 | Train Loss 0.0138 | Valid Loss 3.9308 | Train Acc 99.5270| Valid Acc 47.7930 | Domain Loss 3.1716 | Lambda 0.0970 | Contrastive Loss 0.0118
[TRAINER1] /scratch/suyash.kumar.mec22.itbhu/EEG-AAD/eeg-aad-challenge2026-task1-baselines-master/trainer1.py:182: UserWarning: To copy construct from a tensor, it is recommended to use sourceTensor.clone().detach() or sourceTensor.clone().detach().requires_grad_(True), rather than torch.tensor(sourceTensor).
[TRAINER1]   subject_ids = torch.tensor(subject_ids).to(device).long()
[TRAINER1] TestSub: S[26, 27, 28, 29, 30] Epoch 43 Finsh | Now_lr 0.0005/0.0005 | Train Loss 0.0141 | Valid Loss 3.8000 | Train Acc 99.5161| Valid Acc 50.3709 | Domain Loss 3.1775 | Lambda 0.0973 | Contrastive Loss 0.0125
[TRAINER1] /scratch/suyash.kumar.mec22.itbhu/EEG-AAD/eeg-aad-challenge2026-task1-baselines-master/trainer1.py:182: UserWarning: To copy construct from a tensor, it is recommended to use sourceTensor.clone().detach() or sourceTensor.clone().detach().requires_grad_(True), rather than torch.tensor(sourceTensor).
[TRAINER1]   subject_ids = torch.tensor(subject_ids).to(device).long()
[TRAINER1] TestSub: S[26, 27, 28, 29, 30] Epoch 44 Finsh | Now_lr 0.0005/0.0005 | Train Loss 0.0146 | Valid Loss 4.0167 | Train Acc 99.5306| Valid Acc 48.2642 | Domain Loss 3.1777 | Lambda 0.0976 | Contrastive Loss 0.0125
[TRAINER1] /scratch/suyash.kumar.mec22.itbhu/EEG-AAD/eeg-aad-challenge2026-task1-baselines-master/trainer1.py:182: UserWarning: To copy construct from a tensor, it is recommended to use sourceTensor.clone().detach() or sourceTensor.clone().detach().requires_grad_(True), rather than torch.tensor(sourceTensor).
[TRAINER1]   subject_ids = torch.tensor(subject_ids).to(device).long()
[TRAINER1] TestSub: S[26, 27, 28, 29, 30] Epoch 45 Finsh | Now_lr 0.0005/0.0005 | Train Loss 0.0125 | Valid Loss 3.7996 | Train Acc 99.5939| Valid Acc 48.1366 | Domain Loss 3.1849 | Lambda 0.0978 | Contrastive Loss 0.0110
[TRAINER1] /scratch/suyash.kumar.mec22.itbhu/EEG-AAD/eeg-aad-challenge2026-task1-baselines-master/trainer1.py:182: UserWarning: To copy construct from a tensor, it is recommended to use sourceTensor.clone().detach() or sourceTensor.clone().detach().requires_grad_(True), rather than torch.tensor(sourceTensor).
[TRAINER1]   subject_ids = torch.tensor(subject_ids).to(device).long()
[TRAINER1] TestSub: S[26, 27, 28, 29, 30] Epoch 46 Finsh | Now_lr 0.0005/0.0005 | Train Loss 0.0124 | Valid Loss 3.9889 | Train Acc 99.5781| Valid Acc 48.4588 | Domain Loss 3.1853 | Lambda 0.0980 | Contrastive Loss 0.0106
[TRAINER1] /scratch/suyash.kumar.mec22.itbhu/EEG-AAD/eeg-aad-challenge2026-task1-baselines-master/trainer1.py:182: UserWarning: To copy construct from a tensor, it is recommended to use sourceTensor.clone().detach() or sourceTensor.clone().detach().requires_grad_(True), rather than torch.tensor(sourceTensor).
[TRAINER1]   subject_ids = torch.tensor(subject_ids).to(device).long()
[TRAINER1] TestSub: S[26, 27, 28, 29, 30] Epoch 47 Finsh | Now_lr 0.0005/0.0005 | Train Loss 0.0124 | Valid Loss 4.0362 | Train Acc 99.5817| Valid Acc 49.0029 | Domain Loss 3.1916 | Lambda 0.0982 | Contrastive Loss 0.0105
[TRAINER1] /scratch/suyash.kumar.mec22.itbhu/EEG-AAD/eeg-aad-challenge2026-task1-baselines-master/trainer1.py:182: UserWarning: To copy construct from a tensor, it is recommended to use sourceTensor.clone().detach() or sourceTensor.clone().detach().requires_grad_(True), rather than torch.tensor(sourceTensor).
[TRAINER1]   subject_ids = torch.tensor(subject_ids).to(device).long()
[TRAINER1] TestSub: S[26, 27, 28, 29, 30] Epoch 48 Finsh | Now_lr 0.0005/0.0005 | Train Loss 0.0128 | Valid Loss 3.9345 | Train Acc 99.5805| Valid Acc 50.1064 | Domain Loss 3.1934 | Lambda 0.0984 | Contrastive Loss 0.0112
[TRAINER1] /scratch/suyash.kumar.mec22.itbhu/EEG-AAD/eeg-aad-challenge2026-task1-baselines-master/trainer1.py:182: UserWarning: To copy construct from a tensor, it is recommended to use sourceTensor.clone().detach() or sourceTensor.clone().detach().requires_grad_(True), rather than torch.tensor(sourceTensor).
[TRAINER1]   subject_ids = torch.tensor(subject_ids).to(device).long()
[TRAINER1] TestSub: S[26, 27, 28, 29, 30] Epoch 49 Finsh | Now_lr 0.0005/0.0005 | Train Loss 0.0108 | Valid Loss 4.0553 | Train Acc 99.6322| Valid Acc 48.9178 | Domain Loss 3.1924 | Lambda 0.0985 | Contrastive Loss 0.0090
[TRAINER1] /scratch/suyash.kumar.mec22.itbhu/EEG-AAD/eeg-aad-challenge2026-task1-baselines-master/trainer1.py:182: UserWarning: To copy construct from a tensor, it is recommended to use sourceTensor.clone().detach() or sourceTensor.clone().detach().requires_grad_(True), rather than torch.tensor(sourceTensor).
[TRAINER1]   subject_ids = torch.tensor(subject_ids).to(device).long()
[TRAINER1] TestSub: S[26, 27, 28, 29, 30] Epoch 50 Finsh | Now_lr 0.0005/0.0005 | Train Loss 0.0120 | Valid Loss 4.1981 | Train Acc 99.6103| Valid Acc 49.0303 | Domain Loss 3.1858 | Lambda 0.0987 | Contrastive Loss 0.0105
[TRAINER1] /scratch/suyash.kumar.mec22.itbhu/EEG-AAD/eeg-aad-challenge2026-task1-baselines-master/trainer1.py:182: UserWarning: To copy construct from a tensor, it is recommended to use sourceTensor.clone().detach() or sourceTensor.clone().detach().requires_grad_(True), rather than torch.tensor(sourceTensor).
[TRAINER1]   subject_ids = torch.tensor(subject_ids).to(device).long()
[TRAINER1] TestSub: S[26, 27, 28, 29, 30] Epoch 51 Finsh | Now_lr 0.0005/0.0005 | Train Loss 0.0111 | Valid Loss 4.3018 | Train Acc 99.6170| Valid Acc 48.9026 | Domain Loss 3.1890 | Lambda 0.0988 | Contrastive Loss 0.0094
[TRAINER1] /scratch/suyash.kumar.mec22.itbhu/EEG-AAD/eeg-aad-challenge2026-task1-baselines-master/trainer1.py:182: UserWarning: To copy construct from a tensor, it is recommended to use sourceTensor.clone().detach() or sourceTensor.clone().detach().requires_grad_(True), rather than torch.tensor(sourceTensor).
[TRAINER1]   subject_ids = torch.tensor(subject_ids).to(device).long()
[TRAINER1] TestSub: S[26, 27, 28, 29, 30] Epoch 52 Finsh | Now_lr 0.0005/0.0005 | Train Loss 0.0120 | Valid Loss 4.0364 | Train Acc 99.5963| Valid Acc 49.4893 | Domain Loss 3.1913 | Lambda 0.0989 | Contrastive Loss 0.0104
[TRAINER1] /scratch/suyash.kumar.mec22.itbhu/EEG-AAD/eeg-aad-challenge2026-task1-baselines-master/trainer1.py:182: UserWarning: To copy construct from a tensor, it is recommended to use sourceTensor.clone().detach() or sourceTensor.clone().detach().requires_grad_(True), rather than torch.tensor(sourceTensor).
[TRAINER1]   subject_ids = torch.tensor(subject_ids).to(device).long()
[TRAINER1] TestSub: S[26, 27, 28, 29, 30] Epoch 53 Finsh | Now_lr 0.0005/0.0005 | Train Loss 0.0099 | Valid Loss 4.1584 | Train Acc 99.6759| Valid Acc 48.8053 | Domain Loss 3.1957 | Lambda 0.0990 | Contrastive Loss 0.0082
[TRAINER1] /scratch/suyash.kumar.mec22.itbhu/EEG-AAD/eeg-aad-challenge2026-task1-baselines-master/trainer1.py:182: UserWarning: To copy construct from a tensor, it is recommended to use sourceTensor.clone().detach() or sourceTensor.clone().detach().requires_grad_(True), rather than torch.tensor(sourceTensor).
[TRAINER1]   subject_ids = torch.tensor(subject_ids).to(device).long()
[TRAINER1] TestSub: S[26, 27, 28, 29, 30] Epoch 54 Finsh | Now_lr 0.0005/0.0005 | Train Loss 0.0112 | Valid Loss 4.1563 | Train Acc 99.6541| Valid Acc 47.8873 | Domain Loss 3.1922 | Lambda 0.0991 | Contrastive Loss 0.0091
[TRAINER1] /scratch/suyash.kumar.mec22.itbhu/EEG-AAD/eeg-aad-challenge2026-task1-baselines-master/trainer1.py:182: UserWarning: To copy construct from a tensor, it is recommended to use sourceTensor.clone().detach() or sourceTensor.clone().detach().requires_grad_(True), rather than torch.tensor(sourceTensor).
[TRAINER1]   subject_ids = torch.tensor(subject_ids).to(device).long()
[TRAINER1] TestSub: S[26, 27, 28, 29, 30] Epoch 55 Finsh | Now_lr 0.0005/0.0005 | Train Loss 0.0120 | Valid Loss 3.9551 | Train Acc 99.6091| Valid Acc 47.4435 | Domain Loss 3.1956 | Lambda 0.0992 | Contrastive Loss 0.0102
[TRAINER1] /scratch/suyash.kumar.mec22.itbhu/EEG-AAD/eeg-aad-challenge2026-task1-baselines-master/trainer1.py:182: UserWarning: To copy construct from a tensor, it is recommended to use sourceTensor.clone().detach() or sourceTensor.clone().detach().requires_grad_(True), rather than torch.tensor(sourceTensor).
[TRAINER1]   subject_ids = torch.tensor(subject_ids).to(device).long()
[TRAINER1] TestSub: S[26, 27, 28, 29, 30] Epoch 56 Finsh | Now_lr 0.0005/0.0005 | Train Loss 0.0100 | Valid Loss 4.2609 | Train Acc 99.6595| Valid Acc 46.4099 | Domain Loss 3.1959 | Lambda 0.0993 | Contrastive Loss 0.0082
[TRAINER1] /scratch/suyash.kumar.mec22.itbhu/EEG-AAD/eeg-aad-challenge2026-task1-baselines-master/trainer1.py:182: UserWarning: To copy construct from a tensor, it is recommended to use sourceTensor.clone().detach() or sourceTensor.clone().detach().requires_grad_(True), rather than torch.tensor(sourceTensor).
[TRAINER1]   subject_ids = torch.tensor(subject_ids).to(device).long()
[TRAINER1] TestSub: S[26, 27, 28, 29, 30] Epoch 57 Finsh | Now_lr 0.0005/0.0005 | Train Loss 0.0107 | Valid Loss 4.1406 | Train Acc 99.6486| Valid Acc 47.1638 | Domain Loss 3.1948 | Lambda 0.0993 | Contrastive Loss 0.0090
[TRAINER1] Early stopping triggered after 57 epochs (30 epochs without improvement)
[TRAINER1] --------------------------------------------------
[TRAINER1] Test_Subject :S[26, 27, 28, 29, 30] |Best epoch:27 | Test Loss:3.6571 | Best Acc 51.1582 | Savemodel Acc 51.1582
[TRAINER1] --------------------------------------------------
[TRAINER1] lr:0.0005 -> bs:128
[TRAINER1] 6-Fold Cross Subject Accuracies: [52.079280155642024, 53.550583657587545, 51.59289883268483, 54.441269455252915, 51.58681906614786, 51.15819552529183]
[TRAINER1] Mean Accuracy over 6 folds: 52.4015
[TRAINER1] ============================================================================================================
[TRAINER1] end time: 25-10-23-03:49:33
.1076
[TRAINER2] /scratch/suyash.kumar.mec22.itbhu/EEG-AAD/eeg-aad-challenge2026-task1-baselines-master/trainer2.py:182: UserWarning: To copy construct from a tensor, it is recommended to use sourceTensor.clone().detach() or sourceTensor.clone().detach().requires_grad_(True), rather than torch.tensor(sourceTensor).
[TRAINER2]   subject_ids = torch.tensor(subject_ids).to(device).long()
[TRAINER2] TestSub: S[11, 12, 13, 14, 15] Epoch 35 Finsh | Now_lr 0.0100/0.0100 | Train Loss 0.1084 | Valid Loss 1.9860 | Train Acc 96.0092| Valid Acc 52.5018 | Domain Loss 3.2090 | Lambda 0.0941 | Contrastive Loss 0.1064
[TRAINER2] /scratch/suyash.kumar.mec22.itbhu/EEG-AAD/eeg-aad-challenge2026-task1-baselines-master/trainer2.py:182: UserWarning: To copy construct from a tensor, it is recommended to use sourceTensor.clone().detach() or sourceTensor.clone().detach().requires_grad_(True), rather than torch.tensor(sourceTensor).
[TRAINER2]   subject_ids = torch.tensor(subject_ids).to(device).long()
[TRAINER2] TestSub: S[11, 12, 13, 14, 15] Epoch 36 Finsh | Now_lr 0.0100/0.0100 | Train Loss 0.1067 | Valid Loss 1.8619 | Train Acc 96.1126| Valid Acc 52.3286 | Domain Loss 3.2071 | Lambda 0.0947 | Contrastive Loss 0.1047
[TRAINER2] /scratch/suyash.kumar.mec22.itbhu/EEG-AAD/eeg-aad-challenge2026-task1-baselines-master/trainer2.py:182: UserWarning: To copy construct from a tensor, it is recommended to use sourceTensor.clone().detach() or sourceTensor.clone().detach().requires_grad_(True), rather than torch.tensor(sourceTensor).
[TRAINER2]   subject_ids = torch.tensor(subject_ids).to(device).long()
[TRAINER2] TestSub: S[11, 12, 13, 14, 15] Epoch 37 Finsh | Now_lr 0.0100/0.0100 | Train Loss 0.1046 | Valid Loss 2.1211 | Train Acc 96.1862| Valid Acc 48.8479 | Domain Loss 3.2064 | Lambda 0.0952 | Contrastive Loss 0.1026
[TRAINER2] /scratch/suyash.kumar.mec22.itbhu/EEG-AAD/eeg-aad-challenge2026-task1-baselines-master/trainer2.py:182: UserWarning: To copy construct from a tensor, it is recommended to use sourceTensor.clone().detach() or sourceTensor.clone().detach().requires_grad_(True), rather than torch.tensor(sourceTensor).
[TRAINER2]   subject_ids = torch.tensor(subject_ids).to(device).long()
[TRAINER2] TestSub: S[11, 12, 13, 14, 15] Epoch 38 Finsh | Now_lr 0.0100/0.0100 | Train Loss 0.1061 | Valid Loss 1.9334 | Train Acc 96.1497| Valid Acc 53.3500 | Domain Loss 3.2109 | Lambda 0.0956 | Contrastive Loss 0.1039
[TRAINER2] /scratch/suyash.kumar.mec22.itbhu/EEG-AAD/eeg-aad-challenge2026-task1-baselines-master/trainer2.py:182: UserWarning: To copy construct from a tensor, it is recommended to use sourceTensor.clone().detach() or sourceTensor.clone().detach().requires_grad_(True), rather than torch.tensor(sourceTensor).
[TRAINER2]   subject_ids = torch.tensor(subject_ids).to(device).long()
[TRAINER2] TestSub: S[11, 12, 13, 14, 15] Epoch 39 Finsh | Now_lr 0.0100/0.0100 | Train Loss 0.1063 | Valid Loss 1.9658 | Train Acc 96.0761| Valid Acc 48.0241 | Domain Loss 3.2068 | Lambda 0.0960 | Contrastive Loss 0.1044
[TRAINER2] /scratch/suyash.kumar.mec22.itbhu/EEG-AAD/eeg-aad-challenge2026-task1-baselines-master/trainer2.py:182: UserWarning: To copy construct from a tensor, it is recommended to use sourceTensor.clone().detach() or sourceTensor.clone().detach().requires_grad_(True), rather than torch.tensor(sourceTensor).
[TRAINER2]   subject_ids = torch.tensor(subject_ids).to(device).long()
[TRAINER2] TestSub: S[11, 12, 13, 14, 15] Epoch 40 Finsh | Now_lr 0.0100/0.0100 | Train Loss 0.1063 | Valid Loss 1.9826 | Train Acc 96.1241| Valid Acc 50.1338 | Domain Loss 3.2091 | Lambda 0.0964 | Contrastive Loss 0.1035
[TRAINER2] /scratch/suyash.kumar.mec22.itbhu/EEG-AAD/eeg-aad-challenge2026-task1-baselines-master/trainer2.py:182: UserWarning: To copy construct from a tensor, it is recommended to use sourceTensor.clone().detach() or sourceTensor.clone().detach().requires_grad_(True), rather than torch.tensor(sourceTensor).
[TRAINER2]   subject_ids = torch.tensor(subject_ids).to(device).long()
[TRAINER2] TestSub: S[11, 12, 13, 14, 15] Epoch 41 Finsh | Now_lr 0.0100/0.0100 | Train Loss 0.1064 | Valid Loss 2.0161 | Train Acc 96.1254| Valid Acc 50.0851 | Domain Loss 3.2080 | Lambda 0.0967 | Contrastive Loss 0.1048
[TRAINER2] /scratch/suyash.kumar.mec22.itbhu/EEG-AAD/eeg-aad-challenge2026-task1-baselines-master/trainer2.py:182: UserWarning: To copy construct from a tensor, it is recommended to use sourceTensor.clone().detach() or sourceTensor.clone().detach().requires_grad_(True), rather than torch.tensor(sourceTensor).
[TRAINER2]   subject_ids = torch.tensor(subject_ids).to(device).long()
[TRAINER2] TestSub: S[11, 12, 13, 14, 15] Epoch 42 Finsh | Now_lr 0.0100/0.0100 | Train Loss 0.1040 | Valid Loss 1.8399 | Train Acc 96.2050| Valid Acc 52.9912 | Domain Loss 3.2073 | Lambda 0.0970 | Contrastive Loss 0.1024
[TRAINER2] /scratch/suyash.kumar.mec22.itbhu/EEG-AAD/eeg-aad-challenge2026-task1-baselines-master/trainer2.py:182: UserWarning: To copy construct from a tensor, it is recommended to use sourceTensor.clone().detach() or sourceTensor.clone().detach().requires_grad_(True), rather than torch.tensor(sourceTensor).
[TRAINER2]   subject_ids = torch.tensor(subject_ids).to(device).long()
[TRAINER2] TestSub: S[11, 12, 13, 14, 15] Epoch 43 Finsh | Now_lr 0.0100/0.0100 | Train Loss 0.1057 | Valid Loss 1.9013 | Train Acc 96.1223| Valid Acc 49.7659 | Domain Loss 3.2121 | Lambda 0.0973 | Contrastive Loss 0.1032
[TRAINER2] /scratch/suyash.kumar.mec22.itbhu/EEG-AAD/eeg-aad-challenge2026-task1-baselines-master/trainer2.py:182: UserWarning: To copy construct from a tensor, it is recommended to use sourceTensor.clone().detach() or sourceTensor.clone().detach().requires_grad_(True), rather than torch.tensor(sourceTensor).
[TRAINER2]   subject_ids = torch.tensor(subject_ids).to(device).long()
[TRAINER2] TestSub: S[11, 12, 13, 14, 15] Epoch 44 Finsh | Now_lr 0.0100/0.0100 | Train Loss 0.1010 | Valid Loss 1.7737 | Train Acc 96.3187| Valid Acc 53.0916 | Domain Loss 3.2084 | Lambda 0.0976 | Contrastive Loss 0.0996
[TRAINER2] /scratch/suyash.kumar.mec22.itbhu/EEG-AAD/eeg-aad-challenge2026-task1-baselines-master/trainer2.py:182: UserWarning: To copy construct from a tensor, it is recommended to use sourceTensor.clone().detach() or sourceTensor.clone().detach().requires_grad_(True), rather than torch.tensor(sourceTensor).
[TRAINER2]   subject_ids = torch.tensor(subject_ids).to(device).long()
[TRAINER2] TestSub: S[11, 12, 13, 14, 15] Epoch 45 Finsh | Now_lr 0.0100/0.0100 | Train Loss 0.1022 | Valid Loss 1.9464 | Train Acc 96.3333| Valid Acc 50.4681 | Domain Loss 3.2127 | Lambda 0.0978 | Contrastive Loss 0.1006
[TRAINER2] /scratch/suyash.kumar.mec22.itbhu/EEG-AAD/eeg-aad-challenge2026-task1-baselines-master/trainer2.py:182: UserWarning: To copy construct from a tensor, it is recommended to use sourceTensor.clone().detach() or sourceTensor.clone().detach().requires_grad_(True), rather than torch.tensor(sourceTensor).
[TRAINER2]   subject_ids = torch.tensor(subject_ids).to(device).long()
[TRAINER2] TestSub: S[11, 12, 13, 14, 15] Epoch 46 Finsh | Now_lr 0.0100/0.0100 | Train Loss 0.1014 | Valid Loss 1.9512 | Train Acc 96.2804| Valid Acc 46.5254 | Domain Loss 3.2124 | Lambda 0.0980 | Contrastive Loss 0.0987
[TRAINER2] /scratch/suyash.kumar.mec22.itbhu/EEG-AAD/eeg-aad-challenge2026-task1-baselines-master/trainer2.py:182: UserWarning: To copy construct from a tensor, it is recommended to use sourceTensor.clone().detach() or sourceTensor.clone().detach().requires_grad_(True), rather than torch.tensor(sourceTensor).
[TRAINER2]   subject_ids = torch.tensor(subject_ids).to(device).long()
[TRAINER2] TestSub: S[11, 12, 13, 14, 15] Epoch 47 Finsh | Now_lr 0.0100/0.0100 | Train Loss 0.1010 | Valid Loss 1.8354 | Train Acc 96.3047| Valid Acc 48.8479 | Domain Loss 3.2086 | Lambda 0.0982 | Contrastive Loss 0.0996
[TRAINER2] /scratch/suyash.kumar.mec22.itbhu/EEG-AAD/eeg-aad-challenge2026-task1-baselines-master/trainer2.py:182: UserWarning: To copy construct from a tensor, it is recommended to use sourceTensor.clone().detach() or sourceTensor.clone().detach().requires_grad_(True), rather than torch.tensor(sourceTensor).
[TRAINER2]   subject_ids = torch.tensor(subject_ids).to(device).long()
[TRAINER2] TestSub: S[11, 12, 13, 14, 15] Epoch 48 Finsh | Now_lr 0.0100/0.0100 | Train Loss 0.1003 | Valid Loss 1.7789 | Train Acc 96.3576| Valid Acc 50.1094 | Domain Loss 3.2109 | Lambda 0.0984 | Contrastive Loss 0.0987
[TRAINER2] /scratch/suyash.kumar.mec22.itbhu/EEG-AAD/eeg-aad-challenge2026-task1-baselines-master/trainer2.py:182: UserWarning: To copy construct from a tensor, it is recommended to use sourceTensor.clone().detach() or sourceTensor.clone().detach().requires_grad_(True), rather than torch.tensor(sourceTensor).
[TRAINER2]   subject_ids = torch.tensor(subject_ids).to(device).long()
[TRAINER2] TestSub: S[11, 12, 13, 14, 15] Epoch 49 Finsh | Now_lr 0.0100/0.0100 | Train Loss 0.1032 | Valid Loss 1.7299 | Train Acc 96.2166| Valid Acc 53.1432 | Domain Loss 3.2102 | Lambda 0.0985 | Contrastive Loss 0.1011
[TRAINER2] /scratch/suyash.kumar.mec22.itbhu/EEG-AAD/eeg-aad-challenge2026-task1-baselines-master/trainer2.py:182: UserWarning: To copy construct from a tensor, it is recommended to use sourceTensor.clone().detach() or sourceTensor.clone().detach().requires_grad_(True), rather than torch.tensor(sourceTensor).
[TRAINER2]   subject_ids = torch.tensor(subject_ids).to(device).long()
[TRAINER2] TestSub: S[11, 12, 13, 14, 15] Epoch 50 Finsh | Now_lr 0.0100/0.0100 | Train Loss 0.1015 | Valid Loss 1.8270 | Train Acc 96.3096| Valid Acc 51.3254 | Domain Loss 3.2134 | Lambda 0.0987 | Contrastive Loss 0.0986
[TRAINER2] /scratch/suyash.kumar.mec22.itbhu/EEG-AAD/eeg-aad-challenge2026-task1-baselines-master/trainer2.py:182: UserWarning: To copy construct from a tensor, it is recommended to use sourceTensor.clone().detach() or sourceTensor.clone().detach().requires_grad_(True), rather than torch.tensor(sourceTensor).
[TRAINER2]   subject_ids = torch.tensor(subject_ids).to(device).long()
[TRAINER2] TestSub: S[11, 12, 13, 14, 15] Epoch 51 Finsh | Now_lr 0.0100/0.0100 | Train Loss 0.0984 | Valid Loss 1.8977 | Train Acc 96.4324| Valid Acc 51.5807 | Domain Loss 3.2123 | Lambda 0.0988 | Contrastive Loss 0.0980
[TRAINER2] /scratch/suyash.kumar.mec22.itbhu/EEG-AAD/eeg-aad-challenge2026-task1-baselines-master/trainer2.py:182: UserWarning: To copy construct from a tensor, it is recommended to use sourceTensor.clone().detach() or sourceTensor.clone().detach().requires_grad_(True), rather than torch.tensor(sourceTensor).
[TRAINER2]   subject_ids = torch.tensor(subject_ids).to(device).long()
[TRAINER2] TestSub: S[11, 12, 13, 14, 15] Epoch 52 Finsh | Now_lr 0.0100/0.0100 | Train Loss 0.0999 | Valid Loss 1.9115 | Train Acc 96.3874| Valid Acc 53.3378 | Domain Loss 3.2090 | Lambda 0.0989 | Contrastive Loss 0.0973
[TRAINER2] /scratch/suyash.kumar.mec22.itbhu/EEG-AAD/eeg-aad-challenge2026-task1-baselines-master/trainer2.py:182: UserWarning: To copy construct from a tensor, it is recommended to use sourceTensor.clone().detach() or sourceTensor.clone().detach().requires_grad_(True), rather than torch.tensor(sourceTensor).
[TRAINER2]   subject_ids = torch.tensor(subject_ids).to(device).long()
[TRAINER2] TestSub: S[11, 12, 13, 14, 15] Epoch 53 Finsh | Now_lr 0.0100/0.0100 | Train Loss 0.0979 | Valid Loss 1.9133 | Train Acc 96.4427| Valid Acc 51.5595 | Domain Loss 3.2131 | Lambda 0.0990 | Contrastive Loss 0.0955
[TRAINER2] /scratch/suyash.kumar.mec22.itbhu/EEG-AAD/eeg-aad-challenge2026-task1-baselines-master/trainer2.py:182: UserWarning: To copy construct from a tensor, it is recommended to use sourceTensor.clone().detach() or sourceTensor.clone().detach().requires_grad_(True), rather than torch.tensor(sourceTensor).
[TRAINER2]   subject_ids = torch.tensor(subject_ids).to(device).long()
[TRAINER2] TestSub: S[11, 12, 13, 14, 15] Epoch 54 Finsh | Now_lr 0.0100/0.0100 | Train Loss 0.0995 | Valid Loss 1.6791 | Train Acc 96.4075| Valid Acc 53.1280 | Domain Loss 3.2115 | Lambda 0.0991 | Contrastive Loss 0.0978
[TRAINER2] /scratch/suyash.kumar.mec22.itbhu/EEG-AAD/eeg-aad-challenge2026-task1-baselines-master/trainer2.py:182: UserWarning: To copy construct from a tensor, it is recommended to use sourceTensor.clone().detach() or sourceTensor.clone().detach().requires_grad_(True), rather than torch.tensor(sourceTensor).
[TRAINER2]   subject_ids = torch.tensor(subject_ids).to(device).long()
[TRAINER2] TestSub: S[11, 12, 13, 14, 15] Epoch 55 Finsh | Now_lr 0.0100/0.0100 | Train Loss 0.0952 | Valid Loss 1.9051 | Train Acc 96.6111| Valid Acc 51.4135 | Domain Loss 3.2122 | Lambda 0.0992 | Contrastive Loss 0.0924
[TRAINER2] /scratch/suyash.kumar.mec22.itbhu/EEG-AAD/eeg-aad-challenge2026-task1-baselines-master/trainer2.py:182: UserWarning: To copy construct from a tensor, it is recommended to use sourceTensor.clone().detach() or sourceTensor.clone().detach().requires_grad_(True), rather than torch.tensor(sourceTensor).
[TRAINER2]   subject_ids = torch.tensor(subject_ids).to(device).long()
[TRAINER2] TestSub: S[11, 12, 13, 14, 15] Epoch 56 Finsh | Now_lr 0.0100/0.0100 | Train Loss 0.0979 | Valid Loss 1.8027 | Train Acc 96.4847| Valid Acc 52.1674 | Domain Loss 3.2107 | Lambda 0.0993 | Contrastive Loss 0.0964
[TRAINER2] /scratch/suyash.kumar.mec22.itbhu/EEG-AAD/eeg-aad-challenge2026-task1-baselines-master/trainer2.py:182: UserWarning: To copy construct from a tensor, it is recommended to use sourceTensor.clone().detach() or sourceTensor.clone().detach().requires_grad_(True), rather than torch.tensor(sourceTensor).
[TRAINER2]   subject_ids = torch.tensor(subject_ids).to(device).long()
[TRAINER2] TestSub: S[11, 12, 13, 14, 15] Epoch 57 Finsh | Now_lr 0.0100/0.0100 | Train Loss 0.0983 | Valid Loss 1.8148 | Train Acc 96.4616| Valid Acc 51.5564 | Domain Loss 3.2123 | Lambda 0.0993 | Contrastive Loss 0.0968
[TRAINER2] /scratch/suyash.kumar.mec22.itbhu/EEG-AAD/eeg-aad-challenge2026-task1-baselines-master/trainer2.py:182: UserWarning: To copy construct from a tensor, it is recommended to use sourceTensor.clone().detach() or sourceTensor.clone().detach().requires_grad_(True), rather than torch.tensor(sourceTensor).
[TRAINER2]   subject_ids = torch.tensor(subject_ids).to(device).long()
[TRAINER2] TestSub: S[11, 12, 13, 14, 15] Epoch 58 Finsh | Now_lr 0.0100/0.0100 | Train Loss 0.0993 | Valid Loss 1.9773 | Train Acc 96.4208| Valid Acc 49.9027 | Domain Loss 3.2152 | Lambda 0.0994 | Contrastive Loss 0.0967
[TRAINER2] /scratch/suyash.kumar.mec22.itbhu/EEG-AAD/eeg-aad-challenge2026-task1-baselines-master/trainer2.py:182: UserWarning: To copy construct from a tensor, it is recommended to use sourceTensor.clone().detach() or sourceTensor.clone().detach().requires_grad_(True), rather than torch.tensor(sourceTensor).
[TRAINER2]   subject_ids = torch.tensor(subject_ids).to(device).long()
[TRAINER2] TestSub: S[11, 12, 13, 14, 15] Epoch 59 Finsh | Now_lr 0.0100/0.0100 | Train Loss 0.0959 | Valid Loss 1.9068 | Train Acc 96.5874| Valid Acc 52.7541 | Domain Loss 3.2117 | Lambda 0.0995 | Contrastive Loss 0.0936
[TRAINER2] /scratch/suyash.kumar.mec22.itbhu/EEG-AAD/eeg-aad-challenge2026-task1-baselines-master/trainer2.py:182: UserWarning: To copy construct from a tensor, it is recommended to use sourceTensor.clone().detach() or sourceTensor.clone().detach().requires_grad_(True), rather than torch.tensor(sourceTensor).
[TRAINER2]   subject_ids = torch.tensor(subject_ids).to(device).long()
[TRAINER2] TestSub: S[11, 12, 13, 14, 15] Epoch 60 Finsh | Now_lr 0.0100/0.0100 | Train Loss 0.0951 | Valid Loss 1.7998 | Train Acc 96.6592| Valid Acc 52.3924 | Domain Loss 3.2148 | Lambda 0.0995 | Contrastive Loss 0.0938
[TRAINER2] /scratch/suyash.kumar.mec22.itbhu/EEG-AAD/eeg-aad-challenge2026-task1-baselines-master/trainer2.py:182: UserWarning: To copy construct from a tensor, it is recommended to use sourceTensor.clone().detach() or sourceTensor.clone().detach().requires_grad_(True), rather than torch.tensor(sourceTensor).
[TRAINER2]   subject_ids = torch.tensor(subject_ids).to(device).long()
[TRAINER2] TestSub: S[11, 12, 13, 14, 15] Epoch 61 Finsh | Now_lr 0.0100/0.0100 | Train Loss 0.0955 | Valid Loss 1.8770 | Train Acc 96.6276| Valid Acc 51.9242 | Domain Loss 3.2129 | Lambda 0.0996 | Contrastive Loss 0.0946
[TRAINER2] /scratch/suyash.kumar.mec22.itbhu/EEG-AAD/eeg-aad-challenge2026-task1-baselines-master/trainer2.py:182: UserWarning: To copy construct from a tensor, it is recommended to use sourceTensor.clone().detach() or sourceTensor.clone().detach().requires_grad_(True), rather than torch.tensor(sourceTensor).
[TRAINER2]   subject_ids = torch.tensor(subject_ids).to(device).long()
[TRAINER2] TestSub: S[11, 12, 13, 14, 15] Epoch 62 Finsh | Now_lr 0.0100/0.0100 | Train Loss 0.0969 | Valid Loss 1.7200 | Train Acc 96.5218| Valid Acc 53.0460 | Domain Loss 3.2156 | Lambda 0.0996 | Contrastive Loss 0.0965
[TRAINER2] Early stopping triggered after 62 epochs (30 epochs without improvement)
[TRAINER2] --------------------------------------------------
[TRAINER2] Test_Subject :S[11, 12, 13, 14, 15] |Best epoch:32 | Test Loss:1.7442 | Best Acc 54.8152 | Savemodel Acc 54.8152
[TRAINER2] --------------------------------------------------
[TRAINER2] 
[TRAINER2] ========== Fold 4 ==========
[TRAINER2] Train IDs: [1, 2, 3, 4, 5, 6, 7, 8, 9, 10, 11, 12, 13, 14, 15, 21, 22, 23, 24, 25, 26, 27, 28, 29, 30]
[TRAINER2] Val IDs:   [16, 17, 18, 19, 20]
[TRAINER2] train_data_shape(164500, 32, 128),val_data_shape(32900, 32, 128)
[TRAINER2] =================================================================
[TRAINER2] Layer (type:depth-idx)                   Param #
[TRAINER2] =================================================================
[TRAINER2] DARNet                                   --
[TRAINER2] ├─TokenEmbedding: 1-1                    --
[TRAINER2] │    └─Sequential: 2-1                   --
[TRAINER2] │    │    └─Conv2d: 3-1                  576
[TRAINER2] │    │    └─BatchNorm2d: 3-2             128
[TRAINER2] │    │    └─GELU: 3-3                    --
[TRAINER2] │    └─Sequential: 2-2                   --
[TRAINER2] │    │    └─Conv2d: 3-4                  32,784
[TRAINER2] │    │    └─BatchNorm2d: 3-5             32
[TRAINER2] │    │    └─GELU: 3-6                    --
[TRAINER2] │    └─PositionalEmbedding: 2-3          --
[TRAINER2] ├─Flatten: 1-2                           --
[TRAINER2] ├─Linear: 1-3                            18
[TRAINER2] ├─AttnRefine: 1-4                        --
[TRAINER2] │    └─MyAttention: 2-4                  --
[TRAINER2] │    │    └─Attention: 3-7               800
[TRAINER2] │    └─Refine: 2-5                       --
[TRAINER2] │    │    └─Conv1d: 3-8                  784
[TRAINER2] │    │    └─BatchNorm1d: 3-9             32
[TRAINER2] │    │    └─ELU: 3-10                    --
[TRAINER2] │    │    └─MaxPool1d: 3-11              --
[TRAINER2] │    └─AdaptiveAvgPool1d: 2-6            --
[TRAINER2] │    └─Linear: 2-7                       68
[TRAINER2] │    └─Flatten: 2-8                      --
[TRAINER2] ├─AttnRefine: 1-5                        --
[TRAINER2] │    └─MyAttention: 2-9                  --
[TRAINER2] │    │    └─Attention: 3-12              800
[TRAINER2] │    └─Refine: 2-10                      --
[TRAINER2] │    │    └─Conv1d: 3-13                 784
[TRAINER2] │    │    └─BatchNorm1d: 3-14            32
[TRAINER2] │    │    └─ELU: 3-15                    --
[TRAINER2] │    │    └─MaxPool1d: 3-16              --
[TRAINER2] │    └─AdaptiveAvgPool1d: 2-11           --
[TRAINER2] │    └─Linear: 2-12                      68
[TRAINER2] │    └─Flatten: 2-13                     --
[TRAINER2] ├─GradientReversalLayer: 1-6             --
[TRAINER2] ├─SubjectDiscriminator: 1-7              --
[TRAINER2] │    └─Sequential: 2-14                  --
[TRAINER2] │    │    └─Linear: 3-17                 2,304
[TRAINER2] │    │    └─ReLU: 3-18                   --
[TRAINER2] │    │    └─Dropout: 3-19                --
[TRAINER2] │    │    └─Linear: 3-20                 32,896
[TRAINER2] │    │    └─ReLU: 3-21                   --
[TRAINER2] │    │    └─Dropout: 3-22                --
[TRAINER2] │    │    └─Linear: 3-23                 3,870
[TRAINER2] ├─ContrastiveHead: 1-8                   --
[TRAINER2] │    └─Sequential: 2-15                  --
[TRAINER2] │    │    └─Linear: 3-24                 576
[TRAINER2] │    │    └─ReLU: 3-25                   --
[TRAINER2] │    │    └─Linear: 3-26                 8,320
[TRAINER2] =================================================================
[TRAINER2] Total params: 84,872
[TRAINER2] Trainable params: 84,872
[TRAINER2] Non-trainable params: 0
[TRAINER2] =================================================================
[TRAINER2] /scratch/suyash.kumar.mec22.itbhu/EEG-AAD/eeg-aad-challenge2026-task1-baselines-master/trainer2.py:182: UserWarning: To copy construct from a tensor, it is recommended to use sourceTensor.clone().detach() or sourceTensor.clone().detach().requires_grad_(True), rather than torch.tensor(sourceTensor).
[TRAINER2]   subject_ids = torch.tensor(subject_ids).to(device).long()
[TRAINER2] TestSub: S[16, 17, 18, 19, 20] Epoch  1 Finsh | Now_lr 0.0100/0.0100 | Train Loss 0.5442 | Valid Loss 1.2365 | Train Acc 70.3769| Valid Acc 50.1702 | Domain Loss 3.1529 | Lambda 0.0050 | Contrastive Loss 0.5579
[TRAINER2] Validation acc increase (0.000000 --> 50.170233) in epoch (1).  Saving model ...
[TRAINER2] /scratch/suyash.kumar.mec22.itbhu/EEG-AAD/eeg-aad-challenge2026-task1-baselines-master/trainer2.py:182: UserWarning: To copy construct from a tensor, it is recommended to use sourceTensor.clone().detach() or sourceTensor.clone().detach().requires_grad_(True), rather than torch.tensor(sourceTensor).
[TRAINER2]   subject_ids = torch.tensor(subject_ids).to(device).long()
[TRAINER2] TestSub: S[16, 17, 18, 19, 20] Epoch  2 Finsh | Now_lr 0.0100/0.0100 | Train Loss 0.3977 | Valid Loss 1.3384 | Train Acc 81.6300| Valid Acc 49.7994 | Domain Loss 3.0132 | Lambda 0.0100 | Contrastive Loss 0.4023
[TRAINER2] /scratch/suyash.kumar.mec22.itbhu/EEG-AAD/eeg-aad-challenge2026-task1-baselines-master/trainer2.py:182: UserWarning: To copy construct from a tensor, it is recommended to use sourceTensor.clone().detach() or sourceTensor.clone().detach().requires_grad_(True), rather than torch.tensor(sourceTensor).
[TRAINER2]   subject_ids = torch.tensor(subject_ids).to(device).long()
[TRAINER2] TestSub: S[16, 17, 18, 19, 20] Epoch  3 Finsh | Now_lr 0.0100/0.0100 | Train Loss 0.3585 | Valid Loss 1.4230 | Train Acc 83.9847| Valid Acc 48.7476 | Domain Loss 2.9826 | Lambda 0.0149 | Contrastive Loss 0.3610
[TRAINER2] /scratch/suyash.kumar.mec22.itbhu/EEG-AAD/eeg-aad-challenge2026-task1-baselines-master/trainer2.py:182: UserWarning: To copy construct from a tensor, it is recommended to use sourceTensor.clone().detach() or sourceTensor.clone().detach().requires_grad_(True), rather than torch.tensor(sourceTensor).
[TRAINER2]   subject_ids = torch.tensor(subject_ids).to(device).long()
[TRAINER2] TestSub: S[16, 17, 18, 19, 20] Epoch  4 Finsh | Now_lr 0.0100/0.0100 | Train Loss 0.3391 | Valid Loss 1.2955 | Train Acc 85.0924| Valid Acc 52.9760 | Domain Loss 2.9721 | Lambda 0.0197 | Contrastive Loss 0.3402
[TRAINER2] Validation acc increase (50.170233 --> 52.976046) in epoch (4).  Saving model ...
[TRAINER2] /scratch/suyash.kumar.mec22.itbhu/EEG-AAD/eeg-aad-challenge2026-task1-baselines-master/trainer2.py:182: UserWarning: To copy construct from a tensor, it is recommended to use sourceTensor.clone().detach() or sourceTensor.clone().detach().requires_grad_(True), rather than torch.tensor(sourceTensor).
[TRAINER2]   subject_ids = torch.tensor(subject_ids).to(device).long()
[TRAINER2] TestSub: S[16, 17, 18, 19, 20] Epoch  5 Finsh | Now_lr 0.0100/0.0100 | Train Loss 0.3191 | Valid Loss 1.3272 | Train Acc 86.2135| Valid Acc 51.8148 | Domain Loss 3.0263 | Lambda 0.0245 | Contrastive Loss 0.3197
[TRAINER2] /scratch/suyash.kumar.mec22.itbhu/EEG-AAD/eeg-aad-challenge2026-task1-baselines-master/trainer2.py:182: UserWarning: To copy construct from a tensor, it is recommended to use sourceTensor.clone().detach() or sourceTensor.clone().detach().requires_grad_(True), rather than torch.tensor(sourceTensor).
[TRAINER2]   subject_ids = torch.tensor(subject_ids).to(device).long()
[TRAINER2] TestSub: S[16, 17, 18, 19, 20] Epoch  6 Finsh | Now_lr 0.0100/0.0100 | Train Loss 0.2980 | Valid Loss 1.2954 | Train Acc 87.3717| Valid Acc 57.4538 | Domain Loss 3.0644 | Lambda 0.0291 | Contrastive Loss 0.2995
[TRAINER2] Validation acc increase (52.976046 --> 57.453794) in epoch (6).  Saving model ...
[TRAINER2] /scratch/suyash.kumar.mec22.itbhu/EEG-AAD/eeg-aad-challenge2026-task1-baselines-master/trainer2.py:182: UserWarning: To copy construct from a tensor, it is recommended to use sourceTensor.clone().detach() or sourceTensor.clone().detach().requires_grad_(True), rather than torch.tensor(sourceTensor).
[TRAINER2]   subject_ids = torch.tensor(subject_ids).to(device).long()
[TRAINER2] TestSub: S[16, 17, 18, 19, 20] Epoch  7 Finsh | Now_lr 0.0100/0.0100 | Train Loss 0.2776 | Valid Loss 1.4629 | Train Acc 88.2952| Valid Acc 52.4957 | Domain Loss 3.0891 | Lambda 0.0336 | Contrastive Loss 0.2773
[TRAINER2] /scratch/suyash.kumar.mec22.itbhu/EEG-AAD/eeg-aad-challenge2026-task1-baselines-master/trainer2.py:182: UserWarning: To copy construct from a tensor, it is recommended to use sourceTensor.clone().detach() or sourceTensor.clone().detach().requires_grad_(True), rather than torch.tensor(sourceTensor).
[TRAINER2]   subject_ids = torch.tensor(subject_ids).to(device).long()
[TRAINER2] TestSub: S[16, 17, 18, 19, 20] Epoch  8 Finsh | Now_lr 0.0100/0.0100 | Train Loss 0.2566 | Valid Loss 1.4858 | Train Acc 89.3410| Valid Acc 53.1797 | Domain Loss 3.0829 | Lambda 0.0380 | Contrastive Loss 0.2546
[TRAINER2] /scratch/suyash.kumar.mec22.itbhu/EEG-AAD/eeg-aad-challenge2026-task1-baselines-master/trainer2.py:182: UserWarning: To copy construct from a tensor, it is recommended to use sourceTensor.clone().detach() or sourceTensor.clone().detach().requires_grad_(True), rather than torch.tensor(sourceTensor).
[TRAINER2]   subject_ids = torch.tensor(subject_ids).to(device).long()
[TRAINER2] TestSub: S[16, 17, 18, 19, 20] Epoch  9 Finsh | Now_lr 0.0100/0.0100 | Train Loss 0.2424 | Valid Loss 1.7480 | Train Acc 90.0614| Valid Acc 51.7540 | Domain Loss 3.1026 | Lambda 0.0422 | Contrastive Loss 0.2398
[TRAINER2] /scratch/suyash.kumar.mec22.itbhu/EEG-AAD/eeg-aad-challenge2026-task1-baselines-master/trainer2.py:182: UserWarning: To copy construct from a tensor, it is recommended to use sourceTensor.clone().detach() or sourceTensor.clone().detach().requires_grad_(True), rather than torch.tensor(sourceTensor).
[TRAINER2]   subject_ids = torch.tensor(subject_ids).to(device).long()
[TRAINER2] TestSub: S[16, 17, 18, 19, 20] Epoch 10 Finsh | Now_lr 0.0100/0.0100 | Train Loss 0.2254 | Valid Loss 1.8041 | Train Acc 90.8153| Valid Acc 54.0096 | Domain Loss 3.1089 | Lambda 0.0462 | Contrastive Loss 0.2222
[TRAINER2] /scratch/suyash.kumar.mec22.itbhu/EEG-AAD/eeg-aad-challenge2026-task1-baselines-master/trainer2.py:182: UserWarning: To copy construct from a tensor, it is recommended to use sourceTensor.clone().detach() or sourceTensor.clone().detach().requires_grad_(True), rather than torch.tensor(sourceTensor).
[TRAINER2]   subject_ids = torch.tensor(subject_ids).to(device).long()
[TRAINER2] TestSub: S[16, 17, 18, 19, 20] Epoch 11 Finsh | Now_lr 0.0100/0.0100 | Train Loss 0.2071 | Valid Loss 1.6330 | Train Acc 91.7090| Valid Acc 52.6477 | Domain Loss 3.1184 | Lambda 0.0501 | Contrastive Loss 0.2038
[TRAINER2] /scratch/suyash.kumar.mec22.itbhu/EEG-AAD/eeg-aad-challenge2026-task1-baselines-master/trainer2.py:182: UserWarning: To copy construct from a tensor, it is recommended to use sourceTensor.clone().detach() or sourceTensor.clone().detach().requires_grad_(True), rather than torch.tensor(sourceTensor).
[TRAINER2]   subject_ids = torch.tensor(subject_ids).to(device).long()
[TRAINER2] TestSub: S[16, 17, 18, 19, 20] Epoch 12 Finsh | Now_lr 0.0100/0.0100 | Train Loss 0.1908 | Valid Loss 1.7760 | Train Acc 92.3991| Valid Acc 50.5502 | Domain Loss 3.1277 | Lambda 0.0537 | Contrastive Loss 0.1870
[TRAINER2] /scratch/suyash.kumar.mec22.itbhu/EEG-AAD/eeg-aad-challenge2026-task1-baselines-master/trainer2.py:182: UserWarning: To copy construct from a tensor, it is recommended to use sourceTensor.clone().detach() or sourceTensor.clone().detach().requires_grad_(True), rather than torch.tensor(sourceTensor).
[TRAINER2]   subject_ids = torch.tensor(subject_ids).to(device).long()
[TRAINER2] TestSub: S[16, 17, 18, 19, 20] Epoch 13 Finsh | Now_lr 0.0100/0.0100 | Train Loss 0.1754 | Valid Loss 1.7342 | Train Acc 93.0782| Valid Acc 52.1766 | Domain Loss 3.1526 | Lambda 0.0572 | Contrastive Loss 0.1725
[TRAINER2] /scratch/suyash.kumar.mec22.itbhu/EEG-AAD/eeg-aad-challenge2026-task1-baselines-master/trainer2.py:182: UserWarning: To copy construct from a tensor, it is recommended to use sourceTensor.clone().detach() or sourceTensor.clone().detach().requires_grad_(True), rather than torch.tensor(sourceTensor).
[TRAINER2]   subject_ids = torch.tensor(subject_ids).to(device).long()
[TRAINER2] TestSub: S[16, 17, 18, 19, 20] Epoch 14 Finsh | Now_lr 0.0100/0.0100 | Train Loss 0.1655 | Valid Loss 1.7589 | Train Acc 93.5105| Valid Acc 53.1524 | Domain Loss 3.1741 | Lambda 0.0604 | Contrastive Loss 0.1613
[TRAINER2] /scratch/suyash.kumar.mec22.itbhu/EEG-AAD/eeg-aad-challenge2026-task1-baselines-master/trainer2.py:182: UserWarning: To copy construct from a tensor, it is recommended to use sourceTensor.clone().detach() or sourceTensor.clone().detach().requires_grad_(True), rather than torch.tensor(sourceTensor).
[TRAINER2]   subject_ids = torch.tensor(subject_ids).to(device).long()
[TRAINER2] TestSub: S[16, 17, 18, 19, 20] Epoch 15 Finsh | Now_lr 0.0100/0.0100 | Train Loss 0.1568 | Valid Loss 1.6701 | Train Acc 93.9208| Valid Acc 50.3830 | Domain Loss 3.1637 | Lambda 0.0635 | Contrastive Loss 0.1516
[TRAINER2] /scratch/suyash.kumar.mec22.itbhu/EEG-AAD/eeg-aad-challenge2026-task1-baselines-master/trainer2.py:182: UserWarning: To copy construct from a tensor, it is recommended to use sourceTensor.clone().detach() or sourceTensor.clone().detach().requires_grad_(True), rather than torch.tensor(sourceTensor).
[TRAINER2]   subject_ids = torch.tensor(subject_ids).to(device).long()
[TRAINER2] TestSub: S[16, 17, 18, 19, 20] Epoch 16 Finsh | Now_lr 0.0100/0.0100 | Train Loss 0.1474 | Valid Loss 1.6900 | Train Acc 94.2984| Valid Acc 51.5017 | Domain Loss 3.1661 | Lambda 0.0664 | Contrastive Loss 0.1451
[TRAINER2] /scratch/suyash.kumar.mec22.itbhu/EEG-AAD/eeg-aad-challenge2026-task1-baselines-master/trainer2.py:182: UserWarning: To copy construct from a tensor, it is recommended to use sourceTensor.clone().detach() or sourceTensor.clone().detach().requires_grad_(True), rather than torch.tensor(sourceTensor).
[TRAINER2]   subject_ids = torch.tensor(subject_ids).to(device).long()
[TRAINER2] TestSub: S[16, 17, 18, 19, 20] Epoch 17 Finsh | Now_lr 0.0100/0.0100 | Train Loss 0.1417 | Valid Loss 1.7445 | Train Acc 94.5829| Valid Acc 53.9914 | Domain Loss 3.1780 | Lambda 0.0691 | Contrastive Loss 0.1383
[TRAINER2] /scratch/suyash.kumar.mec22.itbhu/EEG-AAD/eeg-aad-challenge2026-task1-baselines-master/trainer2.py:182: UserWarning: To copy construct from a tensor, it is recommended to use sourceTensor.clone().detach() or sourceTensor.clone().detach().requires_grad_(True), rather than torch.tensor(sourceTensor).
[TRAINER2]   subject_ids = torch.tensor(subject_ids).to(device).long()
[TRAINER2] TestSub: S[16, 17, 18, 19, 20] Epoch 18 Finsh | Now_lr 0.0100/0.0100 | Train Loss 0.1368 | Valid Loss 1.9472 | Train Acc 94.7349| Valid Acc 50.7357 | Domain Loss 3.1736 | Lambda 0.0716 | Contrastive Loss 0.1339
[TRAINER2] /scratch/suyash.kumar.mec22.itbhu/EEG-AAD/eeg-aad-challenge2026-task1-baselines-master/trainer2.py:182: UserWarning: To copy construct from a tensor, it is recommended to use sourceTensor.clone().detach() or sourceTensor.clone().detach().requires_grad_(True), rather than torch.tensor(sourceTensor).
[TRAINER2]   subject_ids = torch.tensor(subject_ids).to(device).long()
[TRAINER2] TestSub: S[16, 17, 18, 19, 20] Epoch 19 Finsh | Now_lr 0.0100/0.0100 | Train Loss 0.1322 | Valid Loss 1.7790 | Train Acc 94.9562| Valid Acc 53.0733 | Domain Loss 3.1787 | Lambda 0.0740 | Contrastive Loss 0.1302
[TRAINER2] /scratch/suyash.kumar.mec22.itbhu/EEG-AAD/eeg-aad-challenge2026-task1-baselines-master/trainer2.py:182: UserWarning: To copy construct from a tensor, it is recommended to use sourceTensor.clone().detach() or sourceTensor.clone().detach().requires_grad_(True), rather than torch.tensor(sourceTensor).
[TRAINER2]   subject_ids = torch.tensor(subject_ids).to(device).long()
[TRAINER2] TestSub: S[16, 17, 18, 19, 20] Epoch 20 Finsh | Now_lr 0.0100/0.0100 | Train Loss 0.1264 | Valid Loss 1.8029 | Train Acc 95.1666| Valid Acc 51.5959 | Domain Loss 3.1829 | Lambda 0.0762 | Contrastive Loss 0.1254
[TRAINER2] /scratch/suyash.kumar.mec22.itbhu/EEG-AAD/eeg-aad-challenge2026-task1-baselines-master/trainer2.py:182: UserWarning: To copy construct from a tensor, it is recommended to use sourceTensor.clone().detach() or sourceTensor.clone().detach().requires_grad_(True), rather than torch.tensor(sourceTensor).
[TRAINER2]   subject_ids = torch.tensor(subject_ids).to(device).long()
[TRAINER2] TestSub: S[16, 17, 18, 19, 20] Epoch 21 Finsh | Now_lr 0.0100/0.0100 | Train Loss 0.1253 | Valid Loss 1.8465 | Train Acc 95.2620| Valid Acc 53.8728 | Domain Loss 3.1935 | Lambda 0.0782 | Contrastive Loss 0.1225
[TRAINER2] /scratch/suyash.kumar.mec22.itbhu/EEG-AAD/eeg-aad-challenge2026-task1-baselines-master/trainer2.py:182: UserWarning: To copy construct from a tensor, it is recommended to use sourceTensor.clone().detach() or sourceTensor.clone().detach().requires_grad_(True), rather than torch.tensor(sourceTensor).
[TRAINER2]   subject_ids = torch.tensor(subject_ids).to(device).long()
[TRAINER2] TestSub: S[16, 17, 18, 19, 20] Epoch 22 Finsh | Now_lr 0.0100/0.0100 | Train Loss 0.1214 | Valid Loss 1.8903 | Train Acc 95.4177| Valid Acc 50.7235 | Domain Loss 3.1947 | Lambda 0.0800 | Contrastive Loss 0.1187
[TRAINER2] /scratch/suyash.kumar.mec22.itbhu/EEG-AAD/eeg-aad-challenge2026-task1-baselines-master/trainer2.py:182: UserWarning: To copy construct from a tensor, it is recommended to use sourceTensor.clone().detach() or sourceTensor.clone().detach().requires_grad_(True), rather than torch.tensor(sourceTensor).
[TRAINER2]   subject_ids = torch.tensor(subject_ids).to(device).long()
[TRAINER2] TestSub: S[16, 17, 18, 19, 20] Epoch 23 Finsh | Now_lr 0.0100/0.0100 | Train Loss 0.1174 | Valid Loss 1.8869 | Train Acc 95.5873| Valid Acc 51.1673 | Domain Loss 3.1968 | Lambda 0.0818 | Contrastive Loss 0.1160
[TRAINER2] /scratch/suyash.kumar.mec22.itbhu/EEG-AAD/eeg-aad-challenge2026-task1-baselines-master/trainer2.py:182: UserWarning: To copy construct from a tensor, it is recommended to use sourceTensor.clone().detach() or sourceTensor.clone().detach().requires_grad_(True), rather than torch.tensor(sourceTensor).
[TRAINER2]   subject_ids = torch.tensor(subject_ids).to(device).long()
[TRAINER2] TestSub: S[16, 17, 18, 19, 20] Epoch 24 Finsh | Now_lr 0.0100/0.0100 | Train Loss 0.1179 | Valid Loss 1.8758 | Train Acc 95.5818| Valid Acc 51.5868 | Domain Loss 3.1940 | Lambda 0.0834 | Contrastive Loss 0.1159
[TRAINER2] /scratch/suyash.kumar.mec22.itbhu/EEG-AAD/eeg-aad-challenge2026-task1-baselines-master/trainer2.py:182: UserWarning: To copy construct from a tensor, it is recommended to use sourceTensor.clone().detach() or sourceTensor.clone().detach().requires_grad_(True), rather than torch.tensor(sourceTensor).
[TRAINER2]   subject_ids = torch.tensor(subject_ids).to(device).long()
[TRAINER2] TestSub: S[16, 17, 18, 19, 20] Epoch 25 Finsh | Now_lr 0.0100/0.0100 | Train Loss 0.1131 | Valid Loss 2.1122 | Train Acc 95.7746| Valid Acc 50.4833 | Domain Loss 3.1938 | Lambda 0.0848 | Contrastive Loss 0.1114
[TRAINER2] /scratch/suyash.kumar.mec22.itbhu/EEG-AAD/eeg-aad-challenge2026-task1-baselines-master/trainer2.py:182: UserWarning: To copy construct from a tensor, it is recommended to use sourceTensor.clone().detach() or sourceTensor.clone().detach().requires_grad_(True), rather than torch.tensor(sourceTensor).
[TRAINER2]   subject_ids = torch.tensor(subject_ids).to(device).long()
[TRAINER2] TestSub: S[16, 17, 18, 19, 20] Epoch 26 Finsh | Now_lr 0.0100/0.0100 | Train Loss 0.1133 | Valid Loss 1.8558 | Train Acc 95.7989| Valid Acc 52.9517 | Domain Loss 3.2011 | Lambda 0.0862 | Contrastive Loss 0.1118
[TRAINER2] /scratch/suyash.kumar.mec22.itbhu/EEG-AAD/eeg-aad-challenge2026-task1-baselines-master/trainer2.py:182: UserWarning: To copy construct from a tensor, it is recommended to use sourceTensor.clone().detach() or sourceTensor.clone().detach().requires_grad_(True), rather than torch.tensor(sourceTensor).
[TRAINER2]   subject_ids = torch.tensor(subject_ids).to(device).long()
[TRAINER2] TestSub: S[16, 17, 18, 19, 20] Epoch 27 Finsh | Now_lr 0.0100/0.0100 | Train Loss 0.1095 | Valid Loss 1.8818 | Train Acc 95.9223| Valid Acc 52.0094 | Domain Loss 3.1988 | Lambda 0.0874 | Contrastive Loss 0.1084
[TRAINER2] /scratch/suyash.kumar.mec22.itbhu/EEG-AAD/eeg-aad-challenge2026-task1-baselines-master/trainer2.py:182: UserWarning: To copy construct from a tensor, it is recommended to use sourceTensor.clone().detach() or sourceTensor.clone().detach().requires_grad_(True), rather than torch.tensor(sourceTensor).
[TRAINER2]   subject_ids = torch.tensor(subject_ids).to(device).long()
[TRAINER2] TestSub: S[16, 17, 18, 19, 20] Epoch 28 Finsh | Now_lr 0.0100/0.0100 | Train Loss 0.1087 | Valid Loss 1.7779 | Train Acc 96.0178| Valid Acc 52.3012 | Domain Loss 3.2038 | Lambda 0.0885 | Contrastive Loss 0.1072
[TRAINER2] /scratch/suyash.kumar.mec22.itbhu/EEG-AAD/eeg-aad-challenge2026-task1-baselines-master/trainer2.py:182: UserWarning: To copy construct from a tensor, it is recommended to use sourceTensor.clone().detach() or sourceTensor.clone().detach().requires_grad_(True), rather than torch.tensor(sourceTensor).
[TRAINER2]   subject_ids = torch.tensor(subject_ids).to(device).long()
[TRAINER2] TestSub: S[16, 17, 18, 19, 20] Epoch 29 Finsh | Now_lr 0.0100/0.0100 | Train Loss 0.1082 | Valid Loss 2.2461 | Train Acc 96.0244| Valid Acc 49.9027 | Domain Loss 3.2052 | Lambda 0.0896 | Contrastive Loss 0.1065
[TRAINER2] /scratch/suyash.kumar.mec22.itbhu/EEG-AAD/eeg-aad-challenge2026-task1-baselines-master/trainer2.py:182: UserWarning: To copy construct from a tensor, it is recommended to use sourceTensor.clone().detach() or sourceTensor.clone().detach().requires_grad_(True), rather than torch.tensor(sourceTensor).
[TRAINER2]   subject_ids = torch.tensor(subject_ids).to(device).long()
[TRAINER2] TestSub: S[16, 17, 18, 19, 20] Epoch 30 Finsh | Now_lr 0.0100/0.0100 | Train Loss 0.1065 | Valid Loss 2.1822 | Train Acc 96.0786| Valid Acc 49.9696 | Domain Loss 3.2098 | Lambda 0.0905 | Contrastive Loss 0.1050
[TRAINER2] /scratch/suyash.kumar.mec22.itbhu/EEG-AAD/eeg-aad-challenge2026-task1-baselines-master/trainer2.py:182: UserWarning: To copy construct from a tensor, it is recommended to use sourceTensor.clone().detach() or sourceTensor.clone().detach().requires_grad_(True), rather than torch.tensor(sourceTensor).
[TRAINER2]   subject_ids = torch.tensor(subject_ids).to(device).long()
[TRAINER2] TestSub: S[16, 17, 18, 19, 20] Epoch 31 Finsh | Now_lr 0.0100/0.0100 | Train Loss 0.1067 | Valid Loss 2.1559 | Train Acc 96.0858| Valid Acc 49.7112 | Domain Loss 3.2065 | Lambda 0.0914 | Contrastive Loss 0.1053
[TRAINER2] /scratch/suyash.kumar.mec22.itbhu/EEG-AAD/eeg-aad-challenge2026-task1-baselines-master/trainer2.py:182: UserWarning: To copy construct from a tensor, it is recommended to use sourceTensor.clone().detach() or sourceTensor.clone().detach().requires_grad_(True), rather than torch.tensor(sourceTensor).
[TRAINER2]   subject_ids = torch.tensor(subject_ids).to(device).long()
[TRAINER2] TestSub: S[16, 17, 18, 19, 20] Epoch 32 Finsh | Now_lr 0.0100/0.0100 | Train Loss 0.1048 | Valid Loss 1.9605 | Train Acc 96.1661| Valid Acc 50.6171 | Domain Loss 3.2065 | Lambda 0.0922 | Contrastive Loss 0.1034
[TRAINER2] /scratch/suyash.kumar.mec22.itbhu/EEG-AAD/eeg-aad-challenge2026-task1-baselines-master/trainer2.py:182: UserWarning: To copy construct from a tensor, it is recommended to use sourceTensor.clone().detach() or sourceTensor.clone().detach().requires_grad_(True), rather than torch.tensor(sourceTensor).
[TRAINER2]   subject_ids = torch.tensor(subject_ids).to(device).long()
[TRAINER2] TestSub: S[16, 17, 18, 19, 20] Epoch 33 Finsh | Now_lr 0.0100/0.0100 | Train Loss 0.1028 | Valid Loss 2.1997 | Train Acc 96.2202| Valid Acc 49.7355 | Domain Loss 3.2074 | Lambda 0.0929 | Contrastive Loss 0.1023
[TRAINER2] /scratch/suyash.kumar.mec22.itbhu/EEG-AAD/eeg-aad-challenge2026-task1-baselines-master/trainer2.py:182: UserWarning: To copy construct from a tensor, it is recommended to use sourceTensor.clone().detach() or sourceTensor.clone().detach().requires_grad_(True), rather than torch.tensor(sourceTensor).
[TRAINER2]   subject_ids = torch.tensor(subject_ids).to(device).long()
[TRAINER2] TestSub: S[16, 17, 18, 19, 20] Epoch 34 Finsh | Now_lr 0.0100/0.0100 | Train Loss 0.1038 | Valid Loss 1.7991 | Train Acc 96.1600| Valid Acc 54.4170 | Domain Loss 3.2061 | Lambda 0.0935 | Contrastive Loss 0.1026
[TRAINER2] /scratch/suyash.kumar.mec22.itbhu/EEG-AAD/eeg-aad-challenge2026-task1-baselines-master/trainer2.py:182: UserWarning: To copy construct from a tensor, it is recommended to use sourceTensor.clone().detach() or sourceTensor.clone().detach().requires_grad_(True), rather than torch.tensor(sourceTensor).
[TRAINER2]   subject_ids = torch.tensor(subject_ids).to(device).long()
[TRAINER2] TestSub: S[16, 17, 18, 19, 20] Epoch 35 Finsh | Now_lr 0.0100/0.0100 | Train Loss 0.1008 | Valid Loss 1.9223 | Train Acc 96.3564| Valid Acc 52.8089 | Domain Loss 3.2103 | Lambda 0.0941 | Contrastive Loss 0.0998
[TRAINER2] /scratch/suyash.kumar.mec22.itbhu/EEG-AAD/eeg-aad-challenge2026-task1-baselines-master/trainer2.py:182: UserWarning: To copy construct from a tensor, it is recommended to use sourceTensor.clone().detach() or sourceTensor.clone().detach().requires_grad_(True), rather than torch.tensor(sourceTensor).
[TRAINER2]   subject_ids = torch.tensor(subject_ids).to(device).long()
[TRAINER2] TestSub: S[16, 17, 18, 19, 20] Epoch 36 Finsh | Now_lr 0.0100/0.0100 | Train Loss 0.1022 | Valid Loss 2.0541 | Train Acc 96.2895| Valid Acc 50.9393 | Domain Loss 3.2091 | Lambda 0.0947 | Contrastive Loss 0.1021
[TRAINER2] Early stopping triggered after 36 epochs (30 epochs without improvement)
[TRAINER2] --------------------------------------------------
[TRAINER2] Test_Subject :S[16, 17, 18, 19, 20] |Best epoch:6 | Test Loss:1.2954 | Best Acc 57.4538 | Savemodel Acc 57.4538
[TRAINER2] --------------------------------------------------
[TRAINER2] 
[TRAINER2] ========== Fold 5 ==========
[TRAINER2] Train IDs: [1, 2, 3, 4, 5, 6, 7, 8, 9, 10, 11, 12, 13, 14, 15, 16, 17, 18, 19, 20, 26, 27, 28, 29, 30]
[TRAINER2] Val IDs:   [21, 22, 23, 24, 25]
[TRAINER2] train_data_shape(164500, 32, 128),val_data_shape(32900, 32, 128)
[TRAINER2] =================================================================
[TRAINER2] Layer (type:depth-idx)                   Param #
[TRAINER2] =================================================================
[TRAINER2] DARNet                                   --
[TRAINER2] ├─TokenEmbedding: 1-1                    --
[TRAINER2] │    └─Sequential: 2-1                   --
[TRAINER2] │    │    └─Conv2d: 3-1                  576
[TRAINER2] │    │    └─BatchNorm2d: 3-2             128
[TRAINER2] │    │    └─GELU: 3-3                    --
[TRAINER2] │    └─Sequential: 2-2                   --
[TRAINER2] │    │    └─Conv2d: 3-4                  32,784
[TRAINER2] │    │    └─BatchNorm2d: 3-5             32
[TRAINER2] │    │    └─GELU: 3-6                    --
[TRAINER2] │    └─PositionalEmbedding: 2-3          --
[TRAINER2] ├─Flatten: 1-2                           --
[TRAINER2] ├─Linear: 1-3                            18
[TRAINER2] ├─AttnRefine: 1-4                        --
[TRAINER2] │    └─MyAttention: 2-4                  --
[TRAINER2] │    │    └─Attention: 3-7               800
[TRAINER2] │    └─Refine: 2-5                       --
[TRAINER2] │    │    └─Conv1d: 3-8                  784
[TRAINER2] │    │    └─BatchNorm1d: 3-9             32
[TRAINER2] │    │    └─ELU: 3-10                    --
[TRAINER2] │    │    └─MaxPool1d: 3-11              --
[TRAINER2] │    └─AdaptiveAvgPool1d: 2-6            --
[TRAINER2] │    └─Linear: 2-7                       68
[TRAINER2] │    └─Flatten: 2-8                      --
[TRAINER2] ├─AttnRefine: 1-5                        --
[TRAINER2] │    └─MyAttention: 2-9                  --
[TRAINER2] │    │    └─Attention: 3-12              800
[TRAINER2] │    └─Refine: 2-10                      --
[TRAINER2] │    │    └─Conv1d: 3-13                 784
[TRAINER2] │    │    └─BatchNorm1d: 3-14            32
[TRAINER2] │    │    └─ELU: 3-15                    --
[TRAINER2] │    │    └─MaxPool1d: 3-16              --
[TRAINER2] │    └─AdaptiveAvgPool1d: 2-11           --
[TRAINER2] │    └─Linear: 2-12                      68
[TRAINER2] │    └─Flatten: 2-13                     --
[TRAINER2] ├─GradientReversalLayer: 1-6             --
[TRAINER2] ├─SubjectDiscriminator: 1-7              --
[TRAINER2] │    └─Sequential: 2-14                  --
[TRAINER2] │    │    └─Linear: 3-17                 2,304
[TRAINER2] │    │    └─ReLU: 3-18                   --
[TRAINER2] │    │    └─Dropout: 3-19                --
[TRAINER2] │    │    └─Linear: 3-20                 32,896
[TRAINER2] │    │    └─ReLU: 3-21                   --
[TRAINER2] │    │    └─Dropout: 3-22                --
[TRAINER2] │    │    └─Linear: 3-23                 3,870
[TRAINER2] ├─ContrastiveHead: 1-8                   --
[TRAINER2] │    └─Sequential: 2-15                  --
[TRAINER2] │    │    └─Linear: 3-24                 576
[TRAINER2] │    │    └─ReLU: 3-25                   --
[TRAINER2] │    │    └─Linear: 3-26                 8,320
[TRAINER2] =================================================================
[TRAINER2] Total params: 84,872
[TRAINER2] Trainable params: 84,872
[TRAINER2] Non-trainable params: 0
[TRAINER2] =================================================================
[TRAINER2] /scratch/suyash.kumar.mec22.itbhu/EEG-AAD/eeg-aad-challenge2026-task1-baselines-master/trainer2.py:182: UserWarning: To copy construct from a tensor, it is recommended to use sourceTensor.clone().detach() or sourceTensor.clone().detach().requires_grad_(True), rather than torch.tensor(sourceTensor).
[TRAINER2]   subject_ids = torch.tensor(subject_ids).to(device).long()
[TRAINER2] TestSub: S[21, 22, 23, 24, 25] Epoch  1 Finsh | Now_lr 0.0100/0.0100 | Train Loss 0.5686 | Valid Loss 1.2035 | Train Acc 68.5111| Valid Acc 50.3678 | Domain Loss 3.1595 | Lambda 0.0050 | Contrastive Loss 0.5831
[TRAINER2] Validation acc increase (0.000000 --> 50.367826) in epoch (1).  Saving model ...
[TRAINER2] /scratch/suyash.kumar.mec22.itbhu/EEG-AAD/eeg-aad-challenge2026-task1-baselines-master/trainer2.py:182: UserWarning: To copy construct from a tensor, it is recommended to use sourceTensor.clone().detach() or sourceTensor.clone().detach().requires_grad_(True), rather than torch.tensor(sourceTensor).
[TRAINER2]   subject_ids = torch.tensor(subject_ids).to(device).long()
[TRAINER2] TestSub: S[21, 22, 23, 24, 25] Epoch  2 Finsh | Now_lr 0.0100/0.0100 | Train Loss 0.3955 | Valid Loss 1.2989 | Train Acc 81.9656| Valid Acc 52.5717 | Domain Loss 3.0464 | Lambda 0.0100 | Contrastive Loss 0.4020
[TRAINER2] Validation acc increase (50.367826 --> 52.571741) in epoch (2).  Saving model ...
[TRAINER2] /scratch/suyash.kumar.mec22.itbhu/EEG-AAD/eeg-aad-challenge2026-task1-baselines-master/trainer2.py:182: UserWarning: To copy construct from a tensor, it is recommended to use sourceTensor.clone().detach() or sourceTensor.clone().detach().requires_grad_(True), rather than torch.tensor(sourceTensor).
[TRAINER2]   subject_ids = torch.tensor(subject_ids).to(device).long()
[TRAINER2] TestSub: S[21, 22, 23, 24, 25] Epoch  3 Finsh | Now_lr 0.0100/0.0100 | Train Loss 0.3512 | Valid Loss 1.4074 | Train Acc 84.4443| Valid Acc 51.6203 | Domain Loss 2.9946 | Lambda 0.0149 | Contrastive Loss 0.3546
[TRAINER2] /scratch/suyash.kumar.mec22.itbhu/EEG-AAD/eeg-aad-challenge2026-task1-baselines-master/trainer2.py:182: UserWarning: To copy construct from a tensor, it is recommended to use sourceTensor.clone().detach() or sourceTensor.clone().detach().requires_grad_(True), rather than torch.tensor(sourceTensor).
[TRAINER2]   subject_ids = torch.tensor(subject_ids).to(device).long()
[TRAINER2] TestSub: S[21, 22, 23, 24, 25] Epoch  4 Finsh | Now_lr 0.0100/0.0100 | Train Loss 0.3301 | Valid Loss 1.3532 | Train Acc 85.6372| Valid Acc 52.9821 | Domain Loss 3.0415 | Lambda 0.0197 | Contrastive Loss 0.3319
[TRAINER2] Validation acc increase (52.571741 --> 52.982125) in epoch (4).  Saving model ...
[TRAINER2] /scratch/suyash.kumar.mec22.itbhu/EEG-AAD/eeg-aad-challenge2026-task1-baselines-master/trainer2.py:182: UserWarning: To copy construct from a tensor, it is recommended to use sourceTensor.clone().detach() or sourceTensor.clone().detach().requires_grad_(True), rather than torch.tensor(sourceTensor).
[TRAINER2]   subject_ids = torch.tensor(subject_ids).to(device).long()
[TRAINER2] TestSub: S[21, 22, 23, 24, 25] Epoch  5 Finsh | Now_lr 0.0100/0.0100 | Train Loss 0.2997 | Valid Loss 1.4957 | Train Acc 87.1766| Valid Acc 50.6323 | Domain Loss 3.0761 | Lambda 0.0245 | Contrastive Loss 0.3009
[TRAINER2] /scratch/suyash.kumar.mec22.itbhu/EEG-AAD/eeg-aad-challenge2026-task1-baselines-master/trainer2.py:182: UserWarning: To copy construct from a tensor, it is recommended to use sourceTensor.clone().detach() or sourceTensor.clone().detach().requires_grad_(True), rather than torch.tensor(sourceTensor).
[TRAINER2]   subject_ids = torch.tensor(subject_ids).to(device).long()
[TRAINER2] TestSub: S[21, 22, 23, 24, 25] Epoch  6 Finsh | Now_lr 0.0100/0.0100 | Train Loss 0.2725 | Valid Loss 1.7649 | Train Acc 88.6089| Valid Acc 49.3525 | Domain Loss 3.0798 | Lambda 0.0291 | Contrastive Loss 0.2694
[TRAINER2] /scratch/suyash.kumar.mec22.itbhu/EEG-AAD/eeg-aad-challenge2026-task1-baselines-master/trainer2.py:182: UserWarning: To copy construct from a tensor, it is recommended to use sourceTensor.clone().detach() or sourceTensor.clone().detach().requires_grad_(True), rather than torch.tensor(sourceTensor).
[TRAINER2]   subject_ids = torch.tensor(subject_ids).to(device).long()
[TRAINER2] TestSub: S[21, 22, 23, 24, 25] Epoch  7 Finsh | Now_lr 0.0100/0.0100 | Train Loss 0.2321 | Valid Loss 1.8499 | Train Acc 90.6773| Valid Acc 49.7082 | Domain Loss 3.0687 | Lambda 0.0336 | Contrastive Loss 0.2292
[TRAINER2] /scratch/suyash.kumar.mec22.itbhu/EEG-AAD/eeg-aad-challenge2026-task1-baselines-master/trainer2.py:182: UserWarning: To copy construct from a tensor, it is recommended to use sourceTensor.clone().detach() or sourceTensor.clone().detach().requires_grad_(True), rather than torch.tensor(sourceTensor).
[TRAINER2]   subject_ids = torch.tensor(subject_ids).to(device).long()
[TRAINER2] TestSub: S[21, 22, 23, 24, 25] Epoch  8 Finsh | Now_lr 0.0100/0.0100 | Train Loss 0.2006 | Valid Loss 2.0158 | Train Acc 92.0458| Valid Acc 48.9999 | Domain Loss 3.0829 | Lambda 0.0380 | Contrastive Loss 0.1949
[TRAINER2] /scratch/suyash.kumar.mec22.itbhu/EEG-AAD/eeg-aad-challenge2026-task1-baselines-master/trainer2.py:182: UserWarning: To copy construct from a tensor, it is recommended to use sourceTensor.clone().detach() or sourceTensor.clone().detach().requires_grad_(True), rather than torch.tensor(sourceTensor).
[TRAINER2]   subject_ids = torch.tensor(subject_ids).to(device).long()
[TRAINER2] TestSub: S[21, 22, 23, 24, 25] Epoch  9 Finsh | Now_lr 0.0100/0.0100 | Train Loss 0.1771 | Valid Loss 2.0737 | Train Acc 93.0618| Valid Acc 45.2213 | Domain Loss 3.1314 | Lambda 0.0422 | Contrastive Loss 0.1715
[TRAINER2] /scratch/suyash.kumar.mec22.itbhu/EEG-AAD/eeg-aad-challenge2026-task1-baselines-master/trainer2.py:182: UserWarning: To copy construct from a tensor, it is recommended to use sourceTensor.clone().detach() or sourceTensor.clone().detach().requires_grad_(True), rather than torch.tensor(sourceTensor).
[TRAINER2]   subject_ids = torch.tensor(subject_ids).to(device).long()
[TRAINER2] TestSub: S[21, 22, 23, 24, 25] Epoch 10 Finsh | Now_lr 0.0100/0.0100 | Train Loss 0.1594 | Valid Loss 2.0186 | Train Acc 93.8947| Valid Acc 45.9205 | Domain Loss 3.1250 | Lambda 0.0462 | Contrastive Loss 0.1539
[TRAINER2] /scratch/suyash.kumar.mec22.itbhu/EEG-AAD/eeg-aad-challenge2026-task1-baselines-master/trainer2.py:182: UserWarning: To copy construct from a tensor, it is recommended to use sourceTensor.clone().detach() or sourceTensor.clone().detach().requires_grad_(True), rather than torch.tensor(sourceTensor).
[TRAINER2]   subject_ids = torch.tensor(subject_ids).to(device).long()
[TRAINER2] TestSub: S[21, 22, 23, 24, 25] Epoch 11 Finsh | Now_lr 0.0100/0.0100 | Train Loss 0.1455 | Valid Loss 2.2191 | Train Acc 94.4510| Valid Acc 46.8507 | Domain Loss 3.1226 | Lambda 0.0501 | Contrastive Loss 0.1396
[TRAINER2] /scratch/suyash.kumar.mec22.itbhu/EEG-AAD/eeg-aad-challenge2026-task1-baselines-master/trainer2.py:182: UserWarning: To copy construct from a tensor, it is recommended to use sourceTensor.clone().detach() or sourceTensor.clone().detach().requires_grad_(True), rather than torch.tensor(sourceTensor).
[TRAINER2]   subject_ids = torch.tensor(subject_ids).to(device).long()
[TRAINER2] TestSub: S[21, 22, 23, 24, 25] Epoch 12 Finsh | Now_lr 0.0100/0.0100 | Train Loss 0.1390 | Valid Loss 2.0343 | Train Acc 94.7027| Valid Acc 46.3825 | Domain Loss 3.1418 | Lambda 0.0537 | Contrastive Loss 0.1339
[TRAINER2] /scratch/suyash.kumar.mec22.itbhu/EEG-AAD/eeg-aad-challenge2026-task1-baselines-master/trainer2.py:182: UserWarning: To copy construct from a tensor, it is recommended to use sourceTensor.clone().detach() or sourceTensor.clone().detach().requires_grad_(True), rather than torch.tensor(sourceTensor).
[TRAINER2]   subject_ids = torch.tensor(subject_ids).to(device).long()
[TRAINER2] TestSub: S[21, 22, 23, 24, 25] Epoch 13 Finsh | Now_lr 0.0100/0.0100 | Train Loss 0.1308 | Valid Loss 2.0868 | Train Acc 95.0413| Valid Acc 49.3282 | Domain Loss 3.1560 | Lambda 0.0572 | Contrastive Loss 0.1248
[TRAINER2] /scratch/suyash.kumar.mec22.itbhu/EEG-AAD/eeg-aad-challenge2026-task1-baselines-master/trainer2.py:182: UserWarning: To copy construct from a tensor, it is recommended to use sourceTensor.clone().detach() or sourceTensor.clone().detach().requires_grad_(True), rather than torch.tensor(sourceTensor).
[TRAINER2]   subject_ids = torch.tensor(subject_ids).to(device).long()
[TRAINER2] TestSub: S[21, 22, 23, 24, 25] Epoch 14 Finsh | Now_lr 0.0100/0.0100 | Train Loss 0.1259 | Valid Loss 2.1055 | Train Acc 95.2687| Valid Acc 48.7658 | Domain Loss 3.1526 | Lambda 0.0604 | Contrastive Loss 0.1200
[TRAINER2] /scratch/suyash.kumar.mec22.itbhu/EEG-AAD/eeg-aad-challenge2026-task1-baselines-master/trainer2.py:182: UserWarning: To copy construct from a tensor, it is recommended to use sourceTensor.clone().detach() or sourceTensor.clone().detach().requires_grad_(True), rather than torch.tensor(sourceTensor).
[TRAINER2]   subject_ids = torch.tensor(subject_ids).to(device).long()
[TRAINER2] TestSub: S[21, 22, 23, 24, 25] Epoch 15 Finsh | Now_lr 0.0100/0.0100 | Train Loss 0.1214 | Valid Loss 2.1549 | Train Acc 95.4736| Valid Acc 48.2490 | Domain Loss 3.1561 | Lambda 0.0635 | Contrastive Loss 0.1163
[TRAINER2] /scratch/suyash.kumar.mec22.itbhu/EEG-AAD/eeg-aad-challenge2026-task1-baselines-master/trainer2.py:182: UserWarning: To copy construct from a tensor, it is recommended to use sourceTensor.clone().detach() or sourceTensor.clone().detach().requires_grad_(True), rather than torch.tensor(sourceTensor).
[TRAINER2]   subject_ids = torch.tensor(subject_ids).to(device).long()
[TRAINER2] TestSub: S[21, 22, 23, 24, 25] Epoch 16 Finsh | Now_lr 0.0100/0.0100 | Train Loss 0.1241 | Valid Loss 2.0380 | Train Acc 95.2347| Valid Acc 49.5075 | Domain Loss 3.1597 | Lambda 0.0664 | Contrastive Loss 0.1186
[TRAINER2] /scratch/suyash.kumar.mec22.itbhu/EEG-AAD/eeg-aad-challenge2026-task1-baselines-master/trainer2.py:182: UserWarning: To copy construct from a tensor, it is recommended to use sourceTensor.clone().detach() or sourceTensor.clone().detach().requires_grad_(True), rather than torch.tensor(sourceTensor).
[TRAINER2]   subject_ids = torch.tensor(subject_ids).to(device).long()
[TRAINER2] TestSub: S[21, 22, 23, 24, 25] Epoch 17 Finsh | Now_lr 0.0100/0.0100 | Train Loss 0.1216 | Valid Loss 2.0670 | Train Acc 95.4517| Valid Acc 48.3889 | Domain Loss 3.1607 | Lambda 0.0691 | Contrastive Loss 0.1162
[TRAINER2] /scratch/suyash.kumar.mec22.itbhu/EEG-AAD/eeg-aad-challenge2026-task1-baselines-master/trainer2.py:182: UserWarning: To copy construct from a tensor, it is recommended to use sourceTensor.clone().detach() or sourceTensor.clone().detach().requires_grad_(True), rather than torch.tensor(sourceTensor).
[TRAINER2]   subject_ids = torch.tensor(subject_ids).to(device).long()
[TRAINER2] TestSub: S[21, 22, 23, 24, 25] Epoch 18 Finsh | Now_lr 0.0100/0.0100 | Train Loss 0.1173 | Valid Loss 2.3327 | Train Acc 95.6104| Valid Acc 48.6807 | Domain Loss 3.1757 | Lambda 0.0716 | Contrastive Loss 0.1125
[TRAINER2] /scratch/suyash.kumar.mec22.itbhu/EEG-AAD/eeg-aad-challenge2026-task1-baselines-master/trainer2.py:182: UserWarning: To copy construct from a tensor, it is recommended to use sourceTensor.clone().detach() or sourceTensor.clone().detach().requires_grad_(True), rather than torch.tensor(sourceTensor).
[TRAINER2]   subject_ids = torch.tensor(subject_ids).to(device).long()
[TRAINER2] TestSub: S[21, 22, 23, 24, 25] Epoch 19 Finsh | Now_lr 0.0100/0.0100 | Train Loss 0.1133 | Valid Loss 2.0318 | Train Acc 95.7551| Valid Acc 49.8571 | Domain Loss 3.1676 | Lambda 0.0740 | Contrastive Loss 0.1085
[TRAINER2] /scratch/suyash.kumar.mec22.itbhu/EEG-AAD/eeg-aad-challenge2026-task1-baselines-master/trainer2.py:182: UserWarning: To copy construct from a tensor, it is recommended to use sourceTensor.clone().detach() or sourceTensor.clone().detach().requires_grad_(True), rather than torch.tensor(sourceTensor).
[TRAINER2]   subject_ids = torch.tensor(subject_ids).to(device).long()
[TRAINER2] TestSub: S[21, 22, 23, 24, 25] Epoch 20 Finsh | Now_lr 0.0100/0.0100 | Train Loss 0.1116 | Valid Loss 2.3567 | Train Acc 95.9035| Valid Acc 50.2189 | Domain Loss 3.1765 | Lambda 0.0762 | Contrastive Loss 0.1067
[TRAINER2] /scratch/suyash.kumar.mec22.itbhu/EEG-AAD/eeg-aad-challenge2026-task1-baselines-master/trainer2.py:182: UserWarning: To copy construct from a tensor, it is recommended to use sourceTensor.clone().detach() or sourceTensor.clone().detach().requires_grad_(True), rather than torch.tensor(sourceTensor).
[TRAINER2]   subject_ids = torch.tensor(subject_ids).to(device).long()
[TRAINER2] TestSub: S[21, 22, 23, 24, 25] Epoch 21 Finsh | Now_lr 0.0100/0.0100 | Train Loss 0.1135 | Valid Loss 2.3562 | Train Acc 95.7557| Valid Acc 48.7749 | Domain Loss 3.1713 | Lambda 0.0782 | Contrastive Loss 0.1078
[TRAINER2] /scratch/suyash.kumar.mec22.itbhu/EEG-AAD/eeg-aad-challenge2026-task1-baselines-master/trainer2.py:182: UserWarning: To copy construct from a tensor, it is recommended to use sourceTensor.clone().detach() or sourceTensor.clone().detach().requires_grad_(True), rather than torch.tensor(sourceTensor).
[TRAINER2]   subject_ids = torch.tensor(subject_ids).to(device).long()
[TRAINER2] TestSub: S[21, 22, 23, 24, 25] Epoch 22 Finsh | Now_lr 0.0100/0.0100 | Train Loss 0.1105 | Valid Loss 1.9894 | Train Acc 95.9095| Valid Acc 50.6080 | Domain Loss 3.1793 | Lambda 0.0800 | Contrastive Loss 0.1061
[TRAINER2] /scratch/suyash.kumar.mec22.itbhu/EEG-AAD/eeg-aad-challenge2026-task1-baselines-master/trainer2.py:182: UserWarning: To copy construct from a tensor, it is recommended to use sourceTensor.clone().detach() or sourceTensor.clone().detach().requires_grad_(True), rather than torch.tensor(sourceTensor).
[TRAINER2]   subject_ids = torch.tensor(subject_ids).to(device).long()
[TRAINER2] TestSub: S[21, 22, 23, 24, 25] Epoch 23 Finsh | Now_lr 0.0100/0.0100 | Train Loss 0.1082 | Valid Loss 2.0440 | Train Acc 95.9612| Valid Acc 49.0151 | Domain Loss 3.1853 | Lambda 0.0818 | Contrastive Loss 0.1042
[TRAINER2] /scratch/suyash.kumar.mec22.itbhu/EEG-AAD/eeg-aad-challenge2026-task1-baselines-master/trainer2.py:182: UserWarning: To copy construct from a tensor, it is recommended to use sourceTensor.clone().detach() or sourceTensor.clone().detach().requires_grad_(True), rather than torch.tensor(sourceTensor).
[TRAINER2]   subject_ids = torch.tensor(subject_ids).to(device).long()
[TRAINER2] TestSub: S[21, 22, 23, 24, 25] Epoch 24 Finsh | Now_lr 0.0100/0.0100 | Train Loss 0.1070 | Valid Loss 2.0406 | Train Acc 96.0816| Valid Acc 49.3495 | Domain Loss 3.1787 | Lambda 0.0834 | Contrastive Loss 0.1019
[TRAINER2] /scratch/suyash.kumar.mec22.itbhu/EEG-AAD/eeg-aad-challenge2026-task1-baselines-master/trainer2.py:182: UserWarning: To copy construct from a tensor, it is recommended to use sourceTensor.clone().detach() or sourceTensor.clone().detach().requires_grad_(True), rather than torch.tensor(sourceTensor).
[TRAINER2]   subject_ids = torch.tensor(subject_ids).to(device).long()
[TRAINER2] TestSub: S[21, 22, 23, 24, 25] Epoch 25 Finsh | Now_lr 0.0100/0.0100 | Train Loss 0.1082 | Valid Loss 2.2516 | Train Acc 96.0105| Valid Acc 47.5012 | Domain Loss 3.1764 | Lambda 0.0848 | Contrastive Loss 0.1037
[TRAINER2] /scratch/suyash.kumar.mec22.itbhu/EEG-AAD/eeg-aad-challenge2026-task1-baselines-master/trainer2.py:182: UserWarning: To copy construct from a tensor, it is recommended to use sourceTensor.clone().detach() or sourceTensor.clone().detach().requires_grad_(True), rather than torch.tensor(sourceTensor).
[TRAINER2]   subject_ids = torch.tensor(subject_ids).to(device).long()
[TRAINER2] TestSub: S[21, 22, 23, 24, 25] Epoch 26 Finsh | Now_lr 0.0100/0.0100 | Train Loss 0.1089 | Valid Loss 2.0527 | Train Acc 95.9831| Valid Acc 47.0665 | Domain Loss 3.1802 | Lambda 0.0862 | Contrastive Loss 0.1037
[TRAINER2] /scratch/suyash.kumar.mec22.itbhu/EEG-AAD/eeg-aad-challenge2026-task1-baselines-master/trainer2.py:182: UserWarning: To copy construct from a tensor, it is recommended to use sourceTensor.clone().detach() or sourceTensor.clone().detach().requires_grad_(True), rather than torch.tensor(sourceTensor).
[TRAINER2]   subject_ids = torch.tensor(subject_ids).to(device).long()
[TRAINER2] TestSub: S[21, 22, 23, 24, 25] Epoch 27 Finsh | Now_lr 0.0100/0.0100 | Train Loss 0.1076 | Valid Loss 2.1753 | Train Acc 96.0287| Valid Acc 48.4983 | Domain Loss 3.1819 | Lambda 0.0874 | Contrastive Loss 0.1023
[TRAINER2] /scratch/suyash.kumar.mec22.itbhu/EEG-AAD/eeg-aad-challenge2026-task1-baselines-master/trainer2.py:182: UserWarning: To copy construct from a tensor, it is recommended to use sourceTensor.clone().detach() or sourceTensor.clone().detach().requires_grad_(True), rather than torch.tensor(sourceTensor).
[TRAINER2]   subject_ids = torch.tensor(subject_ids).to(device).long()
[TRAINER2] TestSub: S[21, 22, 23, 24, 25] Epoch 28 Finsh | Now_lr 0.0100/0.0100 | Train Loss 0.1079 | Valid Loss 2.0113 | Train Acc 95.9965| Valid Acc 49.5288 | Domain Loss 3.1819 | Lambda 0.0885 | Contrastive Loss 0.1023
[TRAINER2] /scratch/suyash.kumar.mec22.itbhu/EEG-AAD/eeg-aad-challenge2026-task1-baselines-master/trainer2.py:182: UserWarning: To copy construct from a tensor, it is recommended to use sourceTensor.clone().detach() or sourceTensor.clone().detach().requires_grad_(True), rather than torch.tensor(sourceTensor).
[TRAINER2]   subject_ids = torch.tensor(subject_ids).to(device).long()
[TRAINER2] TestSub: S[21, 22, 23, 24, 25] Epoch 29 Finsh | Now_lr 0.0100/0.0100 | Train Loss 0.1067 | Valid Loss 2.2692 | Train Acc 96.0804| Valid Acc 48.0788 | Domain Loss 3.1852 | Lambda 0.0896 | Contrastive Loss 0.1013
[TRAINER2] /scratch/suyash.kumar.mec22.itbhu/EEG-AAD/eeg-aad-challenge2026-task1-baselines-master/trainer2.py:182: UserWarning: To copy construct from a tensor, it is recommended to use sourceTensor.clone().detach() or sourceTensor.clone().detach().requires_grad_(True), rather than torch.tensor(sourceTensor).
[TRAINER2]   subject_ids = torch.tensor(subject_ids).to(device).long()
[TRAINER2] TestSub: S[21, 22, 23, 24, 25] Epoch 30 Finsh | Now_lr 0.0100/0.0100 | Train Loss 0.1036 | Valid Loss 2.1988 | Train Acc 96.2068| Valid Acc 46.7838 | Domain Loss 3.1846 | Lambda 0.0905 | Contrastive Loss 0.0997
[TRAINER2] /scratch/suyash.kumar.mec22.itbhu/EEG-AAD/eeg-aad-challenge2026-task1-baselines-master/trainer2.py:182: UserWarning: To copy construct from a tensor, it is recommended to use sourceTensor.clone().detach() or sourceTensor.clone().detach().requires_grad_(True), rather than torch.tensor(sourceTensor).
[TRAINER2]   subject_ids = torch.tensor(subject_ids).to(device).long()
[TRAINER2] TestSub: S[21, 22, 23, 24, 25] Epoch 31 Finsh | Now_lr 0.0100/0.0100 | Train Loss 0.1042 | Valid Loss 2.3617 | Train Acc 96.1162| Valid Acc 49.1488 | Domain Loss 3.1846 | Lambda 0.0914 | Contrastive Loss 0.0982
[TRAINER2] /scratch/suyash.kumar.mec22.itbhu/EEG-AAD/eeg-aad-challenge2026-task1-baselines-master/trainer2.py:182: UserWarning: To copy construct from a tensor, it is recommended to use sourceTensor.clone().detach() or sourceTensor.clone().detach().requires_grad_(True), rather than torch.tensor(sourceTensor).
[TRAINER2]   subject_ids = torch.tensor(subject_ids).to(device).long()
[TRAINER2] TestSub: S[21, 22, 23, 24, 25] Epoch 32 Finsh | Now_lr 0.0100/0.0100 | Train Loss 0.1021 | Valid Loss 2.0736 | Train Acc 96.2828| Valid Acc 48.7628 | Domain Loss 3.1836 | Lambda 0.0922 | Contrastive Loss 0.0978
[TRAINER2] /scratch/suyash.kumar.mec22.itbhu/EEG-AAD/eeg-aad-challenge2026-task1-baselines-master/trainer2.py:182: UserWarning: To copy construct from a tensor, it is recommended to use sourceTensor.clone().detach() or sourceTensor.clone().detach().requires_grad_(True), rather than torch.tensor(sourceTensor).
[TRAINER2]   subject_ids = torch.tensor(subject_ids).to(device).long()
[TRAINER2] TestSub: S[21, 22, 23, 24, 25] Epoch 33 Finsh | Now_lr 0.0100/0.0100 | Train Loss 0.1029 | Valid Loss 2.0803 | Train Acc 96.1643| Valid Acc 51.2251 | Domain Loss 3.1868 | Lambda 0.0929 | Contrastive Loss 0.0975
[TRAINER2] /scratch/suyash.kumar.mec22.itbhu/EEG-AAD/eeg-aad-challenge2026-task1-baselines-master/trainer2.py:182: UserWarning: To copy construct from a tensor, it is recommended to use sourceTensor.clone().detach() or sourceTensor.clone().detach().requires_grad_(True), rather than torch.tensor(sourceTensor).
[TRAINER2]   subject_ids = torch.tensor(subject_ids).to(device).long()
[TRAINER2] TestSub: S[21, 22, 23, 24, 25] Epoch 34 Finsh | Now_lr 0.0100/0.0100 | Train Loss 0.1012 | Valid Loss 2.2187 | Train Acc 96.2676| Valid Acc 49.5623 | Domain Loss 3.1889 | Lambda 0.0935 | Contrastive Loss 0.0963
[TRAINER2] Early stopping triggered after 34 epochs (30 epochs without improvement)
[TRAINER2] --------------------------------------------------
[TRAINER2] Test_Subject :S[21, 22, 23, 24, 25] |Best epoch:4 | Test Loss:1.3532 | Best Acc 52.9821 | Savemodel Acc 52.9821
[TRAINER2] --------------------------------------------------
[TRAINER2] 
[TRAINER2] ========== Fold 6 ==========
[TRAINER2] Train IDs: [1, 2, 3, 4, 5, 6, 7, 8, 9, 10, 11, 12, 13, 14, 15, 16, 17, 18, 19, 20, 21, 22, 23, 24, 25]
[TRAINER2] Val IDs:   [26, 27, 28, 29, 30]
[TRAINER2] train_data_shape(164500, 32, 128),val_data_shape(32900, 32, 128)
[TRAINER2] =================================================================
[TRAINER2] Layer (type:depth-idx)                   Param #
[TRAINER2] =================================================================
[TRAINER2] DARNet                                   --
[TRAINER2] ├─TokenEmbedding: 1-1                    --
[TRAINER2] │    └─Sequential: 2-1                   --
[TRAINER2] │    │    └─Conv2d: 3-1                  576
[TRAINER2] │    │    └─BatchNorm2d: 3-2             128
[TRAINER2] │    │    └─GELU: 3-3                    --
[TRAINER2] │    └─Sequential: 2-2                   --
[TRAINER2] │    │    └─Conv2d: 3-4                  32,784
[TRAINER2] │    │    └─BatchNorm2d: 3-5             32
[TRAINER2] │    │    └─GELU: 3-6                    --
[TRAINER2] │    └─PositionalEmbedding: 2-3          --
[TRAINER2] ├─Flatten: 1-2                           --
[TRAINER2] ├─Linear: 1-3                            18
[TRAINER2] ├─AttnRefine: 1-4                        --
[TRAINER2] │    └─MyAttention: 2-4                  --
[TRAINER2] │    │    └─Attention: 3-7               800
[TRAINER2] │    └─Refine: 2-5                       --
[TRAINER2] │    │    └─Conv1d: 3-8                  784
[TRAINER2] │    │    └─BatchNorm1d: 3-9             32
[TRAINER2] │    │    └─ELU: 3-10                    --
[TRAINER2] │    │    └─MaxPool1d: 3-11              --
[TRAINER2] │    └─AdaptiveAvgPool1d: 2-6            --
[TRAINER2] │    └─Linear: 2-7                       68
[TRAINER2] │    └─Flatten: 2-8                      --
[TRAINER2] ├─AttnRefine: 1-5                        --
[TRAINER2] │    └─MyAttention: 2-9                  --
[TRAINER2] │    │    └─Attention: 3-12              800
[TRAINER2] │    └─Refine: 2-10                      --
[TRAINER2] │    │    └─Conv1d: 3-13                 784
[TRAINER2] │    │    └─BatchNorm1d: 3-14            32
[TRAINER2] │    │    └─ELU: 3-15                    --
[TRAINER2] │    │    └─MaxPool1d: 3-16              --
[TRAINER2] │    └─AdaptiveAvgPool1d: 2-11           --
[TRAINER2] │    └─Linear: 2-12                      68
[TRAINER2] │    └─Flatten: 2-13                     --
[TRAINER2] ├─GradientReversalLayer: 1-6             --
[TRAINER2] ├─SubjectDiscriminator: 1-7              --
[TRAINER2] │    └─Sequential: 2-14                  --
[TRAINER2] │    │    └─Linear: 3-17                 2,304
[TRAINER2] │    │    └─ReLU: 3-18                   --
[TRAINER2] │    │    └─Dropout: 3-19                --
[TRAINER2] │    │    └─Linear: 3-20                 32,896
[TRAINER2] │    │    └─ReLU: 3-21                   --
[TRAINER2] │    │    └─Dropout: 3-22                --
[TRAINER2] │    │    └─Linear: 3-23                 3,870
[TRAINER2] ├─ContrastiveHead: 1-8                   --
[TRAINER2] │    └─Sequential: 2-15                  --
[TRAINER2] │    │    └─Linear: 3-24                 576
[TRAINER2] │    │    └─ReLU: 3-25                   --
[TRAINER2] │    │    └─Linear: 3-26                 8,320
[TRAINER2] =================================================================
[TRAINER2] Total params: 84,872
[TRAINER2] Trainable params: 84,872
[TRAINER2] Non-trainable params: 0
[TRAINER2] =================================================================
[TRAINER2] /scratch/suyash.kumar.mec22.itbhu/EEG-AAD/eeg-aad-challenge2026-task1-baselines-master/trainer2.py:182: UserWarning: To copy construct from a tensor, it is recommended to use sourceTensor.clone().detach() or sourceTensor.clone().detach().requires_grad_(True), rather than torch.tensor(sourceTensor).
[TRAINER2]   subject_ids = torch.tensor(subject_ids).to(device).long()
[TRAINER2] TestSub: S[26, 27, 28, 29, 30] Epoch  1 Finsh | Now_lr 0.0100/0.0100 | Train Loss 0.5408 | Valid Loss 1.3690 | Train Acc 70.2207| Valid Acc 49.9392 | Domain Loss 3.1556 | Lambda 0.0050 | Contrastive Loss 0.5537
[TRAINER2] Validation acc increase (0.000000 --> 49.939202) in epoch (1).  Saving model ...
[TRAINER2] /scratch/suyash.kumar.mec22.itbhu/EEG-AAD/eeg-aad-challenge2026-task1-baselines-master/trainer2.py:182: UserWarning: To copy construct from a tensor, it is recommended to use sourceTensor.clone().detach() or sourceTensor.clone().detach().requires_grad_(True), rather than torch.tensor(sourceTensor).
[TRAINER2]   subject_ids = torch.tensor(subject_ids).to(device).long()
[TRAINER2] TestSub: S[26, 27, 28, 29, 30] Epoch  2 Finsh | Now_lr 0.0100/0.0100 | Train Loss 0.3831 | Valid Loss 1.4464 | Train Acc 82.3067| Valid Acc 49.0364 | Domain Loss 2.9989 | Lambda 0.0100 | Contrastive Loss 0.3856
[TRAINER2] /scratch/suyash.kumar.mec22.itbhu/EEG-AAD/eeg-aad-challenge2026-task1-baselines-master/trainer2.py:182: UserWarning: To copy construct from a tensor, it is recommended to use sourceTensor.clone().detach() or sourceTensor.clone().detach().requires_grad_(True), rather than torch.tensor(sourceTensor).
[TRAINER2]   subject_ids = torch.tensor(subject_ids).to(device).long()
[TRAINER2] TestSub: S[26, 27, 28, 29, 30] Epoch  3 Finsh | Now_lr 0.0100/0.0100 | Train Loss 0.3407 | Valid Loss 1.4995 | Train Acc 84.9860| Valid Acc 49.3738 | Domain Loss 2.9703 | Lambda 0.0149 | Contrastive Loss 0.3404
[TRAINER2] /scratch/suyash.kumar.mec22.itbhu/EEG-AAD/eeg-aad-challenge2026-task1-baselines-master/trainer2.py:182: UserWarning: To copy construct from a tensor, it is recommended to use sourceTensor.clone().detach() or sourceTensor.clone().detach().requires_grad_(True), rather than torch.tensor(sourceTensor).
[TRAINER2]   subject_ids = torch.tensor(subject_ids).to(device).long()
[TRAINER2] TestSub: S[26, 27, 28, 29, 30] Epoch  4 Finsh | Now_lr 0.0100/0.0100 | Train Loss 0.3171 | Valid Loss 1.5797 | Train Acc 86.2099| Valid Acc 50.0486 | Domain Loss 2.9899 | Lambda 0.0197 | Contrastive Loss 0.3150
[TRAINER2] Validation acc increase (49.939202 --> 50.048638) in epoch (4).  Saving model ...
[TRAINER2] /scratch/suyash.kumar.mec22.itbhu/EEG-AAD/eeg-aad-challenge2026-task1-baselines-master/trainer2.py:182: UserWarning: To copy construct from a tensor, it is recommended to use sourceTensor.clone().detach() or sourceTensor.clone().detach().requires_grad_(True), rather than torch.tensor(sourceTensor).
[TRAINER2]   subject_ids = torch.tensor(subject_ids).to(device).long()
[TRAINER2] TestSub: S[26, 27, 28, 29, 30] Epoch  5 Finsh | Now_lr 0.0100/0.0100 | Train Loss 0.2908 | Valid Loss 1.8856 | Train Acc 87.7329| Valid Acc 50.9910 | Domain Loss 2.9737 | Lambda 0.0245 | Contrastive Loss 0.2872
[TRAINER2] Validation acc increase (50.048638 --> 50.991002) in epoch (5).  Saving model ...
[TRAINER2] /scratch/suyash.kumar.mec22.itbhu/EEG-AAD/eeg-aad-challenge2026-task1-baselines-master/trainer2.py:182: UserWarning: To copy construct from a tensor, it is recommended to use sourceTensor.clone().detach() or sourceTensor.clone().detach().requires_grad_(True), rather than torch.tensor(sourceTensor).
[TRAINER2]   subject_ids = torch.tensor(subject_ids).to(device).long()
[TRAINER2] TestSub: S[26, 27, 28, 29, 30] Epoch  6 Finsh | Now_lr 0.0100/0.0100 | Train Loss 0.2617 | Valid Loss 1.9500 | Train Acc 89.2005| Valid Acc 51.1308 | Domain Loss 3.0315 | Lambda 0.0291 | Contrastive Loss 0.2574
[TRAINER2] Validation acc increase (50.991002 --> 51.130837) in epoch (6).  Saving model ...
[TRAINER2] /scratch/suyash.kumar.mec22.itbhu/EEG-AAD/eeg-aad-challenge2026-task1-baselines-master/trainer2.py:182: UserWarning: To copy construct from a tensor, it is recommended to use sourceTensor.clone().detach() or sourceTensor.clone().detach().requires_grad_(True), rather than torch.tensor(sourceTensor).
[TRAINER2]   subject_ids = torch.tensor(subject_ids).to(device).long()
[TRAINER2] TestSub: S[26, 27, 28, 29, 30] Epoch  7 Finsh | Now_lr 0.0100/0.0100 | Train Loss 0.2307 | Valid Loss 1.9605 | Train Acc 90.5338| Valid Acc 49.8085 | Domain Loss 3.0396 | Lambda 0.0336 | Contrastive Loss 0.2242
[TRAINER2] /scratch/suyash.kumar.mec22.itbhu/EEG-AAD/eeg-aad-challenge2026-task1-baselines-master/trainer2.py:182: UserWarning: To copy construct from a tensor, it is recommended to use sourceTensor.clone().detach() or sourceTensor.clone().detach().requires_grad_(True), rather than torch.tensor(sourceTensor).
[TRAINER2]   subject_ids = torch.tensor(subject_ids).to(device).long()
[TRAINER2] TestSub: S[26, 27, 28, 29, 30] Epoch  8 Finsh | Now_lr 0.0100/0.0100 | Train Loss 0.2057 | Valid Loss 1.8945 | Train Acc 91.7741| Valid Acc 51.7267 | Domain Loss 3.0737 | Lambda 0.0380 | Contrastive Loss 0.2002
[TRAINER2] Validation acc increase (51.130837 --> 51.726654) in epoch (8).  Saving model ...
[TRAINER2] /scratch/suyash.kumar.mec22.itbhu/EEG-AAD/eeg-aad-challenge2026-task1-baselines-master/trainer2.py:182: UserWarning: To copy construct from a tensor, it is recommended to use sourceTensor.clone().detach() or sourceTensor.clone().detach().requires_grad_(True), rather than torch.tensor(sourceTensor).
[TRAINER2]   subject_ids = torch.tensor(subject_ids).to(device).long()
[TRAINER2] TestSub: S[26, 27, 28, 29, 30] Epoch  9 Finsh | Now_lr 0.0100/0.0100 | Train Loss 0.1842 | Valid Loss 1.9169 | Train Acc 92.8003| Valid Acc 53.1645 | Domain Loss 3.1064 | Lambda 0.0422 | Contrastive Loss 0.1789
[TRAINER2] Validation acc increase (51.726654 --> 53.164518) in epoch (9).  Saving model ...
[TRAINER2] /scratch/suyash.kumar.mec22.itbhu/EEG-AAD/eeg-aad-challenge2026-task1-baselines-master/trainer2.py:182: UserWarning: To copy construct from a tensor, it is recommended to use sourceTensor.clone().detach() or sourceTensor.clone().detach().requires_grad_(True), rather than torch.tensor(sourceTensor).
[TRAINER2]   subject_ids = torch.tensor(subject_ids).to(device).long()
[TRAINER2] TestSub: S[26, 27, 28, 29, 30] Epoch 10 Finsh | Now_lr 0.0100/0.0100 | Train Loss 0.1646 | Valid Loss 2.0952 | Train Acc 93.7178| Valid Acc 48.9908 | Domain Loss 3.1447 | Lambda 0.0462 | Contrastive Loss 0.1584
[TRAINER2] /scratch/suyash.kumar.mec22.itbhu/EEG-AAD/eeg-aad-challenge2026-task1-baselines-master/trainer2.py:182: UserWarning: To copy construct from a tensor, it is recommended to use sourceTensor.clone().detach() or sourceTensor.clone().detach().requires_grad_(True), rather than torch.tensor(sourceTensor).
[TRAINER2]   subject_ids = torch.tensor(subject_ids).to(device).long()
[TRAINER2] TestSub: S[26, 27, 28, 29, 30] Epoch 11 Finsh | Now_lr 0.0100/0.0100 | Train Loss 0.1542 | Valid Loss 2.1167 | Train Acc 94.0607| Valid Acc 50.8785 | Domain Loss 3.1415 | Lambda 0.0501 | Contrastive Loss 0.1487
[TRAINER2] /scratch/suyash.kumar.mec22.itbhu/EEG-AAD/eeg-aad-challenge2026-task1-baselines-master/trainer2.py:182: UserWarning: To copy construct from a tensor, it is recommended to use sourceTensor.clone().detach() or sourceTensor.clone().detach().requires_grad_(True), rather than torch.tensor(sourceTensor).
[TRAINER2]   subject_ids = torch.tensor(subject_ids).to(device).long()
[TRAINER2] TestSub: S[26, 27, 28, 29, 30] Epoch 12 Finsh | Now_lr 0.0100/0.0100 | Train Loss 0.1383 | Valid Loss 2.3046 | Train Acc 94.7909| Valid Acc 52.3802 | Domain Loss 3.1523 | Lambda 0.0537 | Contrastive Loss 0.1342
[TRAINER2] /scratch/suyash.kumar.mec22.itbhu/EEG-AAD/eeg-aad-challenge2026-task1-baselines-master/trainer2.py:182: UserWarning: To copy construct from a tensor, it is recommended to use sourceTensor.clone().detach() or sourceTensor.clone().detach().requires_grad_(True), rather than torch.tensor(sourceTensor).
[TRAINER2]   subject_ids = torch.tensor(subject_ids).to(device).long()
[TRAINER2] TestSub: S[26, 27, 28, 29, 30] Epoch 13 Finsh | Now_lr 0.0100/0.0100 | Train Loss 0.1295 | Valid Loss 2.3734 | Train Acc 95.1252| Valid Acc 50.4013 | Domain Loss 3.1755 | Lambda 0.0572 | Contrastive Loss 0.1261
[TRAINER2] /scratch/suyash.kumar.mec22.itbhu/EEG-AAD/eeg-aad-challenge2026-task1-baselines-master/trainer2.py:182: UserWarning: To copy construct from a tensor, it is recommended to use sourceTensor.clone().detach() or sourceTensor.clone().detach().requires_grad_(True), rather than torch.tensor(sourceTensor).
[TRAINER2]   subject_ids = torch.tensor(subject_ids).to(device).long()
[TRAINER2] TestSub: S[26, 27, 28, 29, 30] Epoch 14 Finsh | Now_lr 0.0100/0.0100 | Train Loss 0.1255 | Valid Loss 2.1759 | Train Acc 95.3095| Valid Acc 50.0274 | Domain Loss 3.1743 | Lambda 0.0604 | Contrastive Loss 0.1217
[TRAINER2] /scratch/suyash.kumar.mec22.itbhu/EEG-AAD/eeg-aad-challenge2026-task1-baselines-master/trainer2.py:182: UserWarning: To copy construct from a tensor, it is recommended to use sourceTensor.clone().detach() or sourceTensor.clone().detach().requires_grad_(True), rather than torch.tensor(sourceTensor).
[TRAINER2]   subject_ids = torch.tensor(subject_ids).to(device).long()
[TRAINER2] TestSub: S[26, 27, 28, 29, 30] Epoch 15 Finsh | Now_lr 0.0100/0.0100 | Train Loss 0.1221 | Valid Loss 2.3072 | Train Acc 95.4207| Valid Acc 51.4409 | Domain Loss 3.1852 | Lambda 0.0635 | Contrastive Loss 0.1168
[TRAINER2] /scratch/suyash.kumar.mec22.itbhu/EEG-AAD/eeg-aad-challenge2026-task1-baselines-master/trainer2.py:182: UserWarning: To copy construct from a tensor, it is recommended to use sourceTensor.clone().detach() or sourceTensor.clone().detach().requires_grad_(True), rather than torch.tensor(sourceTensor).
[TRAINER2]   subject_ids = torch.tensor(subject_ids).to(device).long()
[TRAINER2] TestSub: S[26, 27, 28, 29, 30] Epoch 16 Finsh | Now_lr 0.0100/0.0100 | Train Loss 0.1183 | Valid Loss 2.3773 | Train Acc 95.5903| Valid Acc 52.2222 | Domain Loss 3.1742 | Lambda 0.0664 | Contrastive Loss 0.1132
[TRAINER2] /scratch/suyash.kumar.mec22.itbhu/EEG-AAD/eeg-aad-challenge2026-task1-baselines-master/trainer2.py:182: UserWarning: To copy construct from a tensor, it is recommended to use sourceTensor.clone().detach() or sourceTensor.clone().detach().requires_grad_(True), rather than torch.tensor(sourceTensor).
[TRAINER2]   subject_ids = torch.tensor(subject_ids).to(device).long()
[TRAINER2] TestSub: S[26, 27, 28, 29, 30] Epoch 17 Finsh | Now_lr 0.0100/0.0100 | Train Loss 0.1185 | Valid Loss 2.2329 | Train Acc 95.5995| Valid Acc 52.2343 | Domain Loss 3.1928 | Lambda 0.0691 | Contrastive Loss 0.1132
[TRAINER2] /scratch/suyash.kumar.mec22.itbhu/EEG-AAD/eeg-aad-challenge2026-task1-baselines-master/trainer2.py:182: UserWarning: To copy construct from a tensor, it is recommended to use sourceTensor.clone().detach() or sourceTensor.clone().detach().requires_grad_(True), rather than torch.tensor(sourceTensor).
[TRAINER2]   subject_ids = torch.tensor(subject_ids).to(device).long()
[TRAINER2] TestSub: S[26, 27, 28, 29, 30] Epoch 18 Finsh | Now_lr 0.0100/0.0100 | Train Loss 0.1112 | Valid Loss 2.1025 | Train Acc 95.9022| Valid Acc 51.3983 | Domain Loss 3.1933 | Lambda 0.0716 | Contrastive Loss 0.1074
[TRAINER2] /scratch/suyash.kumar.mec22.itbhu/EEG-AAD/eeg-aad-challenge2026-task1-baselines-master/trainer2.py:182: UserWarning: To copy construct from a tensor, it is recommended to use sourceTensor.clone().detach() or sourceTensor.clone().detach().requires_grad_(True), rather than torch.tensor(sourceTensor).
[TRAINER2]   subject_ids = torch.tensor(subject_ids).to(device).long()
[TRAINER2] TestSub: S[26, 27, 28, 29, 30] Epoch 19 Finsh | Now_lr 0.0100/0.0100 | Train Loss 0.1120 | Valid Loss 1.9852 | Train Acc 95.8372| Valid Acc 51.9820 | Domain Loss 3.1981 | Lambda 0.0740 | Contrastive Loss 0.1087
[TRAINER2] /scratch/suyash.kumar.mec22.itbhu/EEG-AAD/eeg-aad-challenge2026-task1-baselines-master/trainer2.py:182: UserWarning: To copy construct from a tensor, it is recommended to use sourceTensor.clone().detach() or sourceTensor.clone().detach().requires_grad_(True), rather than torch.tensor(sourceTensor).
[TRAINER2]   subject_ids = torch.tensor(subject_ids).to(device).long()
[TRAINER2] TestSub: S[26, 27, 28, 29, 30] Epoch 20 Finsh | Now_lr 0.0100/0.0100 | Train Loss 0.1083 | Valid Loss 2.1463 | Train Acc 96.0165| Valid Acc 49.8693 | Domain Loss 3.2044 | Lambda 0.0762 | Contrastive Loss 0.1051
[TRAINER2] /scratch/suyash.kumar.mec22.itbhu/EEG-AAD/eeg-aad-challenge2026-task1-baselines-master/trainer2.py:182: UserWarning: To copy construct from a tensor, it is recommended to use sourceTensor.clone().detach() or sourceTensor.clone().detach().requires_grad_(True), rather than torch.tensor(sourceTensor).
[TRAINER2]   subject_ids = torch.tensor(subject_ids).to(device).long()
[TRAINER2] TestSub: S[26, 27, 28, 29, 30] Epoch 21 Finsh | Now_lr 0.0100/0.0100 | Train Loss 0.1057 | Valid Loss 2.1845 | Train Acc 96.1625| Valid Acc 50.7509 | Domain Loss 3.2040 | Lambda 0.0782 | Contrastive Loss 0.1025
[TRAINER2] /scratch/suyash.kumar.mec22.itbhu/EEG-AAD/eeg-aad-challenge2026-task1-baselines-master/trainer2.py:182: UserWarning: To copy construct from a tensor, it is recommended to use sourceTensor.clone().detach() or sourceTensor.clone().detach().requires_grad_(True), rather than torch.tensor(sourceTensor).
[TRAINER2]   subject_ids = torch.tensor(subject_ids).to(device).long()
[TRAINER2] TestSub: S[26, 27, 28, 29, 30] Epoch 22 Finsh | Now_lr 0.0100/0.0100 | Train Loss 0.1045 | Valid Loss 2.0063 | Train Acc 96.1357| Valid Acc 50.0395 | Domain Loss 3.2041 | Lambda 0.0800 | Contrastive Loss 0.1025
[TRAINER2] /scratch/suyash.kumar.mec22.itbhu/EEG-AAD/eeg-aad-challenge2026-task1-baselines-master/trainer2.py:182: UserWarning: To copy construct from a tensor, it is recommended to use sourceTensor.clone().detach() or sourceTensor.clone().detach().requires_grad_(True), rather than torch.tensor(sourceTensor).
[TRAINER2]   subject_ids = torch.tensor(subject_ids).to(device).long()
[TRAINER2] TestSub: S[26, 27, 28, 29, 30] Epoch 23 Finsh | Now_lr 0.0100/0.0100 | Train Loss 0.1019 | Valid Loss 2.2691 | Train Acc 96.1953| Valid Acc 48.2125 | Domain Loss 3.2056 | Lambda 0.0818 | Contrastive Loss 0.0986
[TRAINER2] /scratch/suyash.kumar.mec22.itbhu/EEG-AAD/eeg-aad-challenge2026-task1-baselines-master/trainer2.py:182: UserWarning: To copy construct from a tensor, it is recommended to use sourceTensor.clone().detach() or sourceTensor.clone().detach().requires_grad_(True), rather than torch.tensor(sourceTensor).
[TRAINER2]   subject_ids = torch.tensor(subject_ids).to(device).long()
[TRAINER2] TestSub: S[26, 27, 28, 29, 30] Epoch 24 Finsh | Now_lr 0.0100/0.0100 | Train Loss 0.1026 | Valid Loss 2.0884 | Train Acc 96.2536| Valid Acc 49.6747 | Domain Loss 3.2063 | Lambda 0.0834 | Contrastive Loss 0.0998
[TRAINER2] /scratch/suyash.kumar.mec22.itbhu/EEG-AAD/eeg-aad-challenge2026-task1-baselines-master/trainer2.py:182: UserWarning: To copy construct from a tensor, it is recommended to use sourceTensor.clone().detach() or sourceTensor.clone().detach().requires_grad_(True), rather than torch.tensor(sourceTensor).
[TRAINER2]   subject_ids = torch.tensor(subject_ids).to(device).long()
[TRAINER2] TestSub: S[26, 27, 28, 29, 30] Epoch 25 Finsh | Now_lr 0.0100/0.0100 | Train Loss 0.1006 | Valid Loss 2.0974 | Train Acc 96.1935| Valid Acc 50.7296 | Domain Loss 3.2099 | Lambda 0.0848 | Contrastive Loss 0.0974
[TRAINER2] /scratch/suyash.kumar.mec22.itbhu/EEG-AAD/eeg-aad-challenge2026-task1-baselines-master/trainer2.py:182: UserWarning: To copy construct from a tensor, it is recommended to use sourceTensor.clone().detach() or sourceTensor.clone().detach().requires_grad_(True), rather than torch.tensor(sourceTensor).
[TRAINER2]   subject_ids = torch.tensor(subject_ids).to(device).long()
[TRAINER2] TestSub: S[26, 27, 28, 29, 30] Epoch 26 Finsh | Now_lr 0.0100/0.0100 | Train Loss 0.1012 | Valid Loss 2.1854 | Train Acc 96.2664| Valid Acc 49.4072 | Domain Loss 3.2091 | Lambda 0.0862 | Contrastive Loss 0.0971
[TRAINER2] /scratch/suyash.kumar.mec22.itbhu/EEG-AAD/eeg-aad-challenge2026-task1-baselines-master/trainer2.py:182: UserWarning: To copy construct from a tensor, it is recommended to use sourceTensor.clone().detach() or sourceTensor.clone().detach().requires_grad_(True), rather than torch.tensor(sourceTensor).
[TRAINER2]   subject_ids = torch.tensor(subject_ids).to(device).long()
[TRAINER2] TestSub: S[26, 27, 28, 29, 30] Epoch 27 Finsh | Now_lr 0.0100/0.0100 | Train Loss 0.0983 | Valid Loss 2.2857 | Train Acc 96.3929| Valid Acc 50.8299 | Domain Loss 3.2117 | Lambda 0.0874 | Contrastive Loss 0.0962
[TRAINER2] /scratch/suyash.kumar.mec22.itbhu/EEG-AAD/eeg-aad-challenge2026-task1-baselines-master/trainer2.py:182: UserWarning: To copy construct from a tensor, it is recommended to use sourceTensor.clone().detach() or sourceTensor.clone().detach().requires_grad_(True), rather than torch.tensor(sourceTensor).
[TRAINER2]   subject_ids = torch.tensor(subject_ids).to(device).long()
[TRAINER2] TestSub: S[26, 27, 28, 29, 30] Epoch 28 Finsh | Now_lr 0.0100/0.0100 | Train Loss 0.0976 | Valid Loss 2.0348 | Train Acc 96.4756| Valid Acc 51.7115 | Domain Loss 3.2096 | Lambda 0.0885 | Contrastive Loss 0.0946
[TRAINER2] /scratch/suyash.kumar.mec22.itbhu/EEG-AAD/eeg-aad-challenge2026-task1-baselines-master/trainer2.py:182: UserWarning: To copy construct from a tensor, it is recommended to use sourceTensor.clone().detach() or sourceTensor.clone().detach().requires_grad_(True), rather than torch.tensor(sourceTensor).
[TRAINER2]   subject_ids = torch.tensor(subject_ids).to(device).long()
[TRAINER2] TestSub: S[26, 27, 28, 29, 30] Epoch 29 Finsh | Now_lr 0.0100/0.0100 | Train Loss 0.0973 | Valid Loss 2.0518 | Train Acc 96.4981| Valid Acc 51.4166 | Domain Loss 3.2117 | Lambda 0.0896 | Contrastive Loss 0.0941
[TRAINER2] /scratch/suyash.kumar.mec22.itbhu/EEG-AAD/eeg-aad-challenge2026-task1-baselines-master/trainer2.py:182: UserWarning: To copy construct from a tensor, it is recommended to use sourceTensor.clone().detach() or sourceTensor.clone().detach().requires_grad_(True), rather than torch.tensor(sourceTensor).
[TRAINER2]   subject_ids = torch.tensor(subject_ids).to(device).long()
[TRAINER2] TestSub: S[26, 27, 28, 29, 30] Epoch 30 Finsh | Now_lr 0.0100/0.0100 | Train Loss 0.0979 | Valid Loss 2.2182 | Train Acc 96.4239| Valid Acc 49.0272 | Domain Loss 3.2116 | Lambda 0.0905 | Contrastive Loss 0.0951
[TRAINER2] /scratch/suyash.kumar.mec22.itbhu/EEG-AAD/eeg-aad-challenge2026-task1-baselines-master/trainer2.py:182: UserWarning: To copy construct from a tensor, it is recommended to use sourceTensor.clone().detach() or sourceTensor.clone().detach().requires_grad_(True), rather than torch.tensor(sourceTensor).
[TRAINER2]   subject_ids = torch.tensor(subject_ids).to(device).long()
[TRAINER2] TestSub: S[26, 27, 28, 29, 30] Epoch 31 Finsh | Now_lr 0.0100/0.0100 | Train Loss 0.0955 | Valid Loss 2.0543 | Train Acc 96.4701| Valid Acc 49.0394 | Domain Loss 3.2120 | Lambda 0.0914 | Contrastive Loss 0.0923
[TRAINER2] /scratch/suyash.kumar.mec22.itbhu/EEG-AAD/eeg-aad-challenge2026-task1-baselines-master/trainer2.py:182: UserWarning: To copy construct from a tensor, it is recommended to use sourceTensor.clone().detach() or sourceTensor.clone().detach().requires_grad_(True), rather than torch.tensor(sourceTensor).
[TRAINER2]   subject_ids = torch.tensor(subject_ids).to(device).long()
[TRAINER2] TestSub: S[26, 27, 28, 29, 30] Epoch 32 Finsh | Now_lr 0.0100/0.0100 | Train Loss 0.0937 | Valid Loss 2.1662 | Train Acc 96.5734| Valid Acc 47.9390 | Domain Loss 3.2139 | Lambda 0.0922 | Contrastive Loss 0.0902
[TRAINER2] /scratch/suyash.kumar.mec22.itbhu/EEG-AAD/eeg-aad-challenge2026-task1-baselines-master/trainer2.py:182: UserWarning: To copy construct from a tensor, it is recommended to use sourceTensor.clone().detach() or sourceTensor.clone().detach().requires_grad_(True), rather than torch.tensor(sourceTensor).
[TRAINER2]   subject_ids = torch.tensor(subject_ids).to(device).long()
[TRAINER2] TestSub: S[26, 27, 28, 29, 30] Epoch 33 Finsh | Now_lr 0.0100/0.0100 | Train Loss 0.0957 | Valid Loss 2.2698 | Train Acc 96.5114| Valid Acc 48.4010 | Domain Loss 3.2108 | Lambda 0.0929 | Contrastive Loss 0.0922
[TRAINER2] /scratch/suyash.kumar.mec22.itbhu/EEG-AAD/eeg-aad-challenge2026-task1-baselines-master/trainer2.py:182: UserWarning: To copy construct from a tensor, it is recommended to use sourceTensor.clone().detach() or sourceTensor.clone().detach().requires_grad_(True), rather than torch.tensor(sourceTensor).
[TRAINER2]   subject_ids = torch.tensor(subject_ids).to(device).long()
[TRAINER2] TestSub: S[26, 27, 28, 29, 30] Epoch 34 Finsh | Now_lr 0.0100/0.0100 | Train Loss 0.0960 | Valid Loss 2.1912 | Train Acc 96.5351| Valid Acc 47.8174 | Domain Loss 3.2113 | Lambda 0.0935 | Contrastive Loss 0.0921
[TRAINER2] /scratch/suyash.kumar.mec22.itbhu/EEG-AAD/eeg-aad-challenge2026-task1-baselines-master/trainer2.py:182: UserWarning: To copy construct from a tensor, it is recommended to use sourceTensor.clone().detach() or sourceTensor.clone().detach().requires_grad_(True), rather than torch.tensor(sourceTensor).
[TRAINER2]   subject_ids = torch.tensor(subject_ids).to(device).long()
[TRAINER2] TestSub: S[26, 27, 28, 29, 30] Epoch 35 Finsh | Now_lr 0.0100/0.0100 | Train Loss 0.0936 | Valid Loss 2.3471 | Train Acc 96.6251| Valid Acc 49.8632 | Domain Loss 3.2109 | Lambda 0.0941 | Contrastive Loss 0.0891
[TRAINER2] /scratch/suyash.kumar.mec22.itbhu/EEG-AAD/eeg-aad-challenge2026-task1-baselines-master/trainer2.py:182: UserWarning: To copy construct from a tensor, it is recommended to use sourceTensor.clone().detach() or sourceTensor.clone().detach().requires_grad_(True), rather than torch.tensor(sourceTensor).
[TRAINER2]   subject_ids = torch.tensor(subject_ids).to(device).long()
[TRAINER2] TestSub: S[26, 27, 28, 29, 30] Epoch 36 Finsh | Now_lr 0.0100/0.0100 | Train Loss 0.0937 | Valid Loss 2.3412 | Train Acc 96.5923| Valid Acc 47.7079 | Domain Loss 3.2092 | Lambda 0.0947 | Contrastive Loss 0.0904
[TRAINER2] /scratch/suyash.kumar.mec22.itbhu/EEG-AAD/eeg-aad-challenge2026-task1-baselines-master/trainer2.py:182: UserWarning: To copy construct from a tensor, it is recommended to use sourceTensor.clone().detach() or sourceTensor.clone().detach().requires_grad_(True), rather than torch.tensor(sourceTensor).
[TRAINER2]   subject_ids = torch.tensor(subject_ids).to(device).long()
[TRAINER2] TestSub: S[26, 27, 28, 29, 30] Epoch 37 Finsh | Now_lr 0.0100/0.0100 | Train Loss 0.0938 | Valid Loss 2.4828 | Train Acc 96.5795| Valid Acc 46.4585 | Domain Loss 3.2122 | Lambda 0.0952 | Contrastive Loss 0.0908
[TRAINER2] /scratch/suyash.kumar.mec22.itbhu/EEG-AAD/eeg-aad-challenge2026-task1-baselines-master/trainer2.py:182: UserWarning: To copy construct from a tensor, it is recommended to use sourceTensor.clone().detach() or sourceTensor.clone().detach().requires_grad_(True), rather than torch.tensor(sourceTensor).
[TRAINER2]   subject_ids = torch.tensor(subject_ids).to(device).long()
[TRAINER2] TestSub: S[26, 27, 28, 29, 30] Epoch 38 Finsh | Now_lr 0.0100/0.0100 | Train Loss 0.0921 | Valid Loss 2.3655 | Train Acc 96.7151| Valid Acc 48.2581 | Domain Loss 3.2123 | Lambda 0.0956 | Contrastive Loss 0.0904
[TRAINER2] /scratch/suyash.kumar.mec22.itbhu/EEG-AAD/eeg-aad-challenge2026-task1-baselines-master/trainer2.py:182: UserWarning: To copy construct from a tensor, it is recommended to use sourceTensor.clone().detach() or sourceTensor.clone().detach().requires_grad_(True), rather than torch.tensor(sourceTensor).
[TRAINER2]   subject_ids = torch.tensor(subject_ids).to(device).long()
[TRAINER2] TestSub: S[26, 27, 28, 29, 30] Epoch 39 Finsh | Now_lr 0.0100/0.0100 | Train Loss 0.0889 | Valid Loss 2.3571 | Train Acc 96.8142| Valid Acc 48.0454 | Domain Loss 3.2136 | Lambda 0.0960 | Contrastive Loss 0.0862
[TRAINER2] Early stopping triggered after 39 epochs (30 epochs without improvement)
[TRAINER2] --------------------------------------------------
[TRAINER2] Test_Subject :S[26, 27, 28, 29, 30] |Best epoch:9 | Test Loss:1.9169 | Best Acc 53.1645 | Savemodel Acc 53.1645
[TRAINER2] --------------------------------------------------
[TRAINER2] lr:0.01 -> bs:64
[TRAINER2] 6-Fold Cross Subject Accuracies: [54.26799610894941, 58.40527723735408, 54.81517509727627, 57.45379377431906, 52.98212548638133, 53.16451848249027]
[TRAINER2] Mean Accuracy over 6 folds: 55.1815
[TRAINER2] ============================================================================================================
[TRAINER2] end time: 25-10-23-06:04:20
[TRAINER3] python: can't open file '/scratch/suyash.kumar.mec22.itbhu/EEG-AAD/eeg-aad-challenge2026-task1-baselines-master/trainer3.py': [Errno 13] Permission denied
[TRAINER4] python: can't open file '/scratch/suyash.kumar.mec22.itbhu/EEG-AAD/eeg-aad-challenge2026-task1-baselines-master/trainer4.py': [Errno 13] Permission denied
[TRAINER5] python: can't open file '/scratch/suyash.kumar.mec22.itbhu/EEG-AAD/eeg-aad-challenge2026-task1-baselines-master/trainer5.py': [Errno 13] Permission denied
[TRAINER6] python: can't open file '/scratch/suyash.kumar.mec22.itbhu/EEG-AAD/eeg-aad-challenge2026-task1-baselines-master/trainer6.py': [Errno 13] Permission denied
