==========================================
SLURM_CLUSTER_NAME = param-shivay
SLURM_ARRAY_JOB_ID = 
SLURM_ARRAY_TASK_ID = 
SLURM_ARRAY_TASK_COUNT = 
SLURM_ARRAY_TASK_MAX = 
SLURM_ARRAY_TASK_MIN = 
SLURM_JOB_ACCOUNT = mechanical_engg
SLURM_JOB_ID = 1156605
SLURM_JOB_NAME = eeg-train
SLURM_JOB_NODELIST = gpu006
SLURM_JOB_USER = suyash.kumar.mec22.itbhu
SLURM_JOB_UID = 6339
SLURM_JOB_PARTITION = gpu
SLURM_TASK_PID = 77244
SLURM_SUBMIT_DIR = /scratch/suyash.kumar.mec22.itbhu/EEG-AAD/eeg-aad-challenge2026-task1-baselines-master
SLURM_CPUS_ON_NODE = 24
SLURM_NTASKS = 
SLURM_TASK_PID = 77244
==========================================
Job started at: Fri Oct 17 03:41:26 IST 2025
Running on node: gpu006
GPU allocation: 0
Current device is cuda
Setting all seeds to 42 for reproducibility...
All seeds set successfully!
start time: task1_AAD_MM-AAD_ssl_domain_2025-10-17-03-45-28
============================================================================================================
Arguments =
	_action_groups: [<argparse._ArgumentGroup object at 0x7f97a0004d90>, <argparse._ArgumentGroup object at 0x7f97635ce790>]
	_actions: [_HelpAction(option_strings=['-h', '--help'], dest='help', nargs=0, const=None, default='==SUPPRESS==', type=None, choices=None, required=False, help='show this help message and exit', metavar=None)]
	_defaults: {}
	_has_negative_number_optionals: []
	_mutually_exclusive_groups: []
	_negative_number_matcher: re.compile('^-\\d+$|^-\\d*\\.\\d+$')
	_option_string_actions: {'-h': _HelpAction(option_strings=['-h', '--help'], dest='help', nargs=0, const=None, default='==SUPPRESS==', type=None, choices=None, required=False, help='show this help message and exit', metavar=None), '--help': _HelpAction(option_strings=['-h', '--help'], dest='help', nargs=0, const=None, default='==SUPPRESS==', type=None, choices=None, required=False, help='show this help message and exit', metavar=None)}
	_optionals: <argparse._ArgumentGroup object at 0x7f97635ce790>
	_positionals: <argparse._ArgumentGroup object at 0x7f97a0004d90>
	_registries: {'action': {None: <class 'argparse._StoreAction'>, 'store': <class 'argparse._StoreAction'>, 'store_const': <class 'argparse._StoreConstAction'>, 'store_true': <class 'argparse._StoreTrueAction'>, 'store_false': <class 'argparse._StoreFalseAction'>, 'append': <class 'argparse._AppendAction'>, 'append_const': <class 'argparse._AppendConstAction'>, 'count': <class 'argparse._CountAction'>, 'help': <class 'argparse._HelpAction'>, 'version': <class 'argparse._VersionAction'>, 'parsers': <class 'argparse._SubParsersAction'>, 'extend': <class 'argparse._ExtendAction'>}, 'type': {None: <function ArgumentParser.__init__.<locals>.identity at 0x7f976356eca0>}}
	_subparsers: None
	add_help: True
	allow_abbrev: True
	alpha: 0.99
	argument_default: None
	batch_size: 128
	beta1: 0.9
	beta2: 0.999
	conflict_handler: error
	data_path: /home/suyash.kumar.mec22.itbhu/EEG-AAD_audio_visual/preprocessed/data/
	dataset: MM-AAD
	description: None
	eeg_channel: 32
	epilog: None
	exit_on_error: True
	fig_path: ./exps/cross-subject/DARNet_SSL_FullDARNet_Domain/figures/
	formatter_class: <class 'argparse.HelpFormatter'>
	fromfile_prefix_chars: None
	fs: 128
	label_path: /home/suyash.kumar.mec22.itbhu/EEG-AAD_audio_visual/preprocessed/label/
	lam: 0.2
	lambda_domain: 0.15
	log_interval: 10
	lr: 0.0005
	lr_decayrate: 0.5
	max_epoch: 100
	model: DARNet_SSL_FullDARNet_Domain
	model_save_path: ./exps/cross-subject/DARNet_SSL_FullDARNet_Domain/baseline_task1_AAD_MM-AAD_ssl_domain_2025-10-17-03-45-28/
	momentum: 0.9
	optimizer: AdamW
	overlap: 0.5
	patience: 10
	prefix_chars: -
	prog: trainer4.py
	seed: 42
	ssl_approach: full_darnet
	ssl_enabled: True
	ssl_epochs: 15
	ssl_lr: 5e-05
	ssl_model_save_path: ./exps/cross-subject/DARNet_SSL_FullDARNet_Domain/ssl_models_task1_AAD_MM-AAD_ssl_domain_2025-10-17-03-45-28/
	start_time: task1_AAD_MM-AAD_ssl_domain_2025-10-17-03-45-28
	subject_number: 40
	trail_number: 20
	usage: None
	use_domain_adversarial: True
	weight_decay: 0.0003
	win_len: 128
	win_time: 1
	window_lap: 64.0
============================================================================================================

========== Fold 1 ==========
Train IDs: [6, 7, 8, 9, 10, 11, 12, 13, 14, 15, 16, 17, 18, 19, 20, 21, 22, 23, 24, 25, 26, 27, 28, 29, 30]
Val IDs:   [1, 2, 3, 4, 5]
================================================================================
SSL PRE-TRAINING PHASE WITH DOMAIN ADVERSARIAL TRAINING
================================================================================
Loading SSL data with subject IDs for subjects: [6, 7, 8, 9, 10, 11, 12, 13, 14, 15, 16, 17, 18, 19, 20, 21, 22, 23, 24, 25, 26, 27, 28, 29, 30]
Loaded subject S6: (6580, 32, 128), Subject ID: 5
Loaded subject S7: (6580, 32, 128), Subject ID: 6
Loaded subject S8: (6580, 32, 128), Subject ID: 7
Loaded subject S9: (6580, 32, 128), Subject ID: 8
Loaded subject S10: (6580, 32, 128), Subject ID: 9
Loaded subject S11: (6580, 32, 128), Subject ID: 10
Loaded subject S12: (6580, 32, 128), Subject ID: 11
Loaded subject S13: (6580, 32, 128), Subject ID: 12
Loaded subject S14: (6580, 32, 128), Subject ID: 13
Loaded subject S15: (6580, 32, 128), Subject ID: 14
Loaded subject S16: (6580, 32, 128), Subject ID: 15
Loaded subject S17: (6580, 32, 128), Subject ID: 16
Loaded subject S18: (6580, 32, 128), Subject ID: 17
Loaded subject S19: (6580, 32, 128), Subject ID: 18
Loaded subject S20: (6580, 32, 128), Subject ID: 19
Loaded subject S21: (6580, 32, 128), Subject ID: 20
Loaded subject S22: (6580, 32, 128), Subject ID: 21
Loaded subject S23: (6580, 32, 128), Subject ID: 22
Loaded subject S24: (6580, 32, 128), Subject ID: 23
Loaded subject S25: (6580, 32, 128), Subject ID: 24
Loaded subject S26: (6580, 32, 128), Subject ID: 25
Loaded subject S27: (6580, 32, 128), Subject ID: 26
Loaded subject S28: (6580, 32, 128), Subject ID: 27
Loaded subject S29: (6580, 32, 128), Subject ID: 28
Loaded subject S30: (6580, 32, 128), Subject ID: 29
Total SSL data shape: (164500, 32, 128)
Total subject IDs: 164500
🏗️  SSL Model Architecture:
   - SSL Enabled: True
   - SSL Approach: full_darnet
   - Domain Adversarial: True
   - Training Mode: ssl
   - Decoder Type: EEGFullDARNetDecoder
   - Encoder parameters: 36,888
   - Decoder parameters: 4,388,192
   - Domain discriminator parameters: 39,070
   - Total parameters: 4,464,168
   - Decoder/Total ratio: 98.3%
==================================================
Starting SSL Pre-training with Domain Adversarial Training
==================================================
=================================================================
Layer (type:depth-idx)                   Param #
=================================================================
DARNet                                   --
├─GradientReversalLayer: 1-1             --
├─SubjectDiscriminator: 1-2              --
│    └─Sequential: 2-1                   --
│    │    └─Linear: 3-1                  2,304
│    │    └─ReLU: 3-2                    --
│    │    └─Dropout: 3-3                 --
│    │    └─Linear: 3-4                  32,896
│    │    └─ReLU: 3-5                    --
│    │    └─Dropout: 3-6                 --
│    │    └─Linear: 3-7                  3,870
├─TokenEmbeddingOriginal: 1-3            --
│    └─Sequential: 2-2                   --
│    │    └─Conv2d: 3-8                  576
│    │    └─BatchNorm2d: 3-9             128
│    │    └─GELU: 3-10                   --
│    └─Sequential: 2-3                   --
│    │    └─Conv2d: 3-11                 32,784
│    │    └─BatchNorm2d: 3-12            32
│    │    └─GELU: 3-13                   --
│    └─PositionalEmbedding: 2-4          --
├─EEGFullDARNetDecoder: 1-4              --
│    └─Sequential: 2-5                   --
│    │    └─Linear: 3-14                 2,304
│    │    └─ReLU: 3-15                   --
│    │    └─Dropout: 3-16                --
│    │    └─Linear: 3-17                 131,584
│    │    └─ReLU: 3-18                   --
│    │    └─Dropout: 3-19                --
│    │    └─Linear: 3-20                 4,202,496
│    └─Sequential: 2-6                   --
│    │    └─Conv1d: 3-21                 24,704
│    │    └─BatchNorm1d: 3-22            256
│    │    └─ReLU: 3-23                   --
│    │    └─Dropout: 3-24                --
│    └─Sequential: 2-7                   --
│    │    └─Conv1d: 3-25                 24,640
│    │    └─BatchNorm1d: 3-26            128
│    │    └─ReLU: 3-27                   --
│    │    └─Dropout: 3-28                --
│    └─Conv1d: 2-8                       2,080
├─Flatten: 1-5                           --
├─Linear: 1-6                            18
├─AttnRefine: 1-7                        --
│    └─MyAttention: 2-9                  --
│    │    └─Attention: 3-29              800
│    └─Refine: 2-10                      --
│    │    └─Conv1d: 3-30                 784
│    │    └─BatchNorm1d: 3-31            32
│    │    └─ELU: 3-32                    --
│    │    └─MaxPool1d: 3-33              --
│    └─AdaptiveAvgPool1d: 2-11           --
│    └─Linear: 2-12                      68
│    └─Flatten: 2-13                     --
├─AttnRefine: 1-8                        --
│    └─MyAttention: 2-14                 --
│    │    └─Attention: 3-34              800
│    └─Refine: 2-15                      --
│    │    └─Conv1d: 3-35                 784
│    │    └─BatchNorm1d: 3-36            32
│    │    └─ELU: 3-37                    --
│    │    └─MaxPool1d: 3-38              --
│    └─AdaptiveAvgPool1d: 2-16           --
│    └─Linear: 2-17                      68
│    └─Flatten: 2-18                     --
=================================================================
Total params: 4,464,168
Trainable params: 4,464,168
Non-trainable params: 0
=================================================================
SSL Epoch  1 | SSL Loss: 0.501769 | Domain Loss: 3.235373
SSL model saved at epoch 1 with loss 0.501769 to ./exps/cross-subject/DARNet_SSL_FullDARNet_Domain/ssl_models_task1_AAD_MM-AAD_ssl_domain_2025-10-17-03-45-28/ssl_best_model.pt
SSL model saved with loss 0.501769
SSL Epoch  2 | SSL Loss: 0.374056 | Domain Loss: 3.105142
SSL model saved at epoch 2 with loss 0.374056 to ./exps/cross-subject/DARNet_SSL_FullDARNet_Domain/ssl_models_task1_AAD_MM-AAD_ssl_domain_2025-10-17-03-45-28/ssl_best_model.pt
SSL model saved with loss 0.374056
SSL Epoch  3 | SSL Loss: 0.350028 | Domain Loss: 3.145957
SSL model saved at epoch 3 with loss 0.350028 to ./exps/cross-subject/DARNet_SSL_FullDARNet_Domain/ssl_models_task1_AAD_MM-AAD_ssl_domain_2025-10-17-03-45-28/ssl_best_model.pt
SSL model saved with loss 0.350028
SSL Epoch  4 | SSL Loss: 0.331866 | Domain Loss: 3.175444
SSL model saved at epoch 4 with loss 0.331866 to ./exps/cross-subject/DARNet_SSL_FullDARNet_Domain/ssl_models_task1_AAD_MM-AAD_ssl_domain_2025-10-17-03-45-28/ssl_best_model.pt
SSL model saved with loss 0.331866
SSL Epoch  5 | SSL Loss: 0.313387 | Domain Loss: 3.131104
SSL model saved at epoch 5 with loss 0.313387 to ./exps/cross-subject/DARNet_SSL_FullDARNet_Domain/ssl_models_task1_AAD_MM-AAD_ssl_domain_2025-10-17-03-45-28/ssl_best_model.pt
SSL model saved with loss 0.313387
SSL Epoch  6 | SSL Loss: 0.302591 | Domain Loss: 3.131072
SSL model saved at epoch 6 with loss 0.302591 to ./exps/cross-subject/DARNet_SSL_FullDARNet_Domain/ssl_models_task1_AAD_MM-AAD_ssl_domain_2025-10-17-03-45-28/ssl_best_model.pt
SSL model saved with loss 0.302591
SSL Epoch  7 | SSL Loss: 0.294323 | Domain Loss: 3.119329
SSL model saved at epoch 7 with loss 0.294323 to ./exps/cross-subject/DARNet_SSL_FullDARNet_Domain/ssl_models_task1_AAD_MM-AAD_ssl_domain_2025-10-17-03-45-28/ssl_best_model.pt
SSL model saved with loss 0.294323
SSL Epoch  8 | SSL Loss: 0.286424 | Domain Loss: 3.133814
SSL model saved at epoch 8 with loss 0.286424 to ./exps/cross-subject/DARNet_SSL_FullDARNet_Domain/ssl_models_task1_AAD_MM-AAD_ssl_domain_2025-10-17-03-45-28/ssl_best_model.pt
SSL model saved with loss 0.286424
SSL Epoch  9 | SSL Loss: 0.277272 | Domain Loss: 3.106181
SSL model saved at epoch 9 with loss 0.277272 to ./exps/cross-subject/DARNet_SSL_FullDARNet_Domain/ssl_models_task1_AAD_MM-AAD_ssl_domain_2025-10-17-03-45-28/ssl_best_model.pt
SSL model saved with loss 0.277272
SSL Epoch 10 | SSL Loss: 0.271974 | Domain Loss: 3.115332
SSL model saved at epoch 10 with loss 0.271974 to ./exps/cross-subject/DARNet_SSL_FullDARNet_Domain/ssl_models_task1_AAD_MM-AAD_ssl_domain_2025-10-17-03-45-28/ssl_best_model.pt
SSL model saved with loss 0.271974
SSL Epoch 11 | SSL Loss: 0.266831 | Domain Loss: 3.110169
SSL model saved at epoch 11 with loss 0.266831 to ./exps/cross-subject/DARNet_SSL_FullDARNet_Domain/ssl_models_task1_AAD_MM-AAD_ssl_domain_2025-10-17-03-45-28/ssl_best_model.pt
SSL model saved with loss 0.266831
SSL Epoch 12 | SSL Loss: 0.265772 | Domain Loss: 3.156054
SSL model saved at epoch 12 with loss 0.265772 to ./exps/cross-subject/DARNet_SSL_FullDARNet_Domain/ssl_models_task1_AAD_MM-AAD_ssl_domain_2025-10-17-03-45-28/ssl_best_model.pt
SSL model saved with loss 0.265772
SSL Epoch 13 | SSL Loss: 0.260192 | Domain Loss: 3.137102
SSL model saved at epoch 13 with loss 0.260192 to ./exps/cross-subject/DARNet_SSL_FullDARNet_Domain/ssl_models_task1_AAD_MM-AAD_ssl_domain_2025-10-17-03-45-28/ssl_best_model.pt
SSL model saved with loss 0.260192
SSL Epoch 14 | SSL Loss: 0.254699 | Domain Loss: 3.088960
SSL model saved at epoch 14 with loss 0.254699 to ./exps/cross-subject/DARNet_SSL_FullDARNet_Domain/ssl_models_task1_AAD_MM-AAD_ssl_domain_2025-10-17-03-45-28/ssl_best_model.pt
SSL model saved with loss 0.254699
SSL Epoch 15 | SSL Loss: 0.254053 | Domain Loss: 3.113487
SSL model saved at epoch 15 with loss 0.254053 to ./exps/cross-subject/DARNet_SSL_FullDARNet_Domain/ssl_models_task1_AAD_MM-AAD_ssl_domain_2025-10-17-03-45-28/ssl_best_model.pt
SSL model saved with loss 0.254053
==================================================
SSL Pre-training completed. Best loss: 0.254053
==================================================
train_data_shape(164500, 32, 128),val_data_shape(32900, 32, 128)
🔄 Loading SSL pre-trained weights from: ./exps/cross-subject/DARNet_SSL_FullDARNet_Domain/ssl_models_task1_AAD_MM-AAD_ssl_domain_2025-10-17-03-45-28/ssl_best_model.pt
📋 Available keys in SSL checkpoint: 73 total
  - subject_discriminator.classifier.0.weight: torch.Size([256, 8])
  - subject_discriminator.classifier.0.bias: torch.Size([256])
  - subject_discriminator.classifier.3.weight: torch.Size([128, 256])
  - subject_discriminator.classifier.3.bias: torch.Size([128])
  - subject_discriminator.classifier.6.weight: torch.Size([30, 128])
  - subject_discriminator.classifier.6.bias: torch.Size([30])
  - token_embedding.embed_layer.0.weight: torch.Size([64, 1, 1, 8])
  - token_embedding.embed_layer.0.bias: torch.Size([64])
  - token_embedding.embed_layer.1.weight: torch.Size([64])
  - token_embedding.embed_layer.1.bias: torch.Size([64])
  - token_embedding.embed_layer.1.running_mean: torch.Size([64])
  - token_embedding.embed_layer.1.running_var: torch.Size([64])
  - token_embedding.embed_layer.1.num_batches_tracked: torch.Size([])
  - token_embedding.embed_layer2.0.weight: torch.Size([16, 64, 32, 1])
  - token_embedding.embed_layer2.0.bias: torch.Size([16])
  - token_embedding.embed_layer2.1.weight: torch.Size([16])
  - token_embedding.embed_layer2.1.bias: torch.Size([16])
  - token_embedding.embed_layer2.1.running_mean: torch.Size([16])
  - token_embedding.embed_layer2.1.running_var: torch.Size([16])
  - token_embedding.embed_layer2.1.num_batches_tracked: torch.Size([])
  - token_embedding.position_embedding.pe: torch.Size([1, 5000, 16])
  - ssl_decoder.feature_expand.0.weight: torch.Size([256, 8])
  - ssl_decoder.feature_expand.0.bias: torch.Size([256])
  - ssl_decoder.feature_expand.3.weight: torch.Size([512, 256])
  - ssl_decoder.feature_expand.3.bias: torch.Size([512])
  - ssl_decoder.feature_expand.6.weight: torch.Size([8192, 512])
  - ssl_decoder.feature_expand.6.bias: torch.Size([8192])
  - ssl_decoder.temporal_conv1.0.weight: torch.Size([128, 64, 3])
  - ssl_decoder.temporal_conv1.0.bias: torch.Size([128])
  - ssl_decoder.temporal_conv1.1.weight: torch.Size([128])
  - ssl_decoder.temporal_conv1.1.bias: torch.Size([128])
  - ssl_decoder.temporal_conv1.1.running_mean: torch.Size([128])
  - ssl_decoder.temporal_conv1.1.running_var: torch.Size([128])
  - ssl_decoder.temporal_conv1.1.num_batches_tracked: torch.Size([])
  - ssl_decoder.temporal_conv2.0.weight: torch.Size([64, 128, 3])
  - ssl_decoder.temporal_conv2.0.bias: torch.Size([64])
  - ssl_decoder.temporal_conv2.1.weight: torch.Size([64])
  - ssl_decoder.temporal_conv2.1.bias: torch.Size([64])
  - ssl_decoder.temporal_conv2.1.running_mean: torch.Size([64])
  - ssl_decoder.temporal_conv2.1.running_var: torch.Size([64])
  - ssl_decoder.temporal_conv2.1.num_batches_tracked: torch.Size([])
  - ssl_decoder.final_conv.weight: torch.Size([32, 64, 1])
  - ssl_decoder.final_conv.bias: torch.Size([32])
  - out.weight: torch.Size([2, 8])
  - out.bias: torch.Size([2])
  - stack1.attention.attention_layer.key.weight: torch.Size([16, 16])
  - stack1.attention.attention_layer.value.weight: torch.Size([16, 16])
  - stack1.attention.attention_layer.query.weight: torch.Size([16, 16])
  - stack1.attention.attention_layer.to_out.weight: torch.Size([16])
  - stack1.attention.attention_layer.to_out.bias: torch.Size([16])
  - stack1.conv_layer.downConv.weight: torch.Size([16, 16, 3])
  - stack1.conv_layer.downConv.bias: torch.Size([16])
  - stack1.conv_layer.norm.weight: torch.Size([16])
  - stack1.conv_layer.norm.bias: torch.Size([16])
  - stack1.conv_layer.norm.running_mean: torch.Size([16])
  - stack1.conv_layer.norm.running_var: torch.Size([16])
  - stack1.conv_layer.norm.num_batches_tracked: torch.Size([])
  - stack1.out.weight: torch.Size([4, 16])
  - stack1.out.bias: torch.Size([4])
  - stack2.attention.attention_layer.key.weight: torch.Size([16, 16])
  - stack2.attention.attention_layer.value.weight: torch.Size([16, 16])
  - stack2.attention.attention_layer.query.weight: torch.Size([16, 16])
  - stack2.attention.attention_layer.to_out.weight: torch.Size([16])
  - stack2.attention.attention_layer.to_out.bias: torch.Size([16])
  - stack2.conv_layer.downConv.weight: torch.Size([16, 16, 3])
  - stack2.conv_layer.downConv.bias: torch.Size([16])
  - stack2.conv_layer.norm.weight: torch.Size([16])
  - stack2.conv_layer.norm.bias: torch.Size([16])
  - stack2.conv_layer.norm.running_mean: torch.Size([16])
  - stack2.conv_layer.norm.running_var: torch.Size([16])
  - stack2.conv_layer.norm.num_batches_tracked: torch.Size([])
  - stack2.out.weight: torch.Size([4, 16])
  - stack2.out.bias: torch.Size([4])
🎯 SSL approach detected: full_darnet
  ❌ Skipping: subject_discriminator.classifier.0.weight (decoder component)
  ❌ Skipping: subject_discriminator.classifier.0.bias (decoder component)
  ❌ Skipping: subject_discriminator.classifier.3.weight (decoder component)
  ❌ Skipping: subject_discriminator.classifier.3.bias (decoder component)
  ❌ Skipping: subject_discriminator.classifier.6.weight (decoder component)
  ❌ Skipping: subject_discriminator.classifier.6.bias (decoder component)
  ✅ Loading: token_embedding.embed_layer.0.weight -> torch.Size([64, 1, 1, 8])
  ✅ Loading: token_embedding.embed_layer.0.bias -> torch.Size([64])
  ✅ Loading: token_embedding.embed_layer.1.weight -> torch.Size([64])
  ✅ Loading: token_embedding.embed_layer.1.bias -> torch.Size([64])
  ✅ Loading: token_embedding.embed_layer.1.running_mean -> torch.Size([64])
  ✅ Loading: token_embedding.embed_layer.1.running_var -> torch.Size([64])
  ✅ Loading: token_embedding.embed_layer.1.num_batches_tracked -> torch.Size([])
  ✅ Loading: token_embedding.embed_layer2.0.weight -> torch.Size([16, 64, 32, 1])
  ✅ Loading: token_embedding.embed_layer2.0.bias -> torch.Size([16])
  ✅ Loading: token_embedding.embed_layer2.1.weight -> torch.Size([16])
  ✅ Loading: token_embedding.embed_layer2.1.bias -> torch.Size([16])
  ✅ Loading: token_embedding.embed_layer2.1.running_mean -> torch.Size([16])
  ✅ Loading: token_embedding.embed_layer2.1.running_var -> torch.Size([16])
  ✅ Loading: token_embedding.embed_layer2.1.num_batches_tracked -> torch.Size([])
  ✅ Loading: token_embedding.position_embedding.pe -> torch.Size([1, 5000, 16])
  ❌ Skipping: ssl_decoder.feature_expand.0.weight (decoder component)
  ❌ Skipping: ssl_decoder.feature_expand.0.bias (decoder component)
  ❌ Skipping: ssl_decoder.feature_expand.3.weight (decoder component)
  ❌ Skipping: ssl_decoder.feature_expand.3.bias (decoder component)
  ❌ Skipping: ssl_decoder.feature_expand.6.weight (decoder component)
  ❌ Skipping: ssl_decoder.feature_expand.6.bias (decoder component)
  ❌ Skipping: ssl_decoder.temporal_conv1.0.weight (decoder component)
  ❌ Skipping: ssl_decoder.temporal_conv1.0.bias (decoder component)
  ❌ Skipping: ssl_decoder.temporal_conv1.1.weight (decoder component)
  ❌ Skipping: ssl_decoder.temporal_conv1.1.bias (decoder component)
  ❌ Skipping: ssl_decoder.temporal_conv1.1.running_mean (decoder component)
  ❌ Skipping: ssl_decoder.temporal_conv1.1.running_var (decoder component)
  ❌ Skipping: ssl_decoder.temporal_conv1.1.num_batches_tracked (decoder component)
  ❌ Skipping: ssl_decoder.temporal_conv2.0.weight (decoder component)
  ❌ Skipping: ssl_decoder.temporal_conv2.0.bias (decoder component)
  ❌ Skipping: ssl_decoder.temporal_conv2.1.weight (decoder component)
  ❌ Skipping: ssl_decoder.temporal_conv2.1.bias (decoder component)
  ❌ Skipping: ssl_decoder.temporal_conv2.1.running_mean (decoder component)
  ❌ Skipping: ssl_decoder.temporal_conv2.1.running_var (decoder component)
  ❌ Skipping: ssl_decoder.temporal_conv2.1.num_batches_tracked (decoder component)
  ❌ Skipping: ssl_decoder.final_conv.weight (decoder component)
  ❌ Skipping: ssl_decoder.final_conv.bias (decoder component)
  ❌ Skipping: out.weight (decoder component)
  ❌ Skipping: out.bias (decoder component)
  ✅ Loading: stack1.attention.attention_layer.key.weight -> torch.Size([16, 16])
  ✅ Loading: stack1.attention.attention_layer.value.weight -> torch.Size([16, 16])
  ✅ Loading: stack1.attention.attention_layer.query.weight -> torch.Size([16, 16])
  ✅ Loading: stack1.attention.attention_layer.to_out.weight -> torch.Size([16])
  ✅ Loading: stack1.attention.attention_layer.to_out.bias -> torch.Size([16])
  ✅ Loading: stack1.conv_layer.downConv.weight -> torch.Size([16, 16, 3])
  ✅ Loading: stack1.conv_layer.downConv.bias -> torch.Size([16])
  ✅ Loading: stack1.conv_layer.norm.weight -> torch.Size([16])
  ✅ Loading: stack1.conv_layer.norm.bias -> torch.Size([16])
  ✅ Loading: stack1.conv_layer.norm.running_mean -> torch.Size([16])
  ✅ Loading: stack1.conv_layer.norm.running_var -> torch.Size([16])
  ✅ Loading: stack1.conv_layer.norm.num_batches_tracked -> torch.Size([])
  ✅ Loading: stack1.out.weight -> torch.Size([4, 16])
  ✅ Loading: stack1.out.bias -> torch.Size([4])
  ✅ Loading: stack2.attention.attention_layer.key.weight -> torch.Size([16, 16])
  ✅ Loading: stack2.attention.attention_layer.value.weight -> torch.Size([16, 16])
  ✅ Loading: stack2.attention.attention_layer.query.weight -> torch.Size([16, 16])
  ✅ Loading: stack2.attention.attention_layer.to_out.weight -> torch.Size([16])
  ✅ Loading: stack2.attention.attention_layer.to_out.bias -> torch.Size([16])
  ✅ Loading: stack2.conv_layer.downConv.weight -> torch.Size([16, 16, 3])
  ✅ Loading: stack2.conv_layer.downConv.bias -> torch.Size([16])
  ✅ Loading: stack2.conv_layer.norm.weight -> torch.Size([16])
  ✅ Loading: stack2.conv_layer.norm.bias -> torch.Size([16])
  ✅ Loading: stack2.conv_layer.norm.running_mean -> torch.Size([16])
  ✅ Loading: stack2.conv_layer.norm.running_var -> torch.Size([16])
  ✅ Loading: stack2.conv_layer.norm.num_batches_tracked -> torch.Size([])
  ✅ Loading: stack2.out.weight -> torch.Size([4, 16])
  ✅ Loading: stack2.out.bias -> torch.Size([4])
🔧 Loading 43 encoder components into fine-tuning model...
⚠️  Missing keys (newly initialized): ['subject_discriminator.classifier.0.weight', 'subject_discriminator.classifier.0.bias', 'subject_discriminator.classifier.3.weight', 'subject_discriminator.classifier.3.bias', 'subject_discriminator.classifier.6.weight', 'subject_discriminator.classifier.6.bias', 'ssl_decoder.feature_expand.0.weight', 'ssl_decoder.feature_expand.0.bias', 'ssl_decoder.feature_expand.3.weight', 'ssl_decoder.feature_expand.3.bias', 'ssl_decoder.feature_expand.6.weight', 'ssl_decoder.feature_expand.6.bias', 'ssl_decoder.temporal_conv1.0.weight', 'ssl_decoder.temporal_conv1.0.bias', 'ssl_decoder.temporal_conv1.1.weight', 'ssl_decoder.temporal_conv1.1.bias', 'ssl_decoder.temporal_conv1.1.running_mean', 'ssl_decoder.temporal_conv1.1.running_var', 'ssl_decoder.temporal_conv2.0.weight', 'ssl_decoder.temporal_conv2.0.bias', 'ssl_decoder.temporal_conv2.1.weight', 'ssl_decoder.temporal_conv2.1.bias', 'ssl_decoder.temporal_conv2.1.running_mean', 'ssl_decoder.temporal_conv2.1.running_var', 'ssl_decoder.final_conv.weight', 'ssl_decoder.final_conv.bias', 'out.weight', 'out.bias']
✅ Successfully loaded SSL pre-trained weights!
🎯 SSL decoder removed, feature classifier ready for fine-tuning
==================================================
Starting Fine-tuning
==================================================
=================================================================
Layer (type:depth-idx)                   Param #
=================================================================
DARNet                                   --
├─GradientReversalLayer: 1-1             --
├─SubjectDiscriminator: 1-2              --
│    └─Sequential: 2-1                   --
│    │    └─Linear: 3-1                  2,304
│    │    └─ReLU: 3-2                    --
│    │    └─Dropout: 3-3                 --
│    │    └─Linear: 3-4                  32,896
│    │    └─ReLU: 3-5                    --
│    │    └─Dropout: 3-6                 --
│    │    └─Linear: 3-7                  3,870
├─TokenEmbeddingOriginal: 1-3            --
│    └─Sequential: 2-2                   --
│    │    └─Conv2d: 3-8                  576
│    │    └─BatchNorm2d: 3-9             128
│    │    └─GELU: 3-10                   --
│    └─Sequential: 2-3                   --
│    │    └─Conv2d: 3-11                 32,784
│    │    └─BatchNorm2d: 3-12            32
│    │    └─GELU: 3-13                   --
│    └─PositionalEmbedding: 2-4          --
├─EEGFullDARNetDecoder: 1-4              --
│    └─Sequential: 2-5                   --
│    │    └─Linear: 3-14                 2,304
│    │    └─ReLU: 3-15                   --
│    │    └─Dropout: 3-16                --
│    │    └─Linear: 3-17                 131,584
│    │    └─ReLU: 3-18                   --
│    │    └─Dropout: 3-19                --
│    │    └─Linear: 3-20                 4,202,496
│    └─Sequential: 2-6                   --
│    │    └─Conv1d: 3-21                 24,704
│    │    └─BatchNorm1d: 3-22            256
│    │    └─ReLU: 3-23                   --
│    │    └─Dropout: 3-24                --
│    └─Sequential: 2-7                   --
│    │    └─Conv1d: 3-25                 24,640
│    │    └─BatchNorm1d: 3-26            128
│    │    └─ReLU: 3-27                   --
│    │    └─Dropout: 3-28                --
│    └─Conv1d: 2-8                       2,080
├─Flatten: 1-5                           --
├─Linear: 1-6                            18
├─AttnRefine: 1-7                        --
│    └─MyAttention: 2-9                  --
│    │    └─Attention: 3-29              800
│    └─Refine: 2-10                      --
│    │    └─Conv1d: 3-30                 784
│    │    └─BatchNorm1d: 3-31            32
│    │    └─ELU: 3-32                    --
│    │    └─MaxPool1d: 3-33              --
│    └─AdaptiveAvgPool1d: 2-11           --
│    └─Linear: 2-12                      68
│    └─Flatten: 2-13                     --
├─AttnRefine: 1-8                        --
│    └─MyAttention: 2-14                 --
│    │    └─Attention: 3-34              800
│    └─Refine: 2-15                      --
│    │    └─Conv1d: 3-35                 784
│    │    └─BatchNorm1d: 3-36            32
│    │    └─ELU: 3-37                    --
│    │    └─MaxPool1d: 3-38              --
│    └─AdaptiveAvgPool1d: 2-16           --
│    └─Linear: 2-17                      68
│    └─Flatten: 2-18                     --
=================================================================
Total params: 4,464,168
Trainable params: 4,464,168
Non-trainable params: 0
=================================================================
TestSub: S[1, 2, 3, 4, 5] Epoch  1 Finsh | Now_lr 0.0005/0.0005 | Lambda 0.0075 | Train Loss 0.4587 | Domain Loss 3.0639 | Valid Loss 1.5631 | Train Acc 76.6738| Valid Acc 47.2519
Validation acc increase (0.000000 --> 47.251946) in epoch (1).  Saving model ...
TestSub: S[1, 2, 3, 4, 5] Epoch  2 Finsh | Now_lr 0.0005/0.0005 | Lambda 0.0150 | Train Loss 0.3038 | Domain Loss 2.9905 | Valid Loss 1.8227 | Train Acc 86.5698| Valid Acc 46.4889
TestSub: S[1, 2, 3, 4, 5] Epoch  3 Finsh | Now_lr 0.0005/0.0005 | Lambda 0.0223 | Train Loss 0.2518 | Domain Loss 3.0331 | Valid Loss 2.1983 | Train Acc 89.2473| Valid Acc 48.0514
Validation acc increase (47.251946 --> 48.051435) in epoch (3).  Saving model ...
TestSub: S[1, 2, 3, 4, 5] Epoch  4 Finsh | Now_lr 0.0005/0.0005 | Lambda 0.0296 | Train Loss 0.2167 | Domain Loss 3.0471 | Valid Loss 2.2438 | Train Acc 90.9101| Valid Acc 46.5224
TestSub: S[1, 2, 3, 4, 5] Epoch  5 Finsh | Now_lr 0.0005/0.0005 | Lambda 0.0367 | Train Loss 0.1840 | Domain Loss 3.0510 | Valid Loss 2.5024 | Train Acc 92.5249| Valid Acc 44.2668
TestSub: S[1, 2, 3, 4, 5] Epoch  6 Finsh | Now_lr 0.0005/0.0005 | Lambda 0.0437 | Train Loss 0.1543 | Domain Loss 3.0788 | Valid Loss 2.6110 | Train Acc 93.7847| Valid Acc 44.9234
TestSub: S[1, 2, 3, 4, 5] Epoch  7 Finsh | Now_lr 0.0005/0.0005 | Lambda 0.0505 | Train Loss 0.1295 | Domain Loss 3.0821 | Valid Loss 2.9230 | Train Acc 94.8474| Valid Acc 46.1181
TestSub: S[1, 2, 3, 4, 5] Epoch  8 Finsh | Now_lr 0.0005/0.0005 | Lambda 0.0570 | Train Loss 0.1126 | Domain Loss 3.1015 | Valid Loss 2.8545 | Train Acc 95.6451| Valid Acc 45.1453
TestSub: S[1, 2, 3, 4, 5] Epoch  9 Finsh | Now_lr 0.0005/0.0005 | Lambda 0.0633 | Train Loss 0.0977 | Domain Loss 3.1167 | Valid Loss 2.8976 | Train Acc 96.2281| Valid Acc 48.8631
Validation acc increase (48.051435 --> 48.863084) in epoch (9).  Saving model ...
TestSub: S[1, 2, 3, 4, 5] Epoch 10 Finsh | Now_lr 0.0005/0.0005 | Lambda 0.0693 | Train Loss 0.0852 | Domain Loss 3.1155 | Valid Loss 3.2414 | Train Acc 96.7692| Valid Acc 46.0786
TestSub: S[1, 2, 3, 4, 5] Epoch 11 Finsh | Now_lr 0.0005/0.0005 | Lambda 0.0751 | Train Loss 0.0762 | Domain Loss 3.1274 | Valid Loss 3.0229 | Train Acc 97.1918| Valid Acc 48.8266
TestSub: S[1, 2, 3, 4, 5] Epoch 12 Finsh | Now_lr 0.0005/0.0005 | Lambda 0.0806 | Train Loss 0.0687 | Domain Loss 3.1422 | Valid Loss 3.3650 | Train Acc 97.4605| Valid Acc 46.7017
TestSub: S[1, 2, 3, 4, 5] Epoch 13 Finsh | Now_lr 0.0005/0.0005 | Lambda 0.0858 | Train Loss 0.0622 | Domain Loss 3.1460 | Valid Loss 3.3176 | Train Acc 97.7657| Valid Acc 48.1852
TestSub: S[1, 2, 3, 4, 5] Epoch 14 Finsh | Now_lr 0.0005/0.0005 | Lambda 0.0907 | Train Loss 0.0562 | Domain Loss 3.1501 | Valid Loss 3.3315 | Train Acc 97.9949| Valid Acc 48.0271
TestSub: S[1, 2, 3, 4, 5] Epoch 15 Finsh | Now_lr 0.0005/0.0005 | Lambda 0.0953 | Train Loss 0.0523 | Domain Loss 3.1592 | Valid Loss 3.3414 | Train Acc 98.1451| Valid Acc 50.2736
Validation acc increase (48.863084 --> 50.273589) in epoch (15).  Saving model ...
TestSub: S[1, 2, 3, 4, 5] Epoch 16 Finsh | Now_lr 0.0005/0.0005 | Lambda 0.0996 | Train Loss 0.0483 | Domain Loss 3.1530 | Valid Loss 3.4193 | Train Acc 98.2977| Valid Acc 51.4622
Validation acc increase (50.273589 --> 51.462184) in epoch (16).  Saving model ...
TestSub: S[1, 2, 3, 4, 5] Epoch 17 Finsh | Now_lr 0.0005/0.0005 | Lambda 0.1037 | Train Loss 0.0441 | Domain Loss 3.1605 | Valid Loss 3.4523 | Train Acc 98.4679| Valid Acc 50.6475
TestSub: S[1, 2, 3, 4, 5] Epoch 18 Finsh | Now_lr 0.0005/0.0005 | Lambda 0.1074 | Train Loss 0.0427 | Domain Loss 3.1668 | Valid Loss 3.2340 | Train Acc 98.5214| Valid Acc 51.8027
Validation acc increase (51.462184 --> 51.802651) in epoch (18).  Saving model ...
TestSub: S[1, 2, 3, 4, 5] Epoch 19 Finsh | Now_lr 0.0005/0.0005 | Lambda 0.1110 | Train Loss 0.0391 | Domain Loss 3.1768 | Valid Loss 3.6623 | Train Acc 98.6053| Valid Acc 51.8027
TestSub: S[1, 2, 3, 4, 5] Epoch 20 Finsh | Now_lr 0.0005/0.0005 | Lambda 0.1142 | Train Loss 0.0369 | Domain Loss 3.1922 | Valid Loss 3.6422 | Train Acc 98.7226| Valid Acc 50.7721
TestSub: S[1, 2, 3, 4, 5] Epoch 21 Finsh | Now_lr 0.0005/0.0005 | Lambda 0.1173 | Train Loss 0.0330 | Domain Loss 3.1921 | Valid Loss 3.5359 | Train Acc 98.8473| Valid Acc 52.0124
Validation acc increase (51.802651 --> 52.012403) in epoch (21).  Saving model ...
TestSub: S[1, 2, 3, 4, 5] Epoch 22 Finsh | Now_lr 0.0005/0.0005 | Lambda 0.1201 | Train Loss 0.0327 | Domain Loss 3.1951 | Valid Loss 3.6014 | Train Acc 98.8722| Valid Acc 51.9151
TestSub: S[1, 2, 3, 4, 5] Epoch 23 Finsh | Now_lr 0.0005/0.0005 | Lambda 0.1227 | Train Loss 0.0316 | Domain Loss 3.1946 | Valid Loss 3.6553 | Train Acc 98.9245| Valid Acc 50.5229
TestSub: S[1, 2, 3, 4, 5] Epoch 24 Finsh | Now_lr 0.0005/0.0005 | Lambda 0.1250 | Train Loss 0.0290 | Domain Loss 3.1875 | Valid Loss 3.9629 | Train Acc 98.9792| Valid Acc 49.8906
TestSub: S[1, 2, 3, 4, 5] Epoch 25 Finsh | Now_lr 0.0005/0.0005 | Lambda 0.1272 | Train Loss 0.0290 | Domain Loss 3.1939 | Valid Loss 3.7355 | Train Acc 99.0035| Valid Acc 50.1733
TestSub: S[1, 2, 3, 4, 5] Epoch 26 Finsh | Now_lr 0.0005/0.0005 | Lambda 0.1293 | Train Loss 0.0274 | Domain Loss 3.1934 | Valid Loss 3.6607 | Train Acc 99.0625| Valid Acc 52.5839
Validation acc increase (52.012403 --> 52.583901) in epoch (26).  Saving model ...
TestSub: S[1, 2, 3, 4, 5] Epoch 27 Finsh | Now_lr 0.0005/0.0005 | Lambda 0.1311 | Train Loss 0.0260 | Domain Loss 3.1839 | Valid Loss 3.6964 | Train Acc 99.1136| Valid Acc 51.3497
TestSub: S[1, 2, 3, 4, 5] Epoch 28 Finsh | Now_lr 0.0005/0.0005 | Lambda 0.1328 | Train Loss 0.0257 | Domain Loss 3.1885 | Valid Loss 3.9427 | Train Acc 99.1336| Valid Acc 51.6355
TestSub: S[1, 2, 3, 4, 5] Epoch 29 Finsh | Now_lr 0.0005/0.0005 | Lambda 0.1344 | Train Loss 0.0251 | Domain Loss 3.1931 | Valid Loss 4.0361 | Train Acc 99.1409| Valid Acc 50.5259
TestSub: S[1, 2, 3, 4, 5] Epoch 30 Finsh | Now_lr 0.0005/0.0005 | Lambda 0.1358 | Train Loss 0.0243 | Domain Loss 3.1888 | Valid Loss 3.9720 | Train Acc 99.1671| Valid Acc 52.2951
TestSub: S[1, 2, 3, 4, 5] Epoch 31 Finsh | Now_lr 0.0005/0.0005 | Lambda 0.1371 | Train Loss 0.0226 | Domain Loss 3.1953 | Valid Loss 4.1432 | Train Acc 99.2212| Valid Acc 50.9971
TestSub: S[1, 2, 3, 4, 5] Epoch 32 Finsh | Now_lr 0.0005/0.0005 | Lambda 0.1383 | Train Loss 0.0225 | Domain Loss 3.1956 | Valid Loss 4.1422 | Train Acc 99.2011| Valid Acc 51.7175
TestSub: S[1, 2, 3, 4, 5] Epoch 33 Finsh | Now_lr 0.0005/0.0005 | Lambda 0.1393 | Train Loss 0.0222 | Domain Loss 3.1993 | Valid Loss 3.9564 | Train Acc 99.2461| Valid Acc 51.5260
TestSub: S[1, 2, 3, 4, 5] Epoch 34 Finsh | Now_lr 0.0005/0.0005 | Lambda 0.1403 | Train Loss 0.0203 | Domain Loss 3.2038 | Valid Loss 3.9913 | Train Acc 99.3172| Valid Acc 53.5445
Validation acc increase (52.583901 --> 53.544504) in epoch (34).  Saving model ...
TestSub: S[1, 2, 3, 4, 5] Epoch 35 Finsh | Now_lr 0.0005/0.0005 | Lambda 0.1412 | Train Loss 0.0204 | Domain Loss 3.2016 | Valid Loss 4.2249 | Train Acc 99.3002| Valid Acc 52.7815
TestSub: S[1, 2, 3, 4, 5] Epoch 36 Finsh | Now_lr 0.0005/0.0005 | Lambda 0.1420 | Train Loss 0.0195 | Domain Loss 3.2035 | Valid Loss 4.2867 | Train Acc 99.3489| Valid Acc 50.6384
TestSub: S[1, 2, 3, 4, 5] Epoch 37 Finsh | Now_lr 0.0005/0.0005 | Lambda 0.1428 | Train Loss 0.0194 | Domain Loss 3.2033 | Valid Loss 3.9776 | Train Acc 99.3513| Valid Acc 51.8270
TestSub: S[1, 2, 3, 4, 5] Epoch 38 Finsh | Now_lr 0.0005/0.0005 | Lambda 0.1434 | Train Loss 0.0176 | Domain Loss 3.2000 | Valid Loss 4.3655 | Train Acc 99.3957| Valid Acc 52.4653
TestSub: S[1, 2, 3, 4, 5] Epoch 39 Finsh | Now_lr 0.0005/0.0005 | Lambda 0.1440 | Train Loss 0.0187 | Domain Loss 3.2031 | Valid Loss 4.0229 | Train Acc 99.3689| Valid Acc 50.5441
TestSub: S[1, 2, 3, 4, 5] Epoch 40 Finsh | Now_lr 0.0005/0.0005 | Lambda 0.1446 | Train Loss 0.0183 | Domain Loss 3.1980 | Valid Loss 4.0854 | Train Acc 99.3872| Valid Acc 51.4470
TestSub: S[1, 2, 3, 4, 5] Epoch 41 Finsh | Now_lr 0.0005/0.0005 | Lambda 0.1451 | Train Loss 0.0166 | Domain Loss 3.1983 | Valid Loss 4.2902 | Train Acc 99.4467| Valid Acc 51.5230
TestSub: S[1, 2, 3, 4, 5] Epoch 42 Finsh | Now_lr 0.0005/0.0005 | Lambda 0.1456 | Train Loss 0.0179 | Domain Loss 3.2032 | Valid Loss 4.2830 | Train Acc 99.3884| Valid Acc 49.2188
TestSub: S[1, 2, 3, 4, 5] Epoch 43 Finsh | Now_lr 0.0005/0.0005 | Lambda 0.1460 | Train Loss 0.0163 | Domain Loss 3.2073 | Valid Loss 4.3383 | Train Acc 99.4376| Valid Acc 49.1367
TestSub: S[1, 2, 3, 4, 5] Epoch 44 Finsh | Now_lr 0.0005/0.0005 | Lambda 0.1464 | Train Loss 0.0158 | Domain Loss 3.2035 | Valid Loss 4.5030 | Train Acc 99.4559| Valid Acc 51.7723
TestSub: S[1, 2, 3, 4, 5] Epoch 45 Finsh | Now_lr 0.0005/0.0005 | Lambda 0.1467 | Train Loss 0.0157 | Domain Loss 3.2020 | Valid Loss 4.2841 | Train Acc 99.4698| Valid Acc 51.3132
TestSub: S[1, 2, 3, 4, 5] Epoch 46 Finsh | Now_lr 0.0005/0.0005 | Lambda 0.1470 | Train Loss 0.0149 | Domain Loss 3.2054 | Valid Loss 4.3818 | Train Acc 99.5100| Valid Acc 52.2039
TestSub: S[1, 2, 3, 4, 5] Epoch 47 Finsh | Now_lr 0.0005/0.0005 | Lambda 0.1473 | Train Loss 0.0146 | Domain Loss 3.2018 | Valid Loss 4.3436 | Train Acc 99.5404| Valid Acc 51.6355
TestSub: S[1, 2, 3, 4, 5] Epoch 48 Finsh | Now_lr 0.0005/0.0005 | Lambda 0.1476 | Train Loss 0.0152 | Domain Loss 3.1985 | Valid Loss 4.4766 | Train Acc 99.4990| Valid Acc 50.0152
TestSub: S[1, 2, 3, 4, 5] Epoch 49 Finsh | Now_lr 0.0005/0.0005 | Lambda 0.1478 | Train Loss 0.0146 | Domain Loss 3.2030 | Valid Loss 4.3355 | Train Acc 99.5112| Valid Acc 50.2949
TestSub: S[1, 2, 3, 4, 5] Epoch 50 Finsh | Now_lr 0.0005/0.0005 | Lambda 0.1480 | Train Loss 0.0133 | Domain Loss 3.2008 | Valid Loss 4.3507 | Train Acc 99.5501| Valid Acc 50.1824
TestSub: S[1, 2, 3, 4, 5] Epoch 51 Finsh | Now_lr 0.0005/0.0005 | Lambda 0.1482 | Train Loss 0.0140 | Domain Loss 3.2063 | Valid Loss 4.5565 | Train Acc 99.5154| Valid Acc 49.5683
TestSub: S[1, 2, 3, 4, 5] Epoch 52 Finsh | Now_lr 0.0005/0.0005 | Lambda 0.1484 | Train Loss 0.0134 | Domain Loss 3.2061 | Valid Loss 4.5674 | Train Acc 99.5367| Valid Acc 47.3705
TestSub: S[1, 2, 3, 4, 5] Epoch 53 Finsh | Now_lr 0.0005/0.0005 | Lambda 0.1485 | Train Loss 0.0131 | Domain Loss 3.2074 | Valid Loss 4.4699 | Train Acc 99.5495| Valid Acc 50.0243
TestSub: S[1, 2, 3, 4, 5] Epoch 54 Finsh | Now_lr 0.0005/0.0005 | Lambda 0.1487 | Train Loss 0.0126 | Domain Loss 3.2066 | Valid Loss 4.6227 | Train Acc 99.5829| Valid Acc 49.2218
TestSub: S[1, 2, 3, 4, 5] Epoch 55 Finsh | Now_lr 0.0005/0.0005 | Lambda 0.1488 | Train Loss 0.0128 | Domain Loss 3.2076 | Valid Loss 4.4639 | Train Acc 99.5635| Valid Acc 47.6623
TestSub: S[1, 2, 3, 4, 5] Epoch 56 Finsh | Now_lr 0.0005/0.0005 | Lambda 0.1489 | Train Loss 0.0125 | Domain Loss 3.2072 | Valid Loss 4.4900 | Train Acc 99.5957| Valid Acc 49.2218
TestSub: S[1, 2, 3, 4, 5] Epoch 57 Finsh | Now_lr 0.0005/0.0005 | Lambda 0.1490 | Train Loss 0.0123 | Domain Loss 3.2048 | Valid Loss 4.6656 | Train Acc 99.5969| Valid Acc 49.1488
TestSub: S[1, 2, 3, 4, 5] Epoch 58 Finsh | Now_lr 0.0005/0.0005 | Lambda 0.1491 | Train Loss 0.0116 | Domain Loss 3.2107 | Valid Loss 4.5022 | Train Acc 99.6218| Valid Acc 50.3192
TestSub: S[1, 2, 3, 4, 5] Epoch 59 Finsh | Now_lr 0.0005/0.0005 | Lambda 0.1492 | Train Loss 0.0118 | Domain Loss 3.2098 | Valid Loss 4.5740 | Train Acc 99.6060| Valid Acc 49.0272
TestSub: S[1, 2, 3, 4, 5] Epoch 60 Finsh | Now_lr 0.0005/0.0005 | Lambda 0.1493 | Train Loss 0.0120 | Domain Loss 3.2086 | Valid Loss 4.5780 | Train Acc 99.6097| Valid Acc 48.8023
TestSub: S[1, 2, 3, 4, 5] Epoch 61 Finsh | Now_lr 0.0005/0.0005 | Lambda 0.1493 | Train Loss 0.0109 | Domain Loss 3.2089 | Valid Loss 4.7019 | Train Acc 99.6589| Valid Acc 49.4103
TestSub: S[1, 2, 3, 4, 5] Epoch 62 Finsh | Now_lr 0.0005/0.0005 | Lambda 0.1494 | Train Loss 0.0119 | Domain Loss 3.2087 | Valid Loss 4.7195 | Train Acc 99.5963| Valid Acc 48.7445
TestSub: S[1, 2, 3, 4, 5] Epoch 63 Finsh | Now_lr 0.0005/0.0005 | Lambda 0.1495 | Train Loss 0.0111 | Domain Loss 3.2095 | Valid Loss 4.7180 | Train Acc 99.6158| Valid Acc 49.4285
TestSub: S[1, 2, 3, 4, 5] Epoch 64 Finsh | Now_lr 0.0005/0.0005 | Lambda 0.1495 | Train Loss 0.0107 | Domain Loss 3.2102 | Valid Loss 4.6255 | Train Acc 99.6401| Valid Acc 47.9481
Early stopping triggered after 64 epochs (30 epochs without improvement)
--------------------------------------------------
Test_Subject :S[1, 2, 3, 4, 5] |Best epoch:34 | Test Loss:3.9913 | Best Acc 53.5445 | Savemodel Acc 53.5445
--------------------------------------------------

========== Fold 2 ==========
Train IDs: [1, 2, 3, 4, 5, 11, 12, 13, 14, 15, 16, 17, 18, 19, 20, 21, 22, 23, 24, 25, 26, 27, 28, 29, 30]
Val IDs:   [6, 7, 8, 9, 10]
================================================================================
SSL PRE-TRAINING PHASE WITH DOMAIN ADVERSARIAL TRAINING
================================================================================
Loading SSL data with subject IDs for subjects: [1, 2, 3, 4, 5, 11, 12, 13, 14, 15, 16, 17, 18, 19, 20, 21, 22, 23, 24, 25, 26, 27, 28, 29, 30]
Loaded subject S1: (6580, 32, 128), Subject ID: 0
Loaded subject S2: (6580, 32, 128), Subject ID: 1
Loaded subject S3: (6580, 32, 128), Subject ID: 2
Loaded subject S4: (6580, 32, 128), Subject ID: 3
Loaded subject S5: (6580, 32, 128), Subject ID: 4
Loaded subject S11: (6580, 32, 128), Subject ID: 10
Loaded subject S12: (6580, 32, 128), Subject ID: 11
Loaded subject S13: (6580, 32, 128), Subject ID: 12
Loaded subject S14: (6580, 32, 128), Subject ID: 13
Loaded subject S15: (6580, 32, 128), Subject ID: 14
Loaded subject S16: (6580, 32, 128), Subject ID: 15
Loaded subject S17: (6580, 32, 128), Subject ID: 16
Loaded subject S18: (6580, 32, 128), Subject ID: 17
Loaded subject S19: (6580, 32, 128), Subject ID: 18
Loaded subject S20: (6580, 32, 128), Subject ID: 19
Loaded subject S21: (6580, 32, 128), Subject ID: 20
Loaded subject S22: (6580, 32, 128), Subject ID: 21
Loaded subject S23: (6580, 32, 128), Subject ID: 22
Loaded subject S24: (6580, 32, 128), Subject ID: 23
Loaded subject S25: (6580, 32, 128), Subject ID: 24
Loaded subject S26: (6580, 32, 128), Subject ID: 25
Loaded subject S27: (6580, 32, 128), Subject ID: 26
Loaded subject S28: (6580, 32, 128), Subject ID: 27
Loaded subject S29: (6580, 32, 128), Subject ID: 28
Loaded subject S30: (6580, 32, 128), Subject ID: 29
Total SSL data shape: (164500, 32, 128)
Total subject IDs: 164500
🏗️  SSL Model Architecture:
   - SSL Enabled: True
   - SSL Approach: full_darnet
   - Domain Adversarial: True
   - Training Mode: ssl
   - Decoder Type: EEGFullDARNetDecoder
   - Encoder parameters: 36,888
   - Decoder parameters: 4,388,192
   - Domain discriminator parameters: 39,070
   - Total parameters: 4,464,168
   - Decoder/Total ratio: 98.3%
==================================================
Starting SSL Pre-training with Domain Adversarial Training
==================================================
=================================================================
Layer (type:depth-idx)                   Param #
=================================================================
DARNet                                   --
├─GradientReversalLayer: 1-1             --
├─SubjectDiscriminator: 1-2              --
│    └─Sequential: 2-1                   --
│    │    └─Linear: 3-1                  2,304
│    │    └─ReLU: 3-2                    --
│    │    └─Dropout: 3-3                 --
│    │    └─Linear: 3-4                  32,896
│    │    └─ReLU: 3-5                    --
│    │    └─Dropout: 3-6                 --
│    │    └─Linear: 3-7                  3,870
├─TokenEmbeddingOriginal: 1-3            --
│    └─Sequential: 2-2                   --
│    │    └─Conv2d: 3-8                  576
│    │    └─BatchNorm2d: 3-9             128
│    │    └─GELU: 3-10                   --
│    └─Sequential: 2-3                   --
│    │    └─Conv2d: 3-11                 32,784
│    │    └─BatchNorm2d: 3-12            32
│    │    └─GELU: 3-13                   --
│    └─PositionalEmbedding: 2-4          --
├─EEGFullDARNetDecoder: 1-4              --
│    └─Sequential: 2-5                   --
│    │    └─Linear: 3-14                 2,304
│    │    └─ReLU: 3-15                   --
│    │    └─Dropout: 3-16                --
│    │    └─Linear: 3-17                 131,584
│    │    └─ReLU: 3-18                   --
│    │    └─Dropout: 3-19                --
│    │    └─Linear: 3-20                 4,202,496
│    └─Sequential: 2-6                   --
│    │    └─Conv1d: 3-21                 24,704
│    │    └─BatchNorm1d: 3-22            256
│    │    └─ReLU: 3-23                   --
│    │    └─Dropout: 3-24                --
│    └─Sequential: 2-7                   --
│    │    └─Conv1d: 3-25                 24,640
│    │    └─BatchNorm1d: 3-26            128
│    │    └─ReLU: 3-27                   --
│    │    └─Dropout: 3-28                --
│    └─Conv1d: 2-8                       2,080
├─Flatten: 1-5                           --
├─Linear: 1-6                            18
├─AttnRefine: 1-7                        --
│    └─MyAttention: 2-9                  --
│    │    └─Attention: 3-29              800
│    └─Refine: 2-10                      --
│    │    └─Conv1d: 3-30                 784
│    │    └─BatchNorm1d: 3-31            32
│    │    └─ELU: 3-32                    --
│    │    └─MaxPool1d: 3-33              --
│    └─AdaptiveAvgPool1d: 2-11           --
│    └─Linear: 2-12                      68
│    └─Flatten: 2-13                     --
├─AttnRefine: 1-8                        --
│    └─MyAttention: 2-14                 --
│    │    └─Attention: 3-34              800
│    └─Refine: 2-15                      --
│    │    └─Conv1d: 3-35                 784
│    │    └─BatchNorm1d: 3-36            32
│    │    └─ELU: 3-37                    --
│    │    └─MaxPool1d: 3-38              --
│    └─AdaptiveAvgPool1d: 2-16           --
│    └─Linear: 2-17                      68
│    └─Flatten: 2-18                     --
=================================================================
Total params: 4,464,168
Trainable params: 4,464,168
Non-trainable params: 0
=================================================================
SSL Epoch  1 | SSL Loss: 0.491391 | Domain Loss: 3.238003
SSL model saved at epoch 1 with loss 0.491391 to ./exps/cross-subject/DARNet_SSL_FullDARNet_Domain/ssl_models_task1_AAD_MM-AAD_ssl_domain_2025-10-17-03-45-28/ssl_best_model.pt
SSL model saved with loss 0.491391
SSL Epoch  2 | SSL Loss: 0.368143 | Domain Loss: 3.136675
SSL model saved at epoch 2 with loss 0.368143 to ./exps/cross-subject/DARNet_SSL_FullDARNet_Domain/ssl_models_task1_AAD_MM-AAD_ssl_domain_2025-10-17-03-45-28/ssl_best_model.pt
SSL model saved with loss 0.368143
SSL Epoch  3 | SSL Loss: 0.340000 | Domain Loss: 3.147951
SSL model saved at epoch 3 with loss 0.340000 to ./exps/cross-subject/DARNet_SSL_FullDARNet_Domain/ssl_models_task1_AAD_MM-AAD_ssl_domain_2025-10-17-03-45-28/ssl_best_model.pt
SSL model saved with loss 0.340000
SSL Epoch  4 | SSL Loss: 0.311680 | Domain Loss: 3.133922
SSL model saved at epoch 4 with loss 0.311680 to ./exps/cross-subject/DARNet_SSL_FullDARNet_Domain/ssl_models_task1_AAD_MM-AAD_ssl_domain_2025-10-17-03-45-28/ssl_best_model.pt
SSL model saved with loss 0.311680
SSL Epoch  5 | SSL Loss: 0.294662 | Domain Loss: 3.128566
SSL model saved at epoch 5 with loss 0.294662 to ./exps/cross-subject/DARNet_SSL_FullDARNet_Domain/ssl_models_task1_AAD_MM-AAD_ssl_domain_2025-10-17-03-45-28/ssl_best_model.pt
SSL model saved with loss 0.294662
SSL Epoch  6 | SSL Loss: 0.284324 | Domain Loss: 3.133258
SSL model saved at epoch 6 with loss 0.284324 to ./exps/cross-subject/DARNet_SSL_FullDARNet_Domain/ssl_models_task1_AAD_MM-AAD_ssl_domain_2025-10-17-03-45-28/ssl_best_model.pt
SSL model saved with loss 0.284324
SSL Epoch  7 | SSL Loss: 0.276872 | Domain Loss: 3.128729
SSL model saved at epoch 7 with loss 0.276872 to ./exps/cross-subject/DARNet_SSL_FullDARNet_Domain/ssl_models_task1_AAD_MM-AAD_ssl_domain_2025-10-17-03-45-28/ssl_best_model.pt
SSL model saved with loss 0.276872
SSL Epoch  8 | SSL Loss: 0.270929 | Domain Loss: 3.105161
SSL model saved at epoch 8 with loss 0.270929 to ./exps/cross-subject/DARNet_SSL_FullDARNet_Domain/ssl_models_task1_AAD_MM-AAD_ssl_domain_2025-10-17-03-45-28/ssl_best_model.pt
SSL model saved with loss 0.270929
SSL Epoch  9 | SSL Loss: 0.265675 | Domain Loss: 3.101267
SSL model saved at epoch 9 with loss 0.265675 to ./exps/cross-subject/DARNet_SSL_FullDARNet_Domain/ssl_models_task1_AAD_MM-AAD_ssl_domain_2025-10-17-03-45-28/ssl_best_model.pt
SSL model saved with loss 0.265675
SSL Epoch 10 | SSL Loss: 0.261403 | Domain Loss: 3.124386
SSL model saved at epoch 10 with loss 0.261403 to ./exps/cross-subject/DARNet_SSL_FullDARNet_Domain/ssl_models_task1_AAD_MM-AAD_ssl_domain_2025-10-17-03-45-28/ssl_best_model.pt
SSL model saved with loss 0.261403
SSL Epoch 11 | SSL Loss: 0.256045 | Domain Loss: 3.083184
SSL model saved at epoch 11 with loss 0.256045 to ./exps/cross-subject/DARNet_SSL_FullDARNet_Domain/ssl_models_task1_AAD_MM-AAD_ssl_domain_2025-10-17-03-45-28/ssl_best_model.pt
SSL model saved with loss 0.256045
SSL Epoch 12 | SSL Loss: 0.254710 | Domain Loss: 3.101911
SSL model saved at epoch 12 with loss 0.254710 to ./exps/cross-subject/DARNet_SSL_FullDARNet_Domain/ssl_models_task1_AAD_MM-AAD_ssl_domain_2025-10-17-03-45-28/ssl_best_model.pt
SSL model saved with loss 0.254710
SSL Epoch 13 | SSL Loss: 0.254329 | Domain Loss: 3.145891
SSL model saved at epoch 13 with loss 0.254329 to ./exps/cross-subject/DARNet_SSL_FullDARNet_Domain/ssl_models_task1_AAD_MM-AAD_ssl_domain_2025-10-17-03-45-28/ssl_best_model.pt
SSL model saved with loss 0.254329
SSL Epoch 14 | SSL Loss: 0.248830 | Domain Loss: 3.103199
SSL model saved at epoch 14 with loss 0.248830 to ./exps/cross-subject/DARNet_SSL_FullDARNet_Domain/ssl_models_task1_AAD_MM-AAD_ssl_domain_2025-10-17-03-45-28/ssl_best_model.pt
SSL model saved with loss 0.248830
SSL Epoch 15 | SSL Loss: 0.249571 | Domain Loss: 3.153890
==================================================
SSL Pre-training completed. Best loss: 0.248830
==================================================
train_data_shape(164500, 32, 128),val_data_shape(32900, 32, 128)
🔄 Loading SSL pre-trained weights from: ./exps/cross-subject/DARNet_SSL_FullDARNet_Domain/ssl_models_task1_AAD_MM-AAD_ssl_domain_2025-10-17-03-45-28/ssl_best_model.pt
📋 Available keys in SSL checkpoint: 73 total
  - subject_discriminator.classifier.0.weight: torch.Size([256, 8])
  - subject_discriminator.classifier.0.bias: torch.Size([256])
  - subject_discriminator.classifier.3.weight: torch.Size([128, 256])
  - subject_discriminator.classifier.3.bias: torch.Size([128])
  - subject_discriminator.classifier.6.weight: torch.Size([30, 128])
  - subject_discriminator.classifier.6.bias: torch.Size([30])
  - token_embedding.embed_layer.0.weight: torch.Size([64, 1, 1, 8])
  - token_embedding.embed_layer.0.bias: torch.Size([64])
  - token_embedding.embed_layer.1.weight: torch.Size([64])
  - token_embedding.embed_layer.1.bias: torch.Size([64])
  - token_embedding.embed_layer.1.running_mean: torch.Size([64])
  - token_embedding.embed_layer.1.running_var: torch.Size([64])
  - token_embedding.embed_layer.1.num_batches_tracked: torch.Size([])
  - token_embedding.embed_layer2.0.weight: torch.Size([16, 64, 32, 1])
  - token_embedding.embed_layer2.0.bias: torch.Size([16])
  - token_embedding.embed_layer2.1.weight: torch.Size([16])
  - token_embedding.embed_layer2.1.bias: torch.Size([16])
  - token_embedding.embed_layer2.1.running_mean: torch.Size([16])
  - token_embedding.embed_layer2.1.running_var: torch.Size([16])
  - token_embedding.embed_layer2.1.num_batches_tracked: torch.Size([])
  - token_embedding.position_embedding.pe: torch.Size([1, 5000, 16])
  - ssl_decoder.feature_expand.0.weight: torch.Size([256, 8])
  - ssl_decoder.feature_expand.0.bias: torch.Size([256])
  - ssl_decoder.feature_expand.3.weight: torch.Size([512, 256])
  - ssl_decoder.feature_expand.3.bias: torch.Size([512])
  - ssl_decoder.feature_expand.6.weight: torch.Size([8192, 512])
  - ssl_decoder.feature_expand.6.bias: torch.Size([8192])
  - ssl_decoder.temporal_conv1.0.weight: torch.Size([128, 64, 3])
  - ssl_decoder.temporal_conv1.0.bias: torch.Size([128])
  - ssl_decoder.temporal_conv1.1.weight: torch.Size([128])
  - ssl_decoder.temporal_conv1.1.bias: torch.Size([128])
  - ssl_decoder.temporal_conv1.1.running_mean: torch.Size([128])
  - ssl_decoder.temporal_conv1.1.running_var: torch.Size([128])
  - ssl_decoder.temporal_conv1.1.num_batches_tracked: torch.Size([])
  - ssl_decoder.temporal_conv2.0.weight: torch.Size([64, 128, 3])
  - ssl_decoder.temporal_conv2.0.bias: torch.Size([64])
  - ssl_decoder.temporal_conv2.1.weight: torch.Size([64])
  - ssl_decoder.temporal_conv2.1.bias: torch.Size([64])
  - ssl_decoder.temporal_conv2.1.running_mean: torch.Size([64])
  - ssl_decoder.temporal_conv2.1.running_var: torch.Size([64])
  - ssl_decoder.temporal_conv2.1.num_batches_tracked: torch.Size([])
  - ssl_decoder.final_conv.weight: torch.Size([32, 64, 1])
  - ssl_decoder.final_conv.bias: torch.Size([32])
  - out.weight: torch.Size([2, 8])
  - out.bias: torch.Size([2])
  - stack1.attention.attention_layer.key.weight: torch.Size([16, 16])
  - stack1.attention.attention_layer.value.weight: torch.Size([16, 16])
  - stack1.attention.attention_layer.query.weight: torch.Size([16, 16])
  - stack1.attention.attention_layer.to_out.weight: torch.Size([16])
  - stack1.attention.attention_layer.to_out.bias: torch.Size([16])
  - stack1.conv_layer.downConv.weight: torch.Size([16, 16, 3])
  - stack1.conv_layer.downConv.bias: torch.Size([16])
  - stack1.conv_layer.norm.weight: torch.Size([16])
  - stack1.conv_layer.norm.bias: torch.Size([16])
  - stack1.conv_layer.norm.running_mean: torch.Size([16])
  - stack1.conv_layer.norm.running_var: torch.Size([16])
  - stack1.conv_layer.norm.num_batches_tracked: torch.Size([])
  - stack1.out.weight: torch.Size([4, 16])
  - stack1.out.bias: torch.Size([4])
  - stack2.attention.attention_layer.key.weight: torch.Size([16, 16])
  - stack2.attention.attention_layer.value.weight: torch.Size([16, 16])
  - stack2.attention.attention_layer.query.weight: torch.Size([16, 16])
  - stack2.attention.attention_layer.to_out.weight: torch.Size([16])
  - stack2.attention.attention_layer.to_out.bias: torch.Size([16])
  - stack2.conv_layer.downConv.weight: torch.Size([16, 16, 3])
  - stack2.conv_layer.downConv.bias: torch.Size([16])
  - stack2.conv_layer.norm.weight: torch.Size([16])
  - stack2.conv_layer.norm.bias: torch.Size([16])
  - stack2.conv_layer.norm.running_mean: torch.Size([16])
  - stack2.conv_layer.norm.running_var: torch.Size([16])
  - stack2.conv_layer.norm.num_batches_tracked: torch.Size([])
  - stack2.out.weight: torch.Size([4, 16])
  - stack2.out.bias: torch.Size([4])
🎯 SSL approach detected: full_darnet
  ❌ Skipping: subject_discriminator.classifier.0.weight (decoder component)
  ❌ Skipping: subject_discriminator.classifier.0.bias (decoder component)
  ❌ Skipping: subject_discriminator.classifier.3.weight (decoder component)
  ❌ Skipping: subject_discriminator.classifier.3.bias (decoder component)
  ❌ Skipping: subject_discriminator.classifier.6.weight (decoder component)
  ❌ Skipping: subject_discriminator.classifier.6.bias (decoder component)
  ✅ Loading: token_embedding.embed_layer.0.weight -> torch.Size([64, 1, 1, 8])
  ✅ Loading: token_embedding.embed_layer.0.bias -> torch.Size([64])
  ✅ Loading: token_embedding.embed_layer.1.weight -> torch.Size([64])
  ✅ Loading: token_embedding.embed_layer.1.bias -> torch.Size([64])
  ✅ Loading: token_embedding.embed_layer.1.running_mean -> torch.Size([64])
  ✅ Loading: token_embedding.embed_layer.1.running_var -> torch.Size([64])
  ✅ Loading: token_embedding.embed_layer.1.num_batches_tracked -> torch.Size([])
  ✅ Loading: token_embedding.embed_layer2.0.weight -> torch.Size([16, 64, 32, 1])
  ✅ Loading: token_embedding.embed_layer2.0.bias -> torch.Size([16])
  ✅ Loading: token_embedding.embed_layer2.1.weight -> torch.Size([16])
  ✅ Loading: token_embedding.embed_layer2.1.bias -> torch.Size([16])
  ✅ Loading: token_embedding.embed_layer2.1.running_mean -> torch.Size([16])
  ✅ Loading: token_embedding.embed_layer2.1.running_var -> torch.Size([16])
  ✅ Loading: token_embedding.embed_layer2.1.num_batches_tracked -> torch.Size([])
  ✅ Loading: token_embedding.position_embedding.pe -> torch.Size([1, 5000, 16])
  ❌ Skipping: ssl_decoder.feature_expand.0.weight (decoder component)
  ❌ Skipping: ssl_decoder.feature_expand.0.bias (decoder component)
  ❌ Skipping: ssl_decoder.feature_expand.3.weight (decoder component)
  ❌ Skipping: ssl_decoder.feature_expand.3.bias (decoder component)
  ❌ Skipping: ssl_decoder.feature_expand.6.weight (decoder component)
  ❌ Skipping: ssl_decoder.feature_expand.6.bias (decoder component)
  ❌ Skipping: ssl_decoder.temporal_conv1.0.weight (decoder component)
  ❌ Skipping: ssl_decoder.temporal_conv1.0.bias (decoder component)
  ❌ Skipping: ssl_decoder.temporal_conv1.1.weight (decoder component)
  ❌ Skipping: ssl_decoder.temporal_conv1.1.bias (decoder component)
  ❌ Skipping: ssl_decoder.temporal_conv1.1.running_mean (decoder component)
  ❌ Skipping: ssl_decoder.temporal_conv1.1.running_var (decoder component)
  ❌ Skipping: ssl_decoder.temporal_conv1.1.num_batches_tracked (decoder component)
  ❌ Skipping: ssl_decoder.temporal_conv2.0.weight (decoder component)
  ❌ Skipping: ssl_decoder.temporal_conv2.0.bias (decoder component)
  ❌ Skipping: ssl_decoder.temporal_conv2.1.weight (decoder component)
  ❌ Skipping: ssl_decoder.temporal_conv2.1.bias (decoder component)
  ❌ Skipping: ssl_decoder.temporal_conv2.1.running_mean (decoder component)
  ❌ Skipping: ssl_decoder.temporal_conv2.1.running_var (decoder component)
  ❌ Skipping: ssl_decoder.temporal_conv2.1.num_batches_tracked (decoder component)
  ❌ Skipping: ssl_decoder.final_conv.weight (decoder component)
  ❌ Skipping: ssl_decoder.final_conv.bias (decoder component)
  ❌ Skipping: out.weight (decoder component)
  ❌ Skipping: out.bias (decoder component)
  ✅ Loading: stack1.attention.attention_layer.key.weight -> torch.Size([16, 16])
  ✅ Loading: stack1.attention.attention_layer.value.weight -> torch.Size([16, 16])
  ✅ Loading: stack1.attention.attention_layer.query.weight -> torch.Size([16, 16])
  ✅ Loading: stack1.attention.attention_layer.to_out.weight -> torch.Size([16])
  ✅ Loading: stack1.attention.attention_layer.to_out.bias -> torch.Size([16])
  ✅ Loading: stack1.conv_layer.downConv.weight -> torch.Size([16, 16, 3])
  ✅ Loading: stack1.conv_layer.downConv.bias -> torch.Size([16])
  ✅ Loading: stack1.conv_layer.norm.weight -> torch.Size([16])
  ✅ Loading: stack1.conv_layer.norm.bias -> torch.Size([16])
  ✅ Loading: stack1.conv_layer.norm.running_mean -> torch.Size([16])
  ✅ Loading: stack1.conv_layer.norm.running_var -> torch.Size([16])
  ✅ Loading: stack1.conv_layer.norm.num_batches_tracked -> torch.Size([])
  ✅ Loading: stack1.out.weight -> torch.Size([4, 16])
  ✅ Loading: stack1.out.bias -> torch.Size([4])
  ✅ Loading: stack2.attention.attention_layer.key.weight -> torch.Size([16, 16])
  ✅ Loading: stack2.attention.attention_layer.value.weight -> torch.Size([16, 16])
  ✅ Loading: stack2.attention.attention_layer.query.weight -> torch.Size([16, 16])
  ✅ Loading: stack2.attention.attention_layer.to_out.weight -> torch.Size([16])
  ✅ Loading: stack2.attention.attention_layer.to_out.bias -> torch.Size([16])
  ✅ Loading: stack2.conv_layer.downConv.weight -> torch.Size([16, 16, 3])
  ✅ Loading: stack2.conv_layer.downConv.bias -> torch.Size([16])
  ✅ Loading: stack2.conv_layer.norm.weight -> torch.Size([16])
  ✅ Loading: stack2.conv_layer.norm.bias -> torch.Size([16])
  ✅ Loading: stack2.conv_layer.norm.running_mean -> torch.Size([16])
  ✅ Loading: stack2.conv_layer.norm.running_var -> torch.Size([16])
  ✅ Loading: stack2.conv_layer.norm.num_batches_tracked -> torch.Size([])
  ✅ Loading: stack2.out.weight -> torch.Size([4, 16])
  ✅ Loading: stack2.out.bias -> torch.Size([4])
🔧 Loading 43 encoder components into fine-tuning model...
⚠️  Missing keys (newly initialized): ['subject_discriminator.classifier.0.weight', 'subject_discriminator.classifier.0.bias', 'subject_discriminator.classifier.3.weight', 'subject_discriminator.classifier.3.bias', 'subject_discriminator.classifier.6.weight', 'subject_discriminator.classifier.6.bias', 'ssl_decoder.feature_expand.0.weight', 'ssl_decoder.feature_expand.0.bias', 'ssl_decoder.feature_expand.3.weight', 'ssl_decoder.feature_expand.3.bias', 'ssl_decoder.feature_expand.6.weight', 'ssl_decoder.feature_expand.6.bias', 'ssl_decoder.temporal_conv1.0.weight', 'ssl_decoder.temporal_conv1.0.bias', 'ssl_decoder.temporal_conv1.1.weight', 'ssl_decoder.temporal_conv1.1.bias', 'ssl_decoder.temporal_conv1.1.running_mean', 'ssl_decoder.temporal_conv1.1.running_var', 'ssl_decoder.temporal_conv2.0.weight', 'ssl_decoder.temporal_conv2.0.bias', 'ssl_decoder.temporal_conv2.1.weight', 'ssl_decoder.temporal_conv2.1.bias', 'ssl_decoder.temporal_conv2.1.running_mean', 'ssl_decoder.temporal_conv2.1.running_var', 'ssl_decoder.final_conv.weight', 'ssl_decoder.final_conv.bias', 'out.weight', 'out.bias']
✅ Successfully loaded SSL pre-trained weights!
🎯 SSL decoder removed, feature classifier ready for fine-tuning
==================================================
Starting Fine-tuning
==================================================
=================================================================
Layer (type:depth-idx)                   Param #
=================================================================
DARNet                                   --
├─GradientReversalLayer: 1-1             --
├─SubjectDiscriminator: 1-2              --
│    └─Sequential: 2-1                   --
│    │    └─Linear: 3-1                  2,304
│    │    └─ReLU: 3-2                    --
│    │    └─Dropout: 3-3                 --
│    │    └─Linear: 3-4                  32,896
│    │    └─ReLU: 3-5                    --
│    │    └─Dropout: 3-6                 --
│    │    └─Linear: 3-7                  3,870
├─TokenEmbeddingOriginal: 1-3            --
│    └─Sequential: 2-2                   --
│    │    └─Conv2d: 3-8                  576
│    │    └─BatchNorm2d: 3-9             128
│    │    └─GELU: 3-10                   --
│    └─Sequential: 2-3                   --
│    │    └─Conv2d: 3-11                 32,784
│    │    └─BatchNorm2d: 3-12            32
│    │    └─GELU: 3-13                   --
│    └─PositionalEmbedding: 2-4          --
├─EEGFullDARNetDecoder: 1-4              --
│    └─Sequential: 2-5                   --
│    │    └─Linear: 3-14                 2,304
│    │    └─ReLU: 3-15                   --
│    │    └─Dropout: 3-16                --
│    │    └─Linear: 3-17                 131,584
│    │    └─ReLU: 3-18                   --
│    │    └─Dropout: 3-19                --
│    │    └─Linear: 3-20                 4,202,496
│    └─Sequential: 2-6                   --
│    │    └─Conv1d: 3-21                 24,704
│    │    └─BatchNorm1d: 3-22            256
│    │    └─ReLU: 3-23                   --
│    │    └─Dropout: 3-24                --
│    └─Sequential: 2-7                   --
│    │    └─Conv1d: 3-25                 24,640
│    │    └─BatchNorm1d: 3-26            128
│    │    └─ReLU: 3-27                   --
│    │    └─Dropout: 3-28                --
│    └─Conv1d: 2-8                       2,080
├─Flatten: 1-5                           --
├─Linear: 1-6                            18
├─AttnRefine: 1-7                        --
│    └─MyAttention: 2-9                  --
│    │    └─Attention: 3-29              800
│    └─Refine: 2-10                      --
│    │    └─Conv1d: 3-30                 784
│    │    └─BatchNorm1d: 3-31            32
│    │    └─ELU: 3-32                    --
│    │    └─MaxPool1d: 3-33              --
│    └─AdaptiveAvgPool1d: 2-11           --
│    └─Linear: 2-12                      68
│    └─Flatten: 2-13                     --
├─AttnRefine: 1-8                        --
│    └─MyAttention: 2-14                 --
│    │    └─Attention: 3-34              800
│    └─Refine: 2-15                      --
│    │    └─Conv1d: 3-35                 784
│    │    └─BatchNorm1d: 3-36            32
│    │    └─ELU: 3-37                    --
│    │    └─MaxPool1d: 3-38              --
│    └─AdaptiveAvgPool1d: 2-16           --
│    └─Linear: 2-17                      68
│    └─Flatten: 2-18                     --
=================================================================
Total params: 4,464,168
Trainable params: 4,464,168
Non-trainable params: 0
=================================================================
TestSub: S[6, 7, 8, 9, 10] Epoch  1 Finsh | Now_lr 0.0005/0.0005 | Lambda 0.0075 | Train Loss 0.4768 | Domain Loss 3.0713 | Valid Loss 1.6425 | Train Acc 74.4200| Valid Acc 49.4163
Validation acc increase (0.000000 --> 49.416342) in epoch (1).  Saving model ...
TestSub: S[6, 7, 8, 9, 10] Epoch  2 Finsh | Now_lr 0.0005/0.0005 | Lambda 0.0150 | Train Loss 0.3114 | Domain Loss 3.0062 | Valid Loss 1.9255 | Train Acc 85.6919| Valid Acc 49.2583
TestSub: S[6, 7, 8, 9, 10] Epoch  3 Finsh | Now_lr 0.0005/0.0005 | Lambda 0.0223 | Train Loss 0.2327 | Domain Loss 2.9919 | Valid Loss 2.2168 | Train Acc 90.0036| Valid Acc 50.7113
Validation acc increase (49.416342 --> 50.711333) in epoch (3).  Saving model ...
TestSub: S[6, 7, 8, 9, 10] Epoch  4 Finsh | Now_lr 0.0005/0.0005 | Lambda 0.0296 | Train Loss 0.1737 | Domain Loss 3.0318 | Valid Loss 2.6238 | Train Acc 92.9025| Valid Acc 50.4408
TestSub: S[6, 7, 8, 9, 10] Epoch  5 Finsh | Now_lr 0.0005/0.0005 | Lambda 0.0367 | Train Loss 0.1351 | Domain Loss 3.0655 | Valid Loss 2.8200 | Train Acc 94.7483| Valid Acc 47.8265
TestSub: S[6, 7, 8, 9, 10] Epoch  6 Finsh | Now_lr 0.0005/0.0005 | Lambda 0.0437 | Train Loss 0.1116 | Domain Loss 3.0854 | Valid Loss 2.9886 | Train Acc 95.7344| Valid Acc 48.6503
TestSub: S[6, 7, 8, 9, 10] Epoch  7 Finsh | Now_lr 0.0005/0.0005 | Lambda 0.0505 | Train Loss 0.0934 | Domain Loss 3.1070 | Valid Loss 2.9840 | Train Acc 96.5516| Valid Acc 47.1759
TestSub: S[6, 7, 8, 9, 10] Epoch  8 Finsh | Now_lr 0.0005/0.0005 | Lambda 0.0570 | Train Loss 0.0813 | Domain Loss 3.1134 | Valid Loss 3.1200 | Train Acc 96.9838| Valid Acc 46.0299
TestSub: S[6, 7, 8, 9, 10] Epoch  9 Finsh | Now_lr 0.0005/0.0005 | Lambda 0.0633 | Train Loss 0.0713 | Domain Loss 3.1361 | Valid Loss 3.1528 | Train Acc 97.4009| Valid Acc 46.4737
TestSub: S[6, 7, 8, 9, 10] Epoch 10 Finsh | Now_lr 0.0005/0.0005 | Lambda 0.0693 | Train Loss 0.0652 | Domain Loss 3.1226 | Valid Loss 3.2502 | Train Acc 97.5955| Valid Acc 47.3553
TestSub: S[6, 7, 8, 9, 10] Epoch 11 Finsh | Now_lr 0.0005/0.0005 | Lambda 0.0751 | Train Loss 0.0591 | Domain Loss 3.1272 | Valid Loss 3.1237 | Train Acc 97.8818| Valid Acc 47.9116
TestSub: S[6, 7, 8, 9, 10] Epoch 12 Finsh | Now_lr 0.0005/0.0005 | Lambda 0.0806 | Train Loss 0.0535 | Domain Loss 3.1513 | Valid Loss 3.3831 | Train Acc 98.0903| Valid Acc 47.3523
TestSub: S[6, 7, 8, 9, 10] Epoch 13 Finsh | Now_lr 0.0005/0.0005 | Lambda 0.0858 | Train Loss 0.0501 | Domain Loss 3.1497 | Valid Loss 3.3930 | Train Acc 98.2046| Valid Acc 44.7957
TestSub: S[6, 7, 8, 9, 10] Epoch 14 Finsh | Now_lr 0.0005/0.0005 | Lambda 0.0907 | Train Loss 0.0464 | Domain Loss 3.1535 | Valid Loss 3.3237 | Train Acc 98.3755| Valid Acc 44.8170
TestSub: S[6, 7, 8, 9, 10] Epoch 15 Finsh | Now_lr 0.0005/0.0005 | Lambda 0.0953 | Train Loss 0.0419 | Domain Loss 3.1660 | Valid Loss 3.3117 | Train Acc 98.5184| Valid Acc 45.0693
TestSub: S[6, 7, 8, 9, 10] Epoch 16 Finsh | Now_lr 0.0005/0.0005 | Lambda 0.0996 | Train Loss 0.0388 | Domain Loss 3.1789 | Valid Loss 3.3949 | Train Acc 98.6120| Valid Acc 47.5134
TestSub: S[6, 7, 8, 9, 10] Epoch 17 Finsh | Now_lr 0.0005/0.0005 | Lambda 0.1037 | Train Loss 0.0377 | Domain Loss 3.1764 | Valid Loss 3.2107 | Train Acc 98.6758| Valid Acc 47.7414
TestSub: S[6, 7, 8, 9, 10] Epoch 18 Finsh | Now_lr 0.0005/0.0005 | Lambda 0.1074 | Train Loss 0.0350 | Domain Loss 3.1851 | Valid Loss 3.4066 | Train Acc 98.7920| Valid Acc 48.2004
TestSub: S[6, 7, 8, 9, 10] Epoch 19 Finsh | Now_lr 0.0005/0.0005 | Lambda 0.1110 | Train Loss 0.0323 | Domain Loss 3.1976 | Valid Loss 3.4742 | Train Acc 98.8613| Valid Acc 47.1364
TestSub: S[6, 7, 8, 9, 10] Epoch 20 Finsh | Now_lr 0.0005/0.0005 | Lambda 0.1142 | Train Loss 0.0300 | Domain Loss 3.2011 | Valid Loss 3.4718 | Train Acc 98.9397| Valid Acc 46.4616
TestSub: S[6, 7, 8, 9, 10] Epoch 21 Finsh | Now_lr 0.0005/0.0005 | Lambda 0.1173 | Train Loss 0.0281 | Domain Loss 3.1992 | Valid Loss 3.6696 | Train Acc 99.0260| Valid Acc 47.0604
TestSub: S[6, 7, 8, 9, 10] Epoch 22 Finsh | Now_lr 0.0005/0.0005 | Lambda 0.1201 | Train Loss 0.0287 | Domain Loss 3.1964 | Valid Loss 3.4895 | Train Acc 98.9962| Valid Acc 47.2398
TestSub: S[6, 7, 8, 9, 10] Epoch 23 Finsh | Now_lr 0.0005/0.0005 | Lambda 0.1227 | Train Loss 0.0268 | Domain Loss 3.2018 | Valid Loss 3.6857 | Train Acc 99.0905| Valid Acc 46.7777
TestSub: S[6, 7, 8, 9, 10] Epoch 24 Finsh | Now_lr 0.0005/0.0005 | Lambda 0.1250 | Train Loss 0.0244 | Domain Loss 3.2054 | Valid Loss 3.6602 | Train Acc 99.1507| Valid Acc 46.5893
TestSub: S[6, 7, 8, 9, 10] Epoch 25 Finsh | Now_lr 0.0005/0.0005 | Lambda 0.1272 | Train Loss 0.0240 | Domain Loss 3.2015 | Valid Loss 3.4827 | Train Acc 99.1786| Valid Acc 47.7626
TestSub: S[6, 7, 8, 9, 10] Epoch 26 Finsh | Now_lr 0.0005/0.0005 | Lambda 0.1293 | Train Loss 0.0238 | Domain Loss 3.1992 | Valid Loss 3.5864 | Train Acc 99.1920| Valid Acc 48.5074
TestSub: S[6, 7, 8, 9, 10] Epoch 27 Finsh | Now_lr 0.0005/0.0005 | Lambda 0.1311 | Train Loss 0.0220 | Domain Loss 3.2023 | Valid Loss 3.6202 | Train Acc 99.2297| Valid Acc 48.3767
TestSub: S[6, 7, 8, 9, 10] Epoch 28 Finsh | Now_lr 0.0005/0.0005 | Lambda 0.1328 | Train Loss 0.0216 | Domain Loss 3.1997 | Valid Loss 3.6242 | Train Acc 99.2577| Valid Acc 46.2093
TestSub: S[6, 7, 8, 9, 10] Epoch 29 Finsh | Now_lr 0.0005/0.0005 | Lambda 0.1344 | Train Loss 0.0200 | Domain Loss 3.2057 | Valid Loss 3.7819 | Train Acc 99.3112| Valid Acc 47.3583
TestSub: S[6, 7, 8, 9, 10] Epoch 30 Finsh | Now_lr 0.0005/0.0005 | Lambda 0.1358 | Train Loss 0.0199 | Domain Loss 3.2046 | Valid Loss 3.7742 | Train Acc 99.3337| Valid Acc 48.8388
TestSub: S[6, 7, 8, 9, 10] Epoch 31 Finsh | Now_lr 0.0005/0.0005 | Lambda 0.1371 | Train Loss 0.0203 | Domain Loss 3.2010 | Valid Loss 3.5398 | Train Acc 99.3136| Valid Acc 47.8599
TestSub: S[6, 7, 8, 9, 10] Epoch 32 Finsh | Now_lr 0.0005/0.0005 | Lambda 0.1383 | Train Loss 0.0189 | Domain Loss 3.1992 | Valid Loss 3.7354 | Train Acc 99.3817| Valid Acc 47.5651
TestSub: S[6, 7, 8, 9, 10] Epoch 33 Finsh | Now_lr 0.0005/0.0005 | Lambda 0.1393 | Train Loss 0.0187 | Domain Loss 3.2016 | Valid Loss 3.6268 | Train Acc 99.3926| Valid Acc 47.8630
Early stopping triggered after 33 epochs (30 epochs without improvement)
--------------------------------------------------
Test_Subject :S[6, 7, 8, 9, 10] |Best epoch:3 | Test Loss:2.2168 | Best Acc 50.7113 | Savemodel Acc 50.7113
--------------------------------------------------

========== Fold 3 ==========
Train IDs: [1, 2, 3, 4, 5, 6, 7, 8, 9, 10, 16, 17, 18, 19, 20, 21, 22, 23, 24, 25, 26, 27, 28, 29, 30]
Val IDs:   [11, 12, 13, 14, 15]
================================================================================
SSL PRE-TRAINING PHASE WITH DOMAIN ADVERSARIAL TRAINING
================================================================================
Loading SSL data with subject IDs for subjects: [1, 2, 3, 4, 5, 6, 7, 8, 9, 10, 16, 17, 18, 19, 20, 21, 22, 23, 24, 25, 26, 27, 28, 29, 30]
Loaded subject S1: (6580, 32, 128), Subject ID: 0
Loaded subject S2: (6580, 32, 128), Subject ID: 1
Loaded subject S3: (6580, 32, 128), Subject ID: 2
Loaded subject S4: (6580, 32, 128), Subject ID: 3
Loaded subject S5: (6580, 32, 128), Subject ID: 4
Loaded subject S6: (6580, 32, 128), Subject ID: 5
Loaded subject S7: (6580, 32, 128), Subject ID: 6
Loaded subject S8: (6580, 32, 128), Subject ID: 7
Loaded subject S9: (6580, 32, 128), Subject ID: 8
Loaded subject S10: (6580, 32, 128), Subject ID: 9
Loaded subject S16: (6580, 32, 128), Subject ID: 15
Loaded subject S17: (6580, 32, 128), Subject ID: 16
Loaded subject S18: (6580, 32, 128), Subject ID: 17
Loaded subject S19: (6580, 32, 128), Subject ID: 18
Loaded subject S20: (6580, 32, 128), Subject ID: 19
Loaded subject S21: (6580, 32, 128), Subject ID: 20
Loaded subject S22: (6580, 32, 128), Subject ID: 21
Loaded subject S23: (6580, 32, 128), Subject ID: 22
Loaded subject S24: (6580, 32, 128), Subject ID: 23
Loaded subject S25: (6580, 32, 128), Subject ID: 24
Loaded subject S26: (6580, 32, 128), Subject ID: 25
Loaded subject S27: (6580, 32, 128), Subject ID: 26
Loaded subject S28: (6580, 32, 128), Subject ID: 27
Loaded subject S29: (6580, 32, 128), Subject ID: 28
Loaded subject S30: (6580, 32, 128), Subject ID: 29
Total SSL data shape: (164500, 32, 128)
Total subject IDs: 164500
🏗️  SSL Model Architecture:
   - SSL Enabled: True
   - SSL Approach: full_darnet
   - Domain Adversarial: True
   - Training Mode: ssl
   - Decoder Type: EEGFullDARNetDecoder
   - Encoder parameters: 36,888
   - Decoder parameters: 4,388,192
   - Domain discriminator parameters: 39,070
   - Total parameters: 4,464,168
   - Decoder/Total ratio: 98.3%
==================================================
Starting SSL Pre-training with Domain Adversarial Training
==================================================
=================================================================
Layer (type:depth-idx)                   Param #
=================================================================
DARNet                                   --
├─GradientReversalLayer: 1-1             --
├─SubjectDiscriminator: 1-2              --
│    └─Sequential: 2-1                   --
│    │    └─Linear: 3-1                  2,304
│    │    └─ReLU: 3-2                    --
│    │    └─Dropout: 3-3                 --
│    │    └─Linear: 3-4                  32,896
│    │    └─ReLU: 3-5                    --
│    │    └─Dropout: 3-6                 --
│    │    └─Linear: 3-7                  3,870
├─TokenEmbeddingOriginal: 1-3            --
│    └─Sequential: 2-2                   --
│    │    └─Conv2d: 3-8                  576
│    │    └─BatchNorm2d: 3-9             128
│    │    └─GELU: 3-10                   --
│    └─Sequential: 2-3                   --
│    │    └─Conv2d: 3-11                 32,784
│    │    └─BatchNorm2d: 3-12            32
│    │    └─GELU: 3-13                   --
│    └─PositionalEmbedding: 2-4          --
├─EEGFullDARNetDecoder: 1-4              --
│    └─Sequential: 2-5                   --
│    │    └─Linear: 3-14                 2,304
│    │    └─ReLU: 3-15                   --
│    │    └─Dropout: 3-16                --
│    │    └─Linear: 3-17                 131,584
│    │    └─ReLU: 3-18                   --
│    │    └─Dropout: 3-19                --
│    │    └─Linear: 3-20                 4,202,496
│    └─Sequential: 2-6                   --
│    │    └─Conv1d: 3-21                 24,704
│    │    └─BatchNorm1d: 3-22            256
│    │    └─ReLU: 3-23                   --
│    │    └─Dropout: 3-24                --
│    └─Sequential: 2-7                   --
│    │    └─Conv1d: 3-25                 24,640
│    │    └─BatchNorm1d: 3-26            128
│    │    └─ReLU: 3-27                   --
│    │    └─Dropout: 3-28                --
│    └─Conv1d: 2-8                       2,080
├─Flatten: 1-5                           --
├─Linear: 1-6                            18
├─AttnRefine: 1-7                        --
│    └─MyAttention: 2-9                  --
│    │    └─Attention: 3-29              800
│    └─Refine: 2-10                      --
│    │    └─Conv1d: 3-30                 784
│    │    └─BatchNorm1d: 3-31            32
│    │    └─ELU: 3-32                    --
│    │    └─MaxPool1d: 3-33              --
│    └─AdaptiveAvgPool1d: 2-11           --
│    └─Linear: 2-12                      68
│    └─Flatten: 2-13                     --
├─AttnRefine: 1-8                        --
│    └─MyAttention: 2-14                 --
│    │    └─Attention: 3-34              800
│    └─Refine: 2-15                      --
│    │    └─Conv1d: 3-35                 784
│    │    └─BatchNorm1d: 3-36            32
│    │    └─ELU: 3-37                    --
│    │    └─MaxPool1d: 3-38              --
│    └─AdaptiveAvgPool1d: 2-16           --
│    └─Linear: 2-17                      68
│    └─Flatten: 2-18                     --
=================================================================
Total params: 4,464,168
Trainable params: 4,464,168
Non-trainable params: 0
=================================================================
SSL Epoch  1 | SSL Loss: 0.477234 | Domain Loss: 3.226153
SSL model saved at epoch 1 with loss 0.477234 to ./exps/cross-subject/DARNet_SSL_FullDARNet_Domain/ssl_models_task1_AAD_MM-AAD_ssl_domain_2025-10-17-03-45-28/ssl_best_model.pt
SSL model saved with loss 0.477234
SSL Epoch  2 | SSL Loss: 0.355573 | Domain Loss: 3.097398
SSL model saved at epoch 2 with loss 0.355573 to ./exps/cross-subject/DARNet_SSL_FullDARNet_Domain/ssl_models_task1_AAD_MM-AAD_ssl_domain_2025-10-17-03-45-28/ssl_best_model.pt
SSL model saved with loss 0.355573
SSL Epoch  3 | SSL Loss: 0.324302 | Domain Loss: 3.107306
SSL model saved at epoch 3 with loss 0.324302 to ./exps/cross-subject/DARNet_SSL_FullDARNet_Domain/ssl_models_task1_AAD_MM-AAD_ssl_domain_2025-10-17-03-45-28/ssl_best_model.pt
SSL model saved with loss 0.324302
SSL Epoch  4 | SSL Loss: 0.310044 | Domain Loss: 3.174990
SSL model saved at epoch 4 with loss 0.310044 to ./exps/cross-subject/DARNet_SSL_FullDARNet_Domain/ssl_models_task1_AAD_MM-AAD_ssl_domain_2025-10-17-03-45-28/ssl_best_model.pt
SSL model saved with loss 0.310044
SSL Epoch  5 | SSL Loss: 0.296319 | Domain Loss: 3.151974
SSL model saved at epoch 5 with loss 0.296319 to ./exps/cross-subject/DARNet_SSL_FullDARNet_Domain/ssl_models_task1_AAD_MM-AAD_ssl_domain_2025-10-17-03-45-28/ssl_best_model.pt
SSL model saved with loss 0.296319
SSL Epoch  6 | SSL Loss: 0.282832 | Domain Loss: 3.143348
SSL model saved at epoch 6 with loss 0.282832 to ./exps/cross-subject/DARNet_SSL_FullDARNet_Domain/ssl_models_task1_AAD_MM-AAD_ssl_domain_2025-10-17-03-45-28/ssl_best_model.pt
SSL model saved with loss 0.282832
SSL Epoch  7 | SSL Loss: 0.273118 | Domain Loss: 3.079240
SSL model saved at epoch 7 with loss 0.273118 to ./exps/cross-subject/DARNet_SSL_FullDARNet_Domain/ssl_models_task1_AAD_MM-AAD_ssl_domain_2025-10-17-03-45-28/ssl_best_model.pt
SSL model saved with loss 0.273118
SSL Epoch  8 | SSL Loss: 0.267589 | Domain Loss: 3.072191
SSL model saved at epoch 8 with loss 0.267589 to ./exps/cross-subject/DARNet_SSL_FullDARNet_Domain/ssl_models_task1_AAD_MM-AAD_ssl_domain_2025-10-17-03-45-28/ssl_best_model.pt
SSL model saved with loss 0.267589
SSL Epoch  9 | SSL Loss: 0.263274 | Domain Loss: 3.077650
SSL model saved at epoch 9 with loss 0.263274 to ./exps/cross-subject/DARNet_SSL_FullDARNet_Domain/ssl_models_task1_AAD_MM-AAD_ssl_domain_2025-10-17-03-45-28/ssl_best_model.pt
SSL model saved with loss 0.263274
SSL Epoch 10 | SSL Loss: 0.259077 | Domain Loss: 3.092549
SSL model saved at epoch 10 with loss 0.259077 to ./exps/cross-subject/DARNet_SSL_FullDARNet_Domain/ssl_models_task1_AAD_MM-AAD_ssl_domain_2025-10-17-03-45-28/ssl_best_model.pt
SSL model saved with loss 0.259077
SSL Epoch 11 | SSL Loss: 0.254695 | Domain Loss: 3.101043
SSL model saved at epoch 11 with loss 0.254695 to ./exps/cross-subject/DARNet_SSL_FullDARNet_Domain/ssl_models_task1_AAD_MM-AAD_ssl_domain_2025-10-17-03-45-28/ssl_best_model.pt
SSL model saved with loss 0.254695
SSL Epoch 12 | SSL Loss: 0.251415 | Domain Loss: 3.122090
SSL model saved at epoch 12 with loss 0.251415 to ./exps/cross-subject/DARNet_SSL_FullDARNet_Domain/ssl_models_task1_AAD_MM-AAD_ssl_domain_2025-10-17-03-45-28/ssl_best_model.pt
SSL model saved with loss 0.251415
SSL Epoch 13 | SSL Loss: 0.247958 | Domain Loss: 3.124997
SSL model saved at epoch 13 with loss 0.247958 to ./exps/cross-subject/DARNet_SSL_FullDARNet_Domain/ssl_models_task1_AAD_MM-AAD_ssl_domain_2025-10-17-03-45-28/ssl_best_model.pt
SSL model saved with loss 0.247958
SSL Epoch 14 | SSL Loss: 0.241473 | Domain Loss: 3.080017
SSL model saved at epoch 14 with loss 0.241473 to ./exps/cross-subject/DARNet_SSL_FullDARNet_Domain/ssl_models_task1_AAD_MM-AAD_ssl_domain_2025-10-17-03-45-28/ssl_best_model.pt
SSL model saved with loss 0.241473
SSL Epoch 15 | SSL Loss: 0.237829 | Domain Loss: 3.071955
SSL model saved at epoch 15 with loss 0.237829 to ./exps/cross-subject/DARNet_SSL_FullDARNet_Domain/ssl_models_task1_AAD_MM-AAD_ssl_domain_2025-10-17-03-45-28/ssl_best_model.pt
SSL model saved with loss 0.237829
==================================================
SSL Pre-training completed. Best loss: 0.237829
==================================================
train_data_shape(164500, 32, 128),val_data_shape(32900, 32, 128)
🔄 Loading SSL pre-trained weights from: ./exps/cross-subject/DARNet_SSL_FullDARNet_Domain/ssl_models_task1_AAD_MM-AAD_ssl_domain_2025-10-17-03-45-28/ssl_best_model.pt
📋 Available keys in SSL checkpoint: 73 total
  - subject_discriminator.classifier.0.weight: torch.Size([256, 8])
  - subject_discriminator.classifier.0.bias: torch.Size([256])
  - subject_discriminator.classifier.3.weight: torch.Size([128, 256])
  - subject_discriminator.classifier.3.bias: torch.Size([128])
  - subject_discriminator.classifier.6.weight: torch.Size([30, 128])
  - subject_discriminator.classifier.6.bias: torch.Size([30])
  - token_embedding.embed_layer.0.weight: torch.Size([64, 1, 1, 8])
  - token_embedding.embed_layer.0.bias: torch.Size([64])
  - token_embedding.embed_layer.1.weight: torch.Size([64])
  - token_embedding.embed_layer.1.bias: torch.Size([64])
  - token_embedding.embed_layer.1.running_mean: torch.Size([64])
  - token_embedding.embed_layer.1.running_var: torch.Size([64])
  - token_embedding.embed_layer.1.num_batches_tracked: torch.Size([])
  - token_embedding.embed_layer2.0.weight: torch.Size([16, 64, 32, 1])
  - token_embedding.embed_layer2.0.bias: torch.Size([16])
  - token_embedding.embed_layer2.1.weight: torch.Size([16])
  - token_embedding.embed_layer2.1.bias: torch.Size([16])
  - token_embedding.embed_layer2.1.running_mean: torch.Size([16])
  - token_embedding.embed_layer2.1.running_var: torch.Size([16])
  - token_embedding.embed_layer2.1.num_batches_tracked: torch.Size([])
  - token_embedding.position_embedding.pe: torch.Size([1, 5000, 16])
  - ssl_decoder.feature_expand.0.weight: torch.Size([256, 8])
  - ssl_decoder.feature_expand.0.bias: torch.Size([256])
  - ssl_decoder.feature_expand.3.weight: torch.Size([512, 256])
  - ssl_decoder.feature_expand.3.bias: torch.Size([512])
  - ssl_decoder.feature_expand.6.weight: torch.Size([8192, 512])
  - ssl_decoder.feature_expand.6.bias: torch.Size([8192])
  - ssl_decoder.temporal_conv1.0.weight: torch.Size([128, 64, 3])
  - ssl_decoder.temporal_conv1.0.bias: torch.Size([128])
  - ssl_decoder.temporal_conv1.1.weight: torch.Size([128])
  - ssl_decoder.temporal_conv1.1.bias: torch.Size([128])
  - ssl_decoder.temporal_conv1.1.running_mean: torch.Size([128])
  - ssl_decoder.temporal_conv1.1.running_var: torch.Size([128])
  - ssl_decoder.temporal_conv1.1.num_batches_tracked: torch.Size([])
  - ssl_decoder.temporal_conv2.0.weight: torch.Size([64, 128, 3])
  - ssl_decoder.temporal_conv2.0.bias: torch.Size([64])
  - ssl_decoder.temporal_conv2.1.weight: torch.Size([64])
  - ssl_decoder.temporal_conv2.1.bias: torch.Size([64])
  - ssl_decoder.temporal_conv2.1.running_mean: torch.Size([64])
  - ssl_decoder.temporal_conv2.1.running_var: torch.Size([64])
  - ssl_decoder.temporal_conv2.1.num_batches_tracked: torch.Size([])
  - ssl_decoder.final_conv.weight: torch.Size([32, 64, 1])
  - ssl_decoder.final_conv.bias: torch.Size([32])
  - out.weight: torch.Size([2, 8])
  - out.bias: torch.Size([2])
  - stack1.attention.attention_layer.key.weight: torch.Size([16, 16])
  - stack1.attention.attention_layer.value.weight: torch.Size([16, 16])
  - stack1.attention.attention_layer.query.weight: torch.Size([16, 16])
  - stack1.attention.attention_layer.to_out.weight: torch.Size([16])
  - stack1.attention.attention_layer.to_out.bias: torch.Size([16])
  - stack1.conv_layer.downConv.weight: torch.Size([16, 16, 3])
  - stack1.conv_layer.downConv.bias: torch.Size([16])
  - stack1.conv_layer.norm.weight: torch.Size([16])
  - stack1.conv_layer.norm.bias: torch.Size([16])
  - stack1.conv_layer.norm.running_mean: torch.Size([16])
  - stack1.conv_layer.norm.running_var: torch.Size([16])
  - stack1.conv_layer.norm.num_batches_tracked: torch.Size([])
  - stack1.out.weight: torch.Size([4, 16])
  - stack1.out.bias: torch.Size([4])
  - stack2.attention.attention_layer.key.weight: torch.Size([16, 16])
  - stack2.attention.attention_layer.value.weight: torch.Size([16, 16])
  - stack2.attention.attention_layer.query.weight: torch.Size([16, 16])
  - stack2.attention.attention_layer.to_out.weight: torch.Size([16])
  - stack2.attention.attention_layer.to_out.bias: torch.Size([16])
  - stack2.conv_layer.downConv.weight: torch.Size([16, 16, 3])
  - stack2.conv_layer.downConv.bias: torch.Size([16])
  - stack2.conv_layer.norm.weight: torch.Size([16])
  - stack2.conv_layer.norm.bias: torch.Size([16])
  - stack2.conv_layer.norm.running_mean: torch.Size([16])
  - stack2.conv_layer.norm.running_var: torch.Size([16])
  - stack2.conv_layer.norm.num_batches_tracked: torch.Size([])
  - stack2.out.weight: torch.Size([4, 16])
  - stack2.out.bias: torch.Size([4])
🎯 SSL approach detected: full_darnet
  ❌ Skipping: subject_discriminator.classifier.0.weight (decoder component)
  ❌ Skipping: subject_discriminator.classifier.0.bias (decoder component)
  ❌ Skipping: subject_discriminator.classifier.3.weight (decoder component)
  ❌ Skipping: subject_discriminator.classifier.3.bias (decoder component)
  ❌ Skipping: subject_discriminator.classifier.6.weight (decoder component)
  ❌ Skipping: subject_discriminator.classifier.6.bias (decoder component)
  ✅ Loading: token_embedding.embed_layer.0.weight -> torch.Size([64, 1, 1, 8])
  ✅ Loading: token_embedding.embed_layer.0.bias -> torch.Size([64])
  ✅ Loading: token_embedding.embed_layer.1.weight -> torch.Size([64])
  ✅ Loading: token_embedding.embed_layer.1.bias -> torch.Size([64])
  ✅ Loading: token_embedding.embed_layer.1.running_mean -> torch.Size([64])
  ✅ Loading: token_embedding.embed_layer.1.running_var -> torch.Size([64])
  ✅ Loading: token_embedding.embed_layer.1.num_batches_tracked -> torch.Size([])
  ✅ Loading: token_embedding.embed_layer2.0.weight -> torch.Size([16, 64, 32, 1])
  ✅ Loading: token_embedding.embed_layer2.0.bias -> torch.Size([16])
  ✅ Loading: token_embedding.embed_layer2.1.weight -> torch.Size([16])
  ✅ Loading: token_embedding.embed_layer2.1.bias -> torch.Size([16])
  ✅ Loading: token_embedding.embed_layer2.1.running_mean -> torch.Size([16])
  ✅ Loading: token_embedding.embed_layer2.1.running_var -> torch.Size([16])
  ✅ Loading: token_embedding.embed_layer2.1.num_batches_tracked -> torch.Size([])
  ✅ Loading: token_embedding.position_embedding.pe -> torch.Size([1, 5000, 16])
  ❌ Skipping: ssl_decoder.feature_expand.0.weight (decoder component)
  ❌ Skipping: ssl_decoder.feature_expand.0.bias (decoder component)
  ❌ Skipping: ssl_decoder.feature_expand.3.weight (decoder component)
  ❌ Skipping: ssl_decoder.feature_expand.3.bias (decoder component)
  ❌ Skipping: ssl_decoder.feature_expand.6.weight (decoder component)
  ❌ Skipping: ssl_decoder.feature_expand.6.bias (decoder component)
  ❌ Skipping: ssl_decoder.temporal_conv1.0.weight (decoder component)
  ❌ Skipping: ssl_decoder.temporal_conv1.0.bias (decoder component)
  ❌ Skipping: ssl_decoder.temporal_conv1.1.weight (decoder component)
  ❌ Skipping: ssl_decoder.temporal_conv1.1.bias (decoder component)
  ❌ Skipping: ssl_decoder.temporal_conv1.1.running_mean (decoder component)
  ❌ Skipping: ssl_decoder.temporal_conv1.1.running_var (decoder component)
  ❌ Skipping: ssl_decoder.temporal_conv1.1.num_batches_tracked (decoder component)
  ❌ Skipping: ssl_decoder.temporal_conv2.0.weight (decoder component)
  ❌ Skipping: ssl_decoder.temporal_conv2.0.bias (decoder component)
  ❌ Skipping: ssl_decoder.temporal_conv2.1.weight (decoder component)
  ❌ Skipping: ssl_decoder.temporal_conv2.1.bias (decoder component)
  ❌ Skipping: ssl_decoder.temporal_conv2.1.running_mean (decoder component)
  ❌ Skipping: ssl_decoder.temporal_conv2.1.running_var (decoder component)
  ❌ Skipping: ssl_decoder.temporal_conv2.1.num_batches_tracked (decoder component)
  ❌ Skipping: ssl_decoder.final_conv.weight (decoder component)
  ❌ Skipping: ssl_decoder.final_conv.bias (decoder component)
  ❌ Skipping: out.weight (decoder component)
  ❌ Skipping: out.bias (decoder component)
  ✅ Loading: stack1.attention.attention_layer.key.weight -> torch.Size([16, 16])
  ✅ Loading: stack1.attention.attention_layer.value.weight -> torch.Size([16, 16])
  ✅ Loading: stack1.attention.attention_layer.query.weight -> torch.Size([16, 16])
  ✅ Loading: stack1.attention.attention_layer.to_out.weight -> torch.Size([16])
  ✅ Loading: stack1.attention.attention_layer.to_out.bias -> torch.Size([16])
  ✅ Loading: stack1.conv_layer.downConv.weight -> torch.Size([16, 16, 3])
  ✅ Loading: stack1.conv_layer.downConv.bias -> torch.Size([16])
  ✅ Loading: stack1.conv_layer.norm.weight -> torch.Size([16])
  ✅ Loading: stack1.conv_layer.norm.bias -> torch.Size([16])
  ✅ Loading: stack1.conv_layer.norm.running_mean -> torch.Size([16])
  ✅ Loading: stack1.conv_layer.norm.running_var -> torch.Size([16])
  ✅ Loading: stack1.conv_layer.norm.num_batches_tracked -> torch.Size([])
  ✅ Loading: stack1.out.weight -> torch.Size([4, 16])
  ✅ Loading: stack1.out.bias -> torch.Size([4])
  ✅ Loading: stack2.attention.attention_layer.key.weight -> torch.Size([16, 16])
  ✅ Loading: stack2.attention.attention_layer.value.weight -> torch.Size([16, 16])
  ✅ Loading: stack2.attention.attention_layer.query.weight -> torch.Size([16, 16])
  ✅ Loading: stack2.attention.attention_layer.to_out.weight -> torch.Size([16])
  ✅ Loading: stack2.attention.attention_layer.to_out.bias -> torch.Size([16])
  ✅ Loading: stack2.conv_layer.downConv.weight -> torch.Size([16, 16, 3])
  ✅ Loading: stack2.conv_layer.downConv.bias -> torch.Size([16])
  ✅ Loading: stack2.conv_layer.norm.weight -> torch.Size([16])
  ✅ Loading: stack2.conv_layer.norm.bias -> torch.Size([16])
  ✅ Loading: stack2.conv_layer.norm.running_mean -> torch.Size([16])
  ✅ Loading: stack2.conv_layer.norm.running_var -> torch.Size([16])
  ✅ Loading: stack2.conv_layer.norm.num_batches_tracked -> torch.Size([])
  ✅ Loading: stack2.out.weight -> torch.Size([4, 16])
  ✅ Loading: stack2.out.bias -> torch.Size([4])
🔧 Loading 43 encoder components into fine-tuning model...
⚠️  Missing keys (newly initialized): ['subject_discriminator.classifier.0.weight', 'subject_discriminator.classifier.0.bias', 'subject_discriminator.classifier.3.weight', 'subject_discriminator.classifier.3.bias', 'subject_discriminator.classifier.6.weight', 'subject_discriminator.classifier.6.bias', 'ssl_decoder.feature_expand.0.weight', 'ssl_decoder.feature_expand.0.bias', 'ssl_decoder.feature_expand.3.weight', 'ssl_decoder.feature_expand.3.bias', 'ssl_decoder.feature_expand.6.weight', 'ssl_decoder.feature_expand.6.bias', 'ssl_decoder.temporal_conv1.0.weight', 'ssl_decoder.temporal_conv1.0.bias', 'ssl_decoder.temporal_conv1.1.weight', 'ssl_decoder.temporal_conv1.1.bias', 'ssl_decoder.temporal_conv1.1.running_mean', 'ssl_decoder.temporal_conv1.1.running_var', 'ssl_decoder.temporal_conv2.0.weight', 'ssl_decoder.temporal_conv2.0.bias', 'ssl_decoder.temporal_conv2.1.weight', 'ssl_decoder.temporal_conv2.1.bias', 'ssl_decoder.temporal_conv2.1.running_mean', 'ssl_decoder.temporal_conv2.1.running_var', 'ssl_decoder.final_conv.weight', 'ssl_decoder.final_conv.bias', 'out.weight', 'out.bias']
✅ Successfully loaded SSL pre-trained weights!
🎯 SSL decoder removed, feature classifier ready for fine-tuning
==================================================
Starting Fine-tuning
==================================================
=================================================================
Layer (type:depth-idx)                   Param #
=================================================================
DARNet                                   --
├─GradientReversalLayer: 1-1             --
├─SubjectDiscriminator: 1-2              --
│    └─Sequential: 2-1                   --
│    │    └─Linear: 3-1                  2,304
│    │    └─ReLU: 3-2                    --
│    │    └─Dropout: 3-3                 --
│    │    └─Linear: 3-4                  32,896
│    │    └─ReLU: 3-5                    --
│    │    └─Dropout: 3-6                 --
│    │    └─Linear: 3-7                  3,870
├─TokenEmbeddingOriginal: 1-3            --
│    └─Sequential: 2-2                   --
│    │    └─Conv2d: 3-8                  576
│    │    └─BatchNorm2d: 3-9             128
│    │    └─GELU: 3-10                   --
│    └─Sequential: 2-3                   --
│    │    └─Conv2d: 3-11                 32,784
│    │    └─BatchNorm2d: 3-12            32
│    │    └─GELU: 3-13                   --
│    └─PositionalEmbedding: 2-4          --
├─EEGFullDARNetDecoder: 1-4              --
│    └─Sequential: 2-5                   --
│    │    └─Linear: 3-14                 2,304
│    │    └─ReLU: 3-15                   --
│    │    └─Dropout: 3-16                --
│    │    └─Linear: 3-17                 131,584
│    │    └─ReLU: 3-18                   --
│    │    └─Dropout: 3-19                --
│    │    └─Linear: 3-20                 4,202,496
│    └─Sequential: 2-6                   --
│    │    └─Conv1d: 3-21                 24,704
│    │    └─BatchNorm1d: 3-22            256
│    │    └─ReLU: 3-23                   --
│    │    └─Dropout: 3-24                --
│    └─Sequential: 2-7                   --
│    │    └─Conv1d: 3-25                 24,640
│    │    └─BatchNorm1d: 3-26            128
│    │    └─ReLU: 3-27                   --
│    │    └─Dropout: 3-28                --
│    └─Conv1d: 2-8                       2,080
├─Flatten: 1-5                           --
├─Linear: 1-6                            18
├─AttnRefine: 1-7                        --
│    └─MyAttention: 2-9                  --
│    │    └─Attention: 3-29              800
│    └─Refine: 2-10                      --
│    │    └─Conv1d: 3-30                 784
│    │    └─BatchNorm1d: 3-31            32
│    │    └─ELU: 3-32                    --
│    │    └─MaxPool1d: 3-33              --
│    └─AdaptiveAvgPool1d: 2-11           --
│    └─Linear: 2-12                      68
│    └─Flatten: 2-13                     --
├─AttnRefine: 1-8                        --
│    └─MyAttention: 2-14                 --
│    │    └─Attention: 3-34              800
│    └─Refine: 2-15                      --
│    │    └─Conv1d: 3-35                 784
│    │    └─BatchNorm1d: 3-36            32
│    │    └─ELU: 3-37                    --
│    │    └─MaxPool1d: 3-38              --
│    └─AdaptiveAvgPool1d: 2-16           --
│    └─Linear: 2-17                      68
│    └─Flatten: 2-18                     --
=================================================================
Total params: 4,464,168
Trainable params: 4,464,168
Non-trainable params: 0
=================================================================
TestSub: S[11, 12, 13, 14, 15] Epoch  1 Finsh | Now_lr 0.0005/0.0005 | Lambda 0.0075 | Train Loss 0.4672 | Domain Loss 3.1076 | Valid Loss 1.5864 | Train Acc 75.3715| Valid Acc 50.0030
Validation acc increase (0.000000 --> 50.003040) in epoch (1).  Saving model ...
TestSub: S[11, 12, 13, 14, 15] Epoch  2 Finsh | Now_lr 0.0005/0.0005 | Lambda 0.0150 | Train Loss 0.2944 | Domain Loss 3.0073 | Valid Loss 1.6875 | Train Acc 86.9309| Valid Acc 52.1766
Validation acc increase (50.003040 --> 52.176556) in epoch (2).  Saving model ...
TestSub: S[11, 12, 13, 14, 15] Epoch  3 Finsh | Now_lr 0.0005/0.0005 | Lambda 0.0223 | Train Loss 0.2296 | Domain Loss 3.0509 | Valid Loss 1.9383 | Train Acc 90.2000| Valid Acc 54.3531
Validation acc increase (52.176556 --> 54.353113) in epoch (3).  Saving model ...
TestSub: S[11, 12, 13, 14, 15] Epoch  4 Finsh | Now_lr 0.0005/0.0005 | Lambda 0.0296 | Train Loss 0.1827 | Domain Loss 3.0543 | Valid Loss 2.1081 | Train Acc 92.4799| Valid Acc 53.3074
TestSub: S[11, 12, 13, 14, 15] Epoch  5 Finsh | Now_lr 0.0005/0.0005 | Lambda 0.0367 | Train Loss 0.1473 | Domain Loss 3.0753 | Valid Loss 2.3684 | Train Acc 94.0893| Valid Acc 51.4014
TestSub: S[11, 12, 13, 14, 15] Epoch  6 Finsh | Now_lr 0.0005/0.0005 | Lambda 0.0437 | Train Loss 0.1211 | Domain Loss 3.0796 | Valid Loss 2.4445 | Train Acc 95.2833| Valid Acc 53.3834
TestSub: S[11, 12, 13, 14, 15] Epoch  7 Finsh | Now_lr 0.0005/0.0005 | Lambda 0.0505 | Train Loss 0.1023 | Domain Loss 3.0908 | Valid Loss 2.5087 | Train Acc 96.0743| Valid Acc 51.9759
TestSub: S[11, 12, 13, 14, 15] Epoch  8 Finsh | Now_lr 0.0005/0.0005 | Lambda 0.0570 | Train Loss 0.0906 | Domain Loss 3.1027 | Valid Loss 2.7393 | Train Acc 96.6014| Valid Acc 52.5049
TestSub: S[11, 12, 13, 14, 15] Epoch  9 Finsh | Now_lr 0.0005/0.0005 | Lambda 0.0633 | Train Loss 0.0810 | Domain Loss 3.1054 | Valid Loss 2.5999 | Train Acc 96.9881| Valid Acc 52.5018
TestSub: S[11, 12, 13, 14, 15] Epoch 10 Finsh | Now_lr 0.0005/0.0005 | Lambda 0.0693 | Train Loss 0.0717 | Domain Loss 3.1099 | Valid Loss 2.6962 | Train Acc 97.3456| Valid Acc 54.6358
Validation acc increase (54.353113 --> 54.635822) in epoch (10).  Saving model ...
TestSub: S[11, 12, 13, 14, 15] Epoch 11 Finsh | Now_lr 0.0005/0.0005 | Lambda 0.0751 | Train Loss 0.0649 | Domain Loss 3.1077 | Valid Loss 2.7984 | Train Acc 97.6277| Valid Acc 51.6628
TestSub: S[11, 12, 13, 14, 15] Epoch 12 Finsh | Now_lr 0.0005/0.0005 | Lambda 0.0806 | Train Loss 0.0586 | Domain Loss 3.1351 | Valid Loss 2.8887 | Train Acc 97.8861| Valid Acc 53.6965
TestSub: S[11, 12, 13, 14, 15] Epoch 13 Finsh | Now_lr 0.0005/0.0005 | Lambda 0.0858 | Train Loss 0.0558 | Domain Loss 3.1396 | Valid Loss 2.8117 | Train Acc 98.0022| Valid Acc 54.1586
TestSub: S[11, 12, 13, 14, 15] Epoch 14 Finsh | Now_lr 0.0005/0.0005 | Lambda 0.0907 | Train Loss 0.0512 | Domain Loss 3.1604 | Valid Loss 2.8774 | Train Acc 98.1730| Valid Acc 54.1130
TestSub: S[11, 12, 13, 14, 15] Epoch 15 Finsh | Now_lr 0.0005/0.0005 | Lambda 0.0953 | Train Loss 0.0478 | Domain Loss 3.1643 | Valid Loss 3.0754 | Train Acc 98.3116| Valid Acc 52.6052
TestSub: S[11, 12, 13, 14, 15] Epoch 16 Finsh | Now_lr 0.0005/0.0005 | Lambda 0.0996 | Train Loss 0.0458 | Domain Loss 3.1668 | Valid Loss 2.8899 | Train Acc 98.3639| Valid Acc 53.3530
TestSub: S[11, 12, 13, 14, 15] Epoch 17 Finsh | Now_lr 0.0005/0.0005 | Lambda 0.1037 | Train Loss 0.0423 | Domain Loss 3.1695 | Valid Loss 2.9721 | Train Acc 98.4977| Valid Acc 54.1859
TestSub: S[11, 12, 13, 14, 15] Epoch 18 Finsh | Now_lr 0.0005/0.0005 | Lambda 0.1074 | Train Loss 0.0392 | Domain Loss 3.1811 | Valid Loss 3.0252 | Train Acc 98.6156| Valid Acc 52.9365
TestSub: S[11, 12, 13, 14, 15] Epoch 19 Finsh | Now_lr 0.0005/0.0005 | Lambda 0.1110 | Train Loss 0.0373 | Domain Loss 3.1818 | Valid Loss 2.9428 | Train Acc 98.7074| Valid Acc 53.0247
TestSub: S[11, 12, 13, 14, 15] Epoch 20 Finsh | Now_lr 0.0005/0.0005 | Lambda 0.1142 | Train Loss 0.0364 | Domain Loss 3.1851 | Valid Loss 3.0939 | Train Acc 98.7245| Valid Acc 52.8514
TestSub: S[11, 12, 13, 14, 15] Epoch 21 Finsh | Now_lr 0.0005/0.0005 | Lambda 0.1173 | Train Loss 0.0346 | Domain Loss 3.1883 | Valid Loss 3.1235 | Train Acc 98.8047| Valid Acc 52.8149
TestSub: S[11, 12, 13, 14, 15] Epoch 22 Finsh | Now_lr 0.0005/0.0005 | Lambda 0.1201 | Train Loss 0.0327 | Domain Loss 3.1929 | Valid Loss 3.0195 | Train Acc 98.8777| Valid Acc 52.1705
TestSub: S[11, 12, 13, 14, 15] Epoch 23 Finsh | Now_lr 0.0005/0.0005 | Lambda 0.1227 | Train Loss 0.0314 | Domain Loss 3.1964 | Valid Loss 3.3052 | Train Acc 98.9385| Valid Acc 51.5503
TestSub: S[11, 12, 13, 14, 15] Epoch 24 Finsh | Now_lr 0.0005/0.0005 | Lambda 0.1250 | Train Loss 0.0291 | Domain Loss 3.1983 | Valid Loss 3.2782 | Train Acc 99.0041| Valid Acc 51.9607
TestSub: S[11, 12, 13, 14, 15] Epoch 25 Finsh | Now_lr 0.0005/0.0005 | Lambda 0.1272 | Train Loss 0.0290 | Domain Loss 3.2011 | Valid Loss 3.3524 | Train Acc 98.9956| Valid Acc 52.4076
TestSub: S[11, 12, 13, 14, 15] Epoch 26 Finsh | Now_lr 0.0005/0.0005 | Lambda 0.1293 | Train Loss 0.0275 | Domain Loss 3.2047 | Valid Loss 3.1964 | Train Acc 99.0570| Valid Acc 54.0917
TestSub: S[11, 12, 13, 14, 15] Epoch 27 Finsh | Now_lr 0.0005/0.0005 | Lambda 0.1311 | Train Loss 0.0258 | Domain Loss 3.2052 | Valid Loss 3.3610 | Train Acc 99.1209| Valid Acc 53.0581
TestSub: S[11, 12, 13, 14, 15] Epoch 28 Finsh | Now_lr 0.0005/0.0005 | Lambda 0.1328 | Train Loss 0.0242 | Domain Loss 3.2067 | Valid Loss 3.3615 | Train Acc 99.1738| Valid Acc 53.1220
TestSub: S[11, 12, 13, 14, 15] Epoch 29 Finsh | Now_lr 0.0005/0.0005 | Lambda 0.1344 | Train Loss 0.0235 | Domain Loss 3.2080 | Valid Loss 3.3348 | Train Acc 99.1938| Valid Acc 52.1249
TestSub: S[11, 12, 13, 14, 15] Epoch 30 Finsh | Now_lr 0.0005/0.0005 | Lambda 0.1358 | Train Loss 0.0232 | Domain Loss 3.2088 | Valid Loss 3.1923 | Train Acc 99.1950| Valid Acc 52.3316
TestSub: S[11, 12, 13, 14, 15] Epoch 31 Finsh | Now_lr 0.0005/0.0005 | Lambda 0.1371 | Train Loss 0.0219 | Domain Loss 3.2102 | Valid Loss 3.1054 | Train Acc 99.2485| Valid Acc 52.7237
TestSub: S[11, 12, 13, 14, 15] Epoch 32 Finsh | Now_lr 0.0005/0.0005 | Lambda 0.1383 | Train Loss 0.0220 | Domain Loss 3.2088 | Valid Loss 3.2575 | Train Acc 99.2510| Valid Acc 54.3926
TestSub: S[11, 12, 13, 14, 15] Epoch 33 Finsh | Now_lr 0.0005/0.0005 | Lambda 0.1393 | Train Loss 0.0217 | Domain Loss 3.2079 | Valid Loss 3.2534 | Train Acc 99.2808| Valid Acc 54.4473
TestSub: S[11, 12, 13, 14, 15] Epoch 34 Finsh | Now_lr 0.0005/0.0005 | Lambda 0.1403 | Train Loss 0.0207 | Domain Loss 3.2099 | Valid Loss 3.2214 | Train Acc 99.2990| Valid Acc 54.6297
TestSub: S[11, 12, 13, 14, 15] Epoch 35 Finsh | Now_lr 0.0005/0.0005 | Lambda 0.1412 | Train Loss 0.0197 | Domain Loss 3.2087 | Valid Loss 3.3266 | Train Acc 99.3410| Valid Acc 54.6297
TestSub: S[11, 12, 13, 14, 15] Epoch 36 Finsh | Now_lr 0.0005/0.0005 | Lambda 0.1420 | Train Loss 0.0200 | Domain Loss 3.2106 | Valid Loss 2.9835 | Train Acc 99.3172| Valid Acc 54.5325
TestSub: S[11, 12, 13, 14, 15] Epoch 37 Finsh | Now_lr 0.0005/0.0005 | Lambda 0.1428 | Train Loss 0.0182 | Domain Loss 3.2072 | Valid Loss 3.2084 | Train Acc 99.3866| Valid Acc 52.1462
TestSub: S[11, 12, 13, 14, 15] Epoch 38 Finsh | Now_lr 0.0005/0.0005 | Lambda 0.1434 | Train Loss 0.0177 | Domain Loss 3.2087 | Valid Loss 3.4731 | Train Acc 99.4261| Valid Acc 53.6144
TestSub: S[11, 12, 13, 14, 15] Epoch 39 Finsh | Now_lr 0.0005/0.0005 | Lambda 0.1440 | Train Loss 0.0187 | Domain Loss 3.2055 | Valid Loss 3.2154 | Train Acc 99.3568| Valid Acc 54.8182
Validation acc increase (54.635822 --> 54.818215) in epoch (39).  Saving model ...
TestSub: S[11, 12, 13, 14, 15] Epoch 40 Finsh | Now_lr 0.0005/0.0005 | Lambda 0.1446 | Train Loss 0.0178 | Domain Loss 3.2027 | Valid Loss 3.3603 | Train Acc 99.3926| Valid Acc 54.0187
TestSub: S[11, 12, 13, 14, 15] Epoch 41 Finsh | Now_lr 0.0005/0.0005 | Lambda 0.1451 | Train Loss 0.0169 | Domain Loss 3.2103 | Valid Loss 3.1944 | Train Acc 99.4407| Valid Acc 53.6479
TestSub: S[11, 12, 13, 14, 15] Epoch 42 Finsh | Now_lr 0.0005/0.0005 | Lambda 0.1456 | Train Loss 0.0164 | Domain Loss 3.2094 | Valid Loss 3.3834 | Train Acc 99.4522| Valid Acc 54.1738
TestSub: S[11, 12, 13, 14, 15] Epoch 43 Finsh | Now_lr 0.0005/0.0005 | Lambda 0.1460 | Train Loss 0.0166 | Domain Loss 3.2048 | Valid Loss 3.1652 | Train Acc 99.4516| Valid Acc 55.2104
Validation acc increase (54.818215 --> 55.210360) in epoch (43).  Saving model ...
TestSub: S[11, 12, 13, 14, 15] Epoch 44 Finsh | Now_lr 0.0005/0.0005 | Lambda 0.1464 | Train Loss 0.0155 | Domain Loss 3.2010 | Valid Loss 3.1875 | Train Acc 99.4662| Valid Acc 54.6571
TestSub: S[11, 12, 13, 14, 15] Epoch 45 Finsh | Now_lr 0.0005/0.0005 | Lambda 0.1467 | Train Loss 0.0154 | Domain Loss 3.2087 | Valid Loss 3.2489 | Train Acc 99.4844| Valid Acc 54.3501
TestSub: S[11, 12, 13, 14, 15] Epoch 46 Finsh | Now_lr 0.0005/0.0005 | Lambda 0.1470 | Train Loss 0.0163 | Domain Loss 3.1999 | Valid Loss 3.3050 | Train Acc 99.4680| Valid Acc 55.2043
TestSub: S[11, 12, 13, 14, 15] Epoch 47 Finsh | Now_lr 0.0005/0.0005 | Lambda 0.1473 | Train Loss 0.0152 | Domain Loss 3.2003 | Valid Loss 3.3030 | Train Acc 99.4844| Valid Acc 54.7635
TestSub: S[11, 12, 13, 14, 15] Epoch 48 Finsh | Now_lr 0.0005/0.0005 | Lambda 0.1476 | Train Loss 0.0153 | Domain Loss 3.2071 | Valid Loss 3.3260 | Train Acc 99.5112| Valid Acc 53.9306
TestSub: S[11, 12, 13, 14, 15] Epoch 49 Finsh | Now_lr 0.0005/0.0005 | Lambda 0.1478 | Train Loss 0.0151 | Domain Loss 3.2086 | Valid Loss 3.3484 | Train Acc 99.5069| Valid Acc 53.9275
TestSub: S[11, 12, 13, 14, 15] Epoch 50 Finsh | Now_lr 0.0005/0.0005 | Lambda 0.1480 | Train Loss 0.0132 | Domain Loss 3.2137 | Valid Loss 3.5954 | Train Acc 99.5738| Valid Acc 53.3895
TestSub: S[11, 12, 13, 14, 15] Epoch 51 Finsh | Now_lr 0.0005/0.0005 | Lambda 0.1482 | Train Loss 0.0137 | Domain Loss 3.2111 | Valid Loss 3.6494 | Train Acc 99.5519| Valid Acc 53.7117
TestSub: S[11, 12, 13, 14, 15] Epoch 52 Finsh | Now_lr 0.0005/0.0005 | Lambda 0.1484 | Train Loss 0.0131 | Domain Loss 3.2139 | Valid Loss 3.3070 | Train Acc 99.5586| Valid Acc 53.2800
TestSub: S[11, 12, 13, 14, 15] Epoch 53 Finsh | Now_lr 0.0005/0.0005 | Lambda 0.1485 | Train Loss 0.0133 | Domain Loss 3.2135 | Valid Loss 3.3888 | Train Acc 99.5665| Valid Acc 54.2224
TestSub: S[11, 12, 13, 14, 15] Epoch 54 Finsh | Now_lr 0.0005/0.0005 | Lambda 0.1487 | Train Loss 0.0120 | Domain Loss 3.2143 | Valid Loss 3.5197 | Train Acc 99.5969| Valid Acc 53.9427
TestSub: S[11, 12, 13, 14, 15] Epoch 55 Finsh | Now_lr 0.0005/0.0005 | Lambda 0.1488 | Train Loss 0.0125 | Domain Loss 3.2144 | Valid Loss 3.3043 | Train Acc 99.5975| Valid Acc 54.7483
TestSub: S[11, 12, 13, 14, 15] Epoch 56 Finsh | Now_lr 0.0005/0.0005 | Lambda 0.1489 | Train Loss 0.0118 | Domain Loss 3.2147 | Valid Loss 3.5378 | Train Acc 99.6249| Valid Acc 54.6784
TestSub: S[11, 12, 13, 14, 15] Epoch 57 Finsh | Now_lr 0.0005/0.0005 | Lambda 0.1490 | Train Loss 0.0120 | Domain Loss 3.2135 | Valid Loss 3.3154 | Train Acc 99.5957| Valid Acc 54.2558
TestSub: S[11, 12, 13, 14, 15] Epoch 58 Finsh | Now_lr 0.0005/0.0005 | Lambda 0.1491 | Train Loss 0.0112 | Domain Loss 3.2134 | Valid Loss 3.5691 | Train Acc 99.6237| Valid Acc 54.4261
TestSub: S[11, 12, 13, 14, 15] Epoch 59 Finsh | Now_lr 0.0005/0.0005 | Lambda 0.1492 | Train Loss 0.0120 | Domain Loss 3.2139 | Valid Loss 3.1389 | Train Acc 99.6024| Valid Acc 54.0461
TestSub: S[11, 12, 13, 14, 15] Epoch 60 Finsh | Now_lr 0.0005/0.0005 | Lambda 0.1493 | Train Loss 0.0107 | Domain Loss 3.2145 | Valid Loss 3.4391 | Train Acc 99.6620| Valid Acc 54.1798
TestSub: S[11, 12, 13, 14, 15] Epoch 61 Finsh | Now_lr 0.0005/0.0005 | Lambda 0.1493 | Train Loss 0.0112 | Domain Loss 3.2137 | Valid Loss 3.2483 | Train Acc 99.6206| Valid Acc 54.7939
TestSub: S[11, 12, 13, 14, 15] Epoch 62 Finsh | Now_lr 0.0005/0.0005 | Lambda 0.1494 | Train Loss 0.0105 | Domain Loss 3.2151 | Valid Loss 3.5790 | Train Acc 99.6492| Valid Acc 55.1374
TestSub: S[11, 12, 13, 14, 15] Epoch 63 Finsh | Now_lr 0.0005/0.0005 | Lambda 0.1495 | Train Loss 0.0113 | Domain Loss 3.2149 | Valid Loss 3.2073 | Train Acc 99.6370| Valid Acc 54.2224
TestSub: S[11, 12, 13, 14, 15] Epoch 64 Finsh | Now_lr 0.0005/0.0005 | Lambda 0.1495 | Train Loss 0.0101 | Domain Loss 3.2151 | Valid Loss 3.6481 | Train Acc 99.6778| Valid Acc 54.3896
TestSub: S[11, 12, 13, 14, 15] Epoch 65 Finsh | Now_lr 0.0005/0.0005 | Lambda 0.1495 | Train Loss 0.0104 | Domain Loss 3.2150 | Valid Loss 3.5974 | Train Acc 99.6474| Valid Acc 53.2162
TestSub: S[11, 12, 13, 14, 15] Epoch 66 Finsh | Now_lr 0.0005/0.0005 | Lambda 0.1496 | Train Loss 0.0088 | Domain Loss 3.2150 | Valid Loss 3.8017 | Train Acc 99.7167| Valid Acc 53.1463
TestSub: S[11, 12, 13, 14, 15] Epoch 67 Finsh | Now_lr 0.0005/0.0005 | Lambda 0.1496 | Train Loss 0.0118 | Domain Loss 3.2158 | Valid Loss 3.2334 | Train Acc 99.6322| Valid Acc 52.5079
TestSub: S[11, 12, 13, 14, 15] Epoch 68 Finsh | Now_lr 0.0005/0.0005 | Lambda 0.1497 | Train Loss 0.0100 | Domain Loss 3.2152 | Valid Loss 3.4572 | Train Acc 99.6614| Valid Acc 52.7389
TestSub: S[11, 12, 13, 14, 15] Epoch 69 Finsh | Now_lr 0.0005/0.0005 | Lambda 0.1497 | Train Loss 0.0098 | Domain Loss 3.2155 | Valid Loss 3.6219 | Train Acc 99.6741| Valid Acc 53.8698
TestSub: S[11, 12, 13, 14, 15] Epoch 70 Finsh | Now_lr 0.0005/0.0005 | Lambda 0.1497 | Train Loss 0.0088 | Domain Loss 3.2157 | Valid Loss 3.6797 | Train Acc 99.7197| Valid Acc 53.6357
TestSub: S[11, 12, 13, 14, 15] Epoch 71 Finsh | Now_lr 0.0005/0.0005 | Lambda 0.1498 | Train Loss 0.0093 | Domain Loss 3.2146 | Valid Loss 3.8704 | Train Acc 99.6960| Valid Acc 53.3530
TestSub: S[11, 12, 13, 14, 15] Epoch 72 Finsh | Now_lr 0.0005/0.0005 | Lambda 0.1498 | Train Loss 0.0096 | Domain Loss 3.2145 | Valid Loss 3.9884 | Train Acc 99.6747| Valid Acc 53.2071
TestSub: S[11, 12, 13, 14, 15] Epoch 73 Finsh | Now_lr 0.0005/0.0005 | Lambda 0.1498 | Train Loss 0.0103 | Domain Loss 3.2142 | Valid Loss 3.6069 | Train Acc 99.6437| Valid Acc 53.6752
Early stopping triggered after 73 epochs (30 epochs without improvement)
--------------------------------------------------
Test_Subject :S[11, 12, 13, 14, 15] |Best epoch:43 | Test Loss:3.1652 | Best Acc 55.2104 | Savemodel Acc 55.2104
--------------------------------------------------

========== Fold 4 ==========
Train IDs: [1, 2, 3, 4, 5, 6, 7, 8, 9, 10, 11, 12, 13, 14, 15, 21, 22, 23, 24, 25, 26, 27, 28, 29, 30]
Val IDs:   [16, 17, 18, 19, 20]
================================================================================
SSL PRE-TRAINING PHASE WITH DOMAIN ADVERSARIAL TRAINING
================================================================================
Loading SSL data with subject IDs for subjects: [1, 2, 3, 4, 5, 6, 7, 8, 9, 10, 11, 12, 13, 14, 15, 21, 22, 23, 24, 25, 26, 27, 28, 29, 30]
Loaded subject S1: (6580, 32, 128), Subject ID: 0
Loaded subject S2: (6580, 32, 128), Subject ID: 1
Loaded subject S3: (6580, 32, 128), Subject ID: 2
Loaded subject S4: (6580, 32, 128), Subject ID: 3
Loaded subject S5: (6580, 32, 128), Subject ID: 4
Loaded subject S6: (6580, 32, 128), Subject ID: 5
Loaded subject S7: (6580, 32, 128), Subject ID: 6
Loaded subject S8: (6580, 32, 128), Subject ID: 7
Loaded subject S9: (6580, 32, 128), Subject ID: 8
Loaded subject S10: (6580, 32, 128), Subject ID: 9
Loaded subject S11: (6580, 32, 128), Subject ID: 10
Loaded subject S12: (6580, 32, 128), Subject ID: 11
Loaded subject S13: (6580, 32, 128), Subject ID: 12
Loaded subject S14: (6580, 32, 128), Subject ID: 13
Loaded subject S15: (6580, 32, 128), Subject ID: 14
Loaded subject S21: (6580, 32, 128), Subject ID: 20
Loaded subject S22: (6580, 32, 128), Subject ID: 21
Loaded subject S23: (6580, 32, 128), Subject ID: 22
Loaded subject S24: (6580, 32, 128), Subject ID: 23
Loaded subject S25: (6580, 32, 128), Subject ID: 24
Loaded subject S26: (6580, 32, 128), Subject ID: 25
Loaded subject S27: (6580, 32, 128), Subject ID: 26
Loaded subject S28: (6580, 32, 128), Subject ID: 27
Loaded subject S29: (6580, 32, 128), Subject ID: 28
Loaded subject S30: (6580, 32, 128), Subject ID: 29
Total SSL data shape: (164500, 32, 128)
Total subject IDs: 164500
🏗️  SSL Model Architecture:
   - SSL Enabled: True
   - SSL Approach: full_darnet
   - Domain Adversarial: True
   - Training Mode: ssl
   - Decoder Type: EEGFullDARNetDecoder
   - Encoder parameters: 36,888
   - Decoder parameters: 4,388,192
   - Domain discriminator parameters: 39,070
   - Total parameters: 4,464,168
   - Decoder/Total ratio: 98.3%
==================================================
Starting SSL Pre-training with Domain Adversarial Training
==================================================
=================================================================
Layer (type:depth-idx)                   Param #
=================================================================
DARNet                                   --
├─GradientReversalLayer: 1-1             --
├─SubjectDiscriminator: 1-2              --
│    └─Sequential: 2-1                   --
│    │    └─Linear: 3-1                  2,304
│    │    └─ReLU: 3-2                    --
│    │    └─Dropout: 3-3                 --
│    │    └─Linear: 3-4                  32,896
│    │    └─ReLU: 3-5                    --
│    │    └─Dropout: 3-6                 --
│    │    └─Linear: 3-7                  3,870
├─TokenEmbeddingOriginal: 1-3            --
│    └─Sequential: 2-2                   --
│    │    └─Conv2d: 3-8                  576
│    │    └─BatchNorm2d: 3-9             128
│    │    └─GELU: 3-10                   --
│    └─Sequential: 2-3                   --
│    │    └─Conv2d: 3-11                 32,784
│    │    └─BatchNorm2d: 3-12            32
│    │    └─GELU: 3-13                   --
│    └─PositionalEmbedding: 2-4          --
├─EEGFullDARNetDecoder: 1-4              --
│    └─Sequential: 2-5                   --
│    │    └─Linear: 3-14                 2,304
│    │    └─ReLU: 3-15                   --
│    │    └─Dropout: 3-16                --
│    │    └─Linear: 3-17                 131,584
│    │    └─ReLU: 3-18                   --
│    │    └─Dropout: 3-19                --
│    │    └─Linear: 3-20                 4,202,496
│    └─Sequential: 2-6                   --
│    │    └─Conv1d: 3-21                 24,704
│    │    └─BatchNorm1d: 3-22            256
│    │    └─ReLU: 3-23                   --
│    │    └─Dropout: 3-24                --
│    └─Sequential: 2-7                   --
│    │    └─Conv1d: 3-25                 24,640
│    │    └─BatchNorm1d: 3-26            128
│    │    └─ReLU: 3-27                   --
│    │    └─Dropout: 3-28                --
│    └─Conv1d: 2-8                       2,080
├─Flatten: 1-5                           --
├─Linear: 1-6                            18
├─AttnRefine: 1-7                        --
│    └─MyAttention: 2-9                  --
│    │    └─Attention: 3-29              800
│    └─Refine: 2-10                      --
│    │    └─Conv1d: 3-30                 784
│    │    └─BatchNorm1d: 3-31            32
│    │    └─ELU: 3-32                    --
│    │    └─MaxPool1d: 3-33              --
│    └─AdaptiveAvgPool1d: 2-11           --
│    └─Linear: 2-12                      68
│    └─Flatten: 2-13                     --
├─AttnRefine: 1-8                        --
│    └─MyAttention: 2-14                 --
│    │    └─Attention: 3-34              800
│    └─Refine: 2-15                      --
│    │    └─Conv1d: 3-35                 784
│    │    └─BatchNorm1d: 3-36            32
│    │    └─ELU: 3-37                    --
│    │    └─MaxPool1d: 3-38              --
│    └─AdaptiveAvgPool1d: 2-16           --
│    └─Linear: 2-17                      68
│    └─Flatten: 2-18                     --
=================================================================
Total params: 4,464,168
Trainable params: 4,464,168
Non-trainable params: 0
=================================================================
