==========================================
SLURM_CLUSTER_NAME = param-shivay
SLURM_ARRAY_JOB_ID = 
SLURM_ARRAY_TASK_ID = 
SLURM_ARRAY_TASK_COUNT = 
SLURM_ARRAY_TASK_MAX = 
SLURM_ARRAY_TASK_MIN = 
SLURM_JOB_ACCOUNT = mechanical_engg
SLURM_JOB_ID = 1155765
SLURM_JOB_NAME = eeg-train
SLURM_JOB_NODELIST = gpu006
SLURM_JOB_USER = suyash.kumar.mec22.itbhu
SLURM_JOB_UID = 6339
SLURM_JOB_PARTITION = gpu
SLURM_TASK_PID = 16542
SLURM_SUBMIT_DIR = /scratch/suyash.kumar.mec22.itbhu/EEG-AAD/eeg-aad-challenge2026-task1-baselines-master
SLURM_CPUS_ON_NODE = 8
SLURM_NTASKS = 
SLURM_TASK_PID = 16542
==========================================
Current device is cuda
Setting all seeds to 42 for reproducibility...
All seeds set successfully!
start time: task1_AAD_MM-AAD_original_ssl_2025-10-13-01-39-43
============================================================================================================
Arguments =
	_action_groups: [<argparse._ArgumentGroup object at 0x7fcf5489a3a0>, <argparse._ArgumentGroup object at 0x7fcf5489a310>]
	_actions: [_HelpAction(option_strings=['-h', '--help'], dest='help', nargs=0, const=None, default='==SUPPRESS==', type=None, choices=None, required=False, help='show this help message and exit', metavar=None)]
	_defaults: {}
	_has_negative_number_optionals: []
	_mutually_exclusive_groups: []
	_negative_number_matcher: re.compile('^-\\d+$|^-\\d*\\.\\d+$')
	_option_string_actions: {'-h': _HelpAction(option_strings=['-h', '--help'], dest='help', nargs=0, const=None, default='==SUPPRESS==', type=None, choices=None, required=False, help='show this help message and exit', metavar=None), '--help': _HelpAction(option_strings=['-h', '--help'], dest='help', nargs=0, const=None, default='==SUPPRESS==', type=None, choices=None, required=False, help='show this help message and exit', metavar=None)}
	_optionals: <argparse._ArgumentGroup object at 0x7fcf5489a310>
	_positionals: <argparse._ArgumentGroup object at 0x7fcf5489a3a0>
	_registries: {'action': {None: <class 'argparse._StoreAction'>, 'store': <class 'argparse._StoreAction'>, 'store_const': <class 'argparse._StoreConstAction'>, 'store_true': <class 'argparse._StoreTrueAction'>, 'store_false': <class 'argparse._StoreFalseAction'>, 'append': <class 'argparse._AppendAction'>, 'append_const': <class 'argparse._AppendConstAction'>, 'count': <class 'argparse._CountAction'>, 'help': <class 'argparse._HelpAction'>, 'version': <class 'argparse._VersionAction'>, 'parsers': <class 'argparse._SubParsersAction'>, 'extend': <class 'argparse._ExtendAction'>}, 'type': {None: <function ArgumentParser.__init__.<locals>.identity at 0x7fce8d331940>}}
	_subparsers: None
	add_help: True
	allow_abbrev: True
	alpha: 0.99
	argument_default: None
	batch_size: 128
	beta1: 0.9
	beta2: 0.999
	conflict_handler: error
	data_path: /home/suyash.kumar.mec22.itbhu/EEG-AAD_audio_visual/preprocessed/data/
	dataset: MM-AAD
	description: None
	eeg_channel: 32
	epilog: None
	exit_on_error: True
	fig_path: ./exps/cross-subject/DARNet_SSL_FullDARNet/figures/
	formatter_class: <class 'argparse.HelpFormatter'>
	fromfile_prefix_chars: None
	fs: 128
	label_path: /home/suyash.kumar.mec22.itbhu/EEG-AAD_audio_visual/preprocessed/label/
	lam: 0.2
	log_interval: 10
	lr: 0.0005
	lr_decayrate: 0.5
	max_epoch: 100
	model: DARNet_SSL_FullDARNet
	model_save_path: ./exps/cross-subject/DARNet_SSL_FullDARNet/baseline_task1_AAD_MM-AAD_original_ssl_2025-10-13-01-39-43/
	momentum: 0.9
	optimizer: AdamW
	overlap: 0.5
	patience: 10
	prefix_chars: -
	prog: trainer.py
	seed: 42
	ssl_approach: full_darnet
	ssl_enabled: True
	ssl_epochs: 30
	ssl_lr: 0.001
	ssl_model_save_path: ./exps/cross-subject/DARNet_SSL_FullDARNet/ssl_models_task1_AAD_MM-AAD_original_ssl_2025-10-13-01-39-43/
	start_time: task1_AAD_MM-AAD_original_ssl_2025-10-13-01-39-43
	subject_number: 40
	trail_number: 20
	usage: None
	weight_decay: 0.0003
	win_len: 128
	win_time: 1
	window_lap: 64.0
============================================================================================================

========== Fold 1 ==========
Train IDs: [6, 7, 8, 9, 10, 11, 12, 13, 14, 15, 16, 17, 18, 19, 20, 21, 22, 23, 24, 25, 26, 27, 28, 29, 30]
Val IDs:   [1, 2, 3, 4, 5]
================================================================================
SSL PRE-TRAINING PHASE
================================================================================
Loading SSL data for subjects: [6, 7, 8, 9, 10, 11, 12, 13, 14, 15, 16, 17, 18, 19, 20, 21, 22, 23, 24, 25, 26, 27, 28, 29, 30]
Loaded subject S6: (6580, 32, 128)
Loaded subject S7: (6580, 32, 128)
Loaded subject S8: (6580, 32, 128)
Loaded subject S9: (6580, 32, 128)
Loaded subject S10: (6580, 32, 128)
Loaded subject S11: (6580, 32, 128)
Loaded subject S12: (6580, 32, 128)
Loaded subject S13: (6580, 32, 128)
Loaded subject S14: (6580, 32, 128)
Loaded subject S15: (6580, 32, 128)
Loaded subject S16: (6580, 32, 128)
Loaded subject S17: (6580, 32, 128)
Loaded subject S18: (6580, 32, 128)
Loaded subject S19: (6580, 32, 128)
Loaded subject S20: (6580, 32, 128)
Loaded subject S21: (6580, 32, 128)
Loaded subject S22: (6580, 32, 128)
Loaded subject S23: (6580, 32, 128)
Loaded subject S24: (6580, 32, 128)
Loaded subject S25: (6580, 32, 128)
Loaded subject S26: (6580, 32, 128)
Loaded subject S27: (6580, 32, 128)
Loaded subject S28: (6580, 32, 128)
Loaded subject S29: (6580, 32, 128)
Loaded subject S30: (6580, 32, 128)
Total SSL data shape: (164500, 32, 128)
🏗️  SSL Model Architecture:
   - SSL Enabled: True
   - SSL Approach: full_darnet
   - Training Mode: ssl
   - Decoder Type: EEGFullDARNetDecoder
   - Encoder parameters: 36,888
   - Decoder parameters: 4,388,192
   - Total parameters: 4,425,098
   - Decoder/Total ratio: 99.2%
==================================================
Starting SSL Pre-training
==================================================
=================================================================
Layer (type:depth-idx)                   Param #
=================================================================
DARNet                                   --
├─TokenEmbeddingOriginal: 1-1            --
│    └─Sequential: 2-1                   --
│    │    └─Conv2d: 3-1                  576
│    │    └─BatchNorm2d: 3-2             128
│    │    └─GELU: 3-3                    --
│    └─Sequential: 2-2                   --
│    │    └─Conv2d: 3-4                  32,784
│    │    └─BatchNorm2d: 3-5             32
│    │    └─GELU: 3-6                    --
│    └─PositionalEmbedding: 2-3          --
├─EEGFullDARNetDecoder: 1-2              --
│    └─Sequential: 2-4                   --
│    │    └─Linear: 3-7                  2,304
│    │    └─ReLU: 3-8                    --
│    │    └─Dropout: 3-9                 --
│    │    └─Linear: 3-10                 131,584
│    │    └─ReLU: 3-11                   --
│    │    └─Dropout: 3-12                --
│    │    └─Linear: 3-13                 4,202,496
│    └─Sequential: 2-5                   --
│    │    └─Conv1d: 3-14                 24,704
│    │    └─BatchNorm1d: 3-15            256
│    │    └─ReLU: 3-16                   --
│    │    └─Dropout: 3-17                --
│    └─Sequential: 2-6                   --
│    │    └─Conv1d: 3-18                 24,640
│    │    └─BatchNorm1d: 3-19            128
│    │    └─ReLU: 3-20                   --
│    │    └─Dropout: 3-21                --
│    └─Conv1d: 2-7                       2,080
├─Flatten: 1-3                           --
├─Linear: 1-4                            18
├─AttnRefine: 1-5                        --
│    └─MyAttention: 2-8                  --
│    │    └─Attention: 3-22              800
│    └─Refine: 2-9                       --
│    │    └─Conv1d: 3-23                 784
│    │    └─BatchNorm1d: 3-24            32
│    │    └─ELU: 3-25                    --
│    │    └─MaxPool1d: 3-26              --
│    └─AdaptiveAvgPool1d: 2-10           --
│    └─Linear: 2-11                      68
│    └─Flatten: 2-12                     --
├─AttnRefine: 1-6                        --
│    └─MyAttention: 2-13                 --
│    │    └─Attention: 3-27              800
│    └─Refine: 2-14                      --
│    │    └─Conv1d: 3-28                 784
│    │    └─BatchNorm1d: 3-29            32
│    │    └─ELU: 3-30                    --
│    │    └─MaxPool1d: 3-31              --
│    └─AdaptiveAvgPool1d: 2-15           --
│    └─Linear: 2-16                      68
│    └─Flatten: 2-17                     --
=================================================================
Total params: 4,425,098
Trainable params: 4,425,098
Non-trainable params: 0
=================================================================
SSL Epoch  1 | SSL Loss: 0.361673
SSL model saved at epoch 1 with loss 0.361673 to ./exps/cross-subject/DARNet_SSL_FullDARNet/ssl_models_task1_AAD_MM-AAD_original_ssl_2025-10-13-01-39-43/ssl_best_model.pt
SSL model saved with loss 0.361673
SSL Epoch  2 | SSL Loss: 0.250323
SSL model saved at epoch 2 with loss 0.250323 to ./exps/cross-subject/DARNet_SSL_FullDARNet/ssl_models_task1_AAD_MM-AAD_original_ssl_2025-10-13-01-39-43/ssl_best_model.pt
SSL model saved with loss 0.250323
SSL Epoch  3 | SSL Loss: 0.211990
SSL model saved at epoch 3 with loss 0.211990 to ./exps/cross-subject/DARNet_SSL_FullDARNet/ssl_models_task1_AAD_MM-AAD_original_ssl_2025-10-13-01-39-43/ssl_best_model.pt
SSL model saved with loss 0.211990
SSL Epoch  4 | SSL Loss: 0.195198
SSL model saved at epoch 4 with loss 0.195198 to ./exps/cross-subject/DARNet_SSL_FullDARNet/ssl_models_task1_AAD_MM-AAD_original_ssl_2025-10-13-01-39-43/ssl_best_model.pt
SSL model saved with loss 0.195198
SSL Epoch  5 | SSL Loss: 0.185149
SSL model saved at epoch 5 with loss 0.185149 to ./exps/cross-subject/DARNet_SSL_FullDARNet/ssl_models_task1_AAD_MM-AAD_original_ssl_2025-10-13-01-39-43/ssl_best_model.pt
SSL model saved with loss 0.185149
SSL Epoch  6 | SSL Loss: 0.179000
SSL model saved at epoch 6 with loss 0.179000 to ./exps/cross-subject/DARNet_SSL_FullDARNet/ssl_models_task1_AAD_MM-AAD_original_ssl_2025-10-13-01-39-43/ssl_best_model.pt
SSL model saved with loss 0.179000
SSL Epoch  7 | SSL Loss: 0.174295
SSL model saved at epoch 7 with loss 0.174295 to ./exps/cross-subject/DARNet_SSL_FullDARNet/ssl_models_task1_AAD_MM-AAD_original_ssl_2025-10-13-01-39-43/ssl_best_model.pt
SSL model saved with loss 0.174295
SSL Epoch  8 | SSL Loss: 0.170814
SSL model saved at epoch 8 with loss 0.170814 to ./exps/cross-subject/DARNet_SSL_FullDARNet/ssl_models_task1_AAD_MM-AAD_original_ssl_2025-10-13-01-39-43/ssl_best_model.pt
SSL model saved with loss 0.170814
SSL Epoch  9 | SSL Loss: 0.168102
SSL model saved at epoch 9 with loss 0.168102 to ./exps/cross-subject/DARNet_SSL_FullDARNet/ssl_models_task1_AAD_MM-AAD_original_ssl_2025-10-13-01-39-43/ssl_best_model.pt
SSL model saved with loss 0.168102
SSL Epoch 10 | SSL Loss: 0.166412
SSL model saved at epoch 10 with loss 0.166412 to ./exps/cross-subject/DARNet_SSL_FullDARNet/ssl_models_task1_AAD_MM-AAD_original_ssl_2025-10-13-01-39-43/ssl_best_model.pt
SSL model saved with loss 0.166412
SSL Epoch 11 | SSL Loss: 0.163843
SSL model saved at epoch 11 with loss 0.163843 to ./exps/cross-subject/DARNet_SSL_FullDARNet/ssl_models_task1_AAD_MM-AAD_original_ssl_2025-10-13-01-39-43/ssl_best_model.pt
SSL model saved with loss 0.163843
SSL Epoch 12 | SSL Loss: 0.162533
SSL model saved at epoch 12 with loss 0.162533 to ./exps/cross-subject/DARNet_SSL_FullDARNet/ssl_models_task1_AAD_MM-AAD_original_ssl_2025-10-13-01-39-43/ssl_best_model.pt
SSL model saved with loss 0.162533
SSL Epoch 13 | SSL Loss: 0.161040
SSL model saved at epoch 13 with loss 0.161040 to ./exps/cross-subject/DARNet_SSL_FullDARNet/ssl_models_task1_AAD_MM-AAD_original_ssl_2025-10-13-01-39-43/ssl_best_model.pt
SSL model saved with loss 0.161040
SSL Epoch 14 | SSL Loss: 0.159915
SSL model saved at epoch 14 with loss 0.159915 to ./exps/cross-subject/DARNet_SSL_FullDARNet/ssl_models_task1_AAD_MM-AAD_original_ssl_2025-10-13-01-39-43/ssl_best_model.pt
SSL model saved with loss 0.159915
SSL Epoch 15 | SSL Loss: 0.159433
SSL model saved at epoch 15 with loss 0.159433 to ./exps/cross-subject/DARNet_SSL_FullDARNet/ssl_models_task1_AAD_MM-AAD_original_ssl_2025-10-13-01-39-43/ssl_best_model.pt
SSL model saved with loss 0.159433
SSL Epoch 16 | SSL Loss: 0.157782
SSL model saved at epoch 16 with loss 0.157782 to ./exps/cross-subject/DARNet_SSL_FullDARNet/ssl_models_task1_AAD_MM-AAD_original_ssl_2025-10-13-01-39-43/ssl_best_model.pt
SSL model saved with loss 0.157782
SSL Epoch 17 | SSL Loss: 0.157193
SSL model saved at epoch 17 with loss 0.157193 to ./exps/cross-subject/DARNet_SSL_FullDARNet/ssl_models_task1_AAD_MM-AAD_original_ssl_2025-10-13-01-39-43/ssl_best_model.pt
SSL model saved with loss 0.157193
SSL Epoch 18 | SSL Loss: 0.156162
SSL model saved at epoch 18 with loss 0.156162 to ./exps/cross-subject/DARNet_SSL_FullDARNet/ssl_models_task1_AAD_MM-AAD_original_ssl_2025-10-13-01-39-43/ssl_best_model.pt
SSL model saved with loss 0.156162
SSL Epoch 19 | SSL Loss: 0.155648
SSL model saved at epoch 19 with loss 0.155648 to ./exps/cross-subject/DARNet_SSL_FullDARNet/ssl_models_task1_AAD_MM-AAD_original_ssl_2025-10-13-01-39-43/ssl_best_model.pt
SSL model saved with loss 0.155648
SSL Epoch 20 | SSL Loss: 0.155286
SSL model saved at epoch 20 with loss 0.155286 to ./exps/cross-subject/DARNet_SSL_FullDARNet/ssl_models_task1_AAD_MM-AAD_original_ssl_2025-10-13-01-39-43/ssl_best_model.pt
SSL model saved with loss 0.155286
SSL Epoch 21 | SSL Loss: 0.153953
SSL model saved at epoch 21 with loss 0.153953 to ./exps/cross-subject/DARNet_SSL_FullDARNet/ssl_models_task1_AAD_MM-AAD_original_ssl_2025-10-13-01-39-43/ssl_best_model.pt
SSL model saved with loss 0.153953
SSL Epoch 22 | SSL Loss: 0.154150
SSL Epoch 23 | SSL Loss: 0.153225
SSL model saved at epoch 23 with loss 0.153225 to ./exps/cross-subject/DARNet_SSL_FullDARNet/ssl_models_task1_AAD_MM-AAD_original_ssl_2025-10-13-01-39-43/ssl_best_model.pt
SSL model saved with loss 0.153225
SSL Epoch 24 | SSL Loss: 0.152673
SSL model saved at epoch 24 with loss 0.152673 to ./exps/cross-subject/DARNet_SSL_FullDARNet/ssl_models_task1_AAD_MM-AAD_original_ssl_2025-10-13-01-39-43/ssl_best_model.pt
SSL model saved with loss 0.152673
SSL Epoch 25 | SSL Loss: 0.152171
SSL model saved at epoch 25 with loss 0.152171 to ./exps/cross-subject/DARNet_SSL_FullDARNet/ssl_models_task1_AAD_MM-AAD_original_ssl_2025-10-13-01-39-43/ssl_best_model.pt
SSL model saved with loss 0.152171
SSL Epoch 26 | SSL Loss: 0.151988
SSL model saved at epoch 26 with loss 0.151988 to ./exps/cross-subject/DARNet_SSL_FullDARNet/ssl_models_task1_AAD_MM-AAD_original_ssl_2025-10-13-01-39-43/ssl_best_model.pt
SSL model saved with loss 0.151988
SSL Epoch 27 | SSL Loss: 0.151543
SSL model saved at epoch 27 with loss 0.151543 to ./exps/cross-subject/DARNet_SSL_FullDARNet/ssl_models_task1_AAD_MM-AAD_original_ssl_2025-10-13-01-39-43/ssl_best_model.pt
SSL model saved with loss 0.151543
SSL Epoch 28 | SSL Loss: 0.151376
SSL model saved at epoch 28 with loss 0.151376 to ./exps/cross-subject/DARNet_SSL_FullDARNet/ssl_models_task1_AAD_MM-AAD_original_ssl_2025-10-13-01-39-43/ssl_best_model.pt
SSL model saved with loss 0.151376
SSL Epoch 29 | SSL Loss: 0.150815
SSL model saved at epoch 29 with loss 0.150815 to ./exps/cross-subject/DARNet_SSL_FullDARNet/ssl_models_task1_AAD_MM-AAD_original_ssl_2025-10-13-01-39-43/ssl_best_model.pt
SSL model saved with loss 0.150815
SSL Epoch 30 | SSL Loss: 0.150178
SSL model saved at epoch 30 with loss 0.150178 to ./exps/cross-subject/DARNet_SSL_FullDARNet/ssl_models_task1_AAD_MM-AAD_original_ssl_2025-10-13-01-39-43/ssl_best_model.pt
SSL model saved with loss 0.150178
==================================================
SSL Pre-training completed. Best loss: 0.150178
==================================================
train_data_shape(164500, 32, 128),val_data_shape(32900, 32, 128)
🔄 Loading SSL pre-trained weights from: ./exps/cross-subject/DARNet_SSL_FullDARNet/ssl_models_task1_AAD_MM-AAD_original_ssl_2025-10-13-01-39-43/ssl_best_model.pt
📋 Available keys in SSL checkpoint: 67 total
  - token_embedding.embed_layer.0.weight: torch.Size([64, 1, 1, 8])
  - token_embedding.embed_layer.0.bias: torch.Size([64])
  - token_embedding.embed_layer.1.weight: torch.Size([64])
  - token_embedding.embed_layer.1.bias: torch.Size([64])
  - token_embedding.embed_layer.1.running_mean: torch.Size([64])
  - token_embedding.embed_layer.1.running_var: torch.Size([64])
  - token_embedding.embed_layer.1.num_batches_tracked: torch.Size([])
  - token_embedding.embed_layer2.0.weight: torch.Size([16, 64, 32, 1])
  - token_embedding.embed_layer2.0.bias: torch.Size([16])
  - token_embedding.embed_layer2.1.weight: torch.Size([16])
  - token_embedding.embed_layer2.1.bias: torch.Size([16])
  - token_embedding.embed_layer2.1.running_mean: torch.Size([16])
  - token_embedding.embed_layer2.1.running_var: torch.Size([16])
  - token_embedding.embed_layer2.1.num_batches_tracked: torch.Size([])
  - token_embedding.position_embedding.pe: torch.Size([1, 5000, 16])
  - ssl_decoder.feature_expand.0.weight: torch.Size([256, 8])
  - ssl_decoder.feature_expand.0.bias: torch.Size([256])
  - ssl_decoder.feature_expand.3.weight: torch.Size([512, 256])
  - ssl_decoder.feature_expand.3.bias: torch.Size([512])
  - ssl_decoder.feature_expand.6.weight: torch.Size([8192, 512])
  - ssl_decoder.feature_expand.6.bias: torch.Size([8192])
  - ssl_decoder.temporal_conv1.0.weight: torch.Size([128, 64, 3])
  - ssl_decoder.temporal_conv1.0.bias: torch.Size([128])
  - ssl_decoder.temporal_conv1.1.weight: torch.Size([128])
  - ssl_decoder.temporal_conv1.1.bias: torch.Size([128])
  - ssl_decoder.temporal_conv1.1.running_mean: torch.Size([128])
  - ssl_decoder.temporal_conv1.1.running_var: torch.Size([128])
  - ssl_decoder.temporal_conv1.1.num_batches_tracked: torch.Size([])
  - ssl_decoder.temporal_conv2.0.weight: torch.Size([64, 128, 3])
  - ssl_decoder.temporal_conv2.0.bias: torch.Size([64])
  - ssl_decoder.temporal_conv2.1.weight: torch.Size([64])
  - ssl_decoder.temporal_conv2.1.bias: torch.Size([64])
  - ssl_decoder.temporal_conv2.1.running_mean: torch.Size([64])
  - ssl_decoder.temporal_conv2.1.running_var: torch.Size([64])
  - ssl_decoder.temporal_conv2.1.num_batches_tracked: torch.Size([])
  - ssl_decoder.final_conv.weight: torch.Size([32, 64, 1])
  - ssl_decoder.final_conv.bias: torch.Size([32])
  - out.weight: torch.Size([2, 8])
  - out.bias: torch.Size([2])
  - stack1.attention.attention_layer.key.weight: torch.Size([16, 16])
  - stack1.attention.attention_layer.value.weight: torch.Size([16, 16])
  - stack1.attention.attention_layer.query.weight: torch.Size([16, 16])
  - stack1.attention.attention_layer.to_out.weight: torch.Size([16])
  - stack1.attention.attention_layer.to_out.bias: torch.Size([16])
  - stack1.conv_layer.downConv.weight: torch.Size([16, 16, 3])
  - stack1.conv_layer.downConv.bias: torch.Size([16])
  - stack1.conv_layer.norm.weight: torch.Size([16])
  - stack1.conv_layer.norm.bias: torch.Size([16])
  - stack1.conv_layer.norm.running_mean: torch.Size([16])
  - stack1.conv_layer.norm.running_var: torch.Size([16])
  - stack1.conv_layer.norm.num_batches_tracked: torch.Size([])
  - stack1.out.weight: torch.Size([4, 16])
  - stack1.out.bias: torch.Size([4])
  - stack2.attention.attention_layer.key.weight: torch.Size([16, 16])
  - stack2.attention.attention_layer.value.weight: torch.Size([16, 16])
  - stack2.attention.attention_layer.query.weight: torch.Size([16, 16])
  - stack2.attention.attention_layer.to_out.weight: torch.Size([16])
  - stack2.attention.attention_layer.to_out.bias: torch.Size([16])
  - stack2.conv_layer.downConv.weight: torch.Size([16, 16, 3])
  - stack2.conv_layer.downConv.bias: torch.Size([16])
  - stack2.conv_layer.norm.weight: torch.Size([16])
  - stack2.conv_layer.norm.bias: torch.Size([16])
  - stack2.conv_layer.norm.running_mean: torch.Size([16])
  - stack2.conv_layer.norm.running_var: torch.Size([16])
  - stack2.conv_layer.norm.num_batches_tracked: torch.Size([])
  - stack2.out.weight: torch.Size([4, 16])
  - stack2.out.bias: torch.Size([4])
🎯 SSL approach detected: full_darnet
  ✅ Loading: token_embedding.embed_layer.0.weight -> torch.Size([64, 1, 1, 8])
  ✅ Loading: token_embedding.embed_layer.0.bias -> torch.Size([64])
  ✅ Loading: token_embedding.embed_layer.1.weight -> torch.Size([64])
  ✅ Loading: token_embedding.embed_layer.1.bias -> torch.Size([64])
  ✅ Loading: token_embedding.embed_layer.1.running_mean -> torch.Size([64])
  ✅ Loading: token_embedding.embed_layer.1.running_var -> torch.Size([64])
  ✅ Loading: token_embedding.embed_layer.1.num_batches_tracked -> torch.Size([])
  ✅ Loading: token_embedding.embed_layer2.0.weight -> torch.Size([16, 64, 32, 1])
  ✅ Loading: token_embedding.embed_layer2.0.bias -> torch.Size([16])
  ✅ Loading: token_embedding.embed_layer2.1.weight -> torch.Size([16])
  ✅ Loading: token_embedding.embed_layer2.1.bias -> torch.Size([16])
  ✅ Loading: token_embedding.embed_layer2.1.running_mean -> torch.Size([16])
  ✅ Loading: token_embedding.embed_layer2.1.running_var -> torch.Size([16])
  ✅ Loading: token_embedding.embed_layer2.1.num_batches_tracked -> torch.Size([])
  ✅ Loading: token_embedding.position_embedding.pe -> torch.Size([1, 5000, 16])
  ❌ Skipping: ssl_decoder.feature_expand.0.weight (decoder component)
  ❌ Skipping: ssl_decoder.feature_expand.0.bias (decoder component)
  ❌ Skipping: ssl_decoder.feature_expand.3.weight (decoder component)
  ❌ Skipping: ssl_decoder.feature_expand.3.bias (decoder component)
  ❌ Skipping: ssl_decoder.feature_expand.6.weight (decoder component)
  ❌ Skipping: ssl_decoder.feature_expand.6.bias (decoder component)
  ❌ Skipping: ssl_decoder.temporal_conv1.0.weight (decoder component)
  ❌ Skipping: ssl_decoder.temporal_conv1.0.bias (decoder component)
  ❌ Skipping: ssl_decoder.temporal_conv1.1.weight (decoder component)
  ❌ Skipping: ssl_decoder.temporal_conv1.1.bias (decoder component)
  ❌ Skipping: ssl_decoder.temporal_conv1.1.running_mean (decoder component)
  ❌ Skipping: ssl_decoder.temporal_conv1.1.running_var (decoder component)
  ❌ Skipping: ssl_decoder.temporal_conv1.1.num_batches_tracked (decoder component)
  ❌ Skipping: ssl_decoder.temporal_conv2.0.weight (decoder component)
  ❌ Skipping: ssl_decoder.temporal_conv2.0.bias (decoder component)
  ❌ Skipping: ssl_decoder.temporal_conv2.1.weight (decoder component)
  ❌ Skipping: ssl_decoder.temporal_conv2.1.bias (decoder component)
  ❌ Skipping: ssl_decoder.temporal_conv2.1.running_mean (decoder component)
  ❌ Skipping: ssl_decoder.temporal_conv2.1.running_var (decoder component)
  ❌ Skipping: ssl_decoder.temporal_conv2.1.num_batches_tracked (decoder component)
  ❌ Skipping: ssl_decoder.final_conv.weight (decoder component)
  ❌ Skipping: ssl_decoder.final_conv.bias (decoder component)
  ❌ Skipping: out.weight (decoder component)
  ❌ Skipping: out.bias (decoder component)
  ✅ Loading: stack1.attention.attention_layer.key.weight -> torch.Size([16, 16])
  ✅ Loading: stack1.attention.attention_layer.value.weight -> torch.Size([16, 16])
  ✅ Loading: stack1.attention.attention_layer.query.weight -> torch.Size([16, 16])
  ✅ Loading: stack1.attention.attention_layer.to_out.weight -> torch.Size([16])
  ✅ Loading: stack1.attention.attention_layer.to_out.bias -> torch.Size([16])
  ✅ Loading: stack1.conv_layer.downConv.weight -> torch.Size([16, 16, 3])
  ✅ Loading: stack1.conv_layer.downConv.bias -> torch.Size([16])
  ✅ Loading: stack1.conv_layer.norm.weight -> torch.Size([16])
  ✅ Loading: stack1.conv_layer.norm.bias -> torch.Size([16])
  ✅ Loading: stack1.conv_layer.norm.running_mean -> torch.Size([16])
  ✅ Loading: stack1.conv_layer.norm.running_var -> torch.Size([16])
  ✅ Loading: stack1.conv_layer.norm.num_batches_tracked -> torch.Size([])
  ✅ Loading: stack1.out.weight -> torch.Size([4, 16])
  ✅ Loading: stack1.out.bias -> torch.Size([4])
  ✅ Loading: stack2.attention.attention_layer.key.weight -> torch.Size([16, 16])
  ✅ Loading: stack2.attention.attention_layer.value.weight -> torch.Size([16, 16])
  ✅ Loading: stack2.attention.attention_layer.query.weight -> torch.Size([16, 16])
  ✅ Loading: stack2.attention.attention_layer.to_out.weight -> torch.Size([16])
  ✅ Loading: stack2.attention.attention_layer.to_out.bias -> torch.Size([16])
  ✅ Loading: stack2.conv_layer.downConv.weight -> torch.Size([16, 16, 3])
  ✅ Loading: stack2.conv_layer.downConv.bias -> torch.Size([16])
  ✅ Loading: stack2.conv_layer.norm.weight -> torch.Size([16])
  ✅ Loading: stack2.conv_layer.norm.bias -> torch.Size([16])
  ✅ Loading: stack2.conv_layer.norm.running_mean -> torch.Size([16])
  ✅ Loading: stack2.conv_layer.norm.running_var -> torch.Size([16])
  ✅ Loading: stack2.conv_layer.norm.num_batches_tracked -> torch.Size([])
  ✅ Loading: stack2.out.weight -> torch.Size([4, 16])
  ✅ Loading: stack2.out.bias -> torch.Size([4])
🔧 Loading 43 encoder components into fine-tuning model...
⚠️  Missing keys (newly initialized): ['ssl_decoder.feature_expand.0.weight', 'ssl_decoder.feature_expand.0.bias', 'ssl_decoder.feature_expand.3.weight', 'ssl_decoder.feature_expand.3.bias', 'ssl_decoder.feature_expand.6.weight', 'ssl_decoder.feature_expand.6.bias', 'ssl_decoder.temporal_conv1.0.weight', 'ssl_decoder.temporal_conv1.0.bias', 'ssl_decoder.temporal_conv1.1.weight', 'ssl_decoder.temporal_conv1.1.bias', 'ssl_decoder.temporal_conv1.1.running_mean', 'ssl_decoder.temporal_conv1.1.running_var', 'ssl_decoder.temporal_conv2.0.weight', 'ssl_decoder.temporal_conv2.0.bias', 'ssl_decoder.temporal_conv2.1.weight', 'ssl_decoder.temporal_conv2.1.bias', 'ssl_decoder.temporal_conv2.1.running_mean', 'ssl_decoder.temporal_conv2.1.running_var', 'ssl_decoder.final_conv.weight', 'ssl_decoder.final_conv.bias', 'out.weight', 'out.bias']
✅ Successfully loaded SSL pre-trained weights!
🎯 SSL decoder removed, feature classifier ready for fine-tuning
==================================================
Starting Fine-tuning
==================================================
=================================================================
Layer (type:depth-idx)                   Param #
=================================================================
DARNet                                   --
├─TokenEmbeddingOriginal: 1-1            --
│    └─Sequential: 2-1                   --
│    │    └─Conv2d: 3-1                  576
│    │    └─BatchNorm2d: 3-2             128
│    │    └─GELU: 3-3                    --
│    └─Sequential: 2-2                   --
│    │    └─Conv2d: 3-4                  32,784
│    │    └─BatchNorm2d: 3-5             32
│    │    └─GELU: 3-6                    --
│    └─PositionalEmbedding: 2-3          --
├─EEGFullDARNetDecoder: 1-2              --
│    └─Sequential: 2-4                   --
│    │    └─Linear: 3-7                  2,304
│    │    └─ReLU: 3-8                    --
│    │    └─Dropout: 3-9                 --
│    │    └─Linear: 3-10                 131,584
│    │    └─ReLU: 3-11                   --
│    │    └─Dropout: 3-12                --
│    │    └─Linear: 3-13                 4,202,496
│    └─Sequential: 2-5                   --
│    │    └─Conv1d: 3-14                 24,704
│    │    └─BatchNorm1d: 3-15            256
│    │    └─ReLU: 3-16                   --
│    │    └─Dropout: 3-17                --
│    └─Sequential: 2-6                   --
│    │    └─Conv1d: 3-18                 24,640
│    │    └─BatchNorm1d: 3-19            128
│    │    └─ReLU: 3-20                   --
│    │    └─Dropout: 3-21                --
│    └─Conv1d: 2-7                       2,080
├─Flatten: 1-3                           --
├─Linear: 1-4                            18
├─AttnRefine: 1-5                        --
│    └─MyAttention: 2-8                  --
│    │    └─Attention: 3-22              800
│    └─Refine: 2-9                       --
│    │    └─Conv1d: 3-23                 784
│    │    └─BatchNorm1d: 3-24            32
│    │    └─ELU: 3-25                    --
│    │    └─MaxPool1d: 3-26              --
│    └─AdaptiveAvgPool1d: 2-10           --
│    └─Linear: 2-11                      68
│    └─Flatten: 2-12                     --
├─AttnRefine: 1-6                        --
│    └─MyAttention: 2-13                 --
│    │    └─Attention: 3-27              800
│    └─Refine: 2-14                      --
│    │    └─Conv1d: 3-28                 784
│    │    └─BatchNorm1d: 3-29            32
│    │    └─ELU: 3-30                    --
│    │    └─MaxPool1d: 3-31              --
│    └─AdaptiveAvgPool1d: 2-15           --
│    └─Linear: 2-16                      68
│    └─Flatten: 2-17                     --
=================================================================
Total params: 4,425,098
Trainable params: 4,425,098
Non-trainable params: 0
=================================================================
TestSub: S[1, 2, 3, 4, 5] Epoch  1 Finsh | Now_lr 0.0005/0.0005|Train Loss 0.5416 | Valid Loss 1.7306 | Train Acc 68.2825| Valid Acc 50.1398
Validation acc increase (0.000000 --> 50.139835) in epoch (1).  Saving model ...
TestSub: S[1, 2, 3, 4, 5] Epoch  2 Finsh | Now_lr 0.0005/0.0005|Train Loss 0.3150 | Valid Loss 2.4075 | Train Acc 85.0158| Valid Acc 47.4678
TestSub: S[1, 2, 3, 4, 5] Epoch  3 Finsh | Now_lr 0.0005/0.0005|Train Loss 0.2225 | Valid Loss 2.7272 | Train Acc 90.2681| Valid Acc 47.0331
TestSub: S[1, 2, 3, 4, 5] Epoch  4 Finsh | Now_lr 0.0005/0.0005|Train Loss 0.1698 | Valid Loss 3.1081 | Train Acc 92.9973| Valid Acc 46.1181
TestSub: S[1, 2, 3, 4, 5] Epoch  5 Finsh | Now_lr 0.0005/0.0005|Train Loss 0.1388 | Valid Loss 3.1644 | Train Acc 94.5045| Valid Acc 46.7321
TestSub: S[1, 2, 3, 4, 5] Epoch  6 Finsh | Now_lr 0.0005/0.0005|Train Loss 0.1119 | Valid Loss 3.4703 | Train Acc 95.7460| Valid Acc 46.9419
TestSub: S[1, 2, 3, 4, 5] Epoch  7 Finsh | Now_lr 0.0005/0.0005|Train Loss 0.0964 | Valid Loss 3.5384 | Train Acc 96.4324| Valid Acc 46.5710
TestSub: S[1, 2, 3, 4, 5] Epoch  8 Finsh | Now_lr 0.0005/0.0005|Train Loss 0.0833 | Valid Loss 3.6193 | Train Acc 96.8951| Valid Acc 46.8264
TestSub: S[1, 2, 3, 4, 5] Epoch  9 Finsh | Now_lr 0.0005/0.0005|Train Loss 0.0716 | Valid Loss 3.7781 | Train Acc 97.4021| Valid Acc 46.7625
TestSub: S[1, 2, 3, 4, 5] Epoch 10 Finsh | Now_lr 0.0005/0.0005|Train Loss 0.0646 | Valid Loss 3.8258 | Train Acc 97.6082| Valid Acc 46.2549
TestSub: S[1, 2, 3, 4, 5] Epoch 11 Finsh | Now_lr 0.0005/0.0005|Train Loss 0.0581 | Valid Loss 4.1350 | Train Acc 97.8897| Valid Acc 46.1363
TestSub: S[1, 2, 3, 4, 5] Epoch 12 Finsh | Now_lr 0.0005/0.0005|Train Loss 0.0533 | Valid Loss 4.0985 | Train Acc 98.0399| Valid Acc 45.3794
TestSub: S[1, 2, 3, 4, 5] Epoch 13 Finsh | Now_lr 0.0005/0.0005|Train Loss 0.0496 | Valid Loss 4.1559 | Train Acc 98.2332| Valid Acc 46.4616
TestSub: S[1, 2, 3, 4, 5] Epoch 14 Finsh | Now_lr 0.0005/0.0005|Train Loss 0.0463 | Valid Loss 4.1147 | Train Acc 98.3439| Valid Acc 46.0208
TestSub: S[1, 2, 3, 4, 5] Epoch 15 Finsh | Now_lr 0.0005/0.0005|Train Loss 0.0428 | Valid Loss 4.2109 | Train Acc 98.4424| Valid Acc 46.2457
TestSub: S[1, 2, 3, 4, 5] Epoch 16 Finsh | Now_lr 0.0005/0.0005|Train Loss 0.0407 | Valid Loss 4.2907 | Train Acc 98.5086| Valid Acc 47.6654
TestSub: S[1, 2, 3, 4, 5] Epoch 17 Finsh | Now_lr 0.0005/0.0005|Train Loss 0.0380 | Valid Loss 4.3773 | Train Acc 98.6466| Valid Acc 47.1790
TestSub: S[1, 2, 3, 4, 5] Epoch 18 Finsh | Now_lr 0.0005/0.0005|Train Loss 0.0350 | Valid Loss 4.4498 | Train Acc 98.7652| Valid Acc 46.3552
TestSub: S[1, 2, 3, 4, 5] Epoch 19 Finsh | Now_lr 0.0005/0.0005|Train Loss 0.0334 | Valid Loss 4.5069 | Train Acc 98.8461| Valid Acc 46.3309
TestSub: S[1, 2, 3, 4, 5] Epoch 20 Finsh | Now_lr 0.0005/0.0005|Train Loss 0.0331 | Valid Loss 4.3445 | Train Acc 98.8260| Valid Acc 46.8689
TestSub: S[1, 2, 3, 4, 5] Epoch 21 Finsh | Now_lr 0.0005/0.0005|Train Loss 0.0307 | Valid Loss 4.4742 | Train Acc 98.9257| Valid Acc 46.4069
TestSub: S[1, 2, 3, 4, 5] Epoch 22 Finsh | Now_lr 0.0005/0.0005|Train Loss 0.0289 | Valid Loss 4.2905 | Train Acc 98.9604| Valid Acc 49.0272
TestSub: S[1, 2, 3, 4, 5] Epoch 23 Finsh | Now_lr 0.0005/0.0005|Train Loss 0.0292 | Valid Loss 4.3658 | Train Acc 98.9908| Valid Acc 47.3067
TestSub: S[1, 2, 3, 4, 5] Epoch 24 Finsh | Now_lr 0.0005/0.0005|Train Loss 0.0267 | Valid Loss 4.4643 | Train Acc 99.0485| Valid Acc 47.0179
TestSub: S[1, 2, 3, 4, 5] Epoch 25 Finsh | Now_lr 0.0005/0.0005|Train Loss 0.0260 | Valid Loss 4.4942 | Train Acc 99.1148| Valid Acc 46.7990
TestSub: S[1, 2, 3, 4, 5] Epoch 26 Finsh | Now_lr 0.0005/0.0005|Train Loss 0.0253 | Valid Loss 4.5275 | Train Acc 99.1324| Valid Acc 46.9540
TestSub: S[1, 2, 3, 4, 5] Epoch 27 Finsh | Now_lr 0.0005/0.0005|Train Loss 0.0251 | Valid Loss 4.4644 | Train Acc 99.1336| Valid Acc 47.8326
TestSub: S[1, 2, 3, 4, 5] Epoch 28 Finsh | Now_lr 0.0005/0.0005|Train Loss 0.0247 | Valid Loss 4.4675 | Train Acc 99.1251| Valid Acc 47.5863
TestSub: S[1, 2, 3, 4, 5] Epoch 29 Finsh | Now_lr 0.0005/0.0005|Train Loss 0.0217 | Valid Loss 4.7787 | Train Acc 99.2577| Valid Acc 46.8507
TestSub: S[1, 2, 3, 4, 5] Epoch 30 Finsh | Now_lr 0.0005/0.0005|Train Loss 0.0219 | Valid Loss 4.5989 | Train Acc 99.2352| Valid Acc 47.7474
TestSub: S[1, 2, 3, 4, 5] Epoch 31 Finsh | Now_lr 0.0005/0.0005|Train Loss 0.0211 | Valid Loss 4.5166 | Train Acc 99.2668| Valid Acc 48.0332
Early stopping triggered after 31 epochs (30 epochs without improvement)
--------------------------------------------------
Test_Subject :S[1, 2, 3, 4, 5] |Best epoch:1 | Test Loss:1.7306 | Best Acc 50.1398 | Savemodel Acc 50.1398
--------------------------------------------------

========== Fold 2 ==========
Train IDs: [1, 2, 3, 4, 5, 11, 12, 13, 14, 15, 16, 17, 18, 19, 20, 21, 22, 23, 24, 25, 26, 27, 28, 29, 30]
Val IDs:   [6, 7, 8, 9, 10]
================================================================================
SSL PRE-TRAINING PHASE
================================================================================
Loading SSL data for subjects: [1, 2, 3, 4, 5, 11, 12, 13, 14, 15, 16, 17, 18, 19, 20, 21, 22, 23, 24, 25, 26, 27, 28, 29, 30]
Loaded subject S1: (6580, 32, 128)
Loaded subject S2: (6580, 32, 128)
Loaded subject S3: (6580, 32, 128)
Loaded subject S4: (6580, 32, 128)
Loaded subject S5: (6580, 32, 128)
Loaded subject S11: (6580, 32, 128)
Loaded subject S12: (6580, 32, 128)
Loaded subject S13: (6580, 32, 128)
Loaded subject S14: (6580, 32, 128)
Loaded subject S15: (6580, 32, 128)
Loaded subject S16: (6580, 32, 128)
Loaded subject S17: (6580, 32, 128)
Loaded subject S18: (6580, 32, 128)
Loaded subject S19: (6580, 32, 128)
Loaded subject S20: (6580, 32, 128)
Loaded subject S21: (6580, 32, 128)
Loaded subject S22: (6580, 32, 128)
Loaded subject S23: (6580, 32, 128)
Loaded subject S24: (6580, 32, 128)
Loaded subject S25: (6580, 32, 128)
Loaded subject S26: (6580, 32, 128)
Loaded subject S27: (6580, 32, 128)
Loaded subject S28: (6580, 32, 128)
Loaded subject S29: (6580, 32, 128)
Loaded subject S30: (6580, 32, 128)
Total SSL data shape: (164500, 32, 128)
🏗️  SSL Model Architecture:
   - SSL Enabled: True
   - SSL Approach: full_darnet
   - Training Mode: ssl
   - Decoder Type: EEGFullDARNetDecoder
   - Encoder parameters: 36,888
   - Decoder parameters: 4,388,192
   - Total parameters: 4,425,098
   - Decoder/Total ratio: 99.2%
==================================================
Starting SSL Pre-training
==================================================
=================================================================
Layer (type:depth-idx)                   Param #
=================================================================
DARNet                                   --
├─TokenEmbeddingOriginal: 1-1            --
│    └─Sequential: 2-1                   --
│    │    └─Conv2d: 3-1                  576
│    │    └─BatchNorm2d: 3-2             128
│    │    └─GELU: 3-3                    --
│    └─Sequential: 2-2                   --
│    │    └─Conv2d: 3-4                  32,784
│    │    └─BatchNorm2d: 3-5             32
│    │    └─GELU: 3-6                    --
│    └─PositionalEmbedding: 2-3          --
├─EEGFullDARNetDecoder: 1-2              --
│    └─Sequential: 2-4                   --
│    │    └─Linear: 3-7                  2,304
│    │    └─ReLU: 3-8                    --
│    │    └─Dropout: 3-9                 --
│    │    └─Linear: 3-10                 131,584
│    │    └─ReLU: 3-11                   --
│    │    └─Dropout: 3-12                --
│    │    └─Linear: 3-13                 4,202,496
│    └─Sequential: 2-5                   --
│    │    └─Conv1d: 3-14                 24,704
│    │    └─BatchNorm1d: 3-15            256
│    │    └─ReLU: 3-16                   --
│    │    └─Dropout: 3-17                --
│    └─Sequential: 2-6                   --
│    │    └─Conv1d: 3-18                 24,640
│    │    └─BatchNorm1d: 3-19            128
│    │    └─ReLU: 3-20                   --
│    │    └─Dropout: 3-21                --
│    └─Conv1d: 2-7                       2,080
├─Flatten: 1-3                           --
├─Linear: 1-4                            18
├─AttnRefine: 1-5                        --
│    └─MyAttention: 2-8                  --
│    │    └─Attention: 3-22              800
│    └─Refine: 2-9                       --
│    │    └─Conv1d: 3-23                 784
│    │    └─BatchNorm1d: 3-24            32
│    │    └─ELU: 3-25                    --
│    │    └─MaxPool1d: 3-26              --
│    └─AdaptiveAvgPool1d: 2-10           --
│    └─Linear: 2-11                      68
│    └─Flatten: 2-12                     --
├─AttnRefine: 1-6                        --
│    └─MyAttention: 2-13                 --
│    │    └─Attention: 3-27              800
│    └─Refine: 2-14                      --
│    │    └─Conv1d: 3-28                 784
│    │    └─BatchNorm1d: 3-29            32
│    │    └─ELU: 3-30                    --
│    │    └─MaxPool1d: 3-31              --
│    └─AdaptiveAvgPool1d: 2-15           --
│    └─Linear: 2-16                      68
│    └─Flatten: 2-17                     --
=================================================================
Total params: 4,425,098
Trainable params: 4,425,098
Non-trainable params: 0
=================================================================
SSL Epoch  1 | SSL Loss: 0.357976
SSL model saved at epoch 1 with loss 0.357976 to ./exps/cross-subject/DARNet_SSL_FullDARNet/ssl_models_task1_AAD_MM-AAD_original_ssl_2025-10-13-01-39-43/ssl_best_model.pt
SSL model saved with loss 0.357976
SSL Epoch  2 | SSL Loss: 0.255958
SSL model saved at epoch 2 with loss 0.255958 to ./exps/cross-subject/DARNet_SSL_FullDARNet/ssl_models_task1_AAD_MM-AAD_original_ssl_2025-10-13-01-39-43/ssl_best_model.pt
SSL model saved with loss 0.255958
SSL Epoch  3 | SSL Loss: 0.217718
SSL model saved at epoch 3 with loss 0.217718 to ./exps/cross-subject/DARNet_SSL_FullDARNet/ssl_models_task1_AAD_MM-AAD_original_ssl_2025-10-13-01-39-43/ssl_best_model.pt
SSL model saved with loss 0.217718
SSL Epoch  4 | SSL Loss: 0.198356
SSL model saved at epoch 4 with loss 0.198356 to ./exps/cross-subject/DARNet_SSL_FullDARNet/ssl_models_task1_AAD_MM-AAD_original_ssl_2025-10-13-01-39-43/ssl_best_model.pt
SSL model saved with loss 0.198356
SSL Epoch  5 | SSL Loss: 0.187042
SSL model saved at epoch 5 with loss 0.187042 to ./exps/cross-subject/DARNet_SSL_FullDARNet/ssl_models_task1_AAD_MM-AAD_original_ssl_2025-10-13-01-39-43/ssl_best_model.pt
SSL model saved with loss 0.187042
SSL Epoch  6 | SSL Loss: 0.179571
SSL model saved at epoch 6 with loss 0.179571 to ./exps/cross-subject/DARNet_SSL_FullDARNet/ssl_models_task1_AAD_MM-AAD_original_ssl_2025-10-13-01-39-43/ssl_best_model.pt
SSL model saved with loss 0.179571
SSL Epoch  7 | SSL Loss: 0.173957
SSL model saved at epoch 7 with loss 0.173957 to ./exps/cross-subject/DARNet_SSL_FullDARNet/ssl_models_task1_AAD_MM-AAD_original_ssl_2025-10-13-01-39-43/ssl_best_model.pt
SSL model saved with loss 0.173957
SSL Epoch  8 | SSL Loss: 0.170016
SSL model saved at epoch 8 with loss 0.170016 to ./exps/cross-subject/DARNet_SSL_FullDARNet/ssl_models_task1_AAD_MM-AAD_original_ssl_2025-10-13-01-39-43/ssl_best_model.pt
SSL model saved with loss 0.170016
SSL Epoch  9 | SSL Loss: 0.166788
SSL model saved at epoch 9 with loss 0.166788 to ./exps/cross-subject/DARNet_SSL_FullDARNet/ssl_models_task1_AAD_MM-AAD_original_ssl_2025-10-13-01-39-43/ssl_best_model.pt
SSL model saved with loss 0.166788
SSL Epoch 10 | SSL Loss: 0.164341
SSL model saved at epoch 10 with loss 0.164341 to ./exps/cross-subject/DARNet_SSL_FullDARNet/ssl_models_task1_AAD_MM-AAD_original_ssl_2025-10-13-01-39-43/ssl_best_model.pt
SSL model saved with loss 0.164341
SSL Epoch 11 | SSL Loss: 0.161959
SSL model saved at epoch 11 with loss 0.161959 to ./exps/cross-subject/DARNet_SSL_FullDARNet/ssl_models_task1_AAD_MM-AAD_original_ssl_2025-10-13-01-39-43/ssl_best_model.pt
SSL model saved with loss 0.161959
SSL Epoch 12 | SSL Loss: 0.160634
SSL model saved at epoch 12 with loss 0.160634 to ./exps/cross-subject/DARNet_SSL_FullDARNet/ssl_models_task1_AAD_MM-AAD_original_ssl_2025-10-13-01-39-43/ssl_best_model.pt
SSL model saved with loss 0.160634
SSL Epoch 13 | SSL Loss: 0.159037
SSL model saved at epoch 13 with loss 0.159037 to ./exps/cross-subject/DARNet_SSL_FullDARNet/ssl_models_task1_AAD_MM-AAD_original_ssl_2025-10-13-01-39-43/ssl_best_model.pt
SSL model saved with loss 0.159037
SSL Epoch 14 | SSL Loss: 0.157846
SSL model saved at epoch 14 with loss 0.157846 to ./exps/cross-subject/DARNet_SSL_FullDARNet/ssl_models_task1_AAD_MM-AAD_original_ssl_2025-10-13-01-39-43/ssl_best_model.pt
SSL model saved with loss 0.157846
SSL Epoch 15 | SSL Loss: 0.156800
SSL model saved at epoch 15 with loss 0.156800 to ./exps/cross-subject/DARNet_SSL_FullDARNet/ssl_models_task1_AAD_MM-AAD_original_ssl_2025-10-13-01-39-43/ssl_best_model.pt
SSL model saved with loss 0.156800
SSL Epoch 16 | SSL Loss: 0.155524
SSL model saved at epoch 16 with loss 0.155524 to ./exps/cross-subject/DARNet_SSL_FullDARNet/ssl_models_task1_AAD_MM-AAD_original_ssl_2025-10-13-01-39-43/ssl_best_model.pt
SSL model saved with loss 0.155524
SSL Epoch 17 | SSL Loss: 0.154806
SSL model saved at epoch 17 with loss 0.154806 to ./exps/cross-subject/DARNet_SSL_FullDARNet/ssl_models_task1_AAD_MM-AAD_original_ssl_2025-10-13-01-39-43/ssl_best_model.pt
SSL model saved with loss 0.154806
SSL Epoch 18 | SSL Loss: 0.154067
SSL model saved at epoch 18 with loss 0.154067 to ./exps/cross-subject/DARNet_SSL_FullDARNet/ssl_models_task1_AAD_MM-AAD_original_ssl_2025-10-13-01-39-43/ssl_best_model.pt
SSL model saved with loss 0.154067
SSL Epoch 19 | SSL Loss: 0.153296
SSL model saved at epoch 19 with loss 0.153296 to ./exps/cross-subject/DARNet_SSL_FullDARNet/ssl_models_task1_AAD_MM-AAD_original_ssl_2025-10-13-01-39-43/ssl_best_model.pt
SSL model saved with loss 0.153296
SSL Epoch 20 | SSL Loss: 0.152816
SSL model saved at epoch 20 with loss 0.152816 to ./exps/cross-subject/DARNet_SSL_FullDARNet/ssl_models_task1_AAD_MM-AAD_original_ssl_2025-10-13-01-39-43/ssl_best_model.pt
SSL model saved with loss 0.152816
SSL Epoch 21 | SSL Loss: 0.151841
SSL model saved at epoch 21 with loss 0.151841 to ./exps/cross-subject/DARNet_SSL_FullDARNet/ssl_models_task1_AAD_MM-AAD_original_ssl_2025-10-13-01-39-43/ssl_best_model.pt
SSL model saved with loss 0.151841
SSL Epoch 22 | SSL Loss: 0.151531
SSL model saved at epoch 22 with loss 0.151531 to ./exps/cross-subject/DARNet_SSL_FullDARNet/ssl_models_task1_AAD_MM-AAD_original_ssl_2025-10-13-01-39-43/ssl_best_model.pt
SSL model saved with loss 0.151531
SSL Epoch 23 | SSL Loss: 0.150910
SSL model saved at epoch 23 with loss 0.150910 to ./exps/cross-subject/DARNet_SSL_FullDARNet/ssl_models_task1_AAD_MM-AAD_original_ssl_2025-10-13-01-39-43/ssl_best_model.pt
SSL model saved with loss 0.150910
SSL Epoch 24 | SSL Loss: 0.150311
SSL model saved at epoch 24 with loss 0.150311 to ./exps/cross-subject/DARNet_SSL_FullDARNet/ssl_models_task1_AAD_MM-AAD_original_ssl_2025-10-13-01-39-43/ssl_best_model.pt
SSL model saved with loss 0.150311
SSL Epoch 25 | SSL Loss: 0.150008
SSL model saved at epoch 25 with loss 0.150008 to ./exps/cross-subject/DARNet_SSL_FullDARNet/ssl_models_task1_AAD_MM-AAD_original_ssl_2025-10-13-01-39-43/ssl_best_model.pt
SSL model saved with loss 0.150008
SSL Epoch 26 | SSL Loss: 0.149239
SSL model saved at epoch 26 with loss 0.149239 to ./exps/cross-subject/DARNet_SSL_FullDARNet/ssl_models_task1_AAD_MM-AAD_original_ssl_2025-10-13-01-39-43/ssl_best_model.pt
SSL model saved with loss 0.149239
SSL Epoch 27 | SSL Loss: 0.149661
SSL Epoch 28 | SSL Loss: 0.149159
SSL model saved at epoch 28 with loss 0.149159 to ./exps/cross-subject/DARNet_SSL_FullDARNet/ssl_models_task1_AAD_MM-AAD_original_ssl_2025-10-13-01-39-43/ssl_best_model.pt
SSL model saved with loss 0.149159
SSL Epoch 29 | SSL Loss: 0.148512
SSL model saved at epoch 29 with loss 0.148512 to ./exps/cross-subject/DARNet_SSL_FullDARNet/ssl_models_task1_AAD_MM-AAD_original_ssl_2025-10-13-01-39-43/ssl_best_model.pt
SSL model saved with loss 0.148512
SSL Epoch 30 | SSL Loss: 0.147873
SSL model saved at epoch 30 with loss 0.147873 to ./exps/cross-subject/DARNet_SSL_FullDARNet/ssl_models_task1_AAD_MM-AAD_original_ssl_2025-10-13-01-39-43/ssl_best_model.pt
SSL model saved with loss 0.147873
==================================================
SSL Pre-training completed. Best loss: 0.147873
==================================================
train_data_shape(164500, 32, 128),val_data_shape(32900, 32, 128)
🔄 Loading SSL pre-trained weights from: ./exps/cross-subject/DARNet_SSL_FullDARNet/ssl_models_task1_AAD_MM-AAD_original_ssl_2025-10-13-01-39-43/ssl_best_model.pt
📋 Available keys in SSL checkpoint: 67 total
  - token_embedding.embed_layer.0.weight: torch.Size([64, 1, 1, 8])
  - token_embedding.embed_layer.0.bias: torch.Size([64])
  - token_embedding.embed_layer.1.weight: torch.Size([64])
  - token_embedding.embed_layer.1.bias: torch.Size([64])
  - token_embedding.embed_layer.1.running_mean: torch.Size([64])
  - token_embedding.embed_layer.1.running_var: torch.Size([64])
  - token_embedding.embed_layer.1.num_batches_tracked: torch.Size([])
  - token_embedding.embed_layer2.0.weight: torch.Size([16, 64, 32, 1])
  - token_embedding.embed_layer2.0.bias: torch.Size([16])
  - token_embedding.embed_layer2.1.weight: torch.Size([16])
  - token_embedding.embed_layer2.1.bias: torch.Size([16])
  - token_embedding.embed_layer2.1.running_mean: torch.Size([16])
  - token_embedding.embed_layer2.1.running_var: torch.Size([16])
  - token_embedding.embed_layer2.1.num_batches_tracked: torch.Size([])
  - token_embedding.position_embedding.pe: torch.Size([1, 5000, 16])
  - ssl_decoder.feature_expand.0.weight: torch.Size([256, 8])
  - ssl_decoder.feature_expand.0.bias: torch.Size([256])
  - ssl_decoder.feature_expand.3.weight: torch.Size([512, 256])
  - ssl_decoder.feature_expand.3.bias: torch.Size([512])
  - ssl_decoder.feature_expand.6.weight: torch.Size([8192, 512])
  - ssl_decoder.feature_expand.6.bias: torch.Size([8192])
  - ssl_decoder.temporal_conv1.0.weight: torch.Size([128, 64, 3])
  - ssl_decoder.temporal_conv1.0.bias: torch.Size([128])
  - ssl_decoder.temporal_conv1.1.weight: torch.Size([128])
  - ssl_decoder.temporal_conv1.1.bias: torch.Size([128])
  - ssl_decoder.temporal_conv1.1.running_mean: torch.Size([128])
  - ssl_decoder.temporal_conv1.1.running_var: torch.Size([128])
  - ssl_decoder.temporal_conv1.1.num_batches_tracked: torch.Size([])
  - ssl_decoder.temporal_conv2.0.weight: torch.Size([64, 128, 3])
  - ssl_decoder.temporal_conv2.0.bias: torch.Size([64])
  - ssl_decoder.temporal_conv2.1.weight: torch.Size([64])
  - ssl_decoder.temporal_conv2.1.bias: torch.Size([64])
  - ssl_decoder.temporal_conv2.1.running_mean: torch.Size([64])
  - ssl_decoder.temporal_conv2.1.running_var: torch.Size([64])
  - ssl_decoder.temporal_conv2.1.num_batches_tracked: torch.Size([])
  - ssl_decoder.final_conv.weight: torch.Size([32, 64, 1])
  - ssl_decoder.final_conv.bias: torch.Size([32])
  - out.weight: torch.Size([2, 8])
  - out.bias: torch.Size([2])
  - stack1.attention.attention_layer.key.weight: torch.Size([16, 16])
  - stack1.attention.attention_layer.value.weight: torch.Size([16, 16])
  - stack1.attention.attention_layer.query.weight: torch.Size([16, 16])
  - stack1.attention.attention_layer.to_out.weight: torch.Size([16])
  - stack1.attention.attention_layer.to_out.bias: torch.Size([16])
  - stack1.conv_layer.downConv.weight: torch.Size([16, 16, 3])
  - stack1.conv_layer.downConv.bias: torch.Size([16])
  - stack1.conv_layer.norm.weight: torch.Size([16])
  - stack1.conv_layer.norm.bias: torch.Size([16])
  - stack1.conv_layer.norm.running_mean: torch.Size([16])
  - stack1.conv_layer.norm.running_var: torch.Size([16])
  - stack1.conv_layer.norm.num_batches_tracked: torch.Size([])
  - stack1.out.weight: torch.Size([4, 16])
  - stack1.out.bias: torch.Size([4])
  - stack2.attention.attention_layer.key.weight: torch.Size([16, 16])
  - stack2.attention.attention_layer.value.weight: torch.Size([16, 16])
  - stack2.attention.attention_layer.query.weight: torch.Size([16, 16])
  - stack2.attention.attention_layer.to_out.weight: torch.Size([16])
  - stack2.attention.attention_layer.to_out.bias: torch.Size([16])
  - stack2.conv_layer.downConv.weight: torch.Size([16, 16, 3])
  - stack2.conv_layer.downConv.bias: torch.Size([16])
  - stack2.conv_layer.norm.weight: torch.Size([16])
  - stack2.conv_layer.norm.bias: torch.Size([16])
  - stack2.conv_layer.norm.running_mean: torch.Size([16])
  - stack2.conv_layer.norm.running_var: torch.Size([16])
  - stack2.conv_layer.norm.num_batches_tracked: torch.Size([])
  - stack2.out.weight: torch.Size([4, 16])
  - stack2.out.bias: torch.Size([4])
🎯 SSL approach detected: full_darnet
  ✅ Loading: token_embedding.embed_layer.0.weight -> torch.Size([64, 1, 1, 8])
  ✅ Loading: token_embedding.embed_layer.0.bias -> torch.Size([64])
  ✅ Loading: token_embedding.embed_layer.1.weight -> torch.Size([64])
  ✅ Loading: token_embedding.embed_layer.1.bias -> torch.Size([64])
  ✅ Loading: token_embedding.embed_layer.1.running_mean -> torch.Size([64])
  ✅ Loading: token_embedding.embed_layer.1.running_var -> torch.Size([64])
  ✅ Loading: token_embedding.embed_layer.1.num_batches_tracked -> torch.Size([])
  ✅ Loading: token_embedding.embed_layer2.0.weight -> torch.Size([16, 64, 32, 1])
  ✅ Loading: token_embedding.embed_layer2.0.bias -> torch.Size([16])
  ✅ Loading: token_embedding.embed_layer2.1.weight -> torch.Size([16])
  ✅ Loading: token_embedding.embed_layer2.1.bias -> torch.Size([16])
  ✅ Loading: token_embedding.embed_layer2.1.running_mean -> torch.Size([16])
  ✅ Loading: token_embedding.embed_layer2.1.running_var -> torch.Size([16])
  ✅ Loading: token_embedding.embed_layer2.1.num_batches_tracked -> torch.Size([])
  ✅ Loading: token_embedding.position_embedding.pe -> torch.Size([1, 5000, 16])
  ❌ Skipping: ssl_decoder.feature_expand.0.weight (decoder component)
  ❌ Skipping: ssl_decoder.feature_expand.0.bias (decoder component)
  ❌ Skipping: ssl_decoder.feature_expand.3.weight (decoder component)
  ❌ Skipping: ssl_decoder.feature_expand.3.bias (decoder component)
  ❌ Skipping: ssl_decoder.feature_expand.6.weight (decoder component)
  ❌ Skipping: ssl_decoder.feature_expand.6.bias (decoder component)
  ❌ Skipping: ssl_decoder.temporal_conv1.0.weight (decoder component)
  ❌ Skipping: ssl_decoder.temporal_conv1.0.bias (decoder component)
  ❌ Skipping: ssl_decoder.temporal_conv1.1.weight (decoder component)
  ❌ Skipping: ssl_decoder.temporal_conv1.1.bias (decoder component)
  ❌ Skipping: ssl_decoder.temporal_conv1.1.running_mean (decoder component)
  ❌ Skipping: ssl_decoder.temporal_conv1.1.running_var (decoder component)
  ❌ Skipping: ssl_decoder.temporal_conv1.1.num_batches_tracked (decoder component)
  ❌ Skipping: ssl_decoder.temporal_conv2.0.weight (decoder component)
  ❌ Skipping: ssl_decoder.temporal_conv2.0.bias (decoder component)
  ❌ Skipping: ssl_decoder.temporal_conv2.1.weight (decoder component)
  ❌ Skipping: ssl_decoder.temporal_conv2.1.bias (decoder component)
  ❌ Skipping: ssl_decoder.temporal_conv2.1.running_mean (decoder component)
  ❌ Skipping: ssl_decoder.temporal_conv2.1.running_var (decoder component)
  ❌ Skipping: ssl_decoder.temporal_conv2.1.num_batches_tracked (decoder component)
  ❌ Skipping: ssl_decoder.final_conv.weight (decoder component)
  ❌ Skipping: ssl_decoder.final_conv.bias (decoder component)
  ❌ Skipping: out.weight (decoder component)
  ❌ Skipping: out.bias (decoder component)
  ✅ Loading: stack1.attention.attention_layer.key.weight -> torch.Size([16, 16])
  ✅ Loading: stack1.attention.attention_layer.value.weight -> torch.Size([16, 16])
  ✅ Loading: stack1.attention.attention_layer.query.weight -> torch.Size([16, 16])
  ✅ Loading: stack1.attention.attention_layer.to_out.weight -> torch.Size([16])
  ✅ Loading: stack1.attention.attention_layer.to_out.bias -> torch.Size([16])
  ✅ Loading: stack1.conv_layer.downConv.weight -> torch.Size([16, 16, 3])
  ✅ Loading: stack1.conv_layer.downConv.bias -> torch.Size([16])
  ✅ Loading: stack1.conv_layer.norm.weight -> torch.Size([16])
  ✅ Loading: stack1.conv_layer.norm.bias -> torch.Size([16])
  ✅ Loading: stack1.conv_layer.norm.running_mean -> torch.Size([16])
  ✅ Loading: stack1.conv_layer.norm.running_var -> torch.Size([16])
  ✅ Loading: stack1.conv_layer.norm.num_batches_tracked -> torch.Size([])
  ✅ Loading: stack1.out.weight -> torch.Size([4, 16])
  ✅ Loading: stack1.out.bias -> torch.Size([4])
  ✅ Loading: stack2.attention.attention_layer.key.weight -> torch.Size([16, 16])
  ✅ Loading: stack2.attention.attention_layer.value.weight -> torch.Size([16, 16])
  ✅ Loading: stack2.attention.attention_layer.query.weight -> torch.Size([16, 16])
  ✅ Loading: stack2.attention.attention_layer.to_out.weight -> torch.Size([16])
  ✅ Loading: stack2.attention.attention_layer.to_out.bias -> torch.Size([16])
  ✅ Loading: stack2.conv_layer.downConv.weight -> torch.Size([16, 16, 3])
  ✅ Loading: stack2.conv_layer.downConv.bias -> torch.Size([16])
  ✅ Loading: stack2.conv_layer.norm.weight -> torch.Size([16])
  ✅ Loading: stack2.conv_layer.norm.bias -> torch.Size([16])
  ✅ Loading: stack2.conv_layer.norm.running_mean -> torch.Size([16])
  ✅ Loading: stack2.conv_layer.norm.running_var -> torch.Size([16])
  ✅ Loading: stack2.conv_layer.norm.num_batches_tracked -> torch.Size([])
  ✅ Loading: stack2.out.weight -> torch.Size([4, 16])
  ✅ Loading: stack2.out.bias -> torch.Size([4])
🔧 Loading 43 encoder components into fine-tuning model...
⚠️  Missing keys (newly initialized): ['ssl_decoder.feature_expand.0.weight', 'ssl_decoder.feature_expand.0.bias', 'ssl_decoder.feature_expand.3.weight', 'ssl_decoder.feature_expand.3.bias', 'ssl_decoder.feature_expand.6.weight', 'ssl_decoder.feature_expand.6.bias', 'ssl_decoder.temporal_conv1.0.weight', 'ssl_decoder.temporal_conv1.0.bias', 'ssl_decoder.temporal_conv1.1.weight', 'ssl_decoder.temporal_conv1.1.bias', 'ssl_decoder.temporal_conv1.1.running_mean', 'ssl_decoder.temporal_conv1.1.running_var', 'ssl_decoder.temporal_conv2.0.weight', 'ssl_decoder.temporal_conv2.0.bias', 'ssl_decoder.temporal_conv2.1.weight', 'ssl_decoder.temporal_conv2.1.bias', 'ssl_decoder.temporal_conv2.1.running_mean', 'ssl_decoder.temporal_conv2.1.running_var', 'ssl_decoder.final_conv.weight', 'ssl_decoder.final_conv.bias', 'out.weight', 'out.bias']
✅ Successfully loaded SSL pre-trained weights!
🎯 SSL decoder removed, feature classifier ready for fine-tuning
==================================================
Starting Fine-tuning
==================================================
=================================================================
Layer (type:depth-idx)                   Param #
=================================================================
DARNet                                   --
├─TokenEmbeddingOriginal: 1-1            --
│    └─Sequential: 2-1                   --
│    │    └─Conv2d: 3-1                  576
│    │    └─BatchNorm2d: 3-2             128
│    │    └─GELU: 3-3                    --
│    └─Sequential: 2-2                   --
│    │    └─Conv2d: 3-4                  32,784
│    │    └─BatchNorm2d: 3-5             32
│    │    └─GELU: 3-6                    --
│    └─PositionalEmbedding: 2-3          --
├─EEGFullDARNetDecoder: 1-2              --
│    └─Sequential: 2-4                   --
│    │    └─Linear: 3-7                  2,304
│    │    └─ReLU: 3-8                    --
│    │    └─Dropout: 3-9                 --
│    │    └─Linear: 3-10                 131,584
│    │    └─ReLU: 3-11                   --
│    │    └─Dropout: 3-12                --
│    │    └─Linear: 3-13                 4,202,496
│    └─Sequential: 2-5                   --
│    │    └─Conv1d: 3-14                 24,704
│    │    └─BatchNorm1d: 3-15            256
│    │    └─ReLU: 3-16                   --
│    │    └─Dropout: 3-17                --
│    └─Sequential: 2-6                   --
│    │    └─Conv1d: 3-18                 24,640
│    │    └─BatchNorm1d: 3-19            128
│    │    └─ReLU: 3-20                   --
│    │    └─Dropout: 3-21                --
│    └─Conv1d: 2-7                       2,080
├─Flatten: 1-3                           --
├─Linear: 1-4                            18
├─AttnRefine: 1-5                        --
│    └─MyAttention: 2-8                  --
│    │    └─Attention: 3-22              800
│    └─Refine: 2-9                       --
│    │    └─Conv1d: 3-23                 784
│    │    └─BatchNorm1d: 3-24            32
│    │    └─ELU: 3-25                    --
│    │    └─MaxPool1d: 3-26              --
│    └─AdaptiveAvgPool1d: 2-10           --
│    └─Linear: 2-11                      68
│    └─Flatten: 2-12                     --
├─AttnRefine: 1-6                        --
│    └─MyAttention: 2-13                 --
│    │    └─Attention: 3-27              800
│    └─Refine: 2-14                      --
│    │    └─Conv1d: 3-28                 784
│    │    └─BatchNorm1d: 3-29            32
│    │    └─ELU: 3-30                    --
│    │    └─MaxPool1d: 3-31              --
│    └─AdaptiveAvgPool1d: 2-15           --
│    └─Linear: 2-16                      68
│    └─Flatten: 2-17                     --
=================================================================
Total params: 4,425,098
Trainable params: 4,425,098
Non-trainable params: 0
=================================================================
TestSub: S[6, 7, 8, 9, 10] Epoch  1 Finsh | Now_lr 0.0005/0.0005|Train Loss 0.5161 | Valid Loss 1.5995 | Train Acc 71.2318| Valid Acc 49.7386
Validation acc increase (0.000000 --> 49.738570) in epoch (1).  Saving model ...
TestSub: S[6, 7, 8, 9, 10] Epoch  2 Finsh | Now_lr 0.0005/0.0005|Train Loss 0.2737 | Valid Loss 2.2762 | Train Acc 87.8368| Valid Acc 53.9427
Validation acc increase (49.738570 --> 53.942729) in epoch (2).  Saving model ...
TestSub: S[6, 7, 8, 9, 10] Epoch  3 Finsh | Now_lr 0.0005/0.0005|Train Loss 0.1930 | Valid Loss 2.4582 | Train Acc 92.0033| Valid Acc 53.9670
Validation acc increase (53.942729 --> 53.967048) in epoch (3).  Saving model ...
TestSub: S[6, 7, 8, 9, 10] Epoch  4 Finsh | Now_lr 0.0005/0.0005|Train Loss 0.1513 | Valid Loss 2.7906 | Train Acc 93.9062| Valid Acc 53.1463
TestSub: S[6, 7, 8, 9, 10] Epoch  5 Finsh | Now_lr 0.0005/0.0005|Train Loss 0.1254 | Valid Loss 3.0308 | Train Acc 95.0736| Valid Acc 52.1279
TestSub: S[6, 7, 8, 9, 10] Epoch  6 Finsh | Now_lr 0.0005/0.0005|Train Loss 0.1055 | Valid Loss 2.8284 | Train Acc 95.9934| Valid Acc 54.5568
Validation acc increase (53.967048 --> 54.556785) in epoch (6).  Saving model ...
TestSub: S[6, 7, 8, 9, 10] Epoch  7 Finsh | Now_lr 0.0005/0.0005|Train Loss 0.0913 | Valid Loss 3.0232 | Train Acc 96.5649| Valid Acc 53.7026
TestSub: S[6, 7, 8, 9, 10] Epoch  8 Finsh | Now_lr 0.0005/0.0005|Train Loss 0.0802 | Valid Loss 2.9348 | Train Acc 97.0130| Valid Acc 54.6845
Validation acc increase (54.556785 --> 54.684460) in epoch (8).  Saving model ...
TestSub: S[6, 7, 8, 9, 10] Epoch  9 Finsh | Now_lr 0.0005/0.0005|Train Loss 0.0713 | Valid Loss 3.1569 | Train Acc 97.3948| Valid Acc 54.1616
TestSub: S[6, 7, 8, 9, 10] Epoch 10 Finsh | Now_lr 0.0005/0.0005|Train Loss 0.0642 | Valid Loss 3.2357 | Train Acc 97.6611| Valid Acc 52.2374
TestSub: S[6, 7, 8, 9, 10] Epoch 11 Finsh | Now_lr 0.0005/0.0005|Train Loss 0.0587 | Valid Loss 3.2683 | Train Acc 97.8867| Valid Acc 53.8546
TestSub: S[6, 7, 8, 9, 10] Epoch 12 Finsh | Now_lr 0.0005/0.0005|Train Loss 0.0552 | Valid Loss 3.2778 | Train Acc 98.0314| Valid Acc 54.1038
TestSub: S[6, 7, 8, 9, 10] Epoch 13 Finsh | Now_lr 0.0005/0.0005|Train Loss 0.0495 | Valid Loss 3.3725 | Train Acc 98.2429| Valid Acc 52.6569
TestSub: S[6, 7, 8, 9, 10] Epoch 14 Finsh | Now_lr 0.0005/0.0005|Train Loss 0.0479 | Valid Loss 3.3740 | Train Acc 98.2788| Valid Acc 55.2590
Validation acc increase (54.684460 --> 55.258998) in epoch (14).  Saving model ...
TestSub: S[6, 7, 8, 9, 10] Epoch 15 Finsh | Now_lr 0.0005/0.0005|Train Loss 0.0432 | Valid Loss 3.3960 | Train Acc 98.4867| Valid Acc 54.1494
TestSub: S[6, 7, 8, 9, 10] Epoch 16 Finsh | Now_lr 0.0005/0.0005|Train Loss 0.0428 | Valid Loss 3.6278 | Train Acc 98.4715| Valid Acc 53.5658
TestSub: S[6, 7, 8, 9, 10] Epoch 17 Finsh | Now_lr 0.0005/0.0005|Train Loss 0.0390 | Valid Loss 3.3789 | Train Acc 98.6576| Valid Acc 53.8819
TestSub: S[6, 7, 8, 9, 10] Epoch 18 Finsh | Now_lr 0.0005/0.0005|Train Loss 0.0368 | Valid Loss 3.3881 | Train Acc 98.7287| Valid Acc 53.3074
TestSub: S[6, 7, 8, 9, 10] Epoch 19 Finsh | Now_lr 0.0005/0.0005|Train Loss 0.0365 | Valid Loss 3.2762 | Train Acc 98.7080| Valid Acc 54.0613
TestSub: S[6, 7, 8, 9, 10] Epoch 20 Finsh | Now_lr 0.0005/0.0005|Train Loss 0.0346 | Valid Loss 3.3379 | Train Acc 98.8059| Valid Acc 54.9429
TestSub: S[6, 7, 8, 9, 10] Epoch 21 Finsh | Now_lr 0.0005/0.0005|Train Loss 0.0318 | Valid Loss 3.4214 | Train Acc 98.8874| Valid Acc 55.3259
Validation acc increase (55.258998 --> 55.325875) in epoch (21).  Saving model ...
TestSub: S[6, 7, 8, 9, 10] Epoch 22 Finsh | Now_lr 0.0005/0.0005|Train Loss 0.0311 | Valid Loss 3.2000 | Train Acc 98.9026| Valid Acc 56.7759
Validation acc increase (55.325875 --> 56.775900) in epoch (22).  Saving model ...
TestSub: S[6, 7, 8, 9, 10] Epoch 23 Finsh | Now_lr 0.0005/0.0005|Train Loss 0.0291 | Valid Loss 3.6243 | Train Acc 98.9926| Valid Acc 54.7422
TestSub: S[6, 7, 8, 9, 10] Epoch 24 Finsh | Now_lr 0.0005/0.0005|Train Loss 0.0293 | Valid Loss 3.4409 | Train Acc 98.9816| Valid Acc 55.4262
TestSub: S[6, 7, 8, 9, 10] Epoch 25 Finsh | Now_lr 0.0005/0.0005|Train Loss 0.0282 | Valid Loss 3.5428 | Train Acc 99.0388| Valid Acc 55.4900
TestSub: S[6, 7, 8, 9, 10] Epoch 26 Finsh | Now_lr 0.0005/0.0005|Train Loss 0.0279 | Valid Loss 3.4393 | Train Acc 99.0418| Valid Acc 55.0644
TestSub: S[6, 7, 8, 9, 10] Epoch 27 Finsh | Now_lr 0.0005/0.0005|Train Loss 0.0263 | Valid Loss 3.4708 | Train Acc 99.0923| Valid Acc 55.4414
TestSub: S[6, 7, 8, 9, 10] Epoch 28 Finsh | Now_lr 0.0005/0.0005|Train Loss 0.0256 | Valid Loss 3.5434 | Train Acc 99.1130| Valid Acc 54.4321
TestSub: S[6, 7, 8, 9, 10] Epoch 29 Finsh | Now_lr 0.0005/0.0005|Train Loss 0.0237 | Valid Loss 3.6465 | Train Acc 99.1975| Valid Acc 54.5233
TestSub: S[6, 7, 8, 9, 10] Epoch 30 Finsh | Now_lr 0.0005/0.0005|Train Loss 0.0235 | Valid Loss 3.4357 | Train Acc 99.2011| Valid Acc 55.1952
TestSub: S[6, 7, 8, 9, 10] Epoch 31 Finsh | Now_lr 0.0005/0.0005|Train Loss 0.0235 | Valid Loss 3.3551 | Train Acc 99.1987| Valid Acc 56.8154
Validation acc increase (56.775900 --> 56.815418) in epoch (31).  Saving model ...
TestSub: S[6, 7, 8, 9, 10] Epoch 32 Finsh | Now_lr 0.0005/0.0005|Train Loss 0.0218 | Valid Loss 3.4685 | Train Acc 99.2716| Valid Acc 56.0858
TestSub: S[6, 7, 8, 9, 10] Epoch 33 Finsh | Now_lr 0.0005/0.0005|Train Loss 0.0213 | Valid Loss 3.5428 | Train Acc 99.2911| Valid Acc 54.6905
TestSub: S[6, 7, 8, 9, 10] Epoch 34 Finsh | Now_lr 0.0005/0.0005|Train Loss 0.0218 | Valid Loss 3.5487 | Train Acc 99.2777| Valid Acc 55.5052
TestSub: S[6, 7, 8, 9, 10] Epoch 35 Finsh | Now_lr 0.0005/0.0005|Train Loss 0.0200 | Valid Loss 3.5686 | Train Acc 99.3416| Valid Acc 55.3107
TestSub: S[6, 7, 8, 9, 10] Epoch 36 Finsh | Now_lr 0.0005/0.0005|Train Loss 0.0198 | Valid Loss 3.5619 | Train Acc 99.2911| Valid Acc 56.0980
TestSub: S[6, 7, 8, 9, 10] Epoch 37 Finsh | Now_lr 0.0005/0.0005|Train Loss 0.0207 | Valid Loss 3.4599 | Train Acc 99.3324| Valid Acc 55.1982
TestSub: S[6, 7, 8, 9, 10] Epoch 38 Finsh | Now_lr 0.0005/0.0005|Train Loss 0.0197 | Valid Loss 3.4740 | Train Acc 99.3306| Valid Acc 55.8183
TestSub: S[6, 7, 8, 9, 10] Epoch 39 Finsh | Now_lr 0.0005/0.0005|Train Loss 0.0197 | Valid Loss 3.3654 | Train Acc 99.3330| Valid Acc 57.4568
Validation acc increase (56.815418 --> 57.456834) in epoch (39).  Saving model ...
TestSub: S[6, 7, 8, 9, 10] Epoch 40 Finsh | Now_lr 0.0005/0.0005|Train Loss 0.0175 | Valid Loss 3.4583 | Train Acc 99.4115| Valid Acc 56.5874
TestSub: S[6, 7, 8, 9, 10] Epoch 41 Finsh | Now_lr 0.0005/0.0005|Train Loss 0.0183 | Valid Loss 3.3694 | Train Acc 99.3963| Valid Acc 56.9553
TestSub: S[6, 7, 8, 9, 10] Epoch 42 Finsh | Now_lr 0.0005/0.0005|Train Loss 0.0182 | Valid Loss 3.2355 | Train Acc 99.3683| Valid Acc 55.9339
TestSub: S[6, 7, 8, 9, 10] Epoch 43 Finsh | Now_lr 0.0005/0.0005|Train Loss 0.0171 | Valid Loss 3.4945 | Train Acc 99.4291| Valid Acc 55.9734
TestSub: S[6, 7, 8, 9, 10] Epoch 44 Finsh | Now_lr 0.0005/0.0005|Train Loss 0.0173 | Valid Loss 3.5615 | Train Acc 99.4358| Valid Acc 56.2986
TestSub: S[6, 7, 8, 9, 10] Epoch 45 Finsh | Now_lr 0.0005/0.0005|Train Loss 0.0172 | Valid Loss 3.4505 | Train Acc 99.4084| Valid Acc 56.4142
TestSub: S[6, 7, 8, 9, 10] Epoch 46 Finsh | Now_lr 0.0005/0.0005|Train Loss 0.0158 | Valid Loss 3.4671 | Train Acc 99.4455| Valid Acc 56.5357
TestSub: S[6, 7, 8, 9, 10] Epoch 47 Finsh | Now_lr 0.0005/0.0005|Train Loss 0.0161 | Valid Loss 3.3369 | Train Acc 99.4692| Valid Acc 56.2318
TestSub: S[6, 7, 8, 9, 10] Epoch 48 Finsh | Now_lr 0.0005/0.0005|Train Loss 0.0166 | Valid Loss 3.3275 | Train Acc 99.4267| Valid Acc 57.5024
Validation acc increase (57.456834 --> 57.502432) in epoch (48).  Saving model ...
TestSub: S[6, 7, 8, 9, 10] Epoch 49 Finsh | Now_lr 0.0005/0.0005|Train Loss 0.0143 | Valid Loss 3.4830 | Train Acc 99.5264| Valid Acc 55.8548
TestSub: S[6, 7, 8, 9, 10] Epoch 50 Finsh | Now_lr 0.0005/0.0005|Train Loss 0.0147 | Valid Loss 3.6430 | Train Acc 99.4978| Valid Acc 55.4140
TestSub: S[6, 7, 8, 9, 10] Epoch 51 Finsh | Now_lr 0.0005/0.0005|Train Loss 0.0157 | Valid Loss 3.4506 | Train Acc 99.4948| Valid Acc 55.3320
TestSub: S[6, 7, 8, 9, 10] Epoch 52 Finsh | Now_lr 0.0005/0.0005|Train Loss 0.0146 | Valid Loss 3.2992 | Train Acc 99.5167| Valid Acc 56.1223
TestSub: S[6, 7, 8, 9, 10] Epoch 53 Finsh | Now_lr 0.0005/0.0005|Train Loss 0.0143 | Valid Loss 3.3862 | Train Acc 99.5240| Valid Acc 56.0494
TestSub: S[6, 7, 8, 9, 10] Epoch 54 Finsh | Now_lr 0.0005/0.0005|Train Loss 0.0133 | Valid Loss 3.6977 | Train Acc 99.5671| Valid Acc 54.1160
TestSub: S[6, 7, 8, 9, 10] Epoch 55 Finsh | Now_lr 0.0005/0.0005|Train Loss 0.0137 | Valid Loss 3.7970 | Train Acc 99.5440| Valid Acc 55.4262
TestSub: S[6, 7, 8, 9, 10] Epoch 56 Finsh | Now_lr 0.0005/0.0005|Train Loss 0.0137 | Valid Loss 3.6875 | Train Acc 99.5325| Valid Acc 56.3655
TestSub: S[6, 7, 8, 9, 10] Epoch 57 Finsh | Now_lr 0.0005/0.0005|Train Loss 0.0130 | Valid Loss 3.5776 | Train Acc 99.5544| Valid Acc 55.2256
TestSub: S[6, 7, 8, 9, 10] Epoch 58 Finsh | Now_lr 0.0005/0.0005|Train Loss 0.0137 | Valid Loss 3.5526 | Train Acc 99.5610| Valid Acc 54.7909
TestSub: S[6, 7, 8, 9, 10] Epoch 59 Finsh | Now_lr 0.0005/0.0005|Train Loss 0.0133 | Valid Loss 3.5173 | Train Acc 99.5708| Valid Acc 54.9702
TestSub: S[6, 7, 8, 9, 10] Epoch 60 Finsh | Now_lr 0.0005/0.0005|Train Loss 0.0128 | Valid Loss 3.5827 | Train Acc 99.5696| Valid Acc 55.3897
TestSub: S[6, 7, 8, 9, 10] Epoch 61 Finsh | Now_lr 0.0005/0.0005|Train Loss 0.0111 | Valid Loss 3.8207 | Train Acc 99.6297| Valid Acc 54.4929
TestSub: S[6, 7, 8, 9, 10] Epoch 62 Finsh | Now_lr 0.0005/0.0005|Train Loss 0.0133 | Valid Loss 3.5623 | Train Acc 99.5544| Valid Acc 54.6905
TestSub: S[6, 7, 8, 9, 10] Epoch 63 Finsh | Now_lr 0.0005/0.0005|Train Loss 0.0124 | Valid Loss 3.6502 | Train Acc 99.5908| Valid Acc 55.5782
TestSub: S[6, 7, 8, 9, 10] Epoch 64 Finsh | Now_lr 0.0005/0.0005|Train Loss 0.0123 | Valid Loss 3.5983 | Train Acc 99.5981| Valid Acc 54.0522
TestSub: S[6, 7, 8, 9, 10] Epoch 65 Finsh | Now_lr 0.0005/0.0005|Train Loss 0.0118 | Valid Loss 3.5694 | Train Acc 99.6139| Valid Acc 55.0219
TestSub: S[6, 7, 8, 9, 10] Epoch 66 Finsh | Now_lr 0.0005/0.0005|Train Loss 0.0111 | Valid Loss 3.7788 | Train Acc 99.6419| Valid Acc 54.5325
TestSub: S[6, 7, 8, 9, 10] Epoch 67 Finsh | Now_lr 0.0005/0.0005|Train Loss 0.0117 | Valid Loss 3.6833 | Train Acc 99.6346| Valid Acc 54.4139
TestSub: S[6, 7, 8, 9, 10] Epoch 68 Finsh | Now_lr 0.0005/0.0005|Train Loss 0.0118 | Valid Loss 3.7165 | Train Acc 99.6249| Valid Acc 53.3044
TestSub: S[6, 7, 8, 9, 10] Epoch 69 Finsh | Now_lr 0.0005/0.0005|Train Loss 0.0111 | Valid Loss 3.6124 | Train Acc 99.6407| Valid Acc 53.6965
TestSub: S[6, 7, 8, 9, 10] Epoch 70 Finsh | Now_lr 0.0005/0.0005|Train Loss 0.0113 | Valid Loss 3.7966 | Train Acc 99.6285| Valid Acc 55.0128
TestSub: S[6, 7, 8, 9, 10] Epoch 71 Finsh | Now_lr 0.0005/0.0005|Train Loss 0.0111 | Valid Loss 3.5973 | Train Acc 99.6200| Valid Acc 54.9033
TestSub: S[6, 7, 8, 9, 10] Epoch 72 Finsh | Now_lr 0.0005/0.0005|Train Loss 0.0107 | Valid Loss 3.8315 | Train Acc 99.6370| Valid Acc 53.1676
TestSub: S[6, 7, 8, 9, 10] Epoch 73 Finsh | Now_lr 0.0005/0.0005|Train Loss 0.0105 | Valid Loss 3.9269 | Train Acc 99.6668| Valid Acc 53.5962
TestSub: S[6, 7, 8, 9, 10] Epoch 74 Finsh | Now_lr 0.0005/0.0005|Train Loss 0.0105 | Valid Loss 3.7617 | Train Acc 99.6674| Valid Acc 54.2650
TestSub: S[6, 7, 8, 9, 10] Epoch 75 Finsh | Now_lr 0.0005/0.0005|Train Loss 0.0100 | Valid Loss 3.8010 | Train Acc 99.6747| Valid Acc 55.1070
TestSub: S[6, 7, 8, 9, 10] Epoch 76 Finsh | Now_lr 0.0005/0.0005|Train Loss 0.0098 | Valid Loss 3.9372 | Train Acc 99.6784| Valid Acc 54.6358
TestSub: S[6, 7, 8, 9, 10] Epoch 77 Finsh | Now_lr 0.0005/0.0005|Train Loss 0.0107 | Valid Loss 3.8761 | Train Acc 99.6462| Valid Acc 54.5477
TestSub: S[6, 7, 8, 9, 10] Epoch 78 Finsh | Now_lr 0.0005/0.0005|Train Loss 0.0105 | Valid Loss 3.7129 | Train Acc 99.6674| Valid Acc 54.4747
Early stopping triggered after 78 epochs (30 epochs without improvement)
--------------------------------------------------
Test_Subject :S[6, 7, 8, 9, 10] |Best epoch:48 | Test Loss:3.3275 | Best Acc 57.5024 | Savemodel Acc 57.5024
--------------------------------------------------

========== Fold 3 ==========
Train IDs: [1, 2, 3, 4, 5, 6, 7, 8, 9, 10, 16, 17, 18, 19, 20, 21, 22, 23, 24, 25, 26, 27, 28, 29, 30]
Val IDs:   [11, 12, 13, 14, 15]
================================================================================
SSL PRE-TRAINING PHASE
================================================================================
Loading SSL data for subjects: [1, 2, 3, 4, 5, 6, 7, 8, 9, 10, 16, 17, 18, 19, 20, 21, 22, 23, 24, 25, 26, 27, 28, 29, 30]
Loaded subject S1: (6580, 32, 128)
Loaded subject S2: (6580, 32, 128)
Loaded subject S3: (6580, 32, 128)
Loaded subject S4: (6580, 32, 128)
Loaded subject S5: (6580, 32, 128)
Loaded subject S6: (6580, 32, 128)
Loaded subject S7: (6580, 32, 128)
Loaded subject S8: (6580, 32, 128)
Loaded subject S9: (6580, 32, 128)
Loaded subject S10: (6580, 32, 128)
Loaded subject S16: (6580, 32, 128)
Loaded subject S17: (6580, 32, 128)
Loaded subject S18: (6580, 32, 128)
Loaded subject S19: (6580, 32, 128)
Loaded subject S20: (6580, 32, 128)
Loaded subject S21: (6580, 32, 128)
Loaded subject S22: (6580, 32, 128)
Loaded subject S23: (6580, 32, 128)
Loaded subject S24: (6580, 32, 128)
Loaded subject S25: (6580, 32, 128)
Loaded subject S26: (6580, 32, 128)
Loaded subject S27: (6580, 32, 128)
Loaded subject S28: (6580, 32, 128)
Loaded subject S29: (6580, 32, 128)
Loaded subject S30: (6580, 32, 128)
Total SSL data shape: (164500, 32, 128)
🏗️  SSL Model Architecture:
   - SSL Enabled: True
   - SSL Approach: full_darnet
   - Training Mode: ssl
   - Decoder Type: EEGFullDARNetDecoder
   - Encoder parameters: 36,888
   - Decoder parameters: 4,388,192
   - Total parameters: 4,425,098
   - Decoder/Total ratio: 99.2%
==================================================
Starting SSL Pre-training
==================================================
=================================================================
Layer (type:depth-idx)                   Param #
=================================================================
DARNet                                   --
├─TokenEmbeddingOriginal: 1-1            --
│    └─Sequential: 2-1                   --
│    │    └─Conv2d: 3-1                  576
│    │    └─BatchNorm2d: 3-2             128
│    │    └─GELU: 3-3                    --
│    └─Sequential: 2-2                   --
│    │    └─Conv2d: 3-4                  32,784
│    │    └─BatchNorm2d: 3-5             32
│    │    └─GELU: 3-6                    --
│    └─PositionalEmbedding: 2-3          --
├─EEGFullDARNetDecoder: 1-2              --
│    └─Sequential: 2-4                   --
│    │    └─Linear: 3-7                  2,304
│    │    └─ReLU: 3-8                    --
│    │    └─Dropout: 3-9                 --
│    │    └─Linear: 3-10                 131,584
│    │    └─ReLU: 3-11                   --
│    │    └─Dropout: 3-12                --
│    │    └─Linear: 3-13                 4,202,496
│    └─Sequential: 2-5                   --
│    │    └─Conv1d: 3-14                 24,704
│    │    └─BatchNorm1d: 3-15            256
│    │    └─ReLU: 3-16                   --
│    │    └─Dropout: 3-17                --
│    └─Sequential: 2-6                   --
│    │    └─Conv1d: 3-18                 24,640
│    │    └─BatchNorm1d: 3-19            128
│    │    └─ReLU: 3-20                   --
│    │    └─Dropout: 3-21                --
│    └─Conv1d: 2-7                       2,080
├─Flatten: 1-3                           --
├─Linear: 1-4                            18
├─AttnRefine: 1-5                        --
│    └─MyAttention: 2-8                  --
│    │    └─Attention: 3-22              800
│    └─Refine: 2-9                       --
│    │    └─Conv1d: 3-23                 784
│    │    └─BatchNorm1d: 3-24            32
│    │    └─ELU: 3-25                    --
│    │    └─MaxPool1d: 3-26              --
│    └─AdaptiveAvgPool1d: 2-10           --
│    └─Linear: 2-11                      68
│    └─Flatten: 2-12                     --
├─AttnRefine: 1-6                        --
│    └─MyAttention: 2-13                 --
│    │    └─Attention: 3-27              800
│    └─Refine: 2-14                      --
│    │    └─Conv1d: 3-28                 784
│    │    └─BatchNorm1d: 3-29            32
│    │    └─ELU: 3-30                    --
│    │    └─MaxPool1d: 3-31              --
│    └─AdaptiveAvgPool1d: 2-15           --
│    └─Linear: 2-16                      68
│    └─Flatten: 2-17                     --
=================================================================
Total params: 4,425,098
Trainable params: 4,425,098
Non-trainable params: 0
=================================================================
SSL Epoch  1 | SSL Loss: 0.349068
SSL model saved at epoch 1 with loss 0.349068 to ./exps/cross-subject/DARNet_SSL_FullDARNet/ssl_models_task1_AAD_MM-AAD_original_ssl_2025-10-13-01-39-43/ssl_best_model.pt
SSL model saved with loss 0.349068
SSL Epoch  2 | SSL Loss: 0.253366
SSL model saved at epoch 2 with loss 0.253366 to ./exps/cross-subject/DARNet_SSL_FullDARNet/ssl_models_task1_AAD_MM-AAD_original_ssl_2025-10-13-01-39-43/ssl_best_model.pt
SSL model saved with loss 0.253366
SSL Epoch  3 | SSL Loss: 0.215235
SSL model saved at epoch 3 with loss 0.215235 to ./exps/cross-subject/DARNet_SSL_FullDARNet/ssl_models_task1_AAD_MM-AAD_original_ssl_2025-10-13-01-39-43/ssl_best_model.pt
SSL model saved with loss 0.215235
SSL Epoch  4 | SSL Loss: 0.196351
SSL model saved at epoch 4 with loss 0.196351 to ./exps/cross-subject/DARNet_SSL_FullDARNet/ssl_models_task1_AAD_MM-AAD_original_ssl_2025-10-13-01-39-43/ssl_best_model.pt
SSL model saved with loss 0.196351
SSL Epoch  5 | SSL Loss: 0.185406
SSL model saved at epoch 5 with loss 0.185406 to ./exps/cross-subject/DARNet_SSL_FullDARNet/ssl_models_task1_AAD_MM-AAD_original_ssl_2025-10-13-01-39-43/ssl_best_model.pt
SSL model saved with loss 0.185406
SSL Epoch  6 | SSL Loss: 0.178863
SSL model saved at epoch 6 with loss 0.178863 to ./exps/cross-subject/DARNet_SSL_FullDARNet/ssl_models_task1_AAD_MM-AAD_original_ssl_2025-10-13-01-39-43/ssl_best_model.pt
SSL model saved with loss 0.178863
SSL Epoch  7 | SSL Loss: 0.173260
SSL model saved at epoch 7 with loss 0.173260 to ./exps/cross-subject/DARNet_SSL_FullDARNet/ssl_models_task1_AAD_MM-AAD_original_ssl_2025-10-13-01-39-43/ssl_best_model.pt
SSL model saved with loss 0.173260
SSL Epoch  8 | SSL Loss: 0.170538
SSL model saved at epoch 8 with loss 0.170538 to ./exps/cross-subject/DARNet_SSL_FullDARNet/ssl_models_task1_AAD_MM-AAD_original_ssl_2025-10-13-01-39-43/ssl_best_model.pt
SSL model saved with loss 0.170538
SSL Epoch  9 | SSL Loss: 0.167239
SSL model saved at epoch 9 with loss 0.167239 to ./exps/cross-subject/DARNet_SSL_FullDARNet/ssl_models_task1_AAD_MM-AAD_original_ssl_2025-10-13-01-39-43/ssl_best_model.pt
SSL model saved with loss 0.167239
SSL Epoch 10 | SSL Loss: 0.164777
SSL model saved at epoch 10 with loss 0.164777 to ./exps/cross-subject/DARNet_SSL_FullDARNet/ssl_models_task1_AAD_MM-AAD_original_ssl_2025-10-13-01-39-43/ssl_best_model.pt
SSL model saved with loss 0.164777
SSL Epoch 11 | SSL Loss: 0.162969
SSL model saved at epoch 11 with loss 0.162969 to ./exps/cross-subject/DARNet_SSL_FullDARNet/ssl_models_task1_AAD_MM-AAD_original_ssl_2025-10-13-01-39-43/ssl_best_model.pt
SSL model saved with loss 0.162969
SSL Epoch 12 | SSL Loss: 0.161289
SSL model saved at epoch 12 with loss 0.161289 to ./exps/cross-subject/DARNet_SSL_FullDARNet/ssl_models_task1_AAD_MM-AAD_original_ssl_2025-10-13-01-39-43/ssl_best_model.pt
SSL model saved with loss 0.161289
SSL Epoch 13 | SSL Loss: 0.159521
SSL model saved at epoch 13 with loss 0.159521 to ./exps/cross-subject/DARNet_SSL_FullDARNet/ssl_models_task1_AAD_MM-AAD_original_ssl_2025-10-13-01-39-43/ssl_best_model.pt
SSL model saved with loss 0.159521
SSL Epoch 14 | SSL Loss: 0.158214
SSL model saved at epoch 14 with loss 0.158214 to ./exps/cross-subject/DARNet_SSL_FullDARNet/ssl_models_task1_AAD_MM-AAD_original_ssl_2025-10-13-01-39-43/ssl_best_model.pt
SSL model saved with loss 0.158214
SSL Epoch 15 | SSL Loss: 0.157037
SSL model saved at epoch 15 with loss 0.157037 to ./exps/cross-subject/DARNet_SSL_FullDARNet/ssl_models_task1_AAD_MM-AAD_original_ssl_2025-10-13-01-39-43/ssl_best_model.pt
SSL model saved with loss 0.157037
SSL Epoch 16 | SSL Loss: 0.156354
SSL model saved at epoch 16 with loss 0.156354 to ./exps/cross-subject/DARNet_SSL_FullDARNet/ssl_models_task1_AAD_MM-AAD_original_ssl_2025-10-13-01-39-43/ssl_best_model.pt
SSL model saved with loss 0.156354
SSL Epoch 17 | SSL Loss: 0.155079
SSL model saved at epoch 17 with loss 0.155079 to ./exps/cross-subject/DARNet_SSL_FullDARNet/ssl_models_task1_AAD_MM-AAD_original_ssl_2025-10-13-01-39-43/ssl_best_model.pt
SSL model saved with loss 0.155079
SSL Epoch 18 | SSL Loss: 0.154260
SSL model saved at epoch 18 with loss 0.154260 to ./exps/cross-subject/DARNet_SSL_FullDARNet/ssl_models_task1_AAD_MM-AAD_original_ssl_2025-10-13-01-39-43/ssl_best_model.pt
SSL model saved with loss 0.154260
SSL Epoch 19 | SSL Loss: 0.153907
SSL model saved at epoch 19 with loss 0.153907 to ./exps/cross-subject/DARNet_SSL_FullDARNet/ssl_models_task1_AAD_MM-AAD_original_ssl_2025-10-13-01-39-43/ssl_best_model.pt
SSL model saved with loss 0.153907
SSL Epoch 20 | SSL Loss: 0.152831
SSL model saved at epoch 20 with loss 0.152831 to ./exps/cross-subject/DARNet_SSL_FullDARNet/ssl_models_task1_AAD_MM-AAD_original_ssl_2025-10-13-01-39-43/ssl_best_model.pt
SSL model saved with loss 0.152831
SSL Epoch 21 | SSL Loss: 0.152428
SSL model saved at epoch 21 with loss 0.152428 to ./exps/cross-subject/DARNet_SSL_FullDARNet/ssl_models_task1_AAD_MM-AAD_original_ssl_2025-10-13-01-39-43/ssl_best_model.pt
SSL model saved with loss 0.152428
SSL Epoch 22 | SSL Loss: 0.151525
SSL model saved at epoch 22 with loss 0.151525 to ./exps/cross-subject/DARNet_SSL_FullDARNet/ssl_models_task1_AAD_MM-AAD_original_ssl_2025-10-13-01-39-43/ssl_best_model.pt
SSL model saved with loss 0.151525
SSL Epoch 23 | SSL Loss: 0.150928
SSL model saved at epoch 23 with loss 0.150928 to ./exps/cross-subject/DARNet_SSL_FullDARNet/ssl_models_task1_AAD_MM-AAD_original_ssl_2025-10-13-01-39-43/ssl_best_model.pt
SSL model saved with loss 0.150928
SSL Epoch 24 | SSL Loss: 0.150495
SSL model saved at epoch 24 with loss 0.150495 to ./exps/cross-subject/DARNet_SSL_FullDARNet/ssl_models_task1_AAD_MM-AAD_original_ssl_2025-10-13-01-39-43/ssl_best_model.pt
SSL model saved with loss 0.150495
SSL Epoch 25 | SSL Loss: 0.150356
SSL model saved at epoch 25 with loss 0.150356 to ./exps/cross-subject/DARNet_SSL_FullDARNet/ssl_models_task1_AAD_MM-AAD_original_ssl_2025-10-13-01-39-43/ssl_best_model.pt
SSL model saved with loss 0.150356
SSL Epoch 26 | SSL Loss: 0.149569
SSL model saved at epoch 26 with loss 0.149569 to ./exps/cross-subject/DARNet_SSL_FullDARNet/ssl_models_task1_AAD_MM-AAD_original_ssl_2025-10-13-01-39-43/ssl_best_model.pt
SSL model saved with loss 0.149569
SSL Epoch 27 | SSL Loss: 0.149132
SSL model saved at epoch 27 with loss 0.149132 to ./exps/cross-subject/DARNet_SSL_FullDARNet/ssl_models_task1_AAD_MM-AAD_original_ssl_2025-10-13-01-39-43/ssl_best_model.pt
SSL model saved with loss 0.149132
SSL Epoch 28 | SSL Loss: 0.148893
SSL model saved at epoch 28 with loss 0.148893 to ./exps/cross-subject/DARNet_SSL_FullDARNet/ssl_models_task1_AAD_MM-AAD_original_ssl_2025-10-13-01-39-43/ssl_best_model.pt
SSL model saved with loss 0.148893
SSL Epoch 29 | SSL Loss: 0.148552
SSL model saved at epoch 29 with loss 0.148552 to ./exps/cross-subject/DARNet_SSL_FullDARNet/ssl_models_task1_AAD_MM-AAD_original_ssl_2025-10-13-01-39-43/ssl_best_model.pt
SSL model saved with loss 0.148552
SSL Epoch 30 | SSL Loss: 0.148190
SSL model saved at epoch 30 with loss 0.148190 to ./exps/cross-subject/DARNet_SSL_FullDARNet/ssl_models_task1_AAD_MM-AAD_original_ssl_2025-10-13-01-39-43/ssl_best_model.pt
SSL model saved with loss 0.148190
==================================================
SSL Pre-training completed. Best loss: 0.148190
==================================================
train_data_shape(164500, 32, 128),val_data_shape(32900, 32, 128)
🔄 Loading SSL pre-trained weights from: ./exps/cross-subject/DARNet_SSL_FullDARNet/ssl_models_task1_AAD_MM-AAD_original_ssl_2025-10-13-01-39-43/ssl_best_model.pt
📋 Available keys in SSL checkpoint: 67 total
  - token_embedding.embed_layer.0.weight: torch.Size([64, 1, 1, 8])
  - token_embedding.embed_layer.0.bias: torch.Size([64])
  - token_embedding.embed_layer.1.weight: torch.Size([64])
  - token_embedding.embed_layer.1.bias: torch.Size([64])
  - token_embedding.embed_layer.1.running_mean: torch.Size([64])
  - token_embedding.embed_layer.1.running_var: torch.Size([64])
  - token_embedding.embed_layer.1.num_batches_tracked: torch.Size([])
  - token_embedding.embed_layer2.0.weight: torch.Size([16, 64, 32, 1])
  - token_embedding.embed_layer2.0.bias: torch.Size([16])
  - token_embedding.embed_layer2.1.weight: torch.Size([16])
  - token_embedding.embed_layer2.1.bias: torch.Size([16])
  - token_embedding.embed_layer2.1.running_mean: torch.Size([16])
  - token_embedding.embed_layer2.1.running_var: torch.Size([16])
  - token_embedding.embed_layer2.1.num_batches_tracked: torch.Size([])
  - token_embedding.position_embedding.pe: torch.Size([1, 5000, 16])
  - ssl_decoder.feature_expand.0.weight: torch.Size([256, 8])
  - ssl_decoder.feature_expand.0.bias: torch.Size([256])
  - ssl_decoder.feature_expand.3.weight: torch.Size([512, 256])
  - ssl_decoder.feature_expand.3.bias: torch.Size([512])
  - ssl_decoder.feature_expand.6.weight: torch.Size([8192, 512])
  - ssl_decoder.feature_expand.6.bias: torch.Size([8192])
  - ssl_decoder.temporal_conv1.0.weight: torch.Size([128, 64, 3])
  - ssl_decoder.temporal_conv1.0.bias: torch.Size([128])
  - ssl_decoder.temporal_conv1.1.weight: torch.Size([128])
  - ssl_decoder.temporal_conv1.1.bias: torch.Size([128])
  - ssl_decoder.temporal_conv1.1.running_mean: torch.Size([128])
  - ssl_decoder.temporal_conv1.1.running_var: torch.Size([128])
  - ssl_decoder.temporal_conv1.1.num_batches_tracked: torch.Size([])
  - ssl_decoder.temporal_conv2.0.weight: torch.Size([64, 128, 3])
  - ssl_decoder.temporal_conv2.0.bias: torch.Size([64])
  - ssl_decoder.temporal_conv2.1.weight: torch.Size([64])
  - ssl_decoder.temporal_conv2.1.bias: torch.Size([64])
  - ssl_decoder.temporal_conv2.1.running_mean: torch.Size([64])
  - ssl_decoder.temporal_conv2.1.running_var: torch.Size([64])
  - ssl_decoder.temporal_conv2.1.num_batches_tracked: torch.Size([])
  - ssl_decoder.final_conv.weight: torch.Size([32, 64, 1])
  - ssl_decoder.final_conv.bias: torch.Size([32])
  - out.weight: torch.Size([2, 8])
  - out.bias: torch.Size([2])
  - stack1.attention.attention_layer.key.weight: torch.Size([16, 16])
  - stack1.attention.attention_layer.value.weight: torch.Size([16, 16])
  - stack1.attention.attention_layer.query.weight: torch.Size([16, 16])
  - stack1.attention.attention_layer.to_out.weight: torch.Size([16])
  - stack1.attention.attention_layer.to_out.bias: torch.Size([16])
  - stack1.conv_layer.downConv.weight: torch.Size([16, 16, 3])
  - stack1.conv_layer.downConv.bias: torch.Size([16])
  - stack1.conv_layer.norm.weight: torch.Size([16])
  - stack1.conv_layer.norm.bias: torch.Size([16])
  - stack1.conv_layer.norm.running_mean: torch.Size([16])
  - stack1.conv_layer.norm.running_var: torch.Size([16])
  - stack1.conv_layer.norm.num_batches_tracked: torch.Size([])
  - stack1.out.weight: torch.Size([4, 16])
  - stack1.out.bias: torch.Size([4])
  - stack2.attention.attention_layer.key.weight: torch.Size([16, 16])
  - stack2.attention.attention_layer.value.weight: torch.Size([16, 16])
  - stack2.attention.attention_layer.query.weight: torch.Size([16, 16])
  - stack2.attention.attention_layer.to_out.weight: torch.Size([16])
  - stack2.attention.attention_layer.to_out.bias: torch.Size([16])
  - stack2.conv_layer.downConv.weight: torch.Size([16, 16, 3])
  - stack2.conv_layer.downConv.bias: torch.Size([16])
  - stack2.conv_layer.norm.weight: torch.Size([16])
  - stack2.conv_layer.norm.bias: torch.Size([16])
  - stack2.conv_layer.norm.running_mean: torch.Size([16])
  - stack2.conv_layer.norm.running_var: torch.Size([16])
  - stack2.conv_layer.norm.num_batches_tracked: torch.Size([])
  - stack2.out.weight: torch.Size([4, 16])
  - stack2.out.bias: torch.Size([4])
🎯 SSL approach detected: full_darnet
  ✅ Loading: token_embedding.embed_layer.0.weight -> torch.Size([64, 1, 1, 8])
  ✅ Loading: token_embedding.embed_layer.0.bias -> torch.Size([64])
  ✅ Loading: token_embedding.embed_layer.1.weight -> torch.Size([64])
  ✅ Loading: token_embedding.embed_layer.1.bias -> torch.Size([64])
  ✅ Loading: token_embedding.embed_layer.1.running_mean -> torch.Size([64])
  ✅ Loading: token_embedding.embed_layer.1.running_var -> torch.Size([64])
  ✅ Loading: token_embedding.embed_layer.1.num_batches_tracked -> torch.Size([])
  ✅ Loading: token_embedding.embed_layer2.0.weight -> torch.Size([16, 64, 32, 1])
  ✅ Loading: token_embedding.embed_layer2.0.bias -> torch.Size([16])
  ✅ Loading: token_embedding.embed_layer2.1.weight -> torch.Size([16])
  ✅ Loading: token_embedding.embed_layer2.1.bias -> torch.Size([16])
  ✅ Loading: token_embedding.embed_layer2.1.running_mean -> torch.Size([16])
  ✅ Loading: token_embedding.embed_layer2.1.running_var -> torch.Size([16])
  ✅ Loading: token_embedding.embed_layer2.1.num_batches_tracked -> torch.Size([])
  ✅ Loading: token_embedding.position_embedding.pe -> torch.Size([1, 5000, 16])
  ❌ Skipping: ssl_decoder.feature_expand.0.weight (decoder component)
  ❌ Skipping: ssl_decoder.feature_expand.0.bias (decoder component)
  ❌ Skipping: ssl_decoder.feature_expand.3.weight (decoder component)
  ❌ Skipping: ssl_decoder.feature_expand.3.bias (decoder component)
  ❌ Skipping: ssl_decoder.feature_expand.6.weight (decoder component)
  ❌ Skipping: ssl_decoder.feature_expand.6.bias (decoder component)
  ❌ Skipping: ssl_decoder.temporal_conv1.0.weight (decoder component)
  ❌ Skipping: ssl_decoder.temporal_conv1.0.bias (decoder component)
  ❌ Skipping: ssl_decoder.temporal_conv1.1.weight (decoder component)
  ❌ Skipping: ssl_decoder.temporal_conv1.1.bias (decoder component)
  ❌ Skipping: ssl_decoder.temporal_conv1.1.running_mean (decoder component)
  ❌ Skipping: ssl_decoder.temporal_conv1.1.running_var (decoder component)
  ❌ Skipping: ssl_decoder.temporal_conv1.1.num_batches_tracked (decoder component)
  ❌ Skipping: ssl_decoder.temporal_conv2.0.weight (decoder component)
  ❌ Skipping: ssl_decoder.temporal_conv2.0.bias (decoder component)
  ❌ Skipping: ssl_decoder.temporal_conv2.1.weight (decoder component)
  ❌ Skipping: ssl_decoder.temporal_conv2.1.bias (decoder component)
  ❌ Skipping: ssl_decoder.temporal_conv2.1.running_mean (decoder component)
  ❌ Skipping: ssl_decoder.temporal_conv2.1.running_var (decoder component)
  ❌ Skipping: ssl_decoder.temporal_conv2.1.num_batches_tracked (decoder component)
  ❌ Skipping: ssl_decoder.final_conv.weight (decoder component)
  ❌ Skipping: ssl_decoder.final_conv.bias (decoder component)
  ❌ Skipping: out.weight (decoder component)
  ❌ Skipping: out.bias (decoder component)
  ✅ Loading: stack1.attention.attention_layer.key.weight -> torch.Size([16, 16])
  ✅ Loading: stack1.attention.attention_layer.value.weight -> torch.Size([16, 16])
  ✅ Loading: stack1.attention.attention_layer.query.weight -> torch.Size([16, 16])
  ✅ Loading: stack1.attention.attention_layer.to_out.weight -> torch.Size([16])
  ✅ Loading: stack1.attention.attention_layer.to_out.bias -> torch.Size([16])
  ✅ Loading: stack1.conv_layer.downConv.weight -> torch.Size([16, 16, 3])
  ✅ Loading: stack1.conv_layer.downConv.bias -> torch.Size([16])
  ✅ Loading: stack1.conv_layer.norm.weight -> torch.Size([16])
  ✅ Loading: stack1.conv_layer.norm.bias -> torch.Size([16])
  ✅ Loading: stack1.conv_layer.norm.running_mean -> torch.Size([16])
  ✅ Loading: stack1.conv_layer.norm.running_var -> torch.Size([16])
  ✅ Loading: stack1.conv_layer.norm.num_batches_tracked -> torch.Size([])
  ✅ Loading: stack1.out.weight -> torch.Size([4, 16])
  ✅ Loading: stack1.out.bias -> torch.Size([4])
  ✅ Loading: stack2.attention.attention_layer.key.weight -> torch.Size([16, 16])
  ✅ Loading: stack2.attention.attention_layer.value.weight -> torch.Size([16, 16])
  ✅ Loading: stack2.attention.attention_layer.query.weight -> torch.Size([16, 16])
  ✅ Loading: stack2.attention.attention_layer.to_out.weight -> torch.Size([16])
  ✅ Loading: stack2.attention.attention_layer.to_out.bias -> torch.Size([16])
  ✅ Loading: stack2.conv_layer.downConv.weight -> torch.Size([16, 16, 3])
  ✅ Loading: stack2.conv_layer.downConv.bias -> torch.Size([16])
  ✅ Loading: stack2.conv_layer.norm.weight -> torch.Size([16])
  ✅ Loading: stack2.conv_layer.norm.bias -> torch.Size([16])
  ✅ Loading: stack2.conv_layer.norm.running_mean -> torch.Size([16])
  ✅ Loading: stack2.conv_layer.norm.running_var -> torch.Size([16])
  ✅ Loading: stack2.conv_layer.norm.num_batches_tracked -> torch.Size([])
  ✅ Loading: stack2.out.weight -> torch.Size([4, 16])
  ✅ Loading: stack2.out.bias -> torch.Size([4])
🔧 Loading 43 encoder components into fine-tuning model...
⚠️  Missing keys (newly initialized): ['ssl_decoder.feature_expand.0.weight', 'ssl_decoder.feature_expand.0.bias', 'ssl_decoder.feature_expand.3.weight', 'ssl_decoder.feature_expand.3.bias', 'ssl_decoder.feature_expand.6.weight', 'ssl_decoder.feature_expand.6.bias', 'ssl_decoder.temporal_conv1.0.weight', 'ssl_decoder.temporal_conv1.0.bias', 'ssl_decoder.temporal_conv1.1.weight', 'ssl_decoder.temporal_conv1.1.bias', 'ssl_decoder.temporal_conv1.1.running_mean', 'ssl_decoder.temporal_conv1.1.running_var', 'ssl_decoder.temporal_conv2.0.weight', 'ssl_decoder.temporal_conv2.0.bias', 'ssl_decoder.temporal_conv2.1.weight', 'ssl_decoder.temporal_conv2.1.bias', 'ssl_decoder.temporal_conv2.1.running_mean', 'ssl_decoder.temporal_conv2.1.running_var', 'ssl_decoder.final_conv.weight', 'ssl_decoder.final_conv.bias', 'out.weight', 'out.bias']
✅ Successfully loaded SSL pre-trained weights!
🎯 SSL decoder removed, feature classifier ready for fine-tuning
==================================================
Starting Fine-tuning
==================================================
=================================================================
Layer (type:depth-idx)                   Param #
=================================================================
DARNet                                   --
├─TokenEmbeddingOriginal: 1-1            --
│    └─Sequential: 2-1                   --
│    │    └─Conv2d: 3-1                  576
│    │    └─BatchNorm2d: 3-2             128
│    │    └─GELU: 3-3                    --
│    └─Sequential: 2-2                   --
│    │    └─Conv2d: 3-4                  32,784
│    │    └─BatchNorm2d: 3-5             32
│    │    └─GELU: 3-6                    --
│    └─PositionalEmbedding: 2-3          --
├─EEGFullDARNetDecoder: 1-2              --
│    └─Sequential: 2-4                   --
│    │    └─Linear: 3-7                  2,304
│    │    └─ReLU: 3-8                    --
│    │    └─Dropout: 3-9                 --
│    │    └─Linear: 3-10                 131,584
│    │    └─ReLU: 3-11                   --
│    │    └─Dropout: 3-12                --
│    │    └─Linear: 3-13                 4,202,496
│    └─Sequential: 2-5                   --
│    │    └─Conv1d: 3-14                 24,704
│    │    └─BatchNorm1d: 3-15            256
│    │    └─ReLU: 3-16                   --
│    │    └─Dropout: 3-17                --
│    └─Sequential: 2-6                   --
│    │    └─Conv1d: 3-18                 24,640
│    │    └─BatchNorm1d: 3-19            128
│    │    └─ReLU: 3-20                   --
│    │    └─Dropout: 3-21                --
│    └─Conv1d: 2-7                       2,080
├─Flatten: 1-3                           --
├─Linear: 1-4                            18
├─AttnRefine: 1-5                        --
│    └─MyAttention: 2-8                  --
│    │    └─Attention: 3-22              800
│    └─Refine: 2-9                       --
│    │    └─Conv1d: 3-23                 784
│    │    └─BatchNorm1d: 3-24            32
│    │    └─ELU: 3-25                    --
│    │    └─MaxPool1d: 3-26              --
│    └─AdaptiveAvgPool1d: 2-10           --
│    └─Linear: 2-11                      68
│    └─Flatten: 2-12                     --
├─AttnRefine: 1-6                        --
│    └─MyAttention: 2-13                 --
│    │    └─Attention: 3-27              800
│    └─Refine: 2-14                      --
│    │    └─Conv1d: 3-28                 784
│    │    └─BatchNorm1d: 3-29            32
│    │    └─ELU: 3-30                    --
│    │    └─MaxPool1d: 3-31              --
│    └─AdaptiveAvgPool1d: 2-15           --
│    └─Linear: 2-16                      68
│    └─Flatten: 2-17                     --
=================================================================
Total params: 4,425,098
Trainable params: 4,425,098
Non-trainable params: 0
=================================================================
TestSub: S[11, 12, 13, 14, 15] Epoch  1 Finsh | Now_lr 0.0005/0.0005|Train Loss 0.5294 | Valid Loss 1.4665 | Train Acc 70.0438| Valid Acc 54.6814
Validation acc increase (0.000000 --> 54.681420) in epoch (1).  Saving model ...
TestSub: S[11, 12, 13, 14, 15] Epoch  2 Finsh | Now_lr 0.0005/0.0005|Train Loss 0.2915 | Valid Loss 2.2676 | Train Acc 86.6312| Valid Acc 53.3925
TestSub: S[11, 12, 13, 14, 15] Epoch  3 Finsh | Now_lr 0.0005/0.0005|Train Loss 0.2013 | Valid Loss 2.5269 | Train Acc 91.5479| Valid Acc 54.1403
TestSub: S[11, 12, 13, 14, 15] Epoch  4 Finsh | Now_lr 0.0005/0.0005|Train Loss 0.1523 | Valid Loss 2.6730 | Train Acc 93.8570| Valid Acc 53.1949
TestSub: S[11, 12, 13, 14, 15] Epoch  5 Finsh | Now_lr 0.0005/0.0005|Train Loss 0.1230 | Valid Loss 2.7900 | Train Acc 95.2456| Valid Acc 53.2496
TestSub: S[11, 12, 13, 14, 15] Epoch  6 Finsh | Now_lr 0.0005/0.0005|Train Loss 0.1030 | Valid Loss 3.0088 | Train Acc 96.0992| Valid Acc 52.4593
TestSub: S[11, 12, 13, 14, 15] Epoch  7 Finsh | Now_lr 0.0005/0.0005|Train Loss 0.0880 | Valid Loss 3.2323 | Train Acc 96.7181| Valid Acc 50.6870
TestSub: S[11, 12, 13, 14, 15] Epoch  8 Finsh | Now_lr 0.0005/0.0005|Train Loss 0.0778 | Valid Loss 3.2660 | Train Acc 97.1443| Valid Acc 51.7175
TestSub: S[11, 12, 13, 14, 15] Epoch  9 Finsh | Now_lr 0.0005/0.0005|Train Loss 0.0684 | Valid Loss 3.4300 | Train Acc 97.5201| Valid Acc 51.5351
TestSub: S[11, 12, 13, 14, 15] Epoch 10 Finsh | Now_lr 0.0005/0.0005|Train Loss 0.0609 | Valid Loss 3.6280 | Train Acc 97.8216| Valid Acc 52.0063
TestSub: S[11, 12, 13, 14, 15] Epoch 11 Finsh | Now_lr 0.0005/0.0005|Train Loss 0.0556 | Valid Loss 3.5634 | Train Acc 98.0125| Valid Acc 50.1398
TestSub: S[11, 12, 13, 14, 15] Epoch 12 Finsh | Now_lr 0.0005/0.0005|Train Loss 0.0514 | Valid Loss 3.4916 | Train Acc 98.1542| Valid Acc 51.5534
TestSub: S[11, 12, 13, 14, 15] Epoch 13 Finsh | Now_lr 0.0005/0.0005|Train Loss 0.0485 | Valid Loss 3.4006 | Train Acc 98.2515| Valid Acc 51.1704
TestSub: S[11, 12, 13, 14, 15] Epoch 14 Finsh | Now_lr 0.0005/0.0005|Train Loss 0.0444 | Valid Loss 3.7358 | Train Acc 98.4180| Valid Acc 50.2949
TestSub: S[11, 12, 13, 14, 15] Epoch 15 Finsh | Now_lr 0.0005/0.0005|Train Loss 0.0426 | Valid Loss 3.5336 | Train Acc 98.4983| Valid Acc 50.6080
TestSub: S[11, 12, 13, 14, 15] Epoch 16 Finsh | Now_lr 0.0005/0.0005|Train Loss 0.0378 | Valid Loss 3.6327 | Train Acc 98.6801| Valid Acc 51.1400
TestSub: S[11, 12, 13, 14, 15] Epoch 17 Finsh | Now_lr 0.0005/0.0005|Train Loss 0.0375 | Valid Loss 3.7000 | Train Acc 98.6941| Valid Acc 50.3405
TestSub: S[11, 12, 13, 14, 15] Epoch 18 Finsh | Now_lr 0.0005/0.0005|Train Loss 0.0357 | Valid Loss 3.6836 | Train Acc 98.7555| Valid Acc 49.4376
TestSub: S[11, 12, 13, 14, 15] Epoch 19 Finsh | Now_lr 0.0005/0.0005|Train Loss 0.0331 | Valid Loss 3.7362 | Train Acc 98.8448| Valid Acc 51.1278
TestSub: S[11, 12, 13, 14, 15] Epoch 20 Finsh | Now_lr 0.0005/0.0005|Train Loss 0.0299 | Valid Loss 3.9656 | Train Acc 98.9391| Valid Acc 50.8603
TestSub: S[11, 12, 13, 14, 15] Epoch 21 Finsh | Now_lr 0.0005/0.0005|Train Loss 0.0293 | Valid Loss 3.8765 | Train Acc 98.9829| Valid Acc 50.4681
TestSub: S[11, 12, 13, 14, 15] Epoch 22 Finsh | Now_lr 0.0005/0.0005|Train Loss 0.0285 | Valid Loss 3.9647 | Train Acc 99.0199| Valid Acc 50.5685
TestSub: S[11, 12, 13, 14, 15] Epoch 23 Finsh | Now_lr 0.0005/0.0005|Train Loss 0.0266 | Valid Loss 4.0460 | Train Acc 99.0388| Valid Acc 49.1154
TestSub: S[11, 12, 13, 14, 15] Epoch 24 Finsh | Now_lr 0.0005/0.0005|Train Loss 0.0265 | Valid Loss 3.8936 | Train Acc 99.0941| Valid Acc 49.7720
TestSub: S[11, 12, 13, 14, 15] Epoch 25 Finsh | Now_lr 0.0005/0.0005|Train Loss 0.0235 | Valid Loss 4.0492 | Train Acc 99.2139| Valid Acc 50.3192
TestSub: S[11, 12, 13, 14, 15] Epoch 26 Finsh | Now_lr 0.0005/0.0005|Train Loss 0.0236 | Valid Loss 4.2136 | Train Acc 99.1877| Valid Acc 48.9573
TestSub: S[11, 12, 13, 14, 15] Epoch 27 Finsh | Now_lr 0.0005/0.0005|Train Loss 0.0227 | Valid Loss 4.1145 | Train Acc 99.2321| Valid Acc 49.0272
TestSub: S[11, 12, 13, 14, 15] Epoch 28 Finsh | Now_lr 0.0005/0.0005|Train Loss 0.0222 | Valid Loss 4.1074 | Train Acc 99.2491| Valid Acc 48.9421
TestSub: S[11, 12, 13, 14, 15] Epoch 29 Finsh | Now_lr 0.0005/0.0005|Train Loss 0.0207 | Valid Loss 4.2869 | Train Acc 99.2887| Valid Acc 48.9148
TestSub: S[11, 12, 13, 14, 15] Epoch 30 Finsh | Now_lr 0.0005/0.0005|Train Loss 0.0207 | Valid Loss 4.2534 | Train Acc 99.3045| Valid Acc 48.6321
TestSub: S[11, 12, 13, 14, 15] Epoch 31 Finsh | Now_lr 0.0005/0.0005|Train Loss 0.0207 | Valid Loss 4.2283 | Train Acc 99.2978| Valid Acc 48.8844
Early stopping triggered after 31 epochs (30 epochs without improvement)
--------------------------------------------------
Test_Subject :S[11, 12, 13, 14, 15] |Best epoch:1 | Test Loss:1.4665 | Best Acc 54.6814 | Savemodel Acc 54.6814
--------------------------------------------------

========== Fold 4 ==========
Train IDs: [1, 2, 3, 4, 5, 6, 7, 8, 9, 10, 11, 12, 13, 14, 15, 21, 22, 23, 24, 25, 26, 27, 28, 29, 30]
Val IDs:   [16, 17, 18, 19, 20]
================================================================================
SSL PRE-TRAINING PHASE
================================================================================
Loading SSL data for subjects: [1, 2, 3, 4, 5, 6, 7, 8, 9, 10, 11, 12, 13, 14, 15, 21, 22, 23, 24, 25, 26, 27, 28, 29, 30]
Loaded subject S1: (6580, 32, 128)
Loaded subject S2: (6580, 32, 128)
Loaded subject S3: (6580, 32, 128)
Loaded subject S4: (6580, 32, 128)
Loaded subject S5: (6580, 32, 128)
Loaded subject S6: (6580, 32, 128)
Loaded subject S7: (6580, 32, 128)
Loaded subject S8: (6580, 32, 128)
Loaded subject S9: (6580, 32, 128)
Loaded subject S10: (6580, 32, 128)
Loaded subject S11: (6580, 32, 128)
Loaded subject S12: (6580, 32, 128)
Loaded subject S13: (6580, 32, 128)
Loaded subject S14: (6580, 32, 128)
Loaded subject S15: (6580, 32, 128)
Loaded subject S21: (6580, 32, 128)
Loaded subject S22: (6580, 32, 128)
Loaded subject S23: (6580, 32, 128)
Loaded subject S24: (6580, 32, 128)
Loaded subject S25: (6580, 32, 128)
Loaded subject S26: (6580, 32, 128)
Loaded subject S27: (6580, 32, 128)
Loaded subject S28: (6580, 32, 128)
Loaded subject S29: (6580, 32, 128)
Loaded subject S30: (6580, 32, 128)
Total SSL data shape: (164500, 32, 128)
🏗️  SSL Model Architecture:
   - SSL Enabled: True
   - SSL Approach: full_darnet
   - Training Mode: ssl
   - Decoder Type: EEGFullDARNetDecoder
   - Encoder parameters: 36,888
   - Decoder parameters: 4,388,192
   - Total parameters: 4,425,098
   - Decoder/Total ratio: 99.2%
==================================================
Starting SSL Pre-training
==================================================
=================================================================
Layer (type:depth-idx)                   Param #
=================================================================
DARNet                                   --
├─TokenEmbeddingOriginal: 1-1            --
│    └─Sequential: 2-1                   --
│    │    └─Conv2d: 3-1                  576
│    │    └─BatchNorm2d: 3-2             128
│    │    └─GELU: 3-3                    --
│    └─Sequential: 2-2                   --
│    │    └─Conv2d: 3-4                  32,784
│    │    └─BatchNorm2d: 3-5             32
│    │    └─GELU: 3-6                    --
│    └─PositionalEmbedding: 2-3          --
├─EEGFullDARNetDecoder: 1-2              --
│    └─Sequential: 2-4                   --
│    │    └─Linear: 3-7                  2,304
│    │    └─ReLU: 3-8                    --
│    │    └─Dropout: 3-9                 --
│    │    └─Linear: 3-10                 131,584
│    │    └─ReLU: 3-11                   --
│    │    └─Dropout: 3-12                --
│    │    └─Linear: 3-13                 4,202,496
│    └─Sequential: 2-5                   --
│    │    └─Conv1d: 3-14                 24,704
│    │    └─BatchNorm1d: 3-15            256
│    │    └─ReLU: 3-16                   --
│    │    └─Dropout: 3-17                --
│    └─Sequential: 2-6                   --
│    │    └─Conv1d: 3-18                 24,640
│    │    └─BatchNorm1d: 3-19            128
│    │    └─ReLU: 3-20                   --
│    │    └─Dropout: 3-21                --
│    └─Conv1d: 2-7                       2,080
├─Flatten: 1-3                           --
├─Linear: 1-4                            18
├─AttnRefine: 1-5                        --
│    └─MyAttention: 2-8                  --
│    │    └─Attention: 3-22              800
│    └─Refine: 2-9                       --
│    │    └─Conv1d: 3-23                 784
│    │    └─BatchNorm1d: 3-24            32
│    │    └─ELU: 3-25                    --
│    │    └─MaxPool1d: 3-26              --
│    └─AdaptiveAvgPool1d: 2-10           --
│    └─Linear: 2-11                      68
│    └─Flatten: 2-12                     --
├─AttnRefine: 1-6                        --
│    └─MyAttention: 2-13                 --
│    │    └─Attention: 3-27              800
│    └─Refine: 2-14                      --
│    │    └─Conv1d: 3-28                 784
│    │    └─BatchNorm1d: 3-29            32
│    │    └─ELU: 3-30                    --
│    │    └─MaxPool1d: 3-31              --
│    └─AdaptiveAvgPool1d: 2-15           --
│    └─Linear: 2-16                      68
│    └─Flatten: 2-17                     --
=================================================================
Total params: 4,425,098
Trainable params: 4,425,098
Non-trainable params: 0
=================================================================
SSL Epoch  1 | SSL Loss: 0.371751
SSL model saved at epoch 1 with loss 0.371751 to ./exps/cross-subject/DARNet_SSL_FullDARNet/ssl_models_task1_AAD_MM-AAD_original_ssl_2025-10-13-01-39-43/ssl_best_model.pt
SSL model saved with loss 0.371751
SSL Epoch  2 | SSL Loss: 0.254161
SSL model saved at epoch 2 with loss 0.254161 to ./exps/cross-subject/DARNet_SSL_FullDARNet/ssl_models_task1_AAD_MM-AAD_original_ssl_2025-10-13-01-39-43/ssl_best_model.pt
SSL model saved with loss 0.254161
SSL Epoch  3 | SSL Loss: 0.217937
SSL model saved at epoch 3 with loss 0.217937 to ./exps/cross-subject/DARNet_SSL_FullDARNet/ssl_models_task1_AAD_MM-AAD_original_ssl_2025-10-13-01-39-43/ssl_best_model.pt
SSL model saved with loss 0.217937
SSL Epoch  4 | SSL Loss: 0.198993
SSL model saved at epoch 4 with loss 0.198993 to ./exps/cross-subject/DARNet_SSL_FullDARNet/ssl_models_task1_AAD_MM-AAD_original_ssl_2025-10-13-01-39-43/ssl_best_model.pt
SSL model saved with loss 0.198993
SSL Epoch  5 | SSL Loss: 0.188454
SSL model saved at epoch 5 with loss 0.188454 to ./exps/cross-subject/DARNet_SSL_FullDARNet/ssl_models_task1_AAD_MM-AAD_original_ssl_2025-10-13-01-39-43/ssl_best_model.pt
SSL model saved with loss 0.188454
SSL Epoch  6 | SSL Loss: 0.182140
SSL model saved at epoch 6 with loss 0.182140 to ./exps/cross-subject/DARNet_SSL_FullDARNet/ssl_models_task1_AAD_MM-AAD_original_ssl_2025-10-13-01-39-43/ssl_best_model.pt
SSL model saved with loss 0.182140
SSL Epoch  7 | SSL Loss: 0.177305
SSL model saved at epoch 7 with loss 0.177305 to ./exps/cross-subject/DARNet_SSL_FullDARNet/ssl_models_task1_AAD_MM-AAD_original_ssl_2025-10-13-01-39-43/ssl_best_model.pt
SSL model saved with loss 0.177305
SSL Epoch  8 | SSL Loss: 0.173787
SSL model saved at epoch 8 with loss 0.173787 to ./exps/cross-subject/DARNet_SSL_FullDARNet/ssl_models_task1_AAD_MM-AAD_original_ssl_2025-10-13-01-39-43/ssl_best_model.pt
SSL model saved with loss 0.173787
SSL Epoch  9 | SSL Loss: 0.170753
SSL model saved at epoch 9 with loss 0.170753 to ./exps/cross-subject/DARNet_SSL_FullDARNet/ssl_models_task1_AAD_MM-AAD_original_ssl_2025-10-13-01-39-43/ssl_best_model.pt
SSL model saved with loss 0.170753
SSL Epoch 10 | SSL Loss: 0.168129
SSL model saved at epoch 10 with loss 0.168129 to ./exps/cross-subject/DARNet_SSL_FullDARNet/ssl_models_task1_AAD_MM-AAD_original_ssl_2025-10-13-01-39-43/ssl_best_model.pt
SSL model saved with loss 0.168129
SSL Epoch 11 | SSL Loss: 0.166434
SSL model saved at epoch 11 with loss 0.166434 to ./exps/cross-subject/DARNet_SSL_FullDARNet/ssl_models_task1_AAD_MM-AAD_original_ssl_2025-10-13-01-39-43/ssl_best_model.pt
SSL model saved with loss 0.166434
SSL Epoch 12 | SSL Loss: 0.165056
SSL model saved at epoch 12 with loss 0.165056 to ./exps/cross-subject/DARNet_SSL_FullDARNet/ssl_models_task1_AAD_MM-AAD_original_ssl_2025-10-13-01-39-43/ssl_best_model.pt
SSL model saved with loss 0.165056
SSL Epoch 13 | SSL Loss: 0.163307
SSL model saved at epoch 13 with loss 0.163307 to ./exps/cross-subject/DARNet_SSL_FullDARNet/ssl_models_task1_AAD_MM-AAD_original_ssl_2025-10-13-01-39-43/ssl_best_model.pt
SSL model saved with loss 0.163307
SSL Epoch 14 | SSL Loss: 0.162140
SSL model saved at epoch 14 with loss 0.162140 to ./exps/cross-subject/DARNet_SSL_FullDARNet/ssl_models_task1_AAD_MM-AAD_original_ssl_2025-10-13-01-39-43/ssl_best_model.pt
SSL model saved with loss 0.162140
SSL Epoch 15 | SSL Loss: 0.160963
SSL model saved at epoch 15 with loss 0.160963 to ./exps/cross-subject/DARNet_SSL_FullDARNet/ssl_models_task1_AAD_MM-AAD_original_ssl_2025-10-13-01-39-43/ssl_best_model.pt
SSL model saved with loss 0.160963
SSL Epoch 16 | SSL Loss: 0.160065
SSL model saved at epoch 16 with loss 0.160065 to ./exps/cross-subject/DARNet_SSL_FullDARNet/ssl_models_task1_AAD_MM-AAD_original_ssl_2025-10-13-01-39-43/ssl_best_model.pt
SSL model saved with loss 0.160065
SSL Epoch 17 | SSL Loss: 0.159513
SSL model saved at epoch 17 with loss 0.159513 to ./exps/cross-subject/DARNet_SSL_FullDARNet/ssl_models_task1_AAD_MM-AAD_original_ssl_2025-10-13-01-39-43/ssl_best_model.pt
SSL model saved with loss 0.159513
SSL Epoch 18 | SSL Loss: 0.158340
SSL model saved at epoch 18 with loss 0.158340 to ./exps/cross-subject/DARNet_SSL_FullDARNet/ssl_models_task1_AAD_MM-AAD_original_ssl_2025-10-13-01-39-43/ssl_best_model.pt
SSL model saved with loss 0.158340
SSL Epoch 19 | SSL Loss: 0.158068
SSL model saved at epoch 19 with loss 0.158068 to ./exps/cross-subject/DARNet_SSL_FullDARNet/ssl_models_task1_AAD_MM-AAD_original_ssl_2025-10-13-01-39-43/ssl_best_model.pt
SSL model saved with loss 0.158068
SSL Epoch 20 | SSL Loss: 0.157242
SSL model saved at epoch 20 with loss 0.157242 to ./exps/cross-subject/DARNet_SSL_FullDARNet/ssl_models_task1_AAD_MM-AAD_original_ssl_2025-10-13-01-39-43/ssl_best_model.pt
SSL model saved with loss 0.157242
SSL Epoch 21 | SSL Loss: 0.156797
SSL model saved at epoch 21 with loss 0.156797 to ./exps/cross-subject/DARNet_SSL_FullDARNet/ssl_models_task1_AAD_MM-AAD_original_ssl_2025-10-13-01-39-43/ssl_best_model.pt
SSL model saved with loss 0.156797
SSL Epoch 22 | SSL Loss: 0.156121
SSL model saved at epoch 22 with loss 0.156121 to ./exps/cross-subject/DARNet_SSL_FullDARNet/ssl_models_task1_AAD_MM-AAD_original_ssl_2025-10-13-01-39-43/ssl_best_model.pt
SSL model saved with loss 0.156121
SSL Epoch 23 | SSL Loss: 0.155644
SSL model saved at epoch 23 with loss 0.155644 to ./exps/cross-subject/DARNet_SSL_FullDARNet/ssl_models_task1_AAD_MM-AAD_original_ssl_2025-10-13-01-39-43/ssl_best_model.pt
SSL model saved with loss 0.155644
SSL Epoch 24 | SSL Loss: 0.155242
SSL model saved at epoch 24 with loss 0.155242 to ./exps/cross-subject/DARNet_SSL_FullDARNet/ssl_models_task1_AAD_MM-AAD_original_ssl_2025-10-13-01-39-43/ssl_best_model.pt
SSL model saved with loss 0.155242
SSL Epoch 25 | SSL Loss: 0.155089
SSL model saved at epoch 25 with loss 0.155089 to ./exps/cross-subject/DARNet_SSL_FullDARNet/ssl_models_task1_AAD_MM-AAD_original_ssl_2025-10-13-01-39-43/ssl_best_model.pt
SSL model saved with loss 0.155089
SSL Epoch 26 | SSL Loss: 0.154136
SSL model saved at epoch 26 with loss 0.154136 to ./exps/cross-subject/DARNet_SSL_FullDARNet/ssl_models_task1_AAD_MM-AAD_original_ssl_2025-10-13-01-39-43/ssl_best_model.pt
SSL model saved with loss 0.154136
SSL Epoch 27 | SSL Loss: 0.154145
SSL Epoch 28 | SSL Loss: 0.153591
SSL model saved at epoch 28 with loss 0.153591 to ./exps/cross-subject/DARNet_SSL_FullDARNet/ssl_models_task1_AAD_MM-AAD_original_ssl_2025-10-13-01-39-43/ssl_best_model.pt
SSL model saved with loss 0.153591
SSL Epoch 29 | SSL Loss: 0.153265
SSL model saved at epoch 29 with loss 0.153265 to ./exps/cross-subject/DARNet_SSL_FullDARNet/ssl_models_task1_AAD_MM-AAD_original_ssl_2025-10-13-01-39-43/ssl_best_model.pt
SSL model saved with loss 0.153265
SSL Epoch 30 | SSL Loss: 0.152763
SSL model saved at epoch 30 with loss 0.152763 to ./exps/cross-subject/DARNet_SSL_FullDARNet/ssl_models_task1_AAD_MM-AAD_original_ssl_2025-10-13-01-39-43/ssl_best_model.pt
SSL model saved with loss 0.152763
==================================================
SSL Pre-training completed. Best loss: 0.152763
==================================================
train_data_shape(164500, 32, 128),val_data_shape(32900, 32, 128)
🔄 Loading SSL pre-trained weights from: ./exps/cross-subject/DARNet_SSL_FullDARNet/ssl_models_task1_AAD_MM-AAD_original_ssl_2025-10-13-01-39-43/ssl_best_model.pt
📋 Available keys in SSL checkpoint: 67 total
  - token_embedding.embed_layer.0.weight: torch.Size([64, 1, 1, 8])
  - token_embedding.embed_layer.0.bias: torch.Size([64])
  - token_embedding.embed_layer.1.weight: torch.Size([64])
  - token_embedding.embed_layer.1.bias: torch.Size([64])
  - token_embedding.embed_layer.1.running_mean: torch.Size([64])
  - token_embedding.embed_layer.1.running_var: torch.Size([64])
  - token_embedding.embed_layer.1.num_batches_tracked: torch.Size([])
  - token_embedding.embed_layer2.0.weight: torch.Size([16, 64, 32, 1])
  - token_embedding.embed_layer2.0.bias: torch.Size([16])
  - token_embedding.embed_layer2.1.weight: torch.Size([16])
  - token_embedding.embed_layer2.1.bias: torch.Size([16])
  - token_embedding.embed_layer2.1.running_mean: torch.Size([16])
  - token_embedding.embed_layer2.1.running_var: torch.Size([16])
  - token_embedding.embed_layer2.1.num_batches_tracked: torch.Size([])
  - token_embedding.position_embedding.pe: torch.Size([1, 5000, 16])
  - ssl_decoder.feature_expand.0.weight: torch.Size([256, 8])
  - ssl_decoder.feature_expand.0.bias: torch.Size([256])
  - ssl_decoder.feature_expand.3.weight: torch.Size([512, 256])
  - ssl_decoder.feature_expand.3.bias: torch.Size([512])
  - ssl_decoder.feature_expand.6.weight: torch.Size([8192, 512])
  - ssl_decoder.feature_expand.6.bias: torch.Size([8192])
  - ssl_decoder.temporal_conv1.0.weight: torch.Size([128, 64, 3])
  - ssl_decoder.temporal_conv1.0.bias: torch.Size([128])
  - ssl_decoder.temporal_conv1.1.weight: torch.Size([128])
  - ssl_decoder.temporal_conv1.1.bias: torch.Size([128])
  - ssl_decoder.temporal_conv1.1.running_mean: torch.Size([128])
  - ssl_decoder.temporal_conv1.1.running_var: torch.Size([128])
  - ssl_decoder.temporal_conv1.1.num_batches_tracked: torch.Size([])
  - ssl_decoder.temporal_conv2.0.weight: torch.Size([64, 128, 3])
  - ssl_decoder.temporal_conv2.0.bias: torch.Size([64])
  - ssl_decoder.temporal_conv2.1.weight: torch.Size([64])
  - ssl_decoder.temporal_conv2.1.bias: torch.Size([64])
  - ssl_decoder.temporal_conv2.1.running_mean: torch.Size([64])
  - ssl_decoder.temporal_conv2.1.running_var: torch.Size([64])
  - ssl_decoder.temporal_conv2.1.num_batches_tracked: torch.Size([])
  - ssl_decoder.final_conv.weight: torch.Size([32, 64, 1])
  - ssl_decoder.final_conv.bias: torch.Size([32])
  - out.weight: torch.Size([2, 8])
  - out.bias: torch.Size([2])
  - stack1.attention.attention_layer.key.weight: torch.Size([16, 16])
  - stack1.attention.attention_layer.value.weight: torch.Size([16, 16])
  - stack1.attention.attention_layer.query.weight: torch.Size([16, 16])
  - stack1.attention.attention_layer.to_out.weight: torch.Size([16])
  - stack1.attention.attention_layer.to_out.bias: torch.Size([16])
  - stack1.conv_layer.downConv.weight: torch.Size([16, 16, 3])
  - stack1.conv_layer.downConv.bias: torch.Size([16])
  - stack1.conv_layer.norm.weight: torch.Size([16])
  - stack1.conv_layer.norm.bias: torch.Size([16])
  - stack1.conv_layer.norm.running_mean: torch.Size([16])
  - stack1.conv_layer.norm.running_var: torch.Size([16])
  - stack1.conv_layer.norm.num_batches_tracked: torch.Size([])
  - stack1.out.weight: torch.Size([4, 16])
  - stack1.out.bias: torch.Size([4])
  - stack2.attention.attention_layer.key.weight: torch.Size([16, 16])
  - stack2.attention.attention_layer.value.weight: torch.Size([16, 16])
  - stack2.attention.attention_layer.query.weight: torch.Size([16, 16])
  - stack2.attention.attention_layer.to_out.weight: torch.Size([16])
  - stack2.attention.attention_layer.to_out.bias: torch.Size([16])
  - stack2.conv_layer.downConv.weight: torch.Size([16, 16, 3])
  - stack2.conv_layer.downConv.bias: torch.Size([16])
  - stack2.conv_layer.norm.weight: torch.Size([16])
  - stack2.conv_layer.norm.bias: torch.Size([16])
  - stack2.conv_layer.norm.running_mean: torch.Size([16])
  - stack2.conv_layer.norm.running_var: torch.Size([16])
  - stack2.conv_layer.norm.num_batches_tracked: torch.Size([])
  - stack2.out.weight: torch.Size([4, 16])
  - stack2.out.bias: torch.Size([4])
🎯 SSL approach detected: full_darnet
  ✅ Loading: token_embedding.embed_layer.0.weight -> torch.Size([64, 1, 1, 8])
  ✅ Loading: token_embedding.embed_layer.0.bias -> torch.Size([64])
  ✅ Loading: token_embedding.embed_layer.1.weight -> torch.Size([64])
  ✅ Loading: token_embedding.embed_layer.1.bias -> torch.Size([64])
  ✅ Loading: token_embedding.embed_layer.1.running_mean -> torch.Size([64])
  ✅ Loading: token_embedding.embed_layer.1.running_var -> torch.Size([64])
  ✅ Loading: token_embedding.embed_layer.1.num_batches_tracked -> torch.Size([])
  ✅ Loading: token_embedding.embed_layer2.0.weight -> torch.Size([16, 64, 32, 1])
  ✅ Loading: token_embedding.embed_layer2.0.bias -> torch.Size([16])
  ✅ Loading: token_embedding.embed_layer2.1.weight -> torch.Size([16])
  ✅ Loading: token_embedding.embed_layer2.1.bias -> torch.Size([16])
  ✅ Loading: token_embedding.embed_layer2.1.running_mean -> torch.Size([16])
  ✅ Loading: token_embedding.embed_layer2.1.running_var -> torch.Size([16])
  ✅ Loading: token_embedding.embed_layer2.1.num_batches_tracked -> torch.Size([])
  ✅ Loading: token_embedding.position_embedding.pe -> torch.Size([1, 5000, 16])
  ❌ Skipping: ssl_decoder.feature_expand.0.weight (decoder component)
  ❌ Skipping: ssl_decoder.feature_expand.0.bias (decoder component)
  ❌ Skipping: ssl_decoder.feature_expand.3.weight (decoder component)
  ❌ Skipping: ssl_decoder.feature_expand.3.bias (decoder component)
  ❌ Skipping: ssl_decoder.feature_expand.6.weight (decoder component)
  ❌ Skipping: ssl_decoder.feature_expand.6.bias (decoder component)
  ❌ Skipping: ssl_decoder.temporal_conv1.0.weight (decoder component)
  ❌ Skipping: ssl_decoder.temporal_conv1.0.bias (decoder component)
  ❌ Skipping: ssl_decoder.temporal_conv1.1.weight (decoder component)
  ❌ Skipping: ssl_decoder.temporal_conv1.1.bias (decoder component)
  ❌ Skipping: ssl_decoder.temporal_conv1.1.running_mean (decoder component)
  ❌ Skipping: ssl_decoder.temporal_conv1.1.running_var (decoder component)
  ❌ Skipping: ssl_decoder.temporal_conv1.1.num_batches_tracked (decoder component)
  ❌ Skipping: ssl_decoder.temporal_conv2.0.weight (decoder component)
  ❌ Skipping: ssl_decoder.temporal_conv2.0.bias (decoder component)
  ❌ Skipping: ssl_decoder.temporal_conv2.1.weight (decoder component)
  ❌ Skipping: ssl_decoder.temporal_conv2.1.bias (decoder component)
  ❌ Skipping: ssl_decoder.temporal_conv2.1.running_mean (decoder component)
  ❌ Skipping: ssl_decoder.temporal_conv2.1.running_var (decoder component)
  ❌ Skipping: ssl_decoder.temporal_conv2.1.num_batches_tracked (decoder component)
  ❌ Skipping: ssl_decoder.final_conv.weight (decoder component)
  ❌ Skipping: ssl_decoder.final_conv.bias (decoder component)
  ❌ Skipping: out.weight (decoder component)
  ❌ Skipping: out.bias (decoder component)
  ✅ Loading: stack1.attention.attention_layer.key.weight -> torch.Size([16, 16])
  ✅ Loading: stack1.attention.attention_layer.value.weight -> torch.Size([16, 16])
  ✅ Loading: stack1.attention.attention_layer.query.weight -> torch.Size([16, 16])
  ✅ Loading: stack1.attention.attention_layer.to_out.weight -> torch.Size([16])
  ✅ Loading: stack1.attention.attention_layer.to_out.bias -> torch.Size([16])
  ✅ Loading: stack1.conv_layer.downConv.weight -> torch.Size([16, 16, 3])
  ✅ Loading: stack1.conv_layer.downConv.bias -> torch.Size([16])
  ✅ Loading: stack1.conv_layer.norm.weight -> torch.Size([16])
  ✅ Loading: stack1.conv_layer.norm.bias -> torch.Size([16])
  ✅ Loading: stack1.conv_layer.norm.running_mean -> torch.Size([16])
  ✅ Loading: stack1.conv_layer.norm.running_var -> torch.Size([16])
  ✅ Loading: stack1.conv_layer.norm.num_batches_tracked -> torch.Size([])
  ✅ Loading: stack1.out.weight -> torch.Size([4, 16])
  ✅ Loading: stack1.out.bias -> torch.Size([4])
  ✅ Loading: stack2.attention.attention_layer.key.weight -> torch.Size([16, 16])
  ✅ Loading: stack2.attention.attention_layer.value.weight -> torch.Size([16, 16])
  ✅ Loading: stack2.attention.attention_layer.query.weight -> torch.Size([16, 16])
  ✅ Loading: stack2.attention.attention_layer.to_out.weight -> torch.Size([16])
  ✅ Loading: stack2.attention.attention_layer.to_out.bias -> torch.Size([16])
  ✅ Loading: stack2.conv_layer.downConv.weight -> torch.Size([16, 16, 3])
  ✅ Loading: stack2.conv_layer.downConv.bias -> torch.Size([16])
  ✅ Loading: stack2.conv_layer.norm.weight -> torch.Size([16])
  ✅ Loading: stack2.conv_layer.norm.bias -> torch.Size([16])
  ✅ Loading: stack2.conv_layer.norm.running_mean -> torch.Size([16])
  ✅ Loading: stack2.conv_layer.norm.running_var -> torch.Size([16])
  ✅ Loading: stack2.conv_layer.norm.num_batches_tracked -> torch.Size([])
  ✅ Loading: stack2.out.weight -> torch.Size([4, 16])
  ✅ Loading: stack2.out.bias -> torch.Size([4])
🔧 Loading 43 encoder components into fine-tuning model...
⚠️  Missing keys (newly initialized): ['ssl_decoder.feature_expand.0.weight', 'ssl_decoder.feature_expand.0.bias', 'ssl_decoder.feature_expand.3.weight', 'ssl_decoder.feature_expand.3.bias', 'ssl_decoder.feature_expand.6.weight', 'ssl_decoder.feature_expand.6.bias', 'ssl_decoder.temporal_conv1.0.weight', 'ssl_decoder.temporal_conv1.0.bias', 'ssl_decoder.temporal_conv1.1.weight', 'ssl_decoder.temporal_conv1.1.bias', 'ssl_decoder.temporal_conv1.1.running_mean', 'ssl_decoder.temporal_conv1.1.running_var', 'ssl_decoder.temporal_conv2.0.weight', 'ssl_decoder.temporal_conv2.0.bias', 'ssl_decoder.temporal_conv2.1.weight', 'ssl_decoder.temporal_conv2.1.bias', 'ssl_decoder.temporal_conv2.1.running_mean', 'ssl_decoder.temporal_conv2.1.running_var', 'ssl_decoder.final_conv.weight', 'ssl_decoder.final_conv.bias', 'out.weight', 'out.bias']
✅ Successfully loaded SSL pre-trained weights!
🎯 SSL decoder removed, feature classifier ready for fine-tuning
==================================================
Starting Fine-tuning
==================================================
=================================================================
Layer (type:depth-idx)                   Param #
=================================================================
DARNet                                   --
├─TokenEmbeddingOriginal: 1-1            --
│    └─Sequential: 2-1                   --
│    │    └─Conv2d: 3-1                  576
│    │    └─BatchNorm2d: 3-2             128
│    │    └─GELU: 3-3                    --
│    └─Sequential: 2-2                   --
│    │    └─Conv2d: 3-4                  32,784
│    │    └─BatchNorm2d: 3-5             32
│    │    └─GELU: 3-6                    --
│    └─PositionalEmbedding: 2-3          --
├─EEGFullDARNetDecoder: 1-2              --
│    └─Sequential: 2-4                   --
│    │    └─Linear: 3-7                  2,304
│    │    └─ReLU: 3-8                    --
│    │    └─Dropout: 3-9                 --
│    │    └─Linear: 3-10                 131,584
│    │    └─ReLU: 3-11                   --
│    │    └─Dropout: 3-12                --
│    │    └─Linear: 3-13                 4,202,496
│    └─Sequential: 2-5                   --
│    │    └─Conv1d: 3-14                 24,704
│    │    └─BatchNorm1d: 3-15            256
│    │    └─ReLU: 3-16                   --
│    │    └─Dropout: 3-17                --
│    └─Sequential: 2-6                   --
│    │    └─Conv1d: 3-18                 24,640
│    │    └─BatchNorm1d: 3-19            128
│    │    └─ReLU: 3-20                   --
│    │    └─Dropout: 3-21                --
│    └─Conv1d: 2-7                       2,080
├─Flatten: 1-3                           --
├─Linear: 1-4                            18
├─AttnRefine: 1-5                        --
│    └─MyAttention: 2-8                  --
│    │    └─Attention: 3-22              800
│    └─Refine: 2-9                       --
│    │    └─Conv1d: 3-23                 784
│    │    └─BatchNorm1d: 3-24            32
│    │    └─ELU: 3-25                    --
│    │    └─MaxPool1d: 3-26              --
│    └─AdaptiveAvgPool1d: 2-10           --
│    └─Linear: 2-11                      68
│    └─Flatten: 2-12                     --
├─AttnRefine: 1-6                        --
│    └─MyAttention: 2-13                 --
│    │    └─Attention: 3-27              800
│    └─Refine: 2-14                      --
│    │    └─Conv1d: 3-28                 784
│    │    └─BatchNorm1d: 3-29            32
│    │    └─ELU: 3-30                    --
│    │    └─MaxPool1d: 3-31              --
│    └─AdaptiveAvgPool1d: 2-15           --
│    └─Linear: 2-16                      68
│    └─Flatten: 2-17                     --
=================================================================
Total params: 4,425,098
Trainable params: 4,425,098
Non-trainable params: 0
=================================================================
TestSub: S[16, 17, 18, 19, 20] Epoch  1 Finsh | Now_lr 0.0005/0.0005|Train Loss 0.5221 | Valid Loss 1.3942 | Train Acc 70.7089| Valid Acc 49.0181
Validation acc increase (0.000000 --> 49.018118) in epoch (1).  Saving model ...
TestSub: S[16, 17, 18, 19, 20] Epoch  2 Finsh | Now_lr 0.0005/0.0005|Train Loss 0.3040 | Valid Loss 1.7584 | Train Acc 86.0585| Valid Acc 48.5378
TestSub: S[16, 17, 18, 19, 20] Epoch  3 Finsh | Now_lr 0.0005/0.0005|Train Loss 0.2183 | Valid Loss 2.1187 | Train Acc 90.5861| Valid Acc 50.7630
Validation acc increase (49.018118 --> 50.763011) in epoch (3).  Saving model ...
TestSub: S[16, 17, 18, 19, 20] Epoch  4 Finsh | Now_lr 0.0005/0.0005|Train Loss 0.1683 | Valid Loss 2.4378 | Train Acc 93.0545| Valid Acc 49.8176
TestSub: S[16, 17, 18, 19, 20] Epoch  5 Finsh | Now_lr 0.0005/0.0005|Train Loss 0.1384 | Valid Loss 2.6638 | Train Acc 94.4814| Valid Acc 49.5866
TestSub: S[16, 17, 18, 19, 20] Epoch  6 Finsh | Now_lr 0.0005/0.0005|Train Loss 0.1157 | Valid Loss 2.9698 | Train Acc 95.5387| Valid Acc 49.4011
TestSub: S[16, 17, 18, 19, 20] Epoch  7 Finsh | Now_lr 0.0005/0.0005|Train Loss 0.1013 | Valid Loss 3.1254 | Train Acc 96.1387| Valid Acc 50.3344
TestSub: S[16, 17, 18, 19, 20] Epoch  8 Finsh | Now_lr 0.0005/0.0005|Train Loss 0.0876 | Valid Loss 3.2999 | Train Acc 96.7090| Valid Acc 50.2645
TestSub: S[16, 17, 18, 19, 20] Epoch  9 Finsh | Now_lr 0.0005/0.0005|Train Loss 0.0768 | Valid Loss 3.3472 | Train Acc 97.1182| Valid Acc 50.5867
TestSub: S[16, 17, 18, 19, 20] Epoch 10 Finsh | Now_lr 0.0005/0.0005|Train Loss 0.0686 | Valid Loss 3.8125 | Train Acc 97.4732| Valid Acc 51.3983
Validation acc increase (50.763011 --> 51.398346) in epoch (10).  Saving model ...
TestSub: S[16, 17, 18, 19, 20] Epoch 11 Finsh | Now_lr 0.0005/0.0005|Train Loss 0.0641 | Valid Loss 3.9404 | Train Acc 97.6587| Valid Acc 48.9786
TestSub: S[16, 17, 18, 19, 20] Epoch 12 Finsh | Now_lr 0.0005/0.0005|Train Loss 0.0579 | Valid Loss 4.0081 | Train Acc 97.9146| Valid Acc 49.2795
TestSub: S[16, 17, 18, 19, 20] Epoch 13 Finsh | Now_lr 0.0005/0.0005|Train Loss 0.0536 | Valid Loss 4.1300 | Train Acc 98.0636| Valid Acc 48.7141
TestSub: S[16, 17, 18, 19, 20] Epoch 14 Finsh | Now_lr 0.0005/0.0005|Train Loss 0.0487 | Valid Loss 4.0813 | Train Acc 98.2296| Valid Acc 50.4621
TestSub: S[16, 17, 18, 19, 20] Epoch 15 Finsh | Now_lr 0.0005/0.0005|Train Loss 0.0455 | Valid Loss 4.2492 | Train Acc 98.3633| Valid Acc 48.6625
TestSub: S[16, 17, 18, 19, 20] Epoch 16 Finsh | Now_lr 0.0005/0.0005|Train Loss 0.0413 | Valid Loss 4.0840 | Train Acc 98.5457| Valid Acc 50.4165
TestSub: S[16, 17, 18, 19, 20] Epoch 17 Finsh | Now_lr 0.0005/0.0005|Train Loss 0.0404 | Valid Loss 4.0236 | Train Acc 98.5421| Valid Acc 49.3251
TestSub: S[16, 17, 18, 19, 20] Epoch 18 Finsh | Now_lr 0.0005/0.0005|Train Loss 0.0351 | Valid Loss 4.1471 | Train Acc 98.7725| Valid Acc 51.1521
TestSub: S[16, 17, 18, 19, 20] Epoch 19 Finsh | Now_lr 0.0005/0.0005|Train Loss 0.0341 | Valid Loss 4.4500 | Train Acc 98.7986| Valid Acc 50.4621
TestSub: S[16, 17, 18, 19, 20] Epoch 20 Finsh | Now_lr 0.0005/0.0005|Train Loss 0.0330 | Valid Loss 4.3163 | Train Acc 98.8613| Valid Acc 49.1063
TestSub: S[16, 17, 18, 19, 20] Epoch 21 Finsh | Now_lr 0.0005/0.0005|Train Loss 0.0307 | Valid Loss 4.4142 | Train Acc 98.9251| Valid Acc 51.2281
TestSub: S[16, 17, 18, 19, 20] Epoch 22 Finsh | Now_lr 0.0005/0.0005|Train Loss 0.0288 | Valid Loss 4.3000 | Train Acc 98.9774| Valid Acc 50.3982
TestSub: S[16, 17, 18, 19, 20] Epoch 23 Finsh | Now_lr 0.0005/0.0005|Train Loss 0.0282 | Valid Loss 4.1656 | Train Acc 99.0060| Valid Acc 51.4166
Validation acc increase (51.398346 --> 51.416586) in epoch (23).  Saving model ...
TestSub: S[16, 17, 18, 19, 20] Epoch 24 Finsh | Now_lr 0.0005/0.0005|Train Loss 0.0265 | Valid Loss 4.3218 | Train Acc 99.0643| Valid Acc 51.4227
Validation acc increase (51.416586 --> 51.422665) in epoch (24).  Saving model ...
TestSub: S[16, 17, 18, 19, 20] Epoch 25 Finsh | Now_lr 0.0005/0.0005|Train Loss 0.0253 | Valid Loss 4.2452 | Train Acc 99.1300| Valid Acc 50.7812
TestSub: S[16, 17, 18, 19, 20] Epoch 26 Finsh | Now_lr 0.0005/0.0005|Train Loss 0.0239 | Valid Loss 4.5255 | Train Acc 99.1768| Valid Acc 50.2158
TestSub: S[16, 17, 18, 19, 20] Epoch 27 Finsh | Now_lr 0.0005/0.0005|Train Loss 0.0230 | Valid Loss 4.5012 | Train Acc 99.1956| Valid Acc 50.2645
TestSub: S[16, 17, 18, 19, 20] Epoch 28 Finsh | Now_lr 0.0005/0.0005|Train Loss 0.0232 | Valid Loss 4.4287 | Train Acc 99.1804| Valid Acc 50.7509
TestSub: S[16, 17, 18, 19, 20] Epoch 29 Finsh | Now_lr 0.0005/0.0005|Train Loss 0.0216 | Valid Loss 4.2299 | Train Acc 99.2795| Valid Acc 51.3771
TestSub: S[16, 17, 18, 19, 20] Epoch 30 Finsh | Now_lr 0.0005/0.0005|Train Loss 0.0199 | Valid Loss 4.5813 | Train Acc 99.3087| Valid Acc 50.9424
TestSub: S[16, 17, 18, 19, 20] Epoch 31 Finsh | Now_lr 0.0005/0.0005|Train Loss 0.0200 | Valid Loss 4.4368 | Train Acc 99.3166| Valid Acc 51.5139
Validation acc increase (51.422665 --> 51.513862) in epoch (31).  Saving model ...
TestSub: S[16, 17, 18, 19, 20] Epoch 32 Finsh | Now_lr 0.0005/0.0005|Train Loss 0.0194 | Valid Loss 4.3597 | Train Acc 99.3501| Valid Acc 51.9364
Validation acc increase (51.513862 --> 51.936406) in epoch (32).  Saving model ...
TestSub: S[16, 17, 18, 19, 20] Epoch 33 Finsh | Now_lr 0.0005/0.0005|Train Loss 0.0188 | Valid Loss 4.3840 | Train Acc 99.3574| Valid Acc 52.0094
Validation acc increase (51.936406 --> 52.009363) in epoch (33).  Saving model ...
TestSub: S[16, 17, 18, 19, 20] Epoch 34 Finsh | Now_lr 0.0005/0.0005|Train Loss 0.0187 | Valid Loss 4.5998 | Train Acc 99.3555| Valid Acc 50.6536
TestSub: S[16, 17, 18, 19, 20] Epoch 35 Finsh | Now_lr 0.0005/0.0005|Train Loss 0.0176 | Valid Loss 4.4488 | Train Acc 99.3932| Valid Acc 52.4501
Validation acc increase (52.009363 --> 52.450146) in epoch (35).  Saving model ...
TestSub: S[16, 17, 18, 19, 20] Epoch 36 Finsh | Now_lr 0.0005/0.0005|Train Loss 0.0169 | Valid Loss 4.6503 | Train Acc 99.4127| Valid Acc 52.0671
TestSub: S[16, 17, 18, 19, 20] Epoch 37 Finsh | Now_lr 0.0005/0.0005|Train Loss 0.0165 | Valid Loss 4.4004 | Train Acc 99.4267| Valid Acc 51.7966
TestSub: S[16, 17, 18, 19, 20] Epoch 38 Finsh | Now_lr 0.0005/0.0005|Train Loss 0.0174 | Valid Loss 4.1513 | Train Acc 99.3945| Valid Acc 52.2860
TestSub: S[16, 17, 18, 19, 20] Epoch 39 Finsh | Now_lr 0.0005/0.0005|Train Loss 0.0158 | Valid Loss 4.2437 | Train Acc 99.4522| Valid Acc 51.5959
TestSub: S[16, 17, 18, 19, 20] Epoch 40 Finsh | Now_lr 0.0005/0.0005|Train Loss 0.0161 | Valid Loss 4.4662 | Train Acc 99.4662| Valid Acc 51.7084
TestSub: S[16, 17, 18, 19, 20] Epoch 41 Finsh | Now_lr 0.0005/0.0005|Train Loss 0.0151 | Valid Loss 4.5605 | Train Acc 99.4601| Valid Acc 52.2830
TestSub: S[16, 17, 18, 19, 20] Epoch 42 Finsh | Now_lr 0.0005/0.0005|Train Loss 0.0147 | Valid Loss 4.4871 | Train Acc 99.5088| Valid Acc 52.4714
Validation acc increase (52.450146 --> 52.471425) in epoch (42).  Saving model ...
TestSub: S[16, 17, 18, 19, 20] Epoch 43 Finsh | Now_lr 0.0005/0.0005|Train Loss 0.0153 | Valid Loss 4.2268 | Train Acc 99.4802| Valid Acc 52.2678
TestSub: S[16, 17, 18, 19, 20] Epoch 44 Finsh | Now_lr 0.0005/0.0005|Train Loss 0.0141 | Valid Loss 4.5528 | Train Acc 99.5142| Valid Acc 51.8908
TestSub: S[16, 17, 18, 19, 20] Epoch 45 Finsh | Now_lr 0.0005/0.0005|Train Loss 0.0143 | Valid Loss 4.2558 | Train Acc 99.5100| Valid Acc 53.4624
Validation acc increase (52.471425 --> 53.462427) in epoch (45).  Saving model ...
TestSub: S[16, 17, 18, 19, 20] Epoch 46 Finsh | Now_lr 0.0005/0.0005|Train Loss 0.0136 | Valid Loss 4.2585 | Train Acc 99.5422| Valid Acc 52.0246
TestSub: S[16, 17, 18, 19, 20] Epoch 47 Finsh | Now_lr 0.0005/0.0005|Train Loss 0.0138 | Valid Loss 4.4348 | Train Acc 99.5209| Valid Acc 53.0125
TestSub: S[16, 17, 18, 19, 20] Epoch 48 Finsh | Now_lr 0.0005/0.0005|Train Loss 0.0132 | Valid Loss 4.3536 | Train Acc 99.5689| Valid Acc 53.7208
Validation acc increase (53.462427 --> 53.720817) in epoch (48).  Saving model ...
TestSub: S[16, 17, 18, 19, 20] Epoch 49 Finsh | Now_lr 0.0005/0.0005|Train Loss 0.0129 | Valid Loss 4.0956 | Train Acc 99.5689| Valid Acc 52.5687
TestSub: S[16, 17, 18, 19, 20] Epoch 50 Finsh | Now_lr 0.0005/0.0005|Train Loss 0.0121 | Valid Loss 4.3761 | Train Acc 99.5902| Valid Acc 51.3284
TestSub: S[16, 17, 18, 19, 20] Epoch 51 Finsh | Now_lr 0.0005/0.0005|Train Loss 0.0127 | Valid Loss 4.4058 | Train Acc 99.5544| Valid Acc 52.1097
TestSub: S[16, 17, 18, 19, 20] Epoch 52 Finsh | Now_lr 0.0005/0.0005|Train Loss 0.0122 | Valid Loss 4.5228 | Train Acc 99.6072| Valid Acc 51.5868
TestSub: S[16, 17, 18, 19, 20] Epoch 53 Finsh | Now_lr 0.0005/0.0005|Train Loss 0.0118 | Valid Loss 4.4041 | Train Acc 99.6066| Valid Acc 51.6446
TestSub: S[16, 17, 18, 19, 20] Epoch 54 Finsh | Now_lr 0.0005/0.0005|Train Loss 0.0119 | Valid Loss 4.5065 | Train Acc 99.6212| Valid Acc 52.2678
TestSub: S[16, 17, 18, 19, 20] Epoch 55 Finsh | Now_lr 0.0005/0.0005|Train Loss 0.0112 | Valid Loss 4.5792 | Train Acc 99.6036| Valid Acc 51.4683
TestSub: S[16, 17, 18, 19, 20] Epoch 56 Finsh | Now_lr 0.0005/0.0005|Train Loss 0.0114 | Valid Loss 4.5186 | Train Acc 99.6024| Valid Acc 52.6356
TestSub: S[16, 17, 18, 19, 20] Epoch 57 Finsh | Now_lr 0.0005/0.0005|Train Loss 0.0107 | Valid Loss 4.7404 | Train Acc 99.6535| Valid Acc 51.9151
TestSub: S[16, 17, 18, 19, 20] Epoch 58 Finsh | Now_lr 0.0005/0.0005|Train Loss 0.0106 | Valid Loss 4.7076 | Train Acc 99.6528| Valid Acc 52.1401
TestSub: S[16, 17, 18, 19, 20] Epoch 59 Finsh | Now_lr 0.0005/0.0005|Train Loss 0.0106 | Valid Loss 4.5944 | Train Acc 99.6644| Valid Acc 53.0855
TestSub: S[16, 17, 18, 19, 20] Epoch 60 Finsh | Now_lr 0.0005/0.0005|Train Loss 0.0105 | Valid Loss 4.6942 | Train Acc 99.6474| Valid Acc 51.0244
TestSub: S[16, 17, 18, 19, 20] Epoch 61 Finsh | Now_lr 0.0005/0.0005|Train Loss 0.0106 | Valid Loss 4.5069 | Train Acc 99.6352| Valid Acc 51.2980
TestSub: S[16, 17, 18, 19, 20] Epoch 62 Finsh | Now_lr 0.0005/0.0005|Train Loss 0.0107 | Valid Loss 4.5772 | Train Acc 99.6304| Valid Acc 51.0640
TestSub: S[16, 17, 18, 19, 20] Epoch 63 Finsh | Now_lr 0.0005/0.0005|Train Loss 0.0098 | Valid Loss 4.6636 | Train Acc 99.6680| Valid Acc 50.3070
TestSub: S[16, 17, 18, 19, 20] Epoch 64 Finsh | Now_lr 0.0005/0.0005|Train Loss 0.0098 | Valid Loss 4.5604 | Train Acc 99.6632| Valid Acc 51.5260
TestSub: S[16, 17, 18, 19, 20] Epoch 65 Finsh | Now_lr 0.0005/0.0005|Train Loss 0.0097 | Valid Loss 4.6183 | Train Acc 99.6735| Valid Acc 51.8179
TestSub: S[16, 17, 18, 19, 20] Epoch 66 Finsh | Now_lr 0.0005/0.0005|Train Loss 0.0093 | Valid Loss 4.7524 | Train Acc 99.6942| Valid Acc 50.7144
TestSub: S[16, 17, 18, 19, 20] Epoch 67 Finsh | Now_lr 0.0005/0.0005|Train Loss 0.0093 | Valid Loss 4.6474 | Train Acc 99.7082| Valid Acc 52.2769
TestSub: S[16, 17, 18, 19, 20] Epoch 68 Finsh | Now_lr 0.0005/0.0005|Train Loss 0.0100 | Valid Loss 4.5064 | Train Acc 99.6735| Valid Acc 51.9577
TestSub: S[16, 17, 18, 19, 20] Epoch 69 Finsh | Now_lr 0.0005/0.0005|Train Loss 0.0087 | Valid Loss 4.7247 | Train Acc 99.7240| Valid Acc 51.8604
TestSub: S[16, 17, 18, 19, 20] Epoch 70 Finsh | Now_lr 0.0005/0.0005|Train Loss 0.0097 | Valid Loss 4.7189 | Train Acc 99.6839| Valid Acc 52.8605
TestSub: S[16, 17, 18, 19, 20] Epoch 71 Finsh | Now_lr 0.0005/0.0005|Train Loss 0.0085 | Valid Loss 4.7506 | Train Acc 99.7203| Valid Acc 52.0154
TestSub: S[16, 17, 18, 19, 20] Epoch 72 Finsh | Now_lr 0.0005/0.0005|Train Loss 0.0097 | Valid Loss 4.4519 | Train Acc 99.6832| Valid Acc 52.6994
TestSub: S[16, 17, 18, 19, 20] Epoch 73 Finsh | Now_lr 0.0005/0.0005|Train Loss 0.0097 | Valid Loss 4.4193 | Train Acc 99.7021| Valid Acc 49.5319
TestSub: S[16, 17, 18, 19, 20] Epoch 74 Finsh | Now_lr 0.0005/0.0005|Train Loss 0.0087 | Valid Loss 4.4049 | Train Acc 99.7051| Valid Acc 52.1127
TestSub: S[16, 17, 18, 19, 20] Epoch 75 Finsh | Now_lr 0.0005/0.0005|Train Loss 0.0084 | Valid Loss 4.6389 | Train Acc 99.7112| Valid Acc 51.1308
TestSub: S[16, 17, 18, 19, 20] Epoch 76 Finsh | Now_lr 0.0005/0.0005|Train Loss 0.0094 | Valid Loss 4.3685 | Train Acc 99.7051| Valid Acc 51.1126
TestSub: S[16, 17, 18, 19, 20] Epoch 77 Finsh | Now_lr 0.0005/0.0005|Train Loss 0.0081 | Valid Loss 4.7041 | Train Acc 99.7398| Valid Acc 50.4560
TestSub: S[16, 17, 18, 19, 20] Epoch 78 Finsh | Now_lr 0.0005/0.0005|Train Loss 0.0081 | Valid Loss 4.5183 | Train Acc 99.7453| Valid Acc 51.1916
Early stopping triggered after 78 epochs (30 epochs without improvement)
--------------------------------------------------
Test_Subject :S[16, 17, 18, 19, 20] |Best epoch:48 | Test Loss:4.3536 | Best Acc 53.7208 | Savemodel Acc 53.7208
--------------------------------------------------

========== Fold 5 ==========
Train IDs: [1, 2, 3, 4, 5, 6, 7, 8, 9, 10, 11, 12, 13, 14, 15, 16, 17, 18, 19, 20, 26, 27, 28, 29, 30]
Val IDs:   [21, 22, 23, 24, 25]
================================================================================
SSL PRE-TRAINING PHASE
================================================================================
Loading SSL data for subjects: [1, 2, 3, 4, 5, 6, 7, 8, 9, 10, 11, 12, 13, 14, 15, 16, 17, 18, 19, 20, 26, 27, 28, 29, 30]
Loaded subject S1: (6580, 32, 128)
Loaded subject S2: (6580, 32, 128)
Loaded subject S3: (6580, 32, 128)
Loaded subject S4: (6580, 32, 128)
Loaded subject S5: (6580, 32, 128)
Loaded subject S6: (6580, 32, 128)
Loaded subject S7: (6580, 32, 128)
Loaded subject S8: (6580, 32, 128)
Loaded subject S9: (6580, 32, 128)
Loaded subject S10: (6580, 32, 128)
Loaded subject S11: (6580, 32, 128)
Loaded subject S12: (6580, 32, 128)
Loaded subject S13: (6580, 32, 128)
Loaded subject S14: (6580, 32, 128)
Loaded subject S15: (6580, 32, 128)
Loaded subject S16: (6580, 32, 128)
Loaded subject S17: (6580, 32, 128)
Loaded subject S18: (6580, 32, 128)
Loaded subject S19: (6580, 32, 128)
Loaded subject S20: (6580, 32, 128)
Loaded subject S26: (6580, 32, 128)
Loaded subject S27: (6580, 32, 128)
Loaded subject S28: (6580, 32, 128)
Loaded subject S29: (6580, 32, 128)
Loaded subject S30: (6580, 32, 128)
Total SSL data shape: (164500, 32, 128)
🏗️  SSL Model Architecture:
   - SSL Enabled: True
   - SSL Approach: full_darnet
   - Training Mode: ssl
   - Decoder Type: EEGFullDARNetDecoder
   - Encoder parameters: 36,888
   - Decoder parameters: 4,388,192
   - Total parameters: 4,425,098
   - Decoder/Total ratio: 99.2%
==================================================
Starting SSL Pre-training
==================================================
=================================================================
Layer (type:depth-idx)                   Param #
=================================================================
DARNet                                   --
├─TokenEmbeddingOriginal: 1-1            --
│    └─Sequential: 2-1                   --
│    │    └─Conv2d: 3-1                  576
│    │    └─BatchNorm2d: 3-2             128
│    │    └─GELU: 3-3                    --
│    └─Sequential: 2-2                   --
│    │    └─Conv2d: 3-4                  32,784
│    │    └─BatchNorm2d: 3-5             32
│    │    └─GELU: 3-6                    --
│    └─PositionalEmbedding: 2-3          --
├─EEGFullDARNetDecoder: 1-2              --
│    └─Sequential: 2-4                   --
│    │    └─Linear: 3-7                  2,304
│    │    └─ReLU: 3-8                    --
│    │    └─Dropout: 3-9                 --
│    │    └─Linear: 3-10                 131,584
│    │    └─ReLU: 3-11                   --
│    │    └─Dropout: 3-12                --
│    │    └─Linear: 3-13                 4,202,496
│    └─Sequential: 2-5                   --
│    │    └─Conv1d: 3-14                 24,704
│    │    └─BatchNorm1d: 3-15            256
│    │    └─ReLU: 3-16                   --
│    │    └─Dropout: 3-17                --
│    └─Sequential: 2-6                   --
│    │    └─Conv1d: 3-18                 24,640
│    │    └─BatchNorm1d: 3-19            128
│    │    └─ReLU: 3-20                   --
│    │    └─Dropout: 3-21                --
│    └─Conv1d: 2-7                       2,080
├─Flatten: 1-3                           --
├─Linear: 1-4                            18
├─AttnRefine: 1-5                        --
│    └─MyAttention: 2-8                  --
│    │    └─Attention: 3-22              800
│    └─Refine: 2-9                       --
│    │    └─Conv1d: 3-23                 784
│    │    └─BatchNorm1d: 3-24            32
│    │    └─ELU: 3-25                    --
│    │    └─MaxPool1d: 3-26              --
│    └─AdaptiveAvgPool1d: 2-10           --
│    └─Linear: 2-11                      68
│    └─Flatten: 2-12                     --
├─AttnRefine: 1-6                        --
│    └─MyAttention: 2-13                 --
│    │    └─Attention: 3-27              800
│    └─Refine: 2-14                      --
│    │    └─Conv1d: 3-28                 784
│    │    └─BatchNorm1d: 3-29            32
│    │    └─ELU: 3-30                    --
│    │    └─MaxPool1d: 3-31              --
│    └─AdaptiveAvgPool1d: 2-15           --
│    └─Linear: 2-16                      68
│    └─Flatten: 2-17                     --
=================================================================
Total params: 4,425,098
Trainable params: 4,425,098
Non-trainable params: 0
=================================================================
SSL Epoch  1 | SSL Loss: 0.372152
SSL model saved at epoch 1 with loss 0.372152 to ./exps/cross-subject/DARNet_SSL_FullDARNet/ssl_models_task1_AAD_MM-AAD_original_ssl_2025-10-13-01-39-43/ssl_best_model.pt
SSL model saved with loss 0.372152
SSL Epoch  2 | SSL Loss: 0.255259
SSL model saved at epoch 2 with loss 0.255259 to ./exps/cross-subject/DARNet_SSL_FullDARNet/ssl_models_task1_AAD_MM-AAD_original_ssl_2025-10-13-01-39-43/ssl_best_model.pt
SSL model saved with loss 0.255259
SSL Epoch  3 | SSL Loss: 0.217107
SSL model saved at epoch 3 with loss 0.217107 to ./exps/cross-subject/DARNet_SSL_FullDARNet/ssl_models_task1_AAD_MM-AAD_original_ssl_2025-10-13-01-39-43/ssl_best_model.pt
SSL model saved with loss 0.217107
SSL Epoch  4 | SSL Loss: 0.198353
SSL model saved at epoch 4 with loss 0.198353 to ./exps/cross-subject/DARNet_SSL_FullDARNet/ssl_models_task1_AAD_MM-AAD_original_ssl_2025-10-13-01-39-43/ssl_best_model.pt
SSL model saved with loss 0.198353
SSL Epoch  5 | SSL Loss: 0.187410
SSL model saved at epoch 5 with loss 0.187410 to ./exps/cross-subject/DARNet_SSL_FullDARNet/ssl_models_task1_AAD_MM-AAD_original_ssl_2025-10-13-01-39-43/ssl_best_model.pt
SSL model saved with loss 0.187410
SSL Epoch  6 | SSL Loss: 0.179915
SSL model saved at epoch 6 with loss 0.179915 to ./exps/cross-subject/DARNet_SSL_FullDARNet/ssl_models_task1_AAD_MM-AAD_original_ssl_2025-10-13-01-39-43/ssl_best_model.pt
SSL model saved with loss 0.179915
SSL Epoch  7 | SSL Loss: 0.175285
SSL model saved at epoch 7 with loss 0.175285 to ./exps/cross-subject/DARNet_SSL_FullDARNet/ssl_models_task1_AAD_MM-AAD_original_ssl_2025-10-13-01-39-43/ssl_best_model.pt
SSL model saved with loss 0.175285
SSL Epoch  8 | SSL Loss: 0.171704
SSL model saved at epoch 8 with loss 0.171704 to ./exps/cross-subject/DARNet_SSL_FullDARNet/ssl_models_task1_AAD_MM-AAD_original_ssl_2025-10-13-01-39-43/ssl_best_model.pt
SSL model saved with loss 0.171704
SSL Epoch  9 | SSL Loss: 0.168468
SSL model saved at epoch 9 with loss 0.168468 to ./exps/cross-subject/DARNet_SSL_FullDARNet/ssl_models_task1_AAD_MM-AAD_original_ssl_2025-10-13-01-39-43/ssl_best_model.pt
SSL model saved with loss 0.168468
SSL Epoch 10 | SSL Loss: 0.165864
SSL model saved at epoch 10 with loss 0.165864 to ./exps/cross-subject/DARNet_SSL_FullDARNet/ssl_models_task1_AAD_MM-AAD_original_ssl_2025-10-13-01-39-43/ssl_best_model.pt
SSL model saved with loss 0.165864
SSL Epoch 11 | SSL Loss: 0.164127
SSL model saved at epoch 11 with loss 0.164127 to ./exps/cross-subject/DARNet_SSL_FullDARNet/ssl_models_task1_AAD_MM-AAD_original_ssl_2025-10-13-01-39-43/ssl_best_model.pt
SSL model saved with loss 0.164127
SSL Epoch 12 | SSL Loss: 0.162597
SSL model saved at epoch 12 with loss 0.162597 to ./exps/cross-subject/DARNet_SSL_FullDARNet/ssl_models_task1_AAD_MM-AAD_original_ssl_2025-10-13-01-39-43/ssl_best_model.pt
SSL model saved with loss 0.162597
SSL Epoch 13 | SSL Loss: 0.161052
SSL model saved at epoch 13 with loss 0.161052 to ./exps/cross-subject/DARNet_SSL_FullDARNet/ssl_models_task1_AAD_MM-AAD_original_ssl_2025-10-13-01-39-43/ssl_best_model.pt
SSL model saved with loss 0.161052
SSL Epoch 14 | SSL Loss: 0.159970
SSL model saved at epoch 14 with loss 0.159970 to ./exps/cross-subject/DARNet_SSL_FullDARNet/ssl_models_task1_AAD_MM-AAD_original_ssl_2025-10-13-01-39-43/ssl_best_model.pt
SSL model saved with loss 0.159970
SSL Epoch 15 | SSL Loss: 0.158895
SSL model saved at epoch 15 with loss 0.158895 to ./exps/cross-subject/DARNet_SSL_FullDARNet/ssl_models_task1_AAD_MM-AAD_original_ssl_2025-10-13-01-39-43/ssl_best_model.pt
SSL model saved with loss 0.158895
SSL Epoch 16 | SSL Loss: 0.157886
SSL model saved at epoch 16 with loss 0.157886 to ./exps/cross-subject/DARNet_SSL_FullDARNet/ssl_models_task1_AAD_MM-AAD_original_ssl_2025-10-13-01-39-43/ssl_best_model.pt
SSL model saved with loss 0.157886
SSL Epoch 17 | SSL Loss: 0.157182
SSL model saved at epoch 17 with loss 0.157182 to ./exps/cross-subject/DARNet_SSL_FullDARNet/ssl_models_task1_AAD_MM-AAD_original_ssl_2025-10-13-01-39-43/ssl_best_model.pt
SSL model saved with loss 0.157182
SSL Epoch 18 | SSL Loss: 0.156449
SSL model saved at epoch 18 with loss 0.156449 to ./exps/cross-subject/DARNet_SSL_FullDARNet/ssl_models_task1_AAD_MM-AAD_original_ssl_2025-10-13-01-39-43/ssl_best_model.pt
SSL model saved with loss 0.156449
SSL Epoch 19 | SSL Loss: 0.155830
SSL model saved at epoch 19 with loss 0.155830 to ./exps/cross-subject/DARNet_SSL_FullDARNet/ssl_models_task1_AAD_MM-AAD_original_ssl_2025-10-13-01-39-43/ssl_best_model.pt
SSL model saved with loss 0.155830
SSL Epoch 20 | SSL Loss: 0.154996
SSL model saved at epoch 20 with loss 0.154996 to ./exps/cross-subject/DARNet_SSL_FullDARNet/ssl_models_task1_AAD_MM-AAD_original_ssl_2025-10-13-01-39-43/ssl_best_model.pt
SSL model saved with loss 0.154996
SSL Epoch 21 | SSL Loss: 0.154703
SSL model saved at epoch 21 with loss 0.154703 to ./exps/cross-subject/DARNet_SSL_FullDARNet/ssl_models_task1_AAD_MM-AAD_original_ssl_2025-10-13-01-39-43/ssl_best_model.pt
SSL model saved with loss 0.154703
SSL Epoch 22 | SSL Loss: 0.154391
SSL model saved at epoch 22 with loss 0.154391 to ./exps/cross-subject/DARNet_SSL_FullDARNet/ssl_models_task1_AAD_MM-AAD_original_ssl_2025-10-13-01-39-43/ssl_best_model.pt
SSL model saved with loss 0.154391
SSL Epoch 23 | SSL Loss: 0.153820
SSL model saved at epoch 23 with loss 0.153820 to ./exps/cross-subject/DARNet_SSL_FullDARNet/ssl_models_task1_AAD_MM-AAD_original_ssl_2025-10-13-01-39-43/ssl_best_model.pt
SSL model saved with loss 0.153820
SSL Epoch 24 | SSL Loss: 0.153165
SSL model saved at epoch 24 with loss 0.153165 to ./exps/cross-subject/DARNet_SSL_FullDARNet/ssl_models_task1_AAD_MM-AAD_original_ssl_2025-10-13-01-39-43/ssl_best_model.pt
SSL model saved with loss 0.153165
SSL Epoch 25 | SSL Loss: 0.152753
SSL model saved at epoch 25 with loss 0.152753 to ./exps/cross-subject/DARNet_SSL_FullDARNet/ssl_models_task1_AAD_MM-AAD_original_ssl_2025-10-13-01-39-43/ssl_best_model.pt
SSL model saved with loss 0.152753
SSL Epoch 26 | SSL Loss: 0.152445
SSL model saved at epoch 26 with loss 0.152445 to ./exps/cross-subject/DARNet_SSL_FullDARNet/ssl_models_task1_AAD_MM-AAD_original_ssl_2025-10-13-01-39-43/ssl_best_model.pt
SSL model saved with loss 0.152445
SSL Epoch 27 | SSL Loss: 0.152187
SSL model saved at epoch 27 with loss 0.152187 to ./exps/cross-subject/DARNet_SSL_FullDARNet/ssl_models_task1_AAD_MM-AAD_original_ssl_2025-10-13-01-39-43/ssl_best_model.pt
SSL model saved with loss 0.152187
SSL Epoch 28 | SSL Loss: 0.151697
SSL model saved at epoch 28 with loss 0.151697 to ./exps/cross-subject/DARNet_SSL_FullDARNet/ssl_models_task1_AAD_MM-AAD_original_ssl_2025-10-13-01-39-43/ssl_best_model.pt
SSL model saved with loss 0.151697
SSL Epoch 29 | SSL Loss: 0.151625
SSL model saved at epoch 29 with loss 0.151625 to ./exps/cross-subject/DARNet_SSL_FullDARNet/ssl_models_task1_AAD_MM-AAD_original_ssl_2025-10-13-01-39-43/ssl_best_model.pt
SSL model saved with loss 0.151625
SSL Epoch 30 | SSL Loss: 0.151134
SSL model saved at epoch 30 with loss 0.151134 to ./exps/cross-subject/DARNet_SSL_FullDARNet/ssl_models_task1_AAD_MM-AAD_original_ssl_2025-10-13-01-39-43/ssl_best_model.pt
SSL model saved with loss 0.151134
==================================================
SSL Pre-training completed. Best loss: 0.151134
==================================================
train_data_shape(164500, 32, 128),val_data_shape(32900, 32, 128)
🔄 Loading SSL pre-trained weights from: ./exps/cross-subject/DARNet_SSL_FullDARNet/ssl_models_task1_AAD_MM-AAD_original_ssl_2025-10-13-01-39-43/ssl_best_model.pt
📋 Available keys in SSL checkpoint: 67 total
  - token_embedding.embed_layer.0.weight: torch.Size([64, 1, 1, 8])
  - token_embedding.embed_layer.0.bias: torch.Size([64])
  - token_embedding.embed_layer.1.weight: torch.Size([64])
  - token_embedding.embed_layer.1.bias: torch.Size([64])
  - token_embedding.embed_layer.1.running_mean: torch.Size([64])
  - token_embedding.embed_layer.1.running_var: torch.Size([64])
  - token_embedding.embed_layer.1.num_batches_tracked: torch.Size([])
  - token_embedding.embed_layer2.0.weight: torch.Size([16, 64, 32, 1])
  - token_embedding.embed_layer2.0.bias: torch.Size([16])
  - token_embedding.embed_layer2.1.weight: torch.Size([16])
  - token_embedding.embed_layer2.1.bias: torch.Size([16])
  - token_embedding.embed_layer2.1.running_mean: torch.Size([16])
  - token_embedding.embed_layer2.1.running_var: torch.Size([16])
  - token_embedding.embed_layer2.1.num_batches_tracked: torch.Size([])
  - token_embedding.position_embedding.pe: torch.Size([1, 5000, 16])
  - ssl_decoder.feature_expand.0.weight: torch.Size([256, 8])
  - ssl_decoder.feature_expand.0.bias: torch.Size([256])
  - ssl_decoder.feature_expand.3.weight: torch.Size([512, 256])
  - ssl_decoder.feature_expand.3.bias: torch.Size([512])
  - ssl_decoder.feature_expand.6.weight: torch.Size([8192, 512])
  - ssl_decoder.feature_expand.6.bias: torch.Size([8192])
  - ssl_decoder.temporal_conv1.0.weight: torch.Size([128, 64, 3])
  - ssl_decoder.temporal_conv1.0.bias: torch.Size([128])
  - ssl_decoder.temporal_conv1.1.weight: torch.Size([128])
  - ssl_decoder.temporal_conv1.1.bias: torch.Size([128])
  - ssl_decoder.temporal_conv1.1.running_mean: torch.Size([128])
  - ssl_decoder.temporal_conv1.1.running_var: torch.Size([128])
  - ssl_decoder.temporal_conv1.1.num_batches_tracked: torch.Size([])
  - ssl_decoder.temporal_conv2.0.weight: torch.Size([64, 128, 3])
  - ssl_decoder.temporal_conv2.0.bias: torch.Size([64])
  - ssl_decoder.temporal_conv2.1.weight: torch.Size([64])
  - ssl_decoder.temporal_conv2.1.bias: torch.Size([64])
  - ssl_decoder.temporal_conv2.1.running_mean: torch.Size([64])
  - ssl_decoder.temporal_conv2.1.running_var: torch.Size([64])
  - ssl_decoder.temporal_conv2.1.num_batches_tracked: torch.Size([])
  - ssl_decoder.final_conv.weight: torch.Size([32, 64, 1])
  - ssl_decoder.final_conv.bias: torch.Size([32])
  - out.weight: torch.Size([2, 8])
  - out.bias: torch.Size([2])
  - stack1.attention.attention_layer.key.weight: torch.Size([16, 16])
  - stack1.attention.attention_layer.value.weight: torch.Size([16, 16])
  - stack1.attention.attention_layer.query.weight: torch.Size([16, 16])
  - stack1.attention.attention_layer.to_out.weight: torch.Size([16])
  - stack1.attention.attention_layer.to_out.bias: torch.Size([16])
  - stack1.conv_layer.downConv.weight: torch.Size([16, 16, 3])
  - stack1.conv_layer.downConv.bias: torch.Size([16])
  - stack1.conv_layer.norm.weight: torch.Size([16])
  - stack1.conv_layer.norm.bias: torch.Size([16])
  - stack1.conv_layer.norm.running_mean: torch.Size([16])
  - stack1.conv_layer.norm.running_var: torch.Size([16])
  - stack1.conv_layer.norm.num_batches_tracked: torch.Size([])
  - stack1.out.weight: torch.Size([4, 16])
  - stack1.out.bias: torch.Size([4])
  - stack2.attention.attention_layer.key.weight: torch.Size([16, 16])
  - stack2.attention.attention_layer.value.weight: torch.Size([16, 16])
  - stack2.attention.attention_layer.query.weight: torch.Size([16, 16])
  - stack2.attention.attention_layer.to_out.weight: torch.Size([16])
  - stack2.attention.attention_layer.to_out.bias: torch.Size([16])
  - stack2.conv_layer.downConv.weight: torch.Size([16, 16, 3])
  - stack2.conv_layer.downConv.bias: torch.Size([16])
  - stack2.conv_layer.norm.weight: torch.Size([16])
  - stack2.conv_layer.norm.bias: torch.Size([16])
  - stack2.conv_layer.norm.running_mean: torch.Size([16])
  - stack2.conv_layer.norm.running_var: torch.Size([16])
  - stack2.conv_layer.norm.num_batches_tracked: torch.Size([])
  - stack2.out.weight: torch.Size([4, 16])
  - stack2.out.bias: torch.Size([4])
🎯 SSL approach detected: full_darnet
  ✅ Loading: token_embedding.embed_layer.0.weight -> torch.Size([64, 1, 1, 8])
  ✅ Loading: token_embedding.embed_layer.0.bias -> torch.Size([64])
  ✅ Loading: token_embedding.embed_layer.1.weight -> torch.Size([64])
  ✅ Loading: token_embedding.embed_layer.1.bias -> torch.Size([64])
  ✅ Loading: token_embedding.embed_layer.1.running_mean -> torch.Size([64])
  ✅ Loading: token_embedding.embed_layer.1.running_var -> torch.Size([64])
  ✅ Loading: token_embedding.embed_layer.1.num_batches_tracked -> torch.Size([])
  ✅ Loading: token_embedding.embed_layer2.0.weight -> torch.Size([16, 64, 32, 1])
  ✅ Loading: token_embedding.embed_layer2.0.bias -> torch.Size([16])
  ✅ Loading: token_embedding.embed_layer2.1.weight -> torch.Size([16])
  ✅ Loading: token_embedding.embed_layer2.1.bias -> torch.Size([16])
  ✅ Loading: token_embedding.embed_layer2.1.running_mean -> torch.Size([16])
  ✅ Loading: token_embedding.embed_layer2.1.running_var -> torch.Size([16])
  ✅ Loading: token_embedding.embed_layer2.1.num_batches_tracked -> torch.Size([])
  ✅ Loading: token_embedding.position_embedding.pe -> torch.Size([1, 5000, 16])
  ❌ Skipping: ssl_decoder.feature_expand.0.weight (decoder component)
  ❌ Skipping: ssl_decoder.feature_expand.0.bias (decoder component)
  ❌ Skipping: ssl_decoder.feature_expand.3.weight (decoder component)
  ❌ Skipping: ssl_decoder.feature_expand.3.bias (decoder component)
  ❌ Skipping: ssl_decoder.feature_expand.6.weight (decoder component)
  ❌ Skipping: ssl_decoder.feature_expand.6.bias (decoder component)
  ❌ Skipping: ssl_decoder.temporal_conv1.0.weight (decoder component)
  ❌ Skipping: ssl_decoder.temporal_conv1.0.bias (decoder component)
  ❌ Skipping: ssl_decoder.temporal_conv1.1.weight (decoder component)
  ❌ Skipping: ssl_decoder.temporal_conv1.1.bias (decoder component)
  ❌ Skipping: ssl_decoder.temporal_conv1.1.running_mean (decoder component)
  ❌ Skipping: ssl_decoder.temporal_conv1.1.running_var (decoder component)
  ❌ Skipping: ssl_decoder.temporal_conv1.1.num_batches_tracked (decoder component)
  ❌ Skipping: ssl_decoder.temporal_conv2.0.weight (decoder component)
  ❌ Skipping: ssl_decoder.temporal_conv2.0.bias (decoder component)
  ❌ Skipping: ssl_decoder.temporal_conv2.1.weight (decoder component)
  ❌ Skipping: ssl_decoder.temporal_conv2.1.bias (decoder component)
  ❌ Skipping: ssl_decoder.temporal_conv2.1.running_mean (decoder component)
  ❌ Skipping: ssl_decoder.temporal_conv2.1.running_var (decoder component)
  ❌ Skipping: ssl_decoder.temporal_conv2.1.num_batches_tracked (decoder component)
  ❌ Skipping: ssl_decoder.final_conv.weight (decoder component)
  ❌ Skipping: ssl_decoder.final_conv.bias (decoder component)
  ❌ Skipping: out.weight (decoder component)
  ❌ Skipping: out.bias (decoder component)
  ✅ Loading: stack1.attention.attention_layer.key.weight -> torch.Size([16, 16])
  ✅ Loading: stack1.attention.attention_layer.value.weight -> torch.Size([16, 16])
  ✅ Loading: stack1.attention.attention_layer.query.weight -> torch.Size([16, 16])
  ✅ Loading: stack1.attention.attention_layer.to_out.weight -> torch.Size([16])
  ✅ Loading: stack1.attention.attention_layer.to_out.bias -> torch.Size([16])
  ✅ Loading: stack1.conv_layer.downConv.weight -> torch.Size([16, 16, 3])
  ✅ Loading: stack1.conv_layer.downConv.bias -> torch.Size([16])
  ✅ Loading: stack1.conv_layer.norm.weight -> torch.Size([16])
  ✅ Loading: stack1.conv_layer.norm.bias -> torch.Size([16])
  ✅ Loading: stack1.conv_layer.norm.running_mean -> torch.Size([16])
  ✅ Loading: stack1.conv_layer.norm.running_var -> torch.Size([16])
  ✅ Loading: stack1.conv_layer.norm.num_batches_tracked -> torch.Size([])
  ✅ Loading: stack1.out.weight -> torch.Size([4, 16])
  ✅ Loading: stack1.out.bias -> torch.Size([4])
  ✅ Loading: stack2.attention.attention_layer.key.weight -> torch.Size([16, 16])
  ✅ Loading: stack2.attention.attention_layer.value.weight -> torch.Size([16, 16])
  ✅ Loading: stack2.attention.attention_layer.query.weight -> torch.Size([16, 16])
  ✅ Loading: stack2.attention.attention_layer.to_out.weight -> torch.Size([16])
  ✅ Loading: stack2.attention.attention_layer.to_out.bias -> torch.Size([16])
  ✅ Loading: stack2.conv_layer.downConv.weight -> torch.Size([16, 16, 3])
  ✅ Loading: stack2.conv_layer.downConv.bias -> torch.Size([16])
  ✅ Loading: stack2.conv_layer.norm.weight -> torch.Size([16])
  ✅ Loading: stack2.conv_layer.norm.bias -> torch.Size([16])
  ✅ Loading: stack2.conv_layer.norm.running_mean -> torch.Size([16])
  ✅ Loading: stack2.conv_layer.norm.running_var -> torch.Size([16])
  ✅ Loading: stack2.conv_layer.norm.num_batches_tracked -> torch.Size([])
  ✅ Loading: stack2.out.weight -> torch.Size([4, 16])
  ✅ Loading: stack2.out.bias -> torch.Size([4])
🔧 Loading 43 encoder components into fine-tuning model...
⚠️  Missing keys (newly initialized): ['ssl_decoder.feature_expand.0.weight', 'ssl_decoder.feature_expand.0.bias', 'ssl_decoder.feature_expand.3.weight', 'ssl_decoder.feature_expand.3.bias', 'ssl_decoder.feature_expand.6.weight', 'ssl_decoder.feature_expand.6.bias', 'ssl_decoder.temporal_conv1.0.weight', 'ssl_decoder.temporal_conv1.0.bias', 'ssl_decoder.temporal_conv1.1.weight', 'ssl_decoder.temporal_conv1.1.bias', 'ssl_decoder.temporal_conv1.1.running_mean', 'ssl_decoder.temporal_conv1.1.running_var', 'ssl_decoder.temporal_conv2.0.weight', 'ssl_decoder.temporal_conv2.0.bias', 'ssl_decoder.temporal_conv2.1.weight', 'ssl_decoder.temporal_conv2.1.bias', 'ssl_decoder.temporal_conv2.1.running_mean', 'ssl_decoder.temporal_conv2.1.running_var', 'ssl_decoder.final_conv.weight', 'ssl_decoder.final_conv.bias', 'out.weight', 'out.bias']
✅ Successfully loaded SSL pre-trained weights!
🎯 SSL decoder removed, feature classifier ready for fine-tuning
==================================================
Starting Fine-tuning
==================================================
=================================================================
Layer (type:depth-idx)                   Param #
=================================================================
DARNet                                   --
├─TokenEmbeddingOriginal: 1-1            --
│    └─Sequential: 2-1                   --
│    │    └─Conv2d: 3-1                  576
│    │    └─BatchNorm2d: 3-2             128
│    │    └─GELU: 3-3                    --
│    └─Sequential: 2-2                   --
│    │    └─Conv2d: 3-4                  32,784
│    │    └─BatchNorm2d: 3-5             32
│    │    └─GELU: 3-6                    --
│    └─PositionalEmbedding: 2-3          --
├─EEGFullDARNetDecoder: 1-2              --
│    └─Sequential: 2-4                   --
│    │    └─Linear: 3-7                  2,304
│    │    └─ReLU: 3-8                    --
│    │    └─Dropout: 3-9                 --
│    │    └─Linear: 3-10                 131,584
│    │    └─ReLU: 3-11                   --
│    │    └─Dropout: 3-12                --
│    │    └─Linear: 3-13                 4,202,496
│    └─Sequential: 2-5                   --
│    │    └─Conv1d: 3-14                 24,704
│    │    └─BatchNorm1d: 3-15            256
│    │    └─ReLU: 3-16                   --
│    │    └─Dropout: 3-17                --
│    └─Sequential: 2-6                   --
│    │    └─Conv1d: 3-18                 24,640
│    │    └─BatchNorm1d: 3-19            128
│    │    └─ReLU: 3-20                   --
│    │    └─Dropout: 3-21                --
│    └─Conv1d: 2-7                       2,080
├─Flatten: 1-3                           --
├─Linear: 1-4                            18
├─AttnRefine: 1-5                        --
│    └─MyAttention: 2-8                  --
│    │    └─Attention: 3-22              800
│    └─Refine: 2-9                       --
│    │    └─Conv1d: 3-23                 784
│    │    └─BatchNorm1d: 3-24            32
│    │    └─ELU: 3-25                    --
│    │    └─MaxPool1d: 3-26              --
│    └─AdaptiveAvgPool1d: 2-10           --
│    └─Linear: 2-11                      68
│    └─Flatten: 2-12                     --
├─AttnRefine: 1-6                        --
│    └─MyAttention: 2-13                 --
│    │    └─Attention: 3-27              800
│    └─Refine: 2-14                      --
│    │    └─Conv1d: 3-28                 784
│    │    └─BatchNorm1d: 3-29            32
│    │    └─ELU: 3-30                    --
│    │    └─MaxPool1d: 3-31              --
│    └─AdaptiveAvgPool1d: 2-15           --
│    └─Linear: 2-16                      68
│    └─Flatten: 2-17                     --
=================================================================
Total params: 4,425,098
Trainable params: 4,425,098
Non-trainable params: 0
=================================================================
TestSub: S[21, 22, 23, 24, 25] Epoch  1 Finsh | Now_lr 0.0005/0.0005|Train Loss 0.5557 | Valid Loss 1.3722 | Train Acc 67.1243| Valid Acc 48.8114
Validation acc increase (0.000000 --> 48.811406) in epoch (1).  Saving model ...
TestSub: S[21, 22, 23, 24, 25] Epoch  2 Finsh | Now_lr 0.0005/0.0005|Train Loss 0.3541 | Valid Loss 1.9831 | Train Acc 82.6496| Valid Acc 48.1913
TestSub: S[21, 22, 23, 24, 25] Epoch  3 Finsh | Now_lr 0.0005/0.0005|Train Loss 0.2691 | Valid Loss 2.0465 | Train Acc 87.8921| Valid Acc 46.7260
TestSub: S[21, 22, 23, 24, 25] Epoch  4 Finsh | Now_lr 0.0005/0.0005|Train Loss 0.2152 | Valid Loss 2.2915 | Train Acc 90.7630| Valid Acc 48.0970
TestSub: S[21, 22, 23, 24, 25] Epoch  5 Finsh | Now_lr 0.0005/0.0005|Train Loss 0.1795 | Valid Loss 2.5613 | Train Acc 92.5991| Valid Acc 49.2887
Validation acc increase (48.811406 --> 49.288667) in epoch (5).  Saving model ...
TestSub: S[21, 22, 23, 24, 25] Epoch  6 Finsh | Now_lr 0.0005/0.0005|Train Loss 0.1489 | Valid Loss 2.7705 | Train Acc 93.9275| Valid Acc 50.0973
Validation acc increase (49.288667 --> 50.097276) in epoch (6).  Saving model ...
TestSub: S[21, 22, 23, 24, 25] Epoch  7 Finsh | Now_lr 0.0005/0.0005|Train Loss 0.1290 | Valid Loss 2.8180 | Train Acc 94.8669| Valid Acc 49.1154
TestSub: S[21, 22, 23, 24, 25] Epoch  8 Finsh | Now_lr 0.0005/0.0005|Train Loss 0.1119 | Valid Loss 2.9865 | Train Acc 95.6019| Valid Acc 51.9121
Validation acc increase (50.097276 --> 51.912087) in epoch (8).  Saving model ...
TestSub: S[21, 22, 23, 24, 25] Epoch  9 Finsh | Now_lr 0.0005/0.0005|Train Loss 0.0991 | Valid Loss 3.1196 | Train Acc 96.2141| Valid Acc 50.4925
TestSub: S[21, 22, 23, 24, 25] Epoch 10 Finsh | Now_lr 0.0005/0.0005|Train Loss 0.0863 | Valid Loss 3.1306 | Train Acc 96.7820| Valid Acc 50.6171
TestSub: S[21, 22, 23, 24, 25] Epoch 11 Finsh | Now_lr 0.0005/0.0005|Train Loss 0.0765 | Valid Loss 3.5927 | Train Acc 97.1693| Valid Acc 50.6353
TestSub: S[21, 22, 23, 24, 25] Epoch 12 Finsh | Now_lr 0.0005/0.0005|Train Loss 0.0708 | Valid Loss 3.6027 | Train Acc 97.3954| Valid Acc 49.3525
TestSub: S[21, 22, 23, 24, 25] Epoch 13 Finsh | Now_lr 0.0005/0.0005|Train Loss 0.0662 | Valid Loss 3.4686 | Train Acc 97.5918| Valid Acc 50.3313
TestSub: S[21, 22, 23, 24, 25] Epoch 14 Finsh | Now_lr 0.0005/0.0005|Train Loss 0.0620 | Valid Loss 3.4686 | Train Acc 97.7626| Valid Acc 50.5745
TestSub: S[21, 22, 23, 24, 25] Epoch 15 Finsh | Now_lr 0.0005/0.0005|Train Loss 0.0574 | Valid Loss 3.5307 | Train Acc 97.9712| Valid Acc 50.3921
TestSub: S[21, 22, 23, 24, 25] Epoch 16 Finsh | Now_lr 0.0005/0.0005|Train Loss 0.0532 | Valid Loss 3.5940 | Train Acc 98.0691| Valid Acc 51.2920
TestSub: S[21, 22, 23, 24, 25] Epoch 17 Finsh | Now_lr 0.0005/0.0005|Train Loss 0.0507 | Valid Loss 3.8205 | Train Acc 98.2089| Valid Acc 48.9695
TestSub: S[21, 22, 23, 24, 25] Epoch 18 Finsh | Now_lr 0.0005/0.0005|Train Loss 0.0470 | Valid Loss 3.8102 | Train Acc 98.2885| Valid Acc 49.4802
TestSub: S[21, 22, 23, 24, 25] Epoch 19 Finsh | Now_lr 0.0005/0.0005|Train Loss 0.0432 | Valid Loss 3.9342 | Train Acc 98.4667| Valid Acc 47.6684
TestSub: S[21, 22, 23, 24, 25] Epoch 20 Finsh | Now_lr 0.0005/0.0005|Train Loss 0.0424 | Valid Loss 3.8348 | Train Acc 98.5153| Valid Acc 49.4559
TestSub: S[21, 22, 23, 24, 25] Epoch 21 Finsh | Now_lr 0.0005/0.0005|Train Loss 0.0398 | Valid Loss 4.0982 | Train Acc 98.6053| Valid Acc 47.8903
TestSub: S[21, 22, 23, 24, 25] Epoch 22 Finsh | Now_lr 0.0005/0.0005|Train Loss 0.0383 | Valid Loss 3.9819 | Train Acc 98.6655| Valid Acc 48.4983
TestSub: S[21, 22, 23, 24, 25] Epoch 23 Finsh | Now_lr 0.0005/0.0005|Train Loss 0.0383 | Valid Loss 3.7593 | Train Acc 98.6740| Valid Acc 47.6593
TestSub: S[21, 22, 23, 24, 25] Epoch 24 Finsh | Now_lr 0.0005/0.0005|Train Loss 0.0345 | Valid Loss 4.0344 | Train Acc 98.7913| Valid Acc 48.1821
TestSub: S[21, 22, 23, 24, 25] Epoch 25 Finsh | Now_lr 0.0005/0.0005|Train Loss 0.0339 | Valid Loss 4.0305 | Train Acc 98.8059| Valid Acc 49.7690
TestSub: S[21, 22, 23, 24, 25] Epoch 26 Finsh | Now_lr 0.0005/0.0005|Train Loss 0.0335 | Valid Loss 4.1617 | Train Acc 98.8254| Valid Acc 48.5895
TestSub: S[21, 22, 23, 24, 25] Epoch 27 Finsh | Now_lr 0.0005/0.0005|Train Loss 0.0309 | Valid Loss 4.0418 | Train Acc 98.9227| Valid Acc 48.9968
TestSub: S[21, 22, 23, 24, 25] Epoch 28 Finsh | Now_lr 0.0005/0.0005|Train Loss 0.0305 | Valid Loss 4.0458 | Train Acc 98.9099| Valid Acc 47.7079
TestSub: S[21, 22, 23, 24, 25] Epoch 29 Finsh | Now_lr 0.0005/0.0005|Train Loss 0.0294 | Valid Loss 4.0034 | Train Acc 98.9926| Valid Acc 47.9663
TestSub: S[21, 22, 23, 24, 25] Epoch 30 Finsh | Now_lr 0.0005/0.0005|Train Loss 0.0271 | Valid Loss 4.1893 | Train Acc 99.0497| Valid Acc 48.7536
TestSub: S[21, 22, 23, 24, 25] Epoch 31 Finsh | Now_lr 0.0005/0.0005|Train Loss 0.0271 | Valid Loss 4.3332 | Train Acc 99.0905| Valid Acc 47.3158
TestSub: S[21, 22, 23, 24, 25] Epoch 32 Finsh | Now_lr 0.0005/0.0005|Train Loss 0.0266 | Valid Loss 4.3684 | Train Acc 99.0990| Valid Acc 46.3187
TestSub: S[21, 22, 23, 24, 25] Epoch 33 Finsh | Now_lr 0.0005/0.0005|Train Loss 0.0256 | Valid Loss 4.3400 | Train Acc 99.1361| Valid Acc 47.4374
TestSub: S[21, 22, 23, 24, 25] Epoch 34 Finsh | Now_lr 0.0005/0.0005|Train Loss 0.0242 | Valid Loss 4.4864 | Train Acc 99.1823| Valid Acc 47.0756
TestSub: S[21, 22, 23, 24, 25] Epoch 35 Finsh | Now_lr 0.0005/0.0005|Train Loss 0.0247 | Valid Loss 4.5150 | Train Acc 99.1373| Valid Acc 47.6137
TestSub: S[21, 22, 23, 24, 25] Epoch 36 Finsh | Now_lr 0.0005/0.0005|Train Loss 0.0230 | Valid Loss 4.3574 | Train Acc 99.1975| Valid Acc 46.3521
TestSub: S[21, 22, 23, 24, 25] Epoch 37 Finsh | Now_lr 0.0005/0.0005|Train Loss 0.0219 | Valid Loss 4.2396 | Train Acc 99.2431| Valid Acc 48.5561
TestSub: S[21, 22, 23, 24, 25] Epoch 38 Finsh | Now_lr 0.0005/0.0005|Train Loss 0.0215 | Valid Loss 4.4506 | Train Acc 99.2656| Valid Acc 47.4526
Early stopping triggered after 38 epochs (30 epochs without improvement)
--------------------------------------------------
Test_Subject :S[21, 22, 23, 24, 25] |Best epoch:8 | Test Loss:2.9865 | Best Acc 51.9121 | Savemodel Acc 51.9121
--------------------------------------------------

========== Fold 6 ==========
Train IDs: [1, 2, 3, 4, 5, 6, 7, 8, 9, 10, 11, 12, 13, 14, 15, 16, 17, 18, 19, 20, 21, 22, 23, 24, 25]
Val IDs:   [26, 27, 28, 29, 30]
================================================================================
SSL PRE-TRAINING PHASE
================================================================================
Loading SSL data for subjects: [1, 2, 3, 4, 5, 6, 7, 8, 9, 10, 11, 12, 13, 14, 15, 16, 17, 18, 19, 20, 21, 22, 23, 24, 25]
Loaded subject S1: (6580, 32, 128)
Loaded subject S2: (6580, 32, 128)
Loaded subject S3: (6580, 32, 128)
Loaded subject S4: (6580, 32, 128)
Loaded subject S5: (6580, 32, 128)
Loaded subject S6: (6580, 32, 128)
Loaded subject S7: (6580, 32, 128)
Loaded subject S8: (6580, 32, 128)
Loaded subject S9: (6580, 32, 128)
Loaded subject S10: (6580, 32, 128)
Loaded subject S11: (6580, 32, 128)
Loaded subject S12: (6580, 32, 128)
Loaded subject S13: (6580, 32, 128)
Loaded subject S14: (6580, 32, 128)
Loaded subject S15: (6580, 32, 128)
Loaded subject S16: (6580, 32, 128)
Loaded subject S17: (6580, 32, 128)
Loaded subject S18: (6580, 32, 128)
Loaded subject S19: (6580, 32, 128)
Loaded subject S20: (6580, 32, 128)
Loaded subject S21: (6580, 32, 128)
Loaded subject S22: (6580, 32, 128)
Loaded subject S23: (6580, 32, 128)
Loaded subject S24: (6580, 32, 128)
Loaded subject S25: (6580, 32, 128)
Total SSL data shape: (164500, 32, 128)
🏗️  SSL Model Architecture:
   - SSL Enabled: True
   - SSL Approach: full_darnet
   - Training Mode: ssl
   - Decoder Type: EEGFullDARNetDecoder
   - Encoder parameters: 36,888
   - Decoder parameters: 4,388,192
   - Total parameters: 4,425,098
   - Decoder/Total ratio: 99.2%
==================================================
Starting SSL Pre-training
==================================================
=================================================================
Layer (type:depth-idx)                   Param #
=================================================================
DARNet                                   --
├─TokenEmbeddingOriginal: 1-1            --
│    └─Sequential: 2-1                   --
│    │    └─Conv2d: 3-1                  576
│    │    └─BatchNorm2d: 3-2             128
│    │    └─GELU: 3-3                    --
│    └─Sequential: 2-2                   --
│    │    └─Conv2d: 3-4                  32,784
│    │    └─BatchNorm2d: 3-5             32
│    │    └─GELU: 3-6                    --
│    └─PositionalEmbedding: 2-3          --
├─EEGFullDARNetDecoder: 1-2              --
│    └─Sequential: 2-4                   --
│    │    └─Linear: 3-7                  2,304
│    │    └─ReLU: 3-8                    --
│    │    └─Dropout: 3-9                 --
│    │    └─Linear: 3-10                 131,584
│    │    └─ReLU: 3-11                   --
│    │    └─Dropout: 3-12                --
│    │    └─Linear: 3-13                 4,202,496
│    └─Sequential: 2-5                   --
│    │    └─Conv1d: 3-14                 24,704
│    │    └─BatchNorm1d: 3-15            256
│    │    └─ReLU: 3-16                   --
│    │    └─Dropout: 3-17                --
│    └─Sequential: 2-6                   --
│    │    └─Conv1d: 3-18                 24,640
│    │    └─BatchNorm1d: 3-19            128
│    │    └─ReLU: 3-20                   --
│    │    └─Dropout: 3-21                --
│    └─Conv1d: 2-7                       2,080
├─Flatten: 1-3                           --
├─Linear: 1-4                            18
├─AttnRefine: 1-5                        --
│    └─MyAttention: 2-8                  --
│    │    └─Attention: 3-22              800
│    └─Refine: 2-9                       --
│    │    └─Conv1d: 3-23                 784
│    │    └─BatchNorm1d: 3-24            32
│    │    └─ELU: 3-25                    --
│    │    └─MaxPool1d: 3-26              --
│    └─AdaptiveAvgPool1d: 2-10           --
│    └─Linear: 2-11                      68
│    └─Flatten: 2-12                     --
├─AttnRefine: 1-6                        --
│    └─MyAttention: 2-13                 --
│    │    └─Attention: 3-27              800
│    └─Refine: 2-14                      --
│    │    └─Conv1d: 3-28                 784
│    │    └─BatchNorm1d: 3-29            32
│    │    └─ELU: 3-30                    --
│    │    └─MaxPool1d: 3-31              --
│    └─AdaptiveAvgPool1d: 2-15           --
│    └─Linear: 2-16                      68
│    └─Flatten: 2-17                     --
=================================================================
Total params: 4,425,098
Trainable params: 4,425,098
Non-trainable params: 0
=================================================================
SSL Epoch  1 | SSL Loss: 0.387268
SSL model saved at epoch 1 with loss 0.387268 to ./exps/cross-subject/DARNet_SSL_FullDARNet/ssl_models_task1_AAD_MM-AAD_original_ssl_2025-10-13-01-39-43/ssl_best_model.pt
SSL model saved with loss 0.387268
SSL Epoch  2 | SSL Loss: 0.267493
SSL model saved at epoch 2 with loss 0.267493 to ./exps/cross-subject/DARNet_SSL_FullDARNet/ssl_models_task1_AAD_MM-AAD_original_ssl_2025-10-13-01-39-43/ssl_best_model.pt
SSL model saved with loss 0.267493
SSL Epoch  3 | SSL Loss: 0.226487
SSL model saved at epoch 3 with loss 0.226487 to ./exps/cross-subject/DARNet_SSL_FullDARNet/ssl_models_task1_AAD_MM-AAD_original_ssl_2025-10-13-01-39-43/ssl_best_model.pt
SSL model saved with loss 0.226487
SSL Epoch  4 | SSL Loss: 0.206083
SSL model saved at epoch 4 with loss 0.206083 to ./exps/cross-subject/DARNet_SSL_FullDARNet/ssl_models_task1_AAD_MM-AAD_original_ssl_2025-10-13-01-39-43/ssl_best_model.pt
SSL model saved with loss 0.206083
SSL Epoch  5 | SSL Loss: 0.194739
SSL model saved at epoch 5 with loss 0.194739 to ./exps/cross-subject/DARNet_SSL_FullDARNet/ssl_models_task1_AAD_MM-AAD_original_ssl_2025-10-13-01-39-43/ssl_best_model.pt
SSL model saved with loss 0.194739
SSL Epoch  6 | SSL Loss: 0.186363
SSL model saved at epoch 6 with loss 0.186363 to ./exps/cross-subject/DARNet_SSL_FullDARNet/ssl_models_task1_AAD_MM-AAD_original_ssl_2025-10-13-01-39-43/ssl_best_model.pt
SSL model saved with loss 0.186363
SSL Epoch  7 | SSL Loss: 0.181054
SSL model saved at epoch 7 with loss 0.181054 to ./exps/cross-subject/DARNet_SSL_FullDARNet/ssl_models_task1_AAD_MM-AAD_original_ssl_2025-10-13-01-39-43/ssl_best_model.pt
SSL model saved with loss 0.181054
SSL Epoch  8 | SSL Loss: 0.176544
SSL model saved at epoch 8 with loss 0.176544 to ./exps/cross-subject/DARNet_SSL_FullDARNet/ssl_models_task1_AAD_MM-AAD_original_ssl_2025-10-13-01-39-43/ssl_best_model.pt
SSL model saved with loss 0.176544
SSL Epoch  9 | SSL Loss: 0.173227
SSL model saved at epoch 9 with loss 0.173227 to ./exps/cross-subject/DARNet_SSL_FullDARNet/ssl_models_task1_AAD_MM-AAD_original_ssl_2025-10-13-01-39-43/ssl_best_model.pt
SSL model saved with loss 0.173227
SSL Epoch 10 | SSL Loss: 0.170126
SSL model saved at epoch 10 with loss 0.170126 to ./exps/cross-subject/DARNet_SSL_FullDARNet/ssl_models_task1_AAD_MM-AAD_original_ssl_2025-10-13-01-39-43/ssl_best_model.pt
SSL model saved with loss 0.170126
SSL Epoch 11 | SSL Loss: 0.167692
SSL model saved at epoch 11 with loss 0.167692 to ./exps/cross-subject/DARNet_SSL_FullDARNet/ssl_models_task1_AAD_MM-AAD_original_ssl_2025-10-13-01-39-43/ssl_best_model.pt
SSL model saved with loss 0.167692
SSL Epoch 12 | SSL Loss: 0.165794
SSL model saved at epoch 12 with loss 0.165794 to ./exps/cross-subject/DARNet_SSL_FullDARNet/ssl_models_task1_AAD_MM-AAD_original_ssl_2025-10-13-01-39-43/ssl_best_model.pt
SSL model saved with loss 0.165794
SSL Epoch 13 | SSL Loss: 0.164170
SSL model saved at epoch 13 with loss 0.164170 to ./exps/cross-subject/DARNet_SSL_FullDARNet/ssl_models_task1_AAD_MM-AAD_original_ssl_2025-10-13-01-39-43/ssl_best_model.pt
SSL model saved with loss 0.164170
SSL Epoch 14 | SSL Loss: 0.162756
SSL model saved at epoch 14 with loss 0.162756 to ./exps/cross-subject/DARNet_SSL_FullDARNet/ssl_models_task1_AAD_MM-AAD_original_ssl_2025-10-13-01-39-43/ssl_best_model.pt
SSL model saved with loss 0.162756
SSL Epoch 15 | SSL Loss: 0.161500
SSL model saved at epoch 15 with loss 0.161500 to ./exps/cross-subject/DARNet_SSL_FullDARNet/ssl_models_task1_AAD_MM-AAD_original_ssl_2025-10-13-01-39-43/ssl_best_model.pt
SSL model saved with loss 0.161500
SSL Epoch 16 | SSL Loss: 0.160560
SSL model saved at epoch 16 with loss 0.160560 to ./exps/cross-subject/DARNet_SSL_FullDARNet/ssl_models_task1_AAD_MM-AAD_original_ssl_2025-10-13-01-39-43/ssl_best_model.pt
SSL model saved with loss 0.160560
SSL Epoch 17 | SSL Loss: 0.159771
SSL model saved at epoch 17 with loss 0.159771 to ./exps/cross-subject/DARNet_SSL_FullDARNet/ssl_models_task1_AAD_MM-AAD_original_ssl_2025-10-13-01-39-43/ssl_best_model.pt
SSL model saved with loss 0.159771
SSL Epoch 18 | SSL Loss: 0.159046
SSL model saved at epoch 18 with loss 0.159046 to ./exps/cross-subject/DARNet_SSL_FullDARNet/ssl_models_task1_AAD_MM-AAD_original_ssl_2025-10-13-01-39-43/ssl_best_model.pt
SSL model saved with loss 0.159046
SSL Epoch 19 | SSL Loss: 0.157955
SSL model saved at epoch 19 with loss 0.157955 to ./exps/cross-subject/DARNet_SSL_FullDARNet/ssl_models_task1_AAD_MM-AAD_original_ssl_2025-10-13-01-39-43/ssl_best_model.pt
SSL model saved with loss 0.157955
SSL Epoch 20 | SSL Loss: 0.157221
SSL model saved at epoch 20 with loss 0.157221 to ./exps/cross-subject/DARNet_SSL_FullDARNet/ssl_models_task1_AAD_MM-AAD_original_ssl_2025-10-13-01-39-43/ssl_best_model.pt
SSL model saved with loss 0.157221
SSL Epoch 21 | SSL Loss: 0.156834
SSL model saved at epoch 21 with loss 0.156834 to ./exps/cross-subject/DARNet_SSL_FullDARNet/ssl_models_task1_AAD_MM-AAD_original_ssl_2025-10-13-01-39-43/ssl_best_model.pt
SSL model saved with loss 0.156834
SSL Epoch 22 | SSL Loss: 0.156100
SSL model saved at epoch 22 with loss 0.156100 to ./exps/cross-subject/DARNet_SSL_FullDARNet/ssl_models_task1_AAD_MM-AAD_original_ssl_2025-10-13-01-39-43/ssl_best_model.pt
SSL model saved with loss 0.156100
SSL Epoch 23 | SSL Loss: 0.155646
SSL model saved at epoch 23 with loss 0.155646 to ./exps/cross-subject/DARNet_SSL_FullDARNet/ssl_models_task1_AAD_MM-AAD_original_ssl_2025-10-13-01-39-43/ssl_best_model.pt
SSL model saved with loss 0.155646
SSL Epoch 24 | SSL Loss: 0.154905
SSL model saved at epoch 24 with loss 0.154905 to ./exps/cross-subject/DARNet_SSL_FullDARNet/ssl_models_task1_AAD_MM-AAD_original_ssl_2025-10-13-01-39-43/ssl_best_model.pt
SSL model saved with loss 0.154905
SSL Epoch 25 | SSL Loss: 0.154924
SSL Epoch 26 | SSL Loss: 0.154429
SSL model saved at epoch 26 with loss 0.154429 to ./exps/cross-subject/DARNet_SSL_FullDARNet/ssl_models_task1_AAD_MM-AAD_original_ssl_2025-10-13-01-39-43/ssl_best_model.pt
SSL model saved with loss 0.154429
SSL Epoch 27 | SSL Loss: 0.154029
SSL model saved at epoch 27 with loss 0.154029 to ./exps/cross-subject/DARNet_SSL_FullDARNet/ssl_models_task1_AAD_MM-AAD_original_ssl_2025-10-13-01-39-43/ssl_best_model.pt
SSL model saved with loss 0.154029
SSL Epoch 28 | SSL Loss: 0.153561
SSL model saved at epoch 28 with loss 0.153561 to ./exps/cross-subject/DARNet_SSL_FullDARNet/ssl_models_task1_AAD_MM-AAD_original_ssl_2025-10-13-01-39-43/ssl_best_model.pt
SSL model saved with loss 0.153561
SSL Epoch 29 | SSL Loss: 0.152878
SSL model saved at epoch 29 with loss 0.152878 to ./exps/cross-subject/DARNet_SSL_FullDARNet/ssl_models_task1_AAD_MM-AAD_original_ssl_2025-10-13-01-39-43/ssl_best_model.pt
SSL model saved with loss 0.152878
SSL Epoch 30 | SSL Loss: 0.152510
SSL model saved at epoch 30 with loss 0.152510 to ./exps/cross-subject/DARNet_SSL_FullDARNet/ssl_models_task1_AAD_MM-AAD_original_ssl_2025-10-13-01-39-43/ssl_best_model.pt
SSL model saved with loss 0.152510
==================================================
SSL Pre-training completed. Best loss: 0.152510
==================================================
train_data_shape(164500, 32, 128),val_data_shape(32900, 32, 128)
🔄 Loading SSL pre-trained weights from: ./exps/cross-subject/DARNet_SSL_FullDARNet/ssl_models_task1_AAD_MM-AAD_original_ssl_2025-10-13-01-39-43/ssl_best_model.pt
📋 Available keys in SSL checkpoint: 67 total
  - token_embedding.embed_layer.0.weight: torch.Size([64, 1, 1, 8])
  - token_embedding.embed_layer.0.bias: torch.Size([64])
  - token_embedding.embed_layer.1.weight: torch.Size([64])
  - token_embedding.embed_layer.1.bias: torch.Size([64])
  - token_embedding.embed_layer.1.running_mean: torch.Size([64])
  - token_embedding.embed_layer.1.running_var: torch.Size([64])
  - token_embedding.embed_layer.1.num_batches_tracked: torch.Size([])
  - token_embedding.embed_layer2.0.weight: torch.Size([16, 64, 32, 1])
  - token_embedding.embed_layer2.0.bias: torch.Size([16])
  - token_embedding.embed_layer2.1.weight: torch.Size([16])
  - token_embedding.embed_layer2.1.bias: torch.Size([16])
  - token_embedding.embed_layer2.1.running_mean: torch.Size([16])
  - token_embedding.embed_layer2.1.running_var: torch.Size([16])
  - token_embedding.embed_layer2.1.num_batches_tracked: torch.Size([])
  - token_embedding.position_embedding.pe: torch.Size([1, 5000, 16])
  - ssl_decoder.feature_expand.0.weight: torch.Size([256, 8])
  - ssl_decoder.feature_expand.0.bias: torch.Size([256])
  - ssl_decoder.feature_expand.3.weight: torch.Size([512, 256])
  - ssl_decoder.feature_expand.3.bias: torch.Size([512])
  - ssl_decoder.feature_expand.6.weight: torch.Size([8192, 512])
  - ssl_decoder.feature_expand.6.bias: torch.Size([8192])
  - ssl_decoder.temporal_conv1.0.weight: torch.Size([128, 64, 3])
  - ssl_decoder.temporal_conv1.0.bias: torch.Size([128])
  - ssl_decoder.temporal_conv1.1.weight: torch.Size([128])
  - ssl_decoder.temporal_conv1.1.bias: torch.Size([128])
  - ssl_decoder.temporal_conv1.1.running_mean: torch.Size([128])
  - ssl_decoder.temporal_conv1.1.running_var: torch.Size([128])
  - ssl_decoder.temporal_conv1.1.num_batches_tracked: torch.Size([])
  - ssl_decoder.temporal_conv2.0.weight: torch.Size([64, 128, 3])
  - ssl_decoder.temporal_conv2.0.bias: torch.Size([64])
  - ssl_decoder.temporal_conv2.1.weight: torch.Size([64])
  - ssl_decoder.temporal_conv2.1.bias: torch.Size([64])
  - ssl_decoder.temporal_conv2.1.running_mean: torch.Size([64])
  - ssl_decoder.temporal_conv2.1.running_var: torch.Size([64])
  - ssl_decoder.temporal_conv2.1.num_batches_tracked: torch.Size([])
  - ssl_decoder.final_conv.weight: torch.Size([32, 64, 1])
  - ssl_decoder.final_conv.bias: torch.Size([32])
  - out.weight: torch.Size([2, 8])
  - out.bias: torch.Size([2])
  - stack1.attention.attention_layer.key.weight: torch.Size([16, 16])
  - stack1.attention.attention_layer.value.weight: torch.Size([16, 16])
  - stack1.attention.attention_layer.query.weight: torch.Size([16, 16])
  - stack1.attention.attention_layer.to_out.weight: torch.Size([16])
  - stack1.attention.attention_layer.to_out.bias: torch.Size([16])
  - stack1.conv_layer.downConv.weight: torch.Size([16, 16, 3])
  - stack1.conv_layer.downConv.bias: torch.Size([16])
  - stack1.conv_layer.norm.weight: torch.Size([16])
  - stack1.conv_layer.norm.bias: torch.Size([16])
  - stack1.conv_layer.norm.running_mean: torch.Size([16])
  - stack1.conv_layer.norm.running_var: torch.Size([16])
  - stack1.conv_layer.norm.num_batches_tracked: torch.Size([])
  - stack1.out.weight: torch.Size([4, 16])
  - stack1.out.bias: torch.Size([4])
  - stack2.attention.attention_layer.key.weight: torch.Size([16, 16])
  - stack2.attention.attention_layer.value.weight: torch.Size([16, 16])
  - stack2.attention.attention_layer.query.weight: torch.Size([16, 16])
  - stack2.attention.attention_layer.to_out.weight: torch.Size([16])
  - stack2.attention.attention_layer.to_out.bias: torch.Size([16])
  - stack2.conv_layer.downConv.weight: torch.Size([16, 16, 3])
  - stack2.conv_layer.downConv.bias: torch.Size([16])
  - stack2.conv_layer.norm.weight: torch.Size([16])
  - stack2.conv_layer.norm.bias: torch.Size([16])
  - stack2.conv_layer.norm.running_mean: torch.Size([16])
  - stack2.conv_layer.norm.running_var: torch.Size([16])
  - stack2.conv_layer.norm.num_batches_tracked: torch.Size([])
  - stack2.out.weight: torch.Size([4, 16])
  - stack2.out.bias: torch.Size([4])
🎯 SSL approach detected: full_darnet
  ✅ Loading: token_embedding.embed_layer.0.weight -> torch.Size([64, 1, 1, 8])
  ✅ Loading: token_embedding.embed_layer.0.bias -> torch.Size([64])
  ✅ Loading: token_embedding.embed_layer.1.weight -> torch.Size([64])
  ✅ Loading: token_embedding.embed_layer.1.bias -> torch.Size([64])
  ✅ Loading: token_embedding.embed_layer.1.running_mean -> torch.Size([64])
  ✅ Loading: token_embedding.embed_layer.1.running_var -> torch.Size([64])
  ✅ Loading: token_embedding.embed_layer.1.num_batches_tracked -> torch.Size([])
  ✅ Loading: token_embedding.embed_layer2.0.weight -> torch.Size([16, 64, 32, 1])
  ✅ Loading: token_embedding.embed_layer2.0.bias -> torch.Size([16])
  ✅ Loading: token_embedding.embed_layer2.1.weight -> torch.Size([16])
  ✅ Loading: token_embedding.embed_layer2.1.bias -> torch.Size([16])
  ✅ Loading: token_embedding.embed_layer2.1.running_mean -> torch.Size([16])
  ✅ Loading: token_embedding.embed_layer2.1.running_var -> torch.Size([16])
  ✅ Loading: token_embedding.embed_layer2.1.num_batches_tracked -> torch.Size([])
  ✅ Loading: token_embedding.position_embedding.pe -> torch.Size([1, 5000, 16])
  ❌ Skipping: ssl_decoder.feature_expand.0.weight (decoder component)
  ❌ Skipping: ssl_decoder.feature_expand.0.bias (decoder component)
  ❌ Skipping: ssl_decoder.feature_expand.3.weight (decoder component)
  ❌ Skipping: ssl_decoder.feature_expand.3.bias (decoder component)
  ❌ Skipping: ssl_decoder.feature_expand.6.weight (decoder component)
  ❌ Skipping: ssl_decoder.feature_expand.6.bias (decoder component)
  ❌ Skipping: ssl_decoder.temporal_conv1.0.weight (decoder component)
  ❌ Skipping: ssl_decoder.temporal_conv1.0.bias (decoder component)
  ❌ Skipping: ssl_decoder.temporal_conv1.1.weight (decoder component)
  ❌ Skipping: ssl_decoder.temporal_conv1.1.bias (decoder component)
  ❌ Skipping: ssl_decoder.temporal_conv1.1.running_mean (decoder component)
  ❌ Skipping: ssl_decoder.temporal_conv1.1.running_var (decoder component)
  ❌ Skipping: ssl_decoder.temporal_conv1.1.num_batches_tracked (decoder component)
  ❌ Skipping: ssl_decoder.temporal_conv2.0.weight (decoder component)
  ❌ Skipping: ssl_decoder.temporal_conv2.0.bias (decoder component)
  ❌ Skipping: ssl_decoder.temporal_conv2.1.weight (decoder component)
  ❌ Skipping: ssl_decoder.temporal_conv2.1.bias (decoder component)
  ❌ Skipping: ssl_decoder.temporal_conv2.1.running_mean (decoder component)
  ❌ Skipping: ssl_decoder.temporal_conv2.1.running_var (decoder component)
  ❌ Skipping: ssl_decoder.temporal_conv2.1.num_batches_tracked (decoder component)
  ❌ Skipping: ssl_decoder.final_conv.weight (decoder component)
  ❌ Skipping: ssl_decoder.final_conv.bias (decoder component)
  ❌ Skipping: out.weight (decoder component)
  ❌ Skipping: out.bias (decoder component)
  ✅ Loading: stack1.attention.attention_layer.key.weight -> torch.Size([16, 16])
  ✅ Loading: stack1.attention.attention_layer.value.weight -> torch.Size([16, 16])
  ✅ Loading: stack1.attention.attention_layer.query.weight -> torch.Size([16, 16])
  ✅ Loading: stack1.attention.attention_layer.to_out.weight -> torch.Size([16])
  ✅ Loading: stack1.attention.attention_layer.to_out.bias -> torch.Size([16])
  ✅ Loading: stack1.conv_layer.downConv.weight -> torch.Size([16, 16, 3])
  ✅ Loading: stack1.conv_layer.downConv.bias -> torch.Size([16])
  ✅ Loading: stack1.conv_layer.norm.weight -> torch.Size([16])
  ✅ Loading: stack1.conv_layer.norm.bias -> torch.Size([16])
  ✅ Loading: stack1.conv_layer.norm.running_mean -> torch.Size([16])
  ✅ Loading: stack1.conv_layer.norm.running_var -> torch.Size([16])
  ✅ Loading: stack1.conv_layer.norm.num_batches_tracked -> torch.Size([])
  ✅ Loading: stack1.out.weight -> torch.Size([4, 16])
  ✅ Loading: stack1.out.bias -> torch.Size([4])
  ✅ Loading: stack2.attention.attention_layer.key.weight -> torch.Size([16, 16])
  ✅ Loading: stack2.attention.attention_layer.value.weight -> torch.Size([16, 16])
  ✅ Loading: stack2.attention.attention_layer.query.weight -> torch.Size([16, 16])
  ✅ Loading: stack2.attention.attention_layer.to_out.weight -> torch.Size([16])
  ✅ Loading: stack2.attention.attention_layer.to_out.bias -> torch.Size([16])
  ✅ Loading: stack2.conv_layer.downConv.weight -> torch.Size([16, 16, 3])
  ✅ Loading: stack2.conv_layer.downConv.bias -> torch.Size([16])
  ✅ Loading: stack2.conv_layer.norm.weight -> torch.Size([16])
  ✅ Loading: stack2.conv_layer.norm.bias -> torch.Size([16])
  ✅ Loading: stack2.conv_layer.norm.running_mean -> torch.Size([16])
  ✅ Loading: stack2.conv_layer.norm.running_var -> torch.Size([16])
  ✅ Loading: stack2.conv_layer.norm.num_batches_tracked -> torch.Size([])
  ✅ Loading: stack2.out.weight -> torch.Size([4, 16])
  ✅ Loading: stack2.out.bias -> torch.Size([4])
🔧 Loading 43 encoder components into fine-tuning model...
⚠️  Missing keys (newly initialized): ['ssl_decoder.feature_expand.0.weight', 'ssl_decoder.feature_expand.0.bias', 'ssl_decoder.feature_expand.3.weight', 'ssl_decoder.feature_expand.3.bias', 'ssl_decoder.feature_expand.6.weight', 'ssl_decoder.feature_expand.6.bias', 'ssl_decoder.temporal_conv1.0.weight', 'ssl_decoder.temporal_conv1.0.bias', 'ssl_decoder.temporal_conv1.1.weight', 'ssl_decoder.temporal_conv1.1.bias', 'ssl_decoder.temporal_conv1.1.running_mean', 'ssl_decoder.temporal_conv1.1.running_var', 'ssl_decoder.temporal_conv2.0.weight', 'ssl_decoder.temporal_conv2.0.bias', 'ssl_decoder.temporal_conv2.1.weight', 'ssl_decoder.temporal_conv2.1.bias', 'ssl_decoder.temporal_conv2.1.running_mean', 'ssl_decoder.temporal_conv2.1.running_var', 'ssl_decoder.final_conv.weight', 'ssl_decoder.final_conv.bias', 'out.weight', 'out.bias']
✅ Successfully loaded SSL pre-trained weights!
🎯 SSL decoder removed, feature classifier ready for fine-tuning
==================================================
Starting Fine-tuning
==================================================
=================================================================
Layer (type:depth-idx)                   Param #
=================================================================
DARNet                                   --
├─TokenEmbeddingOriginal: 1-1            --
│    └─Sequential: 2-1                   --
│    │    └─Conv2d: 3-1                  576
│    │    └─BatchNorm2d: 3-2             128
│    │    └─GELU: 3-3                    --
│    └─Sequential: 2-2                   --
│    │    └─Conv2d: 3-4                  32,784
│    │    └─BatchNorm2d: 3-5             32
│    │    └─GELU: 3-6                    --
│    └─PositionalEmbedding: 2-3          --
├─EEGFullDARNetDecoder: 1-2              --
│    └─Sequential: 2-4                   --
│    │    └─Linear: 3-7                  2,304
│    │    └─ReLU: 3-8                    --
│    │    └─Dropout: 3-9                 --
│    │    └─Linear: 3-10                 131,584
│    │    └─ReLU: 3-11                   --
│    │    └─Dropout: 3-12                --
│    │    └─Linear: 3-13                 4,202,496
│    └─Sequential: 2-5                   --
│    │    └─Conv1d: 3-14                 24,704
│    │    └─BatchNorm1d: 3-15            256
│    │    └─ReLU: 3-16                   --
│    │    └─Dropout: 3-17                --
│    └─Sequential: 2-6                   --
│    │    └─Conv1d: 3-18                 24,640
│    │    └─BatchNorm1d: 3-19            128
│    │    └─ReLU: 3-20                   --
│    │    └─Dropout: 3-21                --
│    └─Conv1d: 2-7                       2,080
├─Flatten: 1-3                           --
├─Linear: 1-4                            18
├─AttnRefine: 1-5                        --
│    └─MyAttention: 2-8                  --
│    │    └─Attention: 3-22              800
│    └─Refine: 2-9                       --
│    │    └─Conv1d: 3-23                 784
│    │    └─BatchNorm1d: 3-24            32
│    │    └─ELU: 3-25                    --
│    │    └─MaxPool1d: 3-26              --
│    └─AdaptiveAvgPool1d: 2-10           --
│    └─Linear: 2-11                      68
│    └─Flatten: 2-12                     --
├─AttnRefine: 1-6                        --
│    └─MyAttention: 2-13                 --
│    │    └─Attention: 3-27              800
│    └─Refine: 2-14                      --
│    │    └─Conv1d: 3-28                 784
│    │    └─BatchNorm1d: 3-29            32
│    │    └─ELU: 3-30                    --
│    │    └─MaxPool1d: 3-31              --
│    └─AdaptiveAvgPool1d: 2-15           --
│    └─Linear: 2-16                      68
│    └─Flatten: 2-17                     --
=================================================================
Total params: 4,425,098
Trainable params: 4,425,098
Non-trainable params: 0
=================================================================
TestSub: S[26, 27, 28, 29, 30] Epoch  1 Finsh | Now_lr 0.0005/0.0005|Train Loss 0.5163 | Valid Loss 1.7882 | Train Acc 71.4871| Valid Acc 47.1182
Validation acc increase (0.000000 --> 47.118191) in epoch (1).  Saving model ...
TestSub: S[26, 27, 28, 29, 30] Epoch  2 Finsh | Now_lr 0.0005/0.0005|Train Loss 0.2619 | Valid Loss 2.4071 | Train Acc 88.7299| Valid Acc 48.6229
Validation acc increase (47.118191 --> 48.622933) in epoch (2).  Saving model ...
TestSub: S[26, 27, 28, 29, 30] Epoch  3 Finsh | Now_lr 0.0005/0.0005|Train Loss 0.1760 | Valid Loss 2.7275 | Train Acc 92.9852| Valid Acc 50.7113
Validation acc increase (48.622933 --> 50.711333) in epoch (3).  Saving model ...
TestSub: S[26, 27, 28, 29, 30] Epoch  4 Finsh | Now_lr 0.0005/0.0005|Train Loss 0.1350 | Valid Loss 2.8730 | Train Acc 94.8225| Valid Acc 49.7598
TestSub: S[26, 27, 28, 29, 30] Epoch  5 Finsh | Now_lr 0.0005/0.0005|Train Loss 0.1098 | Valid Loss 3.0303 | Train Acc 95.8214| Valid Acc 50.9971
Validation acc increase (50.711333 --> 50.997082) in epoch (5).  Saving model ...
TestSub: S[26, 27, 28, 29, 30] Epoch  6 Finsh | Now_lr 0.0005/0.0005|Train Loss 0.0913 | Valid Loss 3.1157 | Train Acc 96.5893| Valid Acc 51.1795
Validation acc increase (50.997082 --> 51.179475) in epoch (6).  Saving model ...
TestSub: S[26, 27, 28, 29, 30] Epoch  7 Finsh | Now_lr 0.0005/0.0005|Train Loss 0.0802 | Valid Loss 3.3365 | Train Acc 97.0179| Valid Acc 49.8328
TestSub: S[26, 27, 28, 29, 30] Epoch  8 Finsh | Now_lr 0.0005/0.0005|Train Loss 0.0702 | Valid Loss 3.4285 | Train Acc 97.4325| Valid Acc 50.5806
TestSub: S[26, 27, 28, 29, 30] Epoch  9 Finsh | Now_lr 0.0005/0.0005|Train Loss 0.0642 | Valid Loss 3.4689 | Train Acc 97.6654| Valid Acc 49.3829
TestSub: S[26, 27, 28, 29, 30] Epoch 10 Finsh | Now_lr 0.0005/0.0005|Train Loss 0.0564 | Valid Loss 3.6415 | Train Acc 98.0137| Valid Acc 49.4711
TestSub: S[26, 27, 28, 29, 30] Epoch 11 Finsh | Now_lr 0.0005/0.0005|Train Loss 0.0522 | Valid Loss 3.8013 | Train Acc 98.1128| Valid Acc 49.2583
TestSub: S[26, 27, 28, 29, 30] Epoch 12 Finsh | Now_lr 0.0005/0.0005|Train Loss 0.0487 | Valid Loss 3.7027 | Train Acc 98.2557| Valid Acc 49.9362
TestSub: S[26, 27, 28, 29, 30] Epoch 13 Finsh | Now_lr 0.0005/0.0005|Train Loss 0.0450 | Valid Loss 3.7913 | Train Acc 98.3743| Valid Acc 50.0699
TestSub: S[26, 27, 28, 29, 30] Epoch 14 Finsh | Now_lr 0.0005/0.0005|Train Loss 0.0400 | Valid Loss 3.9147 | Train Acc 98.5676| Valid Acc 50.8968
TestSub: S[26, 27, 28, 29, 30] Epoch 15 Finsh | Now_lr 0.0005/0.0005|Train Loss 0.0382 | Valid Loss 3.9946 | Train Acc 98.6181| Valid Acc 49.2188
TestSub: S[26, 27, 28, 29, 30] Epoch 16 Finsh | Now_lr 0.0005/0.0005|Train Loss 0.0372 | Valid Loss 3.9631 | Train Acc 98.6710| Valid Acc 51.1825
Validation acc increase (51.179475 --> 51.182515) in epoch (16).  Saving model ...
TestSub: S[26, 27, 28, 29, 30] Epoch 17 Finsh | Now_lr 0.0005/0.0005|Train Loss 0.0364 | Valid Loss 3.8553 | Train Acc 98.7305| Valid Acc 50.1976
TestSub: S[26, 27, 28, 29, 30] Epoch 18 Finsh | Now_lr 0.0005/0.0005|Train Loss 0.0310 | Valid Loss 3.9172 | Train Acc 98.9415| Valid Acc 48.7536
TestSub: S[26, 27, 28, 29, 30] Epoch 19 Finsh | Now_lr 0.0005/0.0005|Train Loss 0.0307 | Valid Loss 3.9853 | Train Acc 98.9233| Valid Acc 50.2918
TestSub: S[26, 27, 28, 29, 30] Epoch 20 Finsh | Now_lr 0.0005/0.0005|Train Loss 0.0274 | Valid Loss 4.3004 | Train Acc 99.0412| Valid Acc 49.4315
TestSub: S[26, 27, 28, 29, 30] Epoch 21 Finsh | Now_lr 0.0005/0.0005|Train Loss 0.0272 | Valid Loss 4.2137 | Train Acc 99.0522| Valid Acc 50.4073
TestSub: S[26, 27, 28, 29, 30] Epoch 22 Finsh | Now_lr 0.0005/0.0005|Train Loss 0.0252 | Valid Loss 4.1516 | Train Acc 99.1288| Valid Acc 49.7902
TestSub: S[26, 27, 28, 29, 30] Epoch 23 Finsh | Now_lr 0.0005/0.0005|Train Loss 0.0253 | Valid Loss 4.2538 | Train Acc 99.1464| Valid Acc 49.8389
TestSub: S[26, 27, 28, 29, 30] Epoch 24 Finsh | Now_lr 0.0005/0.0005|Train Loss 0.0224 | Valid Loss 4.5485 | Train Acc 99.2370| Valid Acc 50.1003
TestSub: S[26, 27, 28, 29, 30] Epoch 25 Finsh | Now_lr 0.0005/0.0005|Train Loss 0.0217 | Valid Loss 4.4206 | Train Acc 99.2680| Valid Acc 50.6293
TestSub: S[26, 27, 28, 29, 30] Epoch 26 Finsh | Now_lr 0.0005/0.0005|Train Loss 0.0211 | Valid Loss 4.4634 | Train Acc 99.3057| Valid Acc 50.5989
TestSub: S[26, 27, 28, 29, 30] Epoch 27 Finsh | Now_lr 0.0005/0.0005|Train Loss 0.0193 | Valid Loss 4.6537 | Train Acc 99.3203| Valid Acc 50.4803
TestSub: S[26, 27, 28, 29, 30] Epoch 28 Finsh | Now_lr 0.0005/0.0005|Train Loss 0.0198 | Valid Loss 4.3488 | Train Acc 99.3258| Valid Acc 49.6443
TestSub: S[26, 27, 28, 29, 30] Epoch 29 Finsh | Now_lr 0.0005/0.0005|Train Loss 0.0181 | Valid Loss 4.6102 | Train Acc 99.3914| Valid Acc 49.6960
TestSub: S[26, 27, 28, 29, 30] Epoch 30 Finsh | Now_lr 0.0005/0.0005|Train Loss 0.0186 | Valid Loss 4.5766 | Train Acc 99.3707| Valid Acc 49.2643
TestSub: S[26, 27, 28, 29, 30] Epoch 31 Finsh | Now_lr 0.0005/0.0005|Train Loss 0.0178 | Valid Loss 4.3892 | Train Acc 99.3975| Valid Acc 51.0609
TestSub: S[26, 27, 28, 29, 30] Epoch 32 Finsh | Now_lr 0.0005/0.0005|Train Loss 0.0160 | Valid Loss 4.3513 | Train Acc 99.4559| Valid Acc 50.6505
TestSub: S[26, 27, 28, 29, 30] Epoch 33 Finsh | Now_lr 0.0005/0.0005|Train Loss 0.0151 | Valid Loss 4.8370 | Train Acc 99.4881| Valid Acc 50.7782
TestSub: S[26, 27, 28, 29, 30] Epoch 34 Finsh | Now_lr 0.0005/0.0005|Train Loss 0.0157 | Valid Loss 4.6670 | Train Acc 99.4753| Valid Acc 50.8299
TestSub: S[26, 27, 28, 29, 30] Epoch 35 Finsh | Now_lr 0.0005/0.0005|Train Loss 0.0143 | Valid Loss 4.6772 | Train Acc 99.5209| Valid Acc 49.9635
TestSub: S[26, 27, 28, 29, 30] Epoch 36 Finsh | Now_lr 0.0005/0.0005|Train Loss 0.0149 | Valid Loss 4.4920 | Train Acc 99.4954| Valid Acc 50.7873
TestSub: S[26, 27, 28, 29, 30] Epoch 37 Finsh | Now_lr 0.0005/0.0005|Train Loss 0.0133 | Valid Loss 4.6163 | Train Acc 99.5489| Valid Acc 50.8208
TestSub: S[26, 27, 28, 29, 30] Epoch 38 Finsh | Now_lr 0.0005/0.0005|Train Loss 0.0149 | Valid Loss 4.3287 | Train Acc 99.5118| Valid Acc 51.5108
Validation acc increase (51.182515 --> 51.510822) in epoch (38).  Saving model ...
TestSub: S[26, 27, 28, 29, 30] Epoch 39 Finsh | Now_lr 0.0005/0.0005|Train Loss 0.0127 | Valid Loss 4.5772 | Train Acc 99.5835| Valid Acc 51.6689
Validation acc increase (51.510822 --> 51.668896) in epoch (39).  Saving model ...
TestSub: S[26, 27, 28, 29, 30] Epoch 40 Finsh | Now_lr 0.0005/0.0005|Train Loss 0.0130 | Valid Loss 4.4162 | Train Acc 99.5902| Valid Acc 52.1644
Validation acc increase (51.668896 --> 52.164397) in epoch (40).  Saving model ...
TestSub: S[26, 27, 28, 29, 30] Epoch 41 Finsh | Now_lr 0.0005/0.0005|Train Loss 0.0124 | Valid Loss 4.6979 | Train Acc 99.5696| Valid Acc 50.9028
TestSub: S[26, 27, 28, 29, 30] Epoch 42 Finsh | Now_lr 0.0005/0.0005|Train Loss 0.0132 | Valid Loss 4.5645 | Train Acc 99.5629| Valid Acc 51.1430
TestSub: S[26, 27, 28, 29, 30] Epoch 43 Finsh | Now_lr 0.0005/0.0005|Train Loss 0.0110 | Valid Loss 4.9644 | Train Acc 99.6413| Valid Acc 49.6839
TestSub: S[26, 27, 28, 29, 30] Epoch 44 Finsh | Now_lr 0.0005/0.0005|Train Loss 0.0121 | Valid Loss 4.4982 | Train Acc 99.5993| Valid Acc 50.5958
TestSub: S[26, 27, 28, 29, 30] Epoch 45 Finsh | Now_lr 0.0005/0.0005|Train Loss 0.0114 | Valid Loss 4.6398 | Train Acc 99.6255| Valid Acc 49.9635
TestSub: S[26, 27, 28, 29, 30] Epoch 46 Finsh | Now_lr 0.0005/0.0005|Train Loss 0.0110 | Valid Loss 4.6994 | Train Acc 99.6206| Valid Acc 51.5899
TestSub: S[26, 27, 28, 29, 30] Epoch 47 Finsh | Now_lr 0.0005/0.0005|Train Loss 0.0112 | Valid Loss 4.6986 | Train Acc 99.6474| Valid Acc 50.8907
TestSub: S[26, 27, 28, 29, 30] Epoch 48 Finsh | Now_lr 0.0005/0.0005|Train Loss 0.0112 | Valid Loss 4.3798 | Train Acc 99.6510| Valid Acc 50.9788
TestSub: S[26, 27, 28, 29, 30] Epoch 49 Finsh | Now_lr 0.0005/0.0005|Train Loss 0.0102 | Valid Loss 4.4095 | Train Acc 99.6662| Valid Acc 51.7540
TestSub: S[26, 27, 28, 29, 30] Epoch 50 Finsh | Now_lr 0.0005/0.0005|Train Loss 0.0102 | Valid Loss 4.4803 | Train Acc 99.6559| Valid Acc 50.8664
TestSub: S[26, 27, 28, 29, 30] Epoch 51 Finsh | Now_lr 0.0005/0.0005|Train Loss 0.0105 | Valid Loss 4.4177 | Train Acc 99.6419| Valid Acc 51.4379
TestSub: S[26, 27, 28, 29, 30] Epoch 52 Finsh | Now_lr 0.0005/0.0005|Train Loss 0.0105 | Valid Loss 4.5923 | Train Acc 99.6626| Valid Acc 50.8268
TestSub: S[26, 27, 28, 29, 30] Epoch 53 Finsh | Now_lr 0.0005/0.0005|Train Loss 0.0091 | Valid Loss 4.5794 | Train Acc 99.6978| Valid Acc 51.7692
TestSub: S[26, 27, 28, 29, 30] Epoch 54 Finsh | Now_lr 0.0005/0.0005|Train Loss 0.0098 | Valid Loss 4.3061 | Train Acc 99.6863| Valid Acc 53.0156
Validation acc increase (52.164397 --> 53.015564) in epoch (54).  Saving model ...
TestSub: S[26, 27, 28, 29, 30] Epoch 55 Finsh | Now_lr 0.0005/0.0005|Train Loss 0.0094 | Valid Loss 4.5900 | Train Acc 99.6845| Valid Acc 52.8636
TestSub: S[26, 27, 28, 29, 30] Epoch 56 Finsh | Now_lr 0.0005/0.0005|Train Loss 0.0095 | Valid Loss 4.6077 | Train Acc 99.6936| Valid Acc 51.3983
TestSub: S[26, 27, 28, 29, 30] Epoch 57 Finsh | Now_lr 0.0005/0.0005|Train Loss 0.0098 | Valid Loss 4.2480 | Train Acc 99.6766| Valid Acc 52.6538
TestSub: S[26, 27, 28, 29, 30] Epoch 58 Finsh | Now_lr 0.0005/0.0005|Train Loss 0.0084 | Valid Loss 4.5002 | Train Acc 99.7112| Valid Acc 51.9850
TestSub: S[26, 27, 28, 29, 30] Epoch 59 Finsh | Now_lr 0.0005/0.0005|Train Loss 0.0090 | Valid Loss 4.4193 | Train Acc 99.7173| Valid Acc 52.3954
TestSub: S[26, 27, 28, 29, 30] Epoch 60 Finsh | Now_lr 0.0005/0.0005|Train Loss 0.0077 | Valid Loss 4.8605 | Train Acc 99.7501| Valid Acc 51.6963
TestSub: S[26, 27, 28, 29, 30] Epoch 61 Finsh | Now_lr 0.0005/0.0005|Train Loss 0.0085 | Valid Loss 4.2754 | Train Acc 99.7270| Valid Acc 52.8940
TestSub: S[26, 27, 28, 29, 30] Epoch 62 Finsh | Now_lr 0.0005/0.0005|Train Loss 0.0088 | Valid Loss 4.6306 | Train Acc 99.7118| Valid Acc 51.2737
TestSub: S[26, 27, 28, 29, 30] Epoch 63 Finsh | Now_lr 0.0005/0.0005|Train Loss 0.0083 | Valid Loss 4.8597 | Train Acc 99.7295| Valid Acc 50.1338
TestSub: S[26, 27, 28, 29, 30] Epoch 64 Finsh | Now_lr 0.0005/0.0005|Train Loss 0.0075 | Valid Loss 4.8552 | Train Acc 99.7775| Valid Acc 50.3891
TestSub: S[26, 27, 28, 29, 30] Epoch 65 Finsh | Now_lr 0.0005/0.0005|Train Loss 0.0087 | Valid Loss 4.6045 | Train Acc 99.7282| Valid Acc 50.9819
TestSub: S[26, 27, 28, 29, 30] Epoch 66 Finsh | Now_lr 0.0005/0.0005|Train Loss 0.0079 | Valid Loss 4.5455 | Train Acc 99.7671| Valid Acc 51.3254
TestSub: S[26, 27, 28, 29, 30] Epoch 67 Finsh | Now_lr 0.0005/0.0005|Train Loss 0.0075 | Valid Loss 4.7317 | Train Acc 99.7501| Valid Acc 52.1583
TestSub: S[26, 27, 28, 29, 30] Epoch 68 Finsh | Now_lr 0.0005/0.0005|Train Loss 0.0088 | Valid Loss 4.5279 | Train Acc 99.7276| Valid Acc 50.7387
TestSub: S[26, 27, 28, 29, 30] Epoch 69 Finsh | Now_lr 0.0005/0.0005|Train Loss 0.0079 | Valid Loss 4.7691 | Train Acc 99.7434| Valid Acc 51.0396
TestSub: S[26, 27, 28, 29, 30] Epoch 70 Finsh | Now_lr 0.0005/0.0005|Train Loss 0.0070 | Valid Loss 4.4925 | Train Acc 99.7805| Valid Acc 52.7602
TestSub: S[26, 27, 28, 29, 30] Epoch 71 Finsh | Now_lr 0.0005/0.0005|Train Loss 0.0082 | Valid Loss 4.5795 | Train Acc 99.7228| Valid Acc 51.3679
TestSub: S[26, 27, 28, 29, 30] Epoch 72 Finsh | Now_lr 0.0005/0.0005|Train Loss 0.0065 | Valid Loss 4.7706 | Train Acc 99.7836| Valid Acc 51.6263
TestSub: S[26, 27, 28, 29, 30] Epoch 73 Finsh | Now_lr 0.0005/0.0005|Train Loss 0.0077 | Valid Loss 4.6468 | Train Acc 99.7434| Valid Acc 51.4865
TestSub: S[26, 27, 28, 29, 30] Epoch 74 Finsh | Now_lr 0.0005/0.0005|Train Loss 0.0070 | Valid Loss 4.5294 | Train Acc 99.7684| Valid Acc 52.7572
TestSub: S[26, 27, 28, 29, 30] Epoch 75 Finsh | Now_lr 0.0005/0.0005|Train Loss 0.0067 | Valid Loss 4.6107 | Train Acc 99.7890| Valid Acc 51.3771
TestSub: S[26, 27, 28, 29, 30] Epoch 76 Finsh | Now_lr 0.0005/0.0005|Train Loss 0.0068 | Valid Loss 4.8707 | Train Acc 99.7805| Valid Acc 52.7268
TestSub: S[26, 27, 28, 29, 30] Epoch 77 Finsh | Now_lr 0.0005/0.0005|Train Loss 0.0071 | Valid Loss 4.6282 | Train Acc 99.7854| Valid Acc 50.5441
TestSub: S[26, 27, 28, 29, 30] Epoch 78 Finsh | Now_lr 0.0005/0.0005|Train Loss 0.0075 | Valid Loss 4.3225 | Train Acc 99.7629| Valid Acc 50.4043
TestSub: S[26, 27, 28, 29, 30] Epoch 79 Finsh | Now_lr 0.0005/0.0005|Train Loss 0.0063 | Valid Loss 4.8301 | Train Acc 99.8048| Valid Acc 51.7054
TestSub: S[26, 27, 28, 29, 30] Epoch 80 Finsh | Now_lr 0.0005/0.0005|Train Loss 0.0070 | Valid Loss 4.7025 | Train Acc 99.7562| Valid Acc 51.2859
TestSub: S[26, 27, 28, 29, 30] Epoch 81 Finsh | Now_lr 0.0005/0.0005|Train Loss 0.0062 | Valid Loss 4.5197 | Train Acc 99.7963| Valid Acc 52.2526
TestSub: S[26, 27, 28, 29, 30] Epoch 82 Finsh | Now_lr 0.0005/0.0005|Train Loss 0.0057 | Valid Loss 4.6908 | Train Acc 99.8316| Valid Acc 51.9850
TestSub: S[26, 27, 28, 29, 30] Epoch 83 Finsh | Now_lr 0.0005/0.0005|Train Loss 0.0068 | Valid Loss 4.5899 | Train Acc 99.7933| Valid Acc 51.7966
TestSub: S[26, 27, 28, 29, 30] Epoch 84 Finsh | Now_lr 0.0005/0.0005|Train Loss 0.0065 | Valid Loss 4.3386 | Train Acc 99.8061| Valid Acc 51.6111
Early stopping triggered after 84 epochs (30 epochs without improvement)
--------------------------------------------------
Test_Subject :S[26, 27, 28, 29, 30] |Best epoch:54 | Test Loss:4.3061 | Best Acc 53.0156 | Savemodel Acc 53.0156
--------------------------------------------------
lr:0.0005 -> bs:128
6-Fold Cross Subject Accuracies: [50.1398346303502, 57.50243190661478, 54.68142023346303, 53.72081712062256, 51.912086575875485, 53.01556420233463]
Mean Accuracy over 6 folds: 53.4954
============================================================================================================
end time: 25-10-13-18:41:59
