==========================================
SLURM_CLUSTER_NAME = param-shivay
SLURM_ARRAY_JOB_ID = 
SLURM_ARRAY_TASK_ID = 
SLURM_ARRAY_TASK_COUNT = 
SLURM_ARRAY_TASK_MAX = 
SLURM_ARRAY_TASK_MIN = 
SLURM_JOB_ACCOUNT = mechanical_engg
SLURM_JOB_ID = 1155429
SLURM_JOB_NAME = eeg-dan-dual
SLURM_JOB_NODELIST = gpu006
SLURM_JOB_USER = suyash.kumar.mec22.itbhu
SLURM_JOB_UID = 6339
SLURM_JOB_PARTITION = gpu
SLURM_TASK_PID = 58998
SLURM_SUBMIT_DIR = /scratch/suyash.kumar.mec22.itbhu/EEG-AAD/eeg-aad-challenge2026-task1-baselines-master
SLURM_CPUS_ON_NODE = 16
SLURM_NTASKS = 
SLURM_TASK_PID = 58998
==========================================
[TRAINER1] Current device is cuda
[TRAINER1] Setting all seeds to 42 for reproducibility...
[TRAINER1] All seeds set successfully!
[TRAINER1] start time: task1_AAD_MM-AAD_trainer1_2025-10-10-19-04-54
[TRAINER1] ============================================================================================================
[TRAINER1] Arguments =
[TRAINER1] 	_action_groups: [<argparse._ArgumentGroup object at 0x7f1afd9bcc70>, <argparse._ArgumentGroup object at 0x7f1ad47fee50>]
[TRAINER1] 	_actions: [_HelpAction(option_strings=['-h', '--help'], dest='help', nargs=0, const=None, default='==SUPPRESS==', type=None, choices=None, required=False, help='show this help message and exit', metavar=None)]
[TRAINER1] 	_defaults: {}
[TRAINER1] 	_has_negative_number_optionals: []
[TRAINER1] 	_mutually_exclusive_groups: []
[TRAINER1] 	_negative_number_matcher: re.compile('^-\\d+$|^-\\d*\\.\\d+$')
[TRAINER1] 	_option_string_actions: {'-h': _HelpAction(option_strings=['-h', '--help'], dest='help', nargs=0, const=None, default='==SUPPRESS==', type=None, choices=None, required=False, help='show this help message and exit', metavar=None), '--help': _HelpAction(option_strings=['-h', '--help'], dest='help', nargs=0, const=None, default='==SUPPRESS==', type=None, choices=None, required=False, help='show this help message and exit', metavar=None)}
[TRAINER1] 	_optionals: <argparse._ArgumentGroup object at 0x7f1ad47fee50>
[TRAINER1] 	_positionals: <argparse._ArgumentGroup object at 0x7f1afd9bcc70>
[TRAINER1] 	_registries: {'action': {None: <class 'argparse._StoreAction'>, 'store': <class 'argparse._StoreAction'>, 'store_const': <class 'argparse._StoreConstAction'>, 'store_true': <class 'argparse._StoreTrueAction'>, 'store_false': <class 'argparse._StoreFalseAction'>, 'append': <class 'argparse._AppendAction'>, 'append_const': <class 'argparse._AppendConstAction'>, 'count': <class 'argparse._CountAction'>, 'help': <class 'argparse._HelpAction'>, 'version': <class 'argparse._VersionAction'>, 'parsers': <class 'argparse._SubParsersAction'>, 'extend': <class 'argparse._ExtendAction'>}, 'type': {None: <function ArgumentParser.__init__.<locals>.identity at 0x7f1ad4821af0>}}
[TRAINER1] 	_subparsers: None
[TRAINER1] 	add_help: True
[TRAINER1] 	allow_abbrev: True
[TRAINER1] 	argument_default: None
[TRAINER1] 	batch_size: 256
[TRAINER1] 	beta1: 0.95
[TRAINER1] 	beta2: 0.999
[TRAINER1] 	conflict_handler: error
[TRAINER1] 	data_path: /home/suyash.kumar.mec22.itbhu/EEG-AAD_audio_visual/preprocessed/data/
[TRAINER1] 	dataset: MM-AAD
[TRAINER1] 	description: None
[TRAINER1] 	eeg_channel: 32
[TRAINER1] 	epilog: None
[TRAINER1] 	exit_on_error: True
[TRAINER1] 	fig_path: ./exps/cross-subject/DARNet/figures/
[TRAINER1] 	formatter_class: <class 'argparse.HelpFormatter'>
[TRAINER1] 	fromfile_prefix_chars: None
[TRAINER1] 	fs: 128
[TRAINER1] 	label_path: /home/suyash.kumar.mec22.itbhu/EEG-AAD_audio_visual/preprocessed/label/
[TRAINER1] 	lam: 0.2
[TRAINER1] 	lambda_domain: 0.08
[TRAINER1] 	log_interval: 10
[TRAINER1] 	lr: 0.001
[TRAINER1] 	lr_decayrate: 0.3
[TRAINER1] 	max_epoch: 100
[TRAINER1] 	model: DARNet
[TRAINER1] 	model_save_path: ./exps/cross-subject/DARNet/baseline_task1_AAD_MM-AAD_trainer1_2025-10-10-19-04-54/
[TRAINER1] 	optimizer: AdamW
[TRAINER1] 	overlap: 0.5
[TRAINER1] 	patience: 10
[TRAINER1] 	prefix_chars: -
[TRAINER1] 	prog: trainer1.py
[TRAINER1] 	seed: 42
[TRAINER1] 	start_time: task1_AAD_MM-AAD_trainer1_2025-10-10-19-04-54
[TRAINER1] 	subject_number: 40
[TRAINER1] 	trail_number: 20
[TRAINER1] 	usage: None
[TRAINER1] 	use_domain_adversarial: True
[TRAINER1] 	weight_decay: 0.01
[TRAINER1] 	win_len: 320
[TRAINER1] 	win_time: 2.5
[TRAINER1] 	window_lap: 160.0
[TRAINER1] ============================================================================================================
[TRAINER1] 
[TRAINER1] ========== Fold 1 ==========
[TRAINER1] Train IDs: [6, 7, 8, 9, 10, 11, 12, 13, 14, 15, 16, 17, 18, 19, 20, 21, 22, 23, 24, 25, 26, 27, 28, 29, 30]
[TRAINER1] Val IDs:   [1, 2, 3, 4, 5]
[TRAINER1] train_data_shape(164500, 32, 128),val_data_shape(32900, 32, 128)
[TRAINER1] =================================================================
[TRAINER1] Layer (type:depth-idx)                   Param #
[TRAINER1] =================================================================
[TRAINER1] DARNet                                   --
[TRAINER1] ├─TokenEmbedding: 1-1                    --
[TRAINER1] │    └─Sequential: 2-1                   --
[TRAINER1] │    │    └─Conv2d: 3-1                  576
[TRAINER1] │    │    └─BatchNorm2d: 3-2             128
[TRAINER1] │    │    └─GELU: 3-3                    --
[TRAINER1] │    └─Sequential: 2-2                   --
[TRAINER1] │    │    └─Conv2d: 3-4                  32,784
[TRAINER1] │    │    └─BatchNorm2d: 3-5             32
[TRAINER1] │    │    └─GELU: 3-6                    --
[TRAINER1] │    └─PositionalEmbedding: 2-3          --
[TRAINER1] ├─Flatten: 1-2                           --
[TRAINER1] ├─Linear: 1-3                            18
[TRAINER1] ├─AttnRefine: 1-4                        --
[TRAINER1] │    └─MyAttention: 2-4                  --
[TRAINER1] │    │    └─Attention: 3-7               800
[TRAINER1] │    └─Refine: 2-5                       --
[TRAINER1] │    │    └─Conv1d: 3-8                  784
[TRAINER1] │    │    └─BatchNorm1d: 3-9             32
[TRAINER1] │    │    └─ELU: 3-10                    --
[TRAINER1] │    │    └─MaxPool1d: 3-11              --
[TRAINER1] │    └─AdaptiveAvgPool1d: 2-6            --
[TRAINER1] │    └─Linear: 2-7                       68
[TRAINER1] │    └─Flatten: 2-8                      --
[TRAINER1] ├─AttnRefine: 1-5                        --
[TRAINER1] │    └─MyAttention: 2-9                  --
[TRAINER1] │    │    └─Attention: 3-12              800
[TRAINER1] │    └─Refine: 2-10                      --
[TRAINER1] │    │    └─Conv1d: 3-13                 784
[TRAINER1] │    │    └─BatchNorm1d: 3-14            32
[TRAINER1] │    │    └─ELU: 3-15                    --
[TRAINER1] │    │    └─MaxPool1d: 3-16              --
[TRAINER1] │    └─AdaptiveAvgPool1d: 2-11           --
[TRAINER1] │    └─Linear: 2-12                      68
[TRAINER1] │    └─Flatten: 2-13                     --
[TRAINER1] ├─GradientReversalLayer: 1-6             --
[TRAINER1] ├─SubjectDiscriminator: 1-7              --
[TRAINER1] │    └─Sequential: 2-14                  --
[TRAINER1] │    │    └─Linear: 3-17                 2,304
[TRAINER1] │    │    └─ReLU: 3-18                   --
[TRAINER1] │    │    └─Dropout: 3-19                --
[TRAINER1] │    │    └─Linear: 3-20                 32,896
[TRAINER1] │    │    └─ReLU: 3-21                   --
[TRAINER1] │    │    └─Dropout: 3-22                --
[TRAINER1] │    │    └─Linear: 3-23                 3,870
[TRAINER1] =================================================================
[TRAINER1] Total params: 75,976
[TRAINER1] Trainable params: 75,976
[TRAINER1] Non-trainable params: 0
[TRAINER1] =================================================================
[TRAINER1] /home/suyash.kumar.mec22.itbhu/.conda/envs/eegenv/lib/python3.9/site-packages/torch/nn/modules/conv.py:459: UserWarning: Using padding='same' with even kernel lengths and odd dilation may require a zero-padded copy of the input be created (Triggered internally at ../aten/src/ATen/native/Convolution.cpp:1003.)
[TRAINER1]   return F.conv2d(input, weight, bias, self.stride,
[TRAINER1] TestSub: S[1, 2, 3, 4, 5] Epoch  1 Finsh | Now_lr 0.0010/0.0010 | Lambda 0.0040 | Train Loss 0.4744 | Domain Loss 2.9931 | Valid Loss 1.5185 | Train Acc 75.4764| Valid Acc 48.0103
[TRAINER1] Validation acc increase (0.000000 --> 48.010254) in epoch (1).  Saving model ...
[TRAINER1] TestSub: S[1, 2, 3, 4, 5] Epoch  2 Finsh | Now_lr 0.0010/0.0010 | Lambda 0.0080 | Train Loss 0.3022 | Domain Loss 2.8451 | Valid Loss 1.8385 | Train Acc 86[TRAINER2] Current device is cuda
[TRAINER2] Setting all seeds to 42 for reproducibility...
[TRAINER2] All seeds set successfully!
[TRAINER2] start time: task1_AAD_MM-AAD_trainer2_2025-10-10-19-04-54
[TRAINER2] ============================================================================================================
[TRAINER2] Arguments =
[TRAINER2] 	_action_groups: [<argparse._ArgumentGroup object at 0x7fd11ecffc10>, <argparse._ArgumentGroup object at 0x7fd0f5b40df0>]
[TRAINER2] 	_actions: [_HelpAction(option_strings=['-h', '--help'], dest='help', nargs=0, const=None, default='==SUPPRESS==', type=None, choices=None, required=False, help='show this help message and exit', metavar=None)]
[TRAINER2] 	_defaults: {}
[TRAINER2] 	_has_negative_number_optionals: []
[TRAINER2] 	_mutually_exclusive_groups: []
[TRAINER2] 	_negative_number_matcher: re.compile('^-\\d+$|^-\\d*\\.\\d+$')
[TRAINER2] 	_option_string_actions: {'-h': _HelpAction(option_strings=['-h', '--help'], dest='help', nargs=0, const=None, default='==SUPPRESS==', type=None, choices=None, required=False, help='show this help message and exit', metavar=None), '--help': _HelpAction(option_strings=['-h', '--help'], dest='help', nargs=0, const=None, default='==SUPPRESS==', type=None, choices=None, required=False, help='show this help message and exit', metavar=None)}
[TRAINER2] 	_optionals: <argparse._ArgumentGroup object at 0x7fd0f5b40df0>
[TRAINER2] 	_positionals: <argparse._ArgumentGroup object at 0x7fd11ecffc10>
[TRAINER2] 	_registries: {'action': {None: <class 'argparse._StoreAction'>, 'store': <class 'argparse._StoreAction'>, 'store_const': <class 'argparse._StoreConstAction'>, 'store_true': <class 'argparse._StoreTrueAction'>, 'store_false': <class 'argparse._StoreFalseAction'>, 'append': <class 'argparse._AppendAction'>, 'append_const': <class 'argparse._AppendConstAction'>, 'count': <class 'argparse._CountAction'>, 'help': <class 'argparse._HelpAction'>, 'version': <class 'argparse._VersionAction'>, 'parsers': <class 'argparse._SubParsersAction'>, 'extend': <class 'argparse._ExtendAction'>}, 'type': {None: <function ArgumentParser.__init__.<locals>.identity at 0x7fd0f5b64af0>}}
[TRAINER2] 	_subparsers: None
[TRAINER2] 	add_help: True
[TRAINER2] 	allow_abbrev: True
[TRAINER2] 	argument_default: None
[TRAINER2] 	batch_size: 160
[TRAINER2] 	beta1: 0.92
[TRAINER2] 	beta2: 0.998
[TRAINER2] 	conflict_handler: error
[TRAINER2] 	data_path: /home/suyash.kumar.mec22.itbhu/EEG-AAD_audio_visual/preprocessed/data/
[TRAINER2] 	dataset: MM-AAD
[TRAINER2] 	description: None
[TRAINER2] 	eeg_channel: 32
[TRAINER2] 	epilog: None
[TRAINER2] 	exit_on_error: True
[TRAINER2] 	fig_path: ./exps/cross-subject/DARNet/figures/
[TRAINER2] 	formatter_class: <class 'argparse.HelpFormatter'>
[TRAINER2] 	fromfile_prefix_chars: None
[TRAINER2] 	fs: 128
[TRAINER2] 	label_path: /home/suyash.kumar.mec22.itbhu/EEG-AAD_audio_visual/preprocessed/label/
[TRAINER2] 	lam: 0.2
[TRAINER2] 	lambda_domain: 0.08
[TRAINER2] 	log_interval: 10
[TRAINER2] 	lr: 0.0007
[TRAINER2] 	lr_decayrate: 0.45
[TRAINER2] 	max_epoch: 100
[TRAINER2] 	model: DARNet
[TRAINER2] 	model_save_path: ./exps/cross-subject/DARNet/baseline_task1_AAD_MM-AAD_trainer2_2025-10-10-19-04-54/
[TRAINER2] 	optimizer: AdamW
[TRAINER2] 	overlap: 0.5
[TRAINER2] 	patience: 10
[TRAINER2] 	prefix_chars: -
[TRAINER2] 	prog: trainer2.py
[TRAINER2] 	seed: 42
[TRAINER2] 	start_time: task1_AAD_MM-AAD_trainer2_2025-10-10-19-04-54
[TRAINER2] 	subject_number: 40
[TRAINER2] 	trail_number: 20
[TRAINER2] 	usage: None
[TRAINER2] 	use_domain_adversarial: True
[TRAINER2] 	weight_decay: 0.0008
[TRAINER2] 	win_len: 256
[TRAINER2] 	win_time: 2
[TRAINER2] 	window_lap: 128.0
[TRAINER2] ============================================================================================================
[TRAINER2] 
[TRAINER2] ========== Fold 1 ==========
[TRAINER2] Train IDs: [6, 7, 8, 9, 10, 11, 12, 13, 14, 15, 16, 17, 18, 19, 20, 21, 22, 23, 24, 25, 26, 27, 28, 29, 30]
[TRAINER2] Val IDs:   [1, 2, 3, 4, 5]
[TRAINER2] train_data_shape(164500, 32, 128),val_data_shape(32900, 32, 128)
[TRAINER2] =================================================================
[TRAINER2] Layer (type:depth-idx)                   Param #
[TRAINER2] =================================================================
[TRAINER2] DARNet                                   --
[TRAINER2] ├─TokenEmbedding: 1-1                    --
[TRAINER2] │    └─Sequential: 2-1                   --
[TRAINER2] │    │    └─Conv2d: 3-1                  576
[TRAINER2] │    │    └─BatchNorm2d: 3-2             128
[TRAINER2] │    │    └─GELU: 3-3                    --
[TRAINER2] │    └─Sequential: 2-2                   --
[TRAINER2] │    │    └─Conv2d: 3-4                  32,784
[TRAINER2] │    │    └─BatchNorm2d: 3-5             32
[TRAINER2] │    │    └─GELU: 3-6                    --
[TRAINER2] │    └─PositionalEmbedding: 2-3          --
[TRAINER2] ├─Flatten: 1-2                           --
[TRAINER2] ├─Linear: 1-3                            18
[TRAINER2] ├─AttnRefine: 1-4                        --
[TRAINER2] │    └─MyAttention: 2-4                  --
[TRAINER2] │    │    └─Attention: 3-7               800
[TRAINER2] │    └─Refine: 2-5                       --
[TRAINER2] │    │    └─Conv1d: 3-8                  784
[TRAINER2] │    │    └─BatchNorm1d: 3-9             32
[TRAINER2] │    │    └─ELU: 3-10                    --
[TRAINER2] │    │    └─MaxPool1d: 3-11              --
[TRAINER2] │    └─AdaptiveAvgPool1d: 2-6            --
[TRAINER2] │    └─Linear: 2-7                       68
[TRAINER2] │    └─Flatten: 2-8                      --
[TRAINER2] ├─AttnRefine: 1-5                        --
[TRAINER2] │    └─MyAttention: 2-9                  --
[TRAINER2] │    │    └─Attention: 3-12              800
[TRAINER2] │    └─Refine: 2-10                      --
[TRAINER2] │    │    └─Conv1d: 3-13                 784
[TRAINER2] │    │    └─BatchNorm1d: 3-14            32
[TRAINER2] │    │    └─ELU: 3-15                    --
[TRAINER2] │    │    └─MaxPool1d: 3-16              --
[TRAINER2] │    └─AdaptiveAvgPool1d: 2-11           --
[TRAINER2] │    └─Linear: 2-12                      68
[TRAINER2] │    └─Flatten: 2-13                     --
[TRAINER2] ├─GradientReversalLayer: 1-6             --
[TRAINER2] ├─SubjectDiscriminator: 1-7              --
[TRAINER2] │    └─Sequential: 2-14                  --
[TRAINER2] │    │    └─Linear: 3-17                 2,304
[TRAINER2] │    │    └─ReLU: 3-18                   --
[TRAINER2] │    │    └─Dropout: 3-19                --
[TRAINER2] │    │    └─Linear: 3-20                 32,896
[TRAINER2] │    │    └─ReLU: 3-21                   --
[TRAINER2] │    │    └─Dropout: 3-22                --
[TRAINER2] │    │    └─Linear: 3-23                 3,870
[TRAINER2] =================================================================
[TRAINER2] Total params: 75,976
[TRAINER2] Trainable params: 75,976
[TRAINER2] Non-trainable params: 0
[TRAINER2] =================================================================
[TRAINER2] /home/suyash.kumar.mec22.itbhu/.conda/envs/eegenv/lib/python3.9/site-packages/torch/nn/modules/conv.py:459: UserWarning: Using padding='same' with even kernel lengths and odd dilation may require a zero-padded copy of the input be created (Triggered internally at ../aten/src/ATen/native/Convolution.cpp:1003.)
[TRAINER2]   return F.conv2d(input, weight, bias, self.stride,
[TRAINER2] TestSub: S[1, 2, 3, 4, 5] Epoch  1 Finsh | Now_lr 0.0007/0.0007 | Lambda 0.0040 | Train Loss 0.4652 | Domain Loss 2.9677 | Valid Loss 1.4063 | Train Acc 76.3102| Valid Acc 47.9695
[TRAINER2] Validation acc increase (0.000000 --> 47.969512) in epoch (1).  Saving model ...
[TRAINER2] TestSub: S[1, 2, 3, 4, 5] Epoch  2 Finsh | Now_lr 0.0007/0.0007 | Lambda 0.0080 | Train Loss 0.2941 | Domain Loss 2.7865 | Valid Loss 1.6857 | Train Acc [TRAINER4] Current device is cuda
[TRAINER4] Setting all seeds to 42 for reproducibility...
[TRAINER4] All seeds set successfully!
[TRAINER4] start time: task1_AAD_MM-AAD_trainer4_2025-10-10-19-04-54
[TRAINER4] ============================================================================================================
[TRAINER4] Arguments =
[TRAINER4] 	_action_groups: [<argparse._ArgumentGroup object at 0x7f8c800f0c40>, <argparse._ArgumentGroup object at 0x7f8c56f31e20>]
[TRAINER4] 	_actions: [_HelpAction(option_strings=['-h', '--help'], dest='help', nargs=0, const=None, default='==SUPPRESS==', type=None, choices=None, required=False, help='show this help message and exit', metavar=None)]
[TRAINER4] 	_defaults: {}
[TRAINER4] 	_has_negative_number_optionals: []
[TRAINER4] 	_mutually_exclusive_groups: []
[TRAINER4] 	_negative_number_matcher: re.compile('^-\\d+$|^-\\d*\\.\\d+$')
[TRAINER4] 	_option_string_actions: {'-h': _HelpAction(option_strings=['-h', '--help'], dest='help', nargs=0, const=None, default='==SUPPRESS==', type=None, choices=None, required=False, help='show this help message and exit', metavar=None), '--help': _HelpAction(option_strings=['-h', '--help'], dest='help', nargs=0, const=None, default='==SUPPRESS==', type=None, choices=None, required=False, help='show this help message and exit', metavar=None)}
[TRAINER4] 	_optionals: <argparse._ArgumentGroup object at 0x7f8c56f31e20>
[TRAINER4] 	_positionals: <argparse._ArgumentGroup object at 0x7f8c800f0c40>
[TRAINER4] 	_registries: {'action': {None: <class 'argparse._StoreAction'>, 'store': <class 'argparse._StoreAction'>, 'store_const': <class 'argparse._StoreConstAction'>, 'store_true': <class 'argparse._StoreTrueAction'>, 'store_false': <class 'argparse._StoreFalseAction'>, 'append': <class 'argparse._AppendAction'>, 'append_const': <class 'argparse._AppendConstAction'>, 'count': <class 'argparse._CountAction'>, 'help': <class 'argparse._HelpAction'>, 'version': <class 'argparse._VersionAction'>, 'parsers': <class 'argparse._SubParsersAction'>, 'extend': <class 'argparse._ExtendAction'>}, 'type': {None: <function ArgumentParser.__init__.<locals>.identity at 0x7f8c56f53af0>}}
[TRAINER4] 	_subparsers: None
[TRAINER4] 	add_help: True
[TRAINER4] 	allow_abbrev: True
[TRAINER4] 	argument_default: None
[TRAINER4] 	batch_size: 96
[TRAINER4] 	beta1: 0.9
[TRAINER4] 	beta2: 0.999
[TRAINER4] 	conflict_handler: error
[TRAINER4] 	data_path: /home/suyash.kumar.mec22.itbhu/EEG-AAD_audio_visual/preprocessed/data/
[TRAINER4] 	dataset: MM-AAD
[TRAINER4] 	description: None
[TRAINER4] 	eeg_channel: 32
[TRAINER4] 	epilog: None
[TRAINER4] 	exit_on_error: True
[TRAINER4] 	fig_path: ./exps/cross-subject/DARNet/figures/
[TRAINER4] 	formatter_class: <class 'argparse.HelpFormatter'>
[TRAINER4] 	fromfile_prefix_chars: None
[TRAINER4] 	fs: 128
[TRAINER4] 	label_path: /home/suyash.kumar.mec22.itbhu/EEG-AAD_audio_visual/preprocessed/label/
[TRAINER4] 	lam: 0.2
[TRAINER4] 	lambda_domain: 0.12
[TRAINER4] 	log_interval: 10
[TRAINER4] 	lr: 0.0008
[TRAINER4] 	lr_decayrate: 0.4
[TRAINER4] 	max_epoch: 100
[TRAINER4] 	model: DARNet
[TRAINER4] 	model_save_path: ./exps/cross-subject/DARNet/baseline_task1_AAD_MM-AAD_trainer4_2025-10-10-19-04-54/
[TRAINER4] 	optimizer: Adam
[TRAINER4] 	overlap: 0.5
[TRAINER4] 	patience: 10
[TRAINER4] 	prefix_chars: -
[TRAINER4] 	prog: trainer4.py
[TRAINER4] 	seed: 42
[TRAINER4] 	start_time: task1_AAD_MM-AAD_trainer4_2025-10-10-19-04-54
[TRAINER4] 	subject_number: 40
[TRAINER4] 	trail_number: 20
[TRAINER4] 	usage: None
[TRAINER4] 	use_domain_adversarial: True
[TRAINER4] 	weight_decay: 0.0002
[TRAINER4] 	win_len: 256
[TRAINER4] 	win_time: 2
[TRAINER4] 	window_lap: 128.0
[TRAINER4] ============================================================================================================
[TRAINER4] 
[TRAINER4] ========== Fold 1 ==========
[TRAINER4] Train IDs: [6, 7, 8, 9, 10, 11, 12, 13, 14, 15, 16, 17, 18, 19, 20, 21, 22, 23, 24, 25, 26, 27, 28, 29, 30]
[TRAINER4] Val IDs:   [1, 2, 3, 4, 5]
[TRAINER4] train_data_shape(164500, 32, 128),val_data_shape(32900, 32, 128)
[TRAINER4] =================================================================
[TRAINER4] Layer (type:depth-idx)                   Param #
[TRAINER4] =================================================================
[TRAINER4] DARNet                                   --
[TRAINER4] ├─TokenEmbedding: 1-1                    --
[TRAINER4] │    └─Sequential: 2-1                   --
[TRAINER4] │    │    └─Conv2d: 3-1                  576
[TRAINER4] │    │    └─BatchNorm2d: 3-2             128
[TRAINER4] │    │    └─GELU: 3-3                    --
[TRAINER4] │    └─Sequential: 2-2                   --
[TRAINER4] │    │    └─Conv2d: 3-4                  32,784
[TRAINER4] │    │    └─BatchNorm2d: 3-5             32
[TRAINER4] │    │    └─GELU: 3-6                    --
[TRAINER4] │    └─PositionalEmbedding: 2-3          --
[TRAINER4] ├─Flatten: 1-2                           --
[TRAINER4] ├─Linear: 1-3                            18
[TRAINER4] ├─AttnRefine: 1-4                        --
[TRAINER4] │    └─MyAttention: 2-4                  --
[TRAINER4] │    │    └─Attention: 3-7               800
[TRAINER4] │    └─Refine: 2-5                       --
[TRAINER4] │    │    └─Conv1d: 3-8                  784
[TRAINER4] │    │    └─BatchNorm1d: 3-9             32
[TRAINER4] │    │    └─ELU: 3-10                    --
[TRAINER4] │    │    └─MaxPool1d: 3-11              --
[TRAINER4] │    └─AdaptiveAvgPool1d: 2-6            --
[TRAINER4] │    └─Linear: 2-7                       68
[TRAINER4] │    └─Flatten: 2-8                      --
[TRAINER4] ├─AttnRefine: 1-5                        --
[TRAINER4] │    └─MyAttention: 2-9                  --
[TRAINER4] │    │    └─Attention: 3-12              800
[TRAINER4] │    └─Refine: 2-10                      --
[TRAINER4] │    │    └─Conv1d: 3-13                 784
[TRAINER4] │    │    └─BatchNorm1d: 3-14            32
[TRAINER4] │    │    └─ELU: 3-15                    --
[TRAINER4] │    │    └─MaxPool1d: 3-16              --
[TRAINER4] │    └─AdaptiveAvgPool1d: 2-11           --
[TRAINER4] │    └─Linear: 2-12                      68
[TRAINER4] │    └─Flatten: 2-13                     --
[TRAINER4] ├─GradientReversalLayer: 1-6             --
[TRAINER4] ├─SubjectDiscriminator: 1-7              --
[TRAINER4] │    └─Sequential: 2-14                  --
[TRAINER4] │    │    └─Linear: 3-17                 2,304
[TRAINER4] │    │    └─ReLU: 3-18                   --
[TRAINER4] │    │    └─Dropout: 3-19                --
[TRAINER4] │    │    └─Linear: 3-20                 32,896
[TRAINER4] │    │    └─ReLU: 3-21                   --
[TRAINER4] │    │    └─Dropout: 3-22                --
[TRAINER4] │    │    └─Linear: 3-23                 3,870
[TRAINER4] =================================================================
[TRAINER4] Total params: 75,976
[TRAINER4] Trainable params: 75,976
[TRAINER4] Non-trainable params: 0
[TRAINER4] =================================================================
[TRAINER4] /home/suyash.kumar.mec22.itbhu/.conda/envs/eegenv/lib/python3.9/site-packages/torch/nn/modules/conv.py:459: UserWarning: Using padding='same' with even kernel lengths and odd dilation may require a zero-padded copy of the input be created (Triggered internally at ../aten/src/ATen/native/Convolution.cpp:1003.)
[TRAINER4]   return F.conv2d(input, weight, bias, self.stride,
[TRAINER4] TestSub: S[1, 2, 3, 4, 5] Epoch  1 Finsh | Now_lr 0.0008/0.0008 | Lambda 0.0060 | Train Loss 0.4813 | Domain Loss 2.9787 | Valid Loss 1.2254 | Train Acc 74.9094| Valid Acc 52.0102
[TRAINER4] Validation acc increase (0.000000 --> 52.010234) in epoch (1).  Saving model ...
[TRAINER4] TestSub: S[1, 2, 3, 4, 5] Epoch  2 Finsh | Now_lr 0.0008/0.0008 | Lambda 0.0120 | Train Loss 0.3193 | Domain Loss 2.9312 | Valid Loss 1.5506 | Train Acc 85.7[TRAINER6] Current device is cuda
[TRAINER6] Setting all seeds to 42 for reproducibility...
[TRAINER6] All seeds set successfully!
[TRAINER6] start time: task1_AAD_MM-AAD_trainer6_2025-10-10-19-04-54
[TRAINER6] ============================================================================================================
[TRAINER6] Arguments =
[TRAINER6] 	_action_groups: [<argparse._ArgumentGroup object at 0x7f944db47c10>, <argparse._ArgumentGroup object at 0x7f9424989df0>]
[TRAINER6] 	_actions: [_HelpAction(option_strings=['-h', '--help'], dest='help', nargs=0, const=None, default='==SUPPRESS==', type=None, choices=None, required=False, help='show this help message and exit', metavar=None)]
[TRAINER6] 	_defaults: {}
[TRAINER6] 	_has_negative_number_optionals: []
[TRAINER6] 	_mutually_exclusive_groups: []
[TRAINER6] 	_negative_number_matcher: re.compile('^-\\d+$|^-\\d*\\.\\d+$')
[TRAINER6] 	_option_string_actions: {'-h': _HelpAction(option_strings=['-h', '--help'], dest='help', nargs=0, const=None, default='==SUPPRESS==', type=None, choices=None, required=False, help='show this help message and exit', metavar=None), '--help': _HelpAction(option_strings=['-h', '--help'], dest='help', nargs=0, const=None, default='==SUPPRESS==', type=None, choices=None, required=False, help='show this help message and exit', metavar=None)}
[TRAINER6] 	_optionals: <argparse._ArgumentGroup object at 0x7f9424989df0>
[TRAINER6] 	_positionals: <argparse._ArgumentGroup object at 0x7f944db47c10>
[TRAINER6] 	_registries: {'action': {None: <class 'argparse._StoreAction'>, 'store': <class 'argparse._StoreAction'>, 'store_const': <class 'argparse._StoreConstAction'>, 'store_true': <class 'argparse._StoreTrueAction'>, 'store_false': <class 'argparse._StoreFalseAction'>, 'append': <class 'argparse._AppendAction'>, 'append_const': <class 'argparse._AppendConstAction'>, 'count': <class 'argparse._CountAction'>, 'help': <class 'argparse._HelpAction'>, 'version': <class 'argparse._VersionAction'>, 'parsers': <class 'argparse._SubParsersAction'>, 'extend': <class 'argparse._ExtendAction'>}, 'type': {None: <function ArgumentParser.__init__.<locals>.identity at 0x7f94249abaf0>}}
[TRAINER6] 	_subparsers: None
[TRAINER6] 	add_help: True
[TRAINER6] 	allow_abbrev: True
[TRAINER6] 	alpha: 0.99
[TRAINER6] 	argument_default: None
[TRAINER6] 	batch_size: 64
[TRAINER6] 	conflict_handler: error
[TRAINER6] 	data_path: /home/suyash.kumar.mec22.itbhu/EEG-AAD_audio_visual/preprocessed/data/
[TRAINER6] 	dataset: MM-AAD
[TRAINER6] 	description: None
[TRAINER6] 	eeg_channel: 32
[TRAINER6] 	epilog: None
[TRAINER6] 	exit_on_error: True
[TRAINER6] 	fig_path: ./exps/cross-subject/DARNet/figures/
[TRAINER6] 	formatter_class: <class 'argparse.HelpFormatter'>
[TRAINER6] 	fromfile_prefix_chars: None
[TRAINER6] 	fs: 128
[TRAINER6] 	label_path: /home/suyash.kumar.mec22.itbhu/EEG-AAD_audio_visual/preprocessed/label/
[TRAINER6] 	lam: 0.2
[TRAINER6] 	lambda_domain: 0.08
[TRAINER6] 	log_interval: 10
[TRAINER6] 	lr: 0.003
[TRAINER6] 	lr_decayrate: 0.6
[TRAINER6] 	max_epoch: 100
[TRAINER6] 	model: DARNet
[TRAINER6] 	model_save_path: ./exps/cross-subject/DARNet/baseline_task1_AAD_MM-AAD_trainer6_2025-10-10-19-04-54/
[TRAINER6] 	optimizer: RMSprop
[TRAINER6] 	overlap: 0.5
[TRAINER6] 	patience: 10
[TRAINER6] 	prefix_chars: -
[TRAINER6] 	prog: trainer6.py
[TRAINER6] 	seed: 42
[TRAINER6] 	start_time: task1_AAD_MM-AAD_trainer6_2025-10-10-19-04-54
[TRAINER6] 	subject_number: 40
[TRAINER6] 	trail_number: 20
[TRAINER6] 	usage: None
[TRAINER6] 	use_domain_adversarial: True
[TRAINER6] 	weight_decay: 0.0005
[TRAINER6] 	win_len: 192
[TRAINER6] 	win_time: 1.5
[TRAINER6] 	window_lap: 96.0
[TRAINER6] ============================================================================================================
[TRAINER6] 
[TRAINER6] ========== Fold 1 ==========
[TRAINER6] Train IDs: [6, 7, 8, 9, 10, 11, 12, 13, 14, 15, 16, 17, 18, 19, 20, 21, 22, 23, 24, 25, 26, 27, 28, 29, 30]
[TRAINER6] Val IDs:   [1, 2, 3, 4, 5]
[TRAINER6] train_data_shape(164500, 32, 128),val_data_shape(32900, 32, 128)
[TRAINER6] =================================================================
[TRAINER6] Layer (type:depth-idx)                   Param #
[TRAINER6] =================================================================
[TRAINER6] DARNet                                   --
[TRAINER6] ├─TokenEmbedding: 1-1                    --
[TRAINER6] │    └─Sequential: 2-1                   --
[TRAINER6] │    │    └─Conv2d: 3-1                  576
[TRAINER6] │    │    └─BatchNorm2d: 3-2             128
[TRAINER6] │    │    └─GELU: 3-3                    --
[TRAINER6] │    └─Sequential: 2-2                   --
[TRAINER6] │    │    └─Conv2d: 3-4                  32,784
[TRAINER6] │    │    └─BatchNorm2d: 3-5             32
[TRAINER6] │    │    └─GELU: 3-6                    --
[TRAINER6] │    └─PositionalEmbedding: 2-3          --
[TRAINER6] ├─Flatten: 1-2                           --
[TRAINER6] ├─Linear: 1-3                            18
[TRAINER6] ├─AttnRefine: 1-4                        --
[TRAINER6] │    └─MyAttention: 2-4                  --
[TRAINER6] │    │    └─Attention: 3-7               800
[TRAINER6] │    └─Refine: 2-5                       --
[TRAINER6] │    │    └─Conv1d: 3-8                  784
[TRAINER6] │    │    └─BatchNorm1d: 3-9             32
[TRAINER6] │    │    └─ELU: 3-10                    --
[TRAINER6] │    │    └─MaxPool1d: 3-11              --
[TRAINER6] │    └─AdaptiveAvgPool1d: 2-6            --
[TRAINER6] │    └─Linear: 2-7                       68
[TRAINER6] │    └─Flatten: 2-8                      --
[TRAINER6] ├─AttnRefine: 1-5                        --
[TRAINER6] │    └─MyAttention: 2-9                  --
[TRAINER6] │    │    └─Attention: 3-12              800
[TRAINER6] │    └─Refine: 2-10                      --
[TRAINER6] │    │    └─Conv1d: 3-13                 784
[TRAINER6] │    │    └─BatchNorm1d: 3-14            32
[TRAINER6] │    │    └─ELU: 3-15                    --
[TRAINER6] │    │    └─MaxPool1d: 3-16              --
[TRAINER6] │    └─AdaptiveAvgPool1d: 2-11           --
[TRAINER6] │    └─Linear: 2-12                      68
[TRAINER6] │    └─Flatten: 2-13                     --
[TRAINER6] ├─GradientReversalLayer: 1-6             --
[TRAINER6] ├─SubjectDiscriminator: 1-7              --
[TRAINER6] │    └─Sequential: 2-14                  --
[TRAINER6] │    │    └─Linear: 3-17                 2,304
[TRAINER6] │    │    └─ReLU: 3-18                   --
[TRAINER6] │    │    └─Dropout: 3-19                --
[TRAINER6] │    │    └─Linear: 3-20                 32,896
[TRAINER6] │    │    └─ReLU: 3-21                   --
[TRAINER6] │    │    └─Dropout: 3-22                --
[TRAINER6] │    │    └─Linear: 3-23                 3,870
[TRAINER6] =================================================================
[TRAINER6] Total params: 75,976
[TRAINER6] Trainable params: 75,976
[TRAINER6] Non-trainable params: 0
[TRAINER6] =================================================================
[TRAINER6] /home/suyash.kumar.mec22.itbhu/.conda/envs/eegenv/lib/python3.9/site-packages/torch/nn/modules/conv.py:459: UserWarning: Using padding='same' with even kernel lengths and odd dilation may require a zero-padded copy of the input be created (Triggered internally at ../aten/src/ATen/native/Convolution.cpp:1003.)
[TRAINER6]   return F.conv2d(input, weight, bias, self.stride,
[TRAINER6] TestSub: S[1, 2, 3, 4, 5] Epoch  1 Finsh | Now_lr 0.0030/0.0030 | Lambda 0.0040 | Train Loss 0.5267 | Domain Loss 3.1400 | Valid Loss 1.3449 | Train Acc 71.5947| Valid Acc 47.6441
[TRAINER6] Validation acc increase (0.000000 --> 47.644090) in epoch (1).  Saving model ...
[TRAINER6] TestSub: S[1, 2, 3, 4, 5] Epoch  2 Finsh | Now_lr 0.0030/0.0030 | Lambda 0.0080 | Train Loss 0.3535 | Domain Loss 3.1370 | Valid Loss 1.5570 | Train Acc 84.2023| Valid Acc 49.662[TRAINER3] Current device is cuda
[TRAINER3] Setting all seeds to 42 for reproducibility...
[TRAINER3] All seeds set successfully!
[TRAINER3] start time: task1_AAD_MM-AAD_trainer3_2025-10-10-19-04-54
[TRAINER3] ============================================================================================================
[TRAINER3] Arguments =
[TRAINER3] 	_action_groups: [<argparse._ArgumentGroup object at 0x7f90d0fc8bb0>, <argparse._ArgumentGroup object at 0x7f90a7d8bd90>]
[TRAINER3] 	_actions: [_HelpAction(option_strings=['-h', '--help'], dest='help', nargs=0, const=None, default='==SUPPRESS==', type=None, choices=None, required=False, help='show this help message and exit', metavar=None)]
[TRAINER3] 	_defaults: {}
[TRAINER3] 	_has_negative_number_optionals: []
[TRAINER3] 	_mutually_exclusive_groups: []
[TRAINER3] 	_negative_number_matcher: re.compile('^-\\d+$|^-\\d*\\.\\d+$')
[TRAINER3] 	_option_string_actions: {'-h': _HelpAction(option_strings=['-h', '--help'], dest='help', nargs=0, const=None, default='==SUPPRESS==', type=None, choices=None, required=False, help='show this help message and exit', metavar=None), '--help': _HelpAction(option_strings=['-h', '--help'], dest='help', nargs=0, const=None, default='==SUPPRESS==', type=None, choices=None, required=False, help='show this help message and exit', metavar=None)}
[TRAINER3] 	_optionals: <argparse._ArgumentGroup object at 0x7f90a7d8bd90>
[TRAINER3] 	_positionals: <argparse._ArgumentGroup object at 0x7f90d0fc8bb0>
[TRAINER3] 	_registries: {'action': {None: <class 'argparse._StoreAction'>, 'store': <class 'argparse._StoreAction'>, 'store_const': <class 'argparse._StoreConstAction'>, 'store_true': <class 'argparse._StoreTrueAction'>, 'store_false': <class 'argparse._StoreFalseAction'>, 'append': <class 'argparse._AppendAction'>, 'append_const': <class 'argparse._AppendConstAction'>, 'count': <class 'argparse._CountAction'>, 'help': <class 'argparse._HelpAction'>, 'version': <class 'argparse._VersionAction'>, 'parsers': <class 'argparse._SubParsersAction'>, 'extend': <class 'argparse._ExtendAction'>}, 'type': {None: <function ArgumentParser.__init__.<locals>.identity at 0x7f90a7dacaf0>}}
[TRAINER3] 	_subparsers: None
[TRAINER3] 	add_help: True
[TRAINER3] 	allow_abbrev: True
[TRAINER3] 	argument_default: None
[TRAINER3] 	batch_size: 128
[TRAINER3] 	conflict_handler: error
[TRAINER3] 	data_path: /home/suyash.kumar.mec22.itbhu/EEG-AAD_audio_visual/preprocessed/data/
[TRAINER3] 	dataset: MM-AAD
[TRAINER3] 	description: None
[TRAINER3] 	eeg_channel: 32
[TRAINER3] 	epilog: None
[TRAINER3] 	exit_on_error: True
[TRAINER3] 	fig_path: ./exps/cross-subject/DARNet/figures/
[TRAINER3] 	formatter_class: <class 'argparse.HelpFormatter'>
[TRAINER3] 	fromfile_prefix_chars: None
[TRAINER3] 	fs: 128
[TRAINER3] 	label_path: /home/suyash.kumar.mec22.itbhu/EEG-AAD_audio_visual/preprocessed/label/
[TRAINER3] 	lam: 0.2
[TRAINER3] 	lambda_domain: 0.15
[TRAINER3] 	log_interval: 10
[TRAINER3] 	lr: 0.01
[TRAINER3] 	lr_decayrate: 0.75
[TRAINER3] 	max_epoch: 100
[TRAINER3] 	model: DARNet
[TRAINER3] 	model_save_path: ./exps/cross-subject/DARNet/baseline_task1_AAD_MM-AAD_trainer3_2025-10-10-19-04-54/
[TRAINER3] 	momentum: 0.9
[TRAINER3] 	optimizer: SGD
[TRAINER3] 	overlap: 0.5
[TRAINER3] 	patience: 10
[TRAINER3] 	prefix_chars: -
[TRAINER3] 	prog: trainer3.py
[TRAINER3] 	seed: 42
[TRAINER3] 	start_time: task1_AAD_MM-AAD_trainer3_2025-10-10-19-04-54
[TRAINER3] 	subject_number: 40
[TRAINER3] 	trail_number: 20
[TRAINER3] 	usage: None
[TRAINER3] 	use_domain_adversarial: True
[TRAINER3] 	weight_decay: 0.001
[TRAINER3] 	win_len: 256
[TRAINER3] 	win_time: 2
[TRAINER3] 	window_lap: 128.0
[TRAINER3] ============================================================================================================
[TRAINER3] 
[TRAINER3] ========== Fold 1 ==========
[TRAINER3] Train IDs: [6, 7, 8, 9, 10, 11, 12, 13, 14, 15, 16, 17, 18, 19, 20, 21, 22, 23, 24, 25, 26, 27, 28, 29, 30]
[TRAINER3] Val IDs:   [1, 2, 3, 4, 5]
[TRAINER3] train_data_shape(164500, 32, 128),val_data_shape(32900, 32, 128)
[TRAINER3] =================================================================
[TRAINER3] Layer (type:depth-idx)                   Param #
[TRAINER3] =================================================================
[TRAINER3] DARNet                                   --
[TRAINER3] ├─TokenEmbedding: 1-1                    --
[TRAINER3] │    └─Sequential: 2-1                   --
[TRAINER3] │    │    └─Conv2d: 3-1                  576
[TRAINER3] │    │    └─BatchNorm2d: 3-2             128
[TRAINER3] │    │    └─GELU: 3-3                    --
[TRAINER3] │    └─Sequential: 2-2                   --
[TRAINER3] │    │    └─Conv2d: 3-4                  32,784
[TRAINER3] │    │    └─BatchNorm2d: 3-5             32
[TRAINER3] │    │    └─GELU: 3-6                    --
[TRAINER3] │    └─PositionalEmbedding: 2-3          --
[TRAINER3] ├─Flatten: 1-2                           --
[TRAINER3] ├─Linear: 1-3                            18
[TRAINER3] ├─AttnRefine: 1-4                        --
[TRAINER3] │    └─MyAttention: 2-4                  --
[TRAINER3] │    │    └─Attention: 3-7               800
[TRAINER3] │    └─Refine: 2-5                       --
[TRAINER3] │    │    └─Conv1d: 3-8                  784
[TRAINER3] │    │    └─BatchNorm1d: 3-9             32
[TRAINER3] │    │    └─ELU: 3-10                    --
[TRAINER3] │    │    └─MaxPool1d: 3-11              --
[TRAINER3] │    └─AdaptiveAvgPool1d: 2-6            --
[TRAINER3] │    └─Linear: 2-7                       68
[TRAINER3] │    └─Flatten: 2-8                      --
[TRAINER3] ├─AttnRefine: 1-5                        --
[TRAINER3] │    └─MyAttention: 2-9                  --
[TRAINER3] │    │    └─Attention: 3-12              800
[TRAINER3] │    └─Refine: 2-10                      --
[TRAINER3] │    │    └─Conv1d: 3-13                 784
[TRAINER3] │    │    └─BatchNorm1d: 3-14            32
[TRAINER3] │    │    └─ELU: 3-15                    --
[TRAINER3] │    │    └─MaxPool1d: 3-16              --
[TRAINER3] │    └─AdaptiveAvgPool1d: 2-11           --
[TRAINER3] │    └─Linear: 2-12                      68
[TRAINER3] │    └─Flatten: 2-13                     --
[TRAINER3] ├─GradientReversalLayer: 1-6             --
[TRAINER3] ├─SubjectDiscriminator: 1-7              --
[TRAINER3] │    └─Sequential: 2-14                  --
[TRAINER3] │    │    └─Linear: 3-17                 2,304
[TRAINER3] │    │    └─ReLU: 3-18                   --
[TRAINER3] │    │    └─Dropout: 3-19                --
[TRAINER3] │    │    └─Linear: 3-20                 32,896
[TRAINER3] │    │    └─ReLU: 3-21                   --
[TRAINER3] │    │    └─Dropout: 3-22                --
[TRAINER3] │    │    └─Linear: 3-23                 3,870
[TRAINER3] =================================================================
[TRAINER3] Total params: 75,976
[TRAINER3] Trainable params: 75,976
[TRAINER3] Non-trainable params: 0
[TRAINER3] =================================================================
[TRAINER3] /home/suyash.kumar.mec22.itbhu/.conda/envs/eegenv/lib/python3.9/site-packages/torch/nn/modules/conv.py:459: UserWarning: Using padding='same' with even kernel lengths and odd dilation may require a zero-padded copy of the input be created (Triggered internally at ../aten/src/ATen/native/Convolution.cpp:1003.)
[TRAINER3]   return F.conv2d(input, weight, bias, self.stride,
[TRAINER3] TestSub: S[1, 2, 3, 4, 5] Epoch  1 Finsh | Now_lr 0.0100/0.0100 | Lambda 0.0075 | Train Loss 0.4860 | Domain Loss 3.0920 | Valid Loss 1.3602 | Train Acc 74.7361| Valid Acc 51.9881
[TRAINER3] Validation acc increase (0.000000 --> 51.988084) in epoch (1).  Saving model ...
[TRAINER3] TestSub: S[1, 2, 3, 4, 5] Epoch  2 Finsh | Now_lr 0.0100/0.0100 | Lambda 0.0150 | Train Loss 0.3415 | Domain Loss 3.0691 | Valid Loss 1.7473 | Train Acc 84.7823| Valid Acc 49.2826
[[TRAINER5] Current device is cuda
[TRAINER5] Setting all seeds to 42 for reproducibility...
[TRAINER5] All seeds set successfully!
[TRAINER5] start time: task1_AAD_MM-AAD_trainer5_2025-10-10-19-04-54
[TRAINER5] ============================================================================================================
[TRAINER5] Arguments =
[TRAINER5] 	_action_groups: [<argparse._ArgumentGroup object at 0x7f133e7c0b50>, <argparse._ArgumentGroup object at 0x7f1315601d30>]
[TRAINER5] 	_actions: [_HelpAction(option_strings=['-h', '--help'], dest='help', nargs=0, const=None, default='==SUPPRESS==', type=None, choices=None, required=False, help='show this help message and exit', metavar=None)]
[TRAINER5] 	_defaults: {}
[TRAINER5] 	_has_negative_number_optionals: []
[TRAINER5] 	_mutually_exclusive_groups: []
[TRAINER5] 	_negative_number_matcher: re.compile('^-\\d+$|^-\\d*\\.\\d+$')
[TRAINER5] 	_option_string_actions: {'-h': _HelpAction(option_strings=['-h', '--help'], dest='help', nargs=0, const=None, default='==SUPPRESS==', type=None, choices=None, required=False, help='show this help message and exit', metavar=None), '--help': _HelpAction(option_strings=['-h', '--help'], dest='help', nargs=0, const=None, default='==SUPPRESS==', type=None, choices=None, required=False, help='show this help message and exit', metavar=None)}
[TRAINER5] 	_optionals: <argparse._ArgumentGroup object at 0x7f1315601d30>
[TRAINER5] 	_positionals: <argparse._ArgumentGroup object at 0x7f133e7c0b50>
[TRAINER5] 	_registries: {'action': {None: <class 'argparse._StoreAction'>, 'store': <class 'argparse._StoreAction'>, 'store_const': <class 'argparse._StoreConstAction'>, 'store_true': <class 'argparse._StoreTrueAction'>, 'store_false': <class 'argparse._StoreFalseAction'>, 'append': <class 'argparse._AppendAction'>, 'append_const': <class 'argparse._AppendConstAction'>, 'count': <class 'argparse._CountAction'>, 'help': <class 'argparse._HelpAction'>, 'version': <class 'argparse._VersionAction'>, 'parsers': <class 'argparse._SubParsersAction'>, 'extend': <class 'argparse._ExtendAction'>}, 'type': {None: <function ArgumentParser.__init__.<locals>.identity at 0x7f1315623af0>}}
[TRAINER5] 	_subparsers: None
[TRAINER5] 	add_help: True
[TRAINER5] 	allow_abbrev: True
[TRAINER5] 	argument_default: None
[TRAINER5] 	batch_size: 128
[TRAINER5] 	conflict_handler: error
[TRAINER5] 	data_path: /home/suyash.kumar.mec22.itbhu/EEG-AAD_audio_visual/preprocessed/data/
[TRAINER5] 	dataset: MM-AAD
[TRAINER5] 	description: None
[TRAINER5] 	eeg_channel: 32
[TRAINER5] 	epilog: None
[TRAINER5] 	exit_on_error: True
[TRAINER5] 	fig_path: ./exps/cross-subject/DARNet/figures/
[TRAINER5] 	formatter_class: <class 'argparse.HelpFormatter'>
[TRAINER5] 	fromfile_prefix_chars: None
[TRAINER5] 	fs: 128
[TRAINER5] 	label_path: /home/suyash.kumar.mec22.itbhu/EEG-AAD_audio_visual/preprocessed/label/
[TRAINER5] 	lam: 0.2
[TRAINER5] 	lambda_domain: 0.1
[TRAINER5] 	log_interval: 10
[TRAINER5] 	lr: 0.0005
[TRAINER5] 	lr_decayrate: 0.5
[TRAINER5] 	max_epoch: 100
[TRAINER5] 	model: DARNet
[TRAINER5] 	model_save_path: ./exps/cross-subject/DARNet/baseline_task1_AAD_MM-AAD_trainer5_2025-10-10-19-04-54/
[TRAINER5] 	optimizer: AdamW
[TRAINER5] 	overlap: 0.5
[TRAINER5] 	patience: 10
[TRAINER5] 	prefix_chars: -
[TRAINER5] 	prog: trainer5.py
[TRAINER5] 	seed: 42
[TRAINER5] 	start_time: task1_AAD_MM-AAD_trainer5_2025-10-10-19-04-54
[TRAINER5] 	subject_number: 40
[TRAINER5] 	trail_number: 20
[TRAINER5] 	usage: None
[TRAINER5] 	use_domain_adversarial: True
[TRAINER5] 	weight_decay: 0.0003
[TRAINER5] 	win_len: 256
[TRAINER5] 	win_time: 2
[TRAINER5] 	window_lap: 128.0
[TRAINER5] ============================================================================================================
[TRAINER5] 
[TRAINER5] ========== Fold 1 ==========
[TRAINER5] Train IDs: [6, 7, 8, 9, 10, 11, 12, 13, 14, 15, 16, 17, 18, 19, 20, 21, 22, 23, 24, 25, 26, 27, 28, 29, 30]
[TRAINER5] Val IDs:   [1, 2, 3, 4, 5]
[TRAINER5] train_data_shape(164500, 32, 128),val_data_shape(32900, 32, 128)
[TRAINER5] =================================================================
[TRAINER5] Layer (type:depth-idx)                   Param #
[TRAINER5] =================================================================
[TRAINER5] DARNet                                   --
[TRAINER5] ├─TokenEmbedding: 1-1                    --
[TRAINER5] │    └─Sequential: 2-1                   --
[TRAINER5] │    │    └─Conv2d: 3-1                  576
[TRAINER5] │    │    └─BatchNorm2d: 3-2             128
[TRAINER5] │    │    └─GELU: 3-3                    --
[TRAINER5] │    └─Sequential: 2-2                   --
[TRAINER5] │    │    └─Conv2d: 3-4                  32,784
[TRAINER5] │    │    └─BatchNorm2d: 3-5             32
[TRAINER5] │    │    └─GELU: 3-6                    --
[TRAINER5] │    └─PositionalEmbedding: 2-3          --
[TRAINER5] ├─Flatten: 1-2                           --
[TRAINER5] ├─Linear: 1-3                            18
[TRAINER5] ├─AttnRefine: 1-4                        --
[TRAINER5] │    └─MyAttention: 2-4                  --
[TRAINER5] │    │    └─Attention: 3-7               800
[TRAINER5] │    └─Refine: 2-5                       --
[TRAINER5] │    │    └─Conv1d: 3-8                  784
[TRAINER5] │    │    └─BatchNorm1d: 3-9             32
[TRAINER5] │    │    └─ELU: 3-10                    --
[TRAINER5] │    │    └─MaxPool1d: 3-11              --
[TRAINER5] │    └─AdaptiveAvgPool1d: 2-6            --
[TRAINER5] │    └─Linear: 2-7                       68
[TRAINER5] │    └─Flatten: 2-8                      --
[TRAINER5] ├─AttnRefine: 1-5                        --
[TRAINER5] │    └─MyAttention: 2-9                  --
[TRAINER5] │    │    └─Attention: 3-12              800
[TRAINER5] │    └─Refine: 2-10                      --
[TRAINER5] │    │    └─Conv1d: 3-13                 784
[TRAINER5] │    │    └─BatchNorm1d: 3-14            32
[TRAINER5] │    │    └─ELU: 3-15                    --
[TRAINER5] │    │    └─MaxPool1d: 3-16              --
[TRAINER5] │    └─AdaptiveAvgPool1d: 2-11           --
[TRAINER5] │    └─Linear: 2-12                      68
[TRAINER5] │    └─Flatten: 2-13                     --
[TRAINER5] ├─GradientReversalLayer: 1-6             --
[TRAINER5] ├─SubjectDiscriminator: 1-7              --
[TRAINER5] │    └─Sequential: 2-14                  --
[TRAINER5] │    │    └─Linear: 3-17                 2,304
[TRAINER5] │    │    └─ReLU: 3-18                   --
[TRAINER5] │    │    └─Dropout: 3-19                --
[TRAINER5] │    │    └─Linear: 3-20                 32,896
[TRAINER5] │    │    └─ReLU: 3-21                   --
[TRAINER5] │    │    └─Dropout: 3-22                --
[TRAINER5] │    │    └─Linear: 3-23                 3,870
[TRAINER5] =================================================================
[TRAINER5] Total params: 75,976
[TRAINER5] Trainable params: 75,976
[TRAINER5] Non-trainable params: 0
[TRAINER5] =================================================================
[TRAINER5] /home/suyash.kumar.mec22.itbhu/.conda/envs/eegenv/lib/python3.9/site-packages/torch/nn/modules/conv.py:459: UserWarning: Using padding='same' with even kernel lengths and odd dilation may require a zero-padded copy of the input be created (Triggered internally at ../aten/src/ATen/native/Convolution.cpp:1003.)
[TRAINER5]   return F.conv2d(input, weight, bias, self.stride,
[TRAINER5] TestSub: S[1, 2, 3, 4, 5] Epoch  1 Finsh | Now_lr 0.0005/0.0005 | Lambda 0.0050 | Train Loss 0.4742 | Domain Loss 3.0204 | Valid Loss 1.3784 | Train Acc 75.6901| Valid Acc 49.2188
[TRAINER5] Validation acc increase (0.000000 --> 49.218750) in epoch (1).  Saving model ...
[TRAINER5] TestSub: S[1, 2, 3, 4, 5] Epoch  2 Finsh | Now_lr 0.0005/0.0005 | Lambda 0.0100 | Train Loss 0.3163 | Domain Loss 2.9146 | Valid Loss 1.7791 | Train Acc 85.9928| Valid Acc 49.0272
[TRAINER5] TestSub: S[1,.9737| Valid Acc 51.2146
[TRAINER1] Validation acc increase (48.010254 --> 51.214600) in epoch (2).  Saving model ...
[TRAINER1] TestSub: S[1, 2, 3, 4, 5] Epoch  3 Finsh | Now_lr 0.0010/0.0010 | Lambda 0.0119 | Train Loss 0.2489 | Domain Loss 2.8515 | Valid Loss 2.0870 | Train Acc 89.7342| Valid Acc 49.6857
[TRAINER1] TestSub: S[1, 2, 3, 4, 5] Epoch  4 Finsh | Now_lr 0.0010/0.0010 | Lambda 0.0158 | Train Loss 0.2146 | Domain Loss 2.8915 | Valid Loss 2.3119 | Train Acc 91.3004| Valid Acc 50.6622
[TRAINER1] TestSub: S[1, 2, 3, 4, 5] Epoch  5 Finsh | Now_lr 0.0010/0.0010 | Lambda 0.0196 | Train Loss 0.1790 | Domain Loss 2.8845 | Valid Loss 2.6447 | Train Acc 92.8367| Valid Acc 50.8240
[TRAINER1] TestSub: S[1, 2, 3, 4, 5] Epoch  6 Finsh | Now_lr 0.0010/0.0010 | Lambda 0.0233 | Train Loss 0.1547 | Domain Loss 2.9384 | Valid Loss 2.7053 | Train Acc 93.9344| Valid Acc 50.7080
[TRAINER1] TestSub: S[1, 2, 3, 4, 5] Epoch  7 Finsh | Now_lr 0.0010/0.0010 | Lambda 0.0269 | Train Loss 0.1343 | Domain Loss 2.9572 | Valid Loss 2.8861 | Train Acc 94.8221| Valid Acc 52.6367
[TRAINER1] Validation acc increase (51.214600 --> 52.636719) in epoch (7).  Saving model ...
[TRAINER1] TestSub: S[1, 2, 3, 4, 5] Epoch  8 Finsh | Now_lr 0.0010/0.0010 | Lambda 0.0304 | Train Loss 0.1162 | Domain Loss 2.9922 | Valid Loss 2.8431 | Train Acc 95.6471| Valid Acc 52.4902
[TRAINER1] TestSub: S[1, 2, 3, 4, 5] Epoch  9 Finsh | Now_lr 0.0010/0.0010 | Lambda 0.0338 | Train Loss 0.0984 | Domain Loss 3.0025 | Valid Loss 3.0594 | Train Acc 96.3450| Valid Acc 51.1444
[TRAINER1] TestSub: S[1, 2, 3, 4, 5] Epoch 10 Finsh | Now_lr 0.0010/0.0010 | Lambda 0.0370 | Train Loss 0.0905 | Domain Loss 3.0238 | Valid Loss 3.2352 | Train Acc 96.6541| Valid Acc 50.4089
[TRAINER1] TestSub: S[1, 2, 3, 4, 5] Epoch 11 Finsh | Now_lr 0.0010/0.0010 | Lambda 0.0400 | Train Loss 0.0822 | Domain Loss 3.0241 | Valid Loss 3.2621 | Train Acc 96.9620| Valid Acc 51.0498
[TRAINER1] TestSub: S[1, 2, 3, 4, 5] Epoch 12 Finsh | Now_lr 0.0010/0.0010 | Lambda 0.0430 | Train Loss 0.0716 | Domain Loss 3.0451 | Valid Loss 3.2793 | Train Acc 97.3837| Valid Acc 50.9583
[TRAINER1] TestSub: S[1, 2, 3, 4, 5] Epoch 13 Finsh | Now_lr 0.0010/0.0010 | Lambda 0.0457 | Train Loss 0.0648 | Domain Loss 3.0452 | Valid Loss 3.2906 | Train Acc 97.6702| Valid Acc 51.9806
[TRAINER1] TestSub: S[1, 2, 3, 4, 5] Epoch 14 Finsh | Now_lr 0.0010/0.0010 | Lambda 0.0483 | Train Loss 0.0584 | Domain Loss 3.0288 | Valid Loss 3.5053 | Train Acc 97.9002| Valid Acc 51.9287
[TRAINER1] TestSub: S[1, 2, 3, 4, 5] Epoch 15 Finsh | Now_lr 0.0010/0.0010 | Lambda 0.0508 | Train Loss 0.0571 | Domain Loss 3.0542 | Valid Loss 3.5578 | Train Acc 97.9848| Valid Acc 49.9695
[TRAINER1] TestSub: S[1, 2, 3, 4, 5] Epoch 16 Finsh | Now_lr 0.0010/0.0010 | Lambda 0.0531 | Train Loss 0.0507 | Domain Loss 3.0279 | Valid Loss 3.5192 | Train Acc 98.2154| Valid Acc 50.2380
[TRAINER1] TestSub: S[1, 2, 3, 4, 5] Epoch 17 Finsh | Now_lr 0.0010/0.0010 | Lambda 0.0553 | Train Loss 0.0493 | Domain Loss 3.0304 | Valid Loss 3.6991 | Train Acc 98.2537| Valid Acc 49.4965
[TRAINER1] TestSub: S[1, 2, 3, 4, 5] Epoch 18 Finsh | Now_lr 0.0010/0.0010 | Lambda 0.0573 | Train Loss 0.0470 | Domain Loss 3.0258 | Valid Loss 3.4588 | Train Acc 98.3097| Valid Acc 51.1139
[TRAINER1] TestSub: S[1, 2, 3, 4, 5] Epoch 19 Finsh | Now_lr 0.0010/0.0010 | Lambda 0.0592 | Train Loss 0.0413 | Domain Loss 3.0482 | Valid Loss 3.8106 | Train Acc 98.5391| Valid Acc 50.6439
[TRAINER1] TestSub: S[1, 2, 3, 4, 5] Epoch 20 Finsh | Now_lr 0.0010/0.0010 | Lambda 0.0609 | Train Loss 0.0416 | Domain Loss 3.0688 | Valid Loss 3.7317 | Train Acc 98.5610| Valid Acc 48.9136
[TRAINER1] TestSub: S[1, 2, 3, 4, 5] Epoch 21 Finsh | Now_lr 0.0010/0.0010 | Lambda 0.0625 | Train Loss 0.0392 | Domain Loss 3.0538 | Valid Loss 3.7779 | Train Acc 98.6249| Valid Acc 48.6084
[TRAINER1] TestSub: S[1, 2, 3, 4, 5] Epoch 22 Finsh | Now_lr 0.0010/0.0010 | Lambda 0.0640 | Train Loss 0.0370 | Domain Loss 3.0672 | Valid Loss 3.5936 | Train Acc 98.7162| Valid Acc 50.0641
[TRAINER1] TestSub: S[1, 2, 3, 4, 5] Epoch 23 Finsh | Now_lr 0.0010/0.0010 | Lambda 0.0654 | Train Loss 0.0348 | Domain Loss 3.0795 | Valid Loss 3.6119 | Train Acc 98.8062| Valid Acc 50.1129
[TRAINER1] TestSub: S[1, 2, 3, 4, 5] Epoch 24 Finsh | Now_lr 0.0010/0.0010 | Lambda 0.0667 | Train Loss 0.0351 | Domain Loss 3.0988 | Valid Loss 3.9086 | Train Acc 98.7874| Valid Acc 49.2401
[TRAINER1] TestSub: S[1, 2, 3, 4, 5] Epoch 25 Finsh | Now_lr 0.0010/0.0010 | Lambda 0.0679 | Train Loss 0.0334 | Domain Loss 3.0936 | Valid Loss 3.5995 | Train Acc 98.8312| Valid Acc 47.5250
[TRAINER1] TestSub: S[1, 2, 3, 4, 5] Epoch 26 Finsh | Now_lr 0.0010/0.0010 | Lambda 0.0689 | Train Loss 0.0329 | Domain Loss 3.0855 | Valid Loss 3.7331 | Train Acc 98.8464| Valid Acc 49.9725
[TRAINER1] TestSub: S[1, 2, 3, 4, 5] Epoch 27 Finsh | Now_lr 0.0010/0.0010 | Lambda 0.0699 | Train Loss 0.0322 | Domain Loss 3.1073 | Valid Loss 3.6508 | Train Acc 98.9090| Valid Acc 48.0835
[TRAINER1] TestSub: S[1, 2, 3, 4, 5] Epoch 28 Finsh | Now_lr 0.0010/0.0010 | Lambda 0.0708 | Train Loss 0.0293 | Domain Loss 3.1082 | Valid Loss 3.7258 | Train Acc 99.0052| Valid Acc 49.0112
[TRAINER1] TestSub: S[1, 2, 3, 4, 5] Epoch 29 Finsh | Now_lr 0.0010/0.0010 | Lambda 0.0717 | Train Loss 0.0276 | Domain Loss 3.1121 | Valid Loss 3.7529 | Train Acc 99.0362| Valid Acc 50.0061
[TRAINER1] TestSub: S[1, 2, 3, 4, 5] Epoch 30 Finsh | Now_lr 0.0010/0.0010 | Lambda 0.0724 | Train Loss 0.0290 | Domain Loss 3.1249 | Valid Loss 3.9656 | Train Acc 99.0313| Valid Acc 46.9482
[TRAINER1] TestSub: S[1, 2, 3, 4, 5] Epoch 31 Finsh | Now_lr 0.0010/0.0010 | Lambda 0.0731 | Train Loss 0.0262 | Domain Loss 3.1400 | Valid Loss 3.9999 | Train Acc 99.1013| Valid Acc 50.0488
[TRAINER1] TestSub: S[1, 2, 3, 4, 5] Epoch 32 Finsh | Now_lr 0.0010/0.0010 | Lambda 0.0737 | Train Loss 0.0280 | Domain Loss 3.1321 | Valid Loss 3.7936 | Train Acc 99.0435| Valid Acc 49.5209
[TRAINER1] TestSub: S[1, 2, 3, 4, 5] Epoch 33 Finsh | Now_lr 0.0010/0.0010 | Lambda 0.0743 | Train Loss 0.0259 | Domain Loss 3.1329 | Valid Loss 3.8401 | Train Acc 99.0946| Valid Acc 48.7396
[TRAINER1] TestSub: S[1, 2, 3, 4, 5] Epoch 34 Finsh | Now_lr 0.0010/0.0010 | Lambda 0.0748 | Train Loss 0.0238 | Domain Loss 3.1341 | Valid Loss 4.2724 | Train Acc 99.1847| Valid Acc 48.7030
[TRAINER1] TestSub: S[1, 2, 3, 4, 5] Epoch 35 Finsh | Now_lr 0.0010/0.0010 | Lambda 0.0753 | Train Loss 0.0259 | Domain Loss 3.1416 | Valid Loss 4.3759 | Train Acc 99.1165| Valid Acc 49.1974
[TRAINER1] TestSub: S[1, 2, 3, 4, 5] Epoch 36 Finsh | Now_lr 0.0010/0.0010 | Lambda 0.0757 | Train Loss 0.0228 | Domain Loss 3.1494 | Valid Loss 4.2176 | Train Acc 99.2090| Valid Acc 49.1241
[TRAINER1] TestSub: S[1, 2, 3, 4, 5] Epoch 37 Finsh | Now_lr 0.0010/0.0010 | Lambda 0.0761 | Train Loss 0.0248 | Domain Loss 3.1475 | Valid Loss 3.7435 | Train Acc 99.1384| Valid Acc 50.9613
[TRAINER1] Early stopping triggered after 37 epochs (30 epochs without improvement)
[TRAINER1] --------------------------------------------------
[TRAINER1] Test_Subject :S[1, 2, 3, 4, 5] |Best epoch:7 | Test Loss:2.8861 | Best Acc 52.6367 | Savemodel Acc 52.6367
[TRAINER1] --------------------------------------------------
[TRAINER1] 
[TRAINER1] ========== Fold 2 ==========
[TRAINER1] Train IDs: [1, 2, 3, 4, 5, 11, 12, 13, 14, 15, 16, 17, 18, 19, 20, 21, 22, 23, 24, 25, 26, 27, 28, 29, 30]
[TRAINER1] Val IDs:   [6, 7, 8, 9, 10]
[TRAINER1] train_data_shape(164500, 32, 128),val_data_shape(32900, 32, 128)
[TRAINER1] =================================================================
[TRAINER1] Layer (type:depth-idx)                   Param #
[TRAINER1] =================================================================
[TRAINER1] DARNet                                   --
[TRAINER1] ├─TokenEmbedding: 1-1                    --
[TRAINER1] │    └─Sequential: 2-1                   --
[TRAINER1] │    │    └─Conv2d: 3-1                  576
[TRAINER1] │    │    └─BatchNorm2d: 3-2             128
[TRAINER1] │    │    └─GELU: 3-3                    --
[TRAINER1] │    └─Sequential: 2-2                   --
[TRAINER1] │    │    └─Conv2d: 3-4  87.3814| Valid Acc 47.8720
[TRAINER2] TestSub: S[1, 2, 3, 4, 5] Epoch  3 Finsh | Now_lr 0.0007/0.0007 | Lambda 0.0119 | Train Loss 0.2341 | Domain Loss 2.8383 | Valid Loss 1.9837 | Train Acc 90.4025| Valid Acc 49.5701
[TRAINER2] Validation acc increase (47.969512 --> 49.570122) in epoch (3).  Saving model ...
[TRAINER2] TestSub: S[1, 2, 3, 4, 5] Epoch  4 Finsh | Now_lr 0.0007/0.0007 | Lambda 0.0158 | Train Loss 0.1898 | Domain Loss 2.8609 | Valid Loss 2.3946 | Train Acc 92.3906| Valid Acc 47.4055
[TRAINER2] TestSub: S[1, 2, 3, 4, 5] Epoch  5 Finsh | Now_lr 0.0007/0.0007 | Lambda 0.0196 | Train Loss 0.1570 | Domain Loss 2.9167 | Valid Loss 2.5320 | Train Acc 93.8266| Valid Acc 48.5000
[TRAINER2] TestSub: S[1, 2, 3, 4, 5] Epoch  6 Finsh | Now_lr 0.0007/0.0007 | Lambda 0.0233 | Train Loss 0.1316 | Domain Loss 2.9600 | Valid Loss 2.6064 | Train Acc 94.9252| Valid Acc 49.5549
[TRAINER2] TestSub: S[1, 2, 3, 4, 5] Epoch  7 Finsh | Now_lr 0.0007/0.0007 | Lambda 0.0269 | Train Loss 0.1113 | Domain Loss 2.9298 | Valid Loss 2.9031 | Train Acc 95.8244| Valid Acc 49.3598
[TRAINER2] TestSub: S[1, 2, 3, 4, 5] Epoch  8 Finsh | Now_lr 0.0007/0.0007 | Lambda 0.0304 | Train Loss 0.0959 | Domain Loss 2.9793 | Valid Loss 2.8086 | Train Acc 96.4202| Valid Acc 51.6189
[TRAINER2] Validation acc increase (49.570122 --> 51.618902) in epoch (8).  Saving model ...
[TRAINER2] TestSub: S[1, 2, 3, 4, 5] Epoch  9 Finsh | Now_lr 0.0007/0.0007 | Lambda 0.0338 | Train Loss 0.0836 | Domain Loss 2.9695 | Valid Loss 2.7509 | Train Acc 96.9607| Valid Acc 51.8506
[TRAINER2] Validation acc increase (51.618902 --> 51.850610) in epoch (9).  Saving model ...
[TRAINER2] TestSub: S[1, 2, 3, 4, 5] Epoch 10 Finsh | Now_lr 0.0007/0.0007 | Lambda 0.0370 | Train Loss 0.0752 | Domain Loss 2.9736 | Valid Loss 2.7855 | Train Acc 97.2410| Valid Acc 50.6372
[TRAINER2] TestSub: S[1, 2, 3, 4, 5] Epoch 11 Finsh | Now_lr 0.0007/0.0007 | Lambda 0.0400 | Train Loss 0.0684 | Domain Loss 2.9869 | Valid Loss 2.9343 | Train Acc 97.5328| Valid Acc 54.7774
[TRAINER2] Validation acc increase (51.850610 --> 54.777439) in epoch (11).  Saving model ...
[TRAINER2] TestSub: S[1, 2, 3, 4, 5] Epoch 12 Finsh | Now_lr 0.0007/0.0007 | Lambda 0.0430 | Train Loss 0.0627 | Domain Loss 2.9746 | Valid Loss 2.8205 | Train Acc 97.7274| Valid Acc 50.9695
[TRAINER2] TestSub: S[1, 2, 3, 4, 5] Epoch 13 Finsh | Now_lr 0.0007/0.0007 | Lambda 0.0457 | Train Loss 0.0579 | Domain Loss 3.0080 | Valid Loss 3.0128 | Train Acc 97.9268| Valid Acc 51.5366
[TRAINER2] TestSub: S[1, 2, 3, 4, 5] Epoch 14 Finsh | Now_lr 0.0007/0.0007 | Lambda 0.0483 | Train Loss 0.0545 | Domain Loss 3.0432 | Valid Loss 2.8818 | Train Acc 98.0563| Valid Acc 51.0549
[TRAINER2] TestSub: S[1, 2, 3, 4, 5] Epoch 15 Finsh | Now_lr 0.0007/0.0007 | Lambda 0.0508 | Train Loss 0.0516 | Domain Loss 3.0197 | Valid Loss 3.2380 | Train Acc 98.2095| Valid Acc 52.0549
[TRAINER2] TestSub: S[1, 2, 3, 4, 5] Epoch 16 Finsh | Now_lr 0.0007/0.0007 | Lambda 0.0531 | Train Loss 0.0450 | Domain Loss 3.0339 | Valid Loss 3.1822 | Train Acc 98.3840| Valid Acc 53.8110
[TRAINER2] TestSub: S[1, 2, 3, 4, 5] Epoch 17 Finsh | Now_lr 0.0007/0.0007 | Lambda 0.0553 | Train Loss 0.0446 | Domain Loss 3.0408 | Valid Loss 3.1631 | Train Acc 98.4272| Valid Acc 52.7409
[TRAINER2] TestSub: S[1, 2, 3, 4, 5] Epoch 18 Finsh | Now_lr 0.0007/0.0007 | Lambda 0.0573 | Train Loss 0.0410 | Domain Loss 3.0445 | Valid Loss 3.2444 | Train Acc 98.5980| Valid Acc 52.1159
[TRAINER2] TestSub: S[1, 2, 3, 4, 5] Epoch 19 Finsh | Now_lr 0.0007/0.0007 | Lambda 0.0592 | Train Loss 0.0380 | Domain Loss 3.0640 | Valid Loss 3.2990 | Train Acc 98.6491| Valid Acc 52.9085
[TRAINER2] TestSub: S[1, 2, 3, 4, 5] Epoch 20 Finsh | Now_lr 0.0007/0.0007 | Lambda 0.0609 | Train Loss 0.0386 | Domain Loss 3.0628 | Valid Loss 3.2469 | Train Acc 98.6533| Valid Acc 49.5610
[TRAINER2] TestSub: S[1, 2, 3, 4, 5] Epoch 21 Finsh | Now_lr 0.0007/0.0007 | Lambda 0.0625 | Train Loss 0.0347 | Domain Loss 3.1126 | Valid Loss 3.3444 | Train Acc 98.7616| Valid Acc 51.6159
[TRAINER2] TestSub: S[1, 2, 3, 4, 5] Epoch 22 Finsh | Now_lr 0.0007/0.0007 | Lambda 0.0640 | Train Loss 0.0331 | Domain Loss 3.1038 | Valid Loss 3.4249 | Train Acc 98.8430| Valid Acc 50.4177
[TRAINER2] TestSub: S[1, 2, 3, 4, 5] Epoch 23 Finsh | Now_lr 0.0007/0.0007 | Lambda 0.0654 | Train Loss 0.0340 | Domain Loss 3.0863 | Valid Loss 3.1611 | Train Acc 98.8284| Valid Acc 50.9665
[TRAINER2] TestSub: S[1, 2, 3, 4, 5] Epoch 24 Finsh | Now_lr 0.0007/0.0007 | Lambda 0.0667 | Train Loss 0.0327 | Domain Loss 3.0928 | Valid Loss 3.2318 | Train Acc 98.8795| Valid Acc 49.6128
[TRAINER2] TestSub: S[1, 2, 3, 4, 5] Epoch 25 Finsh | Now_lr 0.0007/0.0007 | Lambda 0.0679 | Train Loss 0.0293 | Domain Loss 3.0834 | Valid Loss 3.7120 | Train Acc 98.9768| Valid Acc 49.9177
[TRAINER2] TestSub: S[1, 2, 3, 4, 5] Epoch 26 Finsh | Now_lr 0.0007/0.0007 | Lambda 0.0689 | Train Loss 0.0292 | Domain Loss 3.1133 | Valid Loss 3.4797 | Train Acc 98.9835| Valid Acc 51.3841
[TRAINER2] TestSub: S[1, 2, 3, 4, 5] Epoch 27 Finsh | Now_lr 0.0007/0.0007 | Lambda 0.0699 | Train Loss 0.0282 | Domain Loss 3.1023 | Valid Loss 3.4418 | Train Acc 99.0376| Valid Acc 52.7226
[TRAINER2] TestSub: S[1, 2, 3, 4, 5] Epoch 28 Finsh | Now_lr 0.0007/0.0007 | Lambda 0.0708 | Train Loss 0.0267 | Domain Loss 3.1165 | Valid Loss 3.5773 | Train Acc 99.0820| Valid Acc 49.5854
[TRAINER2] TestSub: S[1, 2, 3, 4, 5] Epoch 29 Finsh | Now_lr 0.0007/0.0007 | Lambda 0.0717 | Train Loss 0.0257 | Domain Loss 3.1060 | Valid Loss 3.5563 | Train Acc 99.1075| Valid Acc 51.1341
[TRAINER2] TestSub: S[1, 2, 3, 4, 5] Epoch 30 Finsh | Now_lr 0.0007/0.0007 | Lambda 0.0724 | Train Loss 0.0259 | Domain Loss 3.1141 | Valid Loss 3.5421 | Train Acc 99.1434| Valid Acc 52.4268
[TRAINER2] TestSub: S[1, 2, 3, 4, 5] Epoch 31 Finsh | Now_lr 0.0007/0.0007 | Lambda 0.0731 | Train Loss 0.0267 | Domain Loss 3.1297 | Valid Loss 3.3697 | Train Acc 99.0747| Valid Acc 52.3293
[TRAINER2] TestSub: S[1, 2, 3, 4, 5] Epoch 32 Finsh | Now_lr 0.0007/0.0007 | Lambda 0.0737 | Train Loss 0.0249 | Domain Loss 3.1101 | Valid Loss 3.4832 | Train Acc 99.1440| Valid Acc 51.4634
[TRAINER2] TestSub: S[1, 2, 3, 4, 5] Epoch 33 Finsh | Now_lr 0.0007/0.0007 | Lambda 0.0743 | Train Loss 0.0238 | Domain Loss 3.1303 | Valid Loss 3.9035 | Train Acc 99.1804| Valid Acc 52.3354
[TRAINER2] TestSub: S[1, 2, 3, 4, 5] Epoch 34 Finsh | Now_lr 0.0007/0.0007 | Lambda 0.0748 | Train Loss 0.0246 | Domain Loss 3.1410 | Valid Loss 3.2774 | Train Acc 99.1628| Valid Acc 53.1799
[TRAINER2] TestSub: S[1, 2, 3, 4, 5] Epoch 35 Finsh | Now_lr 0.0007/0.0007 | Lambda 0.0753 | Train Loss 0.0220 | Domain Loss 3.1478 | Valid Loss 3.5002 | Train Acc 99.2686| Valid Acc 52.2165
[TRAINER2] TestSub: S[1, 2, 3, 4, 5] Epoch 36 Finsh | Now_lr 0.0007/0.0007 | Lambda 0.0757 | Train Loss 0.0217 | Domain Loss 3.1409 | Valid Loss 3.5965 | Train Acc 99.2777| Valid Acc 51.1616
[TRAINER2] TestSub: S[1, 2, 3, 4, 5] Epoch 37 Finsh | Now_lr 0.0007/0.0007 | Lambda 0.0761 | Train Loss 0.0218 | Domain Loss 3.1329 | Valid Loss 3.2771 | Train Acc 99.2716| Valid Acc 54.1494
[TRAINER2] TestSub: S[1, 2, 3, 4, 5] Epoch 38 Finsh | Now_lr 0.0007/0.0007 | Lambda 0.0765 | Train Loss 0.0205 | Domain Loss 3.1297 | Valid Loss 3.4687 | Train Acc 99.3039| Valid Acc 52.4817
[TRAINER2] TestSub: S[1, 2, 3, 4, 5] Epoch 39 Finsh | Now_lr 0.0007/0.0007 | Lambda 0.0768 | Train Loss 0.0208 | Domain Loss 3.1322 | Valid Loss 3.3229 | Train Acc 99.2984| Valid Acc 53.4055
[TRAINER2] TestSub: S[1, 2, 3, 4, 5] Epoch 40 Finsh | Now_lr 0.0007/0.0007 | Lambda 0.0771 | Train Loss 0.0190 | Domain Loss 3.1182 | Valid Loss 3.5146 | Train Acc 99.3482| Valid Acc 53.5640
[TRAINER2] TestSub: S[1, 2, 3, 4, 5] Epoch 41 Finsh | Now_lr 0.0007/0.0007 | Lambda 0.0774 | Train Loss 0.0202 | Domain Loss 3.1451 | Valid Loss 3.6756 | Train Acc 99.3172| Valid Acc 52.7409
[TRAINER2] Early stopping triggered after 41 epochs (30 epochs without improvement)
[TRAINER2] --------------------------------------------------
[TRAINER2] Test_Subject :S[1, 2, 3, 4, 5] |Best epoch:11 | Test Loss:2.9343 | Best Acc 54.7774 | Savemodel Acc 54.7774
[TRAINER2] --------------------------------------------------
[TRAINER2] 
[TRATRAINER3] TestSub: S[1, 2, 3, 4, 5] Epoch  3 Finsh | Now_lr 0.0100/0.0100 | Lambda 0.0223 | Train Loss 0.2982 | Domain Loss 3.0918 | Valid Loss 1.7442 | Train Acc 87.2671| Valid Acc 52.2738
[TRAINER3] Validation acc increase (51.988084 --> 52.273833) in epoch (3).  Saving model ...
[TRAINER3] TestSub: S[1, 2, 3, 4, 5] Epoch  4 Finsh | Now_lr 0.0100/0.0100 | Lambda 0.0296 | Train Loss 0.2743 | Domain Loss 3.1021 | Valid Loss 1.8606 | Train Acc 88.3579| Valid Acc 48.2125
[TRAINER3] TestSub: S[1, 2, 3, 4, 5] Epoch  5 Finsh | Now_lr 0.0100/0.0100 | Lambda 0.0367 | Train Loss 0.2578 | Domain Loss 3.1105 | Valid Loss 1.9795 | Train Acc 89.2060| Valid Acc 50.0122
[TRAINER3] TestSub: S[1, 2, 3, 4, 5] Epoch  6 Finsh | Now_lr 0.0100/0.0100 | Lambda 0.0437 | Train Loss 0.2510 | Domain Loss 3.1107 | Valid Loss 2.0813 | Train Acc 89.4929| Valid Acc 50.4438
[TRAINER3] TestSub: S[1, 2, 3, 4, 5] Epoch  7 Finsh | Now_lr 0.0100/0.0100 | Lambda 0.0505 | Train Loss 0.2428 | Domain Loss 3.1145 | Valid Loss 2.1937 | Train Acc 89.9489| Valid Acc 50.3830
[TRAINER3] TestSub: S[1, 2, 3, 4, 5] Epoch  8 Finsh | Now_lr 0.0100/0.0100 | Lambda 0.0570 | Train Loss 0.2356 | Domain Loss 3.1140 | Valid Loss 2.0075 | Train Acc 90.2815| Valid Acc 51.5807
[TRAINER3] TestSub: S[1, 2, 3, 4, 5] Epoch  9 Finsh | Now_lr 0.0100/0.0100 | Lambda 0.0633 | Train Loss 0.2253 | Domain Loss 3.1219 | Valid Loss 1.9420 | Train Acc 90.7454| Valid Acc 51.0153
[TRAINER3] TestSub: S[1, 2, 3, 4, 5] Epoch 10 Finsh | Now_lr 0.0100/0.0100 | Lambda 0.0693 | Train Loss 0.2094 | Domain Loss 3.1342 | Valid Loss 2.1179 | Train Acc 91.4658| Valid Acc 50.5745
[TRAINER3] TestSub: S[1, 2, 3, 4, 5] Epoch 11 Finsh | Now_lr 0.0100/0.0100 | Lambda 0.0751 | Train Loss 0.1927 | Domain Loss 3.1428 | Valid Loss 2.4240 | Train Acc 92.3085| Valid Acc 51.0944
[TRAINER3] TestSub: S[1, 2, 3, 4, 5] Epoch 12 Finsh | Now_lr 0.0100/0.0100 | Lambda 0.0806 | Train Loss 0.1756 | Domain Loss 3.1520 | Valid Loss 2.3361 | Train Acc 93.1274| Valid Acc 48.6047
[TRAINER3] TestSub: S[1, 2, 3, 4, 5] Epoch 13 Finsh | Now_lr 0.0100/0.0100 | Lambda 0.0858 | Train Loss 0.1569 | Domain Loss 3.1578 | Valid Loss 2.5710 | Train Acc 93.8953| Valid Acc 50.3070
[TRAINER3] TestSub: S[1, 2, 3, 4, 5] Epoch 14 Finsh | Now_lr 0.0100/0.0100 | Lambda 0.0907 | Train Loss 0.1478 | Domain Loss 3.1652 | Valid Loss 2.4912 | Train Acc 94.2947| Valid Acc 50.2219
[TRAINER3] TestSub: S[1, 2, 3, 4, 5] Epoch 15 Finsh | Now_lr 0.0100/0.0100 | Lambda 0.0953 | Train Loss 0.1349 | Domain Loss 3.1684 | Valid Loss 2.4824 | Train Acc 94.8966| Valid Acc 50.2645
[TRAINER3] TestSub: S[1, 2, 3, 4, 5] Epoch 16 Finsh | Now_lr 0.0100/0.0100 | Lambda 0.0996 | Train Loss 0.1258 | Domain Loss 3.1703 | Valid Loss 2.8917 | Train Acc 95.2462| Valid Acc 51.9911
[TRAINER3] TestSub: S[1, 2, 3, 4, 5] Epoch 17 Finsh | Now_lr 0.0100/0.0100 | Lambda 0.1037 | Train Loss 0.1190 | Domain Loss 3.1723 | Valid Loss 2.3199 | Train Acc 95.5502| Valid Acc 50.4590
[TRAINER3] TestSub: S[1, 2, 3, 4, 5] Epoch 18 Finsh | Now_lr 0.0100/0.0100 | Lambda 0.1074 | Train Loss 0.1144 | Domain Loss 3.1774 | Valid Loss 2.2166 | Train Acc 95.7168| Valid Acc 51.5716
[TRAINER3] TestSub: S[1, 2, 3, 4, 5] Epoch 19 Finsh | Now_lr 0.0100/0.0100 | Lambda 0.1110 | Train Loss 0.1108 | Domain Loss 3.1796 | Valid Loss 2.7343 | Train Acc 95.8645| Valid Acc 49.9483
[TRAINER3] TestSub: S[1, 2, 3, 4, 5] Epoch 20 Finsh | Now_lr 0.0100/0.0100 | Lambda 0.1142 | Train Loss 0.1073 | Domain Loss 3.1846 | Valid Loss 2.5658 | Train Acc 95.9837| Valid Acc 49.6626
[TRAINER3] TestSub: S[1, 2, 3, 4, 5] Epoch 21 Finsh | Now_lr 0.0100/0.0100 | Lambda 0.1173 | Train Loss 0.1047 | Domain Loss 3.1865 | Valid Loss 2.6618 | Train Acc 96.0396| Valid Acc 51.2980
[TRAINER3] TestSub: S[1, 2, 3, 4, 5] Epoch 22 Finsh | Now_lr 0.0100/0.0100 | Lambda 0.1201 | Train Loss 0.0980 | Domain Loss 3.1883 | Valid Loss 2.6094 | Train Acc 96.3746| Valid Acc 50.2341
[TRAINER3] TestSub: S[1, 2, 3, 4, 5] Epoch 23 Finsh | Now_lr 0.0100/0.0100 | Lambda 0.1227 | Train Loss 0.0934 | Domain Loss 3.1899 | Valid Loss 2.5353 | Train Acc 96.5430| Valid Acc 48.2034
[TRAINER3] TestSub: S[1, 2, 3, 4, 5] Epoch 24 Finsh | Now_lr 0.0100/0.0100 | Lambda 0.1250 | Train Loss 0.0926 | Domain Loss 3.1929 | Valid Loss 2.5305 | Train Acc 96.5595| Valid Acc 49.7295
[TRAINER3] TestSub: S[1, 2, 3, 4, 5] Epoch 25 Finsh | Now_lr 0.0100/0.0100 | Lambda 0.1272 | Train Loss 0.0909 | Domain Loss 3.1963 | Valid Loss 2.5451 | Train Acc 96.6446| Valid Acc 50.0122
[TRAINER3] TestSub: S[1, 2, 3, 4, 5] Epoch 26 Finsh | Now_lr 0.0100/0.0100 | Lambda 0.1293 | Train Loss 0.0872 | Domain Loss 3.1964 | Valid Loss 2.4581 | Train Acc 96.7631| Valid Acc 47.8447
[TRAINER3] TestSub: S[1, 2, 3, 4, 5] Epoch 27 Finsh | Now_lr 0.0100/0.0100 | Lambda 0.1311 | Train Loss 0.0858 | Domain Loss 3.1986 | Valid Loss 2.4106 | Train Acc 96.8592| Valid Acc 49.1245
[TRAINER3] TestSub: S[1, 2, 3, 4, 5] Epoch 28 Finsh | Now_lr 0.0100/0.0100 | Lambda 0.1328 | Train Loss 0.0837 | Domain Loss 3.2005 | Valid Loss 2.8042 | Train Acc 96.9777| Valid Acc 46.9571
[TRAINER3] TestSub: S[1, 2, 3, 4, 5] Epoch 29 Finsh | Now_lr 0.0100/0.0100 | Lambda 0.1344 | Train Loss 0.0812 | Domain Loss 3.2006 | Valid Loss 2.8597 | Train Acc 96.9972| Valid Acc 50.6049
[TRAINER3] TestSub: S[1, 2, 3, 4, 5] Epoch 30 Finsh | Now_lr 0.0100/0.0100 | Lambda 0.1358 | Train Loss 0.0798 | Domain Loss 3.2024 | Valid Loss 2.6528 | Train Acc 97.1267| Valid Acc 49.9301
[TRAINER3] TestSub: S[1, 2, 3, 4, 5] Epoch 31 Finsh | Now_lr 0.0100/0.0100 | Lambda 0.1371 | Train Loss 0.0791 | Domain Loss 3.2047 | Valid Loss 2.7031 | Train Acc 97.1097| Valid Acc 49.4224
[TRAINER3] TestSub: S[1, 2, 3, 4, 5] Epoch 32 Finsh | Now_lr 0.0100/0.0100 | Lambda 0.1383 | Train Loss 0.0792 | Domain Loss 3.2044 | Valid Loss 2.7500 | Train Acc 97.1170| Valid Acc 48.5530
[TRAINER3] TestSub: S[1, 2, 3, 4, 5] Epoch 33 Finsh | Now_lr 0.0100/0.0100 | Lambda 0.1393 | Train Loss 0.0764 | Domain Loss 3.2053 | Valid Loss 2.6483 | Train Acc 97.2057| Valid Acc 51.7206
[TRAINER3] Early stopping triggered after 33 epochs (30 epochs without improvement)
[TRAINER3] --------------------------------------------------
[TRAINER3] Test_Subject :S[1, 2, 3, 4, 5] |Best epoch:3 | Test Loss:1.7442 | Best Acc 52.2738 | Savemodel Acc 52.2738
[TRAINER3] --------------------------------------------------
[TRAINER3] 
[TRAINER3] ========== Fold 2 ==========
[TRAINER3] Train IDs: [1, 2, 3, 4, 5, 11, 12, 13, 14, 15, 16, 17, 18, 19, 20, 21, 22, 23, 24, 25, 26, 27, 28, 29, 30]
[TRAINER3] Val IDs:   [6, 7, 8, 9, 10]
[TRAINER3] train_data_shape(164500, 32, 128),val_data_shape(32900, 32, 128)
[TRAINER3] =================================================================
[TRAINER3] Layer (type:depth-idx)                   Param #
[TRAINER3] =================================================================
[TRAINER3] DARNet                                   --
[TRAINER3] ├─TokenEmbedding: 1-1                    --
[TRAINER3] │    └─Sequential: 2-1                   --
[TRAINER3] │    │    └─Conv2d: 3-1                  576
[TRAINER3] │    │    └─BatchNorm2d: 3-2             128
[TRAINER3] │    │    └─GELU: 3-3                    --
[TRAINER3] │    └─Sequential: 2-2                   --
[TRAINER3] │    │    └─Conv2d: 3-4                  32,784
[TRAINER3] │    │    └─BatchNorm2d: 3-5             32
[TRAINER3] │    │    └─GELU: 3-6                    --
[TRAINER3] │    └─PositionalEmbedding: 2-3          --
[TRAINER3] ├─Flatten: 1-2                           --
[TRAINER3] ├─Linear: 1-3                            18
[TRAINER3] ├─AttnRefine: 1-4                        --
[TRAINER3] │    └─MyAttention: 2-4                  --
[TRAINER3] │    │    └─Attention: 3-7               800
[TRAINER3] │    └─Refine: 2-5                       --
[TRAINER3] │    │    └─Conv1d: 3-8                  784
[TRAINER3] │    │    └─BatchNorm1d: 3-9             32
[TRAINER3] │    │    └─ELU: 3-10                    --
[TRAINER3] │    │    └─MaxPool1d: 3-11              --
[TRAINER3] │    └─AdaptiveAvgPool1d: 2-6           748| Valid Acc 54.4804
[TRAINER4] Validation acc increase (52.010234 --> 54.480385) in epoch (2).  Saving model ...
[TRAINER4] TestSub: S[1, 2, 3, 4, 5] Epoch  3 Finsh | Now_lr 0.0008/0.0008 | Lambda 0.0179 | Train Loss 0.2635 | Domain Loss 2.9808 | Valid Loss 1.7078 | Train Acc 88.7819| Valid Acc 52.9209
[TRAINER4] TestSub: S[1, 2, 3, 4, 5] Epoch  4 Finsh | Now_lr 0.0008/0.0008 | Lambda 0.0237 | Train Loss 0.2179 | Domain Loss 3.0231 | Valid Loss 1.8349 | Train Acc 91.0914| Valid Acc 52.6285
[TRAINER4] TestSub: S[1, 2, 3, 4, 5] Epoch  5 Finsh | Now_lr 0.0008/0.0008 | Lambda 0.0294 | Train Loss 0.1811 | Domain Loss 3.0430 | Valid Loss 2.1457 | Train Acc 92.7625| Valid Acc 50.9990
[TRAINER4] TestSub: S[1, 2, 3, 4, 5] Epoch  6 Finsh | Now_lr 0.0008/0.0008 | Lambda 0.0350 | Train Loss 0.1536 | Domain Loss 3.0694 | Valid Loss 2.3056 | Train Acc 93.9829| Valid Acc 50.8071
[TRAINER4] TestSub: S[1, 2, 3, 4, 5] Epoch  7 Finsh | Now_lr 0.0008/0.0008 | Lambda 0.0404 | Train Loss 0.1373 | Domain Loss 3.0930 | Valid Loss 2.1964 | Train Acc 94.7132| Valid Acc 51.3310
[TRAINER4] TestSub: S[1, 2, 3, 4, 5] Epoch  8 Finsh | Now_lr 0.0008/0.0008 | Lambda 0.0456 | Train Loss 0.1162 | Domain Loss 3.1109 | Valid Loss 2.3583 | Train Acc 95.6077| Valid Acc 51.3676
[TRAINER4] TestSub: S[1, 2, 3, 4, 5] Epoch  9 Finsh | Now_lr 0.0008/0.0008 | Lambda 0.0506 | Train Loss 0.1045 | Domain Loss 3.1306 | Valid Loss 2.4711 | Train Acc 96.0863| Valid Acc 49.9909
[TRAINER4] TestSub: S[1, 2, 3, 4, 5] Epoch 10 Finsh | Now_lr 0.0008/0.0008 | Lambda 0.0555 | Train Loss 0.0954 | Domain Loss 3.1431 | Valid Loss 2.5034 | Train Acc 96.5168| Valid Acc 49.1959
[TRAINER4] TestSub: S[1, 2, 3, 4, 5] Epoch 11 Finsh | Now_lr 0.0008/0.0008 | Lambda 0.0601 | Train Loss 0.0854 | Domain Loss 3.1509 | Valid Loss 2.5606 | Train Acc 96.8580| Valid Acc 50.4477
[TRAINER4] TestSub: S[1, 2, 3, 4, 5] Epoch 12 Finsh | Now_lr 0.0008/0.0008 | Lambda 0.0644 | Train Loss 0.0782 | Domain Loss 3.1595 | Valid Loss 2.6712 | Train Acc 97.2119| Valid Acc 49.9574
[TRAINER4] TestSub: S[1, 2, 3, 4, 5] Epoch 13 Finsh | Now_lr 0.0008/0.0008 | Lambda 0.0686 | Train Loss 0.0703 | Domain Loss 3.1632 | Valid Loss 2.8190 | Train Acc 97.5129| Valid Acc 49.6406
[TRAINER4] TestSub: S[1, 2, 3, 4, 5] Epoch 14 Finsh | Now_lr 0.0008/0.0008 | Lambda 0.0725 | Train Loss 0.0648 | Domain Loss 3.1688 | Valid Loss 2.7574 | Train Acc 97.6777| Valid Acc 49.3025
[TRAINER4] TestSub: S[1, 2, 3, 4, 5] Epoch 15 Finsh | Now_lr 0.0008/0.0008 | Lambda 0.0762 | Train Loss 0.0615 | Domain Loss 3.1720 | Valid Loss 3.0936 | Train Acc 97.8321| Valid Acc 51.0143
[TRAINER4] TestSub: S[1, 2, 3, 4, 5] Epoch 16 Finsh | Now_lr 0.0008/0.0008 | Lambda 0.0797 | Train Loss 0.0581 | Domain Loss 3.1785 | Valid Loss 2.9091 | Train Acc 97.9197| Valid Acc 49.2050
[TRAINER4] TestSub: S[1, 2, 3, 4, 5] Epoch 17 Finsh | Now_lr 0.0008/0.0008 | Lambda 0.0829 | Train Loss 0.0528 | Domain Loss 3.1833 | Valid Loss 2.8399 | Train Acc 98.1167| Valid Acc 50.2985
[TRAINER4] TestSub: S[1, 2, 3, 4, 5] Epoch 18 Finsh | Now_lr 0.0008/0.0008 | Lambda 0.0860 | Train Loss 0.0502 | Domain Loss 3.1854 | Valid Loss 2.9342 | Train Acc 98.2402| Valid Acc 49.1715
[TRAINER4] TestSub: S[1, 2, 3, 4, 5] Epoch 19 Finsh | Now_lr 0.0008/0.0008 | Lambda 0.0888 | Train Loss 0.0486 | Domain Loss 3.1864 | Valid Loss 3.0175 | Train Acc 98.2548| Valid Acc 50.6153
[TRAINER4] TestSub: S[1, 2, 3, 4, 5] Epoch 20 Finsh | Now_lr 0.0008/0.0008 | Lambda 0.0914 | Train Loss 0.0466 | Domain Loss 3.1901 | Valid Loss 2.9592 | Train Acc 98.3314| Valid Acc 49.7411
[TRAINER4] TestSub: S[1, 2, 3, 4, 5] Epoch 21 Finsh | Now_lr 0.0008/0.0008 | Lambda 0.0938 | Train Loss 0.0447 | Domain Loss 3.1896 | Valid Loss 3.0182 | Train Acc 98.4621| Valid Acc 51.2914
[TRAINER4] TestSub: S[1, 2, 3, 4, 5] Epoch 22 Finsh | Now_lr 0.0008/0.0008 | Lambda 0.0961 | Train Loss 0.0427 | Domain Loss 3.1933 | Valid Loss 3.0300 | Train Acc 98.5260| Valid Acc 48.7086
[TRAINER4] TestSub: S[1, 2, 3, 4, 5] Epoch 23 Finsh | Now_lr 0.0008/0.0008 | Lambda 0.0981 | Train Loss 0.0413 | Domain Loss 3.1942 | Valid Loss 2.9691 | Train Acc 98.5467| Valid Acc 50.3472
[TRAINER4] TestSub: S[1, 2, 3, 4, 5] Epoch 24 Finsh | Now_lr 0.0008/0.0008 | Lambda 0.1000 | Train Loss 0.0398 | Domain Loss 3.1962 | Valid Loss 3.1579 | Train Acc 98.6306| Valid Acc 50.4782
[TRAINER4] TestSub: S[1, 2, 3, 4, 5] Epoch 25 Finsh | Now_lr 0.0008/0.0008 | Lambda 0.1018 | Train Loss 0.0365 | Domain Loss 3.1986 | Valid Loss 3.1136 | Train Acc 98.7279| Valid Acc 48.4893
[TRAINER4] TestSub: S[1, 2, 3, 4, 5] Epoch 26 Finsh | Now_lr 0.0008/0.0008 | Lambda 0.1034 | Train Loss 0.0364 | Domain Loss 3.1982 | Valid Loss 3.2503 | Train Acc 98.7613| Valid Acc 48.4223
[TRAINER4] TestSub: S[1, 2, 3, 4, 5] Epoch 27 Finsh | Now_lr 0.0008/0.0008 | Lambda 0.1049 | Train Loss 0.0357 | Domain Loss 3.2009 | Valid Loss 2.9062 | Train Acc 98.7850| Valid Acc 50.5208
[TRAINER4] TestSub: S[1, 2, 3, 4, 5] Epoch 28 Finsh | Now_lr 0.0008/0.0008 | Lambda 0.1062 | Train Loss 0.0342 | Domain Loss 3.2023 | Valid Loss 3.1042 | Train Acc 98.8124| Valid Acc 48.2822
[TRAINER4] TestSub: S[1, 2, 3, 4, 5] Epoch 29 Finsh | Now_lr 0.0008/0.0008 | Lambda 0.1075 | Train Loss 0.0336 | Domain Loss 3.2035 | Valid Loss 3.1297 | Train Acc 98.8537| Valid Acc 49.9817
[TRAINER4] TestSub: S[1, 2, 3, 4, 5] Epoch 30 Finsh | Now_lr 0.0008/0.0008 | Lambda 0.1086 | Train Loss 0.0333 | Domain Loss 3.2031 | Valid Loss 3.2855 | Train Acc 98.8531| Valid Acc 49.5340
[TRAINER4] TestSub: S[1, 2, 3, 4, 5] Epoch 31 Finsh | Now_lr 0.0008/0.0008 | Lambda 0.1097 | Train Loss 0.0324 | Domain Loss 3.2034 | Valid Loss 3.2514 | Train Acc 98.9176| Valid Acc 47.8162
[TRAINER4] TestSub: S[1, 2, 3, 4, 5] Epoch 32 Finsh | Now_lr 0.0008/0.0008 | Lambda 0.1106 | Train Loss 0.0319 | Domain Loss 3.2042 | Valid Loss 3.0158 | Train Acc 98.9109| Valid Acc 50.5970
[TRAINER4] Early stopping triggered after 32 epochs (30 epochs without improvement)
[TRAINER4] --------------------------------------------------
[TRAINER4] Test_Subject :S[1, 2, 3, 4, 5] |Best epoch:2 | Test Loss:1.5506 | Best Acc 54.4804 | Savemodel Acc 54.4804
[TRAINER4] --------------------------------------------------
[TRAINER4] 
[TRAINER4] ========== Fold 2 ==========
[TRAINER4] Train IDs: [1, 2, 3, 4, 5, 11, 12, 13, 14, 15, 16, 17, 18, 19, 20, 21, 22, 23, 24, 25, 26, 27, 28, 29, 30]
[TRAINER4] Val IDs:   [6, 7, 8, 9, 10]
[TRAINER4] train_data_shape(164500, 32, 128),val_data_shape(32900, 32, 128)
[TRAINER4] =================================================================
[TRAINER4] Layer (type:depth-idx)                   Param #
[TRAINER4] =================================================================
[TRAINER4] DARNet                                   --
[TRAINER4] ├─TokenEmbedding: 1-1                    --
[TRAINER4] │    └─Sequential: 2-1                   --
[TRAINER4] │    │    └─Conv2d: 3-1                  576
[TRAINER4] │    │    └─BatchNorm2d: 3-2             128
[TRAINER4] │    │    └─GELU: 3-3                    --
[TRAINER4] │    └─Sequential: 2-2                   --
[TRAINER4] │    │    └─Conv2d: 3-4                  32,784
[TRAINER4] │    │    └─BatchNorm2d: 3-5             32
[TRAINER4] │    │    └─GELU: 3-6                    --
[TRAINER4] │    └─PositionalEmbedding: 2-3          --
[TRAINER4] ├─Flatten: 1-2                           --
[TRAINER4] ├─Linear: 1-3                            18
[TRAINER4] ├─AttnRefine: 1-4                        --
[TRAINER4] │    └─MyAttention: 2-4                  --
[TRAINER4] │    │    └─Attention: 3-7               800
[TRAINER4] │    └─Refine: 2-5                       --
[TRAINER4] │    │    └─Conv1d: 3-8                  784
[TRAINER4] │    │    └─BatchNorm1d: 3-9             32
[TRAINER4] │    │    └─ELU: 3-10                    --
[TRAINER4] │    │    └─MaxPool1d: 3-11              --
[TRAINER4] │    └─AdaptiveAvgPool1d: 2-6            --
[TRAINER4] │    └─Linear: 2-7                       68
[TRAINER4] │    └─Flatten: 2-8                      --
[TRAINER4] ├─AttnRefine: 1-5          2, 3, 4, 5] Epoch  3 Finsh | Now_lr 0.0005/0.0005 | Lambda 0.0149 | Train Loss 0.2482 | Domain Loss 2.9301 | Valid Loss 2.0919 | Train Acc 89.4656| Valid Acc 47.9967
[TRAINER5] TestSub: S[1, 2, 3, 4, 5] Epoch  4 Finsh | Now_lr 0.0005/0.0005 | Lambda 0.0197 | Train Loss 0.1974 | Domain Loss 2.9605 | Valid Loss 2.3957 | Train Acc 91.9528| Valid Acc 49.3069
[TRAINER5] Validation acc increase (49.218750 --> 49.306907) in epoch (4).  Saving model ...
[TRAINER5] TestSub: S[1, 2, 3, 4, 5] Epoch  5 Finsh | Now_lr 0.0005/0.0005 | Lambda 0.0245 | Train Loss 0.1599 | Domain Loss 2.9636 | Valid Loss 2.5561 | Train Acc 93.7087| Valid Acc 50.1763
[TRAINER5] Validation acc increase (49.306907 --> 50.176313) in epoch (5).  Saving model ...
[TRAINER5] TestSub: S[1, 2, 3, 4, 5] Epoch  6 Finsh | Now_lr 0.0005/0.0005 | Lambda 0.0291 | Train Loss 0.1358 | Domain Loss 2.9901 | Valid Loss 2.5947 | Train Acc 94.7215| Valid Acc 49.6504
[TRAINER5] TestSub: S[1, 2, 3, 4, 5] Epoch  7 Finsh | Now_lr 0.0005/0.0005 | Lambda 0.0336 | Train Loss 0.1177 | Domain Loss 2.9988 | Valid Loss 2.9347 | Train Acc 95.4931| Valid Acc 49.9027
[TRAINER5] TestSub: S[1, 2, 3, 4, 5] Epoch  8 Finsh | Now_lr 0.0005/0.0005 | Lambda 0.0380 | Train Loss 0.1034 | Domain Loss 3.0269 | Valid Loss 2.9388 | Train Acc 96.1029| Valid Acc 50.7235
[TRAINER5] Validation acc increase (50.176313 --> 50.723492) in epoch (8).  Saving model ...
[TRAINER5] TestSub: S[1, 2, 3, 4, 5] Epoch  9 Finsh | Now_lr 0.0005/0.0005 | Lambda 0.0422 | Train Loss 0.0933 | Domain Loss 3.0390 | Valid Loss 3.0683 | Train Acc 96.5364| Valid Acc 51.8604
[TRAINER5] Validation acc increase (50.723492 --> 51.860409) in epoch (9).  Saving model ...
[TRAINER5] TestSub: S[1, 2, 3, 4, 5] Epoch 10 Finsh | Now_lr 0.0005/0.0005 | Lambda 0.0462 | Train Loss 0.0817 | Domain Loss 3.0329 | Valid Loss 3.2986 | Train Acc 96.9899| Valid Acc 50.3769
[TRAINER5] TestSub: S[1, 2, 3, 4, 5] Epoch 11 Finsh | Now_lr 0.0005/0.0005 | Lambda 0.0501 | Train Loss 0.0757 | Domain Loss 3.0196 | Valid Loss 3.2950 | Train Acc 97.2288| Valid Acc 49.4407
[TRAINER5] TestSub: S[1, 2, 3, 4, 5] Epoch 12 Finsh | Now_lr 0.0005/0.0005 | Lambda 0.0537 | Train Loss 0.0696 | Domain Loss 3.0425 | Valid Loss 3.4209 | Train Acc 97.5164| Valid Acc 48.7628
[TRAINER5] TestSub: S[1, 2, 3, 4, 5] Epoch 13 Finsh | Now_lr 0.0005/0.0005 | Lambda 0.0572 | Train Loss 0.0634 | Domain Loss 3.0348 | Valid Loss 3.5479 | Train Acc 97.7602| Valid Acc 48.0423
[TRAINER5] TestSub: S[1, 2, 3, 4, 5] Epoch 14 Finsh | Now_lr 0.0005/0.0005 | Lambda 0.0604 | Train Loss 0.0584 | Domain Loss 3.0670 | Valid Loss 3.4792 | Train Acc 97.9463| Valid Acc 49.2431
[TRAINER5] TestSub: S[1, 2, 3, 4, 5] Epoch 15 Finsh | Now_lr 0.0005/0.0005 | Lambda 0.0635 | Train Loss 0.0570 | Domain Loss 3.0887 | Valid Loss 3.4771 | Train Acc 97.9949| Valid Acc 50.5077
[TRAINER5] TestSub: S[1, 2, 3, 4, 5] Epoch 16 Finsh | Now_lr 0.0005/0.0005 | Lambda 0.0664 | Train Loss 0.0497 | Domain Loss 3.1100 | Valid Loss 3.6503 | Train Acc 98.2338| Valid Acc 49.6778
[TRAINER5] TestSub: S[1, 2, 3, 4, 5] Epoch 17 Finsh | Now_lr 0.0005/0.0005 | Lambda 0.0691 | Train Loss 0.0476 | Domain Loss 3.1079 | Valid Loss 3.8541 | Train Acc 98.3159| Valid Acc 50.5624
[TRAINER5] TestSub: S[1, 2, 3, 4, 5] Epoch 18 Finsh | Now_lr 0.0005/0.0005 | Lambda 0.0716 | Train Loss 0.0445 | Domain Loss 3.1163 | Valid Loss 3.7209 | Train Acc 98.4563| Valid Acc 50.7691
[TRAINER5] TestSub: S[1, 2, 3, 4, 5] Epoch 19 Finsh | Now_lr 0.0005/0.0005 | Lambda 0.0740 | Train Loss 0.0403 | Domain Loss 3.1338 | Valid Loss 3.9203 | Train Acc 98.6071| Valid Acc 50.3648
[TRAINER5] TestSub: S[1, 2, 3, 4, 5] Epoch 20 Finsh | Now_lr 0.0005/0.0005 | Lambda 0.0762 | Train Loss 0.0392 | Domain Loss 3.1219 | Valid Loss 4.1540 | Train Acc 98.6503| Valid Acc 50.0061
[TRAINER5] TestSub: S[1, 2, 3, 4, 5] Epoch 21 Finsh | Now_lr 0.0005/0.0005 | Lambda 0.0782 | Train Loss 0.0384 | Domain Loss 3.1209 | Valid Loss 3.9411 | Train Acc 98.6466| Valid Acc 49.1701
[TRAINER5] TestSub: S[1, 2, 3, 4, 5] Epoch 22 Finsh | Now_lr 0.0005/0.0005 | Lambda 0.0800 | Train Loss 0.0373 | Domain Loss 3.1156 | Valid Loss 4.0675 | Train Acc 98.7166| Valid Acc 49.6291
[TRAINER5] TestSub: S[1, 2, 3, 4, 5] Epoch 23 Finsh | Now_lr 0.0005/0.0005 | Lambda 0.0818 | Train Loss 0.0357 | Domain Loss 3.1185 | Valid Loss 4.0741 | Train Acc 98.7530| Valid Acc 49.4376
[TRAINER5] TestSub: S[1, 2, 3, 4, 5] Epoch 24 Finsh | Now_lr 0.0005/0.0005 | Lambda 0.0834 | Train Loss 0.0342 | Domain Loss 3.1259 | Valid Loss 4.2571 | Train Acc 98.8169| Valid Acc 50.4438
[TRAINER5] TestSub: S[1, 2, 3, 4, 5] Epoch 25 Finsh | Now_lr 0.0005/0.0005 | Lambda 0.0848 | Train Loss 0.0330 | Domain Loss 3.0959 | Valid Loss 3.9447 | Train Acc 98.8783| Valid Acc 49.5866
[TRAINER5] TestSub: S[1, 2, 3, 4, 5] Epoch 26 Finsh | Now_lr 0.0005/0.0005 | Lambda 0.0862 | Train Loss 0.0320 | Domain Loss 3.1214 | Valid Loss 4.3987 | Train Acc 98.9002| Valid Acc 49.6291
[TRAINER5] TestSub: S[1, 2, 3, 4, 5] Epoch 27 Finsh | Now_lr 0.0005/0.0005 | Lambda 0.0874 | Train Loss 0.0311 | Domain Loss 3.1171 | Valid Loss 4.3570 | Train Acc 98.9269| Valid Acc 48.9908
[TRAINER5] TestSub: S[1, 2, 3, 4, 5] Epoch 28 Finsh | Now_lr 0.0005/0.0005 | Lambda 0.0885 | Train Loss 0.0298 | Domain Loss 3.1322 | Valid Loss 4.3840 | Train Acc 99.0005| Valid Acc 48.7567
[TRAINER5] TestSub: S[1, 2, 3, 4, 5] Epoch 29 Finsh | Now_lr 0.0005/0.0005 | Lambda 0.0896 | Train Loss 0.0275 | Domain Loss 3.1506 | Valid Loss 4.3175 | Train Acc 99.0649| Valid Acc 49.7720
[TRAINER5] TestSub: S[1, 2, 3, 4, 5] Epoch 30 Finsh | Now_lr 0.0005/0.0005 | Lambda 0.0905 | Train Loss 0.0276 | Domain Loss 3.1482 | Valid Loss 4.4541 | Train Acc 99.0589| Valid Acc 48.6655
[TRAINER5] TestSub: S[1, 2, 3, 4, 5] Epoch 31 Finsh | Now_lr 0.0005/0.0005 | Lambda 0.0914 | Train Loss 0.0273 | Domain Loss 3.1655 | Valid Loss 4.4086 | Train Acc 99.0728| Valid Acc 47.9420
[TRAINER5] TestSub: S[1, 2, 3, 4, 5] Epoch 32 Finsh | Now_lr 0.0005/0.0005 | Lambda 0.0922 | Train Loss 0.0244 | Domain Loss 3.1659 | Valid Loss 4.3771 | Train Acc 99.1877| Valid Acc 48.1244
[TRAINER5] TestSub: S[1, 2, 3, 4, 5] Epoch 33 Finsh | Now_lr 0.0005/0.0005 | Lambda 0.0929 | Train Loss 0.0240 | Domain Loss 3.1720 | Valid Loss 4.5468 | Train Acc 99.1683| Valid Acc 46.7352
[TRAINER5] TestSub: S[1, 2, 3, 4, 5] Epoch 34 Finsh | Now_lr 0.0005/0.0005 | Lambda 0.0935 | Train Loss 0.0236 | Domain Loss 3.1756 | Valid Loss 4.7505 | Train Acc 99.2042| Valid Acc 46.1971
[TRAINER5] TestSub: S[1, 2, 3, 4, 5] Epoch 35 Finsh | Now_lr 0.0005/0.0005 | Lambda 0.0941 | Train Loss 0.0228 | Domain Loss 3.1638 | Valid Loss 4.5074 | Train Acc 99.2309| Valid Acc 48.3463
[TRAINER5] TestSub: S[1, 2, 3, 4, 5] Epoch 36 Finsh | Now_lr 0.0005/0.0005 | Lambda 0.0947 | Train Loss 0.0219 | Domain Loss 3.1620 | Valid Loss 4.6430 | Train Acc 99.2686| Valid Acc 46.5832
[TRAINER5] TestSub: S[1, 2, 3, 4, 5] Epoch 37 Finsh | Now_lr 0.0005/0.0005 | Lambda 0.0952 | Train Loss 0.0214 | Domain Loss 3.1634 | Valid Loss 4.7312 | Train Acc 99.2680| Valid Acc 48.6989
[TRAINER5] TestSub: S[1, 2, 3, 4, 5] Epoch 38 Finsh | Now_lr 0.0005/0.0005 | Lambda 0.0956 | Train Loss 0.0212 | Domain Loss 3.1596 | Valid Loss 4.9808 | Train Acc 99.2795| Valid Acc 46.8264
[TRAINER5] TestSub: S[1, 2, 3, 4, 5] Epoch 39 Finsh | Now_lr 0.0005/0.0005 | Lambda 0.0960 | Train Loss 0.0214 | Domain Loss 3.1726 | Valid Loss 4.8379 | Train Acc 99.2716| Valid Acc 47.1790
[TRAINER5] Early stopping triggered after 39 epochs (30 epochs without improvement)
[TRAINER5] --------------------------------------------------
[TRAINER5] Test_Subject :S[1, 2, 3, 4, 5] |Best epoch:9 | Test Loss:3.0683 | Best Acc 51.8604 | Savemodel Acc 51.8604
[TRAINER5] --------------------------------------------------
[TRAINER5] 
[TRAINER5] ========== Fold 2 ==========
[TRAINER5] Train IDs: [1, 2, 3, 4, 5, 11, 12, 13, 14, 15, 16, 17, 18, 19, 20, 21, 22, 23, 24, 25, 26, 27, 28, 29, 30]
[TRAINER5] Val IDs:   [6, 7, 8, 9, 10]
[TRAINER5] train_data_shape(164500, 32, 128),val_data_shape(32900, 32, 128)
[TRAINER5] =================================================================
[TRAINER5] Layer (type:depth-idx)                   Param #
[TRAINER5] ==================                32,784
[TRAINER1] │    │    └─BatchNorm2d: 3-5             32
[TRAINER1] │    │    └─GELU: 3-6                    --
[TRAINER1] │    └─PositionalEmbedding: 2-3          --
[TRAINER1] ├─Flatten: 1-2                           --
[TRAINER1] ├─Linear: 1-3                            18
[TRAINER1] ├─AttnRefine: 1-4                        --
[TRAINER1] │    └─MyAttention: 2-4                  --
[TRAINER1] │    │    └─Attention: 3-7               800
[TRAINER1] │    └─Refine: 2-5                       --
[TRAINER1] │    │    └─Conv1d: 3-8                  784
[TRAINER1] │    │    └─BatchNorm1d: 3-9             32
[TRAINER1] │    │    └─ELU: 3-10                    --
[TRAINER1] │    │    └─MaxPool1d: 3-11              --
[TRAINER1] │    └─AdaptiveAvgPool1d: 2-6            --
[TRAINER1] │    └─Linear: 2-7                       68
[TRAINER1] │    └─Flatten: 2-8                      --
[TRAINER1] ├─AttnRefine: 1-5                        --
[TRAINER1] │    └─MyAttention: 2-9                  --
[TRAINER1] │    │    └─Attention: 3-12              800
[TRAINER1] │    └─Refine: 2-10                      --
[TRAINER1] │    │    └─Conv1d: 3-13                 784
[TRAINER1] │    │    └─BatchNorm1d: 3-14            32
[TRAINER1] │    │    └─ELU: 3-15                    --
[TRAINER1] │    │    └─MaxPool1d: 3-16              --
[TRAINER1] │    └─AdaptiveAvgPool1d: 2-11           --
[TRAINER1] │    └─Linear: 2-12                      68
[TRAINER1] │    └─Flatten: 2-13                     --
[TRAINER1] ├─GradientReversalLayer: 1-6             --
[TRAINER1] ├─SubjectDiscriminator: 1-7              --
[TRAINER1] │    └─Sequential: 2-14                  --
[TRAINER1] │    │    └─Linear: 3-17                 2,304
[TRAINER1] │    │    └─ReLU: 3-18                   --
[TRAINER1] │    │    └─Dropout: 3-19                --
[TRAINER1] │    │    └─Linear: 3-20                 32,896
[TRAINER1] │    │    └─ReLU: 3-21                   --
[TRAINER1] │    │    └─Dropout: 3-22                --
[TRAINER1] │    │    └─Linear: 3-23                 3,870
[TRAINER1] =================================================================
[TRAINER1] Total params: 75,976
[TRAINER1] Trainable params: 75,976
[TRAINER1] Non-trainable params: 0
[TRAINER1] =================================================================
[TRAINER1] TestSub: S[6, 7, 8, 9, 10] Epoch  1 Finsh | Now_lr 0.0010/0.0010 | Lambda 0.0040 | Train Loss 0.4902 | Domain Loss 2.9805 | Valid Loss 1.4117 | Train Acc 73.7977| Valid Acc 53.7994
[TRAINER1] Validation acc increase (0.000000 --> 53.799438) in epoch (1).  Saving model ...
[TRAINER1] TestSub: S[6, 7, 8, 9, 10] Epoch  2 Finsh | Now_lr 0.0010/0.0010 | Lambda 0.0080 | Train Loss 0.3030 | Domain Loss 2.8100 | Valid Loss 1.8179 | Train Acc 86.5313| Valid Acc 54.8004
[TRAINER1] Validation acc increase (53.799438 --> 54.800415) in epoch (2).  Saving model ...
[TRAINER1] TestSub: S[6, 7, 8, 9, 10] Epoch  3 Finsh | Now_lr 0.0010/0.0010 | Lambda 0.0119 | Train Loss 0.2447 | Domain Loss 2.8352 | Valid Loss 2.1154 | Train Acc 89.8693| Valid Acc 50.6653
[TRAINER1] TestSub: S[6, 7, 8, 9, 10] Epoch  4 Finsh | Now_lr 0.0010/0.0010 | Lambda 0.0158 | Train Loss 0.2110 | Domain Loss 2.8601 | Valid Loss 2.1467 | Train Acc 91.5638| Valid Acc 50.0885
[TRAINER1] TestSub: S[6, 7, 8, 9, 10] Epoch  5 Finsh | Now_lr 0.0010/0.0010 | Lambda 0.0196 | Train Loss 0.1910 | Domain Loss 2.8811 | Valid Loss 2.4702 | Train Acc 92.5514| Valid Acc 49.4659
[TRAINER1] TestSub: S[6, 7, 8, 9, 10] Epoch  6 Finsh | Now_lr 0.0010/0.0010 | Lambda 0.0233 | Train Loss 0.1753 | Domain Loss 2.9178 | Valid Loss 2.5134 | Train Acc 93.2024| Valid Acc 50.5981
[TRAINER1] TestSub: S[6, 7, 8, 9, 10] Epoch  7 Finsh | Now_lr 0.0010/0.0010 | Lambda 0.0269 | Train Loss 0.1668 | Domain Loss 2.9228 | Valid Loss 2.4863 | Train Acc 93.5322| Valid Acc 51.3123
[TRAINER1] TestSub: S[6, 7, 8, 9, 10] Epoch  8 Finsh | Now_lr 0.0010/0.0010 | Lambda 0.0304 | Train Loss 0.1488 | Domain Loss 2.8944 | Valid Loss 2.5630 | Train Acc 94.3025| Valid Acc 51.6052
[TRAINER1] TestSub: S[6, 7, 8, 9, 10] Epoch  9 Finsh | Now_lr 0.0010/0.0010 | Lambda 0.0338 | Train Loss 0.1342 | Domain Loss 2.8942 | Valid Loss 2.5555 | Train Acc 94.9426| Valid Acc 49.9023
[TRAINER1] TestSub: S[6, 7, 8, 9, 10] Epoch 10 Finsh | Now_lr 0.0010/0.0010 | Lambda 0.0370 | Train Loss 0.1197 | Domain Loss 2.9122 | Valid Loss 2.6811 | Train Acc 95.4701| Valid Acc 51.6968
[TRAINER1] TestSub: S[6, 7, 8, 9, 10] Epoch 11 Finsh | Now_lr 0.0010/0.0010 | Lambda 0.0400 | Train Loss 0.1084 | Domain Loss 2.8691 | Valid Loss 2.8723 | Train Acc 95.9915| Valid Acc 49.6521
[TRAINER1] TestSub: S[6, 7, 8, 9, 10] Epoch 12 Finsh | Now_lr 0.0010/0.0010 | Lambda 0.0430 | Train Loss 0.0938 | Domain Loss 2.8934 | Valid Loss 2.9861 | Train Acc 96.5324| Valid Acc 50.2777
[TRAINER1] TestSub: S[6, 7, 8, 9, 10] Epoch 13 Finsh | Now_lr 0.0010/0.0010 | Lambda 0.0457 | Train Loss 0.0897 | Domain Loss 2.9274 | Valid Loss 2.7884 | Train Acc 96.6967| Valid Acc 52.9449
[TRAINER1] TestSub: S[6, 7, 8, 9, 10] Epoch 14 Finsh | Now_lr 0.0010/0.0010 | Lambda 0.0483 | Train Loss 0.0753 | Domain Loss 2.9399 | Valid Loss 3.0502 | Train Acc 97.2693| Valid Acc 50.2045
[TRAINER1] TestSub: S[6, 7, 8, 9, 10] Epoch 15 Finsh | Now_lr 0.0010/0.0010 | Lambda 0.0508 | Train Loss 0.0694 | Domain Loss 2.9220 | Valid Loss 3.0257 | Train Acc 97.5151| Valid Acc 51.8860
[TRAINER1] TestSub: S[6, 7, 8, 9, 10] Epoch 16 Finsh | Now_lr 0.0010/0.0010 | Lambda 0.0531 | Train Loss 0.0633 | Domain Loss 2.9514 | Valid Loss 3.1044 | Train Acc 97.7329| Valid Acc 51.0529
[TRAINER1] TestSub: S[6, 7, 8, 9, 10] Epoch 17 Finsh | Now_lr 0.0010/0.0010 | Lambda 0.0553 | Train Loss 0.0573 | Domain Loss 2.9335 | Valid Loss 3.4684 | Train Acc 97.9398| Valid Acc 51.2360
[TRAINER1] TestSub: S[6, 7, 8, 9, 10] Epoch 18 Finsh | Now_lr 0.0010/0.0010 | Lambda 0.0573 | Train Loss 0.0569 | Domain Loss 2.9043 | Valid Loss 3.3259 | Train Acc 97.9812| Valid Acc 52.1545
[TRAINER1] TestSub: S[6, 7, 8, 9, 10] Epoch 19 Finsh | Now_lr 0.0010/0.0010 | Lambda 0.0592 | Train Loss 0.0498 | Domain Loss 2.9067 | Valid Loss 3.4607 | Train Acc 98.2130| Valid Acc 52.0721
[TRAINER1] TestSub: S[6, 7, 8, 9, 10] Epoch 20 Finsh | Now_lr 0.0010/0.0010 | Lambda 0.0609 | Train Loss 0.0490 | Domain Loss 2.9734 | Valid Loss 3.6380 | Train Acc 98.2391| Valid Acc 51.8677
[TRAINER1] TestSub: S[6, 7, 8, 9, 10] Epoch 21 Finsh | Now_lr 0.0010/0.0010 | Lambda 0.0625 | Train Loss 0.0460 | Domain Loss 2.9538 | Valid Loss 3.7009 | Train Acc 98.3888| Valid Acc 51.3733
[TRAINER1] TestSub: S[6, 7, 8, 9, 10] Epoch 22 Finsh | Now_lr 0.0010/0.0010 | Lambda 0.0640 | Train Loss 0.0439 | Domain Loss 2.9199 | Valid Loss 3.5706 | Train Acc 98.4290| Valid Acc 52.4841
[TRAINER1] TestSub: S[6, 7, 8, 9, 10] Epoch 23 Finsh | Now_lr 0.0010/0.0010 | Lambda 0.0654 | Train Loss 0.0421 | Domain Loss 2.9446 | Valid Loss 3.6436 | Train Acc 98.5020| Valid Acc 52.5818
[TRAINER1] TestSub: S[6, 7, 8, 9, 10] Epoch 24 Finsh | Now_lr 0.0010/0.0010 | Lambda 0.0667 | Train Loss 0.0427 | Domain Loss 2.9848 | Valid Loss 3.5288 | Train Acc 98.4631| Valid Acc 53.2074
[TRAINER1] TestSub: S[6, 7, 8, 9, 10] Epoch 25 Finsh | Now_lr 0.0010/0.0010 | Lambda 0.0679 | Train Loss 0.0387 | Domain Loss 3.0118 | Valid Loss 3.6051 | Train Acc 98.6413| Valid Acc 52.0569
[TRAINER1] TestSub: S[6, 7, 8, 9, 10] Epoch 26 Finsh | Now_lr 0.0010/0.0010 | Lambda 0.0689 | Train Loss 0.0371 | Domain Loss 2.9999 | Valid Loss 3.6577 | Train Acc 98.6797| Valid Acc 51.7029
[TRAINER1] TestSub: S[6, 7, 8, 9, 10] Epoch 27 Finsh | Now_lr 0.0010/0.0010 | Lambda 0.0699 | Train Loss 0.0329 | Domain Loss 3.0116 | Valid Loss 3.7770 | Train Acc 98.8306| Valid Acc 51.0010
[TRAINER1] TestSub: S[6, 7, 8, 9, 10] Epoch 28 Finsh | Now_lr 0.0010/0.0010 | Lambda 0.0708 | Train Loss 0.0353 | Domain Loss 2.9955 | Valid Loss 3.8934 | Train Acc 98.7630| Valid Acc 51.3092
[TRAINER1] TestSub: S[6, 7, 8, 9, 10] Epoch 29 Finsh |INER2] ========== Fold 2 ==========
[TRAINER2] Train IDs: [1, 2, 3, 4, 5, 11, 12, 13, 14, 15, 16, 17, 18, 19, 20, 21, 22, 23, 24, 25, 26, 27, 28, 29, 30]
[TRAINER2] Val IDs:   [6, 7, 8, 9, 10]
[TRAINER2] train_data_shape(164500, 32, 128),val_data_shape(32900, 32, 128)
[TRAINER2] =================================================================
[TRAINER2] Layer (type:depth-idx)                   Param #
[TRAINER2] =================================================================
[TRAINER2] DARNet                                   --
[TRAINER2] ├─TokenEmbedding: 1-1                    --
[TRAINER2] │    └─Sequential: 2-1                   --
[TRAINER2] │    │    └─Conv2d: 3-1                  576
[TRAINER2] │    │    └─BatchNorm2d: 3-2             128
[TRAINER2] │    │    └─GELU: 3-3                    --
[TRAINER2] │    └─Sequential: 2-2                   --
[TRAINER2] │    │    └─Conv2d: 3-4                  32,784
[TRAINER2] │    │    └─BatchNorm2d: 3-5             32
[TRAINER2] │    │    └─GELU: 3-6                    --
[TRAINER2] │    └─PositionalEmbedding: 2-3          --
[TRAINER2] ├─Flatten: 1-2                           --
[TRAINER2] ├─Linear: 1-3                            18
[TRAINER2] ├─AttnRefine: 1-4                        --
[TRAINER2] │    └─MyAttention: 2-4                  --
[TRAINER2] │    │    └─Attention: 3-7               800
[TRAINER2] │    └─Refine: 2-5                       --
[TRAINER2] │    │    └─Conv1d: 3-8                  784
[TRAINER2] │    │    └─BatchNorm1d: 3-9             32
[TRAINER2] │    │    └─ELU: 3-10                    --
[TRAINER2] │    │    └─MaxPool1d: 3-11              --
[TRAINER2] │    └─AdaptiveAvgPool1d: 2-6            --
[TRAINER2] │    └─Linear: 2-7                       68
[TRAINER2] │    └─Flatten: 2-8                      --
[TRAINER2] ├─AttnRefine: 1-5                        --
[TRAINER2] │    └─MyAttention: 2-9                  --
[TRAINER2] │    │    └─Attention: 3-12              800
[TRAINER2] │    └─Refine: 2-10                      --
[TRAINER2] │    │    └─Conv1d: 3-13                 784
[TRAINER2] │    │    └─BatchNorm1d: 3-14            32
[TRAINER2] │    │    └─ELU: 3-15                    --
[TRAINER2] │    │    └─MaxPool1d: 3-16              --
[TRAINER2] │    └─AdaptiveAvgPool1d: 2-11           --
[TRAINER2] │    └─Linear: 2-12                      68
[TRAINER2] │    └─Flatten: 2-13                     --
[TRAINER2] ├─GradientReversalLayer: 1-6             --
[TRAINER2] ├─SubjectDiscriminator: 1-7              --
[TRAINER2] │    └─Sequential: 2-14                  --
[TRAINER2] │    │    └─Linear: 3-17                 2,304
[TRAINER2] │    │    └─ReLU: 3-18                   --
[TRAINER2] │    │    └─Dropout: 3-19                --
[TRAINER2] │    │    └─Linear: 3-20                 32,896
[TRAINER2] │    │    └─ReLU: 3-21                   --
[TRAINER2] │    │    └─Dropout: 3-22                --
[TRAINER2] │    │    └─Linear: 3-23                 3,870
[TRAINER2] =================================================================
[TRAINER2] Total params: 75,976
[TRAINER2] Trainable params: 75,976
[TRAINER2] Non-trainable params: 0
[TRAINER2] =================================================================
[TRAINER2] TestSub: S[6, 7, 8, 9, 10] Epoch  1 Finsh | Now_lr 0.0007/0.0007 | Lambda 0.0040 | Train Loss 0.4554 | Domain Loss 2.9810 | Valid Loss 1.4610 | Train Acc 76.8628| Valid Acc 47.0000
[TRAINER2] Validation acc increase (0.000000 --> 47.000000) in epoch (1).  Saving model ...
[TRAINER2] TestSub: S[6, 7, 8, 9, 10] Epoch  2 Finsh | Now_lr 0.0007/0.0007 | Lambda 0.0080 | Train Loss 0.2980 | Domain Loss 2.8868 | Valid Loss 1.7164 | Train Acc 87.0653| Valid Acc 47.1494
[TRAINER2] Validation acc increase (47.000000 --> 47.149390) in epoch (2).  Saving model ...
[TRAINER2] TestSub: S[6, 7, 8, 9, 10] Epoch  3 Finsh | Now_lr 0.0007/0.0007 | Lambda 0.0119 | Train Loss 0.2429 | Domain Loss 2.9066 | Valid Loss 1.9289 | Train Acc 89.8699| Valid Acc 49.1707
[TRAINER2] Validation acc increase (47.149390 --> 49.170732) in epoch (3).  Saving model ...
[TRAINER2] TestSub: S[6, 7, 8, 9, 10] Epoch  4 Finsh | Now_lr 0.0007/0.0007 | Lambda 0.0158 | Train Loss 0.2027 | Domain Loss 2.9273 | Valid Loss 2.1046 | Train Acc 91.7473| Valid Acc 47.4665
[TRAINER2] TestSub: S[6, 7, 8, 9, 10] Epoch  5 Finsh | Now_lr 0.0007/0.0007 | Lambda 0.0196 | Train Loss 0.1705 | Domain Loss 2.9803 | Valid Loss 2.3451 | Train Acc 93.2271| Valid Acc 48.0396
[TRAINER2] TestSub: S[6, 7, 8, 9, 10] Epoch  6 Finsh | Now_lr 0.0007/0.0007 | Lambda 0.0233 | Train Loss 0.1467 | Domain Loss 2.9421 | Valid Loss 2.2823 | Train Acc 94.3288| Valid Acc 49.5183
[TRAINER2] Validation acc increase (49.170732 --> 49.518293) in epoch (6).  Saving model ...
[TRAINER2] TestSub: S[6, 7, 8, 9, 10] Epoch  7 Finsh | Now_lr 0.0007/0.0007 | Lambda 0.0269 | Train Loss 0.1270 | Domain Loss 2.9757 | Valid Loss 2.6013 | Train Acc 95.1228| Valid Acc 48.2500
[TRAINER2] TestSub: S[6, 7, 8, 9, 10] Epoch  8 Finsh | Now_lr 0.0007/0.0007 | Lambda 0.0304 | Train Loss 0.1082 | Domain Loss 2.9801 | Valid Loss 2.7424 | Train Acc 95.9369| Valid Acc 51.0396
[TRAINER2] Validation acc increase (49.518293 --> 51.039634) in epoch (8).  Saving model ...
[TRAINER2] TestSub: S[6, 7, 8, 9, 10] Epoch  9 Finsh | Now_lr 0.0007/0.0007 | Lambda 0.0338 | Train Loss 0.0936 | Domain Loss 3.0011 | Valid Loss 2.7078 | Train Acc 96.5838| Valid Acc 49.9451
[TRAINER2] TestSub: S[6, 7, 8, 9, 10] Epoch 10 Finsh | Now_lr 0.0007/0.0007 | Lambda 0.0370 | Train Loss 0.0845 | Domain Loss 2.9911 | Valid Loss 2.8083 | Train Acc 96.8878| Valid Acc 50.7287
[TRAINER2] TestSub: S[6, 7, 8, 9, 10] Epoch 11 Finsh | Now_lr 0.0007/0.0007 | Lambda 0.0400 | Train Loss 0.0749 | Domain Loss 2.9935 | Valid Loss 3.1128 | Train Acc 97.2647| Valid Acc 50.4848
[TRAINER2] TestSub: S[6, 7, 8, 9, 10] Epoch 12 Finsh | Now_lr 0.0007/0.0007 | Lambda 0.0430 | Train Loss 0.0685 | Domain Loss 3.0063 | Valid Loss 3.2339 | Train Acc 97.5097| Valid Acc 50.5305
[TRAINER2] TestSub: S[6, 7, 8, 9, 10] Epoch 13 Finsh | Now_lr 0.0007/0.0007 | Lambda 0.0457 | Train Loss 0.0625 | Domain Loss 3.0305 | Valid Loss 3.0731 | Train Acc 97.7876| Valid Acc 50.3567
[TRAINER2] TestSub: S[6, 7, 8, 9, 10] Epoch 14 Finsh | Now_lr 0.0007/0.0007 | Lambda 0.0483 | Train Loss 0.0567 | Domain Loss 3.0513 | Valid Loss 3.3441 | Train Acc 97.9925| Valid Acc 50.2591
[TRAINER2] TestSub: S[6, 7, 8, 9, 10] Epoch 15 Finsh | Now_lr 0.0007/0.0007 | Lambda 0.0508 | Train Loss 0.0520 | Domain Loss 3.0432 | Valid Loss 3.2895 | Train Acc 98.1378| Valid Acc 51.3963
[TRAINER2] Validation acc increase (51.039634 --> 51.396341) in epoch (15).  Saving model ...
[TRAINER2] TestSub: S[6, 7, 8, 9, 10] Epoch 16 Finsh | Now_lr 0.0007/0.0007 | Lambda 0.0531 | Train Loss 0.0475 | Domain Loss 3.0594 | Valid Loss 3.3988 | Train Acc 98.3390| Valid Acc 50.8110
[TRAINER2] TestSub: S[6, 7, 8, 9, 10] Epoch 17 Finsh | Now_lr 0.0007/0.0007 | Lambda 0.0553 | Train Loss 0.0458 | Domain Loss 3.0572 | Valid Loss 3.3980 | Train Acc 98.4010| Valid Acc 50.2652
[TRAINER2] TestSub: S[6, 7, 8, 9, 10] Epoch 18 Finsh | Now_lr 0.0007/0.0007 | Lambda 0.0573 | Train Loss 0.0434 | Domain Loss 3.0731 | Valid Loss 3.2710 | Train Acc 98.4661| Valid Acc 50.5549
[TRAINER2] TestSub: S[6, 7, 8, 9, 10] Epoch 19 Finsh | Now_lr 0.0007/0.0007 | Lambda 0.0592 | Train Loss 0.0403 | Domain Loss 3.0866 | Valid Loss 3.4731 | Train Acc 98.5846| Valid Acc 50.9756
[TRAINER2] TestSub: S[6, 7, 8, 9, 10] Epoch 20 Finsh | Now_lr 0.0007/0.0007 | Lambda 0.0609 | Train Loss 0.0384 | Domain Loss 3.0711 | Valid Loss 3.3978 | Train Acc 98.6625| Valid Acc 49.8963
[TRAINER2] TestSub: S[6, 7, 8, 9, 10] Epoch 21 Finsh | Now_lr 0.0007/0.0007 | Lambda 0.0625 | Train Loss 0.0380 | Domain Loss 3.0973 | Valid Loss 3.2955 | Train Acc 98.6503| Valid Acc 50.7104
[TRAINER2] TestSub: S[6, 7, 8, 9, 10] Epoch 22 Finsh | Now_lr 0.0007/0.6
[TRAINER6] Validation acc increase (47.644090 --> 49.662573) in epoch (2).  Saving model ...
[TRAINER6] TestSub: S[1, 2, 3, 4, 5] Epoch  3 Finsh | Now_lr 0.0030/0.0030 | Lambda 0.0119 | Train Loss 0.2869 | Domain Loss 3.1453 | Valid Loss 1.6663 | Train Acc 87.6119| Valid Acc 47.0726
[TRAINER6] TestSub: S[1, 2, 3, 4, 5] Epoch  4 Finsh | Now_lr 0.0030/0.0030 | Lambda 0.0158 | Train Loss 0.2466 | Domain Loss 3.1547 | Valid Loss 2.1782 | Train Acc 89.6991| Valid Acc 47.0969
[TRAINER6] TestSub: S[1, 2, 3, 4, 5] Epoch  5 Finsh | Now_lr 0.0030/0.0030 | Lambda 0.0196 | Train Loss 0.2268 | Domain Loss 3.1656 | Valid Loss 2.1370 | Train Acc 90.7314| Valid Acc 47.4070
[TRAINER6] TestSub: S[1, 2, 3, 4, 5] Epoch  6 Finsh | Now_lr 0.0030/0.0030 | Lambda 0.0233 | Train Loss 0.2370 | Domain Loss 3.1724 | Valid Loss 1.8189 | Train Acc 90.2322| Valid Acc 49.4346
[TRAINER6] TestSub: S[1, 2, 3, 4, 5] Epoch  7 Finsh | Now_lr 0.0030/0.0030 | Lambda 0.0269 | Train Loss 0.2107 | Domain Loss 3.1906 | Valid Loss 1.9235 | Train Acc 91.4573| Valid Acc 48.3372
[TRAINER6] TestSub: S[1, 2, 3, 4, 5] Epoch  8 Finsh | Now_lr 0.0030/0.0030 | Lambda 0.0304 | Train Loss 0.1870 | Domain Loss 3.1988 | Valid Loss 2.1145 | Train Acc 92.5073| Valid Acc 48.7901
[TRAINER6] TestSub: S[1, 2, 3, 4, 5] Epoch  9 Finsh | Now_lr 0.0030/0.0030 | Lambda 0.0338 | Train Loss 0.1694 | Domain Loss 3.2007 | Valid Loss 2.0507 | Train Acc 93.4393| Valid Acc 49.9605
[TRAINER6] Validation acc increase (49.662573 --> 49.960482) in epoch (9).  Saving model ...
[TRAINER6] TestSub: S[1, 2, 3, 4, 5] Epoch 10 Finsh | Now_lr 0.0030/0.0030 | Lambda 0.0370 | Train Loss 0.1546 | Domain Loss 3.2023 | Valid Loss 2.2632 | Train Acc 93.9585| Valid Acc 48.4983
[TRAINER6] TestSub: S[1, 2, 3, 4, 5] Epoch 11 Finsh | Now_lr 0.0030/0.0030 | Lambda 0.0400 | Train Loss 0.1480 | Domain Loss 3.2051 | Valid Loss 2.2189 | Train Acc 94.2662| Valid Acc 47.3918
[TRAINER6] TestSub: S[1, 2, 3, 4, 5] Epoch 12 Finsh | Now_lr 0.0030/0.0030 | Lambda 0.0430 | Train Loss 0.1376 | Domain Loss 3.2073 | Valid Loss 2.3047 | Train Acc 94.6753| Valid Acc 44.7927
[TRAINER6] TestSub: S[1, 2, 3, 4, 5] Epoch 13 Finsh | Now_lr 0.0030/0.0030 | Lambda 0.0457 | Train Loss 0.1342 | Domain Loss 3.2082 | Valid Loss 2.3223 | Train Acc 94.7988| Valid Acc 46.2731
[TRAINER6] TestSub: S[1, 2, 3, 4, 5] Epoch 14 Finsh | Now_lr 0.0030/0.0030 | Lambda 0.0483 | Train Loss 0.1311 | Domain Loss 3.2095 | Valid Loss 2.4641 | Train Acc 95.0456| Valid Acc 47.3492
[TRAINER6] TestSub: S[1, 2, 3, 4, 5] Epoch 15 Finsh | Now_lr 0.0030/0.0030 | Lambda 0.0508 | Train Loss 0.1262 | Domain Loss 3.2105 | Valid Loss 2.4038 | Train Acc 95.1806| Valid Acc 46.8841
[TRAINER6] TestSub: S[1, 2, 3, 4, 5] Epoch 16 Finsh | Now_lr 0.0030/0.0030 | Lambda 0.0531 | Train Loss 0.1248 | Domain Loss 3.2112 | Valid Loss 2.4386 | Train Acc 95.1848| Valid Acc 48.8053
[TRAINER6] TestSub: S[1, 2, 3, 4, 5] Epoch 17 Finsh | Now_lr 0.0030/0.0030 | Lambda 0.0553 | Train Loss 0.1211 | Domain Loss 3.2113 | Valid Loss 2.4588 | Train Acc 95.4262| Valid Acc 46.6956
[TRAINER6] TestSub: S[1, 2, 3, 4, 5] Epoch 18 Finsh | Now_lr 0.0030/0.0030 | Lambda 0.0573 | Train Loss 0.1182 | Domain Loss 3.2126 | Valid Loss 2.3723 | Train Acc 95.4882| Valid Acc 47.4191
[TRAINER6] TestSub: S[1, 2, 3, 4, 5] Epoch 19 Finsh | Now_lr 0.0030/0.0030 | Lambda 0.0592 | Train Loss 0.1172 | Domain Loss 3.2123 | Valid Loss 2.2303 | Train Acc 95.6134| Valid Acc 47.8569
[TRAINER6] TestSub: S[1, 2, 3, 4, 5] Epoch 20 Finsh | Now_lr 0.0030/0.0030 | Lambda 0.0609 | Train Loss 0.1176 | Domain Loss 3.2132 | Valid Loss 2.4803 | Train Acc 95.6019| Valid Acc 47.7596
[TRAINER6] TestSub: S[1, 2, 3, 4, 5] Epoch 21 Finsh | Now_lr 0.0030/0.0030 | Lambda 0.0625 | Train Loss 0.1165 | Domain Loss 3.2119 | Valid Loss 2.3868 | Train Acc 95.6858| Valid Acc 46.9206
[TRAINER6] TestSub: S[1, 2, 3, 4, 5] Epoch 22 Finsh | Now_lr 0.0030/0.0030 | Lambda 0.0640 | Train Loss 0.1126 | Domain Loss 3.2121 | Valid Loss 2.3118 | Train Acc 95.7192| Valid Acc 48.5804
[TRAINER6] TestSub: S[1, 2, 3, 4, 5] Epoch 23 Finsh | Now_lr 0.0030/0.0030 | Lambda 0.0654 | Train Loss 0.1127 | Domain Loss 3.2128 | Valid Loss 2.1081 | Train Acc 95.7630| Valid Acc 48.7628
[TRAINER6] TestSub: S[1, 2, 3, 4, 5] Epoch 24 Finsh | Now_lr 0.0030/0.0030 | Lambda 0.0667 | Train Loss 0.1134 | Domain Loss 3.2149 | Valid Loss 2.2969 | Train Acc 95.7521| Valid Acc 49.0424
[TRAINER6] TestSub: S[1, 2, 3, 4, 5] Epoch 25 Finsh | Now_lr 0.0030/0.0030 | Lambda 0.0679 | Train Loss 0.1118 | Domain Loss 3.2146 | Valid Loss 2.3246 | Train Acc 95.8086| Valid Acc 50.0851
[TRAINER6] Validation acc increase (49.960482 --> 50.085117) in epoch (25).  Saving model ...
[TRAINER6] TestSub: S[1, 2, 3, 4, 5] Epoch 26 Finsh | Now_lr 0.0030/0.0030 | Lambda 0.0689 | Train Loss 0.1084 | Domain Loss 3.2147 | Valid Loss 2.1294 | Train Acc 95.9369| Valid Acc 50.7205
[TRAINER6] Validation acc increase (50.085117 --> 50.720452) in epoch (26).  Saving model ...
[TRAINER6] TestSub: S[1, 2, 3, 4, 5] Epoch 27 Finsh | Now_lr 0.0030/0.0030 | Lambda 0.0699 | Train Loss 0.1092 | Domain Loss 3.2151 | Valid Loss 2.2741 | Train Acc 95.9004| Valid Acc 49.6717
[TRAINER6] TestSub: S[1, 2, 3, 4, 5] Epoch 28 Finsh | Now_lr 0.0030/0.0030 | Lambda 0.0708 | Train Loss 0.1085 | Domain Loss 3.2155 | Valid Loss 2.2009 | Train Acc 95.9855| Valid Acc 49.8936
[TRAINER6] TestSub: S[1, 2, 3, 4, 5] Epoch 29 Finsh | Now_lr 0.0030/0.0030 | Lambda 0.0717 | Train Loss 0.1080 | Domain Loss 3.2156 | Valid Loss 2.2309 | Train Acc 95.9837| Valid Acc 50.6961
[TRAINER6] TestSub: S[1, 2, 3, 4, 5] Epoch 30 Finsh | Now_lr 0.0030/0.0030 | Lambda 0.0724 | Train Loss 0.1064 | Domain Loss 3.2160 | Valid Loss 2.1463 | Train Acc 96.0883| Valid Acc 47.6866
[TRAINER6] TestSub: S[1, 2, 3, 4, 5] Epoch 31 Finsh | Now_lr 0.0030/0.0030 | Lambda 0.0731 | Train Loss 0.1041 | Domain Loss 3.2161 | Valid Loss 2.4988 | Train Acc 96.1089| Valid Acc 50.0790
[TRAINER6] TestSub: S[1, 2, 3, 4, 5] Epoch 32 Finsh | Now_lr 0.0030/0.0030 | Lambda 0.0737 | Train Loss 0.1051 | Domain Loss 3.2168 | Valid Loss 2.1994 | Train Acc 96.0421| Valid Acc 51.6871
[TRAINER6] Validation acc increase (50.720452 --> 51.687135) in epoch (32).  Saving model ...
[TRAINER6] TestSub: S[1, 2, 3, 4, 5] Epoch 33 Finsh | Now_lr 0.0030/0.0030 | Lambda 0.0743 | Train Loss 0.1043 | Domain Loss 3.2173 | Valid Loss 2.2084 | Train Acc 96.0852| Valid Acc 49.0060
[TRAINER6] TestSub: S[1, 2, 3, 4, 5] Epoch 34 Finsh | Now_lr 0.0030/0.0030 | Lambda 0.0748 | Train Loss 0.1047 | Domain Loss 3.2171 | Valid Loss 2.0386 | Train Acc 96.1010| Valid Acc 49.8328
[TRAINER6] TestSub: S[1, 2, 3, 4, 5] Epoch 35 Finsh | Now_lr 0.0030/0.0030 | Lambda 0.0753 | Train Loss 0.1033 | Domain Loss 3.2173 | Valid Loss 2.3102 | Train Acc 96.1181| Valid Acc 49.0485
[TRAINER6] TestSub: S[1, 2, 3, 4, 5] Epoch 36 Finsh | Now_lr 0.0030/0.0030 | Lambda 0.0757 | Train Loss 0.1022 | Domain Loss 3.2173 | Valid Loss 2.0879 | Train Acc 96.2324| Valid Acc 49.3282
[TRAINER6] TestSub: S[1, 2, 3, 4, 5] Epoch 37 Finsh | Now_lr 0.0030/0.0030 | Lambda 0.0761 | Train Loss 0.1021 | Domain Loss 3.2172 | Valid Loss 2.0790 | Train Acc 96.1929| Valid Acc 49.6413
[TRAINER6] TestSub: S[1, 2, 3, 4, 5] Epoch 38 Finsh | Now_lr 0.0030/0.0030 | Lambda 0.0765 | Train Loss 0.1013 | Domain Loss 3.2175 | Valid Loss 2.1029 | Train Acc 96.2749| Valid Acc 50.3982
[TRAINER6] TestSub: S[1, 2, 3, 4, 5] Epoch 39 Finsh | Now_lr 0.0030/0.0030 | Lambda 0.0768 | Train Loss 0.1010 | Domain Loss 3.2191 | Valid Loss 2.0776 | Train Acc 96.1904| Valid Acc 51.6476
[TRAINER6] TestSub: S[1, 2, 3, 4, 5] Epoch 40 Finsh | Now_lr 0.0030/0.0030 | Lambda 0.0771 | Train Loss 0.0992 | Domain Loss 3.2192 | Valid Loss 1.8939 | Train Acc 96.3254| Valid Acc 51.9273
[TRAINER6] Validation acc increase (51.687135 --> 51.927286) in epoch (40).  Saving model ...
[TRAINER6] TestSub: S[1, 2, 3, 4, 5] Epoch 41 Finsh | Now_lr 0.0030/0.0030 | Lambda 0.0774 | Train Loss 0.1014 | Domain Loss 3.2185 | Valid Loss 2.0705 | Train Acc 96.2397| Valid Acc 47.9542
[TRAINER6] TestSub: S[1, 2, 3, 4, 5] Epoch 42 Finsh | Now_lr 0.0030/0.0030 | Lambda 0.0776 | Train Loss 0.0991 | Domain Loss 3.2189 | Valid Loss 2.1946 | Train Acc 96.3759| Valid  Now_lr 0.0010/0.0010 | Lambda 0.0717 | Train Loss 0.0339 | Domain Loss 3.0239 | Valid Loss 3.9570 | Train Acc 98.8172| Valid Acc 51.9135
[TRAINER1] TestSub: S[6, 7, 8, 9, 10] Epoch 30 Finsh | Now_lr 0.0010/0.0010 | Lambda 0.0724 | Train Loss 0.0321 | Domain Loss 2.9953 | Valid Loss 3.9493 | Train Acc 98.8689| Valid Acc 51.2360
[TRAINER1] TestSub: S[6, 7, 8, 9, 10] Epoch 31 Finsh | Now_lr 0.0010/0.0010 | Lambda 0.0731 | Train Loss 0.0292 | Domain Loss 3.0519 | Valid Loss 3.9786 | Train Acc 98.9693| Valid Acc 50.6989
[TRAINER1] TestSub: S[6, 7, 8, 9, 10] Epoch 32 Finsh | Now_lr 0.0010/0.0010 | Lambda 0.0737 | Train Loss 0.0305 | Domain Loss 3.0357 | Valid Loss 3.9164 | Train Acc 98.9334| Valid Acc 51.3153
[TRAINER1] Early stopping triggered after 32 epochs (30 epochs without improvement)
[TRAINER1] --------------------------------------------------
[TRAINER1] Test_Subject :S[6, 7, 8, 9, 10] |Best epoch:2 | Test Loss:1.8179 | Best Acc 54.8004 | Savemodel Acc 54.8004
[TRAINER1] --------------------------------------------------
[TRAINER1] 
[TRAINER1] ========== Fold 3 ==========
[TRAINER1] Train IDs: [1, 2, 3, 4, 5, 6, 7, 8, 9, 10, 16, 17, 18, 19, 20, 21, 22, 23, 24, 25, 26, 27, 28, 29, 30]
[TRAINER1] Val IDs:   [11, 12, 13, 14, 15]
[TRAINER1] train_data_shape(164500, 32, 128),val_data_shape(32900, 32, 128)
[TRAINER1] =================================================================
[TRAINER1] Layer (type:depth-idx)                   Param #
[TRAINER1] =================================================================
[TRAINER1] DARNet                                   --
[TRAINER1] ├─TokenEmbedding: 1-1                    --
[TRAINER1] │    └─Sequential: 2-1                   --
[TRAINER1] │    │    └─Conv2d: 3-1                  576
[TRAINER1] │    │    └─BatchNorm2d: 3-2             128
[TRAINER1] │    │    └─GELU: 3-3                    --
[TRAINER1] │    └─Sequential: 2-2                   --
[TRAINER1] │    │    └─Conv2d: 3-4                  32,784
[TRAINER1] │    │    └─BatchNorm2d: 3-5             32
[TRAINER1] │    │    └─GELU: 3-6                    --
[TRAINER1] │    └─PositionalEmbedding: 2-3          --
[TRAINER1] ├─Flatten: 1-2                           --
[TRAINER1] ├─Linear: 1-3                            18
[TRAINER1] ├─AttnRefine: 1-4                        --
[TRAINER1] │    └─MyAttention: 2-4                  --
[TRAINER1] │    │    └─Attention: 3-7               800
[TRAINER1] │    └─Refine: 2-5                       --
[TRAINER1] │    │    └─Conv1d: 3-8                  784
[TRAINER1] │    │    └─BatchNorm1d: 3-9             32
[TRAINER1] │    │    └─ELU: 3-10                    --
[TRAINER1] │    │    └─MaxPool1d: 3-11              --
[TRAINER1] │    └─AdaptiveAvgPool1d: 2-6            --
[TRAINER1] │    └─Linear: 2-7                       68
[TRAINER1] │    └─Flatten: 2-8                      --
[TRAINER1] ├─AttnRefine: 1-5                        --
[TRAINER1] │    └─MyAttention: 2-9                  --
[TRAINER1] │    │    └─Attention: 3-12              800
[TRAINER1] │    └─Refine: 2-10                      --
[TRAINER1] │    │    └─Conv1d: 3-13                 784
[TRAINER1] │    │    └─BatchNorm1d: 3-14            32
[TRAINER1] │    │    └─ELU: 3-15                    --
[TRAINER1] │    │    └─MaxPool1d: 3-16              --
[TRAINER1] │    └─AdaptiveAvgPool1d: 2-11           --
[TRAINER1] │    └─Linear: 2-12                      68
[TRAINER1] │    └─Flatten: 2-13                     --
[TRAINER1] ├─GradientReversalLayer: 1-6             --
[TRAINER1] ├─SubjectDiscriminator: 1-7              --
[TRAINER1] │    └─Sequential: 2-14                  --
[TRAINER1] │    │    └─Linear: 3-17                 2,304
[TRAINER1] │    │    └─ReLU: 3-18                   --
[TRAINER1] │    │    └─Dropout: 3-19                --
[TRAINER1] │    │    └─Linear: 3-20                 32,896
[TRAINER1] │    │    └─ReLU: 3-21                   --
[TRAINER1] │    │    └─Dropout: 3-22                --
[TRAINER1] │    │    └─Linear: 3-23                 3,870
[TRAINER1] =================================================================
[TRAINER1] Total params: 75,976
[TRAINER1] Trainable params: 75,976
[TRAINER1] Non-trainable params: 0
[TRAINER1] =================================================================
[TRAINER1] TestSub: S[11, 12, 13, 14, 15] Epoch  1 Finsh | Now_lr 0.0010/0.0010 | Lambda 0.0040 | Train Loss 0.4970 | Domain Loss 3.0509 | Valid Loss 1.7552 | Train Acc 73.5860| Valid Acc 47.1680
[TRAINER1] Validation acc increase (0.000000 --> 47.167969) in epoch (1).  Saving model ...
[TRAINER1] TestSub: S[11, 12, 13, 14, 15] Epoch  2 Finsh | Now_lr 0.0010/0.0010 | Lambda 0.0080 | Train Loss 0.2976 | Domain Loss 2.8680 | Valid Loss 2.2423 | Train Acc 87.1958| Valid Acc 49.7559
[TRAINER1] Validation acc increase (47.167969 --> 49.755859) in epoch (2).  Saving model ...
[TRAINER1] TestSub: S[11, 12, 13, 14, 15] Epoch  3 Finsh | Now_lr 0.0010/0.0010 | Lambda 0.0119 | Train Loss 0.2397 | Domain Loss 2.8503 | Valid Loss 2.4095 | Train Acc 90.1121| Valid Acc 49.7009
[TRAINER1] TestSub: S[11, 12, 13, 14, 15] Epoch  4 Finsh | Now_lr 0.0010/0.0010 | Lambda 0.0158 | Train Loss 0.2050 | Domain Loss 2.9001 | Valid Loss 2.6625 | Train Acc 91.7086| Valid Acc 49.4568
[TRAINER1] TestSub: S[11, 12, 13, 14, 15] Epoch  5 Finsh | Now_lr 0.0010/0.0010 | Lambda 0.0196 | Train Loss 0.1739 | Domain Loss 2.8826 | Valid Loss 3.0463 | Train Acc 93.0503| Valid Acc 48.2239
[TRAINER1] TestSub: S[11, 12, 13, 14, 15] Epoch  6 Finsh | Now_lr 0.0010/0.0010 | Lambda 0.0233 | Train Loss 0.1502 | Domain Loss 2.9236 | Valid Loss 3.1061 | Train Acc 94.1224| Valid Acc 49.5880
[TRAINER1] TestSub: S[11, 12, 13, 14, 15] Epoch  7 Finsh | Now_lr 0.0010/0.0010 | Lambda 0.0269 | Train Loss 0.1269 | Domain Loss 2.9399 | Valid Loss 3.3847 | Train Acc 95.0350| Valid Acc 48.8586
[TRAINER1] TestSub: S[11, 12, 13, 14, 15] Epoch  8 Finsh | Now_lr 0.0010/0.0010 | Lambda 0.0304 | Train Loss 0.1134 | Domain Loss 2.9661 | Valid Loss 3.6369 | Train Acc 95.6106| Valid Acc 50.3418
[TRAINER1] Validation acc increase (49.755859 --> 50.341797) in epoch (8).  Saving model ...
[TRAINER1] TestSub: S[11, 12, 13, 14, 15] Epoch  9 Finsh | Now_lr 0.0010/0.0010 | Lambda 0.0338 | Train Loss 0.1031 | Domain Loss 2.9227 | Valid Loss 3.5924 | Train Acc 96.1150| Valid Acc 51.7517
[TRAINER1] Validation acc increase (50.341797 --> 51.751709) in epoch (9).  Saving model ...
[TRAINER1] TestSub: S[11, 12, 13, 14, 15] Epoch 10 Finsh | Now_lr 0.0010/0.0010 | Lambda 0.0370 | Train Loss 0.0922 | Domain Loss 2.9932 | Valid Loss 3.5854 | Train Acc 96.5635| Valid Acc 51.8250
[TRAINER1] Validation acc increase (51.751709 --> 51.824951) in epoch (10).  Saving model ...
[TRAINER1] TestSub: S[11, 12, 13, 14, 15] Epoch 11 Finsh | Now_lr 0.0010/0.0010 | Lambda 0.0400 | Train Loss 0.0822 | Domain Loss 2.9551 | Valid Loss 3.5963 | Train Acc 96.9517| Valid Acc 51.0742
[TRAINER1] TestSub: S[11, 12, 13, 14, 15] Epoch 12 Finsh | Now_lr 0.0010/0.0010 | Lambda 0.0430 | Train Loss 0.0754 | Domain Loss 2.9759 | Valid Loss 3.6894 | Train Acc 97.2273| Valid Acc 51.7761
[TRAINER1] TestSub: S[11, 12, 13, 14, 15] Epoch 13 Finsh | Now_lr 0.0010/0.0010 | Lambda 0.0457 | Train Loss 0.0665 | Domain Loss 2.9747 | Valid Loss 3.8048 | Train Acc 97.5638| Valid Acc 51.9043
[TRAINER1] Validation acc increase (51.824951 --> 51.904297) in epoch (13).  Saving model ...
[TRAINER1] TestSub: S[11, 12, 13, 14, 15] Epoch 14 Finsh | Now_lr 0.0010/0.0010 | Lambda 0.0483 | Train Loss 0.0625 | Domain Loss 3.0103 | Valid Loss 3.8547 | Train Acc 97.7475| Valid Acc 50.4578
[TRAINER1] TestSub: S[11, 12, 13, 14, 15] Epoch 15 Finsh | Now_lr 0.0010/0.0010 | Lambda 0.0508 | Train Loss 0.0581 | Domain Loss 3.0363 | Valid Loss 3.7658 | Train Acc 97.8887| Valid Acc 50.9308
[TRAINER1] TestSub: S[11, 12, 13, 14, 15] Epoch 16 Finsh | Now_lr 0.0010/0.0010 | Lambda 0.0531 | Train L===============================================
[TRAINER5] DARNet                                   --
[TRAINER5] ├─TokenEmbedding: 1-1                    --
[TRAINER5] │    └─Sequential: 2-1                   --
[TRAINER5] │    │    └─Conv2d: 3-1                  576
[TRAINER5] │    │    └─BatchNorm2d: 3-2             128
[TRAINER5] │    │    └─GELU: 3-3                    --
[TRAINER5] │    └─Sequential: 2-2                   --
[TRAINER5] │    │    └─Conv2d: 3-4                  32,784
[TRAINER5] │    │    └─BatchNorm2d: 3-5             32
[TRAINER5] │    │    └─GELU: 3-6                    --
[TRAINER5] │    └─PositionalEmbedding: 2-3          --
[TRAINER5] ├─Flatten: 1-2                           --
[TRAINER5] ├─Linear: 1-3                            18
[TRAINER5] ├─AttnRefine: 1-4                        --
[TRAINER5] │    └─MyAttention: 2-4                  --
[TRAINER5] │    │    └─Attention: 3-7               800
[TRAINER5] │    └─Refine: 2-5                       --
[TRAINER5] │    │    └─Conv1d: 3-8                  784
[TRAINER5] │    │    └─BatchNorm1d: 3-9             32
[TRAINER5] │    │    └─ELU: 3-10                    --
[TRAINER5] │    │    └─MaxPool1d: 3-11              --
[TRAINER5] │    └─AdaptiveAvgPool1d: 2-6            --
[TRAINER5] │    └─Linear: 2-7                       68
[TRAINER5] │    └─Flatten: 2-8                      --
[TRAINER5] ├─AttnRefine: 1-5                        --
[TRAINER5] │    └─MyAttention: 2-9                  --
[TRAINER5] │    │    └─Attention: 3-12              800
[TRAINER5] │    └─Refine: 2-10                      --
[TRAINER5] │    │    └─Conv1d: 3-13                 784
[TRAINER5] │    │    └─BatchNorm1d: 3-14            32
[TRAINER5] │    │    └─ELU: 3-15                    --
[TRAINER5] │    │    └─MaxPool1d: 3-16              --
[TRAINER5] │    └─AdaptiveAvgPool1d: 2-11           --
[TRAINER5] │    └─Linear: 2-12                      68
[TRAINER5] │    └─Flatten: 2-13                     --
[TRAINER5] ├─GradientReversalLayer: 1-6             --
[TRAINER5] ├─SubjectDiscriminator: 1-7              --
[TRAINER5] │    └─Sequential: 2-14                  --
[TRAINER5] │    │    └─Linear: 3-17                 2,304
[TRAINER5] │    │    └─ReLU: 3-18                   --
[TRAINER5] │    │    └─Dropout: 3-19                --
[TRAINER5] │    │    └─Linear: 3-20                 32,896
[TRAINER5] │    │    └─ReLU: 3-21                   --
[TRAINER5] │    │    └─Dropout: 3-22                --
[TRAINER5] │    │    └─Linear: 3-23                 3,870
[TRAINER5] =================================================================
[TRAINER5] Total params: 75,976
[TRAINER5] Trainable params: 75,976
[TRAINER5] Non-trainable params: 0
[TRAINER5] =================================================================
[TRAINER5] TestSub: S[6, 7, 8, 9, 10] Epoch  1 Finsh | Now_lr 0.0005/0.0005 | Lambda 0.0050 | Train Loss 0.4799 | Domain Loss 3.0260 | Valid Loss 1.4086 | Train Acc 75.0827| Valid Acc 53.2040
[TRAINER5] Validation acc increase (0.000000 --> 53.204037) in epoch (1).  Saving model ...
[TRAINER5] TestSub: S[6, 7, 8, 9, 10] Epoch  2 Finsh | Now_lr 0.0005/0.0005 | Lambda 0.0100 | Train Loss 0.3061 | Domain Loss 2.9195 | Valid Loss 1.7714 | Train Acc 86.4549| Valid Acc 51.2342
[TRAINER5] TestSub: S[6, 7, 8, 9, 10] Epoch  3 Finsh | Now_lr 0.0005/0.0005 | Lambda 0.0149 | Train Loss 0.2310 | Domain Loss 2.9775 | Valid Loss 2.0719 | Train Acc 90.3089| Valid Acc 48.8236
[TRAINER5] TestSub: S[6, 7, 8, 9, 10] Epoch  4 Finsh | Now_lr 0.0005/0.0005 | Lambda 0.0197 | Train Loss 0.1833 | Domain Loss 2.9963 | Valid Loss 2.2805 | Train Acc 92.4587| Valid Acc 51.7510
[TRAINER5] TestSub: S[6, 7, 8, 9, 10] Epoch  5 Finsh | Now_lr 0.0005/0.0005 | Lambda 0.0245 | Train Loss 0.1551 | Domain Loss 3.0247 | Valid Loss 2.2278 | Train Acc 93.8455| Valid Acc 52.0215
[TRAINER5] TestSub: S[6, 7, 8, 9, 10] Epoch  6 Finsh | Now_lr 0.0005/0.0005 | Lambda 0.0291 | Train Loss 0.1273 | Domain Loss 3.0303 | Valid Loss 2.4789 | Train Acc 95.0195| Valid Acc 50.4256
[TRAINER5] TestSub: S[6, 7, 8, 9, 10] Epoch  7 Finsh | Now_lr 0.0005/0.0005 | Lambda 0.0336 | Train Loss 0.1096 | Domain Loss 3.0524 | Valid Loss 2.7668 | Train Acc 95.8104| Valid Acc 49.4042
[TRAINER5] TestSub: S[6, 7, 8, 9, 10] Epoch  8 Finsh | Now_lr 0.0005/0.0005 | Lambda 0.0380 | Train Loss 0.0929 | Domain Loss 3.0641 | Valid Loss 2.9355 | Train Acc 96.4968| Valid Acc 51.3679
[TRAINER5] TestSub: S[6, 7, 8, 9, 10] Epoch  9 Finsh | Now_lr 0.0005/0.0005 | Lambda 0.0422 | Train Loss 0.0819 | Domain Loss 3.0853 | Valid Loss 2.8892 | Train Acc 96.9644| Valid Acc 49.8115
[TRAINER5] TestSub: S[6, 7, 8, 9, 10] Epoch 10 Finsh | Now_lr 0.0005/0.0005 | Lambda 0.0462 | Train Loss 0.0726 | Domain Loss 3.0847 | Valid Loss 3.1708 | Train Acc 97.3298| Valid Acc 50.6749
[TRAINER5] TestSub: S[6, 7, 8, 9, 10] Epoch 11 Finsh | Now_lr 0.0005/0.0005 | Lambda 0.0501 | Train Loss 0.0660 | Domain Loss 3.0854 | Valid Loss 3.1784 | Train Acc 97.6192| Valid Acc 49.7477
[TRAINER5] TestSub: S[6, 7, 8, 9, 10] Epoch 12 Finsh | Now_lr 0.0005/0.0005 | Lambda 0.0537 | Train Loss 0.0590 | Domain Loss 3.0919 | Valid Loss 3.3303 | Train Acc 97.8794| Valid Acc 50.0821
[TRAINER5] TestSub: S[6, 7, 8, 9, 10] Epoch 13 Finsh | Now_lr 0.0005/0.0005 | Lambda 0.0572 | Train Loss 0.0550 | Domain Loss 3.0985 | Valid Loss 3.5177 | Train Acc 98.0496| Valid Acc 49.8176
[TRAINER5] TestSub: S[6, 7, 8, 9, 10] Epoch 14 Finsh | Now_lr 0.0005/0.0005 | Lambda 0.0604 | Train Loss 0.0512 | Domain Loss 3.0964 | Valid Loss 3.4244 | Train Acc 98.1779| Valid Acc 50.0456
[TRAINER5] TestSub: S[6, 7, 8, 9, 10] Epoch 15 Finsh | Now_lr 0.0005/0.0005 | Lambda 0.0635 | Train Loss 0.0460 | Domain Loss 3.1226 | Valid Loss 3.5836 | Train Acc 98.3712| Valid Acc 48.2399
[TRAINER5] TestSub: S[6, 7, 8, 9, 10] Epoch 16 Finsh | Now_lr 0.0005/0.0005 | Lambda 0.0664 | Train Loss 0.0419 | Domain Loss 3.1231 | Valid Loss 3.5452 | Train Acc 98.4892| Valid Acc 50.6809
[TRAINER5] TestSub: S[6, 7, 8, 9, 10] Epoch 17 Finsh | Now_lr 0.0005/0.0005 | Lambda 0.0691 | Train Loss 0.0396 | Domain Loss 3.1386 | Valid Loss 3.3867 | Train Acc 98.6114| Valid Acc 49.8115
[TRAINER5] TestSub: S[6, 7, 8, 9, 10] Epoch 18 Finsh | Now_lr 0.0005/0.0005 | Lambda 0.0716 | Train Loss 0.0372 | Domain Loss 3.1632 | Valid Loss 3.2291 | Train Acc 98.7202| Valid Acc 51.5047
[TRAINER5] TestSub: S[6, 7, 8, 9, 10] Epoch 19 Finsh | Now_lr 0.0005/0.0005 | Lambda 0.0740 | Train Loss 0.0365 | Domain Loss 3.1677 | Valid Loss 3.4270 | Train Acc 98.7184| Valid Acc 48.8418
[TRAINER5] TestSub: S[6, 7, 8, 9, 10] Epoch 20 Finsh | Now_lr 0.0005/0.0005 | Lambda 0.0762 | Train Loss 0.0339 | Domain Loss 3.1719 | Valid Loss 3.2483 | Train Acc 98.8412| Valid Acc 51.8756
[TRAINER5] TestSub: S[6, 7, 8, 9, 10] Epoch 21 Finsh | Now_lr 0.0005/0.0005 | Lambda 0.0782 | Train Loss 0.0322 | Domain Loss 3.1778 | Valid Loss 3.4157 | Train Acc 98.8479| Valid Acc 50.4256
[TRAINER5] TestSub: S[6, 7, 8, 9, 10] Epoch 22 Finsh | Now_lr 0.0005/0.0005 | Lambda 0.0800 | Train Loss 0.0306 | Domain Loss 3.1766 | Valid Loss 3.1738 | Train Acc 98.9506| Valid Acc 48.9908
[TRAINER5] TestSub: S[6, 7, 8, 9, 10] Epoch 23 Finsh | Now_lr 0.0005/0.0005 | Lambda 0.0818 | Train Loss 0.0299 | Domain Loss 3.1817 | Valid Loss 3.2653 | Train Acc 98.9452| Valid Acc 49.8024
[TRAINER5] TestSub: S[6, 7, 8, 9, 10] Epoch 24 Finsh | Now_lr 0.0005/0.0005 | Lambda 0.0834 | Train Loss 0.0286 | Domain Loss 3.1809 | Valid Loss 3.2967 | Train Acc 99.0157| Valid Acc 49.6717
[TRAINER5] TestSub: S[6, 7, 8, 9, 10] Epoch 25 Finsh | Now_lr 0.0005/0.0005 | Lambda 0.0848 | Train Loss 0.0266 | Domain Loss 3.1804 | Valid Loss 3.3848 | Train Acc 99.0680| Valid Acc 50.0091
[TRAINER5] TestSub: S[6, 7, 8, 9, 10] Epoch 26 Finsh | Now_lr 0.0005/0.0005 | Lambda 0.0862 | Train Loss 0.0259 | Domain Loss 3.1774 | Valid Loss 3.7060 | Train Acc 99.1196| Valid Acc 49.6899
[TRAINER5] T --
[TRAINER3] │    └─Linear: 2-7                       68
[TRAINER3] │    └─Flatten: 2-8                      --
[TRAINER3] ├─AttnRefine: 1-5                        --
[TRAINER3] │    └─MyAttention: 2-9                  --
[TRAINER3] │    │    └─Attention: 3-12              800
[TRAINER3] │    └─Refine: 2-10                      --
[TRAINER3] │    │    └─Conv1d: 3-13                 784
[TRAINER3] │    │    └─BatchNorm1d: 3-14            32
[TRAINER3] │    │    └─ELU: 3-15                    --
[TRAINER3] │    │    └─MaxPool1d: 3-16              --
[TRAINER3] │    └─AdaptiveAvgPool1d: 2-11           --
[TRAINER3] │    └─Linear: 2-12                      68
[TRAINER3] │    └─Flatten: 2-13                     --
[TRAINER3] ├─GradientReversalLayer: 1-6             --
[TRAINER3] ├─SubjectDiscriminator: 1-7              --
[TRAINER3] │    └─Sequential: 2-14                  --
[TRAINER3] │    │    └─Linear: 3-17                 2,304
[TRAINER3] │    │    └─ReLU: 3-18                   --
[TRAINER3] │    │    └─Dropout: 3-19                --
[TRAINER3] │    │    └─Linear: 3-20                 32,896
[TRAINER3] │    │    └─ReLU: 3-21                   --
[TRAINER3] │    │    └─Dropout: 3-22                --
[TRAINER3] │    │    └─Linear: 3-23                 3,870
[TRAINER3] =================================================================
[TRAINER3] Total params: 75,976
[TRAINER3] Trainable params: 75,976
[TRAINER3] Non-trainable params: 0
[TRAINER3] =================================================================
[TRAINER3] TestSub: S[6, 7, 8, 9, 10] Epoch  1 Finsh | Now_lr 0.0100/0.0100 | Lambda 0.0075 | Train Loss 0.4789 | Domain Loss 3.1429 | Valid Loss 1.4159 | Train Acc 75.5910| Valid Acc 48.4527
[TRAINER3] Validation acc increase (0.000000 --> 48.452699) in epoch (1).  Saving model ...
[TRAINER3] TestSub: S[6, 7, 8, 9, 10] Epoch  2 Finsh | Now_lr 0.0100/0.0100 | Lambda 0.0150 | Train Loss 0.3352 | Domain Loss 3.1266 | Valid Loss 1.4274 | Train Acc 85.1939| Valid Acc 51.4895
[TRAINER3] Validation acc increase (48.452699 --> 51.489543) in epoch (2).  Saving model ...
[TRAINER3] TestSub: S[6, 7, 8, 9, 10] Epoch  3 Finsh | Now_lr 0.0100/0.0100 | Lambda 0.0223 | Train Loss 0.2942 | Domain Loss 3.1518 | Valid Loss 1.6075 | Train Acc 87.2793| Valid Acc 48.8570
[TRAINER3] TestSub: S[6, 7, 8, 9, 10] Epoch  4 Finsh | Now_lr 0.0100/0.0100 | Lambda 0.0296 | Train Loss 0.2733 | Domain Loss 3.1725 | Valid Loss 1.6336 | Train Acc 88.4041| Valid Acc 49.8662
[TRAINER3] TestSub: S[6, 7, 8, 9, 10] Epoch  5 Finsh | Now_lr 0.0100/0.0100 | Lambda 0.0367 | Train Loss 0.2628 | Domain Loss 3.1825 | Valid Loss 1.6768 | Train Acc 88.8777| Valid Acc 50.7357
[TRAINER3] TestSub: S[6, 7, 8, 9, 10] Epoch  6 Finsh | Now_lr 0.0100/0.0100 | Lambda 0.0437 | Train Loss 0.2536 | Domain Loss 3.1836 | Valid Loss 1.7356 | Train Acc 89.3586| Valid Acc 49.9179
[TRAINER3] TestSub: S[6, 7, 8, 9, 10] Epoch  7 Finsh | Now_lr 0.0100/0.0100 | Lambda 0.0505 | Train Loss 0.2444 | Domain Loss 3.1827 | Valid Loss 1.7296 | Train Acc 89.7501| Valid Acc 51.8695
[TRAINER3] Validation acc increase (51.489543 --> 51.869528) in epoch (7).  Saving model ...
[TRAINER3] TestSub: S[6, 7, 8, 9, 10] Epoch  8 Finsh | Now_lr 0.0100/0.0100 | Lambda 0.0570 | Train Loss 0.2432 | Domain Loss 3.1851 | Valid Loss 1.7547 | Train Acc 89.9343| Valid Acc 50.5198
[TRAINER3] TestSub: S[6, 7, 8, 9, 10] Epoch  9 Finsh | Now_lr 0.0100/0.0100 | Lambda 0.0633 | Train Loss 0.2410 | Domain Loss 3.1866 | Valid Loss 1.9409 | Train Acc 89.9848| Valid Acc 50.4681
[TRAINER3] TestSub: S[6, 7, 8, 9, 10] Epoch 10 Finsh | Now_lr 0.0100/0.0100 | Lambda 0.0693 | Train Loss 0.2391 | Domain Loss 3.1873 | Valid Loss 1.8919 | Train Acc 90.0730| Valid Acc 49.4163
[TRAINER3] TestSub: S[6, 7, 8, 9, 10] Epoch 11 Finsh | Now_lr 0.0100/0.0100 | Lambda 0.0751 | Train Loss 0.2373 | Domain Loss 3.1896 | Valid Loss 1.8028 | Train Acc 90.2663| Valid Acc 49.7173
[TRAINER3] TestSub: S[6, 7, 8, 9, 10] Epoch 12 Finsh | Now_lr 0.0100/0.0100 | Lambda 0.0806 | Train Loss 0.2292 | Domain Loss 3.1910 | Valid Loss 1.8784 | Train Acc 90.4657| Valid Acc 51.3163
[TRAINER3] TestSub: S[6, 7, 8, 9, 10] Epoch 13 Finsh | Now_lr 0.0100/0.0100 | Lambda 0.0858 | Train Loss 0.2253 | Domain Loss 3.1940 | Valid Loss 2.0722 | Train Acc 90.7849| Valid Acc 49.2583
[TRAINER3] TestSub: S[6, 7, 8, 9, 10] Epoch 14 Finsh | Now_lr 0.0100/0.0100 | Lambda 0.0907 | Train Loss 0.2168 | Domain Loss 3.1963 | Valid Loss 2.2742 | Train Acc 91.1758| Valid Acc 49.2613
[TRAINER3] TestSub: S[6, 7, 8, 9, 10] Epoch 15 Finsh | Now_lr 0.0100/0.0100 | Lambda 0.0953 | Train Loss 0.2094 | Domain Loss 3.1963 | Valid Loss 2.0550 | Train Acc 91.5102| Valid Acc 48.6260
[TRAINER3] TestSub: S[6, 7, 8, 9, 10] Epoch 16 Finsh | Now_lr 0.0100/0.0100 | Lambda 0.0996 | Train Loss 0.2034 | Domain Loss 3.1973 | Valid Loss 1.9246 | Train Acc 91.8106| Valid Acc 50.8025
[TRAINER3] TestSub: S[6, 7, 8, 9, 10] Epoch 17 Finsh | Now_lr 0.0100/0.0100 | Lambda 0.1037 | Train Loss 0.1970 | Domain Loss 3.1981 | Valid Loss 2.0462 | Train Acc 92.0610| Valid Acc 48.1335
[TRAINER3] TestSub: S[6, 7, 8, 9, 10] Epoch 18 Finsh | Now_lr 0.0100/0.0100 | Lambda 0.1074 | Train Loss 0.1929 | Domain Loss 3.2004 | Valid Loss 2.1956 | Train Acc 92.3073| Valid Acc 49.6322
[TRAINER3] TestSub: S[6, 7, 8, 9, 10] Epoch 19 Finsh | Now_lr 0.0100/0.0100 | Lambda 0.1110 | Train Loss 0.1871 | Domain Loss 3.2004 | Valid Loss 2.0959 | Train Acc 92.5924| Valid Acc 48.1791
[TRAINER3] TestSub: S[6, 7, 8, 9, 10] Epoch 20 Finsh | Now_lr 0.0100/0.0100 | Lambda 0.1142 | Train Loss 0.1822 | Domain Loss 3.2022 | Valid Loss 2.2698 | Train Acc 92.8447| Valid Acc 47.9572
[TRAINER3] TestSub: S[6, 7, 8, 9, 10] Epoch 21 Finsh | Now_lr 0.0100/0.0100 | Lambda 0.1173 | Train Loss 0.1751 | Domain Loss 3.2025 | Valid Loss 2.1638 | Train Acc 93.1280| Valid Acc 46.6409
[TRAINER3] TestSub: S[6, 7, 8, 9, 10] Epoch 22 Finsh | Now_lr 0.0100/0.0100 | Lambda 0.1201 | Train Loss 0.1714 | Domain Loss 3.2025 | Valid Loss 2.1516 | Train Acc 93.2393| Valid Acc 48.6746
[TRAINER3] TestSub: S[6, 7, 8, 9, 10] Epoch 23 Finsh | Now_lr 0.0100/0.0100 | Lambda 0.1227 | Train Loss 0.1649 | Domain Loss 3.2045 | Valid Loss 2.6221 | Train Acc 93.6308| Valid Acc 47.5316
[TRAINER3] TestSub: S[6, 7, 8, 9, 10] Epoch 24 Finsh | Now_lr 0.0100/0.0100 | Lambda 0.1250 | Train Loss 0.1604 | Domain Loss 3.2064 | Valid Loss 1.9022 | Train Acc 93.7451| Valid Acc 48.2125
[TRAINER3] TestSub: S[6, 7, 8, 9, 10] Epoch 25 Finsh | Now_lr 0.0100/0.0100 | Lambda 0.1272 | Train Loss 0.1513 | Domain Loss 3.2054 | Valid Loss 2.6713 | Train Acc 94.2291| Valid Acc 46.0238
[TRAINER3] TestSub: S[6, 7, 8, 9, 10] Epoch 26 Finsh | Now_lr 0.0100/0.0100 | Lambda 0.1293 | Train Loss 0.1440 | Domain Loss 3.2074 | Valid Loss 2.2910 | Train Acc 94.4595| Valid Acc 46.8081
[TRAINER3] TestSub: S[6, 7, 8, 9, 10] Epoch 27 Finsh | Now_lr 0.0100/0.0100 | Lambda 0.1311 | Train Loss 0.1402 | Domain Loss 3.2068 | Valid Loss 2.4791 | Train Acc 94.6413| Valid Acc 46.8020
[TRAINER3] TestSub: S[6, 7, 8, 9, 10] Epoch 28 Finsh | Now_lr 0.0100/0.0100 | Lambda 0.1328 | Train Loss 0.1324 | Domain Loss 3.2074 | Valid Loss 2.0372 | Train Acc 94.9155| Valid Acc 48.4649
[TRAINER3] TestSub: S[6, 7, 8, 9, 10] Epoch 29 Finsh | Now_lr 0.0100/0.0100 | Lambda 0.1344 | Train Loss 0.1270 | Domain Loss 3.2081 | Valid Loss 2.6023 | Train Acc 95.1477| Valid Acc 47.6684
[TRAINER3] TestSub: S[6, 7, 8, 9, 10] Epoch 30 Finsh | Now_lr 0.0100/0.0100 | Lambda 0.1358 | Train Loss 0.1254 | Domain Loss 3.2080 | Valid Loss 2.3484 | Train Acc 95.2924| Valid Acc 47.7870
[TRAINER3] TestSub: S[6, 7, 8, 9, 10] Epoch 31 Finsh | Now_lr 0.0100/0.0100 | Lambda 0.1371 | Train Loss 0.1207 | Domain Loss 3.2071 | Valid Loss 2.5221 | Train Acc 95.4675| Valid Acc 48.5713
[TRAINER3] TestSub: S[6, 7, 8, 9, 10] Epoch 32 Finsh | Now_lr 0.0100/0.0100 | Lambda 0.1383 | Train Loss 0.1190 | Domain Loss 3.2081 | Valid Loss 2.4468 | Train Acc 95.4858| Valid Acc 46.3673
[TRAINER3] TestSub: S[6, 7, 8, 9, 10] Epoch 33 Finsh | Now_lr 0.0100/0.0100                --
[TRAINER4] │    └─MyAttention: 2-9                  --
[TRAINER4] │    │    └─Attention: 3-12              800
[TRAINER4] │    └─Refine: 2-10                      --
[TRAINER4] │    │    └─Conv1d: 3-13                 784
[TRAINER4] │    │    └─BatchNorm1d: 3-14            32
[TRAINER4] │    │    └─ELU: 3-15                    --
[TRAINER4] │    │    └─MaxPool1d: 3-16              --
[TRAINER4] │    └─AdaptiveAvgPool1d: 2-11           --
[TRAINER4] │    └─Linear: 2-12                      68
[TRAINER4] │    └─Flatten: 2-13                     --
[TRAINER4] ├─GradientReversalLayer: 1-6             --
[TRAINER4] ├─SubjectDiscriminator: 1-7              --
[TRAINER4] │    └─Sequential: 2-14                  --
[TRAINER4] │    │    └─Linear: 3-17                 2,304
[TRAINER4] │    │    └─ReLU: 3-18                   --
[TRAINER4] │    │    └─Dropout: 3-19                --
[TRAINER4] │    │    └─Linear: 3-20                 32,896
[TRAINER4] │    │    └─ReLU: 3-21                   --
[TRAINER4] │    │    └─Dropout: 3-22                --
[TRAINER4] │    │    └─Linear: 3-23                 3,870
[TRAINER4] =================================================================
[TRAINER4] Total params: 75,976
[TRAINER4] Trainable params: 75,976
[TRAINER4] Non-trainable params: 0
[TRAINER4] =================================================================
[TRAINER4] TestSub: S[6, 7, 8, 9, 10] Epoch  1 Finsh | Now_lr 0.0008/0.0008 | Lambda 0.0060 | Train Loss 0.5115 | Domain Loss 3.0502 | Valid Loss 1.1704 | Train Acc 72.8534| Valid Acc 48.3187
[TRAINER4] Validation acc increase (0.000000 --> 48.318713) in epoch (1).  Saving model ...
[TRAINER4] TestSub: S[6, 7, 8, 9, 10] Epoch  2 Finsh | Now_lr 0.0008/0.0008 | Lambda 0.0120 | Train Loss 0.3596 | Domain Loss 2.9653 | Valid Loss 1.4011 | Train Acc 83.5869| Valid Acc 54.3159
[TRAINER4] Validation acc increase (48.318713 --> 54.315911) in epoch (2).  Saving model ...
[TRAINER4] TestSub: S[6, 7, 8, 9, 10] Epoch  3 Finsh | Now_lr 0.0008/0.0008 | Lambda 0.0179 | Train Loss 0.3004 | Domain Loss 3.0070 | Valid Loss 1.7093 | Train Acc 86.8366| Valid Acc 53.1341
[TRAINER4] TestSub: S[6, 7, 8, 9, 10] Epoch  4 Finsh | Now_lr 0.0008/0.0008 | Lambda 0.0237 | Train Loss 0.2470 | Domain Loss 3.0445 | Valid Loss 1.8353 | Train Acc 89.5870| Valid Acc 54.7119
[TRAINER4] Validation acc increase (54.315911 --> 54.711866) in epoch (4).  Saving model ...
[TRAINER4] TestSub: S[6, 7, 8, 9, 10] Epoch  5 Finsh | Now_lr 0.0008/0.0008 | Lambda 0.0294 | Train Loss 0.2010 | Domain Loss 3.0754 | Valid Loss 2.4066 | Train Acc 91.8156| Valid Acc 53.7159
[TRAINER4] TestSub: S[6, 7, 8, 9, 10] Epoch  6 Finsh | Now_lr 0.0008/0.0008 | Lambda 0.0350 | Train Loss 0.1663 | Domain Loss 3.0932 | Valid Loss 2.5102 | Train Acc 93.3596| Valid Acc 53.9687
[TRAINER4] TestSub: S[6, 7, 8, 9, 10] Epoch  7 Finsh | Now_lr 0.0008/0.0008 | Lambda 0.0404 | Train Loss 0.1385 | Domain Loss 3.1128 | Valid Loss 2.7988 | Train Acc 94.6932| Valid Acc 52.5768
[TRAINER4] TestSub: S[6, 7, 8, 9, 10] Epoch  8 Finsh | Now_lr 0.0008/0.0008 | Lambda 0.0456 | Train Loss 0.1174 | Domain Loss 3.1315 | Valid Loss 2.9460 | Train Acc 95.5639| Valid Acc 53.6824
[TRAINER4] TestSub: S[6, 7, 8, 9, 10] Epoch  9 Finsh | Now_lr 0.0008/0.0008 | Lambda 0.0506 | Train Loss 0.1030 | Domain Loss 3.1435 | Valid Loss 3.1291 | Train Acc 96.2401| Valid Acc 52.1047
[TRAINER4] TestSub: S[6, 7, 8, 9, 10] Epoch 10 Finsh | Now_lr 0.0008/0.0008 | Lambda 0.0555 | Train Loss 0.0897 | Domain Loss 3.1556 | Valid Loss 3.2359 | Train Acc 96.7102| Valid Acc 51.6508
[TRAINER4] TestSub: S[6, 7, 8, 9, 10] Epoch 11 Finsh | Now_lr 0.0008/0.0008 | Lambda 0.0601 | Train Loss 0.0834 | Domain Loss 3.1602 | Valid Loss 3.3033 | Train Acc 96.9376| Valid Acc 50.9290
[TRAINER4] TestSub: S[6, 7, 8, 9, 10] Epoch 12 Finsh | Now_lr 0.0008/0.0008 | Lambda 0.0644 | Train Loss 0.0735 | Domain Loss 3.1684 | Valid Loss 3.1723 | Train Acc 97.3469| Valid Acc 51.4102
[TRAINER4] TestSub: S[6, 7, 8, 9, 10] Epoch 13 Finsh | Now_lr 0.0008/0.0008 | Lambda 0.0686 | Train Loss 0.0682 | Domain Loss 3.1705 | Valid Loss 3.4451 | Train Acc 97.5409| Valid Acc 51.3493
[TRAINER4] TestSub: S[6, 7, 8, 9, 10] Epoch 14 Finsh | Now_lr 0.0008/0.0008 | Lambda 0.0725 | Train Loss 0.0648 | Domain Loss 3.1764 | Valid Loss 3.1673 | Train Acc 97.6728| Valid Acc 49.6193
[TRAINER4] TestSub: S[6, 7, 8, 9, 10] Epoch 15 Finsh | Now_lr 0.0008/0.0008 | Lambda 0.0762 | Train Loss 0.0591 | Domain Loss 3.1817 | Valid Loss 3.4072 | Train Acc 97.8905| Valid Acc 50.9899
[TRAINER4] TestSub: S[6, 7, 8, 9, 10] Epoch 16 Finsh | Now_lr 0.0008/0.0008 | Lambda 0.0797 | Train Loss 0.0558 | Domain Loss 3.1837 | Valid Loss 3.3858 | Train Acc 98.0000| Valid Acc 50.7736
[TRAINER4] TestSub: S[6, 7, 8, 9, 10] Epoch 17 Finsh | Now_lr 0.0008/0.0008 | Lambda 0.0829 | Train Loss 0.0537 | Domain Loss 3.1872 | Valid Loss 3.7307 | Train Acc 98.1143| Valid Acc 50.3229
[TRAINER4] TestSub: S[6, 7, 8, 9, 10] Epoch 18 Finsh | Now_lr 0.0008/0.0008 | Lambda 0.0860 | Train Loss 0.0500 | Domain Loss 3.1892 | Valid Loss 3.4908 | Train Acc 98.2481| Valid Acc 50.7889
[TRAINER4] TestSub: S[6, 7, 8, 9, 10] Epoch 19 Finsh | Now_lr 0.0008/0.0008 | Lambda 0.0888 | Train Loss 0.0475 | Domain Loss 3.1906 | Valid Loss 3.3366 | Train Acc 98.3460| Valid Acc 51.2214
[TRAINER4] TestSub: S[6, 7, 8, 9, 10] Epoch 20 Finsh | Now_lr 0.0008/0.0008 | Lambda 0.0914 | Train Loss 0.0446 | Domain Loss 3.1935 | Valid Loss 3.4478 | Train Acc 98.4408| Valid Acc 51.0538
[TRAINER4] TestSub: S[6, 7, 8, 9, 10] Epoch 21 Finsh | Now_lr 0.0008/0.0008 | Lambda 0.0938 | Train Loss 0.0426 | Domain Loss 3.1949 | Valid Loss 3.3882 | Train Acc 98.5169| Valid Acc 51.0782
[TRAINER4] TestSub: S[6, 7, 8, 9, 10] Epoch 22 Finsh | Now_lr 0.0008/0.0008 | Lambda 0.0961 | Train Loss 0.0418 | Domain Loss 3.1957 | Valid Loss 3.4296 | Train Acc 98.5509| Valid Acc 48.9035
[TRAINER4] TestSub: S[6, 7, 8, 9, 10] Epoch 23 Finsh | Now_lr 0.0008/0.0008 | Lambda 0.0981 | Train Loss 0.0406 | Domain Loss 3.1981 | Valid Loss 3.4203 | Train Acc 98.5479| Valid Acc 49.9543
[TRAINER4] TestSub: S[6, 7, 8, 9, 10] Epoch 24 Finsh | Now_lr 0.0008/0.0008 | Lambda 0.1000 | Train Loss 0.0377 | Domain Loss 3.2007 | Valid Loss 3.3220 | Train Acc 98.6671| Valid Acc 51.6691
[TRAINER4] TestSub: S[6, 7, 8, 9, 10] Epoch 25 Finsh | Now_lr 0.0008/0.0008 | Lambda 0.1018 | Train Loss 0.0374 | Domain Loss 3.2020 | Valid Loss 3.4673 | Train Acc 98.7187| Valid Acc 51.1483
[TRAINER4] TestSub: S[6, 7, 8, 9, 10] Epoch 26 Finsh | Now_lr 0.0008/0.0008 | Lambda 0.1034 | Train Loss 0.0365 | Domain Loss 3.2031 | Valid Loss 3.5352 | Train Acc 98.7540| Valid Acc 51.1087
[TRAINER4] TestSub: S[6, 7, 8, 9, 10] Epoch 27 Finsh | Now_lr 0.0008/0.0008 | Lambda 0.1049 | Train Loss 0.0349 | Domain Loss 3.2038 | Valid Loss 3.5265 | Train Acc 98.7887| Valid Acc 50.3320
[TRAINER4] TestSub: S[6, 7, 8, 9, 10] Epoch 28 Finsh | Now_lr 0.0008/0.0008 | Lambda 0.1062 | Train Loss 0.0347 | Domain Loss 3.2057 | Valid Loss 3.5186 | Train Acc 98.8179| Valid Acc 50.1584
[TRAINER4] TestSub: S[6, 7, 8, 9, 10] Epoch 29 Finsh | Now_lr 0.0008/0.0008 | Lambda 0.1075 | Train Loss 0.0334 | Domain Loss 3.2061 | Valid Loss 3.6997 | Train Acc 98.8495| Valid Acc 49.9848
[TRAINER4] TestSub: S[6, 7, 8, 9, 10] Epoch 30 Finsh | Now_lr 0.0008/0.0008 | Lambda 0.1086 | Train Loss 0.0335 | Domain Loss 3.2065 | Valid Loss 3.6097 | Train Acc 98.8756| Valid Acc 52.0285
[TRAINER4] TestSub: S[6, 7, 8, 9, 10] Epoch 31 Finsh | Now_lr 0.0008/0.0008 | Lambda 0.1097 | Train Loss 0.0325 | Domain Loss 3.2077 | Valid Loss 3.6911 | Train Acc 98.8732| Valid Acc 50.3716
[TRAINER4] TestSub: S[6, 7, 8, 9, 10] Epoch 32 Finsh | Now_lr 0.0008/0.0008 | Lambda 0.1106 | Train Loss 0.0324 | Domain Loss 3.2083 | Valid Loss 3.7892 | Train Acc 98.9188| Valid Acc 50.9442
[TRAINER4] TestSub: S[6, 7, 8, 9, 10] Epoch 33 Finsh | Now_lr 0.0008/0.0008 | Lambda 0.1115 | Train Loss 0.0314 | Domain Loss 3.2075 | Valid Loss 3.6222 | Train Acc 98.9249| Valid Acc 50.4386
[TRAINER4] TestSub: S[6, 7, 8, 9, 10] Epoch 34 Fins0007 | Lambda 0.0640 | Train Loss 0.0342 | Domain Loss 3.1068 | Valid Loss 3.2929 | Train Acc 98.8284| Valid Acc 50.2317
[TRAINER2] TestSub: S[6, 7, 8, 9, 10] Epoch 23 Finsh | Now_lr 0.0007/0.0007 | Lambda 0.0654 | Train Loss 0.0343 | Domain Loss 3.1156 | Valid Loss 3.2896 | Train Acc 98.8278| Valid Acc 50.4695
[TRAINER2] TestSub: S[6, 7, 8, 9, 10] Epoch 24 Finsh | Now_lr 0.0007/0.0007 | Lambda 0.0667 | Train Loss 0.0321 | Domain Loss 3.1171 | Valid Loss 3.3029 | Train Acc 98.8971| Valid Acc 50.8506
[TRAINER2] TestSub: S[6, 7, 8, 9, 10] Epoch 25 Finsh | Now_lr 0.0007/0.0007 | Lambda 0.0679 | Train Loss 0.0310 | Domain Loss 3.1273 | Valid Loss 3.1305 | Train Acc 98.9312| Valid Acc 50.8506
[TRAINER2] TestSub: S[6, 7, 8, 9, 10] Epoch 26 Finsh | Now_lr 0.0007/0.0007 | Lambda 0.0689 | Train Loss 0.0290 | Domain Loss 3.1242 | Valid Loss 3.3083 | Train Acc 99.0090| Valid Acc 52.5030
[TRAINER2] Validation acc increase (51.396341 --> 52.503049) in epoch (26).  Saving model ...
[TRAINER2] TestSub: S[6, 7, 8, 9, 10] Epoch 27 Finsh | Now_lr 0.0007/0.0007 | Lambda 0.0699 | Train Loss 0.0278 | Domain Loss 3.1156 | Valid Loss 3.3757 | Train Acc 99.0558| Valid Acc 50.5884
[TRAINER2] TestSub: S[6, 7, 8, 9, 10] Epoch 28 Finsh | Now_lr 0.0007/0.0007 | Lambda 0.0708 | Train Loss 0.0283 | Domain Loss 3.1033 | Valid Loss 3.2621 | Train Acc 99.0285| Valid Acc 49.8445
[TRAINER2] TestSub: S[6, 7, 8, 9, 10] Epoch 29 Finsh | Now_lr 0.0007/0.0007 | Lambda 0.0717 | Train Loss 0.0264 | Domain Loss 3.1096 | Valid Loss 3.3618 | Train Acc 99.1124| Valid Acc 50.2530
[TRAINER2] TestSub: S[6, 7, 8, 9, 10] Epoch 30 Finsh | Now_lr 0.0007/0.0007 | Lambda 0.0724 | Train Loss 0.0269 | Domain Loss 3.1224 | Valid Loss 3.1538 | Train Acc 99.0953| Valid Acc 52.1220
[TRAINER2] TestSub: S[6, 7, 8, 9, 10] Epoch 31 Finsh | Now_lr 0.0007/0.0007 | Lambda 0.0731 | Train Loss 0.0247 | Domain Loss 3.1139 | Valid Loss 3.4458 | Train Acc 99.1507| Valid Acc 50.5549
[TRAINER2] TestSub: S[6, 7, 8, 9, 10] Epoch 32 Finsh | Now_lr 0.0007/0.0007 | Lambda 0.0737 | Train Loss 0.0239 | Domain Loss 3.1193 | Valid Loss 3.2858 | Train Acc 99.2005| Valid Acc 51.0091
[TRAINER2] TestSub: S[6, 7, 8, 9, 10] Epoch 33 Finsh | Now_lr 0.0007/0.0007 | Lambda 0.0743 | Train Loss 0.0232 | Domain Loss 3.1329 | Valid Loss 3.8910 | Train Acc 99.2084| Valid Acc 49.3415
[TRAINER2] TestSub: S[6, 7, 8, 9, 10] Epoch 34 Finsh | Now_lr 0.0007/0.0007 | Lambda 0.0748 | Train Loss 0.0237 | Domain Loss 3.1366 | Valid Loss 3.2790 | Train Acc 99.2023| Valid Acc 51.2012
[TRAINER2] TestSub: S[6, 7, 8, 9, 10] Epoch 35 Finsh | Now_lr 0.0007/0.0007 | Lambda 0.0753 | Train Loss 0.0216 | Domain Loss 3.1426 | Valid Loss 3.2958 | Train Acc 99.2966| Valid Acc 52.2256
[TRAINER2] TestSub: S[6, 7, 8, 9, 10] Epoch 36 Finsh | Now_lr 0.0007/0.0007 | Lambda 0.0757 | Train Loss 0.0210 | Domain Loss 3.1440 | Valid Loss 3.7388 | Train Acc 99.2947| Valid Acc 50.7805
[TRAINER2] TestSub: S[6, 7, 8, 9, 10] Epoch 37 Finsh | Now_lr 0.0007/0.0007 | Lambda 0.0761 | Train Loss 0.0201 | Domain Loss 3.1476 | Valid Loss 3.9786 | Train Acc 99.3306| Valid Acc 49.6707
[TRAINER2] TestSub: S[6, 7, 8, 9, 10] Epoch 38 Finsh | Now_lr 0.0007/0.0007 | Lambda 0.0765 | Train Loss 0.0192 | Domain Loss 3.1474 | Valid Loss 3.6456 | Train Acc 99.3659| Valid Acc 50.4085
[TRAINER2] TestSub: S[6, 7, 8, 9, 10] Epoch 39 Finsh | Now_lr 0.0007/0.0007 | Lambda 0.0768 | Train Loss 0.0189 | Domain Loss 3.1473 | Valid Loss 3.5897 | Train Acc 99.3568| Valid Acc 50.0976
[TRAINER2] TestSub: S[6, 7, 8, 9, 10] Epoch 40 Finsh | Now_lr 0.0007/0.0007 | Lambda 0.0771 | Train Loss 0.0191 | Domain Loss 3.1514 | Valid Loss 4.0072 | Train Acc 99.3902| Valid Acc 50.4024
[TRAINER2] TestSub: S[6, 7, 8, 9, 10] Epoch 41 Finsh | Now_lr 0.0007/0.0007 | Lambda 0.0774 | Train Loss 0.0189 | Domain Loss 3.1544 | Valid Loss 3.7056 | Train Acc 99.3707| Valid Acc 48.5793
[TRAINER2] TestSub: S[6, 7, 8, 9, 10] Epoch 42 Finsh | Now_lr 0.0007/0.0007 | Lambda 0.0776 | Train Loss 0.0180 | Domain Loss 3.1362 | Valid Loss 3.7276 | Train Acc 99.3847| Valid Acc 49.8323
[TRAINER2] TestSub: S[6, 7, 8, 9, 10] Epoch 43 Finsh | Now_lr 0.0007/0.0007 | Lambda 0.0779 | Train Loss 0.0173 | Domain Loss 3.1476 | Valid Loss 3.9965 | Train Acc 99.4255| Valid Acc 50.5305
[TRAINER2] TestSub: S[6, 7, 8, 9, 10] Epoch 44 Finsh | Now_lr 0.0007/0.0007 | Lambda 0.0781 | Train Loss 0.0180 | Domain Loss 3.1530 | Valid Loss 3.6949 | Train Acc 99.4139| Valid Acc 50.8140
[TRAINER2] TestSub: S[6, 7, 8, 9, 10] Epoch 45 Finsh | Now_lr 0.0007/0.0007 | Lambda 0.0782 | Train Loss 0.0171 | Domain Loss 3.1572 | Valid Loss 3.7233 | Train Acc 99.4230| Valid Acc 51.0061
[TRAINER2] TestSub: S[6, 7, 8, 9, 10] Epoch 46 Finsh | Now_lr 0.0007/0.0007 | Lambda 0.0784 | Train Loss 0.0170 | Domain Loss 3.1473 | Valid Loss 3.4563 | Train Acc 99.4686| Valid Acc 51.2652
[TRAINER2] TestSub: S[6, 7, 8, 9, 10] Epoch 47 Finsh | Now_lr 0.0007/0.0007 | Lambda 0.0786 | Train Loss 0.0163 | Domain Loss 3.1531 | Valid Loss 3.8922 | Train Acc 99.4619| Valid Acc 51.1128
[TRAINER2] TestSub: S[6, 7, 8, 9, 10] Epoch 48 Finsh | Now_lr 0.0007/0.0007 | Lambda 0.0787 | Train Loss 0.0155 | Domain Loss 3.1554 | Valid Loss 3.9743 | Train Acc 99.4844| Valid Acc 50.5183
[TRAINER2] TestSub: S[6, 7, 8, 9, 10] Epoch 49 Finsh | Now_lr 0.0007/0.0007 | Lambda 0.0788 | Train Loss 0.0161 | Domain Loss 3.1457 | Valid Loss 3.8826 | Train Acc 99.4668| Valid Acc 50.0793
[TRAINER2] TestSub: S[6, 7, 8, 9, 10] Epoch 50 Finsh | Now_lr 0.0007/0.0007 | Lambda 0.0789 | Train Loss 0.0149 | Domain Loss 3.1548 | Valid Loss 4.0779 | Train Acc 99.5191| Valid Acc 51.1799
[TRAINER2] TestSub: S[6, 7, 8, 9, 10] Epoch 51 Finsh | Now_lr 0.0007/0.0007 | Lambda 0.0790 | Train Loss 0.0145 | Domain Loss 3.1476 | Valid Loss 3.8634 | Train Acc 99.5069| Valid Acc 49.6677
[TRAINER2] TestSub: S[6, 7, 8, 9, 10] Epoch 52 Finsh | Now_lr 0.0007/0.0007 | Lambda 0.0791 | Train Loss 0.0150 | Domain Loss 3.1470 | Valid Loss 3.7280 | Train Acc 99.4826| Valid Acc 53.0518
[TRAINER2] Validation acc increase (52.503049 --> 53.051829) in epoch (52).  Saving model ...
[TRAINER2] TestSub: S[6, 7, 8, 9, 10] Epoch 53 Finsh | Now_lr 0.0007/0.0007 | Lambda 0.0792 | Train Loss 0.0147 | Domain Loss 3.1555 | Valid Loss 4.0854 | Train Acc 99.5179| Valid Acc 50.8537
[TRAINER2] TestSub: S[6, 7, 8, 9, 10] Epoch 54 Finsh | Now_lr 0.0007/0.0007 | Lambda 0.0793 | Train Loss 0.0149 | Domain Loss 3.1579 | Valid Loss 3.7646 | Train Acc 99.4917| Valid Acc 52.9024
[TRAINER2] TestSub: S[6, 7, 8, 9, 10] Epoch 55 Finsh | Now_lr 0.0007/0.0007 | Lambda 0.0793 | Train Loss 0.0140 | Domain Loss 3.1629 | Valid Loss 4.1442 | Train Acc 99.5325| Valid Acc 51.8933
[TRAINER2] TestSub: S[6, 7, 8, 9, 10] Epoch 56 Finsh | Now_lr 0.0007/0.0007 | Lambda 0.0794 | Train Loss 0.0141 | Domain Loss 3.1607 | Valid Loss 3.7277 | Train Acc 99.5501| Valid Acc 51.3140
[TRAINER2] TestSub: S[6, 7, 8, 9, 10] Epoch 57 Finsh | Now_lr 0.0007/0.0007 | Lambda 0.0795 | Train Loss 0.0126 | Domain Loss 3.1591 | Valid Loss 4.0852 | Train Acc 99.5738| Valid Acc 51.5244
[TRAINER2] TestSub: S[6, 7, 8, 9, 10] Epoch 58 Finsh | Now_lr 0.0007/0.0007 | Lambda 0.0795 | Train Loss 0.0126 | Domain Loss 3.1580 | Valid Loss 3.7545 | Train Acc 99.5762| Valid Acc 51.7165
[TRAINER2] TestSub: S[6, 7, 8, 9, 10] Epoch 59 Finsh | Now_lr 0.0007/0.0007 | Lambda 0.0796 | Train Loss 0.0139 | Domain Loss 3.1540 | Valid Loss 3.5654 | Train Acc 99.5477| Valid Acc 52.9665
[TRAINER2] TestSub: S[6, 7, 8, 9, 10] Epoch 60 Finsh | Now_lr 0.0007/0.0007 | Lambda 0.0796 | Train Loss 0.0130 | Domain Loss 3.1586 | Valid Loss 3.7655 | Train Acc 99.5714| Valid Acc 51.6616
[TRAINER2] TestSub: S[6, 7, 8, 9, 10] Epoch 61 Finsh | Now_lr 0.0007/0.0007 | Lambda 0.0796 | Train Loss 0.0130 | Domain Loss 3.1571 | Valid Loss 3.8762 | Train Acc 99.5714| Valid Acc 52.6768
[TRAINER2] TestSub: S[6, 7, 8, 9, 10] Epoch 62 Finsh | Now_lr 0.0007/0.0007 | Lambda 0.0797 | Train Loss 0.0124 | Domain Loss 3.1642 | Valid Loss 3.6659 | Train Acc 99.5957| Valid Acc 52.1524
[TRAINER2] TestSub: S[6, 7, 8, 9, 10] Epoch 63 Finsh | Now_lr 0.0007/0.0007 | Lambda 0.0797 | Train Loss 0.0133 | Domain Loss 3.1660 | Valid Loss 3.4991 | Train Acc 99.5477| Valid Acc 53.1799
[TRAINER2] oss 0.0543 | Domain Loss 3.0122 | Valid Loss 4.0827 | Train Acc 98.0706| Valid Acc 51.5594
[TRAINER1] TestSub: S[11, 12, 13, 14, 15] Epoch 17 Finsh | Now_lr 0.0010/0.0010 | Lambda 0.0553 | Train Loss 0.0515 | Domain Loss 3.0132 | Valid Loss 4.1607 | Train Acc 98.1911| Valid Acc 49.1516
[TRAINER1] TestSub: S[11, 12, 13, 14, 15] Epoch 18 Finsh | Now_lr 0.0010/0.0010 | Lambda 0.0573 | Train Loss 0.0510 | Domain Loss 3.0254 | Valid Loss 3.6043 | Train Acc 98.1850| Valid Acc 50.5219
[TRAINER1] TestSub: S[11, 12, 13, 14, 15] Epoch 19 Finsh | Now_lr 0.0010/0.0010 | Lambda 0.0592 | Train Loss 0.0435 | Domain Loss 3.0589 | Valid Loss 3.8280 | Train Acc 98.4509| Valid Acc 49.4049
[TRAINER1] TestSub: S[11, 12, 13, 14, 15] Epoch 20 Finsh | Now_lr 0.0010/0.0010 | Lambda 0.0609 | Train Loss 0.0427 | Domain Loss 3.0853 | Valid Loss 4.1191 | Train Acc 98.4850| Valid Acc 50.8057
[TRAINER1] TestSub: S[11, 12, 13, 14, 15] Epoch 21 Finsh | Now_lr 0.0010/0.0010 | Lambda 0.0625 | Train Loss 0.0420 | Domain Loss 3.0834 | Valid Loss 3.6637 | Train Acc 98.5294| Valid Acc 50.1343
[TRAINER1] TestSub: S[11, 12, 13, 14, 15] Epoch 22 Finsh | Now_lr 0.0010/0.0010 | Lambda 0.0640 | Train Loss 0.0396 | Domain Loss 3.0773 | Valid Loss 4.0619 | Train Acc 98.6419| Valid Acc 49.3347
[TRAINER1] TestSub: S[11, 12, 13, 14, 15] Epoch 23 Finsh | Now_lr 0.0010/0.0010 | Lambda 0.0654 | Train Loss 0.0365 | Domain Loss 3.1038 | Valid Loss 3.8638 | Train Acc 98.7283| Valid Acc 49.7040
[TRAINER1] TestSub: S[11, 12, 13, 14, 15] Epoch 24 Finsh | Now_lr 0.0010/0.0010 | Lambda 0.0667 | Train Loss 0.0358 | Domain Loss 3.0881 | Valid Loss 3.9818 | Train Acc 98.7393| Valid Acc 51.5564
[TRAINER1] TestSub: S[11, 12, 13, 14, 15] Epoch 25 Finsh | Now_lr 0.0010/0.0010 | Lambda 0.0679 | Train Loss 0.0367 | Domain Loss 3.1005 | Valid Loss 3.6962 | Train Acc 98.7289| Valid Acc 49.9969
[TRAINER1] TestSub: S[11, 12, 13, 14, 15] Epoch 26 Finsh | Now_lr 0.0010/0.0010 | Lambda 0.0689 | Train Loss 0.0350 | Domain Loss 3.1111 | Valid Loss 3.7376 | Train Acc 98.7861| Valid Acc 52.3285
[TRAINER1] Validation acc increase (51.904297 --> 52.328491) in epoch (26).  Saving model ...
[TRAINER1] TestSub: S[11, 12, 13, 14, 15] Epoch 27 Finsh | Now_lr 0.0010/0.0010 | Lambda 0.0699 | Train Loss 0.0309 | Domain Loss 3.0912 | Valid Loss 3.8271 | Train Acc 98.9090| Valid Acc 51.5503
[TRAINER1] TestSub: S[11, 12, 13, 14, 15] Epoch 28 Finsh | Now_lr 0.0010/0.0010 | Lambda 0.0708 | Train Loss 0.0317 | Domain Loss 3.0919 | Valid Loss 3.9017 | Train Acc 98.9115| Valid Acc 51.6510
[TRAINER1] TestSub: S[11, 12, 13, 14, 15] Epoch 29 Finsh | Now_lr 0.0010/0.0010 | Lambda 0.0717 | Train Loss 0.0292 | Domain Loss 3.1093 | Valid Loss 3.8965 | Train Acc 98.9875| Valid Acc 51.5869
[TRAINER1] TestSub: S[11, 12, 13, 14, 15] Epoch 30 Finsh | Now_lr 0.0010/0.0010 | Lambda 0.0724 | Train Loss 0.0275 | Domain Loss 3.1100 | Valid Loss 4.3740 | Train Acc 99.0770| Valid Acc 49.4202
[TRAINER1] TestSub: S[11, 12, 13, 14, 15] Epoch 31 Finsh | Now_lr 0.0010/0.0010 | Lambda 0.0731 | Train Loss 0.0268 | Domain Loss 3.0929 | Valid Loss 4.1158 | Train Acc 99.0885| Valid Acc 49.9878
[TRAINER1] TestSub: S[11, 12, 13, 14, 15] Epoch 32 Finsh | Now_lr 0.0010/0.0010 | Lambda 0.0737 | Train Loss 0.0299 | Domain Loss 3.1121 | Valid Loss 4.0473 | Train Acc 98.9662| Valid Acc 49.8657
[TRAINER1] TestSub: S[11, 12, 13, 14, 15] Epoch 33 Finsh | Now_lr 0.0010/0.0010 | Lambda 0.0743 | Train Loss 0.0267 | Domain Loss 3.1166 | Valid Loss 3.7658 | Train Acc 99.0867| Valid Acc 50.0488
[TRAINER1] TestSub: S[11, 12, 13, 14, 15] Epoch 34 Finsh | Now_lr 0.0010/0.0010 | Lambda 0.0748 | Train Loss 0.0247 | Domain Loss 3.1235 | Valid Loss 3.8691 | Train Acc 99.1707| Valid Acc 50.7111
[TRAINER1] TestSub: S[11, 12, 13, 14, 15] Epoch 35 Finsh | Now_lr 0.0010/0.0010 | Lambda 0.0753 | Train Loss 0.0266 | Domain Loss 3.1118 | Valid Loss 4.0582 | Train Acc 99.0612| Valid Acc 49.5209
[TRAINER1] TestSub: S[11, 12, 13, 14, 15] Epoch 36 Finsh | Now_lr 0.0010/0.0010 | Lambda 0.0757 | Train Loss 0.0241 | Domain Loss 3.1226 | Valid Loss 3.7523 | Train Acc 99.1774| Valid Acc 51.4832
[TRAINER1] TestSub: S[11, 12, 13, 14, 15] Epoch 37 Finsh | Now_lr 0.0010/0.0010 | Lambda 0.0761 | Train Loss 0.0241 | Domain Loss 3.1381 | Valid Loss 3.9938 | Train Acc 99.1536| Valid Acc 50.4089
[TRAINER1] TestSub: S[11, 12, 13, 14, 15] Epoch 38 Finsh | Now_lr 0.0010/0.0010 | Lambda 0.0765 | Train Loss 0.0224 | Domain Loss 3.1353 | Valid Loss 3.9268 | Train Acc 99.2480| Valid Acc 49.8688
[TRAINER1] TestSub: S[11, 12, 13, 14, 15] Epoch 39 Finsh | Now_lr 0.0010/0.0010 | Lambda 0.0768 | Train Loss 0.0236 | Domain Loss 3.1321 | Valid Loss 3.8614 | Train Acc 99.2054| Valid Acc 50.0610
[TRAINER1] TestSub: S[11, 12, 13, 14, 15] Epoch 40 Finsh | Now_lr 0.0010/0.0010 | Lambda 0.0771 | Train Loss 0.0202 | Domain Loss 3.1410 | Valid Loss 4.1268 | Train Acc 99.3222| Valid Acc 49.1638
[TRAINER1] TestSub: S[11, 12, 13, 14, 15] Epoch 41 Finsh | Now_lr 0.0010/0.0010 | Lambda 0.0774 | Train Loss 0.0226 | Domain Loss 3.1347 | Valid Loss 3.9454 | Train Acc 99.2315| Valid Acc 50.8636
[TRAINER1] TestSub: S[11, 12, 13, 14, 15] Epoch 42 Finsh | Now_lr 0.0010/0.0010 | Lambda 0.0776 | Train Loss 0.0213 | Domain Loss 3.1436 | Valid Loss 4.0487 | Train Acc 99.3003| Valid Acc 50.5707
[TRAINER1] TestSub: S[11, 12, 13, 14, 15] Epoch 43 Finsh | Now_lr 0.0010/0.0010 | Lambda 0.0779 | Train Loss 0.0203 | Domain Loss 3.1325 | Valid Loss 3.9574 | Train Acc 99.3112| Valid Acc 51.2787
[TRAINER1] TestSub: S[11, 12, 13, 14, 15] Epoch 44 Finsh | Now_lr 0.0010/0.0010 | Lambda 0.0781 | Train Loss 0.0219 | Domain Loss 3.1337 | Valid Loss 3.7081 | Train Acc 99.2735| Valid Acc 49.3652
[TRAINER1] TestSub: S[11, 12, 13, 14, 15] Epoch 45 Finsh | Now_lr 0.0010/0.0010 | Lambda 0.0782 | Train Loss 0.0186 | Domain Loss 3.1297 | Valid Loss 3.9747 | Train Acc 99.3940| Valid Acc 50.4700
[TRAINER1] TestSub: S[11, 12, 13, 14, 15] Epoch 46 Finsh | Now_lr 0.0010/0.0010 | Lambda 0.0784 | Train Loss 0.0197 | Domain Loss 3.1225 | Valid Loss 3.4133 | Train Acc 99.3246| Valid Acc 52.4750
[TRAINER1] Validation acc increase (52.328491 --> 52.474976) in epoch (46).  Saving model ...
[TRAINER1] TestSub: S[11, 12, 13, 14, 15] Epoch 47 Finsh | Now_lr 0.0010/0.0010 | Lambda 0.0786 | Train Loss 0.0185 | Domain Loss 3.1394 | Valid Loss 4.0473 | Train Acc 99.3435| Valid Acc 50.0610
[TRAINER1] TestSub: S[11, 12, 13, 14, 15] Epoch 48 Finsh | Now_lr 0.0010/0.0010 | Lambda 0.0787 | Train Loss 0.0178 | Domain Loss 3.1477 | Valid Loss 4.1969 | Train Acc 99.3995| Valid Acc 48.1750
[TRAINER1] TestSub: S[11, 12, 13, 14, 15] Epoch 49 Finsh | Now_lr 0.0010/0.0010 | Lambda 0.0788 | Train Loss 0.0172 | Domain Loss 3.1566 | Valid Loss 3.9371 | Train Acc 99.4062| Valid Acc 49.7559
[TRAINER1] TestSub: S[11, 12, 13, 14, 15] Epoch 50 Finsh | Now_lr 0.0010/0.0010 | Lambda 0.0789 | Train Loss 0.0176 | Domain Loss 3.1689 | Valid Loss 4.0692 | Train Acc 99.4062| Valid Acc 49.0662
[TRAINER1] TestSub: S[11, 12, 13, 14, 15] Epoch 51 Finsh | Now_lr 0.0010/0.0010 | Lambda 0.0790 | Train Loss 0.0173 | Domain Loss 3.1630 | Valid Loss 3.7672 | Train Acc 99.3976| Valid Acc 50.3662
[TRAINER1] TestSub: S[11, 12, 13, 14, 15] Epoch 52 Finsh | Now_lr 0.0010/0.0010 | Lambda 0.0791 | Train Loss 0.0168 | Domain Loss 3.1730 | Valid Loss 3.8977 | Train Acc 99.4262| Valid Acc 52.5665
[TRAINER1] Validation acc increase (52.474976 --> 52.566528) in epoch (52).  Saving model ...
[TRAINER1] TestSub: S[11, 12, 13, 14, 15] Epoch 53 Finsh | Now_lr 0.0010/0.0010 | Lambda 0.0792 | Train Loss 0.0168 | Domain Loss 3.1749 | Valid Loss 3.9424 | Train Acc 99.4390| Valid Acc 50.2014
[TRAINER1] TestSub: S[11, 12, 13, 14, 15] Epoch 54 Finsh | Now_lr 0.0010/0.0010 | Lambda 0.0793 | Train Loss 0.0148 | Domain Loss 3.1727 | Valid Loss 3.9936 | Train Acc 99.4907| Valid Acc 49.4873
[TRAINER1] TestSub: S[11, 12, 13, 14, 15] Epoch 55 Finsh | Now_lr 0.0010/0.0010 | Lambda 0.0793 | Train Loss 0.0150 | Domain Loss 3.1637 | Valid Loss 3.7424 | Train Acc 99.4834| Valid Acc 50.0305
[TRAINER1] TestSub: S[11, 12, 13, 14, 15] Epoch 56 Finsh | Now_lr 0.0010/0.0010 | Lambda 0.0794 | Train Loss 0.0165 | Domain Loss 3.1682 | Valid Loss 3.9825 | Train Acc 99.449| Lambda 0.1393 | Train Loss 0.1127 | Domain Loss 3.2082 | Valid Loss 2.5014 | Train Acc 95.7685| Valid Acc 46.6257
[TRAINER3] TestSub: S[6, 7, 8, 9, 10] Epoch 34 Finsh | Now_lr 0.0100/0.0100 | Lambda 0.1403 | Train Loss 0.1077 | Domain Loss 3.2100 | Valid Loss 2.3798 | Train Acc 95.9649| Valid Acc 48.1973
[TRAINER3] TestSub: S[6, 7, 8, 9, 10] Epoch 35 Finsh | Now_lr 0.0100/0.0100 | Lambda 0.1412 | Train Loss 0.1050 | Domain Loss 3.2094 | Valid Loss 2.5491 | Train Acc 96.0615| Valid Acc 47.5924
[TRAINER3] TestSub: S[6, 7, 8, 9, 10] Epoch 36 Finsh | Now_lr 0.0100/0.0100 | Lambda 0.1420 | Train Loss 0.1007 | Domain Loss 3.2092 | Valid Loss 2.3642 | Train Acc 96.2427| Valid Acc 47.4495
[TRAINER3] TestSub: S[6, 7, 8, 9, 10] Epoch 37 Finsh | Now_lr 0.0100/0.0100 | Lambda 0.1428 | Train Loss 0.1004 | Domain Loss 3.2109 | Valid Loss 2.1963 | Train Acc 96.2932| Valid Acc 48.7840
[TRAINER3] Early stopping triggered after 37 epochs (30 epochs without improvement)
[TRAINER3] --------------------------------------------------
[TRAINER3] Test_Subject :S[6, 7, 8, 9, 10] |Best epoch:7 | Test Loss:1.7296 | Best Acc 51.8695 | Savemodel Acc 51.8695
[TRAINER3] --------------------------------------------------
[TRAINER3] 
[TRAINER3] ========== Fold 3 ==========
[TRAINER3] Train IDs: [1, 2, 3, 4, 5, 6, 7, 8, 9, 10, 16, 17, 18, 19, 20, 21, 22, 23, 24, 25, 26, 27, 28, 29, 30]
[TRAINER3] Val IDs:   [11, 12, 13, 14, 15]
[TRAINER3] train_data_shape(164500, 32, 128),val_data_shape(32900, 32, 128)
[TRAINER3] =================================================================
[TRAINER3] Layer (type:depth-idx)                   Param #
[TRAINER3] =================================================================
[TRAINER3] DARNet                                   --
[TRAINER3] ├─TokenEmbedding: 1-1                    --
[TRAINER3] │    └─Sequential: 2-1                   --
[TRAINER3] │    │    └─Conv2d: 3-1                  576
[TRAINER3] │    │    └─BatchNorm2d: 3-2             128
[TRAINER3] │    │    └─GELU: 3-3                    --
[TRAINER3] │    └─Sequential: 2-2                   --
[TRAINER3] │    │    └─Conv2d: 3-4                  32,784
[TRAINER3] │    │    └─BatchNorm2d: 3-5             32
[TRAINER3] │    │    └─GELU: 3-6                    --
[TRAINER3] │    └─PositionalEmbedding: 2-3          --
[TRAINER3] ├─Flatten: 1-2                           --
[TRAINER3] ├─Linear: 1-3                            18
[TRAINER3] ├─AttnRefine: 1-4                        --
[TRAINER3] │    └─MyAttention: 2-4                  --
[TRAINER3] │    │    └─Attention: 3-7               800
[TRAINER3] │    └─Refine: 2-5                       --
[TRAINER3] │    │    └─Conv1d: 3-8                  784
[TRAINER3] │    │    └─BatchNorm1d: 3-9             32
[TRAINER3] │    │    └─ELU: 3-10                    --
[TRAINER3] │    │    └─MaxPool1d: 3-11              --
[TRAINER3] │    └─AdaptiveAvgPool1d: 2-6            --
[TRAINER3] │    └─Linear: 2-7                       68
[TRAINER3] │    └─Flatten: 2-8                      --
[TRAINER3] ├─AttnRefine: 1-5                        --
[TRAINER3] │    └─MyAttention: 2-9                  --
[TRAINER3] │    │    └─Attention: 3-12              800
[TRAINER3] │    └─Refine: 2-10                      --
[TRAINER3] │    │    └─Conv1d: 3-13                 784
[TRAINER3] │    │    └─BatchNorm1d: 3-14            32
[TRAINER3] │    │    └─ELU: 3-15                    --
[TRAINER3] │    │    └─MaxPool1d: 3-16              --
[TRAINER3] │    └─AdaptiveAvgPool1d: 2-11           --
[TRAINER3] │    └─Linear: 2-12                      68
[TRAINER3] │    └─Flatten: 2-13                     --
[TRAINER3] ├─GradientReversalLayer: 1-6             --
[TRAINER3] ├─SubjectDiscriminator: 1-7              --
[TRAINER3] │    └─Sequential: 2-14                  --
[TRAINER3] │    │    └─Linear: 3-17                 2,304
[TRAINER3] │    │    └─ReLU: 3-18                   --
[TRAINER3] │    │    └─Dropout: 3-19                --
[TRAINER3] │    │    └─Linear: 3-20                 32,896
[TRAINER3] │    │    └─ReLU: 3-21                   --
[TRAINER3] │    │    └─Dropout: 3-22                --
[TRAINER3] │    │    └─Linear: 3-23                 3,870
[TRAINER3] =================================================================
[TRAINER3] Total params: 75,976
[TRAINER3] Trainable params: 75,976
[TRAINER3] Non-trainable params: 0
[TRAINER3] =================================================================
[TRAINER3] TestSub: S[11, 12, 13, 14, 15] Epoch  1 Finsh | Now_lr 0.0100/0.0100 | Lambda 0.0075 | Train Loss 0.5134 | Domain Loss 3.1496 | Valid Loss 1.2954 | Train Acc 72.4039| Valid Acc 48.3615
[TRAINER3] Validation acc increase (0.000000 --> 48.361503) in epoch (1).  Saving model ...
[TRAINER3] TestSub: S[11, 12, 13, 14, 15] Epoch  2 Finsh | Now_lr 0.0100/0.0100 | Lambda 0.0150 | Train Loss 0.3482 | Domain Loss 3.1065 | Valid Loss 1.5099 | Train Acc 84.2540| Valid Acc 46.6713
[TRAINER3] TestSub: S[11, 12, 13, 14, 15] Epoch  3 Finsh | Now_lr 0.0100/0.0100 | Lambda 0.0223 | Train Loss 0.3024 | Domain Loss 3.1268 | Valid Loss 1.5695 | Train Acc 86.9090| Valid Acc 49.3920
[TRAINER3] Validation acc increase (48.361503 --> 49.392023) in epoch (3).  Saving model ...
[TRAINER3] TestSub: S[11, 12, 13, 14, 15] Epoch  4 Finsh | Now_lr 0.0100/0.0100 | Lambda 0.0296 | Train Loss 0.2806 | Domain Loss 3.1427 | Valid Loss 1.8863 | Train Acc 88.0745| Valid Acc 47.5590
[TRAINER3] TestSub: S[11, 12, 13, 14, 15] Epoch  5 Finsh | Now_lr 0.0100/0.0100 | Lambda 0.0367 | Train Loss 0.2675 | Domain Loss 3.1486 | Valid Loss 2.0678 | Train Acc 88.7725| Valid Acc 47.9754
[TRAINER3] TestSub: S[11, 12, 13, 14, 15] Epoch  6 Finsh | Now_lr 0.0100/0.0100 | Lambda 0.0437 | Train Loss 0.2564 | Domain Loss 3.1653 | Valid Loss 2.0088 | Train Acc 89.2443| Valid Acc 46.5649
[TRAINER3] TestSub: S[11, 12, 13, 14, 15] Epoch  7 Finsh | Now_lr 0.0100/0.0100 | Lambda 0.0505 | Train Loss 0.2486 | Domain Loss 3.1726 | Valid Loss 2.1425 | Train Acc 89.6638| Valid Acc 45.9326
[TRAINER3] TestSub: S[11, 12, 13, 14, 15] Epoch  8 Finsh | Now_lr 0.0100/0.0100 | Lambda 0.0570 | Train Loss 0.2445 | Domain Loss 3.1842 | Valid Loss 2.2734 | Train Acc 89.9058| Valid Acc 46.5041
[TRAINER3] TestSub: S[11, 12, 13, 14, 15] Epoch  9 Finsh | Now_lr 0.0100/0.0100 | Lambda 0.0633 | Train Loss 0.2409 | Domain Loss 3.1887 | Valid Loss 2.1622 | Train Acc 90.1988| Valid Acc 47.6593
[TRAINER3] TestSub: S[11, 12, 13, 14, 15] Epoch 10 Finsh | Now_lr 0.0100/0.0100 | Lambda 0.0693 | Train Loss 0.2361 | Domain Loss 3.1911 | Valid Loss 2.3976 | Train Acc 90.3429| Valid Acc 44.1452
[TRAINER3] TestSub: S[11, 12, 13, 14, 15] Epoch 11 Finsh | Now_lr 0.0100/0.0100 | Lambda 0.0751 | Train Loss 0.2299 | Domain Loss 3.1905 | Valid Loss 1.9257 | Train Acc 90.6578| Valid Acc 44.1513
[TRAINER3] TestSub: S[11, 12, 13, 14, 15] Epoch 12 Finsh | Now_lr 0.0100/0.0100 | Lambda 0.0806 | Train Loss 0.2230 | Domain Loss 3.1957 | Valid Loss 2.1769 | Train Acc 90.8761| Valid Acc 47.1911
[TRAINER3] TestSub: S[11, 12, 13, 14, 15] Epoch 13 Finsh | Now_lr 0.0100/0.0100 | Lambda 0.0858 | Train Loss 0.2148 | Domain Loss 3.1977 | Valid Loss 2.4087 | Train Acc 91.3205| Valid Acc 47.7018
[TRAINER3] TestSub: S[11, 12, 13, 14, 15] Epoch 14 Finsh | Now_lr 0.0100/0.0100 | Lambda 0.0907 | Train Loss 0.2023 | Domain Loss 3.2005 | Valid Loss 2.2856 | Train Acc 91.9133| Valid Acc 47.0088
[TRAINER3] TestSub: S[11, 12, 13, 14, 15] Epoch 15 Finsh | Now_lr 0.0100/0.0100 | Lambda 0.0953 | Train Loss 0.1941 | Domain Loss 3.2014 | Valid Loss 2.2566 | Train Acc 92.2489| Valid Acc 46.7990
[TRAINER3] TestSub: S[11, 12, 13, 14, 15] Epoch 16 Finsh | Now_lr 0.0100/0.0100 | Lambda 0.0996 | Train Loss 0.1846 | Domain Loss 3.2017 | Valid Loss 2.3078 | Train Acc 92.6642| Valid Acc 44.8140
[TRAINER3] TestSub: S[11, 12, 13, 14, 15] Epoch 17 Finsh | Now_lr 0.0100/0.0100 | Lambda 0.1037 | Train Loss 0.17estSub: S[6, 7, 8, 9, 10] Epoch 27 Finsh | Now_lr 0.0005/0.0005 | Lambda 0.0874 | Train Loss 0.0248 | Domain Loss 3.1794 | Valid Loss 3.5445 | Train Acc 99.1671| Valid Acc 50.7326
[TRAINER5] TestSub: S[6, 7, 8, 9, 10] Epoch 28 Finsh | Now_lr 0.0005/0.0005 | Lambda 0.0885 | Train Loss 0.0245 | Domain Loss 3.1735 | Valid Loss 3.6828 | Train Acc 99.1592| Valid Acc 49.5045
[TRAINER5] TestSub: S[6, 7, 8, 9, 10] Epoch 29 Finsh | Now_lr 0.0005/0.0005 | Lambda 0.0896 | Train Loss 0.0243 | Domain Loss 3.1747 | Valid Loss 3.3642 | Train Acc 99.1573| Valid Acc 54.0218
[TRAINER5] Validation acc increase (53.204037 --> 54.021766) in epoch (29).  Saving model ...
[TRAINER5] TestSub: S[6, 7, 8, 9, 10] Epoch 30 Finsh | Now_lr 0.0005/0.0005 | Lambda 0.0905 | Train Loss 0.0220 | Domain Loss 3.1742 | Valid Loss 3.5239 | Train Acc 99.2650| Valid Acc 51.5929
[TRAINER5] TestSub: S[6, 7, 8, 9, 10] Epoch 31 Finsh | Now_lr 0.0005/0.0005 | Lambda 0.0914 | Train Loss 0.0228 | Domain Loss 3.1815 | Valid Loss 3.5466 | Train Acc 99.2260| Valid Acc 51.2707
[TRAINER5] TestSub: S[6, 7, 8, 9, 10] Epoch 32 Finsh | Now_lr 0.0005/0.0005 | Lambda 0.0922 | Train Loss 0.0216 | Domain Loss 3.1844 | Valid Loss 3.5372 | Train Acc 99.2321| Valid Acc 51.6020
[TRAINER5] TestSub: S[6, 7, 8, 9, 10] Epoch 33 Finsh | Now_lr 0.0005/0.0005 | Lambda 0.0929 | Train Loss 0.0206 | Domain Loss 3.1872 | Valid Loss 3.7256 | Train Acc 99.3203| Valid Acc 49.6869
[TRAINER5] TestSub: S[6, 7, 8, 9, 10] Epoch 34 Finsh | Now_lr 0.0005/0.0005 | Lambda 0.0935 | Train Loss 0.0201 | Domain Loss 3.1914 | Valid Loss 3.7903 | Train Acc 99.3160| Valid Acc 49.7082
[TRAINER5] TestSub: S[6, 7, 8, 9, 10] Epoch 35 Finsh | Now_lr 0.0005/0.0005 | Lambda 0.0941 | Train Loss 0.0194 | Domain Loss 3.1883 | Valid Loss 3.6123 | Train Acc 99.3403| Valid Acc 50.1976
[TRAINER5] TestSub: S[6, 7, 8, 9, 10] Epoch 36 Finsh | Now_lr 0.0005/0.0005 | Lambda 0.0947 | Train Loss 0.0190 | Domain Loss 3.1857 | Valid Loss 3.9112 | Train Acc 99.3574| Valid Acc 48.3889
[TRAINER5] TestSub: S[6, 7, 8, 9, 10] Epoch 37 Finsh | Now_lr 0.0005/0.0005 | Lambda 0.0952 | Train Loss 0.0183 | Domain Loss 3.1884 | Valid Loss 3.7091 | Train Acc 99.3726| Valid Acc 49.5896
[TRAINER5] TestSub: S[6, 7, 8, 9, 10] Epoch 38 Finsh | Now_lr 0.0005/0.0005 | Lambda 0.0956 | Train Loss 0.0169 | Domain Loss 3.1981 | Valid Loss 3.6242 | Train Acc 99.4492| Valid Acc 49.7416
[TRAINER5] TestSub: S[6, 7, 8, 9, 10] Epoch 39 Finsh | Now_lr 0.0005/0.0005 | Lambda 0.0960 | Train Loss 0.0176 | Domain Loss 3.1974 | Valid Loss 3.5929 | Train Acc 99.3811| Valid Acc 48.5682
[TRAINER5] TestSub: S[6, 7, 8, 9, 10] Epoch 40 Finsh | Now_lr 0.0005/0.0005 | Lambda 0.0964 | Train Loss 0.0163 | Domain Loss 3.2029 | Valid Loss 3.7013 | Train Acc 99.4589| Valid Acc 50.0456
[TRAINER5] TestSub: S[6, 7, 8, 9, 10] Epoch 41 Finsh | Now_lr 0.0005/0.0005 | Lambda 0.0967 | Train Loss 0.0154 | Domain Loss 3.2052 | Valid Loss 3.8228 | Train Acc 99.4717| Valid Acc 49.4072
[TRAINER5] TestSub: S[6, 7, 8, 9, 10] Epoch 42 Finsh | Now_lr 0.0005/0.0005 | Lambda 0.0970 | Train Loss 0.0152 | Domain Loss 3.2037 | Valid Loss 3.4977 | Train Acc 99.5185| Valid Acc 50.1642
[TRAINER5] TestSub: S[6, 7, 8, 9, 10] Epoch 43 Finsh | Now_lr 0.0005/0.0005 | Lambda 0.0973 | Train Loss 0.0157 | Domain Loss 3.2039 | Valid Loss 3.7172 | Train Acc 99.4686| Valid Acc 49.2856
[TRAINER5] TestSub: S[6, 7, 8, 9, 10] Epoch 44 Finsh | Now_lr 0.0005/0.0005 | Lambda 0.0976 | Train Loss 0.0158 | Domain Loss 3.2004 | Valid Loss 3.6711 | Train Acc 99.4759| Valid Acc 48.8844
[TRAINER5] TestSub: S[6, 7, 8, 9, 10] Epoch 45 Finsh | Now_lr 0.0005/0.0005 | Lambda 0.0978 | Train Loss 0.0154 | Domain Loss 3.1961 | Valid Loss 3.5905 | Train Acc 99.4820| Valid Acc 49.6139
[TRAINER5] TestSub: S[6, 7, 8, 9, 10] Epoch 46 Finsh | Now_lr 0.0005/0.0005 | Lambda 0.0980 | Train Loss 0.0151 | Domain Loss 3.1910 | Valid Loss 3.8947 | Train Acc 99.4893| Valid Acc 49.9787
[TRAINER5] TestSub: S[6, 7, 8, 9, 10] Epoch 47 Finsh | Now_lr 0.0005/0.0005 | Lambda 0.0982 | Train Loss 0.0144 | Domain Loss 3.1943 | Valid Loss 3.6109 | Train Acc 99.5294| Valid Acc 51.4591
[TRAINER5] TestSub: S[6, 7, 8, 9, 10] Epoch 48 Finsh | Now_lr 0.0005/0.0005 | Lambda 0.0984 | Train Loss 0.0138 | Domain Loss 3.1983 | Valid Loss 3.8274 | Train Acc 99.5240| Valid Acc 50.0608
[TRAINER5] TestSub: S[6, 7, 8, 9, 10] Epoch 49 Finsh | Now_lr 0.0005/0.0005 | Lambda 0.0985 | Train Loss 0.0129 | Domain Loss 3.2003 | Valid Loss 4.0605 | Train Acc 99.5775| Valid Acc 48.9512
[TRAINER5] TestSub: S[6, 7, 8, 9, 10] Epoch 50 Finsh | Now_lr 0.0005/0.0005 | Lambda 0.0987 | Train Loss 0.0126 | Domain Loss 3.2013 | Valid Loss 4.0225 | Train Acc 99.5714| Valid Acc 50.1490
[TRAINER5] TestSub: S[6, 7, 8, 9, 10] Epoch 51 Finsh | Now_lr 0.0005/0.0005 | Lambda 0.0988 | Train Loss 0.0137 | Domain Loss 3.2002 | Valid Loss 3.9554 | Train Acc 99.5550| Valid Acc 49.4194
[TRAINER5] TestSub: S[6, 7, 8, 9, 10] Epoch 52 Finsh | Now_lr 0.0005/0.0005 | Lambda 0.0989 | Train Loss 0.0132 | Domain Loss 3.2000 | Valid Loss 4.0419 | Train Acc 99.5738| Valid Acc 49.3464
[TRAINER5] TestSub: S[6, 7, 8, 9, 10] Epoch 53 Finsh | Now_lr 0.0005/0.0005 | Lambda 0.0990 | Train Loss 0.0125 | Domain Loss 3.2037 | Valid Loss 3.8270 | Train Acc 99.5823| Valid Acc 49.5197
[TRAINER5] TestSub: S[6, 7, 8, 9, 10] Epoch 54 Finsh | Now_lr 0.0005/0.0005 | Lambda 0.0991 | Train Loss 0.0120 | Domain Loss 3.2002 | Valid Loss 4.2591 | Train Acc 99.6164| Valid Acc 49.6899
[TRAINER5] TestSub: S[6, 7, 8, 9, 10] Epoch 55 Finsh | Now_lr 0.0005/0.0005 | Lambda 0.0992 | Train Loss 0.0123 | Domain Loss 3.1966 | Valid Loss 4.2265 | Train Acc 99.5890| Valid Acc 48.8965
[TRAINER5] TestSub: S[6, 7, 8, 9, 10] Epoch 56 Finsh | Now_lr 0.0005/0.0005 | Lambda 0.0993 | Train Loss 0.0121 | Domain Loss 3.2077 | Valid Loss 3.9664 | Train Acc 99.5975| Valid Acc 49.4407
[TRAINER5] TestSub: S[6, 7, 8, 9, 10] Epoch 57 Finsh | Now_lr 0.0005/0.0005 | Lambda 0.0993 | Train Loss 0.0116 | Domain Loss 3.2043 | Valid Loss 4.1296 | Train Acc 99.6212| Valid Acc 50.7387
[TRAINER5] TestSub: S[6, 7, 8, 9, 10] Epoch 58 Finsh | Now_lr 0.0005/0.0005 | Lambda 0.0994 | Train Loss 0.0114 | Domain Loss 3.2043 | Valid Loss 4.1577 | Train Acc 99.6316| Valid Acc 49.2643
[TRAINER5] TestSub: S[6, 7, 8, 9, 10] Epoch 59 Finsh | Now_lr 0.0005/0.0005 | Lambda 0.0995 | Train Loss 0.0110 | Domain Loss 3.2016 | Valid Loss 3.9123 | Train Acc 99.6614| Valid Acc 50.8876
[TRAINER5] Early stopping triggered after 59 epochs (30 epochs without improvement)
[TRAINER5] --------------------------------------------------
[TRAINER5] Test_Subject :S[6, 7, 8, 9, 10] |Best epoch:29 | Test Loss:3.3642 | Best Acc 54.0218 | Savemodel Acc 54.0218
[TRAINER5] --------------------------------------------------
[TRAINER5] 
[TRAINER5] ========== Fold 3 ==========
[TRAINER5] Train IDs: [1, 2, 3, 4, 5, 6, 7, 8, 9, 10, 16, 17, 18, 19, 20, 21, 22, 23, 24, 25, 26, 27, 28, 29, 30]
[TRAINER5] Val IDs:   [11, 12, 13, 14, 15]
[TRAINER5] train_data_shape(164500, 32, 128),val_data_shape(32900, 32, 128)
[TRAINER5] =================================================================
[TRAINER5] Layer (type:depth-idx)                   Param #
[TRAINER5] =================================================================
[TRAINER5] DARNet                                   --
[TRAINER5] ├─TokenEmbedding: 1-1                    --
[TRAINER5] │    └─Sequential: 2-1                   --
[TRAINER5] │    │    └─Conv2d: 3-1                  576
[TRAINER5] │    │    └─BatchNorm2d: 3-2             128
[TRAINER5] │    │    └─GELU: 3-3                    --
[TRAINER5] │    └─Sequential: 2-2                   --
[TRAINER5] │    │    └─Conv2d: 3-4                  32,784
[TRAINER5] │    │    └─BatchNorm2d: 3-5             32
[TRAINER5] │    │    └─GELU: 3-6                    --
[TRAINER5] │    └─PositionalEmbedding: 2-3          --
[TRAINER5] ├─Flatten: 1-2                           --
[TRAINER5] ├─Linear: 1-3                            18
[TRAINER5] ├─AttnRefine: 1-4                        --
[TRAINER5] │    └─MyAttention: 2-4                  --
[TRAINER5] │    │    └h | Now_lr 0.0008/0.0008 | Lambda 0.1122 | Train Loss 0.0297 | Domain Loss 3.2088 | Valid Loss 3.8647 | Train Acc 98.9918| Valid Acc 49.3299
[TRAINER4] Early stopping triggered after 34 epochs (30 epochs without improvement)
[TRAINER4] --------------------------------------------------
[TRAINER4] Test_Subject :S[6, 7, 8, 9, 10] |Best epoch:4 | Test Loss:1.8353 | Best Acc 54.7119 | Savemodel Acc 54.7119
[TRAINER4] --------------------------------------------------
[TRAINER4] 
[TRAINER4] ========== Fold 3 ==========
[TRAINER4] Train IDs: [1, 2, 3, 4, 5, 6, 7, 8, 9, 10, 16, 17, 18, 19, 20, 21, 22, 23, 24, 25, 26, 27, 28, 29, 30]
[TRAINER4] Val IDs:   [11, 12, 13, 14, 15]
[TRAINER4] train_data_shape(164500, 32, 128),val_data_shape(32900, 32, 128)
[TRAINER4] =================================================================
[TRAINER4] Layer (type:depth-idx)                   Param #
[TRAINER4] =================================================================
[TRAINER4] DARNet                                   --
[TRAINER4] ├─TokenEmbedding: 1-1                    --
[TRAINER4] │    └─Sequential: 2-1                   --
[TRAINER4] │    │    └─Conv2d: 3-1                  576
[TRAINER4] │    │    └─BatchNorm2d: 3-2             128
[TRAINER4] │    │    └─GELU: 3-3                    --
[TRAINER4] │    └─Sequential: 2-2                   --
[TRAINER4] │    │    └─Conv2d: 3-4                  32,784
[TRAINER4] │    │    └─BatchNorm2d: 3-5             32
[TRAINER4] │    │    └─GELU: 3-6                    --
[TRAINER4] │    └─PositionalEmbedding: 2-3          --
[TRAINER4] ├─Flatten: 1-2                           --
[TRAINER4] ├─Linear: 1-3                            18
[TRAINER4] ├─AttnRefine: 1-4                        --
[TRAINER4] │    └─MyAttention: 2-4                  --
[TRAINER4] │    │    └─Attention: 3-7               800
[TRAINER4] │    └─Refine: 2-5                       --
[TRAINER4] │    │    └─Conv1d: 3-8                  784
[TRAINER4] │    │    └─BatchNorm1d: 3-9             32
[TRAINER4] │    │    └─ELU: 3-10                    --
[TRAINER4] │    │    └─MaxPool1d: 3-11              --
[TRAINER4] │    └─AdaptiveAvgPool1d: 2-6            --
[TRAINER4] │    └─Linear: 2-7                       68
[TRAINER4] │    └─Flatten: 2-8                      --
[TRAINER4] ├─AttnRefine: 1-5                        --
[TRAINER4] │    └─MyAttention: 2-9                  --
[TRAINER4] │    │    └─Attention: 3-12              800
[TRAINER4] │    └─Refine: 2-10                      --
[TRAINER4] │    │    └─Conv1d: 3-13                 784
[TRAINER4] │    │    └─BatchNorm1d: 3-14            32
[TRAINER4] │    │    └─ELU: 3-15                    --
[TRAINER4] │    │    └─MaxPool1d: 3-16              --
[TRAINER4] │    └─AdaptiveAvgPool1d: 2-11           --
[TRAINER4] │    └─Linear: 2-12                      68
[TRAINER4] │    └─Flatten: 2-13                     --
[TRAINER4] ├─GradientReversalLayer: 1-6             --
[TRAINER4] ├─SubjectDiscriminator: 1-7              --
[TRAINER4] │    └─Sequential: 2-14                  --
[TRAINER4] │    │    └─Linear: 3-17                 2,304
[TRAINER4] │    │    └─ReLU: 3-18                   --
[TRAINER4] │    │    └─Dropout: 3-19                --
[TRAINER4] │    │    └─Linear: 3-20                 32,896
[TRAINER4] │    │    └─ReLU: 3-21                   --
[TRAINER4] │    │    └─Dropout: 3-22                --
[TRAINER4] │    │    └─Linear: 3-23                 3,870
[TRAINER4] =================================================================
[TRAINER4] Total params: 75,976
[TRAINER4] Trainable params: 75,976
[TRAINER4] Non-trainable params: 0
[TRAINER4] =================================================================
[TRAINER4] TestSub: S[11, 12, 13, 14, 15] Epoch  1 Finsh | Now_lr 0.0008/0.0008 | Lambda 0.0060 | Train Loss 0.4985 | Domain Loss 2.9979 | Valid Loss 1.2824 | Train Acc 73.7388| Valid Acc 53.0519
[TRAINER4] Validation acc increase (0.000000 --> 53.051901) in epoch (1).  Saving model ...
[TRAINER4] TestSub: S[11, 12, 13, 14, 15] Epoch  2 Finsh | Now_lr 0.0008/0.0008 | Lambda 0.0120 | Train Loss 0.3459 | Domain Loss 2.8953 | Valid Loss 1.4191 | Train Acc 84.3495| Valid Acc 51.4772
[TRAINER4] TestSub: S[11, 12, 13, 14, 15] Epoch  3 Finsh | Now_lr 0.0008/0.0008 | Lambda 0.0179 | Train Loss 0.2783 | Domain Loss 2.9570 | Valid Loss 1.8623 | Train Acc 88.0473| Valid Acc 51.4742
[TRAINER4] TestSub: S[11, 12, 13, 14, 15] Epoch  4 Finsh | Now_lr 0.0008/0.0008 | Lambda 0.0237 | Train Loss 0.2288 | Domain Loss 2.9801 | Valid Loss 1.9749 | Train Acc 90.4997| Valid Acc 51.7452
[TRAINER4] TestSub: S[11, 12, 13, 14, 15] Epoch  5 Finsh | Now_lr 0.0008/0.0008 | Lambda 0.0294 | Train Loss 0.1835 | Domain Loss 3.0555 | Valid Loss 2.4260 | Train Acc 92.6706| Valid Acc 48.3126
[TRAINER4] TestSub: S[11, 12, 13, 14, 15] Epoch  6 Finsh | Now_lr 0.0008/0.0008 | Lambda 0.0350 | Train Loss 0.1531 | Domain Loss 3.0635 | Valid Loss 2.4434 | Train Acc 93.9872| Valid Acc 47.7735
[TRAINER4] TestSub: S[11, 12, 13, 14, 15] Epoch  7 Finsh | Now_lr 0.0008/0.0008 | Lambda 0.0404 | Train Loss 0.1290 | Domain Loss 3.0990 | Valid Loss 2.6721 | Train Acc 95.0452| Valid Acc 47.1522
[TRAINER4] TestSub: S[11, 12, 13, 14, 15] Epoch  8 Finsh | Now_lr 0.0008/0.0008 | Lambda 0.0456 | Train Loss 0.1098 | Domain Loss 3.1182 | Valid Loss 2.7034 | Train Acc 95.8431| Valid Acc 48.1238
[TRAINER4] TestSub: S[11, 12, 13, 14, 15] Epoch  9 Finsh | Now_lr 0.0008/0.0008 | Lambda 0.0506 | Train Loss 0.0940 | Domain Loss 3.1417 | Valid Loss 2.9180 | Train Acc 96.4986| Valid Acc 45.6932
[TRAINER4] TestSub: S[11, 12, 13, 14, 15] Epoch 10 Finsh | Now_lr 0.0008/0.0008 | Lambda 0.0555 | Train Loss 0.0861 | Domain Loss 3.1562 | Valid Loss 3.0192 | Train Acc 96.8215| Valid Acc 45.4191
[TRAINER4] TestSub: S[11, 12, 13, 14, 15] Epoch 11 Finsh | Now_lr 0.0008/0.0008 | Lambda 0.0601 | Train Loss 0.0745 | Domain Loss 3.1661 | Valid Loss 3.3597 | Train Acc 97.2782| Valid Acc 45.0049
[TRAINER4] TestSub: S[11, 12, 13, 14, 15] Epoch 12 Finsh | Now_lr 0.0008/0.0008 | Lambda 0.0644 | Train Loss 0.0687 | Domain Loss 3.1738 | Valid Loss 3.2049 | Train Acc 97.5311| Valid Acc 46.3146
[TRAINER4] TestSub: S[11, 12, 13, 14, 15] Epoch 13 Finsh | Now_lr 0.0008/0.0008 | Lambda 0.0686 | Train Loss 0.0641 | Domain Loss 3.1812 | Valid Loss 3.3206 | Train Acc 97.7069| Valid Acc 47.0121
[TRAINER4] TestSub: S[11, 12, 13, 14, 15] Epoch 14 Finsh | Now_lr 0.0008/0.0008 | Lambda 0.0725 | Train Loss 0.0595 | Domain Loss 3.1847 | Valid Loss 3.5312 | Train Acc 97.8790| Valid Acc 45.7724
[TRAINER4] TestSub: S[11, 12, 13, 14, 15] Epoch 15 Finsh | Now_lr 0.0008/0.0008 | Lambda 0.0762 | Train Loss 0.0560 | Domain Loss 3.1915 | Valid Loss 3.3383 | Train Acc 98.0389| Valid Acc 45.8425
[TRAINER4] TestSub: S[11, 12, 13, 14, 15] Epoch 16 Finsh | Now_lr 0.0008/0.0008 | Lambda 0.0797 | Train Loss 0.0524 | Domain Loss 3.1924 | Valid Loss 3.6180 | Train Acc 98.1490| Valid Acc 44.4018
[TRAINER4] TestSub: S[11, 12, 13, 14, 15] Epoch 17 Finsh | Now_lr 0.0008/0.0008 | Lambda 0.0829 | Train Loss 0.0498 | Domain Loss 3.1960 | Valid Loss 3.4202 | Train Acc 98.2402| Valid Acc 46.4364
[TRAINER4] TestSub: S[11, 12, 13, 14, 15] Epoch 18 Finsh | Now_lr 0.0008/0.0008 | Lambda 0.0860 | Train Loss 0.0478 | Domain Loss 3.1967 | Valid Loss 3.3434 | Train Acc 98.3071| Valid Acc 47.9471
[TRAINER4] TestSub: S[11, 12, 13, 14, 15] Epoch 19 Finsh | Now_lr 0.0008/0.0008 | Lambda 0.0888 | Train Loss 0.0459 | Domain Loss 3.1994 | Valid Loss 3.5555 | Train Acc 98.4141| Valid Acc 44.2191
[TRAINER4] TestSub: S[11, 12, 13, 14, 15] Epoch 20 Finsh | Now_lr 0.0008/0.0008 | Lambda 0.0914 | Train Loss 0.0428 | Domain Loss 3.1997 | Valid Loss 3.5330 | Train Acc 98.5467| Valid Acc 44.2130
[TRAINER4] TestSub: S[11, 12, 13, 14, 15] Epoch 21 Finsh | Now_lr 0.0008/0.0008 | Lambda 0.0938 | Train Loss 0.0406 | Domain Loss 3.2016 | Valid Loss 3.6166 | Train 4| Valid Acc 51.1444
[TRAINER1] TestSub: S[11, 12, 13, 14, 15] Epoch 57 Finsh | Now_lr 0.0010/0.0010 | Lambda 0.0795 | Train Loss 0.0157 | Domain Loss 3.1744 | Valid Loss 4.0802 | Train Acc 99.4810| Valid Acc 50.0641
[TRAINER1] TestSub: S[11, 12, 13, 14, 15] Epoch 58 Finsh | Now_lr 0.0010/0.0010 | Lambda 0.0795 | Train Loss 0.0153 | Domain Loss 3.1732 | Valid Loss 3.9005 | Train Acc 99.4810| Valid Acc 49.5880
[TRAINER1] TestSub: S[11, 12, 13, 14, 15] Epoch 59 Finsh | Now_lr 0.0010/0.0010 | Lambda 0.0796 | Train Loss 0.0171 | Domain Loss 3.1669 | Valid Loss 3.6789 | Train Acc 99.4414| Valid Acc 50.4395
[TRAINER1] TestSub: S[11, 12, 13, 14, 15] Epoch 60 Finsh | Now_lr 0.0010/0.0010 | Lambda 0.0796 | Train Loss 0.0147 | Domain Loss 3.1641 | Valid Loss 3.7924 | Train Acc 99.4999| Valid Acc 51.1475
[TRAINER1] TestSub: S[11, 12, 13, 14, 15] Epoch 61 Finsh | Now_lr 0.0010/0.0010 | Lambda 0.0796 | Train Loss 0.0137 | Domain Loss 3.1721 | Valid Loss 4.1623 | Train Acc 99.5394| Valid Acc 49.5178
[TRAINER1] TestSub: S[11, 12, 13, 14, 15] Epoch 62 Finsh | Now_lr 0.0010/0.0010 | Lambda 0.0797 | Train Loss 0.0130 | Domain Loss 3.1872 | Valid Loss 4.0629 | Train Acc 99.5790| Valid Acc 50.5035
[TRAINER1] TestSub: S[11, 12, 13, 14, 15] Epoch 63 Finsh | Now_lr 0.0010/0.0010 | Lambda 0.0797 | Train Loss 0.0137 | Domain Loss 3.1828 | Valid Loss 3.9701 | Train Acc 99.5558| Valid Acc 50.2869
[TRAINER1] TestSub: S[11, 12, 13, 14, 15] Epoch 64 Finsh | Now_lr 0.0010/0.0010 | Lambda 0.0797 | Train Loss 0.0142 | Domain Loss 3.1852 | Valid Loss 3.8685 | Train Acc 99.5364| Valid Acc 51.3458
[TRAINER1] TestSub: S[11, 12, 13, 14, 15] Epoch 65 Finsh | Now_lr 0.0010/0.0010 | Lambda 0.0798 | Train Loss 0.0147 | Domain Loss 3.1861 | Valid Loss 3.8810 | Train Acc 99.4877| Valid Acc 50.1434
[TRAINER1] TestSub: S[11, 12, 13, 14, 15] Epoch 66 Finsh | Now_lr 0.0010/0.0010 | Lambda 0.0798 | Train Loss 0.0132 | Domain Loss 3.1918 | Valid Loss 4.0125 | Train Acc 99.5686| Valid Acc 51.1017
[TRAINER1] TestSub: S[11, 12, 13, 14, 15] Epoch 67 Finsh | Now_lr 0.0010/0.0010 | Lambda 0.0798 | Train Loss 0.0124 | Domain Loss 3.1969 | Valid Loss 4.0807 | Train Acc 99.5917| Valid Acc 49.9878
[TRAINER1] TestSub: S[11, 12, 13, 14, 15] Epoch 68 Finsh | Now_lr 0.0010/0.0010 | Lambda 0.0798 | Train Loss 0.0138 | Domain Loss 3.1971 | Valid Loss 4.0228 | Train Acc 99.5546| Valid Acc 52.4994
[TRAINER1] TestSub: S[11, 12, 13, 14, 15] Epoch 69 Finsh | Now_lr 0.0010/0.0010 | Lambda 0.0798 | Train Loss 0.0135 | Domain Loss 3.1992 | Valid Loss 3.8748 | Train Acc 99.5522| Valid Acc 51.0681
[TRAINER1] TestSub: S[11, 12, 13, 14, 15] Epoch 70 Finsh | Now_lr 0.0010/0.0010 | Lambda 0.0799 | Train Loss 0.0134 | Domain Loss 3.1991 | Valid Loss 4.0331 | Train Acc 99.5674| Valid Acc 50.4791
[TRAINER1] TestSub: S[11, 12, 13, 14, 15] Epoch 71 Finsh | Now_lr 0.0010/0.0010 | Lambda 0.0799 | Train Loss 0.0125 | Domain Loss 3.1989 | Valid Loss 4.0086 | Train Acc 99.5808| Valid Acc 48.4283
[TRAINER1] TestSub: S[11, 12, 13, 14, 15] Epoch 72 Finsh | Now_lr 0.0010/0.0010 | Lambda 0.0799 | Train Loss 0.0118 | Domain Loss 3.2001 | Valid Loss 3.8202 | Train Acc 99.6100| Valid Acc 48.9441
[TRAINER1] TestSub: S[11, 12, 13, 14, 15] Epoch 73 Finsh | Now_lr 0.0010/0.0010 | Lambda 0.0799 | Train Loss 0.0122 | Domain Loss 3.2018 | Valid Loss 3.9962 | Train Acc 99.5978| Valid Acc 50.3723
[TRAINER1] TestSub: S[11, 12, 13, 14, 15] Epoch 74 Finsh | Now_lr 0.0010/0.0010 | Lambda 0.0799 | Train Loss 0.0114 | Domain Loss 3.2021 | Valid Loss 3.8685 | Train Acc 99.6386| Valid Acc 51.9073
[TRAINER1] TestSub: S[11, 12, 13, 14, 15] Epoch 75 Finsh | Now_lr 0.0010/0.0010 | Lambda 0.0799 | Train Loss 0.0127 | Domain Loss 3.2057 | Valid Loss 4.0012 | Train Acc 99.5765| Valid Acc 50.5066
[TRAINER1] TestSub: S[11, 12, 13, 14, 15] Epoch 76 Finsh | Now_lr 0.0010/0.0010 | Lambda 0.0799 | Train Loss 0.0115 | Domain Loss 3.2053 | Valid Loss 4.2284 | Train Acc 99.6270| Valid Acc 48.6481
[TRAINER1] TestSub: S[11, 12, 13, 14, 15] Epoch 77 Finsh | Now_lr 0.0010/0.0010 | Lambda 0.0799 | Train Loss 0.0112 | Domain Loss 3.2081 | Valid Loss 4.1485 | Train Acc 99.6234| Valid Acc 50.6500
[TRAINER1] TestSub: S[11, 12, 13, 14, 15] Epoch 78 Finsh | Now_lr 0.0010/0.0010 | Lambda 0.0799 | Train Loss 0.0109 | Domain Loss 3.2063 | Valid Loss 3.9758 | Train Acc 99.6361| Valid Acc 49.0814
[TRAINER1] TestSub: S[11, 12, 13, 14, 15] Epoch 79 Finsh | Now_lr 0.0010/0.0010 | Lambda 0.0799 | Train Loss 0.0108 | Domain Loss 3.2083 | Valid Loss 4.1905 | Train Acc 99.6434| Valid Acc 50.4456
[TRAINER1] TestSub: S[11, 12, 13, 14, 15] Epoch 80 Finsh | Now_lr 0.0010/0.0010 | Lambda 0.0799 | Train Loss 0.0118 | Domain Loss 3.2109 | Valid Loss 3.7196 | Train Acc 99.6106| Valid Acc 50.3754
[TRAINER1] TestSub: S[11, 12, 13, 14, 15] Epoch 81 Finsh | Now_lr 0.0010/0.0010 | Lambda 0.0800 | Train Loss 0.0107 | Domain Loss 3.2079 | Valid Loss 3.9080 | Train Acc 99.6392| Valid Acc 52.1606
[TRAINER1] TestSub: S[11, 12, 13, 14, 15] Epoch 82 Finsh | Now_lr 0.0010/0.0010 | Lambda 0.0800 | Train Loss 0.0110 | Domain Loss 3.2108 | Valid Loss 3.8430 | Train Acc 99.6374| Valid Acc 51.3428
[TRAINER1] Early stopping triggered after 82 epochs (30 epochs without improvement)
[TRAINER1] --------------------------------------------------
[TRAINER1] Test_Subject :S[11, 12, 13, 14, 15] |Best epoch:52 | Test Loss:3.8977 | Best Acc 52.5665 | Savemodel Acc 52.5665
[TRAINER1] --------------------------------------------------
[TRAINER1] 
[TRAINER1] ========== Fold 4 ==========
[TRAINER1] Train IDs: [1, 2, 3, 4, 5, 6, 7, 8, 9, 10, 11, 12, 13, 14, 15, 21, 22, 23, 24, 25, 26, 27, 28, 29, 30]
[TRAINER1] Val IDs:   [16, 17, 18, 19, 20]
[TRAINER1] train_data_shape(164500, 32, 128),val_data_shape(32900, 32, 128)
[TRAINER1] =================================================================
[TRAINER1] Layer (type:depth-idx)                   Param #
[TRAINER1] =================================================================
[TRAINER1] DARNet                                   --
[TRAINER1] ├─TokenEmbedding: 1-1                    --
[TRAINER1] │    └─Sequential: 2-1                   --
[TRAINER1] │    │    └─Conv2d: 3-1                  576
[TRAINER1] │    │    └─BatchNorm2d: 3-2             128
[TRAINER1] │    │    └─GELU: 3-3                    --
[TRAINER1] │    └─Sequential: 2-2                   --
[TRAINER1] │    │    └─Conv2d: 3-4                  32,784
[TRAINER1] │    │    └─BatchNorm2d: 3-5             32
[TRAINER1] │    │    └─GELU: 3-6                    --
[TRAINER1] │    └─PositionalEmbedding: 2-3          --
[TRAINER1] ├─Flatten: 1-2                           --
[TRAINER1] ├─Linear: 1-3                            18
[TRAINER1] ├─AttnRefine: 1-4                        --
[TRAINER1] │    └─MyAttention: 2-4                  --
[TRAINER1] │    │    └─Attention: 3-7               800
[TRAINER1] │    └─Refine: 2-5                       --
[TRAINER1] │    │    └─Conv1d: 3-8                  784
[TRAINER1] │    │    └─BatchNorm1d: 3-9             32
[TRAINER1] │    │    └─ELU: 3-10                    --
[TRAINER1] │    │    └─MaxPool1d: 3-11              --
[TRAINER1] │    └─AdaptiveAvgPool1d: 2-6            --
[TRAINER1] │    └─Linear: 2-7                       68
[TRAINER1] │    └─Flatten: 2-8                      --
[TRAINER1] ├─AttnRefine: 1-5                        --
[TRAINER1] │    └─MyAttention: 2-9                  --
[TRAINER1] │    │    └─Attention: 3-12              800
[TRAINER1] │    └─Refine: 2-10                      --
[TRAINER1] │    │    └─Conv1d: 3-13                 784
[TRAINER1] │    │    └─BatchNorm1d: 3-14            32
[TRAINER1] │    │    └─ELU: 3-15                    --
[TRAINER1] │    │    └─MaxPool1d: 3-16              --
[TRAINER1] │    └─AdaptiveAvgPool1d: 2-11           --
[TRAINER1] │    └─Linear: 2-12                      68
[TRAINER1] │    └─Flatten: 2-13                     --
[TRAINER1] ├─GradientReversalLayer: 1-6             --
[TRAINER1] ├─SubjectValidation acc increase (53.051829 --> 53.179878) in epoch (63).  Saving model ...
[TRAINER2] TestSub: S[6, 7, 8, 9, 10] Epoch 64 Finsh | Now_lr 0.0007/0.0007 | Lambda 0.0797 | Train Loss 0.0120 | Domain Loss 3.1725 | Valid Loss 3.8536 | Train Acc 99.5823| Valid Acc 52.3780
[TRAINER2] TestSub: S[6, 7, 8, 9, 10] Epoch 65 Finsh | Now_lr 0.0007/0.0007 | Lambda 0.0798 | Train Loss 0.0122 | Domain Loss 3.1777 | Valid Loss 3.3629 | Train Acc 99.6036| Valid Acc 52.2835
[TRAINER2] TestSub: S[6, 7, 8, 9, 10] Epoch 66 Finsh | Now_lr 0.0007/0.0007 | Lambda 0.0798 | Train Loss 0.0119 | Domain Loss 3.1783 | Valid Loss 3.7117 | Train Acc 99.6042| Valid Acc 52.0091
[TRAINER2] TestSub: S[6, 7, 8, 9, 10] Epoch 67 Finsh | Now_lr 0.0007/0.0007 | Lambda 0.0798 | Train Loss 0.0121 | Domain Loss 3.1783 | Valid Loss 3.8528 | Train Acc 99.6224| Valid Acc 52.9665
[TRAINER2] TestSub: S[6, 7, 8, 9, 10] Epoch 68 Finsh | Now_lr 0.0007/0.0007 | Lambda 0.0798 | Train Loss 0.0111 | Domain Loss 3.1746 | Valid Loss 3.5072 | Train Acc 99.6285| Valid Acc 53.9787
[TRAINER2] Validation acc increase (53.179878 --> 53.978659) in epoch (68).  Saving model ...
[TRAINER2] TestSub: S[6, 7, 8, 9, 10] Epoch 69 Finsh | Now_lr 0.0007/0.0007 | Lambda 0.0798 | Train Loss 0.0105 | Domain Loss 3.1756 | Valid Loss 3.9731 | Train Acc 99.6644| Valid Acc 53.6006
[TRAINER2] TestSub: S[6, 7, 8, 9, 10] Epoch 70 Finsh | Now_lr 0.0007/0.0007 | Lambda 0.0799 | Train Loss 0.0118 | Domain Loss 3.1800 | Valid Loss 3.8677 | Train Acc 99.6139| Valid Acc 52.8323
[TRAINER2] TestSub: S[6, 7, 8, 9, 10] Epoch 71 Finsh | Now_lr 0.0007/0.0007 | Lambda 0.0799 | Train Loss 0.0109 | Domain Loss 3.1847 | Valid Loss 3.7689 | Train Acc 99.6328| Valid Acc 53.5274
[TRAINER2] TestSub: S[6, 7, 8, 9, 10] Epoch 72 Finsh | Now_lr 0.0007/0.0007 | Lambda 0.0799 | Train Loss 0.0113 | Domain Loss 3.1873 | Valid Loss 3.4970 | Train Acc 99.6322| Valid Acc 51.2165
[TRAINER2] TestSub: S[6, 7, 8, 9, 10] Epoch 73 Finsh | Now_lr 0.0007/0.0007 | Lambda 0.0799 | Train Loss 0.0106 | Domain Loss 3.1863 | Valid Loss 3.8625 | Train Acc 99.6565| Valid Acc 52.5305
[TRAINER2] TestSub: S[6, 7, 8, 9, 10] Epoch 74 Finsh | Now_lr 0.0007/0.0007 | Lambda 0.0799 | Train Loss 0.0099 | Domain Loss 3.1913 | Valid Loss 4.1602 | Train Acc 99.6674| Valid Acc 51.5030
[TRAINER2] TestSub: S[6, 7, 8, 9, 10] Epoch 75 Finsh | Now_lr 0.0007/0.0007 | Lambda 0.0799 | Train Loss 0.0104 | Domain Loss 3.1902 | Valid Loss 4.0926 | Train Acc 99.6571| Valid Acc 52.5061
[TRAINER2] TestSub: S[6, 7, 8, 9, 10] Epoch 76 Finsh | Now_lr 0.0007/0.0007 | Lambda 0.0799 | Train Loss 0.0109 | Domain Loss 3.1865 | Valid Loss 4.1582 | Train Acc 99.6455| Valid Acc 51.8445
[TRAINER2] TestSub: S[6, 7, 8, 9, 10] Epoch 77 Finsh | Now_lr 0.0007/0.0007 | Lambda 0.0799 | Train Loss 0.0105 | Domain Loss 3.1916 | Valid Loss 4.0013 | Train Acc 99.6535| Valid Acc 51.9329
[TRAINER2] TestSub: S[6, 7, 8, 9, 10] Epoch 78 Finsh | Now_lr 0.0007/0.0007 | Lambda 0.0799 | Train Loss 0.0104 | Domain Loss 3.1943 | Valid Loss 3.7589 | Train Acc 99.6632| Valid Acc 53.2774
[TRAINER2] TestSub: S[6, 7, 8, 9, 10] Epoch 79 Finsh | Now_lr 0.0007/0.0007 | Lambda 0.0799 | Train Loss 0.0094 | Domain Loss 3.2016 | Valid Loss 3.6845 | Train Acc 99.6991| Valid Acc 53.1433
[TRAINER2] TestSub: S[6, 7, 8, 9, 10] Epoch 80 Finsh | Now_lr 0.0007/0.0007 | Lambda 0.0799 | Train Loss 0.0088 | Domain Loss 3.1941 | Valid Loss 4.2052 | Train Acc 99.7124| Valid Acc 51.6890
[TRAINER2] TestSub: S[6, 7, 8, 9, 10] Epoch 81 Finsh | Now_lr 0.0007/0.0007 | Lambda 0.0800 | Train Loss 0.0086 | Domain Loss 3.1946 | Valid Loss 4.3603 | Train Acc 99.7209| Valid Acc 51.0793
[TRAINER2] TestSub: S[6, 7, 8, 9, 10] Epoch 82 Finsh | Now_lr 0.0007/0.0007 | Lambda 0.0800 | Train Loss 0.0097 | Domain Loss 3.2036 | Valid Loss 3.7066 | Train Acc 99.6966| Valid Acc 51.3872
[TRAINER2] TestSub: S[6, 7, 8, 9, 10] Epoch 83 Finsh | Now_lr 0.0007/0.0007 | Lambda 0.0800 | Train Loss 0.0088 | Domain Loss 3.2026 | Valid Loss 3.9782 | Train Acc 99.7197| Valid Acc 51.9543
[TRAINER2] TestSub: S[6, 7, 8, 9, 10] Epoch 84 Finsh | Now_lr 0.0007/0.0007 | Lambda 0.0800 | Train Loss 0.0089 | Domain Loss 3.2010 | Valid Loss 3.9253 | Train Acc 99.7082| Valid Acc 52.5396
[TRAINER2] TestSub: S[6, 7, 8, 9, 10] Epoch 85 Finsh | Now_lr 0.0007/0.0007 | Lambda 0.0800 | Train Loss 0.0088 | Domain Loss 3.1973 | Valid Loss 3.9437 | Train Acc 99.7228| Valid Acc 51.5549
[TRAINER2] TestSub: S[6, 7, 8, 9, 10] Epoch 86 Finsh | Now_lr 0.0007/0.0007 | Lambda 0.0800 | Train Loss 0.0085 | Domain Loss 3.2031 | Valid Loss 4.0972 | Train Acc 99.7307| Valid Acc 51.3872
[TRAINER2] TestSub: S[6, 7, 8, 9, 10] Epoch 87 Finsh | Now_lr 0.0007/0.0007 | Lambda 0.0800 | Train Loss 0.0088 | Domain Loss 3.2014 | Valid Loss 4.2796 | Train Acc 99.7021| Valid Acc 51.8506
[TRAINER2] TestSub: S[6, 7, 8, 9, 10] Epoch 88 Finsh | Now_lr 0.0007/0.0007 | Lambda 0.0800 | Train Loss 0.0083 | Domain Loss 3.1948 | Valid Loss 4.2939 | Train Acc 99.7203| Valid Acc 50.1585
[TRAINER2] TestSub: S[6, 7, 8, 9, 10] Epoch 89 Finsh | Now_lr 0.0007/0.0007 | Lambda 0.0800 | Train Loss 0.0081 | Domain Loss 3.2046 | Valid Loss 4.2839 | Train Acc 99.7374| Valid Acc 52.1220
[TRAINER2] TestSub: S[6, 7, 8, 9, 10] Epoch 90 Finsh | Now_lr 0.0007/0.0007 | Lambda 0.0800 | Train Loss 0.0088 | Domain Loss 3.1959 | Valid Loss 4.2143 | Train Acc 99.7301| Valid Acc 50.1738
[TRAINER2] TestSub: S[6, 7, 8, 9, 10] Epoch 91 Finsh | Now_lr 0.0007/0.0007 | Lambda 0.0800 | Train Loss 0.0087 | Domain Loss 3.1981 | Valid Loss 4.1349 | Train Acc 99.7191| Valid Acc 51.4299
[TRAINER2] TestSub: S[6, 7, 8, 9, 10] Epoch 92 Finsh | Now_lr 0.0007/0.0007 | Lambda 0.0800 | Train Loss 0.0087 | Domain Loss 3.1960 | Valid Loss 4.0930 | Train Acc 99.7185| Valid Acc 50.0823
[TRAINER2] TestSub: S[6, 7, 8, 9, 10] Epoch 93 Finsh | Now_lr 0.0007/0.0007 | Lambda 0.0800 | Train Loss 0.0077 | Domain Loss 3.2043 | Valid Loss 4.3959 | Train Acc 99.7513| Valid Acc 50.8110
[TRAINER2] TestSub: S[6, 7, 8, 9, 10] Epoch 94 Finsh | Now_lr 0.0007/0.0007 | Lambda 0.0800 | Train Loss 0.0076 | Domain Loss 3.2001 | Valid Loss 4.3537 | Train Acc 99.7653| Valid Acc 48.8811
[TRAINER2] TestSub: S[6, 7, 8, 9, 10] Epoch 95 Finsh | Now_lr 0.0007/0.0007 | Lambda 0.0800 | Train Loss 0.0079 | Domain Loss 3.2001 | Valid Loss 4.4515 | Train Acc 99.7477| Valid Acc 48.8293
[TRAINER2] TestSub: S[6, 7, 8, 9, 10] Epoch 96 Finsh | Now_lr 0.0007/0.0007 | Lambda 0.0800 | Train Loss 0.0075 | Domain Loss 3.1985 | Valid Loss 4.4960 | Train Acc 99.7562| Valid Acc 49.6951
[TRAINER2] TestSub: S[6, 7, 8, 9, 10] Epoch 97 Finsh | Now_lr 0.0007/0.0007 | Lambda 0.0800 | Train Loss 0.0088 | Domain Loss 3.1977 | Valid Loss 4.2415 | Train Acc 99.7112| Valid Acc 50.1646
[TRAINER2] TestSub: S[6, 7, 8, 9, 10] Epoch 98 Finsh | Now_lr 0.0007/0.0007 | Lambda 0.0800 | Train Loss 0.0079 | Domain Loss 3.2008 | Valid Loss 4.3324 | Train Acc 99.7319| Valid Acc 50.8201
[TRAINER2] Early stopping triggered after 98 epochs (30 epochs without improvement)
[TRAINER2] --------------------------------------------------
[TRAINER2] Test_Subject :S[6, 7, 8, 9, 10] |Best epoch:68 | Test Loss:3.5072 | Best Acc 53.9787 | Savemodel Acc 53.9787
[TRAINER2] --------------------------------------------------
[TRAINER2] 
[TRAINER2] ========== Fold 3 ==========
[TRAINER2] Train IDs: [1, 2, 3, 4, 5, 6, 7, 8, 9, 10, 16, 17, 18, 19, 20, 21, 22, 23, 24, 25, 26, 27, 28, 29, 30]
[TRAINER2] Val IDs:   [11, 12, 13, 14, 15]
[TRAINER2] train_data_shape(164500, 32, 128),val_data_shape(32900, 32, 128)
[TRAINER2] =================================================================
[TRAINER2] Layer (type:depth-idx)                   Param #
[TRAINER2] =================================================================
[TRAINER2] DARNet                                   --
[TRAINER2] ├─TokenEmbedding: 1-1                    --
[TRAINER2] │    └─Sequential: 2-1                   --
[TRAINER2] │    │    └─Conv2d: 3-1                  576
[TRAINER2] │    │    └─BatchNorm2d: 3-2             128
[TRAINER2] │    │    └─GELU: 3-3                    --
[TRAINER2] │    └─Sequential: 2-2                   --
[TRAINER2] │    │    └─Conv2d: 3-Acc 49.2279
[TRAINER6] TestSub: S[1, 2, 3, 4, 5] Epoch 43 Finsh | Now_lr 0.0030/0.0030 | Lambda 0.0779 | Train Loss 0.0984 | Domain Loss 3.2193 | Valid Loss 2.2945 | Train Acc 96.3716| Valid Acc 49.8146
[TRAINER6] TestSub: S[1, 2, 3, 4, 5] Epoch 44 Finsh | Now_lr 0.0030/0.0030 | Lambda 0.0781 | Train Loss 0.1001 | Domain Loss 3.2192 | Valid Loss 2.1820 | Train Acc 96.3096| Valid Acc 52.2860
[TRAINER6] Validation acc increase (51.927286 --> 52.285992) in epoch (44).  Saving model ...
[TRAINER6] TestSub: S[1, 2, 3, 4, 5] Epoch 45 Finsh | Now_lr 0.0030/0.0030 | Lambda 0.0782 | Train Loss 0.0967 | Domain Loss 3.2194 | Valid Loss 2.1778 | Train Acc 96.4914| Valid Acc 50.8542
[TRAINER6] TestSub: S[1, 2, 3, 4, 5] Epoch 46 Finsh | Now_lr 0.0030/0.0030 | Lambda 0.0784 | Train Loss 0.0985 | Domain Loss 3.2190 | Valid Loss 2.2249 | Train Acc 96.3667| Valid Acc 51.9455
[TRAINER6] TestSub: S[1, 2, 3, 4, 5] Epoch 47 Finsh | Now_lr 0.0030/0.0030 | Lambda 0.0786 | Train Loss 0.0987 | Domain Loss 3.2194 | Valid Loss 2.2289 | Train Acc 96.3588| Valid Acc 49.8146
[TRAINER6] TestSub: S[1, 2, 3, 4, 5] Epoch 48 Finsh | Now_lr 0.0030/0.0030 | Lambda 0.0787 | Train Loss 0.0969 | Domain Loss 3.2194 | Valid Loss 2.2304 | Train Acc 96.4640| Valid Acc 48.5561
[TRAINER6] TestSub: S[1, 2, 3, 4, 5] Epoch 49 Finsh | Now_lr 0.0030/0.0030 | Lambda 0.0788 | Train Loss 0.0967 | Domain Loss 3.2196 | Valid Loss 2.3490 | Train Acc 96.4628| Valid Acc 47.9329
[TRAINER6] TestSub: S[1, 2, 3, 4, 5] Epoch 50 Finsh | Now_lr 0.0030/0.0030 | Lambda 0.0789 | Train Loss 0.0972 | Domain Loss 3.2187 | Valid Loss 2.0925 | Train Acc 96.4512| Valid Acc 51.3710
[TRAINER6] TestSub: S[1, 2, 3, 4, 5] Epoch 51 Finsh | Now_lr 0.0030/0.0030 | Lambda 0.0790 | Train Loss 0.0965 | Domain Loss 3.2189 | Valid Loss 2.1973 | Train Acc 96.4391| Valid Acc 50.0091
[TRAINER6] TestSub: S[1, 2, 3, 4, 5] Epoch 52 Finsh | Now_lr 0.0030/0.0030 | Lambda 0.0791 | Train Loss 0.0949 | Domain Loss 3.2191 | Valid Loss 2.1952 | Train Acc 96.4950| Valid Acc 49.3525
[TRAINER6] TestSub: S[1, 2, 3, 4, 5] Epoch 53 Finsh | Now_lr 0.0030/0.0030 | Lambda 0.0792 | Train Loss 0.0960 | Domain Loss 3.2194 | Valid Loss 2.3884 | Train Acc 96.5126| Valid Acc 51.1795
[TRAINER6] TestSub: S[1, 2, 3, 4, 5] Epoch 54 Finsh | Now_lr 0.0030/0.0030 | Lambda 0.0793 | Train Loss 0.0943 | Domain Loss 3.2194 | Valid Loss 2.2175 | Train Acc 96.5522| Valid Acc 50.4742
[TRAINER6] TestSub: S[1, 2, 3, 4, 5] Epoch 55 Finsh | Now_lr 0.0030/0.0030 | Lambda 0.0793 | Train Loss 0.0951 | Domain Loss 3.2194 | Valid Loss 2.3537 | Train Acc 96.5394| Valid Acc 49.0364
[TRAINER6] TestSub: S[1, 2, 3, 4, 5] Epoch 56 Finsh | Now_lr 0.0030/0.0030 | Lambda 0.0794 | Train Loss 0.0938 | Domain Loss 3.2194 | Valid Loss 2.0730 | Train Acc 96.5965| Valid Acc 49.1701
[TRAINER6] TestSub: S[1, 2, 3, 4, 5] Epoch 57 Finsh | Now_lr 0.0030/0.0030 | Lambda 0.0795 | Train Loss 0.0938 | Domain Loss 3.2196 | Valid Loss 2.1429 | Train Acc 96.5734| Valid Acc 50.6566
[TRAINER6] TestSub: S[1, 2, 3, 4, 5] Epoch 58 Finsh | Now_lr 0.0030/0.0030 | Lambda 0.0795 | Train Loss 0.0938 | Domain Loss 3.2198 | Valid Loss 2.4102 | Train Acc 96.6227| Valid Acc 48.5561
[TRAINER6] TestSub: S[1, 2, 3, 4, 5] Epoch 59 Finsh | Now_lr 0.0030/0.0030 | Lambda 0.0796 | Train Loss 0.0936 | Domain Loss 3.2196 | Valid Loss 2.1926 | Train Acc 96.5753| Valid Acc 50.0243
[TRAINER6] TestSub: S[1, 2, 3, 4, 5] Epoch 60 Finsh | Now_lr 0.0030/0.0030 | Lambda 0.0796 | Train Loss 0.0932 | Domain Loss 3.2201 | Valid Loss 2.1824 | Train Acc 96.6507| Valid Acc 47.3614
[TRAINER6] TestSub: S[1, 2, 3, 4, 5] Epoch 61 Finsh | Now_lr 0.0030/0.0030 | Lambda 0.0796 | Train Loss 0.0904 | Domain Loss 3.2206 | Valid Loss 2.5783 | Train Acc 96.6634| Valid Acc 48.4922
[TRAINER6] TestSub: S[1, 2, 3, 4, 5] Epoch 62 Finsh | Now_lr 0.0030/0.0030 | Lambda 0.0797 | Train Loss 0.0921 | Domain Loss 3.2200 | Valid Loss 2.3850 | Train Acc 96.6367| Valid Acc 47.4769
[TRAINER6] TestSub: S[1, 2, 3, 4, 5] Epoch 63 Finsh | Now_lr 0.0030/0.0030 | Lambda 0.0797 | Train Loss 0.0907 | Domain Loss 3.2198 | Valid Loss 2.4591 | Train Acc 96.6683| Valid Acc 49.7750
[TRAINER6] TestSub: S[1, 2, 3, 4, 5] Epoch 64 Finsh | Now_lr 0.0030/0.0030 | Lambda 0.0797 | Train Loss 0.0886 | Domain Loss 3.2200 | Valid Loss 2.4816 | Train Acc 96.7613| Valid Acc 49.6413
[TRAINER6] TestSub: S[1, 2, 3, 4, 5] Epoch 65 Finsh | Now_lr 0.0030/0.0030 | Lambda 0.0798 | Train Loss 0.0903 | Domain Loss 3.2201 | Valid Loss 2.3133 | Train Acc 96.6859| Valid Acc 51.2372
[TRAINER6] TestSub: S[1, 2, 3, 4, 5] Epoch 66 Finsh | Now_lr 0.0030/0.0030 | Lambda 0.0798 | Train Loss 0.0899 | Domain Loss 3.2202 | Valid Loss 2.1995 | Train Acc 96.7449| Valid Acc 51.2494
[TRAINER6] TestSub: S[1, 2, 3, 4, 5] Epoch 67 Finsh | Now_lr 0.0030/0.0030 | Lambda 0.0798 | Train Loss 0.0880 | Domain Loss 3.2200 | Valid Loss 2.4089 | Train Acc 96.7716| Valid Acc 50.1611
[TRAINER6] TestSub: S[1, 2, 3, 4, 5] Epoch 68 Finsh | Now_lr 0.0030/0.0030 | Lambda 0.0798 | Train Loss 0.0891 | Domain Loss 3.2206 | Valid Loss 2.2724 | Train Acc 96.7504| Valid Acc 50.5533
[TRAINER6] TestSub: S[1, 2, 3, 4, 5] Epoch 69 Finsh | Now_lr 0.0030/0.0030 | Lambda 0.0798 | Train Loss 0.0889 | Domain Loss 3.2202 | Valid Loss 2.1837 | Train Acc 96.7698| Valid Acc 48.9208
[TRAINER6] TestSub: S[1, 2, 3, 4, 5] Epoch 70 Finsh | Now_lr 0.0030/0.0030 | Lambda 0.0799 | Train Loss 0.0900 | Domain Loss 3.2200 | Valid Loss 2.2995 | Train Acc 96.6956| Valid Acc 51.3163
[TRAINER6] TestSub: S[1, 2, 3, 4, 5] Epoch 71 Finsh | Now_lr 0.0030/0.0030 | Lambda 0.0799 | Train Loss 0.0888 | Domain Loss 3.2198 | Valid Loss 2.2718 | Train Acc 96.7504| Valid Acc 48.6746
[TRAINER6] TestSub: S[1, 2, 3, 4, 5] Epoch 72 Finsh | Now_lr 0.0030/0.0030 | Lambda 0.0799 | Train Loss 0.0887 | Domain Loss 3.2201 | Valid Loss 2.2214 | Train Acc 96.7589| Valid Acc 52.5201
[TRAINER6] Validation acc increase (52.285992 --> 52.520063) in epoch (72).  Saving model ...
[TRAINER6] TestSub: S[1, 2, 3, 4, 5] Epoch 73 Finsh | Now_lr 0.0030/0.0030 | Lambda 0.0799 | Train Loss 0.0883 | Domain Loss 3.2197 | Valid Loss 2.4146 | Train Acc 96.7710| Valid Acc 48.8388
[TRAINER6] TestSub: S[1, 2, 3, 4, 5] Epoch 74 Finsh | Now_lr 0.0030/0.0030 | Lambda 0.0799 | Train Loss 0.0887 | Domain Loss 3.2196 | Valid Loss 2.2834 | Train Acc 96.7260| Valid Acc 49.9696
[TRAINER6] TestSub: S[1, 2, 3, 4, 5] Epoch 75 Finsh | Now_lr 0.0030/0.0030 | Lambda 0.0799 | Train Loss 0.0865 | Domain Loss 3.2200 | Valid Loss 2.1970 | Train Acc 96.8890| Valid Acc 52.7754
[TRAINER6] Validation acc increase (52.520063 --> 52.775413) in epoch (75).  Saving model ...
[TRAINER6] TestSub: S[1, 2, 3, 4, 5] Epoch 76 Finsh | Now_lr 0.0030/0.0030 | Lambda 0.0799 | Train Loss 0.0874 | Domain Loss 3.2201 | Valid Loss 2.3562 | Train Acc 96.8245| Valid Acc 50.2614
[TRAINER6] TestSub: S[1, 2, 3, 4, 5] Epoch 77 Finsh | Now_lr 0.0030/0.0030 | Lambda 0.0799 | Train Loss 0.0855 | Domain Loss 3.2198 | Valid Loss 2.2811 | Train Acc 96.8774| Valid Acc 50.6992
[TRAINER6] TestSub: S[1, 2, 3, 4, 5] Epoch 78 Finsh | Now_lr 0.0030/0.0030 | Lambda 0.0799 | Train Loss 0.0863 | Domain Loss 3.2199 | Valid Loss 2.4499 | Train Acc 96.8422| Valid Acc 51.0214
[TRAINER6] TestSub: S[1, 2, 3, 4, 5] Epoch 79 Finsh | Now_lr 0.0030/0.0030 | Lambda 0.0799 | Train Loss 0.0868 | Domain Loss 3.2195 | Valid Loss 2.3611 | Train Acc 96.8045| Valid Acc 50.8664
[TRAINER6] TestSub: S[1, 2, 3, 4, 5] Epoch 80 Finsh | Now_lr 0.0030/0.0030 | Lambda 0.0799 | Train Loss 0.0891 | Domain Loss 3.2194 | Valid Loss 2.3718 | Train Acc 96.7443| Valid Acc 48.2733
[TRAINER6] TestSub: S[1, 2, 3, 4, 5] Epoch 81 Finsh | Now_lr 0.0030/0.0030 | Lambda 0.0800 | Train Loss 0.0855 | Domain Loss 3.2193 | Valid Loss 2.2761 | Train Acc 96.8829| Valid Acc 49.4255
[TRAINER6] TestSub: S[1, 2, 3, 4, 5] Epoch 82 Finsh | Now_lr 0.0030/0.0030 | Lambda 0.0800 | Train Loss 0.0868 | Domain Loss 3.2202 | Valid Loss 2.3841 | Train Acc 96.8312| Valid Acc 48.8327
[TRAINER6] TestSub: S[1, 2, 3, 4, 5] Epoch 83 Finsh | Now_lr 0.0030/0.0030 | Lambda 0.0800 | Train Loss 0.0869 | Domain Loss 3.2195 | Valid Loss 2.3789 | Train Acc 96.8531| Valid Acc 50.0547
[TRAINER6] TestSub: S[1, 2, 3, 4, 5] Epoch 84 Finsh | Now_lr 0.00304                  32,784
[TRAINER2] │    │    └─BatchNorm2d: 3-5             32
[TRAINER2] │    │    └─GELU: 3-6                    --
[TRAINER2] │    └─PositionalEmbedding: 2-3          --
[TRAINER2] ├─Flatten: 1-2                           --
[TRAINER2] ├─Linear: 1-3                            18
[TRAINER2] ├─AttnRefine: 1-4                        --
[TRAINER2] │    └─MyAttention: 2-4                  --
[TRAINER2] │    │    └─Attention: 3-7               800
[TRAINER2] │    └─Refine: 2-5                       --
[TRAINER2] │    │    └─Conv1d: 3-8                  784
[TRAINER2] │    │    └─BatchNorm1d: 3-9             32
[TRAINER2] │    │    └─ELU: 3-10                    --
[TRAINER2] │    │    └─MaxPool1d: 3-11              --
[TRAINER2] │    └─AdaptiveAvgPool1d: 2-6            --
[TRAINER2] │    └─Linear: 2-7                       68
[TRAINER2] │    └─Flatten: 2-8                      --
[TRAINER2] ├─AttnRefine: 1-5                        --
[TRAINER2] │    └─MyAttention: 2-9                  --
[TRAINER2] │    │    └─Attention: 3-12              800
[TRAINER2] │    └─Refine: 2-10                      --
[TRAINER2] │    │    └─Conv1d: 3-13                 784
[TRAINER2] │    │    └─BatchNorm1d: 3-14            32
[TRAINER2] │    │    └─ELU: 3-15                    --
[TRAINER2] │    │    └─MaxPool1d: 3-16              --
[TRAINER2] │    └─AdaptiveAvgPool1d: 2-11           --
[TRAINER2] │    └─Linear: 2-12                      68
[TRAINER2] │    └─Flatten: 2-13                     --
[TRAINER2] ├─GradientReversalLayer: 1-6             --
[TRAINER2] ├─SubjectDiscriminator: 1-7              --
[TRAINER2] │    └─Sequential: 2-14                  --
[TRAINER2] │    │    └─Linear: 3-17                 2,304
[TRAINER2] │    │    └─ReLU: 3-18                   --
[TRAINER2] │    │    └─Dropout: 3-19                --
[TRAINER2] │    │    └─Linear: 3-20                 32,896
[TRAINER2] │    │    └─ReLU: 3-21                   --
[TRAINER2] │    │    └─Dropout: 3-22                --
[TRAINER2] │    │    └─Linear: 3-23                 3,870
[TRAINER2] =================================================================
[TRAINER2] Total params: 75,976
[TRAINER2] Trainable params: 75,976
[TRAINER2] Non-trainable params: 0
[TRAINER2] =================================================================
[TRAINER2] TestSub: S[11, 12, 13, 14, 15] Epoch  1 Finsh | Now_lr 0.0007/0.0007 | Lambda 0.0040 | Train Loss 0.4927 | Domain Loss 2.9917 | Valid Loss 1.4277 | Train Acc 73.7701| Valid Acc 49.2317
[TRAINER2] Validation acc increase (0.000000 --> 49.231707) in epoch (1).  Saving model ...
[TRAINER2] TestSub: S[11, 12, 13, 14, 15] Epoch  2 Finsh | Now_lr 0.0007/0.0007 | Lambda 0.0080 | Train Loss 0.3270 | Domain Loss 2.8041 | Valid Loss 1.8385 | Train Acc 85.3271| Valid Acc 46.8415
[TRAINER2] TestSub: S[11, 12, 13, 14, 15] Epoch  3 Finsh | Now_lr 0.0007/0.0007 | Lambda 0.0119 | Train Loss 0.2565 | Domain Loss 2.8217 | Valid Loss 2.0337 | Train Acc 89.1342| Valid Acc 48.5152
[TRAINER2] TestSub: S[11, 12, 13, 14, 15] Epoch  4 Finsh | Now_lr 0.0007/0.0007 | Lambda 0.0158 | Train Loss 0.2126 | Domain Loss 2.9044 | Valid Loss 2.1353 | Train Acc 91.3065| Valid Acc 48.6982
[TRAINER2] TestSub: S[11, 12, 13, 14, 15] Epoch  5 Finsh | Now_lr 0.0007/0.0007 | Lambda 0.0196 | Train Loss 0.1790 | Domain Loss 2.9602 | Valid Loss 2.2232 | Train Acc 92.8198| Valid Acc 48.5244
[TRAINER2] TestSub: S[11, 12, 13, 14, 15] Epoch  6 Finsh | Now_lr 0.0007/0.0007 | Lambda 0.0233 | Train Loss 0.1509 | Domain Loss 2.9828 | Valid Loss 2.4314 | Train Acc 94.0321| Valid Acc 49.1341
[TRAINER2] TestSub: S[11, 12, 13, 14, 15] Epoch  7 Finsh | Now_lr 0.0007/0.0007 | Lambda 0.0269 | Train Loss 0.1320 | Domain Loss 2.9686 | Valid Loss 2.3746 | Train Acc 94.8079| Valid Acc 49.0030
[TRAINER2] TestSub: S[11, 12, 13, 14, 15] Epoch  8 Finsh | Now_lr 0.0007/0.0007 | Lambda 0.0304 | Train Loss 0.1112 | Domain Loss 2.9808 | Valid Loss 2.5846 | Train Acc 95.7308| Valid Acc 50.4695
[TRAINER2] Validation acc increase (49.231707 --> 50.469512) in epoch (8).  Saving model ...
[TRAINER2] TestSub: S[11, 12, 13, 14, 15] Epoch  9 Finsh | Now_lr 0.0007/0.0007 | Lambda 0.0338 | Train Loss 0.0980 | Domain Loss 2.9847 | Valid Loss 2.8202 | Train Acc 96.3223| Valid Acc 49.8963
[TRAINER2] TestSub: S[11, 12, 13, 14, 15] Epoch 10 Finsh | Now_lr 0.0007/0.0007 | Lambda 0.0370 | Train Loss 0.0877 | Domain Loss 3.0009 | Valid Loss 2.6446 | Train Acc 96.7662| Valid Acc 50.8110
[TRAINER2] Validation acc increase (50.469512 --> 50.810976) in epoch (10).  Saving model ...
[TRAINER2] TestSub: S[11, 12, 13, 14, 15] Epoch 11 Finsh | Now_lr 0.0007/0.0007 | Lambda 0.0400 | Train Loss 0.0783 | Domain Loss 3.0177 | Valid Loss 2.7653 | Train Acc 97.1431| Valid Acc 52.0671
[TRAINER2] Validation acc increase (50.810976 --> 52.067073) in epoch (11).  Saving model ...
[TRAINER2] TestSub: S[11, 12, 13, 14, 15] Epoch 12 Finsh | Now_lr 0.0007/0.0007 | Lambda 0.0430 | Train Loss 0.0741 | Domain Loss 3.0209 | Valid Loss 2.9068 | Train Acc 97.3279| Valid Acc 50.2287
[TRAINER2] TestSub: S[11, 12, 13, 14, 15] Epoch 13 Finsh | Now_lr 0.0007/0.0007 | Lambda 0.0457 | Train Loss 0.0688 | Domain Loss 3.0345 | Valid Loss 2.8853 | Train Acc 97.5043| Valid Acc 51.4726
[TRAINER2] TestSub: S[11, 12, 13, 14, 15] Epoch 14 Finsh | Now_lr 0.0007/0.0007 | Lambda 0.0483 | Train Loss 0.0616 | Domain Loss 3.0427 | Valid Loss 3.0014 | Train Acc 97.8210| Valid Acc 50.8018
[TRAINER2] TestSub: S[11, 12, 13, 14, 15] Epoch 15 Finsh | Now_lr 0.0007/0.0007 | Lambda 0.0508 | Train Loss 0.0591 | Domain Loss 3.0293 | Valid Loss 2.8776 | Train Acc 97.9061| Valid Acc 51.2713
[TRAINER2] TestSub: S[11, 12, 13, 14, 15] Epoch 16 Finsh | Now_lr 0.0007/0.0007 | Lambda 0.0531 | Train Loss 0.0546 | Domain Loss 3.0523 | Valid Loss 3.0458 | Train Acc 98.0715| Valid Acc 50.6159
[TRAINER2] TestSub: S[11, 12, 13, 14, 15] Epoch 17 Finsh | Now_lr 0.0007/0.0007 | Lambda 0.0553 | Train Loss 0.0508 | Domain Loss 3.0439 | Valid Loss 3.0377 | Train Acc 98.1907| Valid Acc 52.6159
[TRAINER2] Validation acc increase (52.067073 --> 52.615854) in epoch (17).  Saving model ...
[TRAINER2] TestSub: S[11, 12, 13, 14, 15] Epoch 18 Finsh | Now_lr 0.0007/0.0007 | Lambda 0.0573 | Train Loss 0.0492 | Domain Loss 3.0275 | Valid Loss 3.1004 | Train Acc 98.2782| Valid Acc 51.6159
[TRAINER2] TestSub: S[11, 12, 13, 14, 15] Epoch 19 Finsh | Now_lr 0.0007/0.0007 | Lambda 0.0592 | Train Loss 0.0458 | Domain Loss 3.0333 | Valid Loss 3.0489 | Train Acc 98.3639| Valid Acc 51.1433
[TRAINER2] TestSub: S[11, 12, 13, 14, 15] Epoch 20 Finsh | Now_lr 0.0007/0.0007 | Lambda 0.0609 | Train Loss 0.0464 | Domain Loss 3.0768 | Valid Loss 3.1983 | Train Acc 98.3688| Valid Acc 50.6280
[TRAINER2] TestSub: S[11, 12, 13, 14, 15] Epoch 21 Finsh | Now_lr 0.0007/0.0007 | Lambda 0.0625 | Train Loss 0.0416 | Domain Loss 3.0764 | Valid Loss 3.1294 | Train Acc 98.5098| Valid Acc 50.6707
[TRAINER2] TestSub: S[11, 12, 13, 14, 15] Epoch 22 Finsh | Now_lr 0.0007/0.0007 | Lambda 0.0640 | Train Loss 0.0413 | Domain Loss 3.0724 | Valid Loss 3.4009 | Train Acc 98.5415| Valid Acc 49.5671
[TRAINER2] TestSub: S[11, 12, 13, 14, 15] Epoch 23 Finsh | Now_lr 0.0007/0.0007 | Lambda 0.0654 | Train Loss 0.0394 | Domain Loss 3.0724 | Valid Loss 3.1628 | Train Acc 98.6412| Valid Acc 48.9756
[TRAINER2] TestSub: S[11, 12, 13, 14, 15] Epoch 24 Finsh | Now_lr 0.0007/0.0007 | Lambda 0.0667 | Train Loss 0.0371 | Domain Loss 3.0746 | Valid Loss 3.2732 | Train Acc 98.7087| Valid Acc 50.2835
[TRAINER2] TestSub: S[11, 12, 13, 14, 15] Epoch 25 Finsh | Now_lr 0.0007/0.0007 | Lambda 0.0679 | Train Loss 0.0354 | Domain Loss 3.0732 | Valid Loss 3.4917 | Train Acc 98.7682| Valid Acc 50.2683
[TRAINER2] TestSub: S[11, 12, 13, 14, 15] Epoch 26 Finsh | Now_lr 0.0007/0.0007 | Lambda 0.0689 | Train Loss 0.0342 | Domain Loss 3.0893 | Valid Loss 3.5067 | Train Acc 98.8236| Valid Acc 51.1098
[TRAINER2] TestSub: S[11, 12, 13, 14, 15] Epoch 2Discriminator: 1-7              --
[TRAINER1] │    └─Sequential: 2-14                  --
[TRAINER1] │    │    └─Linear: 3-17                 2,304
[TRAINER1] │    │    └─ReLU: 3-18                   --
[TRAINER1] │    │    └─Dropout: 3-19                --
[TRAINER1] │    │    └─Linear: 3-20                 32,896
[TRAINER1] │    │    └─ReLU: 3-21                   --
[TRAINER1] │    │    └─Dropout: 3-22                --
[TRAINER1] │    │    └─Linear: 3-23                 3,870
[TRAINER1] =================================================================
[TRAINER1] Total params: 75,976
[TRAINER1] Trainable params: 75,976
[TRAINER1] Non-trainable params: 0
[TRAINER1] =================================================================
[TRAINER1] TestSub: S[16, 17, 18, 19, 20] Epoch  1 Finsh | Now_lr 0.0010/0.0010 | Lambda 0.0040 | Train Loss 0.5025 | Domain Loss 2.9937 | Valid Loss 1.3549 | Train Acc 72.9453| Valid Acc 53.2562
[TRAINER1] Validation acc increase (0.000000 --> 53.256226) in epoch (1).  Saving model ...
[TRAINER1] TestSub: S[16, 17, 18, 19, 20] Epoch  2 Finsh | Now_lr 0.0010/0.0010 | Lambda 0.0080 | Train Loss 0.2909 | Domain Loss 2.8132 | Valid Loss 1.7518 | Train Acc 87.4404| Valid Acc 51.8463
[TRAINER1] TestSub: S[16, 17, 18, 19, 20] Epoch  3 Finsh | Now_lr 0.0010/0.0010 | Lambda 0.0119 | Train Loss 0.2274 | Domain Loss 2.8051 | Valid Loss 2.0095 | Train Acc 90.6280| Valid Acc 48.7793
[TRAINER1] TestSub: S[16, 17, 18, 19, 20] Epoch  4 Finsh | Now_lr 0.0010/0.0010 | Lambda 0.0158 | Train Loss 0.1890 | Domain Loss 2.8483 | Valid Loss 2.2383 | Train Acc 92.4668| Valid Acc 50.4120
[TRAINER1] TestSub: S[16, 17, 18, 19, 20] Epoch  5 Finsh | Now_lr 0.0010/0.0010 | Lambda 0.0196 | Train Loss 0.1608 | Domain Loss 2.8682 | Valid Loss 2.4720 | Train Acc 93.7804| Valid Acc 51.5625
[TRAINER1] TestSub: S[16, 17, 18, 19, 20] Epoch  6 Finsh | Now_lr 0.0010/0.0010 | Lambda 0.0233 | Train Loss 0.1342 | Domain Loss 2.8700 | Valid Loss 2.6239 | Train Acc 94.8148| Valid Acc 53.0884
[TRAINER1] TestSub: S[16, 17, 18, 19, 20] Epoch  7 Finsh | Now_lr 0.0010/0.0010 | Lambda 0.0269 | Train Loss 0.1184 | Domain Loss 2.8961 | Valid Loss 2.7967 | Train Acc 95.5109| Valid Acc 52.9572
[TRAINER1] TestSub: S[16, 17, 18, 19, 20] Epoch  8 Finsh | Now_lr 0.0010/0.0010 | Lambda 0.0304 | Train Loss 0.1063 | Domain Loss 2.9103 | Valid Loss 2.8883 | Train Acc 95.9568| Valid Acc 53.4515
[TRAINER1] Validation acc increase (53.256226 --> 53.451538) in epoch (8).  Saving model ...
[TRAINER1] TestSub: S[16, 17, 18, 19, 20] Epoch  9 Finsh | Now_lr 0.0010/0.0010 | Lambda 0.0338 | Train Loss 0.0950 | Domain Loss 2.8621 | Valid Loss 2.9348 | Train Acc 96.4752| Valid Acc 51.3245
[TRAINER1] TestSub: S[16, 17, 18, 19, 20] Epoch 10 Finsh | Now_lr 0.0010/0.0010 | Lambda 0.0370 | Train Loss 0.0836 | Domain Loss 2.9074 | Valid Loss 3.1593 | Train Acc 96.9145| Valid Acc 52.8107
[TRAINER1] TestSub: S[16, 17, 18, 19, 20] Epoch 11 Finsh | Now_lr 0.0010/0.0010 | Lambda 0.0400 | Train Loss 0.0767 | Domain Loss 2.8663 | Valid Loss 3.2199 | Train Acc 97.2042| Valid Acc 53.0579
[TRAINER1] TestSub: S[16, 17, 18, 19, 20] Epoch 12 Finsh | Now_lr 0.0010/0.0010 | Lambda 0.0430 | Train Loss 0.0704 | Domain Loss 2.8486 | Valid Loss 3.4186 | Train Acc 97.4202| Valid Acc 52.1057
[TRAINER1] TestSub: S[16, 17, 18, 19, 20] Epoch 13 Finsh | Now_lr 0.0010/0.0010 | Lambda 0.0457 | Train Loss 0.0663 | Domain Loss 2.9148 | Valid Loss 3.6905 | Train Acc 97.6307| Valid Acc 50.6134
[TRAINER1] TestSub: S[16, 17, 18, 19, 20] Epoch 14 Finsh | Now_lr 0.0010/0.0010 | Lambda 0.0483 | Train Loss 0.0624 | Domain Loss 2.8824 | Valid Loss 3.7807 | Train Acc 97.7299| Valid Acc 50.6561
[TRAINER1] TestSub: S[16, 17, 18, 19, 20] Epoch 15 Finsh | Now_lr 0.0010/0.0010 | Lambda 0.0508 | Train Loss 0.0588 | Domain Loss 2.9082 | Valid Loss 3.9379 | Train Acc 97.9033| Valid Acc 49.6002
[TRAINER1] TestSub: S[16, 17, 18, 19, 20] Epoch 16 Finsh | Now_lr 0.0010/0.0010 | Lambda 0.0531 | Train Loss 0.0543 | Domain Loss 2.9769 | Valid Loss 3.7481 | Train Acc 98.0803| Valid Acc 50.0732
[TRAINER1] TestSub: S[16, 17, 18, 19, 20] Epoch 17 Finsh | Now_lr 0.0010/0.0010 | Lambda 0.0553 | Train Loss 0.0515 | Domain Loss 2.9462 | Valid Loss 3.9260 | Train Acc 98.1655| Valid Acc 50.9918
[TRAINER1] TestSub: S[16, 17, 18, 19, 20] Epoch 18 Finsh | Now_lr 0.0010/0.0010 | Lambda 0.0573 | Train Loss 0.0492 | Domain Loss 2.9859 | Valid Loss 3.5555 | Train Acc 98.2337| Valid Acc 48.9594
[TRAINER1] TestSub: S[16, 17, 18, 19, 20] Epoch 19 Finsh | Now_lr 0.0010/0.0010 | Lambda 0.0592 | Train Loss 0.0449 | Domain Loss 2.9917 | Valid Loss 3.9759 | Train Acc 98.3876| Valid Acc 51.1810
[TRAINER1] TestSub: S[16, 17, 18, 19, 20] Epoch 20 Finsh | Now_lr 0.0010/0.0010 | Lambda 0.0609 | Train Loss 0.0425 | Domain Loss 2.9961 | Valid Loss 3.7321 | Train Acc 98.4704| Valid Acc 50.5188
[TRAINER1] TestSub: S[16, 17, 18, 19, 20] Epoch 21 Finsh | Now_lr 0.0010/0.0010 | Lambda 0.0625 | Train Loss 0.0412 | Domain Loss 2.9820 | Valid Loss 4.0047 | Train Acc 98.5306| Valid Acc 49.0204
[TRAINER1] TestSub: S[16, 17, 18, 19, 20] Epoch 22 Finsh | Now_lr 0.0010/0.0010 | Lambda 0.0640 | Train Loss 0.0407 | Domain Loss 2.9927 | Valid Loss 3.9859 | Train Acc 98.5519| Valid Acc 49.8779
[TRAINER1] TestSub: S[16, 17, 18, 19, 20] Epoch 23 Finsh | Now_lr 0.0010/0.0010 | Lambda 0.0654 | Train Loss 0.0390 | Domain Loss 3.0027 | Valid Loss 3.9144 | Train Acc 98.6182| Valid Acc 50.5188
[TRAINER1] TestSub: S[16, 17, 18, 19, 20] Epoch 24 Finsh | Now_lr 0.0010/0.0010 | Lambda 0.0667 | Train Loss 0.0354 | Domain Loss 2.9863 | Valid Loss 3.8207 | Train Acc 98.7168| Valid Acc 50.5493
[TRAINER1] TestSub: S[16, 17, 18, 19, 20] Epoch 25 Finsh | Now_lr 0.0010/0.0010 | Lambda 0.0679 | Train Loss 0.0361 | Domain Loss 3.0239 | Valid Loss 3.6551 | Train Acc 98.7533| Valid Acc 49.8444
[TRAINER1] TestSub: S[16, 17, 18, 19, 20] Epoch 26 Finsh | Now_lr 0.0010/0.0010 | Lambda 0.0689 | Train Loss 0.0331 | Domain Loss 3.0043 | Valid Loss 4.0039 | Train Acc 98.8458| Valid Acc 50.2899
[TRAINER1] TestSub: S[16, 17, 18, 19, 20] Epoch 27 Finsh | Now_lr 0.0010/0.0010 | Lambda 0.0699 | Train Loss 0.0325 | Domain Loss 3.0099 | Valid Loss 3.9002 | Train Acc 98.8446| Valid Acc 49.9084
[TRAINER1] TestSub: S[16, 17, 18, 19, 20] Epoch 28 Finsh | Now_lr 0.0010/0.0010 | Lambda 0.0708 | Train Loss 0.0341 | Domain Loss 2.9975 | Valid Loss 3.8198 | Train Acc 98.8263| Valid Acc 49.4171
[TRAINER1] TestSub: S[16, 17, 18, 19, 20] Epoch 29 Finsh | Now_lr 0.0010/0.0010 | Lambda 0.0717 | Train Loss 0.0317 | Domain Loss 3.0111 | Valid Loss 3.8458 | Train Acc 98.8762| Valid Acc 48.8373
[TRAINER1] TestSub: S[16, 17, 18, 19, 20] Epoch 30 Finsh | Now_lr 0.0010/0.0010 | Lambda 0.0724 | Train Loss 0.0299 | Domain Loss 3.0170 | Valid Loss 4.1900 | Train Acc 98.9413| Valid Acc 51.1749
[TRAINER1] TestSub: S[16, 17, 18, 19, 20] Epoch 31 Finsh | Now_lr 0.0010/0.0010 | Lambda 0.0731 | Train Loss 0.0287 | Domain Loss 3.0337 | Valid Loss 4.1250 | Train Acc 99.0052| Valid Acc 50.2441
[TRAINER1] TestSub: S[16, 17, 18, 19, 20] Epoch 32 Finsh | Now_lr 0.0010/0.0010 | Lambda 0.0737 | Train Loss 0.0296 | Domain Loss 3.0493 | Valid Loss 3.8708 | Train Acc 98.9632| Valid Acc 51.1597
[TRAINER1] TestSub: S[16, 17, 18, 19, 20] Epoch 33 Finsh | Now_lr 0.0010/0.0010 | Lambda 0.0743 | Train Loss 0.0273 | Domain Loss 3.0475 | Valid Loss 4.0728 | Train Acc 99.0721| Valid Acc 49.0723
[TRAINER1] TestSub: S[16, 17, 18, 19, 20] Epoch 34 Finsh | Now_lr 0.0010/0.0010 | Lambda 0.0748 | Train Loss 0.0261 | Domain Loss 3.0731 | Valid Loss 4.1555 | Train Acc 99.1190| Valid Acc 49.9176
[TRAINER1] TestSub: S[16, 17, 18, 19, 20] Epoch 35 Finsh | Now_lr 0.0010/0.0010 | Lambda 0.0753 | Train Loss 0.0271 | Domain Loss 3.0650 | Valid Loss 4.0682 | Train Acc 99.0672| Valid Acc 47.7539
[TRAINER1] TestSub: S[16, 17, 18, 19, 20] Epoch 36 Finsh | Now_lr 0.0010/0.0010 | Lambda 0.0757 | Train Loss 0.0250 | Domain Loss 3.0644 | Valid Loss 4.1887 | Train Acc 99.1397| Valid Acc 50.9705
[TRAINER1] TestSub: S[16, 17, 18, 19, 20] Epoch 37 Finsh | Now_lr 0.0010/0.0010 | Lambda 0.0761 | Train Loss 0.0236 | Domain Loss 3.0751 | Valid LoAcc 98.6093| Valid Acc 45.2516
[TRAINER4] TestSub: S[11, 12, 13, 14, 15] Epoch 22 Finsh | Now_lr 0.0008/0.0008 | Lambda 0.0961 | Train Loss 0.0407 | Domain Loss 3.2027 | Valid Loss 3.3887 | Train Acc 98.5400| Valid Acc 47.1765
[TRAINER4] TestSub: S[11, 12, 13, 14, 15] Epoch 23 Finsh | Now_lr 0.0008/0.0008 | Lambda 0.0981 | Train Loss 0.0380 | Domain Loss 3.2048 | Valid Loss 3.4371 | Train Acc 98.6859| Valid Acc 46.7318
[TRAINER4] TestSub: S[11, 12, 13, 14, 15] Epoch 24 Finsh | Now_lr 0.0008/0.0008 | Lambda 0.1000 | Train Loss 0.0374 | Domain Loss 3.2052 | Valid Loss 3.7201 | Train Acc 98.6804| Valid Acc 45.0171
[TRAINER4] TestSub: S[11, 12, 13, 14, 15] Epoch 25 Finsh | Now_lr 0.0008/0.0008 | Lambda 0.1018 | Train Loss 0.0376 | Domain Loss 3.2060 | Valid Loss 3.4338 | Train Acc 98.6701| Valid Acc 48.5441
[TRAINER4] TestSub: S[11, 12, 13, 14, 15] Epoch 26 Finsh | Now_lr 0.0008/0.0008 | Lambda 0.1034 | Train Loss 0.0342 | Domain Loss 3.2075 | Valid Loss 3.3975 | Train Acc 98.8160| Valid Acc 47.7796
[TRAINER4] TestSub: S[11, 12, 13, 14, 15] Epoch 27 Finsh | Now_lr 0.0008/0.0008 | Lambda 0.1049 | Train Loss 0.0347 | Domain Loss 3.2076 | Valid Loss 3.4726 | Train Acc 98.8227| Valid Acc 48.1512
[TRAINER4] TestSub: S[11, 12, 13, 14, 15] Epoch 28 Finsh | Now_lr 0.0008/0.0008 | Lambda 0.1062 | Train Loss 0.0330 | Domain Loss 3.2092 | Valid Loss 3.6345 | Train Acc 98.8720| Valid Acc 46.7654
[TRAINER4] TestSub: S[11, 12, 13, 14, 15] Epoch 29 Finsh | Now_lr 0.0008/0.0008 | Lambda 0.1075 | Train Loss 0.0341 | Domain Loss 3.2093 | Valid Loss 3.3171 | Train Acc 98.8166| Valid Acc 46.9359
[TRAINER4] TestSub: S[11, 12, 13, 14, 15] Epoch 30 Finsh | Now_lr 0.0008/0.0008 | Lambda 0.1086 | Train Loss 0.0324 | Domain Loss 3.2111 | Valid Loss 3.3166 | Train Acc 98.8829| Valid Acc 48.7086
[TRAINER4] TestSub: S[11, 12, 13, 14, 15] Epoch 31 Finsh | Now_lr 0.0008/0.0008 | Lambda 0.1097 | Train Loss 0.0316 | Domain Loss 3.2108 | Valid Loss 3.4713 | Train Acc 98.9565| Valid Acc 46.4851
[TRAINER4] Early stopping triggered after 31 epochs (30 epochs without improvement)
[TRAINER4] --------------------------------------------------
[TRAINER4] Test_Subject :S[11, 12, 13, 14, 15] |Best epoch:1 | Test Loss:1.2824 | Best Acc 53.0519 | Savemodel Acc 53.0519
[TRAINER4] --------------------------------------------------
[TRAINER4] 
[TRAINER4] ========== Fold 4 ==========
[TRAINER4] Train IDs: [1, 2, 3, 4, 5, 6, 7, 8, 9, 10, 11, 12, 13, 14, 15, 21, 22, 23, 24, 25, 26, 27, 28, 29, 30]
[TRAINER4] Val IDs:   [16, 17, 18, 19, 20]
[TRAINER4] train_data_shape(164500, 32, 128),val_data_shape(32900, 32, 128)
[TRAINER4] =================================================================
[TRAINER4] Layer (type:depth-idx)                   Param #
[TRAINER4] =================================================================
[TRAINER4] DARNet                                   --
[TRAINER4] ├─TokenEmbedding: 1-1                    --
[TRAINER4] │    └─Sequential: 2-1                   --
[TRAINER4] │    │    └─Conv2d: 3-1                  576
[TRAINER4] │    │    └─BatchNorm2d: 3-2             128
[TRAINER4] │    │    └─GELU: 3-3                    --
[TRAINER4] │    └─Sequential: 2-2                   --
[TRAINER4] │    │    └─Conv2d: 3-4                  32,784
[TRAINER4] │    │    └─BatchNorm2d: 3-5             32
[TRAINER4] │    │    └─GELU: 3-6                    --
[TRAINER4] │    └─PositionalEmbedding: 2-3          --
[TRAINER4] ├─Flatten: 1-2                           --
[TRAINER4] ├─Linear: 1-3                            18
[TRAINER4] ├─AttnRefine: 1-4                        --
[TRAINER4] │    └─MyAttention: 2-4                  --
[TRAINER4] │    │    └─Attention: 3-7               800
[TRAINER4] │    └─Refine: 2-5                       --
[TRAINER4] │    │    └─Conv1d: 3-8                  784
[TRAINER4] │    │    └─BatchNorm1d: 3-9             32
[TRAINER4] │    │    └─ELU: 3-10                    --
[TRAINER4] │    │    └─MaxPool1d: 3-11              --
[TRAINER4] │    └─AdaptiveAvgPool1d: 2-6            --
[TRAINER4] │    └─Linear: 2-7                       68
[TRAINER4] │    └─Flatten: 2-8                      --
[TRAINER4] ├─AttnRefine: 1-5                        --
[TRAINER4] │    └─MyAttention: 2-9                  --
[TRAINER4] │    │    └─Attention: 3-12              800
[TRAINER4] │    └─Refine: 2-10                      --
[TRAINER4] │    │    └─Conv1d: 3-13                 784
[TRAINER4] │    │    └─BatchNorm1d: 3-14            32
[TRAINER4] │    │    └─ELU: 3-15                    --
[TRAINER4] │    │    └─MaxPool1d: 3-16              --
[TRAINER4] │    └─AdaptiveAvgPool1d: 2-11           --
[TRAINER4] │    └─Linear: 2-12                      68
[TRAINER4] │    └─Flatten: 2-13                     --
[TRAINER4] ├─GradientReversalLayer: 1-6             --
[TRAINER4] ├─SubjectDiscriminator: 1-7              --
[TRAINER4] │    └─Sequential: 2-14                  --
[TRAINER4] │    │    └─Linear: 3-17                 2,304
[TRAINER4] │    │    └─ReLU: 3-18                   --
[TRAINER4] │    │    └─Dropout: 3-19                --
[TRAINER4] │    │    └─Linear: 3-20                 32,896
[TRAINER4] │    │    └─ReLU: 3-21                   --
[TRAINER4] │    │    └─Dropout: 3-22                --
[TRAINER4] │    │    └─Linear: 3-23                 3,870
[TRAINER4] =================================================================
[TRAINER4] Total params: 75,976
[TRAINER4] Trainable params: 75,976
[TRAINER4] Non-trainable params: 0
[TRAINER4] =================================================================
[TRAINER4] TestSub: S[16, 17, 18, 19, 20] Epoch  1 Finsh | Now_lr 0.0008/0.0008 | Lambda 0.0060 | Train Loss 0.4793 | Domain Loss 3.0274 | Valid Loss 1.2458 | Train Acc 75.3259| Valid Acc 50.7493
[TRAINER4] Validation acc increase (0.000000 --> 50.749269) in epoch (1).  Saving model ...
[TRAINER4] TestSub: S[16, 17, 18, 19, 20] Epoch  2 Finsh | Now_lr 0.0008/0.0008 | Lambda 0.0120 | Train Loss 0.3291 | Domain Loss 2.9775 | Valid Loss 1.6021 | Train Acc 85.2835| Valid Acc 49.7685
[TRAINER4] TestSub: S[16, 17, 18, 19, 20] Epoch  3 Finsh | Now_lr 0.0008/0.0008 | Lambda 0.0179 | Train Loss 0.2634 | Domain Loss 3.0413 | Valid Loss 1.7414 | Train Acc 88.7910| Valid Acc 48.6050
[TRAINER4] TestSub: S[16, 17, 18, 19, 20] Epoch  4 Finsh | Now_lr 0.0008/0.0008 | Lambda 0.0237 | Train Loss 0.2051 | Domain Loss 3.0367 | Valid Loss 2.0215 | Train Acc 91.6010| Valid Acc 46.7288
[TRAINER4] TestSub: S[16, 17, 18, 19, 20] Epoch  5 Finsh | Now_lr 0.0008/0.0008 | Lambda 0.0294 | Train Loss 0.1640 | Domain Loss 3.0761 | Valid Loss 2.5136 | Train Acc 93.4910| Valid Acc 43.3723
[TRAINER4] TestSub: S[16, 17, 18, 19, 20] Epoch  6 Finsh | Now_lr 0.0008/0.0008 | Lambda 0.0350 | Train Loss 0.1347 | Domain Loss 3.1124 | Valid Loss 2.4736 | Train Acc 94.6822| Valid Acc 43.2992
[TRAINER4] TestSub: S[16, 17, 18, 19, 20] Epoch  7 Finsh | Now_lr 0.0008/0.0008 | Lambda 0.0404 | Train Loss 0.1154 | Domain Loss 3.1343 | Valid Loss 2.8037 | Train Acc 95.5098| Valid Acc 43.6495
[TRAINER4] TestSub: S[16, 17, 18, 19, 20] Epoch  8 Finsh | Now_lr 0.0008/0.0008 | Lambda 0.0456 | Train Loss 0.1013 | Domain Loss 3.1588 | Valid Loss 2.8528 | Train Acc 96.1313| Valid Acc 43.9632
[TRAINER4] TestSub: S[16, 17, 18, 19, 20] Epoch  9 Finsh | Now_lr 0.0008/0.0008 | Lambda 0.0506 | Train Loss 0.0891 | Domain Loss 3.1849 | Valid Loss 2.8149 | Train Acc 96.6841| Valid Acc 43.4454
[TRAINER4] TestSub: S[16, 17, 18, 19, 20] Epoch 10 Finsh | Now_lr 0.0008/0.0008 | Lambda 0.0555 | Train Loss 0.0815 | Domain Loss 3.1924 | Valid Loss 2.8374 | Train Acc 96.9845| Valid Acc 45.1693
[TRAINER4] TestSub: S[16, 17, 18, 19, 20] Epoch 11 Finsh | Now_lr 0.0008/0.0008 | Lambda 0.0601 | Train Loss 0.0738 | Domain Loss 3.1954 | Valid Loss 2.7864 | Train Acc 97.3080| Valid Acc 45.3186
[TRAINER4] TestSub: S[16, 17, 18, 19, 20] Epoch 12 Finsh | Now_lr 0.0008/0.48 | Domain Loss 3.2035 | Valid Loss 2.2655 | Train Acc 93.1627| Valid Acc 46.4190
[TRAINER3] TestSub: S[11, 12, 13, 14, 15] Epoch 18 Finsh | Now_lr 0.0100/0.0100 | Lambda 0.1074 | Train Loss 0.1638 | Domain Loss 3.2048 | Valid Loss 2.3439 | Train Acc 93.5573| Valid Acc 46.6622
[TRAINER3] TestSub: S[11, 12, 13, 14, 15] Epoch 19 Finsh | Now_lr 0.0100/0.0100 | Lambda 0.1110 | Train Loss 0.1534 | Domain Loss 3.2073 | Valid Loss 2.4263 | Train Acc 94.0680| Valid Acc 46.1120
[TRAINER3] TestSub: S[11, 12, 13, 14, 15] Epoch 20 Finsh | Now_lr 0.0100/0.0100 | Lambda 0.1142 | Train Loss 0.1462 | Domain Loss 3.2093 | Valid Loss 2.3035 | Train Acc 94.3501| Valid Acc 47.1851
[TRAINER3] TestSub: S[11, 12, 13, 14, 15] Epoch 21 Finsh | Now_lr 0.0100/0.0100 | Lambda 0.1173 | Train Loss 0.1390 | Domain Loss 3.2108 | Valid Loss 2.3966 | Train Acc 94.6334| Valid Acc 47.7322
[TRAINER3] TestSub: S[11, 12, 13, 14, 15] Epoch 22 Finsh | Now_lr 0.0100/0.0100 | Lambda 0.1201 | Train Loss 0.1316 | Domain Loss 3.2111 | Valid Loss 2.4662 | Train Acc 94.9289| Valid Acc 45.1696
[TRAINER3] TestSub: S[11, 12, 13, 14, 15] Epoch 23 Finsh | Now_lr 0.0100/0.0100 | Lambda 0.1227 | Train Loss 0.1241 | Domain Loss 3.2118 | Valid Loss 2.5408 | Train Acc 95.3180| Valid Acc 45.9174
[TRAINER3] TestSub: S[11, 12, 13, 14, 15] Epoch 24 Finsh | Now_lr 0.0100/0.0100 | Lambda 0.1250 | Train Loss 0.1162 | Domain Loss 3.2130 | Valid Loss 2.4086 | Train Acc 95.6286| Valid Acc 46.9632
[TRAINER3] TestSub: S[11, 12, 13, 14, 15] Epoch 25 Finsh | Now_lr 0.0100/0.0100 | Lambda 0.1272 | Train Loss 0.1117 | Domain Loss 3.2136 | Valid Loss 2.5047 | Train Acc 95.8287| Valid Acc 49.2856
[TRAINER3] TestSub: S[11, 12, 13, 14, 15] Epoch 26 Finsh | Now_lr 0.0100/0.0100 | Lambda 0.1293 | Train Loss 0.1065 | Domain Loss 3.2146 | Valid Loss 2.6261 | Train Acc 96.0165| Valid Acc 45.6986
[TRAINER3] TestSub: S[11, 12, 13, 14, 15] Epoch 27 Finsh | Now_lr 0.0100/0.0100 | Lambda 0.1311 | Train Loss 0.1042 | Domain Loss 3.2148 | Valid Loss 2.7209 | Train Acc 96.1296| Valid Acc 47.2884
[TRAINER3] TestSub: S[11, 12, 13, 14, 15] Epoch 28 Finsh | Now_lr 0.0100/0.0100 | Lambda 0.1328 | Train Loss 0.0952 | Domain Loss 3.2148 | Valid Loss 2.6832 | Train Acc 96.4786| Valid Acc 47.1273
[TRAINER3] TestSub: S[11, 12, 13, 14, 15] Epoch 29 Finsh | Now_lr 0.0100/0.0100 | Lambda 0.1344 | Train Loss 0.0969 | Domain Loss 3.2155 | Valid Loss 2.5011 | Train Acc 96.4397| Valid Acc 46.9297
[TRAINER3] TestSub: S[11, 12, 13, 14, 15] Epoch 30 Finsh | Now_lr 0.0100/0.0100 | Lambda 0.1358 | Train Loss 0.0956 | Domain Loss 3.2160 | Valid Loss 2.5619 | Train Acc 96.4470| Valid Acc 50.2462
[TRAINER3] Validation acc increase (49.392023 --> 50.246231) in epoch (30).  Saving model ...
[TRAINER3] TestSub: S[11, 12, 13, 14, 15] Epoch 31 Finsh | Now_lr 0.0100/0.0100 | Lambda 0.1371 | Train Loss 0.0925 | Domain Loss 3.2155 | Valid Loss 2.6331 | Train Acc 96.5905| Valid Acc 49.9453
[TRAINER3] TestSub: S[11, 12, 13, 14, 15] Epoch 32 Finsh | Now_lr 0.0100/0.0100 | Lambda 0.1383 | Train Loss 0.0890 | Domain Loss 3.2164 | Valid Loss 2.6618 | Train Acc 96.7285| Valid Acc 49.9210
[TRAINER3] TestSub: S[11, 12, 13, 14, 15] Epoch 33 Finsh | Now_lr 0.0100/0.0100 | Lambda 0.1393 | Train Loss 0.0882 | Domain Loss 3.2168 | Valid Loss 2.4665 | Train Acc 96.7868| Valid Acc 50.9424
[TRAINER3] Validation acc increase (50.246231 --> 50.942364) in epoch (33).  Saving model ...
[TRAINER3] TestSub: S[11, 12, 13, 14, 15] Epoch 34 Finsh | Now_lr 0.0100/0.0100 | Lambda 0.1403 | Train Loss 0.0859 | Domain Loss 3.2165 | Valid Loss 2.7698 | Train Acc 96.8574| Valid Acc 51.2768
[TRAINER3] Validation acc increase (50.942364 --> 51.276751) in epoch (34).  Saving model ...
[TRAINER3] TestSub: S[11, 12, 13, 14, 15] Epoch 35 Finsh | Now_lr 0.0100/0.0100 | Lambda 0.1412 | Train Loss 0.0835 | Domain Loss 3.2172 | Valid Loss 2.4801 | Train Acc 96.9607| Valid Acc 47.8599
[TRAINER3] TestSub: S[11, 12, 13, 14, 15] Epoch 36 Finsh | Now_lr 0.0100/0.0100 | Lambda 0.1420 | Train Loss 0.0818 | Domain Loss 3.2174 | Valid Loss 2.7130 | Train Acc 97.0319| Valid Acc 48.8448
[TRAINER3] TestSub: S[11, 12, 13, 14, 15] Epoch 37 Finsh | Now_lr 0.0100/0.0100 | Lambda 0.1428 | Train Loss 0.0802 | Domain Loss 3.2171 | Valid Loss 2.4504 | Train Acc 97.1218| Valid Acc 49.8146
[TRAINER3] TestSub: S[11, 12, 13, 14, 15] Epoch 38 Finsh | Now_lr 0.0100/0.0100 | Lambda 0.1434 | Train Loss 0.0784 | Domain Loss 3.2180 | Valid Loss 2.8919 | Train Acc 97.2027| Valid Acc 49.7386
[TRAINER3] TestSub: S[11, 12, 13, 14, 15] Epoch 39 Finsh | Now_lr 0.0100/0.0100 | Lambda 0.1440 | Train Loss 0.0781 | Domain Loss 3.2179 | Valid Loss 2.3943 | Train Acc 97.2197| Valid Acc 50.9028
[TRAINER3] TestSub: S[11, 12, 13, 14, 15] Epoch 40 Finsh | Now_lr 0.0100/0.0100 | Lambda 0.1446 | Train Loss 0.0762 | Domain Loss 3.2184 | Valid Loss 2.3379 | Train Acc 97.2598| Valid Acc 49.6109
[TRAINER3] TestSub: S[11, 12, 13, 14, 15] Epoch 41 Finsh | Now_lr 0.0100/0.0100 | Lambda 0.1451 | Train Loss 0.0765 | Domain Loss 3.2185 | Valid Loss 2.7797 | Train Acc 97.2605| Valid Acc 48.3311
[TRAINER3] TestSub: S[11, 12, 13, 14, 15] Epoch 42 Finsh | Now_lr 0.0100/0.0100 | Lambda 0.1456 | Train Loss 0.0753 | Domain Loss 3.2184 | Valid Loss 2.4978 | Train Acc 97.3127| Valid Acc 49.8997
[TRAINER3] TestSub: S[11, 12, 13, 14, 15] Epoch 43 Finsh | Now_lr 0.0100/0.0100 | Lambda 0.1460 | Train Loss 0.0751 | Domain Loss 3.2183 | Valid Loss 2.7296 | Train Acc 97.2696| Valid Acc 46.4129
[TRAINER3] TestSub: S[11, 12, 13, 14, 15] Epoch 44 Finsh | Now_lr 0.0100/0.0100 | Lambda 0.1464 | Train Loss 0.0727 | Domain Loss 3.2188 | Valid Loss 2.5715 | Train Acc 97.3918| Valid Acc 49.2522
[TRAINER3] TestSub: S[11, 12, 13, 14, 15] Epoch 45 Finsh | Now_lr 0.0100/0.0100 | Lambda 0.1467 | Train Loss 0.0703 | Domain Loss 3.2192 | Valid Loss 2.6601 | Train Acc 97.4690| Valid Acc 49.4498
[TRAINER3] TestSub: S[11, 12, 13, 14, 15] Epoch 46 Finsh | Now_lr 0.0100/0.0100 | Lambda 0.1470 | Train Loss 0.0718 | Domain Loss 3.2197 | Valid Loss 2.4873 | Train Acc 97.4392| Valid Acc 52.4866
[TRAINER3] Validation acc increase (51.276751 --> 52.486625) in epoch (46).  Saving model ...
[TRAINER3] TestSub: S[11, 12, 13, 14, 15] Epoch 47 Finsh | Now_lr 0.0100/0.0100 | Lambda 0.1473 | Train Loss 0.0735 | Domain Loss 3.2188 | Valid Loss 2.5466 | Train Acc 97.3644| Valid Acc 48.6594
[TRAINER3] TestSub: S[11, 12, 13, 14, 15] Epoch 48 Finsh | Now_lr 0.0100/0.0100 | Lambda 0.1476 | Train Loss 0.0705 | Domain Loss 3.2189 | Valid Loss 2.3523 | Train Acc 97.4732| Valid Acc 51.0822
[TRAINER3] TestSub: S[11, 12, 13, 14, 15] Epoch 49 Finsh | Now_lr 0.0100/0.0100 | Lambda 0.1478 | Train Loss 0.0697 | Domain Loss 3.2194 | Valid Loss 2.6060 | Train Acc 97.4884| Valid Acc 49.4771
[TRAINER3] TestSub: S[11, 12, 13, 14, 15] Epoch 50 Finsh | Now_lr 0.0100/0.0100 | Lambda 0.1480 | Train Loss 0.0703 | Domain Loss 3.2193 | Valid Loss 2.5549 | Train Acc 97.4897| Valid Acc 52.0276
[TRAINER3] TestSub: S[11, 12, 13, 14, 15] Epoch 51 Finsh | Now_lr 0.0100/0.0100 | Lambda 0.1482 | Train Loss 0.0693 | Domain Loss 3.2196 | Valid Loss 2.6064 | Train Acc 97.5681| Valid Acc 53.1372
[TRAINER3] Validation acc increase (52.486625 --> 53.137160) in epoch (51).  Saving model ...
[TRAINER3] TestSub: S[11, 12, 13, 14, 15] Epoch 52 Finsh | Now_lr 0.0100/0.0100 | Lambda 0.1484 | Train Loss 0.0689 | Domain Loss 3.2197 | Valid Loss 2.6931 | Train Acc 97.5097| Valid Acc 51.0822
[TRAINER3] TestSub: S[11, 12, 13, 14, 15] Epoch 53 Finsh | Now_lr 0.0100/0.0100 | Lambda 0.1485 | Train Loss 0.0696 | Domain Loss 3.2196 | Valid Loss 2.7353 | Train Acc 97.5201| Valid Acc 51.2464
[TRAINER3] TestSub: S[11, 12, 13, 14, 15] Epoch 54 Finsh | Now_lr 0.0100/0.0100 | Lambda 0.1487 | Train Loss 0.0680 | Domain Loss 3.2196 | Valid Loss 2.6639 | Train Acc 97.5790| Valid Acc 50.6414
[TRAINER3] TestSub: S[11, 12, 13, 14, 15] Epoch 55 Finsh | Now_lr 0.0100/0.0100 | Lambda 0.1488 | Train Loss 0.0686 | Domain Loss 3.2193 | Valid Loss 2.6617 | Train Acc 97.5778| Valid Acc 51.9486
[TRAINER3] TestSub: S[11, 12, 13, 14, 15] Epoch 56 Finsh | Now_lr 0.0100/0.0100 | Lambda 0.1489 | Train Loss 0.0690 | Domain Loss 3.2196 | Valid Loss 2.4675 | Train Acc 97.5389| Valid Acc 52.─Attention: 3-7               800
[TRAINER5] │    └─Refine: 2-5                       --
[TRAINER5] │    │    └─Conv1d: 3-8                  784
[TRAINER5] │    │    └─BatchNorm1d: 3-9             32
[TRAINER5] │    │    └─ELU: 3-10                    --
[TRAINER5] │    │    └─MaxPool1d: 3-11              --
[TRAINER5] │    └─AdaptiveAvgPool1d: 2-6            --
[TRAINER5] │    └─Linear: 2-7                       68
[TRAINER5] │    └─Flatten: 2-8                      --
[TRAINER5] ├─AttnRefine: 1-5                        --
[TRAINER5] │    └─MyAttention: 2-9                  --
[TRAINER5] │    │    └─Attention: 3-12              800
[TRAINER5] │    └─Refine: 2-10                      --
[TRAINER5] │    │    └─Conv1d: 3-13                 784
[TRAINER5] │    │    └─BatchNorm1d: 3-14            32
[TRAINER5] │    │    └─ELU: 3-15                    --
[TRAINER5] │    │    └─MaxPool1d: 3-16              --
[TRAINER5] │    └─AdaptiveAvgPool1d: 2-11           --
[TRAINER5] │    └─Linear: 2-12                      68
[TRAINER5] │    └─Flatten: 2-13                     --
[TRAINER5] ├─GradientReversalLayer: 1-6             --
[TRAINER5] ├─SubjectDiscriminator: 1-7              --
[TRAINER5] │    └─Sequential: 2-14                  --
[TRAINER5] │    │    └─Linear: 3-17                 2,304
[TRAINER5] │    │    └─ReLU: 3-18                   --
[TRAINER5] │    │    └─Dropout: 3-19                --
[TRAINER5] │    │    └─Linear: 3-20                 32,896
[TRAINER5] │    │    └─ReLU: 3-21                   --
[TRAINER5] │    │    └─Dropout: 3-22                --
[TRAINER5] │    │    └─Linear: 3-23                 3,870
[TRAINER5] =================================================================
[TRAINER5] Total params: 75,976
[TRAINER5] Trainable params: 75,976
[TRAINER5] Non-trainable params: 0
[TRAINER5] =================================================================
[TRAINER5] TestSub: S[11, 12, 13, 14, 15] Epoch  1 Finsh | Now_lr 0.0005/0.0005 | Lambda 0.0050 | Train Loss 0.4804 | Domain Loss 3.0478 | Valid Loss 1.3949 | Train Acc 74.6498| Valid Acc 49.3130
[TRAINER5] Validation acc increase (0.000000 --> 49.312986) in epoch (1).  Saving model ...
[TRAINER5] TestSub: S[11, 12, 13, 14, 15] Epoch  2 Finsh | Now_lr 0.0005/0.0005 | Lambda 0.0100 | Train Loss 0.3145 | Domain Loss 2.8962 | Valid Loss 1.7596 | Train Acc 85.7843| Valid Acc 51.6628
[TRAINER5] Validation acc increase (49.312986 --> 51.662816) in epoch (2).  Saving model ...
[TRAINER5] TestSub: S[11, 12, 13, 14, 15] Epoch  3 Finsh | Now_lr 0.0005/0.0005 | Lambda 0.0149 | Train Loss 0.2551 | Domain Loss 2.9196 | Valid Loss 1.9141 | Train Acc 89.0303| Valid Acc 51.6993
[TRAINER5] Validation acc increase (51.662816 --> 51.699295) in epoch (3).  Saving model ...
[TRAINER5] TestSub: S[11, 12, 13, 14, 15] Epoch  4 Finsh | Now_lr 0.0005/0.0005 | Lambda 0.0197 | Train Loss 0.2065 | Domain Loss 2.9754 | Valid Loss 2.2516 | Train Acc 91.5212| Valid Acc 49.2643
[TRAINER5] TestSub: S[11, 12, 13, 14, 15] Epoch  5 Finsh | Now_lr 0.0005/0.0005 | Lambda 0.0245 | Train Loss 0.1622 | Domain Loss 3.0004 | Valid Loss 2.4609 | Train Acc 93.5907| Valid Acc 49.9970
[TRAINER5] TestSub: S[11, 12, 13, 14, 15] Epoch  6 Finsh | Now_lr 0.0005/0.0005 | Lambda 0.0291 | Train Loss 0.1310 | Domain Loss 3.0197 | Valid Loss 2.7458 | Train Acc 94.9015| Valid Acc 47.8295
[TRAINER5] TestSub: S[11, 12, 13, 14, 15] Epoch  7 Finsh | Now_lr 0.0005/0.0005 | Lambda 0.0336 | Train Loss 0.1074 | Domain Loss 3.0290 | Valid Loss 3.0687 | Train Acc 95.8974| Valid Acc 47.6684
[TRAINER5] TestSub: S[11, 12, 13, 14, 15] Epoch  8 Finsh | Now_lr 0.0005/0.0005 | Lambda 0.0380 | Train Loss 0.0907 | Domain Loss 3.0392 | Valid Loss 3.2191 | Train Acc 96.6154| Valid Acc 48.4223
[TRAINER5] TestSub: S[11, 12, 13, 14, 15] Epoch  9 Finsh | Now_lr 0.0005/0.0005 | Lambda 0.0422 | Train Loss 0.0792 | Domain Loss 3.0566 | Valid Loss 3.1138 | Train Acc 97.0513| Valid Acc 49.2583
[TRAINER5] TestSub: S[11, 12, 13, 14, 15] Epoch 10 Finsh | Now_lr 0.0005/0.0005 | Lambda 0.0462 | Train Loss 0.0696 | Domain Loss 3.0341 | Valid Loss 3.2010 | Train Acc 97.4988| Valid Acc 48.5135
[TRAINER5] TestSub: S[11, 12, 13, 14, 15] Epoch 11 Finsh | Now_lr 0.0005/0.0005 | Lambda 0.0501 | Train Loss 0.0644 | Domain Loss 3.0599 | Valid Loss 3.1973 | Train Acc 97.6860| Valid Acc 48.5135
[TRAINER5] TestSub: S[11, 12, 13, 14, 15] Epoch 12 Finsh | Now_lr 0.0005/0.0005 | Lambda 0.0537 | Train Loss 0.0581 | Domain Loss 3.0706 | Valid Loss 3.0969 | Train Acc 97.9098| Valid Acc 49.7750
[TRAINER5] TestSub: S[11, 12, 13, 14, 15] Epoch 13 Finsh | Now_lr 0.0005/0.0005 | Lambda 0.0572 | Train Loss 0.0529 | Domain Loss 3.0999 | Valid Loss 3.4323 | Train Acc 98.1141| Valid Acc 47.9815
[TRAINER5] TestSub: S[11, 12, 13, 14, 15] Epoch 14 Finsh | Now_lr 0.0005/0.0005 | Lambda 0.0604 | Train Loss 0.0493 | Domain Loss 3.1210 | Valid Loss 3.3738 | Train Acc 98.2296| Valid Acc 49.0850
[TRAINER5] TestSub: S[11, 12, 13, 14, 15] Epoch 15 Finsh | Now_lr 0.0005/0.0005 | Lambda 0.0635 | Train Loss 0.0471 | Domain Loss 3.1216 | Valid Loss 3.2087 | Train Acc 98.3335| Valid Acc 49.7446
[TRAINER5] TestSub: S[11, 12, 13, 14, 15] Epoch 16 Finsh | Now_lr 0.0005/0.0005 | Lambda 0.0664 | Train Loss 0.0441 | Domain Loss 3.1332 | Valid Loss 3.1739 | Train Acc 98.4199| Valid Acc 49.2461
[TRAINER5] TestSub: S[11, 12, 13, 14, 15] Epoch 17 Finsh | Now_lr 0.0005/0.0005 | Lambda 0.0691 | Train Loss 0.0398 | Domain Loss 3.1479 | Valid Loss 3.4289 | Train Acc 98.6618| Valid Acc 49.8693
[TRAINER5] TestSub: S[11, 12, 13, 14, 15] Epoch 18 Finsh | Now_lr 0.0005/0.0005 | Lambda 0.0716 | Train Loss 0.0370 | Domain Loss 3.1425 | Valid Loss 3.6672 | Train Acc 98.6880| Valid Acc 49.0820
[TRAINER5] TestSub: S[11, 12, 13, 14, 15] Epoch 19 Finsh | Now_lr 0.0005/0.0005 | Lambda 0.0740 | Train Loss 0.0367 | Domain Loss 3.1421 | Valid Loss 3.3437 | Train Acc 98.7135| Valid Acc 51.4166
[TRAINER5] TestSub: S[11, 12, 13, 14, 15] Epoch 20 Finsh | Now_lr 0.0005/0.0005 | Lambda 0.0762 | Train Loss 0.0358 | Domain Loss 3.1495 | Valid Loss 3.3086 | Train Acc 98.7281| Valid Acc 51.1096
[TRAINER5] TestSub: S[11, 12, 13, 14, 15] Epoch 21 Finsh | Now_lr 0.0005/0.0005 | Lambda 0.0782 | Train Loss 0.0327 | Domain Loss 3.1527 | Valid Loss 3.4272 | Train Acc 98.8467| Valid Acc 50.8025
[TRAINER5] TestSub: S[11, 12, 13, 14, 15] Epoch 22 Finsh | Now_lr 0.0005/0.0005 | Lambda 0.0800 | Train Loss 0.0324 | Domain Loss 3.1454 | Valid Loss 3.4735 | Train Acc 98.8716| Valid Acc 52.0671
[TRAINER5] Validation acc increase (51.699295 --> 52.067121) in epoch (22).  Saving model ...
[TRAINER5] TestSub: S[11, 12, 13, 14, 15] Epoch 23 Finsh | Now_lr 0.0005/0.0005 | Lambda 0.0818 | Train Loss 0.0314 | Domain Loss 3.1558 | Valid Loss 3.4114 | Train Acc 98.9160| Valid Acc 50.9940
[TRAINER5] TestSub: S[11, 12, 13, 14, 15] Epoch 24 Finsh | Now_lr 0.0005/0.0005 | Lambda 0.0834 | Train Loss 0.0285 | Domain Loss 3.1598 | Valid Loss 3.4808 | Train Acc 99.0248| Valid Acc 50.9393
[TRAINER5] TestSub: S[11, 12, 13, 14, 15] Epoch 25 Finsh | Now_lr 0.0005/0.0005 | Lambda 0.0848 | Train Loss 0.0275 | Domain Loss 3.1655 | Valid Loss 3.5113 | Train Acc 99.0242| Valid Acc 52.0519
[TRAINER5] TestSub: S[11, 12, 13, 14, 15] Epoch 26 Finsh | Now_lr 0.0005/0.0005 | Lambda 0.0862 | Train Loss 0.0262 | Domain Loss 3.1635 | Valid Loss 3.5706 | Train Acc 99.1045| Valid Acc 50.4347
[TRAINER5] TestSub: S[11, 12, 13, 14, 15] Epoch 27 Finsh | Now_lr 0.0005/0.0005 | Lambda 0.0874 | Train Loss 0.0262 | Domain Loss 3.1670 | Valid Loss 3.4940 | Train Acc 99.1014| Valid Acc 50.9484
[TRAINER5] TestSub: S[11, 12, 13, 14, 15] Epoch 28 Finsh | Now_lr 0.0005/0.0005 | Lambda 0.0885 | Train Loss 0.0247 | Domain Loss 3.1667 | Valid Loss 3.5357 | Train Acc 99.1780| Valid Acc 50.5989
[TRAINER5] TestSub: S[11, 12, 13, 14, 15] Epoch 29 Finsh | Now_lr 0.0005/0.0005 | Lambda 0.0896 | Train Loss 0.0245 | Domain Loss 3.1640 | Valid Loss 3.7359 | Train Acc 99.1750| Valid Acc 50.4225
[TRAINER5] TestSub: S[11, 12, 13, 1/0.0030 | Lambda 0.0800 | Train Loss 0.0843 | Domain Loss 3.2197 | Valid Loss 2.2678 | Train Acc 96.9115| Valid Acc 51.2859
[TRAINER6] TestSub: S[1, 2, 3, 4, 5] Epoch 85 Finsh | Now_lr 0.0030/0.0030 | Lambda 0.0800 | Train Loss 0.0859 | Domain Loss 3.2190 | Valid Loss 2.1711 | Train Acc 96.8957| Valid Acc 51.2129
[TRAINER6] TestSub: S[1, 2, 3, 4, 5] Epoch 86 Finsh | Now_lr 0.0030/0.0030 | Lambda 0.0800 | Train Loss 0.0868 | Domain Loss 3.2200 | Valid Loss 2.3765 | Train Acc 96.8233| Valid Acc 50.9545
[TRAINER6] TestSub: S[1, 2, 3, 4, 5] Epoch 87 Finsh | Now_lr 0.0030/0.0030 | Lambda 0.0800 | Train Loss 0.0871 | Domain Loss 3.2204 | Valid Loss 2.2243 | Train Acc 96.8118| Valid Acc 51.3163
[TRAINER6] TestSub: S[1, 2, 3, 4, 5] Epoch 88 Finsh | Now_lr 0.0030/0.0030 | Lambda 0.0800 | Train Loss 0.0846 | Domain Loss 3.2203 | Valid Loss 2.3793 | Train Acc 96.9176| Valid Acc 51.5139
[TRAINER6] TestSub: S[1, 2, 3, 4, 5] Epoch 89 Finsh | Now_lr 0.0030/0.0030 | Lambda 0.0800 | Train Loss 0.0847 | Domain Loss 3.2200 | Valid Loss 2.4889 | Train Acc 96.9157| Valid Acc 52.1340
[TRAINER6] TestSub: S[1, 2, 3, 4, 5] Epoch 90 Finsh | Now_lr 0.0030/0.0030 | Lambda 0.0800 | Train Loss 0.0831 | Domain Loss 3.2203 | Valid Loss 2.4175 | Train Acc 96.9291| Valid Acc 51.6719
[TRAINER6] TestSub: S[1, 2, 3, 4, 5] Epoch 91 Finsh | Now_lr 0.0030/0.0030 | Lambda 0.0800 | Train Loss 0.0856 | Domain Loss 3.2193 | Valid Loss 2.4868 | Train Acc 96.8805| Valid Acc 50.0486
[TRAINER6] TestSub: S[1, 2, 3, 4, 5] Epoch 92 Finsh | Now_lr 0.0030/0.0030 | Lambda 0.0800 | Train Loss 0.0850 | Domain Loss 3.2198 | Valid Loss 2.2708 | Train Acc 96.8993| Valid Acc 50.1490
[TRAINER6] TestSub: S[1, 2, 3, 4, 5] Epoch 93 Finsh | Now_lr 0.0030/0.0030 | Lambda 0.0800 | Train Loss 0.0857 | Domain Loss 3.2200 | Valid Loss 2.3550 | Train Acc 96.9236| Valid Acc 51.7023
[TRAINER6] TestSub: S[1, 2, 3, 4, 5] Epoch 94 Finsh | Now_lr 0.0030/0.0030 | Lambda 0.0800 | Train Loss 0.0853 | Domain Loss 3.2199 | Valid Loss 2.0965 | Train Acc 96.8689| Valid Acc 50.9272
[TRAINER6] TestSub: S[1, 2, 3, 4, 5] Epoch 95 Finsh | Now_lr 0.0030/0.0030 | Lambda 0.0800 | Train Loss 0.0844 | Domain Loss 3.2196 | Valid Loss 2.2989 | Train Acc 96.9461| Valid Acc 51.2342
[TRAINER6] TestSub: S[1, 2, 3, 4, 5] Epoch 96 Finsh | Now_lr 0.0030/0.0030 | Lambda 0.0800 | Train Loss 0.0840 | Domain Loss 3.2199 | Valid Loss 2.3182 | Train Acc 96.8938| Valid Acc 51.1400
[TRAINER6] TestSub: S[1, 2, 3, 4, 5] Epoch 97 Finsh | Now_lr 0.0030/0.0030 | Lambda 0.0800 | Train Loss 0.0842 | Domain Loss 3.2195 | Valid Loss 2.3263 | Train Acc 96.9522| Valid Acc 51.7084
[TRAINER6] TestSub: S[1, 2, 3, 4, 5] Epoch 98 Finsh | Now_lr 0.0030/0.0030 | Lambda 0.0800 | Train Loss 0.0842 | Domain Loss 3.2197 | Valid Loss 2.3475 | Train Acc 96.9394| Valid Acc 51.4743
[TRAINER6] TestSub: S[1, 2, 3, 4, 5] Epoch 99 Finsh | Now_lr 0.0030/0.0030 | Lambda 0.0800 | Train Loss 0.0846 | Domain Loss 3.2201 | Valid Loss 2.3405 | Train Acc 96.8975| Valid Acc 48.5865
[TRAINER6] TestSub: S[1, 2, 3, 4, 5] Epoch 100 Finsh | Now_lr 0.0030/0.0030 | Lambda 0.0800 | Train Loss 0.0847 | Domain Loss 3.2196 | Valid Loss 2.1828 | Train Acc 96.9717| Valid Acc 50.4165
[TRAINER6] --------------------------------------------------
[TRAINER6] Test_Subject :S[1, 2, 3, 4, 5] |Best epoch:75 | Test Loss:2.1970 | Best Acc 52.7754 | Savemodel Acc 52.7754
[TRAINER6] --------------------------------------------------
[TRAINER6] 
[TRAINER6] ========== Fold 2 ==========
[TRAINER6] Train IDs: [1, 2, 3, 4, 5, 11, 12, 13, 14, 15, 16, 17, 18, 19, 20, 21, 22, 23, 24, 25, 26, 27, 28, 29, 30]
[TRAINER6] Val IDs:   [6, 7, 8, 9, 10]
[TRAINER6] train_data_shape(164500, 32, 128),val_data_shape(32900, 32, 128)
[TRAINER6] =================================================================
[TRAINER6] Layer (type:depth-idx)                   Param #
[TRAINER6] =================================================================
[TRAINER6] DARNet                                   --
[TRAINER6] ├─TokenEmbedding: 1-1                    --
[TRAINER6] │    └─Sequential: 2-1                   --
[TRAINER6] │    │    └─Conv2d: 3-1                  576
[TRAINER6] │    │    └─BatchNorm2d: 3-2             128
[TRAINER6] │    │    └─GELU: 3-3                    --
[TRAINER6] │    └─Sequential: 2-2                   --
[TRAINER6] │    │    └─Conv2d: 3-4                  32,784
[TRAINER6] │    │    └─BatchNorm2d: 3-5             32
[TRAINER6] │    │    └─GELU: 3-6                    --
[TRAINER6] │    └─PositionalEmbedding: 2-3          --
[TRAINER6] ├─Flatten: 1-2                           --
[TRAINER6] ├─Linear: 1-3                            18
[TRAINER6] ├─AttnRefine: 1-4                        --
[TRAINER6] │    └─MyAttention: 2-4                  --
[TRAINER6] │    │    └─Attention: 3-7               800
[TRAINER6] │    └─Refine: 2-5                       --
[TRAINER6] │    │    └─Conv1d: 3-8                  784
[TRAINER6] │    │    └─BatchNorm1d: 3-9             32
[TRAINER6] │    │    └─ELU: 3-10                    --
[TRAINER6] │    │    └─MaxPool1d: 3-11              --
[TRAINER6] │    └─AdaptiveAvgPool1d: 2-6            --
[TRAINER6] │    └─Linear: 2-7                       68
[TRAINER6] │    └─Flatten: 2-8                      --
[TRAINER6] ├─AttnRefine: 1-5                        --
[TRAINER6] │    └─MyAttention: 2-9                  --
[TRAINER6] │    │    └─Attention: 3-12              800
[TRAINER6] │    └─Refine: 2-10                      --
[TRAINER6] │    │    └─Conv1d: 3-13                 784
[TRAINER6] │    │    └─BatchNorm1d: 3-14            32
[TRAINER6] │    │    └─ELU: 3-15                    --
[TRAINER6] │    │    └─MaxPool1d: 3-16              --
[TRAINER6] │    └─AdaptiveAvgPool1d: 2-11           --
[TRAINER6] │    └─Linear: 2-12                      68
[TRAINER6] │    └─Flatten: 2-13                     --
[TRAINER6] ├─GradientReversalLayer: 1-6             --
[TRAINER6] ├─SubjectDiscriminator: 1-7              --
[TRAINER6] │    └─Sequential: 2-14                  --
[TRAINER6] │    │    └─Linear: 3-17                 2,304
[TRAINER6] │    │    └─ReLU: 3-18                   --
[TRAINER6] │    │    └─Dropout: 3-19                --
[TRAINER6] │    │    └─Linear: 3-20                 32,896
[TRAINER6] │    │    └─ReLU: 3-21                   --
[TRAINER6] │    │    └─Dropout: 3-22                --
[TRAINER6] │    │    └─Linear: 3-23                 3,870
[TRAINER6] =================================================================
[TRAINER6] Total params: 75,976
[TRAINER6] Trainable params: 75,976
[TRAINER6] Non-trainable params: 0
[TRAINER6] =================================================================
[TRAINER6] TestSub: S[6, 7, 8, 9, 10] Epoch  1 Finsh | Now_lr 0.0030/0.0030 | Lambda 0.0040 | Train Loss 0.5525 | Domain Loss 3.1668 | Valid Loss 1.0918 | Train Acc 69.2315| Valid Acc 48.9756
[TRAINER6] Validation acc increase (0.000000 --> 48.975559) in epoch (1).  Saving model ...
[TRAINER6] TestSub: S[6, 7, 8, 9, 10] Epoch  2 Finsh | Now_lr 0.0030/0.0030 | Lambda 0.0080 | Train Loss 0.3715 | Domain Loss 3.1723 | Valid Loss 1.5642 | Train Acc 83.0040| Valid Acc 53.2709
[TRAINER6] Validation acc increase (48.975559 --> 53.270914) in epoch (2).  Saving model ...
[TRAINER6] TestSub: S[6, 7, 8, 9, 10] Epoch  3 Finsh | Now_lr 0.0030/0.0030 | Lambda 0.0119 | Train Loss 0.2890 | Domain Loss 3.1919 | Valid Loss 1.6358 | Train Acc 87.6654| Valid Acc 53.9853
[TRAINER6] Validation acc increase (53.270914 --> 53.985287) in epoch (3).  Saving model ...
[TRAINER6] TestSub: S[6, 7, 8, 9, 10] Epoch  4 Finsh | Now_lr 0.0030/0.0030 | Lambda 0.0158 | Train Loss 0.2455 | Domain Loss 3.1919 | Valid Loss 1.6105 | Train Acc 89.7763| Valid Acc 55.0158
[TRAINER6] Validation acc increase (53.985287 --> 55.015807) in epoch (4).  Saving model ...
[TRAINER6] TestSub: S[6, 7, 8, 9, 10] Epoch  5 Finsh | Now_lr 0.0030/0.0030 | Lambss 4.3135 | Train Acc 99.1786| Valid Acc 48.3826
[TRAINER1] TestSub: S[16, 17, 18, 19, 20] Epoch 38 Finsh | Now_lr 0.0010/0.0010 | Lambda 0.0765 | Train Loss 0.0252 | Domain Loss 3.0881 | Valid Loss 4.2319 | Train Acc 99.1421| Valid Acc 49.7986
[TRAINER1] Early stopping triggered after 38 epochs (30 epochs without improvement)
[TRAINER1] --------------------------------------------------
[TRAINER1] Test_Subject :S[16, 17, 18, 19, 20] |Best epoch:8 | Test Loss:2.8883 | Best Acc 53.4515 | Savemodel Acc 53.4515
[TRAINER1] --------------------------------------------------
[TRAINER1] 
[TRAINER1] ========== Fold 5 ==========
[TRAINER1] Train IDs: [1, 2, 3, 4, 5, 6, 7, 8, 9, 10, 11, 12, 13, 14, 15, 16, 17, 18, 19, 20, 26, 27, 28, 29, 30]
[TRAINER1] Val IDs:   [21, 22, 23, 24, 25]
[TRAINER1] train_data_shape(164500, 32, 128),val_data_shape(32900, 32, 128)
[TRAINER1] =================================================================
[TRAINER1] Layer (type:depth-idx)                   Param #
[TRAINER1] =================================================================
[TRAINER1] DARNet                                   --
[TRAINER1] ├─TokenEmbedding: 1-1                    --
[TRAINER1] │    └─Sequential: 2-1                   --
[TRAINER1] │    │    └─Conv2d: 3-1                  576
[TRAINER1] │    │    └─BatchNorm2d: 3-2             128
[TRAINER1] │    │    └─GELU: 3-3                    --
[TRAINER1] │    └─Sequential: 2-2                   --
[TRAINER1] │    │    └─Conv2d: 3-4                  32,784
[TRAINER1] │    │    └─BatchNorm2d: 3-5             32
[TRAINER1] │    │    └─GELU: 3-6                    --
[TRAINER1] │    └─PositionalEmbedding: 2-3          --
[TRAINER1] ├─Flatten: 1-2                           --
[TRAINER1] ├─Linear: 1-3                            18
[TRAINER1] ├─AttnRefine: 1-4                        --
[TRAINER1] │    └─MyAttention: 2-4                  --
[TRAINER1] │    │    └─Attention: 3-7               800
[TRAINER1] │    └─Refine: 2-5                       --
[TRAINER1] │    │    └─Conv1d: 3-8                  784
[TRAINER1] │    │    └─BatchNorm1d: 3-9             32
[TRAINER1] │    │    └─ELU: 3-10                    --
[TRAINER1] │    │    └─MaxPool1d: 3-11              --
[TRAINER1] │    └─AdaptiveAvgPool1d: 2-6            --
[TRAINER1] │    └─Linear: 2-7                       68
[TRAINER1] │    └─Flatten: 2-8                      --
[TRAINER1] ├─AttnRefine: 1-5                        --
[TRAINER1] │    └─MyAttention: 2-9                  --
[TRAINER1] │    │    └─Attention: 3-12              800
[TRAINER1] │    └─Refine: 2-10                      --
[TRAINER1] │    │    └─Conv1d: 3-13                 784
[TRAINER1] │    │    └─BatchNorm1d: 3-14            32
[TRAINER1] │    │    └─ELU: 3-15                    --
[TRAINER1] │    │    └─MaxPool1d: 3-16              --
[TRAINER1] │    └─AdaptiveAvgPool1d: 2-11           --
[TRAINER1] │    └─Linear: 2-12                      68
[TRAINER1] │    └─Flatten: 2-13                     --
[TRAINER1] ├─GradientReversalLayer: 1-6             --
[TRAINER1] ├─SubjectDiscriminator: 1-7              --
[TRAINER1] │    └─Sequential: 2-14                  --
[TRAINER1] │    │    └─Linear: 3-17                 2,304
[TRAINER1] │    │    └─ReLU: 3-18                   --
[TRAINER1] │    │    └─Dropout: 3-19                --
[TRAINER1] │    │    └─Linear: 3-20                 32,896
[TRAINER1] │    │    └─ReLU: 3-21                   --
[TRAINER1] │    │    └─Dropout: 3-22                --
[TRAINER1] │    │    └─Linear: 3-23                 3,870
[TRAINER1] =================================================================
[TRAINER1] Total params: 75,976
[TRAINER1] Trainable params: 75,976
[TRAINER1] Non-trainable params: 0
[TRAINER1] =================================================================
[TRAINER1] TestSub: S[21, 22, 23, 24, 25] Epoch  1 Finsh | Now_lr 0.0010/0.0010 | Lambda 0.0040 | Train Loss 0.4845 | Domain Loss 2.9952 | Valid Loss 1.4558 | Train Acc 74.6781| Valid Acc 49.4598
[TRAINER1] Validation acc increase (0.000000 --> 49.459839) in epoch (1).  Saving model ...
[TRAINER1] TestSub: S[21, 22, 23, 24, 25] Epoch  2 Finsh | Now_lr 0.0010/0.0010 | Lambda 0.0080 | Train Loss 0.2954 | Domain Loss 2.8460 | Valid Loss 1.8469 | Train Acc 87.0005| Valid Acc 51.3702
[TRAINER1] Validation acc increase (49.459839 --> 51.370239) in epoch (2).  Saving model ...
[TRAINER1] TestSub: S[21, 22, 23, 24, 25] Epoch  3 Finsh | Now_lr 0.0010/0.0010 | Lambda 0.0119 | Train Loss 0.2272 | Domain Loss 2.8319 | Valid Loss 2.1580 | Train Acc 90.6725| Valid Acc 50.8820
[TRAINER1] TestSub: S[21, 22, 23, 24, 25] Epoch  4 Finsh | Now_lr 0.0010/0.0010 | Lambda 0.0158 | Train Loss 0.1807 | Domain Loss 2.9333 | Valid Loss 2.4248 | Train Acc 92.5787| Valid Acc 50.9369
[TRAINER1] TestSub: S[21, 22, 23, 24, 25] Epoch  5 Finsh | Now_lr 0.0010/0.0010 | Lambda 0.0196 | Train Loss 0.1515 | Domain Loss 2.9478 | Valid Loss 2.7212 | Train Acc 93.9240| Valid Acc 52.5513
[TRAINER1] Validation acc increase (51.370239 --> 52.551270) in epoch (5).  Saving model ...
[TRAINER1] TestSub: S[21, 22, 23, 24, 25] Epoch  6 Finsh | Now_lr 0.0010/0.0010 | Lambda 0.0233 | Train Loss 0.1296 | Domain Loss 2.8948 | Valid Loss 2.8177 | Train Acc 94.9213| Valid Acc 51.6754
[TRAINER1] TestSub: S[21, 22, 23, 24, 25] Epoch  7 Finsh | Now_lr 0.0010/0.0010 | Lambda 0.0269 | Train Loss 0.1142 | Domain Loss 2.9098 | Valid Loss 2.8147 | Train Acc 95.5729| Valid Acc 52.3224
[TRAINER1] TestSub: S[21, 22, 23, 24, 25] Epoch  8 Finsh | Now_lr 0.0010/0.0010 | Lambda 0.0304 | Train Loss 0.1024 | Domain Loss 2.8955 | Valid Loss 2.8778 | Train Acc 96.0700| Valid Acc 52.7985
[TRAINER1] Validation acc increase (52.551270 --> 52.798462) in epoch (8).  Saving model ...
[TRAINER1] TestSub: S[21, 22, 23, 24, 25] Epoch  9 Finsh | Now_lr 0.0010/0.0010 | Lambda 0.0338 | Train Loss 0.0905 | Domain Loss 2.9500 | Valid Loss 3.1295 | Train Acc 96.6042| Valid Acc 51.4343
[TRAINER1] TestSub: S[21, 22, 23, 24, 25] Epoch 10 Finsh | Now_lr 0.0010/0.0010 | Lambda 0.0370 | Train Loss 0.0824 | Domain Loss 2.9170 | Valid Loss 3.2027 | Train Acc 96.9304| Valid Acc 53.1281
[TRAINER1] Validation acc increase (52.798462 --> 53.128052) in epoch (10).  Saving model ...
[TRAINER1] TestSub: S[21, 22, 23, 24, 25] Epoch 11 Finsh | Now_lr 0.0010/0.0010 | Lambda 0.0400 | Train Loss 0.0755 | Domain Loss 2.8774 | Valid Loss 3.2562 | Train Acc 97.2547| Valid Acc 52.8534
[TRAINER1] TestSub: S[21, 22, 23, 24, 25] Epoch 12 Finsh | Now_lr 0.0010/0.0010 | Lambda 0.0430 | Train Loss 0.0714 | Domain Loss 2.9550 | Valid Loss 3.4171 | Train Acc 97.3405| Valid Acc 51.7303
[TRAINER1] TestSub: S[21, 22, 23, 24, 25] Epoch 13 Finsh | Now_lr 0.0010/0.0010 | Lambda 0.0457 | Train Loss 0.0662 | Domain Loss 2.9172 | Valid Loss 3.2080 | Train Acc 97.5656| Valid Acc 53.6011
[TRAINER1] Validation acc increase (53.128052 --> 53.601074) in epoch (13).  Saving model ...
[TRAINER1] TestSub: S[21, 22, 23, 24, 25] Epoch 14 Finsh | Now_lr 0.0010/0.0010 | Lambda 0.0483 | Train Loss 0.0610 | Domain Loss 2.9397 | Valid Loss 3.3435 | Train Acc 97.7798| Valid Acc 52.3682
[TRAINER1] TestSub: S[21, 22, 23, 24, 25] Epoch 15 Finsh | Now_lr 0.0010/0.0010 | Lambda 0.0508 | Train Loss 0.0538 | Domain Loss 2.9459 | Valid Loss 3.3849 | Train Acc 98.0511| Valid Acc 54.0771
[TRAINER1] Validation acc increase (53.601074 --> 54.077148) in epoch (15).  Saving model ...
[TRAINER1] TestSub: S[21, 22, 23, 24, 25] Epoch 16 Finsh | Now_lr 0.0010/0.0010 | Lambda 0.0531 | Train Loss 0.0540 | Domain Loss 2.9673 | Valid Loss 3.2532 | Train Acc 98.0597| Valid Acc 52.4841
[TRAINER1] TestSub: S[21, 22, 23, 24, 25] Epoch 17 Finsh | Now_lr 0.0010/0.0010 | Lambda 0.0553 | Train Loss 0.0508 | Domain Loss 2.9488 | Valid Loss 3.4522 | Train Acc 98.1935| Valid Acc 51.8982
[TRAINER1] TestSub: S[21, 22, 23, 24, 25] Epoch 18 Finsh | Now_lr 0.0010/0.0010 | La7 Finsh | Now_lr 0.0007/0.0007 | Lambda 0.0699 | Train Loss 0.0323 | Domain Loss 3.0820 | Valid Loss 3.3567 | Train Acc 98.9081| Valid Acc 50.2530
[TRAINER2] TestSub: S[11, 12, 13, 14, 15] Epoch 28 Finsh | Now_lr 0.0007/0.0007 | Lambda 0.0708 | Train Loss 0.0320 | Domain Loss 3.0941 | Valid Loss 3.6225 | Train Acc 98.9093| Valid Acc 50.4360
[TRAINER2] TestSub: S[11, 12, 13, 14, 15] Epoch 29 Finsh | Now_lr 0.0007/0.0007 | Lambda 0.0717 | Train Loss 0.0306 | Domain Loss 3.0870 | Valid Loss 3.6343 | Train Acc 98.9415| Valid Acc 50.2134
[TRAINER2] TestSub: S[11, 12, 13, 14, 15] Epoch 30 Finsh | Now_lr 0.0007/0.0007 | Lambda 0.0724 | Train Loss 0.0291 | Domain Loss 3.0954 | Valid Loss 3.5943 | Train Acc 99.0260| Valid Acc 50.6799
[TRAINER2] TestSub: S[11, 12, 13, 14, 15] Epoch 31 Finsh | Now_lr 0.0007/0.0007 | Lambda 0.0731 | Train Loss 0.0292 | Domain Loss 3.0966 | Valid Loss 3.6724 | Train Acc 99.0047| Valid Acc 50.3293
[TRAINER2] TestSub: S[11, 12, 13, 14, 15] Epoch 32 Finsh | Now_lr 0.0007/0.0007 | Lambda 0.0737 | Train Loss 0.0275 | Domain Loss 3.1042 | Valid Loss 3.7164 | Train Acc 99.0424| Valid Acc 50.0945
[TRAINER2] TestSub: S[11, 12, 13, 14, 15] Epoch 33 Finsh | Now_lr 0.0007/0.0007 | Lambda 0.0743 | Train Loss 0.0266 | Domain Loss 3.1162 | Valid Loss 3.6724 | Train Acc 99.0972| Valid Acc 49.9970
[TRAINER2] TestSub: S[11, 12, 13, 14, 15] Epoch 34 Finsh | Now_lr 0.0007/0.0007 | Lambda 0.0748 | Train Loss 0.0259 | Domain Loss 3.1113 | Valid Loss 3.6127 | Train Acc 99.1251| Valid Acc 49.0671
[TRAINER2] TestSub: S[11, 12, 13, 14, 15] Epoch 35 Finsh | Now_lr 0.0007/0.0007 | Lambda 0.0753 | Train Loss 0.0238 | Domain Loss 3.1204 | Valid Loss 3.9036 | Train Acc 99.1920| Valid Acc 49.8445
[TRAINER2] TestSub: S[11, 12, 13, 14, 15] Epoch 36 Finsh | Now_lr 0.0007/0.0007 | Lambda 0.0757 | Train Loss 0.0247 | Domain Loss 3.1290 | Valid Loss 4.0379 | Train Acc 99.1665| Valid Acc 49.3079
[TRAINER2] TestSub: S[11, 12, 13, 14, 15] Epoch 37 Finsh | Now_lr 0.0007/0.0007 | Lambda 0.0761 | Train Loss 0.0220 | Domain Loss 3.1389 | Valid Loss 4.0030 | Train Acc 99.2540| Valid Acc 48.0518
[TRAINER2] TestSub: S[11, 12, 13, 14, 15] Epoch 38 Finsh | Now_lr 0.0007/0.0007 | Lambda 0.0765 | Train Loss 0.0225 | Domain Loss 3.1285 | Valid Loss 4.0907 | Train Acc 99.2643| Valid Acc 48.9848
[TRAINER2] TestSub: S[11, 12, 13, 14, 15] Epoch 39 Finsh | Now_lr 0.0007/0.0007 | Lambda 0.0768 | Train Loss 0.0226 | Domain Loss 3.1284 | Valid Loss 3.8086 | Train Acc 99.2510| Valid Acc 50.2744
[TRAINER2] TestSub: S[11, 12, 13, 14, 15] Epoch 40 Finsh | Now_lr 0.0007/0.0007 | Lambda 0.0771 | Train Loss 0.0220 | Domain Loss 3.1341 | Valid Loss 4.0064 | Train Acc 99.2741| Valid Acc 48.5488
[TRAINER2] TestSub: S[11, 12, 13, 14, 15] Epoch 41 Finsh | Now_lr 0.0007/0.0007 | Lambda 0.0774 | Train Loss 0.0207 | Domain Loss 3.1190 | Valid Loss 3.9213 | Train Acc 99.3075| Valid Acc 49.3445
[TRAINER2] TestSub: S[11, 12, 13, 14, 15] Epoch 42 Finsh | Now_lr 0.0007/0.0007 | Lambda 0.0776 | Train Loss 0.0202 | Domain Loss 3.1341 | Valid Loss 3.8581 | Train Acc 99.3142| Valid Acc 50.6280
[TRAINER2] TestSub: S[11, 12, 13, 14, 15] Epoch 43 Finsh | Now_lr 0.0007/0.0007 | Lambda 0.0779 | Train Loss 0.0202 | Domain Loss 3.1288 | Valid Loss 3.8709 | Train Acc 99.3300| Valid Acc 50.6341
[TRAINER2] TestSub: S[11, 12, 13, 14, 15] Epoch 44 Finsh | Now_lr 0.0007/0.0007 | Lambda 0.0781 | Train Loss 0.0199 | Domain Loss 3.1235 | Valid Loss 3.7466 | Train Acc 99.3367| Valid Acc 50.7652
[TRAINER2] TestSub: S[11, 12, 13, 14, 15] Epoch 45 Finsh | Now_lr 0.0007/0.0007 | Lambda 0.0782 | Train Loss 0.0202 | Domain Loss 3.1226 | Valid Loss 3.9201 | Train Acc 99.3324| Valid Acc 50.2195
[TRAINER2] TestSub: S[11, 12, 13, 14, 15] Epoch 46 Finsh | Now_lr 0.0007/0.0007 | Lambda 0.0784 | Train Loss 0.0198 | Domain Loss 3.1339 | Valid Loss 3.9396 | Train Acc 99.3422| Valid Acc 49.9756
[TRAINER2] TestSub: S[11, 12, 13, 14, 15] Epoch 47 Finsh | Now_lr 0.0007/0.0007 | Lambda 0.0786 | Train Loss 0.0178 | Domain Loss 3.1319 | Valid Loss 3.8794 | Train Acc 99.4097| Valid Acc 51.2652
[TRAINER2] Early stopping triggered after 47 epochs (30 epochs without improvement)
[TRAINER2] --------------------------------------------------
[TRAINER2] Test_Subject :S[11, 12, 13, 14, 15] |Best epoch:17 | Test Loss:3.0377 | Best Acc 52.6159 | Savemodel Acc 52.6159
[TRAINER2] --------------------------------------------------
[TRAINER2] 
[TRAINER2] ========== Fold 4 ==========
[TRAINER2] Train IDs: [1, 2, 3, 4, 5, 6, 7, 8, 9, 10, 11, 12, 13, 14, 15, 21, 22, 23, 24, 25, 26, 27, 28, 29, 30]
[TRAINER2] Val IDs:   [16, 17, 18, 19, 20]
[TRAINER2] train_data_shape(164500, 32, 128),val_data_shape(32900, 32, 128)
[TRAINER2] =================================================================
[TRAINER2] Layer (type:depth-idx)                   Param #
[TRAINER2] =================================================================
[TRAINER2] DARNet                                   --
[TRAINER2] ├─TokenEmbedding: 1-1                    --
[TRAINER2] │    └─Sequential: 2-1                   --
[TRAINER2] │    │    └─Conv2d: 3-1                  576
[TRAINER2] │    │    └─BatchNorm2d: 3-2             128
[TRAINER2] │    │    └─GELU: 3-3                    --
[TRAINER2] │    └─Sequential: 2-2                   --
[TRAINER2] │    │    └─Conv2d: 3-4                  32,784
[TRAINER2] │    │    └─BatchNorm2d: 3-5             32
[TRAINER2] │    │    └─GELU: 3-6                    --
[TRAINER2] │    └─PositionalEmbedding: 2-3          --
[TRAINER2] ├─Flatten: 1-2                           --
[TRAINER2] ├─Linear: 1-3                            18
[TRAINER2] ├─AttnRefine: 1-4                        --
[TRAINER2] │    └─MyAttention: 2-4                  --
[TRAINER2] │    │    └─Attention: 3-7               800
[TRAINER2] │    └─Refine: 2-5                       --
[TRAINER2] │    │    └─Conv1d: 3-8                  784
[TRAINER2] │    │    └─BatchNorm1d: 3-9             32
[TRAINER2] │    │    └─ELU: 3-10                    --
[TRAINER2] │    │    └─MaxPool1d: 3-11              --
[TRAINER2] │    └─AdaptiveAvgPool1d: 2-6            --
[TRAINER2] │    └─Linear: 2-7                       68
[TRAINER2] │    └─Flatten: 2-8                      --
[TRAINER2] ├─AttnRefine: 1-5                        --
[TRAINER2] │    └─MyAttention: 2-9                  --
[TRAINER2] │    │    └─Attention: 3-12              800
[TRAINER2] │    └─Refine: 2-10                      --
[TRAINER2] │    │    └─Conv1d: 3-13                 784
[TRAINER2] │    │    └─BatchNorm1d: 3-14            32
[TRAINER2] │    │    └─ELU: 3-15                    --
[TRAINER2] │    │    └─MaxPool1d: 3-16              --
[TRAINER2] │    └─AdaptiveAvgPool1d: 2-11           --
[TRAINER2] │    └─Linear: 2-12                      68
[TRAINER2] │    └─Flatten: 2-13                     --
[TRAINER2] ├─GradientReversalLayer: 1-6             --
[TRAINER2] ├─SubjectDiscriminator: 1-7              --
[TRAINER2] │    └─Sequential: 2-14                  --
[TRAINER2] │    │    └─Linear: 3-17                 2,304
[TRAINER2] │    │    └─ReLU: 3-18                   --
[TRAINER2] │    │    └─Dropout: 3-19                --
[TRAINER2] │    │    └─Linear: 3-20                 32,896
[TRAINER2] │    │    └─ReLU: 3-21                   --
[TRAINER2] │    │    └─Dropout: 3-22                --
[TRAINER2] │    │    └─Linear: 3-23                 3,870
[TRAINER2] =================================================================
[TRAINER2] Total params: 75,976
[TRAINER2] Trainable params: 75,976
[TRAINER2] Non-trainable params: 0
[TRAINER2] =================================================================
[TRAINER2] TestSub: S[16, 17, 18, 19, 20] Epoch  1 Finsh | Now_lr 0.0007/0.0007 | Lambda 0.0040 | Train Loss 0.4805 | Domain Loss 3.0159 | Valid Loss 1.4999 | Train Acc 74.4747| Valid Acc 45.3689
[TRAINER2] Validation acc increase (0.000000 --> 40008 | Lambda 0.0644 | Train Loss 0.0673 | Domain Loss 3.1970 | Valid Loss 2.8775 | Train Acc 97.5342| Valid Acc 44.7399
[TRAINER4] TestSub: S[16, 17, 18, 19, 20] Epoch 13 Finsh | Now_lr 0.0008/0.0008 | Lambda 0.0686 | Train Loss 0.0647 | Domain Loss 3.2044 | Valid Loss 2.7640 | Train Acc 97.6607| Valid Acc 45.8668
[TRAINER4] TestSub: S[16, 17, 18, 19, 20] Epoch 14 Finsh | Now_lr 0.0008/0.0008 | Lambda 0.0725 | Train Loss 0.0601 | Domain Loss 3.2055 | Valid Loss 2.7970 | Train Acc 97.8200| Valid Acc 48.1999
[TRAINER4] TestSub: S[16, 17, 18, 19, 20] Epoch 15 Finsh | Now_lr 0.0008/0.0008 | Lambda 0.0762 | Train Loss 0.0563 | Domain Loss 3.2055 | Valid Loss 2.9435 | Train Acc 97.9866| Valid Acc 47.4111
[TRAINER4] TestSub: S[16, 17, 18, 19, 20] Epoch 16 Finsh | Now_lr 0.0008/0.0008 | Lambda 0.0797 | Train Loss 0.0534 | Domain Loss 3.2071 | Valid Loss 2.8808 | Train Acc 98.0608| Valid Acc 47.6547
[TRAINER4] TestSub: S[16, 17, 18, 19, 20] Epoch 17 Finsh | Now_lr 0.0008/0.0008 | Lambda 0.0829 | Train Loss 0.0506 | Domain Loss 3.2077 | Valid Loss 3.0779 | Train Acc 98.1982| Valid Acc 46.9755
[TRAINER4] TestSub: S[16, 17, 18, 19, 20] Epoch 18 Finsh | Now_lr 0.0008/0.0008 | Lambda 0.0860 | Train Loss 0.0482 | Domain Loss 3.2088 | Valid Loss 2.7122 | Train Acc 98.2639| Valid Acc 50.5452
[TRAINER4] TestSub: S[16, 17, 18, 19, 20] Epoch 19 Finsh | Now_lr 0.0008/0.0008 | Lambda 0.0888 | Train Loss 0.0473 | Domain Loss 3.2096 | Valid Loss 2.8900 | Train Acc 98.2973| Valid Acc 50.1980
[TRAINER4] TestSub: S[16, 17, 18, 19, 20] Epoch 20 Finsh | Now_lr 0.0008/0.0008 | Lambda 0.0914 | Train Loss 0.0444 | Domain Loss 3.2078 | Valid Loss 3.0799 | Train Acc 98.4427| Valid Acc 48.4314
[TRAINER4] TestSub: S[16, 17, 18, 19, 20] Epoch 21 Finsh | Now_lr 0.0008/0.0008 | Lambda 0.0938 | Train Loss 0.0433 | Domain Loss 3.2067 | Valid Loss 2.9092 | Train Acc 98.4798| Valid Acc 47.1095
[TRAINER4] TestSub: S[16, 17, 18, 19, 20] Epoch 22 Finsh | Now_lr 0.0008/0.0008 | Lambda 0.0961 | Train Loss 0.0414 | Domain Loss 3.2122 | Valid Loss 2.9307 | Train Acc 98.5521| Valid Acc 47.0973
[TRAINER4] TestSub: S[16, 17, 18, 19, 20] Epoch 23 Finsh | Now_lr 0.0008/0.0008 | Lambda 0.0981 | Train Loss 0.0397 | Domain Loss 3.2141 | Valid Loss 3.0699 | Train Acc 98.6555| Valid Acc 48.5563
[TRAINER4] TestSub: S[16, 17, 18, 19, 20] Epoch 24 Finsh | Now_lr 0.0008/0.0008 | Lambda 0.1000 | Train Loss 0.0394 | Domain Loss 3.2154 | Valid Loss 2.9473 | Train Acc 98.6458| Valid Acc 48.6050
[TRAINER4] TestSub: S[16, 17, 18, 19, 20] Epoch 25 Finsh | Now_lr 0.0008/0.0008 | Lambda 0.1018 | Train Loss 0.0366 | Domain Loss 3.2159 | Valid Loss 3.2566 | Train Acc 98.7437| Valid Acc 47.4628
[TRAINER4] TestSub: S[16, 17, 18, 19, 20] Epoch 26 Finsh | Now_lr 0.0008/0.0008 | Lambda 0.1034 | Train Loss 0.0370 | Domain Loss 3.2164 | Valid Loss 2.7592 | Train Acc 98.7060| Valid Acc 47.6060
[TRAINER4] TestSub: S[16, 17, 18, 19, 20] Epoch 27 Finsh | Now_lr 0.0008/0.0008 | Lambda 0.1049 | Train Loss 0.0355 | Domain Loss 3.2163 | Valid Loss 3.0232 | Train Acc 98.7923| Valid Acc 47.4324
[TRAINER4] TestSub: S[16, 17, 18, 19, 20] Epoch 28 Finsh | Now_lr 0.0008/0.0008 | Lambda 0.1062 | Train Loss 0.0345 | Domain Loss 3.2166 | Valid Loss 2.9075 | Train Acc 98.8002| Valid Acc 49.9208
[TRAINER4] TestSub: S[16, 17, 18, 19, 20] Epoch 29 Finsh | Now_lr 0.0008/0.0008 | Lambda 0.1075 | Train Loss 0.0333 | Domain Loss 3.2170 | Valid Loss 2.9748 | Train Acc 98.8404| Valid Acc 49.1167
[TRAINER4] TestSub: S[16, 17, 18, 19, 20] Epoch 30 Finsh | Now_lr 0.0008/0.0008 | Lambda 0.1086 | Train Loss 0.0328 | Domain Loss 3.2172 | Valid Loss 3.2068 | Train Acc 98.8702| Valid Acc 48.6142
[TRAINER4] TestSub: S[16, 17, 18, 19, 20] Epoch 31 Finsh | Now_lr 0.0008/0.0008 | Lambda 0.1097 | Train Loss 0.0314 | Domain Loss 3.2168 | Valid Loss 3.0135 | Train Acc 98.9182| Valid Acc 48.2243
[TRAINER4] Early stopping triggered after 31 epochs (30 epochs without improvement)
[TRAINER4] --------------------------------------------------
[TRAINER4] Test_Subject :S[16, 17, 18, 19, 20] |Best epoch:1 | Test Loss:1.2458 | Best Acc 50.7493 | Savemodel Acc 50.7493
[TRAINER4] --------------------------------------------------
[TRAINER4] 
[TRAINER4] ========== Fold 5 ==========
[TRAINER4] Train IDs: [1, 2, 3, 4, 5, 6, 7, 8, 9, 10, 11, 12, 13, 14, 15, 16, 17, 18, 19, 20, 26, 27, 28, 29, 30]
[TRAINER4] Val IDs:   [21, 22, 23, 24, 25]
[TRAINER4] train_data_shape(164500, 32, 128),val_data_shape(32900, 32, 128)
[TRAINER4] =================================================================
[TRAINER4] Layer (type:depth-idx)                   Param #
[TRAINER4] =================================================================
[TRAINER4] DARNet                                   --
[TRAINER4] ├─TokenEmbedding: 1-1                    --
[TRAINER4] │    └─Sequential: 2-1                   --
[TRAINER4] │    │    └─Conv2d: 3-1                  576
[TRAINER4] │    │    └─BatchNorm2d: 3-2             128
[TRAINER4] │    │    └─GELU: 3-3                    --
[TRAINER4] │    └─Sequential: 2-2                   --
[TRAINER4] │    │    └─Conv2d: 3-4                  32,784
[TRAINER4] │    │    └─BatchNorm2d: 3-5             32
[TRAINER4] │    │    └─GELU: 3-6                    --
[TRAINER4] │    └─PositionalEmbedding: 2-3          --
[TRAINER4] ├─Flatten: 1-2                           --
[TRAINER4] ├─Linear: 1-3                            18
[TRAINER4] ├─AttnRefine: 1-4                        --
[TRAINER4] │    └─MyAttention: 2-4                  --
[TRAINER4] │    │    └─Attention: 3-7               800
[TRAINER4] │    └─Refine: 2-5                       --
[TRAINER4] │    │    └─Conv1d: 3-8                  784
[TRAINER4] │    │    └─BatchNorm1d: 3-9             32
[TRAINER4] │    │    └─ELU: 3-10                    --
[TRAINER4] │    │    └─MaxPool1d: 3-11              --
[TRAINER4] │    └─AdaptiveAvgPool1d: 2-6            --
[TRAINER4] │    └─Linear: 2-7                       68
[TRAINER4] │    └─Flatten: 2-8                      --
[TRAINER4] ├─AttnRefine: 1-5                        --
[TRAINER4] │    └─MyAttention: 2-9                  --
[TRAINER4] │    │    └─Attention: 3-12              800
[TRAINER4] │    └─Refine: 2-10                      --
[TRAINER4] │    │    └─Conv1d: 3-13                 784
[TRAINER4] │    │    └─BatchNorm1d: 3-14            32
[TRAINER4] │    │    └─ELU: 3-15                    --
[TRAINER4] │    │    └─MaxPool1d: 3-16              --
[TRAINER4] │    └─AdaptiveAvgPool1d: 2-11           --
[TRAINER4] │    └─Linear: 2-12                      68
[TRAINER4] │    └─Flatten: 2-13                     --
[TRAINER4] ├─GradientReversalLayer: 1-6             --
[TRAINER4] ├─SubjectDiscriminator: 1-7              --
[TRAINER4] │    └─Sequential: 2-14                  --
[TRAINER4] │    │    └─Linear: 3-17                 2,304
[TRAINER4] │    │    └─ReLU: 3-18                   --
[TRAINER4] │    │    └─Dropout: 3-19                --
[TRAINER4] │    │    └─Linear: 3-20                 32,896
[TRAINER4] │    │    └─ReLU: 3-21                   --
[TRAINER4] │    │    └─Dropout: 3-22                --
[TRAINER4] │    │    └─Linear: 3-23                 3,870
[TRAINER4] =================================================================
[TRAINER4] Total params: 75,976
[TRAINER4] Trainable params: 75,976
[TRAINER4] Non-trainable params: 0
[TRAINER4] =================================================================
[TRAINER4] TestSub: S[21, 22, 23, 24, 25] Epoch  1 Finsh | Now_lr 0.0008/0.0008 | Lambda 0.0060 | Train Loss 0.4577 | Domain Loss 2.9977 | Valid Loss 1.2436 | Train Acc 76.8529| Valid Acc 49.7959
[TRAINER4] Validation acc increase (0.000000 --> 49.795931) in epoch (1).  Saving model ...
[TRAINER4] TestSub: S[21, 22, 23, 24, 25] Epoch  2 Finsh | Now_lr 0.0008/0.0008 | Lambda 0.0120 | Train Loss 0.3124 | Domain Loss 2.9503 | Valid Loss 1.6260 | Train Acc 86.1512| Val4, 15] Epoch 30 Finsh | Now_lr 0.0005/0.0005 | Lambda 0.0905 | Train Loss 0.0233 | Domain Loss 3.1781 | Valid Loss 3.7359 | Train Acc 99.2145| Valid Acc 49.7234
[TRAINER5] TestSub: S[11, 12, 13, 14, 15] Epoch 31 Finsh | Now_lr 0.0005/0.0005 | Lambda 0.0914 | Train Loss 0.0224 | Domain Loss 3.1757 | Valid Loss 3.5364 | Train Acc 99.2224| Valid Acc 51.1491
[TRAINER5] TestSub: S[11, 12, 13, 14, 15] Epoch 32 Finsh | Now_lr 0.0005/0.0005 | Lambda 0.0922 | Train Loss 0.0204 | Domain Loss 3.1799 | Valid Loss 3.7731 | Train Acc 99.3099| Valid Acc 50.0182
[TRAINER5] TestSub: S[11, 12, 13, 14, 15] Epoch 33 Finsh | Now_lr 0.0005/0.0005 | Lambda 0.0929 | Train Loss 0.0216 | Domain Loss 3.1856 | Valid Loss 3.6886 | Train Acc 99.2826| Valid Acc 49.7264
[TRAINER5] TestSub: S[11, 12, 13, 14, 15] Epoch 34 Finsh | Now_lr 0.0005/0.0005 | Lambda 0.0935 | Train Loss 0.0210 | Domain Loss 3.1788 | Valid Loss 3.7992 | Train Acc 99.2911| Valid Acc 49.7203
[TRAINER5] TestSub: S[11, 12, 13, 14, 15] Epoch 35 Finsh | Now_lr 0.0005/0.0005 | Lambda 0.0941 | Train Loss 0.0209 | Domain Loss 3.1783 | Valid Loss 3.7670 | Train Acc 99.2625| Valid Acc 50.3952
[TRAINER5] TestSub: S[11, 12, 13, 14, 15] Epoch 36 Finsh | Now_lr 0.0005/0.0005 | Lambda 0.0947 | Train Loss 0.0190 | Domain Loss 3.1774 | Valid Loss 3.8446 | Train Acc 99.3628| Valid Acc 49.9818
[TRAINER5] TestSub: S[11, 12, 13, 14, 15] Epoch 37 Finsh | Now_lr 0.0005/0.0005 | Lambda 0.0952 | Train Loss 0.0194 | Domain Loss 3.1805 | Valid Loss 3.8568 | Train Acc 99.3422| Valid Acc 51.5473
[TRAINER5] TestSub: S[11, 12, 13, 14, 15] Epoch 38 Finsh | Now_lr 0.0005/0.0005 | Lambda 0.0956 | Train Loss 0.0171 | Domain Loss 3.1861 | Valid Loss 3.9883 | Train Acc 99.4212| Valid Acc 50.5016
[TRAINER5] TestSub: S[11, 12, 13, 14, 15] Epoch 39 Finsh | Now_lr 0.0005/0.0005 | Lambda 0.0960 | Train Loss 0.0181 | Domain Loss 3.1860 | Valid Loss 3.8350 | Train Acc 99.3920| Valid Acc 50.6445
[TRAINER5] TestSub: S[11, 12, 13, 14, 15] Epoch 40 Finsh | Now_lr 0.0005/0.0005 | Lambda 0.0964 | Train Loss 0.0174 | Domain Loss 3.1874 | Valid Loss 3.9722 | Train Acc 99.4036| Valid Acc 50.2523
[TRAINER5] TestSub: S[11, 12, 13, 14, 15] Epoch 41 Finsh | Now_lr 0.0005/0.0005 | Lambda 0.0967 | Train Loss 0.0168 | Domain Loss 3.1883 | Valid Loss 4.2107 | Train Acc 99.4273| Valid Acc 49.6747
[TRAINER5] TestSub: S[11, 12, 13, 14, 15] Epoch 42 Finsh | Now_lr 0.0005/0.0005 | Lambda 0.0970 | Train Loss 0.0169 | Domain Loss 3.1824 | Valid Loss 3.8312 | Train Acc 99.4346| Valid Acc 49.5987
[TRAINER5] TestSub: S[11, 12, 13, 14, 15] Epoch 43 Finsh | Now_lr 0.0005/0.0005 | Lambda 0.0973 | Train Loss 0.0163 | Domain Loss 3.1786 | Valid Loss 4.0578 | Train Acc 99.4425| Valid Acc 51.2920
[TRAINER5] TestSub: S[11, 12, 13, 14, 15] Epoch 44 Finsh | Now_lr 0.0005/0.0005 | Lambda 0.0976 | Train Loss 0.0161 | Domain Loss 3.1791 | Valid Loss 4.4102 | Train Acc 99.4528| Valid Acc 49.1124
[TRAINER5] TestSub: S[11, 12, 13, 14, 15] Epoch 45 Finsh | Now_lr 0.0005/0.0005 | Lambda 0.0978 | Train Loss 0.0161 | Domain Loss 3.1896 | Valid Loss 4.2137 | Train Acc 99.4571| Valid Acc 50.6627
[TRAINER5] TestSub: S[11, 12, 13, 14, 15] Epoch 46 Finsh | Now_lr 0.0005/0.0005 | Lambda 0.0980 | Train Loss 0.0156 | Domain Loss 3.1792 | Valid Loss 3.5810 | Train Acc 99.4711| Valid Acc 51.3558
[TRAINER5] TestSub: S[11, 12, 13, 14, 15] Epoch 47 Finsh | Now_lr 0.0005/0.0005 | Lambda 0.0982 | Train Loss 0.0145 | Domain Loss 3.1844 | Valid Loss 3.8511 | Train Acc 99.5203| Valid Acc 50.3101
[TRAINER5] TestSub: S[11, 12, 13, 14, 15] Epoch 48 Finsh | Now_lr 0.0005/0.0005 | Lambda 0.0984 | Train Loss 0.0147 | Domain Loss 3.1809 | Valid Loss 3.9155 | Train Acc 99.5197| Valid Acc 50.9363
[TRAINER5] TestSub: S[11, 12, 13, 14, 15] Epoch 49 Finsh | Now_lr 0.0005/0.0005 | Lambda 0.0985 | Train Loss 0.0146 | Domain Loss 3.1821 | Valid Loss 4.2434 | Train Acc 99.5142| Valid Acc 50.5593
[TRAINER5] TestSub: S[11, 12, 13, 14, 15] Epoch 50 Finsh | Now_lr 0.0005/0.0005 | Lambda 0.0987 | Train Loss 0.0144 | Domain Loss 3.1923 | Valid Loss 4.0014 | Train Acc 99.5094| Valid Acc 51.5351
[TRAINER5] TestSub: S[11, 12, 13, 14, 15] Epoch 51 Finsh | Now_lr 0.0005/0.0005 | Lambda 0.0988 | Train Loss 0.0140 | Domain Loss 3.1893 | Valid Loss 4.0937 | Train Acc 99.5136| Valid Acc 51.2768
[TRAINER5] TestSub: S[11, 12, 13, 14, 15] Epoch 52 Finsh | Now_lr 0.0005/0.0005 | Lambda 0.0989 | Train Loss 0.0135 | Domain Loss 3.1906 | Valid Loss 4.0646 | Train Acc 99.5586| Valid Acc 50.3587
[TRAINER5] Early stopping triggered after 52 epochs (30 epochs without improvement)
[TRAINER5] --------------------------------------------------
[TRAINER5] Test_Subject :S[11, 12, 13, 14, 15] |Best epoch:22 | Test Loss:3.4735 | Best Acc 52.0671 | Savemodel Acc 52.0671
[TRAINER5] --------------------------------------------------
[TRAINER5] 
[TRAINER5] ========== Fold 4 ==========
[TRAINER5] Train IDs: [1, 2, 3, 4, 5, 6, 7, 8, 9, 10, 11, 12, 13, 14, 15, 21, 22, 23, 24, 25, 26, 27, 28, 29, 30]
[TRAINER5] Val IDs:   [16, 17, 18, 19, 20]
[TRAINER5] train_data_shape(164500, 32, 128),val_data_shape(32900, 32, 128)
[TRAINER5] =================================================================
[TRAINER5] Layer (type:depth-idx)                   Param #
[TRAINER5] =================================================================
[TRAINER5] DARNet                                   --
[TRAINER5] ├─TokenEmbedding: 1-1                    --
[TRAINER5] │    └─Sequential: 2-1                   --
[TRAINER5] │    │    └─Conv2d: 3-1                  576
[TRAINER5] │    │    └─BatchNorm2d: 3-2             128
[TRAINER5] │    │    └─GELU: 3-3                    --
[TRAINER5] │    └─Sequential: 2-2                   --
[TRAINER5] │    │    └─Conv2d: 3-4                  32,784
[TRAINER5] │    │    └─BatchNorm2d: 3-5             32
[TRAINER5] │    │    └─GELU: 3-6                    --
[TRAINER5] │    └─PositionalEmbedding: 2-3          --
[TRAINER5] ├─Flatten: 1-2                           --
[TRAINER5] ├─Linear: 1-3                            18
[TRAINER5] ├─AttnRefine: 1-4                        --
[TRAINER5] │    └─MyAttention: 2-4                  --
[TRAINER5] │    │    └─Attention: 3-7               800
[TRAINER5] │    └─Refine: 2-5                       --
[TRAINER5] │    │    └─Conv1d: 3-8                  784
[TRAINER5] │    │    └─BatchNorm1d: 3-9             32
[TRAINER5] │    │    └─ELU: 3-10                    --
[TRAINER5] │    │    └─MaxPool1d: 3-11              --
[TRAINER5] │    └─AdaptiveAvgPool1d: 2-6            --
[TRAINER5] │    └─Linear: 2-7                       68
[TRAINER5] │    └─Flatten: 2-8                      --
[TRAINER5] ├─AttnRefine: 1-5                        --
[TRAINER5] │    └─MyAttention: 2-9                  --
[TRAINER5] │    │    └─Attention: 3-12              800
[TRAINER5] │    └─Refine: 2-10                      --
[TRAINER5] │    │    └─Conv1d: 3-13                 784
[TRAINER5] │    │    └─BatchNorm1d: 3-14            32
[TRAINER5] │    │    └─ELU: 3-15                    --
[TRAINER5] │    │    └─MaxPool1d: 3-16              --
[TRAINER5] │    └─AdaptiveAvgPool1d: 2-11           --
[TRAINER5] │    └─Linear: 2-12                      68
[TRAINER5] │    └─Flatten: 2-13                     --
[TRAINER5] ├─GradientReversalLayer: 1-6             --
[TRAINER5] ├─SubjectDiscriminator: 1-7              --
[TRAINER5] │    └─Sequential: 2-14                  --
[TRAINER5] │    │    └─Linear: 3-17                 2,304
[TRAINER5] │    │    └─ReLU: 3-18                   --
[TRAINER5] │    │    └─Dropout: 3-19                --
[TRAINER5] │    │    └─Linear: 3-20                 32,896
[TRAINER5] │    │    └─ReLU: 3-21                   --
[TRAINER5] │    │    └─Dropout: 3-22                --
[TRAINER5] │    │    └─Linear: 3-23                 3,870
[TRAINER5] =================================================================
[TRAINER5] Total parmbda 0.0573 | Train Loss 0.0477 | Domain Loss 2.9599 | Valid Loss 3.2588 | Train Acc 98.3201| Valid Acc 51.4587
[TRAINER1] TestSub: S[21, 22, 23, 24, 25] Epoch 19 Finsh | Now_lr 0.0010/0.0010 | Lambda 0.0592 | Train Loss 0.0437 | Domain Loss 2.9630 | Valid Loss 3.5766 | Train Acc 98.4375| Valid Acc 49.5972
[TRAINER1] TestSub: S[21, 22, 23, 24, 25] Epoch 20 Finsh | Now_lr 0.0010/0.0010 | Lambda 0.0609 | Train Loss 0.0422 | Domain Loss 2.9977 | Valid Loss 3.4383 | Train Acc 98.5202| Valid Acc 50.1770
[TRAINER1] TestSub: S[21, 22, 23, 24, 25] Epoch 21 Finsh | Now_lr 0.0010/0.0010 | Lambda 0.0625 | Train Loss 0.0401 | Domain Loss 3.0482 | Valid Loss 3.4315 | Train Acc 98.5957| Valid Acc 50.4150
[TRAINER1] TestSub: S[21, 22, 23, 24, 25] Epoch 22 Finsh | Now_lr 0.0010/0.0010 | Lambda 0.0640 | Train Loss 0.0351 | Domain Loss 3.0632 | Valid Loss 3.5021 | Train Acc 98.7648| Valid Acc 50.7751
[TRAINER1] TestSub: S[21, 22, 23, 24, 25] Epoch 23 Finsh | Now_lr 0.0010/0.0010 | Lambda 0.0654 | Train Loss 0.0376 | Domain Loss 3.0504 | Valid Loss 3.4567 | Train Acc 98.7125| Valid Acc 49.7620
[TRAINER1] TestSub: S[21, 22, 23, 24, 25] Epoch 24 Finsh | Now_lr 0.0010/0.0010 | Lambda 0.0667 | Train Loss 0.0330 | Domain Loss 3.0511 | Valid Loss 3.4953 | Train Acc 98.8257| Valid Acc 50.5920
[TRAINER1] TestSub: S[21, 22, 23, 24, 25] Epoch 25 Finsh | Now_lr 0.0010/0.0010 | Lambda 0.0679 | Train Loss 0.0315 | Domain Loss 3.0628 | Valid Loss 3.5721 | Train Acc 98.9024| Valid Acc 50.2533
[TRAINER1] TestSub: S[21, 22, 23, 24, 25] Epoch 26 Finsh | Now_lr 0.0010/0.0010 | Lambda 0.0689 | Train Loss 0.0317 | Domain Loss 3.0724 | Valid Loss 3.5568 | Train Acc 98.9164| Valid Acc 50.2930
[TRAINER1] TestSub: S[21, 22, 23, 24, 25] Epoch 27 Finsh | Now_lr 0.0010/0.0010 | Lambda 0.0699 | Train Loss 0.0299 | Domain Loss 3.0533 | Valid Loss 3.6369 | Train Acc 98.9675| Valid Acc 50.3113
[TRAINER1] TestSub: S[21, 22, 23, 24, 25] Epoch 28 Finsh | Now_lr 0.0010/0.0010 | Lambda 0.0708 | Train Loss 0.0268 | Domain Loss 3.0737 | Valid Loss 3.6477 | Train Acc 99.0642| Valid Acc 49.2035
[TRAINER1] TestSub: S[21, 22, 23, 24, 25] Epoch 29 Finsh | Now_lr 0.0010/0.0010 | Lambda 0.0717 | Train Loss 0.0286 | Domain Loss 3.0792 | Valid Loss 3.5280 | Train Acc 99.0429| Valid Acc 51.6998
[TRAINER1] TestSub: S[21, 22, 23, 24, 25] Epoch 30 Finsh | Now_lr 0.0010/0.0010 | Lambda 0.0724 | Train Loss 0.0283 | Domain Loss 3.0845 | Valid Loss 3.4442 | Train Acc 99.0533| Valid Acc 48.6664
[TRAINER1] TestSub: S[21, 22, 23, 24, 25] Epoch 31 Finsh | Now_lr 0.0010/0.0010 | Lambda 0.0731 | Train Loss 0.0261 | Domain Loss 3.0800 | Valid Loss 3.5248 | Train Acc 99.1080| Valid Acc 49.0265
[TRAINER1] TestSub: S[21, 22, 23, 24, 25] Epoch 32 Finsh | Now_lr 0.0010/0.0010 | Lambda 0.0737 | Train Loss 0.0246 | Domain Loss 3.0980 | Valid Loss 3.6104 | Train Acc 99.1670| Valid Acc 49.0723
[TRAINER1] TestSub: S[21, 22, 23, 24, 25] Epoch 33 Finsh | Now_lr 0.0010/0.0010 | Lambda 0.0743 | Train Loss 0.0269 | Domain Loss 3.0997 | Valid Loss 3.3670 | Train Acc 99.0727| Valid Acc 50.0092
[TRAINER1] TestSub: S[21, 22, 23, 24, 25] Epoch 34 Finsh | Now_lr 0.0010/0.0010 | Lambda 0.0748 | Train Loss 0.0247 | Domain Loss 3.1032 | Valid Loss 3.3710 | Train Acc 99.1579| Valid Acc 49.4263
[TRAINER1] TestSub: S[21, 22, 23, 24, 25] Epoch 35 Finsh | Now_lr 0.0010/0.0010 | Lambda 0.0753 | Train Loss 0.0216 | Domain Loss 3.1173 | Valid Loss 3.5212 | Train Acc 99.2680| Valid Acc 50.3845
[TRAINER1] TestSub: S[21, 22, 23, 24, 25] Epoch 36 Finsh | Now_lr 0.0010/0.0010 | Lambda 0.0757 | Train Loss 0.0243 | Domain Loss 3.1101 | Valid Loss 3.3705 | Train Acc 99.1914| Valid Acc 49.7894
[TRAINER1] TestSub: S[21, 22, 23, 24, 25] Epoch 37 Finsh | Now_lr 0.0010/0.0010 | Lambda 0.0761 | Train Loss 0.0200 | Domain Loss 3.1157 | Valid Loss 3.7255 | Train Acc 99.3064| Valid Acc 49.4476
[TRAINER1] TestSub: S[21, 22, 23, 24, 25] Epoch 38 Finsh | Now_lr 0.0010/0.0010 | Lambda 0.0765 | Train Loss 0.0213 | Domain Loss 3.1203 | Valid Loss 3.7373 | Train Acc 99.2808| Valid Acc 49.3378
[TRAINER1] TestSub: S[21, 22, 23, 24, 25] Epoch 39 Finsh | Now_lr 0.0010/0.0010 | Lambda 0.0768 | Train Loss 0.0196 | Domain Loss 3.1251 | Valid Loss 3.8484 | Train Acc 99.3514| Valid Acc 49.5544
[TRAINER1] TestSub: S[21, 22, 23, 24, 25] Epoch 40 Finsh | Now_lr 0.0010/0.0010 | Lambda 0.0771 | Train Loss 0.0194 | Domain Loss 3.1175 | Valid Loss 3.9278 | Train Acc 99.3526| Valid Acc 50.3723
[TRAINER1] TestSub: S[21, 22, 23, 24, 25] Epoch 41 Finsh | Now_lr 0.0010/0.0010 | Lambda 0.0774 | Train Loss 0.0213 | Domain Loss 3.1358 | Valid Loss 3.6551 | Train Acc 99.2680| Valid Acc 48.7244
[TRAINER1] TestSub: S[21, 22, 23, 24, 25] Epoch 42 Finsh | Now_lr 0.0010/0.0010 | Lambda 0.0776 | Train Loss 0.0181 | Domain Loss 3.1314 | Valid Loss 3.6773 | Train Acc 99.3842| Valid Acc 49.3805
[TRAINER1] TestSub: S[21, 22, 23, 24, 25] Epoch 43 Finsh | Now_lr 0.0010/0.0010 | Lambda 0.0779 | Train Loss 0.0201 | Domain Loss 3.1284 | Valid Loss 3.9557 | Train Acc 99.3216| Valid Acc 48.1995
[TRAINER1] TestSub: S[21, 22, 23, 24, 25] Epoch 44 Finsh | Now_lr 0.0010/0.0010 | Lambda 0.0781 | Train Loss 0.0184 | Domain Loss 3.1395 | Valid Loss 3.6215 | Train Acc 99.3788| Valid Acc 49.8596
[TRAINER1] TestSub: S[21, 22, 23, 24, 25] Epoch 45 Finsh | Now_lr 0.0010/0.0010 | Lambda 0.0782 | Train Loss 0.0185 | Domain Loss 3.1346 | Valid Loss 3.6597 | Train Acc 99.3611| Valid Acc 50.4608
[TRAINER1] Early stopping triggered after 45 epochs (30 epochs without improvement)
[TRAINER1] --------------------------------------------------
[TRAINER1] Test_Subject :S[21, 22, 23, 24, 25] |Best epoch:15 | Test Loss:3.3849 | Best Acc 54.0771 | Savemodel Acc 54.0771
[TRAINER1] --------------------------------------------------
[TRAINER1] 
[TRAINER1] ========== Fold 6 ==========
[TRAINER1] Train IDs: [1, 2, 3, 4, 5, 6, 7, 8, 9, 10, 11, 12, 13, 14, 15, 16, 17, 18, 19, 20, 21, 22, 23, 24, 25]
[TRAINER1] Val IDs:   [26, 27, 28, 29, 30]
[TRAINER1] train_data_shape(164500, 32, 128),val_data_shape(32900, 32, 128)
[TRAINER1] =================================================================
[TRAINER1] Layer (type:depth-idx)                   Param #
[TRAINER1] =================================================================
[TRAINER1] DARNet                                   --
[TRAINER1] ├─TokenEmbedding: 1-1                    --
[TRAINER1] │    └─Sequential: 2-1                   --
[TRAINER1] │    │    └─Conv2d: 3-1                  576
[TRAINER1] │    │    └─BatchNorm2d: 3-2             128
[TRAINER1] │    │    └─GELU: 3-3                    --
[TRAINER1] │    └─Sequential: 2-2                   --
[TRAINER1] │    │    └─Conv2d: 3-4                  32,784
[TRAINER1] │    │    └─BatchNorm2d: 3-5             32
[TRAINER1] │    │    └─GELU: 3-6                    --
[TRAINER1] │    └─PositionalEmbedding: 2-3          --
[TRAINER1] ├─Flatten: 1-2                           --
[TRAINER1] ├─Linear: 1-3                            18
[TRAINER1] ├─AttnRefine: 1-4                        --
[TRAINER1] │    └─MyAttention: 2-4                  --
[TRAINER1] │    │    └─Attention: 3-7               800
[TRAINER1] │    └─Refine: 2-5                       --
[TRAINER1] │    │    └─Conv1d: 3-8                  784
[TRAINER1] │    │    └─BatchNorm1d: 3-9             32
[TRAINER1] │    │    └─ELU: 3-10                    --
[TRAINER1] │    │    └─MaxPool1d: 3-11              --
[TRAINER1] │    └─AdaptiveAvgPool1d: 2-6            --
[TRAINER1] │    └─Linear: 2-7                       68
[TRAINER1] │    └─Flatten: 2-8                      --
[TRAINER1] ├─AttnRefine: 1-5                        --
[TRAINER1] │    └─MyAttention: 2-9                  --
[TRAINER1] │    │    └─Attention: 3-12              800
[TRAINER1] │    └─Refine: 2-10                      --
[TRAINER1] │    │    └─Conv1d: 3-13                 784
[TRAINER1] │    │    └─BatchNorm1d: 3-14            32
[TRAINER1] │    │    └─ELU: 3-15                    --
[TRAINER1] │    │    └─MaxPool1d: da 0.0196 | Train Loss 0.2202 | Domain Loss 3.1929 | Valid Loss 1.7167 | Train Acc 91.1023| Valid Acc 52.1522
[TRAINER6] TestSub: S[6, 7, 8, 9, 10] Epoch  6 Finsh | Now_lr 0.0030/0.0030 | Lambda 0.0233 | Train Loss 0.2027 | Domain Loss 3.1944 | Valid Loss 1.8312 | Train Acc 91.8355| Valid Acc 49.8389
[TRAINER6] TestSub: S[6, 7, 8, 9, 10] Epoch  7 Finsh | Now_lr 0.0030/0.0030 | Lambda 0.0269 | Train Loss 0.1914 | Domain Loss 3.1964 | Valid Loss 1.8767 | Train Acc 92.3517| Valid Acc 49.9544
[TRAINER6] TestSub: S[6, 7, 8, 9, 10] Epoch  8 Finsh | Now_lr 0.0030/0.0030 | Lambda 0.0304 | Train Loss 0.1808 | Domain Loss 3.2000 | Valid Loss 1.7155 | Train Acc 92.8538| Valid Acc 50.4165
[TRAINER6] TestSub: S[6, 7, 8, 9, 10] Epoch  9 Finsh | Now_lr 0.0030/0.0030 | Lambda 0.0338 | Train Loss 0.1728 | Domain Loss 3.2005 | Valid Loss 1.9174 | Train Acc 93.2223| Valid Acc 48.0758
[TRAINER6] TestSub: S[6, 7, 8, 9, 10] Epoch 10 Finsh | Now_lr 0.0030/0.0030 | Lambda 0.0370 | Train Loss 0.1864 | Domain Loss 3.2009 | Valid Loss 1.8445 | Train Acc 92.6119| Valid Acc 49.5896
[TRAINER6] TestSub: S[6, 7, 8, 9, 10] Epoch 11 Finsh | Now_lr 0.0030/0.0030 | Lambda 0.0400 | Train Loss 0.1858 | Domain Loss 3.2029 | Valid Loss 1.8999 | Train Acc 92.6800| Valid Acc 47.1334
[TRAINER6] TestSub: S[6, 7, 8, 9, 10] Epoch 12 Finsh | Now_lr 0.0030/0.0030 | Lambda 0.0430 | Train Loss 0.1658 | Domain Loss 3.2023 | Valid Loss 1.9658 | Train Acc 93.5348| Valid Acc 47.8478
[TRAINER6] TestSub: S[6, 7, 8, 9, 10] Epoch 13 Finsh | Now_lr 0.0030/0.0030 | Lambda 0.0457 | Train Loss 0.1555 | Domain Loss 3.2041 | Valid Loss 2.0998 | Train Acc 94.0260| Valid Acc 44.7410
[TRAINER6] TestSub: S[6, 7, 8, 9, 10] Epoch 14 Finsh | Now_lr 0.0030/0.0030 | Lambda 0.0483 | Train Loss 0.1458 | Domain Loss 3.2048 | Valid Loss 1.9651 | Train Acc 94.4559| Valid Acc 47.1334
[TRAINER6] TestSub: S[6, 7, 8, 9, 10] Epoch 15 Finsh | Now_lr 0.0030/0.0030 | Lambda 0.0508 | Train Loss 0.1385 | Domain Loss 3.2067 | Valid Loss 2.2243 | Train Acc 94.7757| Valid Acc 48.5287
[TRAINER6] TestSub: S[6, 7, 8, 9, 10] Epoch 16 Finsh | Now_lr 0.0030/0.0030 | Lambda 0.0531 | Train Loss 0.1354 | Domain Loss 3.2074 | Valid Loss 2.0411 | Train Acc 94.8383| Valid Acc 47.9329
[TRAINER6] TestSub: S[6, 7, 8, 9, 10] Epoch 17 Finsh | Now_lr 0.0030/0.0030 | Lambda 0.0553 | Train Loss 0.1310 | Domain Loss 3.2074 | Valid Loss 2.1400 | Train Acc 95.0632| Valid Acc 47.4374
[TRAINER6] TestSub: S[6, 7, 8, 9, 10] Epoch 18 Finsh | Now_lr 0.0030/0.0030 | Lambda 0.0573 | Train Loss 0.1287 | Domain Loss 3.2082 | Valid Loss 2.1260 | Train Acc 95.1976| Valid Acc 46.8203
[TRAINER6] TestSub: S[6, 7, 8, 9, 10] Epoch 19 Finsh | Now_lr 0.0030/0.0030 | Lambda 0.0592 | Train Loss 0.1264 | Domain Loss 3.2071 | Valid Loss 2.3122 | Train Acc 95.2620| Valid Acc 46.3430
[TRAINER6] TestSub: S[6, 7, 8, 9, 10] Epoch 20 Finsh | Now_lr 0.0030/0.0030 | Lambda 0.0609 | Train Loss 0.1219 | Domain Loss 3.2083 | Valid Loss 2.6100 | Train Acc 95.4304| Valid Acc 47.0787
[TRAINER6] TestSub: S[6, 7, 8, 9, 10] Epoch 21 Finsh | Now_lr 0.0030/0.0030 | Lambda 0.0625 | Train Loss 0.1201 | Domain Loss 3.2084 | Valid Loss 2.4582 | Train Acc 95.4663| Valid Acc 45.5557
[TRAINER6] TestSub: S[6, 7, 8, 9, 10] Epoch 22 Finsh | Now_lr 0.0030/0.0030 | Lambda 0.0640 | Train Loss 0.1197 | Domain Loss 3.2090 | Valid Loss 2.3041 | Train Acc 95.5557| Valid Acc 47.1395
[TRAINER6] TestSub: S[6, 7, 8, 9, 10] Epoch 23 Finsh | Now_lr 0.0030/0.0030 | Lambda 0.0654 | Train Loss 0.1162 | Domain Loss 3.2108 | Valid Loss 2.4953 | Train Acc 95.6791| Valid Acc 46.2701
[TRAINER6] TestSub: S[6, 7, 8, 9, 10] Epoch 24 Finsh | Now_lr 0.0030/0.0030 | Lambda 0.0667 | Train Loss 0.1134 | Domain Loss 3.2105 | Valid Loss 2.5318 | Train Acc 95.7764| Valid Acc 46.5285
[TRAINER6] TestSub: S[6, 7, 8, 9, 10] Epoch 25 Finsh | Now_lr 0.0030/0.0030 | Lambda 0.0679 | Train Loss 0.1117 | Domain Loss 3.2115 | Valid Loss 2.5142 | Train Acc 95.8414| Valid Acc 48.1244
[TRAINER6] TestSub: S[6, 7, 8, 9, 10] Epoch 26 Finsh | Now_lr 0.0030/0.0030 | Lambda 0.0689 | Train Loss 0.1125 | Domain Loss 3.2113 | Valid Loss 2.3544 | Train Acc 95.8238| Valid Acc 46.7078
[TRAINER6] TestSub: S[6, 7, 8, 9, 10] Epoch 27 Finsh | Now_lr 0.0030/0.0030 | Lambda 0.0699 | Train Loss 0.1099 | Domain Loss 3.2125 | Valid Loss 2.5335 | Train Acc 95.9314| Valid Acc 45.9661
[TRAINER6] TestSub: S[6, 7, 8, 9, 10] Epoch 28 Finsh | Now_lr 0.0030/0.0030 | Lambda 0.0708 | Train Loss 0.1085 | Domain Loss 3.2116 | Valid Loss 2.3887 | Train Acc 95.9837| Valid Acc 46.7564
[TRAINER6] TestSub: S[6, 7, 8, 9, 10] Epoch 29 Finsh | Now_lr 0.0030/0.0030 | Lambda 0.0717 | Train Loss 0.1070 | Domain Loss 3.2120 | Valid Loss 2.3317 | Train Acc 96.0463| Valid Acc 49.7811
[TRAINER6] TestSub: S[6, 7, 8, 9, 10] Epoch 30 Finsh | Now_lr 0.0030/0.0030 | Lambda 0.0724 | Train Loss 0.1070 | Domain Loss 3.2132 | Valid Loss 2.6675 | Train Acc 96.0700| Valid Acc 47.1455
[TRAINER6] TestSub: S[6, 7, 8, 9, 10] Epoch 31 Finsh | Now_lr 0.0030/0.0030 | Lambda 0.0731 | Train Loss 0.1044 | Domain Loss 3.2128 | Valid Loss 2.3534 | Train Acc 96.1436| Valid Acc 49.5197
[TRAINER6] TestSub: S[6, 7, 8, 9, 10] Epoch 32 Finsh | Now_lr 0.0030/0.0030 | Lambda 0.0737 | Train Loss 0.1045 | Domain Loss 3.2120 | Valid Loss 2.5816 | Train Acc 96.1685| Valid Acc 48.7141
[TRAINER6] TestSub: S[6, 7, 8, 9, 10] Epoch 33 Finsh | Now_lr 0.0030/0.0030 | Lambda 0.0743 | Train Loss 0.1048 | Domain Loss 3.2128 | Valid Loss 2.5814 | Train Acc 96.1625| Valid Acc 47.6988
[TRAINER6] TestSub: S[6, 7, 8, 9, 10] Epoch 34 Finsh | Now_lr 0.0030/0.0030 | Lambda 0.0748 | Train Loss 0.1043 | Domain Loss 3.2136 | Valid Loss 2.4944 | Train Acc 96.1345| Valid Acc 49.2583
[TRAINER6] Early stopping triggered after 34 epochs (30 epochs without improvement)
[TRAINER6] --------------------------------------------------
[TRAINER6] Test_Subject :S[6, 7, 8, 9, 10] |Best epoch:4 | Test Loss:1.6105 | Best Acc 55.0158 | Savemodel Acc 55.0158
[TRAINER6] --------------------------------------------------
[TRAINER6] 
[TRAINER6] ========== Fold 3 ==========
[TRAINER6] Train IDs: [1, 2, 3, 4, 5, 6, 7, 8, 9, 10, 16, 17, 18, 19, 20, 21, 22, 23, 24, 25, 26, 27, 28, 29, 30]
[TRAINER6] Val IDs:   [11, 12, 13, 14, 15]
[TRAINER6] train_data_shape(164500, 32, 128),val_data_shape(32900, 32, 128)
[TRAINER6] =================================================================
[TRAINER6] Layer (type:depth-idx)                   Param #
[TRAINER6] =================================================================
[TRAINER6] DARNet                                   --
[TRAINER6] ├─TokenEmbedding: 1-1                    --
[TRAINER6] │    └─Sequential: 2-1                   --
[TRAINER6] │    │    └─Conv2d: 3-1                  576
[TRAINER6] │    │    └─BatchNorm2d: 3-2             128
[TRAINER6] │    │    └─GELU: 3-3                    --
[TRAINER6] │    └─Sequential: 2-2                   --
[TRAINER6] │    │    └─Conv2d: 3-4                  32,784
[TRAINER6] │    │    └─BatchNorm2d: 3-5             32
[TRAINER6] │    │    └─GELU: 3-6                    --
[TRAINER6] │    └─PositionalEmbedding: 2-3          --
[TRAINER6] ├─Flatten: 1-2                           --
[TRAINER6] ├─Linear: 1-3                            18
[TRAINER6] ├─AttnRefine: 1-4                        --
[TRAINER6] │    └─MyAttention: 2-4                  --
[TRAINER6] │    │    └─Attention: 3-7               800
[TRAINER6] │    └─Refine: 2-5                       --
[TRAINER6] │    │    └─Conv1d: 3-8                  784
[TRAINER6] │    │    └─BatchNorm1d: 3-9             32
[TRAINER6] │    │    └─ELU: 3-10                    --
[TRAINER6] │    │    └─MaxPool1d: 3-11              --
[TRAINER6] │    └─AdaptiveAvgPool1d: 2-6            --
[TRAINER6] │    └─Linear: 2-7                       68
[TRAINER6] │    └─Flatten: 2-8                      --
[TRAINER6] ├─AttnRefine: 1-5                        --
[TRAINER6] │    └─MyAttention: 2-9                  --
[TRAINER6] │    │    └─Attention: 3-12              800
[TRAINER6] │    └─5.368902) in epoch (1).  Saving model ...
[TRAINER2] TestSub: S[16, 17, 18, 19, 20] Epoch  2 Finsh | Now_lr 0.0007/0.0007 | Lambda 0.0080 | Train Loss 0.3186 | Domain Loss 2.8767 | Valid Loss 1.6808 | Train Acc 85.5685| Valid Acc 46.9451
[TRAINER2] Validation acc increase (45.368902 --> 46.945122) in epoch (2).  Saving model ...
[TRAINER2] TestSub: S[16, 17, 18, 19, 20] Epoch  3 Finsh | Now_lr 0.0007/0.0007 | Lambda 0.0119 | Train Loss 0.2551 | Domain Loss 2.9223 | Valid Loss 2.0173 | Train Acc 89.0850| Valid Acc 46.7591
[TRAINER2] TestSub: S[16, 17, 18, 19, 20] Epoch  4 Finsh | Now_lr 0.0007/0.0007 | Lambda 0.0158 | Train Loss 0.2000 | Domain Loss 2.9534 | Valid Loss 2.3061 | Train Acc 91.8282| Valid Acc 47.5945
[TRAINER2] Validation acc increase (46.945122 --> 47.594512) in epoch (4).  Saving model ...
[TRAINER2] TestSub: S[16, 17, 18, 19, 20] Epoch  5 Finsh | Now_lr 0.0007/0.0007 | Lambda 0.0196 | Train Loss 0.1567 | Domain Loss 2.9668 | Valid Loss 2.5166 | Train Acc 93.8369| Valid Acc 47.3720
[TRAINER2] TestSub: S[16, 17, 18, 19, 20] Epoch  6 Finsh | Now_lr 0.0007/0.0007 | Lambda 0.0233 | Train Loss 0.1277 | Domain Loss 3.0112 | Valid Loss 2.7285 | Train Acc 95.1040| Valid Acc 47.1768
[TRAINER2] TestSub: S[16, 17, 18, 19, 20] Epoch  7 Finsh | Now_lr 0.0007/0.0007 | Lambda 0.0269 | Train Loss 0.1052 | Domain Loss 3.0129 | Valid Loss 2.5408 | Train Acc 95.9065| Valid Acc 48.4817
[TRAINER2] Validation acc increase (47.594512 --> 48.481707) in epoch (7).  Saving model ...
[TRAINER2] TestSub: S[16, 17, 18, 19, 20] Epoch  8 Finsh | Now_lr 0.0007/0.0007 | Lambda 0.0304 | Train Loss 0.0892 | Domain Loss 3.0083 | Valid Loss 2.8210 | Train Acc 96.6203| Valid Acc 49.1738
[TRAINER2] Validation acc increase (48.481707 --> 49.173780) in epoch (8).  Saving model ...
[TRAINER2] TestSub: S[16, 17, 18, 19, 20] Epoch  9 Finsh | Now_lr 0.0007/0.0007 | Lambda 0.0338 | Train Loss 0.0791 | Domain Loss 3.0014 | Valid Loss 2.9648 | Train Acc 97.0185| Valid Acc 48.2043
[TRAINER2] TestSub: S[16, 17, 18, 19, 20] Epoch 10 Finsh | Now_lr 0.0007/0.0007 | Lambda 0.0370 | Train Loss 0.0685 | Domain Loss 3.0260 | Valid Loss 3.1581 | Train Acc 97.5036| Valid Acc 51.4299
[TRAINER2] Validation acc increase (49.173780 --> 51.429878) in epoch (10).  Saving model ...
[TRAINER2] TestSub: S[16, 17, 18, 19, 20] Epoch 11 Finsh | Now_lr 0.0007/0.0007 | Lambda 0.0400 | Train Loss 0.0634 | Domain Loss 3.0372 | Valid Loss 3.0383 | Train Acc 97.6642| Valid Acc 50.8628
[TRAINER2] TestSub: S[16, 17, 18, 19, 20] Epoch 12 Finsh | Now_lr 0.0007/0.0007 | Lambda 0.0430 | Train Loss 0.0578 | Domain Loss 3.0337 | Valid Loss 3.1068 | Train Acc 97.9080| Valid Acc 50.9939
[TRAINER2] TestSub: S[16, 17, 18, 19, 20] Epoch 13 Finsh | Now_lr 0.0007/0.0007 | Lambda 0.0457 | Train Loss 0.0535 | Domain Loss 3.0287 | Valid Loss 3.2895 | Train Acc 98.0320| Valid Acc 51.3049
[TRAINER2] TestSub: S[16, 17, 18, 19, 20] Epoch 14 Finsh | Now_lr 0.0007/0.0007 | Lambda 0.0483 | Train Loss 0.0494 | Domain Loss 3.0481 | Valid Loss 3.2010 | Train Acc 98.2460| Valid Acc 51.7622
[TRAINER2] Validation acc increase (51.429878 --> 51.762195) in epoch (14).  Saving model ...
[TRAINER2] TestSub: S[16, 17, 18, 19, 20] Epoch 15 Finsh | Now_lr 0.0007/0.0007 | Lambda 0.0508 | Train Loss 0.0477 | Domain Loss 3.0580 | Valid Loss 3.2389 | Train Acc 98.2825| Valid Acc 52.2591
[TRAINER2] Validation acc increase (51.762195 --> 52.259146) in epoch (15).  Saving model ...
[TRAINER2] TestSub: S[16, 17, 18, 19, 20] Epoch 16 Finsh | Now_lr 0.0007/0.0007 | Lambda 0.0531 | Train Loss 0.0437 | Domain Loss 3.0422 | Valid Loss 3.3818 | Train Acc 98.4551| Valid Acc 52.7561
[TRAINER2] Validation acc increase (52.259146 --> 52.756098) in epoch (16).  Saving model ...
[TRAINER2] TestSub: S[16, 17, 18, 19, 20] Epoch 17 Finsh | Now_lr 0.0007/0.0007 | Lambda 0.0553 | Train Loss 0.0404 | Domain Loss 3.0867 | Valid Loss 3.2126 | Train Acc 98.5706| Valid Acc 51.2957
[TRAINER2] TestSub: S[16, 17, 18, 19, 20] Epoch 18 Finsh | Now_lr 0.0007/0.0007 | Lambda 0.0573 | Train Loss 0.0373 | Domain Loss 3.0867 | Valid Loss 3.4984 | Train Acc 98.6935| Valid Acc 51.5915
[TRAINER2] TestSub: S[16, 17, 18, 19, 20] Epoch 19 Finsh | Now_lr 0.0007/0.0007 | Lambda 0.0592 | Train Loss 0.0359 | Domain Loss 3.0982 | Valid Loss 3.4357 | Train Acc 98.7494| Valid Acc 52.2896
[TRAINER2] TestSub: S[16, 17, 18, 19, 20] Epoch 20 Finsh | Now_lr 0.0007/0.0007 | Lambda 0.0609 | Train Loss 0.0341 | Domain Loss 3.1197 | Valid Loss 3.4848 | Train Acc 98.7877| Valid Acc 52.2530
[TRAINER2] TestSub: S[16, 17, 18, 19, 20] Epoch 21 Finsh | Now_lr 0.0007/0.0007 | Lambda 0.0625 | Train Loss 0.0315 | Domain Loss 3.1287 | Valid Loss 3.6993 | Train Acc 98.8977| Valid Acc 52.5640
[TRAINER2] TestSub: S[16, 17, 18, 19, 20] Epoch 22 Finsh | Now_lr 0.0007/0.0007 | Lambda 0.0640 | Train Loss 0.0317 | Domain Loss 3.1308 | Valid Loss 3.5412 | Train Acc 98.8564| Valid Acc 52.0213
[TRAINER2] TestSub: S[16, 17, 18, 19, 20] Epoch 23 Finsh | Now_lr 0.0007/0.0007 | Lambda 0.0654 | Train Loss 0.0292 | Domain Loss 3.1266 | Valid Loss 3.5975 | Train Acc 98.9804| Valid Acc 51.3628
[TRAINER2] TestSub: S[16, 17, 18, 19, 20] Epoch 24 Finsh | Now_lr 0.0007/0.0007 | Lambda 0.0667 | Train Loss 0.0289 | Domain Loss 3.1260 | Valid Loss 3.9120 | Train Acc 98.9908| Valid Acc 51.8689
[TRAINER2] TestSub: S[16, 17, 18, 19, 20] Epoch 25 Finsh | Now_lr 0.0007/0.0007 | Lambda 0.0679 | Train Loss 0.0277 | Domain Loss 3.1212 | Valid Loss 3.4905 | Train Acc 99.0175| Valid Acc 52.6951
[TRAINER2] TestSub: S[16, 17, 18, 19, 20] Epoch 26 Finsh | Now_lr 0.0007/0.0007 | Lambda 0.0689 | Train Loss 0.0260 | Domain Loss 3.1363 | Valid Loss 3.6969 | Train Acc 99.1038| Valid Acc 53.7287
[TRAINER2] Validation acc increase (52.756098 --> 53.728659) in epoch (26).  Saving model ...
[TRAINER2] TestSub: S[16, 17, 18, 19, 20] Epoch 27 Finsh | Now_lr 0.0007/0.0007 | Lambda 0.0699 | Train Loss 0.0244 | Domain Loss 3.1459 | Valid Loss 3.5595 | Train Acc 99.1762| Valid Acc 51.6677
[TRAINER2] TestSub: S[16, 17, 18, 19, 20] Epoch 28 Finsh | Now_lr 0.0007/0.0007 | Lambda 0.0708 | Train Loss 0.0233 | Domain Loss 3.1592 | Valid Loss 3.5912 | Train Acc 99.1999| Valid Acc 52.6646
[TRAINER2] TestSub: S[16, 17, 18, 19, 20] Epoch 29 Finsh | Now_lr 0.0007/0.0007 | Lambda 0.0717 | Train Loss 0.0233 | Domain Loss 3.1571 | Valid Loss 3.6704 | Train Acc 99.1701| Valid Acc 52.4970
[TRAINER2] TestSub: S[16, 17, 18, 19, 20] Epoch 30 Finsh | Now_lr 0.0007/0.0007 | Lambda 0.0724 | Train Loss 0.0212 | Domain Loss 3.1563 | Valid Loss 3.7427 | Train Acc 99.2698| Valid Acc 54.2317
[TRAINER2] Validation acc increase (53.728659 --> 54.231707) in epoch (30).  Saving model ...
[TRAINER2] TestSub: S[16, 17, 18, 19, 20] Epoch 31 Finsh | Now_lr 0.0007/0.0007 | Lambda 0.0731 | Train Loss 0.0211 | Domain Loss 3.1681 | Valid Loss 4.2690 | Train Acc 99.2923| Valid Acc 51.8476
[TRAINER2] TestSub: S[16, 17, 18, 19, 20] Epoch 32 Finsh | Now_lr 0.0007/0.0007 | Lambda 0.0737 | Train Loss 0.0223 | Domain Loss 3.1649 | Valid Loss 3.7104 | Train Acc 99.2479| Valid Acc 52.7683
[TRAINER2] TestSub: S[16, 17, 18, 19, 20] Epoch 33 Finsh | Now_lr 0.0007/0.0007 | Lambda 0.0743 | Train Loss 0.0200 | Domain Loss 3.1640 | Valid Loss 3.9655 | Train Acc 99.3209| Valid Acc 51.0915
[TRAINER2] TestSub: S[16, 17, 18, 19, 20] Epoch 34 Finsh | Now_lr 0.0007/0.0007 | Lambda 0.0748 | Train Loss 0.0197 | Domain Loss 3.1642 | Valid Loss 3.7420 | Train Acc 99.3428| Valid Acc 53.2409
[TRAINER2] TestSub: S[16, 17, 18, 19, 20] Epoch 35 Finsh | Now_lr 0.0007/0.0007 | Lambda 0.0753 | Train Loss 0.0194 | Domain Loss 3.1692 | Valid Loss 3.7250 | Train Acc 99.3683| Valid Acc 52.9146
[TRAINER2] TestSub: S[16, 17, 18, 19, 20] Epoch 36 Finsh | Now_lr 0.0007/0.0007 | Lambda 0.0757 | Train Loss 0.0183 | Domain Loss 3.1768 | Valid Loss 3.7189 | Train Acc 99.3610| Valid Acc 52.5091
[TRAINER2] TestSub: S[16, 17, 18, 19, 20] Epoch 37 Finsh | Now_lr 0.0007/0.0007 | Lambda 0.0761 | Train Loss 0.0177 | Domain Loss 3.1666 | Valid Loss 4.0339 | Train Acc 99.3902| Valid Acc 52.5884
[TRAINER2] TestSub: S[16, 17, 18, 19, 20] Epoch 38 Finsh | Now_lr 0.0007/0.0007 | Lambda 0.0765 | Train Loss 0.0168 | Domain Loss 3.1737 | Valid Loss 4.1758 |0458
[TRAINER3] TestSub: S[11, 12, 13, 14, 15] Epoch 57 Finsh | Now_lr 0.0100/0.0100 | Lambda 0.1490 | Train Loss 0.0679 | Domain Loss 3.2196 | Valid Loss 2.5009 | Train Acc 97.5796| Valid Acc 51.0396
[TRAINER3] TestSub: S[11, 12, 13, 14, 15] Epoch 58 Finsh | Now_lr 0.0100/0.0100 | Lambda 0.1491 | Train Loss 0.0692 | Domain Loss 3.2191 | Valid Loss 2.3761 | Train Acc 97.4982| Valid Acc 50.8360
[TRAINER3] TestSub: S[11, 12, 13, 14, 15] Epoch 59 Finsh | Now_lr 0.0100/0.0100 | Lambda 0.1492 | Train Loss 0.0679 | Domain Loss 3.2197 | Valid Loss 2.2960 | Train Acc 97.5377| Valid Acc 51.8087
[TRAINER3] TestSub: S[11, 12, 13, 14, 15] Epoch 60 Finsh | Now_lr 0.0100/0.0100 | Lambda 0.1493 | Train Loss 0.0637 | Domain Loss 3.2191 | Valid Loss 2.7690 | Train Acc 97.7177| Valid Acc 51.9638
[TRAINER3] TestSub: S[11, 12, 13, 14, 15] Epoch 61 Finsh | Now_lr 0.0100/0.0100 | Lambda 0.1493 | Train Loss 0.0670 | Domain Loss 3.2192 | Valid Loss 2.8756 | Train Acc 97.6204| Valid Acc 50.4833
[TRAINER3] TestSub: S[11, 12, 13, 14, 15] Epoch 62 Finsh | Now_lr 0.0100/0.0100 | Lambda 0.1494 | Train Loss 0.0667 | Domain Loss 3.2194 | Valid Loss 2.6936 | Train Acc 97.6471| Valid Acc 52.4866
[TRAINER3] TestSub: S[11, 12, 13, 14, 15] Epoch 63 Finsh | Now_lr 0.0100/0.0100 | Lambda 0.1495 | Train Loss 0.0679 | Domain Loss 3.2196 | Valid Loss 2.2687 | Train Acc 97.5845| Valid Acc 52.2830
[TRAINER3] TestSub: S[11, 12, 13, 14, 15] Epoch 64 Finsh | Now_lr 0.0100/0.0100 | Lambda 0.1495 | Train Loss 0.0660 | Domain Loss 3.2199 | Valid Loss 2.4105 | Train Acc 97.6453| Valid Acc 50.3435
[TRAINER3] TestSub: S[11, 12, 13, 14, 15] Epoch 65 Finsh | Now_lr 0.0100/0.0100 | Lambda 0.1495 | Train Loss 0.0649 | Domain Loss 3.2197 | Valid Loss 2.7515 | Train Acc 97.6958| Valid Acc 50.8147
[TRAINER3] TestSub: S[11, 12, 13, 14, 15] Epoch 66 Finsh | Now_lr 0.0100/0.0100 | Lambda 0.1496 | Train Loss 0.0688 | Domain Loss 3.2195 | Valid Loss 2.7737 | Train Acc 97.5201| Valid Acc 52.4623
[TRAINER3] TestSub: S[11, 12, 13, 14, 15] Epoch 67 Finsh | Now_lr 0.0100/0.0100 | Lambda 0.1496 | Train Loss 0.0668 | Domain Loss 3.2196 | Valid Loss 2.4313 | Train Acc 97.6423| Valid Acc 51.7054
[TRAINER3] TestSub: S[11, 12, 13, 14, 15] Epoch 68 Finsh | Now_lr 0.0100/0.0100 | Lambda 0.1497 | Train Loss 0.0627 | Domain Loss 3.2196 | Valid Loss 2.6109 | Train Acc 97.7760| Valid Acc 53.1645
[TRAINER3] Validation acc increase (53.137160 --> 53.164518) in epoch (68).  Saving model ...
[TRAINER3] TestSub: S[11, 12, 13, 14, 15] Epoch 69 Finsh | Now_lr 0.0100/0.0100 | Lambda 0.1497 | Train Loss 0.0686 | Domain Loss 3.2190 | Valid Loss 2.4425 | Train Acc 97.5857| Valid Acc 50.5229
[TRAINER3] TestSub: S[11, 12, 13, 14, 15] Epoch 70 Finsh | Now_lr 0.0100/0.0100 | Lambda 0.1497 | Train Loss 0.0655 | Domain Loss 3.2196 | Valid Loss 2.9090 | Train Acc 97.6745| Valid Acc 49.6808
[TRAINER3] TestSub: S[11, 12, 13, 14, 15] Epoch 71 Finsh | Now_lr 0.0100/0.0100 | Lambda 0.1498 | Train Loss 0.0663 | Domain Loss 3.2190 | Valid Loss 2.6746 | Train Acc 97.6727| Valid Acc 50.2098
[TRAINER3] TestSub: S[11, 12, 13, 14, 15] Epoch 72 Finsh | Now_lr 0.0100/0.0100 | Lambda 0.1498 | Train Loss 0.0642 | Domain Loss 3.2198 | Valid Loss 2.2722 | Train Acc 97.7006| Valid Acc 53.3925
[TRAINER3] Validation acc increase (53.164518 --> 53.392510) in epoch (72).  Saving model ...
[TRAINER3] TestSub: S[11, 12, 13, 14, 15] Epoch 73 Finsh | Now_lr 0.0100/0.0100 | Lambda 0.1498 | Train Loss 0.0648 | Domain Loss 3.2193 | Valid Loss 2.4640 | Train Acc 97.7292| Valid Acc 52.9912
[TRAINER3] TestSub: S[11, 12, 13, 14, 15] Epoch 74 Finsh | Now_lr 0.0100/0.0100 | Lambda 0.1498 | Train Loss 0.0639 | Domain Loss 3.2192 | Valid Loss 2.5401 | Train Acc 97.7207| Valid Acc 50.1216
[TRAINER3] TestSub: S[11, 12, 13, 14, 15] Epoch 75 Finsh | Now_lr 0.0100/0.0100 | Lambda 0.1498 | Train Loss 0.0652 | Domain Loss 3.2192 | Valid Loss 2.6734 | Train Acc 97.6660| Valid Acc 50.9302
[TRAINER3] TestSub: S[11, 12, 13, 14, 15] Epoch 76 Finsh | Now_lr 0.0100/0.0100 | Lambda 0.1498 | Train Loss 0.0636 | Domain Loss 3.2191 | Valid Loss 2.4803 | Train Acc 97.7760| Valid Acc 49.6443
[TRAINER3] TestSub: S[11, 12, 13, 14, 15] Epoch 77 Finsh | Now_lr 0.0100/0.0100 | Lambda 0.1499 | Train Loss 0.0652 | Domain Loss 3.2193 | Valid Loss 2.4306 | Train Acc 97.6727| Valid Acc 48.7232
[TRAINER3] TestSub: S[11, 12, 13, 14, 15] Epoch 78 Finsh | Now_lr 0.0100/0.0100 | Lambda 0.1499 | Train Loss 0.0625 | Domain Loss 3.2193 | Valid Loss 2.3369 | Train Acc 97.7924| Valid Acc 51.5412
[TRAINER3] TestSub: S[11, 12, 13, 14, 15] Epoch 79 Finsh | Now_lr 0.0100/0.0100 | Lambda 0.1499 | Train Loss 0.0652 | Domain Loss 3.2193 | Valid Loss 2.5674 | Train Acc 97.6490| Valid Acc 51.0001
[TRAINER3] TestSub: S[11, 12, 13, 14, 15] Epoch 80 Finsh | Now_lr 0.0100/0.0100 | Lambda 0.1499 | Train Loss 0.0628 | Domain Loss 3.2197 | Valid Loss 2.3453 | Train Acc 97.7943| Valid Acc 51.6598
[TRAINER3] TestSub: S[11, 12, 13, 14, 15] Epoch 81 Finsh | Now_lr 0.0100/0.0100 | Lambda 0.1499 | Train Loss 0.0619 | Domain Loss 3.2194 | Valid Loss 2.5698 | Train Acc 97.8143| Valid Acc 51.9090
[TRAINER3] TestSub: S[11, 12, 13, 14, 15] Epoch 82 Finsh | Now_lr 0.0100/0.0100 | Lambda 0.1499 | Train Loss 0.0643 | Domain Loss 3.2191 | Valid Loss 2.4664 | Train Acc 97.7128| Valid Acc 49.1458
[TRAINER3] TestSub: S[11, 12, 13, 14, 15] Epoch 83 Finsh | Now_lr 0.0100/0.0100 | Lambda 0.1499 | Train Loss 0.0644 | Domain Loss 3.2192 | Valid Loss 2.8467 | Train Acc 97.7560| Valid Acc 50.8755
[TRAINER3] TestSub: S[11, 12, 13, 14, 15] Epoch 84 Finsh | Now_lr 0.0100/0.0100 | Lambda 0.1499 | Train Loss 0.0645 | Domain Loss 3.2190 | Valid Loss 2.3074 | Train Acc 97.7231| Valid Acc 51.1704
[TRAINER3] TestSub: S[11, 12, 13, 14, 15] Epoch 85 Finsh | Now_lr 0.0100/0.0100 | Lambda 0.1499 | Train Loss 0.0643 | Domain Loss 3.2194 | Valid Loss 2.2916 | Train Acc 97.7146| Valid Acc 48.5743
[TRAINER3] TestSub: S[11, 12, 13, 14, 15] Epoch 86 Finsh | Now_lr 0.0100/0.0100 | Lambda 0.1499 | Train Loss 0.0624 | Domain Loss 3.2193 | Valid Loss 2.6963 | Train Acc 97.8082| Valid Acc 51.3588
[TRAINER3] TestSub: S[11, 12, 13, 14, 15] Epoch 87 Finsh | Now_lr 0.0100/0.0100 | Lambda 0.1500 | Train Loss 0.0624 | Domain Loss 3.2197 | Valid Loss 2.5179 | Train Acc 97.7955| Valid Acc 48.4345
[TRAINER3] TestSub: S[11, 12, 13, 14, 15] Epoch 88 Finsh | Now_lr 0.0100/0.0100 | Lambda 0.1500 | Train Loss 0.0646 | Domain Loss 3.2194 | Valid Loss 2.7623 | Train Acc 97.7158| Valid Acc 49.2856
[TRAINER3] TestSub: S[11, 12, 13, 14, 15] Epoch 89 Finsh | Now_lr 0.0100/0.0100 | Lambda 0.1500 | Train Loss 0.0625 | Domain Loss 3.2191 | Valid Loss 2.5418 | Train Acc 97.8028| Valid Acc 46.8811
[TRAINER3] TestSub: S[11, 12, 13, 14, 15] Epoch 90 Finsh | Now_lr 0.0100/0.0100 | Lambda 0.1500 | Train Loss 0.0625 | Domain Loss 3.2197 | Valid Loss 2.5851 | Train Acc 97.8289| Valid Acc 51.8361
[TRAINER3] TestSub: S[11, 12, 13, 14, 15] Epoch 91 Finsh | Now_lr 0.0100/0.0100 | Lambda 0.1500 | Train Loss 0.0639 | Domain Loss 3.2196 | Valid Loss 2.7014 | Train Acc 97.7462| Valid Acc 48.0150
[TRAINER3] TestSub: S[11, 12, 13, 14, 15] Epoch 92 Finsh | Now_lr 0.0100/0.0100 | Lambda 0.1500 | Train Loss 0.0605 | Domain Loss 3.2197 | Valid Loss 2.7462 | Train Acc 97.8709| Valid Acc 45.2791
[TRAINER3] TestSub: S[11, 12, 13, 14, 15] Epoch 93 Finsh | Now_lr 0.0100/0.0100 | Lambda 0.1500 | Train Loss 0.0614 | Domain Loss 3.2196 | Valid Loss 2.5498 | Train Acc 97.8520| Valid Acc 50.4742
[TRAINER3] TestSub: S[11, 12, 13, 14, 15] Epoch 94 Finsh | Now_lr 0.0100/0.0100 | Lambda 0.1500 | Train Loss 0.0653 | Domain Loss 3.2192 | Valid Loss 2.5872 | Train Acc 97.6569| Valid Acc 52.3316
[TRAINER3] TestSub: S[11, 12, 13, 14, 15] Epoch 95 Finsh | Now_lr 0.0100/0.0100 | Lambda 0.1500 | Train Loss 0.0600 | Domain Loss 3.2193 | Valid Loss 2.5440 | Train Acc 97.8885| Valid Acc 48.8722
[TRAINER3] TestSub: S[11, 12, 13, 14, 15] Epoch 96 Finsh | Now_lr 0.0100/0.0100 | Lambda 0.1500 | Train Loss 0.0624 | Domain Loss 3.2190 | Valid Loss 2.4272 | Train Acc 97.8435| Valid Acc 50.2979
[TRAINER3] TestSub: S[11, 12, 13, 14, 15] Epoch 97 Finsh | Now_lr 0.0100/0.0100 | Lambda 0.1500 | Train Loss 0.0612 | Domain Loss 3.2191 | Valid Loss 2.7701 | 3-16              --
[TRAINER1] │    └─AdaptiveAvgPool1d: 2-11           --
[TRAINER1] │    └─Linear: 2-12                      68
[TRAINER1] │    └─Flatten: 2-13                     --
[TRAINER1] ├─GradientReversalLayer: 1-6             --
[TRAINER1] ├─SubjectDiscriminator: 1-7              --
[TRAINER1] │    └─Sequential: 2-14                  --
[TRAINER1] │    │    └─Linear: 3-17                 2,304
[TRAINER1] │    │    └─ReLU: 3-18                   --
[TRAINER1] │    │    └─Dropout: 3-19                --
[TRAINER1] │    │    └─Linear: 3-20                 32,896
[TRAINER1] │    │    └─ReLU: 3-21                   --
[TRAINER1] │    │    └─Dropout: 3-22                --
[TRAINER1] │    │    └─Linear: 3-23                 3,870
[TRAINER1] =================================================================
[TRAINER1] Total params: 75,976
[TRAINER1] Trainable params: 75,976
[TRAINER1] Non-trainable params: 0
[TRAINER1] =================================================================
[TRAINER1] TestSub: S[26, 27, 28, 29, 30] Epoch  1 Finsh | Now_lr 0.0010/0.0010 | Lambda 0.0040 | Train Loss 0.4686 | Domain Loss 2.9956 | Valid Loss 1.5533 | Train Acc 75.8178| Valid Acc 51.4801
[TRAINER1] Validation acc increase (0.000000 --> 51.480103) in epoch (1).  Saving model ...
[TRAINER1] TestSub: S[26, 27, 28, 29, 30] Epoch  2 Finsh | Now_lr 0.0010/0.0010 | Lambda 0.0080 | Train Loss 0.2876 | Domain Loss 2.8865 | Valid Loss 1.7863 | Train Acc 87.8937| Valid Acc 52.2217
[TRAINER1] Validation acc increase (51.480103 --> 52.221680) in epoch (2).  Saving model ...
[TRAINER1] TestSub: S[26, 27, 28, 29, 30] Epoch  3 Finsh | Now_lr 0.0010/0.0010 | Lambda 0.0119 | Train Loss 0.2318 | Domain Loss 2.8491 | Valid Loss 2.1912 | Train Acc 90.6883| Valid Acc 51.8799
[TRAINER1] TestSub: S[26, 27, 28, 29, 30] Epoch  4 Finsh | Now_lr 0.0010/0.0010 | Lambda 0.0158 | Train Loss 0.1977 | Domain Loss 2.8847 | Valid Loss 2.2469 | Train Acc 92.3159| Valid Acc 52.5665
[TRAINER1] Validation acc increase (52.221680 --> 52.566528) in epoch (4).  Saving model ...
[TRAINER1] TestSub: S[26, 27, 28, 29, 30] Epoch  5 Finsh | Now_lr 0.0010/0.0010 | Lambda 0.0196 | Train Loss 0.1736 | Domain Loss 2.9549 | Valid Loss 2.2142 | Train Acc 93.3667| Valid Acc 50.4425
[TRAINER1] TestSub: S[26, 27, 28, 29, 30] Epoch  6 Finsh | Now_lr 0.0010/0.0010 | Lambda 0.0233 | Train Loss 0.1550 | Domain Loss 2.9708 | Valid Loss 2.3541 | Train Acc 94.0664| Valid Acc 49.7284
[TRAINER1] TestSub: S[26, 27, 28, 29, 30] Epoch  7 Finsh | Now_lr 0.0010/0.0010 | Lambda 0.0269 | Train Loss 0.1341 | Domain Loss 2.9531 | Valid Loss 2.6384 | Train Acc 94.9614| Valid Acc 50.2838
[TRAINER1] TestSub: S[26, 27, 28, 29, 30] Epoch  8 Finsh | Now_lr 0.0010/0.0010 | Lambda 0.0304 | Train Loss 0.1169 | Domain Loss 2.9462 | Valid Loss 2.8393 | Train Acc 95.6161| Valid Acc 50.4242
[TRAINER1] TestSub: S[26, 27, 28, 29, 30] Epoch  9 Finsh | Now_lr 0.0010/0.0010 | Lambda 0.0338 | Train Loss 0.1027 | Domain Loss 2.9531 | Valid Loss 2.8151 | Train Acc 96.1917| Valid Acc 52.8046
[TRAINER1] Validation acc increase (52.566528 --> 52.804565) in epoch (9).  Saving model ...
[TRAINER1] TestSub: S[26, 27, 28, 29, 30] Epoch 10 Finsh | Now_lr 0.0010/0.0010 | Lambda 0.0370 | Train Loss 0.0908 | Domain Loss 2.9481 | Valid Loss 2.8315 | Train Acc 96.6188| Valid Acc 51.4374
[TRAINER1] TestSub: S[26, 27, 28, 29, 30] Epoch 11 Finsh | Now_lr 0.0010/0.0010 | Lambda 0.0400 | Train Loss 0.0791 | Domain Loss 2.9991 | Valid Loss 3.2944 | Train Acc 97.1251| Valid Acc 50.5066
[TRAINER1] TestSub: S[26, 27, 28, 29, 30] Epoch 12 Finsh | Now_lr 0.0010/0.0010 | Lambda 0.0430 | Train Loss 0.0743 | Domain Loss 3.0234 | Valid Loss 3.1610 | Train Acc 97.2632| Valid Acc 51.0040
[TRAINER1] TestSub: S[26, 27, 28, 29, 30] Epoch 13 Finsh | Now_lr 0.0010/0.0010 | Lambda 0.0457 | Train Loss 0.0677 | Domain Loss 2.9997 | Valid Loss 3.0546 | Train Acc 97.5273| Valid Acc 51.3153
[TRAINER1] TestSub: S[26, 27, 28, 29, 30] Epoch 14 Finsh | Now_lr 0.0010/0.0010 | Lambda 0.0483 | Train Loss 0.0594 | Domain Loss 3.0145 | Valid Loss 3.4056 | Train Acc 97.8443| Valid Acc 49.3195
[TRAINER1] TestSub: S[26, 27, 28, 29, 30] Epoch 15 Finsh | Now_lr 0.0010/0.0010 | Lambda 0.0508 | Train Loss 0.0565 | Domain Loss 3.0329 | Valid Loss 3.3268 | Train Acc 97.9775| Valid Acc 50.7294
[TRAINER1] TestSub: S[26, 27, 28, 29, 30] Epoch 16 Finsh | Now_lr 0.0010/0.0010 | Lambda 0.0531 | Train Loss 0.0530 | Domain Loss 3.0269 | Valid Loss 3.3542 | Train Acc 98.1035| Valid Acc 49.7589
[TRAINER1] TestSub: S[26, 27, 28, 29, 30] Epoch 17 Finsh | Now_lr 0.0010/0.0010 | Lambda 0.0553 | Train Loss 0.0478 | Domain Loss 3.0417 | Valid Loss 3.6782 | Train Acc 98.2690| Valid Acc 50.7751
[TRAINER1] TestSub: S[26, 27, 28, 29, 30] Epoch 18 Finsh | Now_lr 0.0010/0.0010 | Lambda 0.0573 | Train Loss 0.0461 | Domain Loss 3.0472 | Valid Loss 3.4676 | Train Acc 98.3383| Valid Acc 52.2552
[TRAINER1] TestSub: S[26, 27, 28, 29, 30] Epoch 19 Finsh | Now_lr 0.0010/0.0010 | Lambda 0.0592 | Train Loss 0.0455 | Domain Loss 3.0562 | Valid Loss 3.3479 | Train Acc 98.3645| Valid Acc 50.2075
[TRAINER1] TestSub: S[26, 27, 28, 29, 30] Epoch 20 Finsh | Now_lr 0.0010/0.0010 | Lambda 0.0609 | Train Loss 0.0400 | Domain Loss 3.0735 | Valid Loss 3.7793 | Train Acc 98.5951| Valid Acc 51.4740
[TRAINER1] TestSub: S[26, 27, 28, 29, 30] Epoch 21 Finsh | Now_lr 0.0010/0.0010 | Lambda 0.0625 | Train Loss 0.0400 | Domain Loss 3.0685 | Valid Loss 3.6513 | Train Acc 98.5537| Valid Acc 51.2329
[TRAINER1] TestSub: S[26, 27, 28, 29, 30] Epoch 22 Finsh | Now_lr 0.0010/0.0010 | Lambda 0.0640 | Train Loss 0.0348 | Domain Loss 3.1100 | Valid Loss 4.1145 | Train Acc 98.7740| Valid Acc 51.6052
[TRAINER1] TestSub: S[26, 27, 28, 29, 30] Epoch 23 Finsh | Now_lr 0.0010/0.0010 | Lambda 0.0654 | Train Loss 0.0344 | Domain Loss 3.1272 | Valid Loss 3.7322 | Train Acc 98.7941| Valid Acc 51.6754
[TRAINER1] TestSub: S[26, 27, 28, 29, 30] Epoch 24 Finsh | Now_lr 0.0010/0.0010 | Lambda 0.0667 | Train Loss 0.0330 | Domain Loss 3.1252 | Valid Loss 3.5486 | Train Acc 98.8701| Valid Acc 52.1362
[TRAINER1] TestSub: S[26, 27, 28, 29, 30] Epoch 25 Finsh | Now_lr 0.0010/0.0010 | Lambda 0.0679 | Train Loss 0.0304 | Domain Loss 3.1217 | Valid Loss 3.6716 | Train Acc 98.9675| Valid Acc 51.4038
[TRAINER1] TestSub: S[26, 27, 28, 29, 30] Epoch 26 Finsh | Now_lr 0.0010/0.0010 | Lambda 0.0689 | Train Loss 0.0285 | Domain Loss 3.1295 | Valid Loss 3.8331 | Train Acc 98.9839| Valid Acc 51.1566
[TRAINER1] TestSub: S[26, 27, 28, 29, 30] Epoch 27 Finsh | Now_lr 0.0010/0.0010 | Lambda 0.0699 | Train Loss 0.0272 | Domain Loss 3.1403 | Valid Loss 3.7830 | Train Acc 99.0612| Valid Acc 51.2787
[TRAINER1] TestSub: S[26, 27, 28, 29, 30] Epoch 28 Finsh | Now_lr 0.0010/0.0010 | Lambda 0.0708 | Train Loss 0.0263 | Domain Loss 3.1429 | Valid Loss 3.8018 | Train Acc 99.0873| Valid Acc 50.4639
[TRAINER1] TestSub: S[26, 27, 28, 29, 30] Epoch 29 Finsh | Now_lr 0.0010/0.0010 | Lambda 0.0717 | Train Loss 0.0270 | Domain Loss 3.1448 | Valid Loss 3.4697 | Train Acc 99.0800| Valid Acc 51.3702
[TRAINER1] TestSub: S[26, 27, 28, 29, 30] Epoch 30 Finsh | Now_lr 0.0010/0.0010 | Lambda 0.0724 | Train Loss 0.0228 | Domain Loss 3.1602 | Valid Loss 4.0631 | Train Acc 99.2376| Valid Acc 52.9602
[TRAINER1] Validation acc increase (52.804565 --> 52.960205) in epoch (30).  Saving model ...
[TRAINER1] TestSub: S[26, 27, 28, 29, 30] Epoch 31 Finsh | Now_lr 0.0010/0.0010 | Lambda 0.0731 | Train Loss 0.0231 | Domain Loss 3.1473 | Valid Loss 3.8990 | Train Acc 99.1956| Valid Acc 52.2461
[TRAINER1] TestSub: S[26, 27, 28, 29, 30] Epoch 32 Finsh | Now_lr 0.0010/0.0010 | Lambda 0.0737 | Train Loss 0.0222 | Domain Loss 3.1408 | Valid Loss 3.7309 | Train Acc 99.2473| Valid Acc 52.1088
[TRAINER1] TestSub: S[26, 27, 28, 29, 30] Epoch 33 Finsh | Now_lr 0.0010/0.0010 | Lambda 0.0743 | Train Loss 0.0216 | Domain Loss 3.1476 | Valid Loss 4.0306 | Train Acc 99.2577| Valid Acc 52.2308
[TRAINER1] TestSub: S[26, 27, 28, 29, 30] Epoch 34 Finsh | Now_lr 0.0010/0.0010 | Lambda 0.0748 | Train Loss 0.0192 | Domain Loss 3.1419 | Valid Loss 4.0740 | Train Accams: 75,976
[TRAINER5] Trainable params: 75,976
[TRAINER5] Non-trainable params: 0
[TRAINER5] =================================================================
[TRAINER5] TestSub: S[16, 17, 18, 19, 20] Epoch  1 Finsh | Now_lr 0.0005/0.0005 | Lambda 0.0050 | Train Loss 0.4880 | Domain Loss 3.0182 | Valid Loss 1.3192 | Train Acc 74.3136| Valid Acc 54.2254
[TRAINER5] Validation acc increase (0.000000 --> 54.225438) in epoch (1).  Saving model ...
[TRAINER5] TestSub: S[16, 17, 18, 19, 20] Epoch  2 Finsh | Now_lr 0.0005/0.0005 | Lambda 0.0100 | Train Loss 0.3273 | Domain Loss 2.8655 | Valid Loss 1.5499 | Train Acc 85.4426| Valid Acc 53.5475
[TRAINER5] TestSub: S[16, 17, 18, 19, 20] Epoch  3 Finsh | Now_lr 0.0005/0.0005 | Lambda 0.0149 | Train Loss 0.2694 | Domain Loss 2.8716 | Valid Loss 1.7344 | Train Acc 88.6187| Valid Acc 53.2101
[TRAINER5] TestSub: S[16, 17, 18, 19, 20] Epoch  4 Finsh | Now_lr 0.0005/0.0005 | Lambda 0.0197 | Train Loss 0.2220 | Domain Loss 2.9353 | Valid Loss 1.8134 | Train Acc 90.7460| Valid Acc 52.5991
[TRAINER5] TestSub: S[16, 17, 18, 19, 20] Epoch  5 Finsh | Now_lr 0.0005/0.0005 | Lambda 0.0245 | Train Loss 0.1805 | Domain Loss 2.9569 | Valid Loss 1.9033 | Train Acc 92.7408| Valid Acc 53.6965
[TRAINER5] TestSub: S[16, 17, 18, 19, 20] Epoch  6 Finsh | Now_lr 0.0005/0.0005 | Lambda 0.0291 | Train Loss 0.1403 | Domain Loss 2.9851 | Valid Loss 2.0914 | Train Acc 94.4504| Valid Acc 53.5171
[TRAINER5] TestSub: S[16, 17, 18, 19, 20] Epoch  7 Finsh | Now_lr 0.0005/0.0005 | Lambda 0.0336 | Train Loss 0.1177 | Domain Loss 2.9809 | Valid Loss 2.3639 | Train Acc 95.4542| Valid Acc 53.4898
[TRAINER5] TestSub: S[16, 17, 18, 19, 20] Epoch  8 Finsh | Now_lr 0.0005/0.0005 | Lambda 0.0380 | Train Loss 0.1008 | Domain Loss 3.0069 | Valid Loss 2.4260 | Train Acc 96.1327| Valid Acc 51.7327
[TRAINER5] TestSub: S[16, 17, 18, 19, 20] Epoch  9 Finsh | Now_lr 0.0005/0.0005 | Lambda 0.0422 | Train Loss 0.0858 | Domain Loss 3.0412 | Valid Loss 2.6338 | Train Acc 96.8112| Valid Acc 49.3039
[TRAINER5] TestSub: S[16, 17, 18, 19, 20] Epoch 10 Finsh | Now_lr 0.0005/0.0005 | Lambda 0.0462 | Train Loss 0.0737 | Domain Loss 3.0379 | Valid Loss 2.5001 | Train Acc 97.2909| Valid Acc 51.6142
[TRAINER5] TestSub: S[16, 17, 18, 19, 20] Epoch 11 Finsh | Now_lr 0.0005/0.0005 | Lambda 0.0501 | Train Loss 0.0669 | Domain Loss 3.0710 | Valid Loss 2.6995 | Train Acc 97.5857| Valid Acc 49.2674
[TRAINER5] TestSub: S[16, 17, 18, 19, 20] Epoch 12 Finsh | Now_lr 0.0005/0.0005 | Lambda 0.0537 | Train Loss 0.0621 | Domain Loss 3.0772 | Valid Loss 2.6374 | Train Acc 97.7377| Valid Acc 49.4589
[TRAINER5] TestSub: S[16, 17, 18, 19, 20] Epoch 13 Finsh | Now_lr 0.0005/0.0005 | Lambda 0.0572 | Train Loss 0.0541 | Domain Loss 3.0877 | Valid Loss 2.8977 | Train Acc 98.0411| Valid Acc 49.2309
[TRAINER5] TestSub: S[16, 17, 18, 19, 20] Epoch 14 Finsh | Now_lr 0.0005/0.0005 | Lambda 0.0604 | Train Loss 0.0514 | Domain Loss 3.0985 | Valid Loss 3.3628 | Train Acc 98.1262| Valid Acc 49.7629
[TRAINER5] TestSub: S[16, 17, 18, 19, 20] Epoch 15 Finsh | Now_lr 0.0005/0.0005 | Lambda 0.0635 | Train Loss 0.0472 | Domain Loss 3.0829 | Valid Loss 3.5398 | Train Acc 98.3238| Valid Acc 47.8812
[TRAINER5] TestSub: S[16, 17, 18, 19, 20] Epoch 16 Finsh | Now_lr 0.0005/0.0005 | Lambda 0.0664 | Train Loss 0.0459 | Domain Loss 3.1160 | Valid Loss 3.2810 | Train Acc 98.3627| Valid Acc 47.3279
[TRAINER5] TestSub: S[16, 17, 18, 19, 20] Epoch 17 Finsh | Now_lr 0.0005/0.0005 | Lambda 0.0691 | Train Loss 0.0421 | Domain Loss 3.1152 | Valid Loss 3.1659 | Train Acc 98.5244| Valid Acc 49.0728
[TRAINER5] TestSub: S[16, 17, 18, 19, 20] Epoch 18 Finsh | Now_lr 0.0005/0.0005 | Lambda 0.0716 | Train Loss 0.0408 | Domain Loss 3.1307 | Valid Loss 3.1035 | Train Acc 98.5852| Valid Acc 47.1942
[TRAINER5] TestSub: S[16, 17, 18, 19, 20] Epoch 19 Finsh | Now_lr 0.0005/0.0005 | Lambda 0.0740 | Train Loss 0.0372 | Domain Loss 3.1331 | Valid Loss 3.3659 | Train Acc 98.7239| Valid Acc 47.7626
[TRAINER5] TestSub: S[16, 17, 18, 19, 20] Epoch 20 Finsh | Now_lr 0.0005/0.0005 | Lambda 0.0762 | Train Loss 0.0362 | Domain Loss 3.1403 | Valid Loss 3.2789 | Train Acc 98.7366| Valid Acc 46.7686
[TRAINER5] TestSub: S[16, 17, 18, 19, 20] Epoch 21 Finsh | Now_lr 0.0005/0.0005 | Lambda 0.0782 | Train Loss 0.0331 | Domain Loss 3.1492 | Valid Loss 3.5146 | Train Acc 98.8363| Valid Acc 48.3372
[TRAINER5] TestSub: S[16, 17, 18, 19, 20] Epoch 22 Finsh | Now_lr 0.0005/0.0005 | Lambda 0.0800 | Train Loss 0.0321 | Domain Loss 3.1515 | Valid Loss 3.3955 | Train Acc 98.8825| Valid Acc 47.3948
[TRAINER5] TestSub: S[16, 17, 18, 19, 20] Epoch 23 Finsh | Now_lr 0.0005/0.0005 | Lambda 0.0818 | Train Loss 0.0307 | Domain Loss 3.1541 | Valid Loss 3.4035 | Train Acc 98.9604| Valid Acc 48.4162
[TRAINER5] TestSub: S[16, 17, 18, 19, 20] Epoch 24 Finsh | Now_lr 0.0005/0.0005 | Lambda 0.0834 | Train Loss 0.0315 | Domain Loss 3.1432 | Valid Loss 3.3435 | Train Acc 98.8996| Valid Acc 48.3949
[TRAINER5] TestSub: S[16, 17, 18, 19, 20] Epoch 25 Finsh | Now_lr 0.0005/0.0005 | Lambda 0.0848 | Train Loss 0.0267 | Domain Loss 3.1554 | Valid Loss 3.6785 | Train Acc 99.0838| Valid Acc 46.3491
[TRAINER5] TestSub: S[16, 17, 18, 19, 20] Epoch 26 Finsh | Now_lr 0.0005/0.0005 | Lambda 0.0862 | Train Loss 0.0271 | Domain Loss 3.1497 | Valid Loss 3.7183 | Train Acc 99.0607| Valid Acc 47.9633
[TRAINER5] TestSub: S[16, 17, 18, 19, 20] Epoch 27 Finsh | Now_lr 0.0005/0.0005 | Lambda 0.0874 | Train Loss 0.0257 | Domain Loss 3.1556 | Valid Loss 3.8079 | Train Acc 99.1172| Valid Acc 47.4769
[TRAINER5] TestSub: S[16, 17, 18, 19, 20] Epoch 28 Finsh | Now_lr 0.0005/0.0005 | Lambda 0.0885 | Train Loss 0.0247 | Domain Loss 3.1557 | Valid Loss 3.7610 | Train Acc 99.1434| Valid Acc 48.9421
[TRAINER5] TestSub: S[16, 17, 18, 19, 20] Epoch 29 Finsh | Now_lr 0.0005/0.0005 | Lambda 0.0896 | Train Loss 0.0236 | Domain Loss 3.1638 | Valid Loss 3.8127 | Train Acc 99.1956| Valid Acc 47.6836
[TRAINER5] TestSub: S[16, 17, 18, 19, 20] Epoch 30 Finsh | Now_lr 0.0005/0.0005 | Lambda 0.0905 | Train Loss 0.0230 | Domain Loss 3.1724 | Valid Loss 3.8485 | Train Acc 99.2108| Valid Acc 48.4436
[TRAINER5] TestSub: S[16, 17, 18, 19, 20] Epoch 31 Finsh | Now_lr 0.0005/0.0005 | Lambda 0.0914 | Train Loss 0.0219 | Domain Loss 3.1776 | Valid Loss 3.8309 | Train Acc 99.2534| Valid Acc 47.3340
[TRAINER5] Early stopping triggered after 31 epochs (30 epochs without improvement)
[TRAINER5] --------------------------------------------------
[TRAINER5] Test_Subject :S[16, 17, 18, 19, 20] |Best epoch:1 | Test Loss:1.3192 | Best Acc 54.2254 | Savemodel Acc 54.2254
[TRAINER5] --------------------------------------------------
[TRAINER5] 
[TRAINER5] ========== Fold 5 ==========
[TRAINER5] Train IDs: [1, 2, 3, 4, 5, 6, 7, 8, 9, 10, 11, 12, 13, 14, 15, 16, 17, 18, 19, 20, 26, 27, 28, 29, 30]
[TRAINER5] Val IDs:   [21, 22, 23, 24, 25]
[TRAINER5] train_data_shape(164500, 32, 128),val_data_shape(32900, 32, 128)
[TRAINER5] =================================================================
[TRAINER5] Layer (type:depth-idx)                   Param #
[TRAINER5] =================================================================
[TRAINER5] DARNet                                   --
[TRAINER5] ├─TokenEmbedding: 1-1                    --
[TRAINER5] │    └─Sequential: 2-1                   --
[TRAINER5] │    │    └─Conv2d: 3-1                  576
[TRAINER5] │    │    └─BatchNorm2d: 3-2             128
[TRAINER5] │    │    └─GELU: 3-3                    --
[TRAINER5] │    └─Sequential: 2-2                   --
[TRAINER5] │    │    └─Conv2d: 3-4                  32,784
[TRAINER5] │    │    └─BatchNorm2d: 3-5             32
[TRAINER5] │    │    └─GELU: 3-6                    --
[TRAINER5] │    └─PositionalEmbedding: 2-3          --
[TRAINER5] ├─Flatten: 1-2                           --
[TRAINER5] ├─Linear: 1-3                            18
[TRAINER5] ├─AttnRefine: 1-4                        --
[TRAINER5] │    └─MyAttention: 2-4                  --
[TRAINER5] │    │    └─Attention: 3-7               800
[TRAINER5] │    └─Refine: 2-5                 Train Acc 99.4267| Valid Acc 51.6768
[TRAINER2] TestSub: S[16, 17, 18, 19, 20] Epoch 39 Finsh | Now_lr 0.0007/0.0007 | Lambda 0.0768 | Train Loss 0.0172 | Domain Loss 3.1686 | Valid Loss 4.1218 | Train Acc 99.4273| Valid Acc 51.2805
[TRAINER2] TestSub: S[16, 17, 18, 19, 20] Epoch 40 Finsh | Now_lr 0.0007/0.0007 | Lambda 0.0771 | Train Loss 0.0163 | Domain Loss 3.1762 | Valid Loss 4.2383 | Train Acc 99.4601| Valid Acc 51.0793
[TRAINER2] TestSub: S[16, 17, 18, 19, 20] Epoch 41 Finsh | Now_lr 0.0007/0.0007 | Lambda 0.0774 | Train Loss 0.0162 | Domain Loss 3.1799 | Valid Loss 4.2117 | Train Acc 99.4826| Valid Acc 52.0427
[TRAINER2] TestSub: S[16, 17, 18, 19, 20] Epoch 42 Finsh | Now_lr 0.0007/0.0007 | Lambda 0.0776 | Train Loss 0.0159 | Domain Loss 3.1723 | Valid Loss 4.1646 | Train Acc 99.4698| Valid Acc 50.9909
[TRAINER2] TestSub: S[16, 17, 18, 19, 20] Epoch 43 Finsh | Now_lr 0.0007/0.0007 | Lambda 0.0779 | Train Loss 0.0150 | Domain Loss 3.1768 | Valid Loss 4.5946 | Train Acc 99.5002| Valid Acc 50.8994
[TRAINER2] TestSub: S[16, 17, 18, 19, 20] Epoch 44 Finsh | Now_lr 0.0007/0.0007 | Lambda 0.0781 | Train Loss 0.0151 | Domain Loss 3.1715 | Valid Loss 3.9034 | Train Acc 99.5021| Valid Acc 51.2835
[TRAINER2] TestSub: S[16, 17, 18, 19, 20] Epoch 45 Finsh | Now_lr 0.0007/0.0007 | Lambda 0.0782 | Train Loss 0.0144 | Domain Loss 3.1780 | Valid Loss 4.2117 | Train Acc 99.5215| Valid Acc 49.1555
[TRAINER2] TestSub: S[16, 17, 18, 19, 20] Epoch 46 Finsh | Now_lr 0.0007/0.0007 | Lambda 0.0784 | Train Loss 0.0140 | Domain Loss 3.1771 | Valid Loss 4.2981 | Train Acc 99.5337| Valid Acc 50.2043
[TRAINER2] TestSub: S[16, 17, 18, 19, 20] Epoch 47 Finsh | Now_lr 0.0007/0.0007 | Lambda 0.0786 | Train Loss 0.0138 | Domain Loss 3.1778 | Valid Loss 4.4019 | Train Acc 99.5276| Valid Acc 53.5793
[TRAINER2] TestSub: S[16, 17, 18, 19, 20] Epoch 48 Finsh | Now_lr 0.0007/0.0007 | Lambda 0.0787 | Train Loss 0.0138 | Domain Loss 3.1839 | Valid Loss 4.1331 | Train Acc 99.5331| Valid Acc 51.8567
[TRAINER2] TestSub: S[16, 17, 18, 19, 20] Epoch 49 Finsh | Now_lr 0.0007/0.0007 | Lambda 0.0788 | Train Loss 0.0131 | Domain Loss 3.1796 | Valid Loss 4.1951 | Train Acc 99.5775| Valid Acc 52.0610
[TRAINER2] TestSub: S[16, 17, 18, 19, 20] Epoch 50 Finsh | Now_lr 0.0007/0.0007 | Lambda 0.0789 | Train Loss 0.0132 | Domain Loss 3.1769 | Valid Loss 4.2636 | Train Acc 99.5537| Valid Acc 51.7012
[TRAINER2] TestSub: S[16, 17, 18, 19, 20] Epoch 51 Finsh | Now_lr 0.0007/0.0007 | Lambda 0.0790 | Train Loss 0.0132 | Domain Loss 3.1907 | Valid Loss 4.2407 | Train Acc 99.5574| Valid Acc 51.3780
[TRAINER2] TestSub: S[16, 17, 18, 19, 20] Epoch 52 Finsh | Now_lr 0.0007/0.0007 | Lambda 0.0791 | Train Loss 0.0123 | Domain Loss 3.1869 | Valid Loss 4.4732 | Train Acc 99.6066| Valid Acc 50.6067
[TRAINER2] TestSub: S[16, 17, 18, 19, 20] Epoch 53 Finsh | Now_lr 0.0007/0.0007 | Lambda 0.0792 | Train Loss 0.0125 | Domain Loss 3.1872 | Valid Loss 4.5859 | Train Acc 99.5872| Valid Acc 50.3720
[TRAINER2] TestSub: S[16, 17, 18, 19, 20] Epoch 54 Finsh | Now_lr 0.0007/0.0007 | Lambda 0.0793 | Train Loss 0.0133 | Domain Loss 3.1839 | Valid Loss 4.4625 | Train Acc 99.5562| Valid Acc 48.9451
[TRAINER2] TestSub: S[16, 17, 18, 19, 20] Epoch 55 Finsh | Now_lr 0.0007/0.0007 | Lambda 0.0793 | Train Loss 0.0115 | Domain Loss 3.1892 | Valid Loss 4.6218 | Train Acc 99.6304| Valid Acc 49.9146
[TRAINER2] TestSub: S[16, 17, 18, 19, 20] Epoch 56 Finsh | Now_lr 0.0007/0.0007 | Lambda 0.0794 | Train Loss 0.0120 | Domain Loss 3.1898 | Valid Loss 4.5432 | Train Acc 99.6012| Valid Acc 51.7652
[TRAINER2] TestSub: S[16, 17, 18, 19, 20] Epoch 57 Finsh | Now_lr 0.0007/0.0007 | Lambda 0.0795 | Train Loss 0.0114 | Domain Loss 3.1852 | Valid Loss 4.3025 | Train Acc 99.6218| Valid Acc 51.5762
[TRAINER2] TestSub: S[16, 17, 18, 19, 20] Epoch 58 Finsh | Now_lr 0.0007/0.0007 | Lambda 0.0795 | Train Loss 0.0110 | Domain Loss 3.1884 | Valid Loss 4.4992 | Train Acc 99.6340| Valid Acc 53.4970
[TRAINER2] TestSub: S[16, 17, 18, 19, 20] Epoch 59 Finsh | Now_lr 0.0007/0.0007 | Lambda 0.0796 | Train Loss 0.0117 | Domain Loss 3.1926 | Valid Loss 4.4238 | Train Acc 99.6060| Valid Acc 49.9909
[TRAINER2] TestSub: S[16, 17, 18, 19, 20] Epoch 60 Finsh | Now_lr 0.0007/0.0007 | Lambda 0.0796 | Train Loss 0.0109 | Domain Loss 3.2015 | Valid Loss 4.2644 | Train Acc 99.6206| Valid Acc 51.5732
[TRAINER2] Early stopping triggered after 60 epochs (30 epochs without improvement)
[TRAINER2] --------------------------------------------------
[TRAINER2] Test_Subject :S[16, 17, 18, 19, 20] |Best epoch:30 | Test Loss:3.7427 | Best Acc 54.2317 | Savemodel Acc 54.2317
[TRAINER2] --------------------------------------------------
[TRAINER2] 
[TRAINER2] ========== Fold 5 ==========
[TRAINER2] Train IDs: [1, 2, 3, 4, 5, 6, 7, 8, 9, 10, 11, 12, 13, 14, 15, 16, 17, 18, 19, 20, 26, 27, 28, 29, 30]
[TRAINER2] Val IDs:   [21, 22, 23, 24, 25]
[TRAINER2] train_data_shape(164500, 32, 128),val_data_shape(32900, 32, 128)
[TRAINER2] =================================================================
[TRAINER2] Layer (type:depth-idx)                   Param #
[TRAINER2] =================================================================
[TRAINER2] DARNet                                   --
[TRAINER2] ├─TokenEmbedding: 1-1                    --
[TRAINER2] │    └─Sequential: 2-1                   --
[TRAINER2] │    │    └─Conv2d: 3-1                  576
[TRAINER2] │    │    └─BatchNorm2d: 3-2             128
[TRAINER2] │    │    └─GELU: 3-3                    --
[TRAINER2] │    └─Sequential: 2-2                   --
[TRAINER2] │    │    └─Conv2d: 3-4                  32,784
[TRAINER2] │    │    └─BatchNorm2d: 3-5             32
[TRAINER2] │    │    └─GELU: 3-6                    --
[TRAINER2] │    └─PositionalEmbedding: 2-3          --
[TRAINER2] ├─Flatten: 1-2                           --
[TRAINER2] ├─Linear: 1-3                            18
[TRAINER2] ├─AttnRefine: 1-4                        --
[TRAINER2] │    └─MyAttention: 2-4                  --
[TRAINER2] │    │    └─Attention: 3-7               800
[TRAINER2] │    └─Refine: 2-5                       --
[TRAINER2] │    │    └─Conv1d: 3-8                  784
[TRAINER2] │    │    └─BatchNorm1d: 3-9             32
[TRAINER2] │    │    └─ELU: 3-10                    --
[TRAINER2] │    │    └─MaxPool1d: 3-11              --
[TRAINER2] │    └─AdaptiveAvgPool1d: 2-6            --
[TRAINER2] │    └─Linear: 2-7                       68
[TRAINER2] │    └─Flatten: 2-8                      --
[TRAINER2] ├─AttnRefine: 1-5                        --
[TRAINER2] │    └─MyAttention: 2-9                  --
[TRAINER2] │    │    └─Attention: 3-12              800
[TRAINER2] │    └─Refine: 2-10                      --
[TRAINER2] │    │    └─Conv1d: 3-13                 784
[TRAINER2] │    │    └─BatchNorm1d: 3-14            32
[TRAINER2] │    │    └─ELU: 3-15                    --
[TRAINER2] │    │    └─MaxPool1d: 3-16              --
[TRAINER2] │    └─AdaptiveAvgPool1d: 2-11           --
[TRAINER2] │    └─Linear: 2-12                      68
[TRAINER2] │    └─Flatten: 2-13                     --
[TRAINER2] ├─GradientReversalLayer: 1-6             --
[TRAINER2] ├─SubjectDiscriminator: 1-7              --
[TRAINER2] │    └─Sequential: 2-14                  --
[TRAINER2] │    │    └─Linear: 3-17                 2,304
[TRAINER2] │    │    └─ReLU: 3-18                   --
[TRAINER2] │    │    └─Dropout: 3-19                --
[TRAINER2] │    │    └─Linear: 3-20                 32,896
[TRAINER2] │    │    └─ReLU: 3-21                   --
[TRAINER2] │    │    └─Dropout: 3-22                --
[TRAINER2] │    │    └─Linear: 3-23                 3,870
[TRAINER2] =================================================================
[TRAINER2] Total params: 75,976
[TRAINER2] Trainable params: 75,976
[TRAINER2] Non-trainable params: 0
[TRAINER2] =============================id Acc 50.5665
[TRAINER4] Validation acc increase (49.795931 --> 50.566520) in epoch (2).  Saving model ...
[TRAINER4] TestSub: S[21, 22, 23, 24, 25] Epoch  3 Finsh | Now_lr 0.0008/0.0008 | Lambda 0.0179 | Train Loss 0.2591 | Domain Loss 2.9833 | Valid Loss 1.8026 | Train Acc 88.8591| Valid Acc 51.5442
[TRAINER4] Validation acc increase (50.566520 --> 51.544225) in epoch (3).  Saving model ...
[TRAINER4] TestSub: S[21, 22, 23, 24, 25] Epoch  4 Finsh | Now_lr 0.0008/0.0008 | Lambda 0.0237 | Train Loss 0.2116 | Domain Loss 3.0308 | Valid Loss 1.9522 | Train Acc 91.2051| Valid Acc 52.2143
[TRAINER4] Validation acc increase (51.544225 --> 52.214303) in epoch (4).  Saving model ...
[TRAINER4] TestSub: S[21, 22, 23, 24, 25] Epoch  5 Finsh | Now_lr 0.0008/0.0008 | Lambda 0.0294 | Train Loss 0.1788 | Domain Loss 3.0734 | Valid Loss 2.0009 | Train Acc 92.7752| Valid Acc 50.1553
[TRAINER4] TestSub: S[21, 22, 23, 24, 25] Epoch  6 Finsh | Now_lr 0.0008/0.0008 | Lambda 0.0350 | Train Loss 0.1504 | Domain Loss 3.0854 | Valid Loss 2.0202 | Train Acc 94.0170| Valid Acc 52.3087
[TRAINER4] Validation acc increase (52.214303 --> 52.308723) in epoch (6).  Saving model ...
[TRAINER4] TestSub: S[21, 22, 23, 24, 25] Epoch  7 Finsh | Now_lr 0.0008/0.0008 | Lambda 0.0404 | Train Loss 0.1300 | Domain Loss 3.1025 | Valid Loss 2.4264 | Train Acc 94.9230| Valid Acc 50.1340
[TRAINER4] TestSub: S[21, 22, 23, 24, 25] Epoch  8 Finsh | Now_lr 0.0008/0.0008 | Lambda 0.0456 | Train Loss 0.1167 | Domain Loss 3.1146 | Valid Loss 2.5636 | Train Acc 95.5086| Valid Acc 49.5888
[TRAINER4] TestSub: S[21, 22, 23, 24, 25] Epoch  9 Finsh | Now_lr 0.0008/0.0008 | Lambda 0.0506 | Train Loss 0.1020 | Domain Loss 3.1331 | Valid Loss 2.5018 | Train Acc 96.1574| Valid Acc 48.4162
[TRAINER4] TestSub: S[21, 22, 23, 24, 25] Epoch 10 Finsh | Now_lr 0.0008/0.0008 | Lambda 0.0555 | Train Loss 0.0918 | Domain Loss 3.1661 | Valid Loss 2.7839 | Train Acc 96.5545| Valid Acc 50.4447
[TRAINER4] TestSub: S[21, 22, 23, 24, 25] Epoch 11 Finsh | Now_lr 0.0008/0.0008 | Lambda 0.0601 | Train Loss 0.0845 | Domain Loss 3.1805 | Valid Loss 2.5196 | Train Acc 96.8774| Valid Acc 49.4122
[TRAINER4] TestSub: S[21, 22, 23, 24, 25] Epoch 12 Finsh | Now_lr 0.0008/0.0008 | Lambda 0.0644 | Train Loss 0.0776 | Domain Loss 3.1856 | Valid Loss 2.6586 | Train Acc 97.1529| Valid Acc 49.8721
[TRAINER4] TestSub: S[21, 22, 23, 24, 25] Epoch 13 Finsh | Now_lr 0.0008/0.0008 | Lambda 0.0686 | Train Loss 0.0693 | Domain Loss 3.1916 | Valid Loss 2.9965 | Train Acc 97.4953| Valid Acc 51.1148
[TRAINER4] TestSub: S[21, 22, 23, 24, 25] Epoch 14 Finsh | Now_lr 0.0008/0.0008 | Lambda 0.0725 | Train Loss 0.0636 | Domain Loss 3.1943 | Valid Loss 3.1989 | Train Acc 97.6880| Valid Acc 50.2954
[TRAINER4] TestSub: S[21, 22, 23, 24, 25] Epoch 15 Finsh | Now_lr 0.0008/0.0008 | Lambda 0.0762 | Train Loss 0.0589 | Domain Loss 3.1979 | Valid Loss 3.1876 | Train Acc 97.8674| Valid Acc 49.0406
[TRAINER4] TestSub: S[21, 22, 23, 24, 25] Epoch 16 Finsh | Now_lr 0.0008/0.0008 | Lambda 0.0797 | Train Loss 0.0570 | Domain Loss 3.2018 | Valid Loss 3.3029 | Train Acc 97.9738| Valid Acc 49.0588
[TRAINER4] TestSub: S[21, 22, 23, 24, 25] Epoch 17 Finsh | Now_lr 0.0008/0.0008 | Lambda 0.0829 | Train Loss 0.0516 | Domain Loss 3.2021 | Valid Loss 3.2982 | Train Acc 98.1544| Valid Acc 49.7106
[TRAINER4] TestSub: S[21, 22, 23, 24, 25] Epoch 18 Finsh | Now_lr 0.0008/0.0008 | Lambda 0.0860 | Train Loss 0.0476 | Domain Loss 3.2047 | Valid Loss 3.2842 | Train Acc 98.2791| Valid Acc 48.6842
[TRAINER4] TestSub: S[21, 22, 23, 24, 25] Epoch 19 Finsh | Now_lr 0.0008/0.0008 | Lambda 0.0888 | Train Loss 0.0452 | Domain Loss 3.2064 | Valid Loss 3.2659 | Train Acc 98.4190| Valid Acc 48.1999
[TRAINER4] TestSub: S[21, 22, 23, 24, 25] Epoch 20 Finsh | Now_lr 0.0008/0.0008 | Lambda 0.0914 | Train Loss 0.0443 | Domain Loss 3.2081 | Valid Loss 3.4542 | Train Acc 98.4299| Valid Acc 47.8740
[TRAINER4] TestSub: S[21, 22, 23, 24, 25] Epoch 21 Finsh | Now_lr 0.0008/0.0008 | Lambda 0.0938 | Train Loss 0.0412 | Domain Loss 3.2083 | Valid Loss 3.2912 | Train Acc 98.5764| Valid Acc 48.4954
[TRAINER4] TestSub: S[21, 22, 23, 24, 25] Epoch 22 Finsh | Now_lr 0.0008/0.0008 | Lambda 0.0961 | Train Loss 0.0397 | Domain Loss 3.2089 | Valid Loss 3.3858 | Train Acc 98.6300| Valid Acc 48.1086
[TRAINER4] TestSub: S[21, 22, 23, 24, 25] Epoch 23 Finsh | Now_lr 0.0008/0.0008 | Lambda 0.0981 | Train Loss 0.0388 | Domain Loss 3.2104 | Valid Loss 3.1790 | Train Acc 98.6616| Valid Acc 50.2619
[TRAINER4] TestSub: S[21, 22, 23, 24, 25] Epoch 24 Finsh | Now_lr 0.0008/0.0008 | Lambda 0.1000 | Train Loss 0.0357 | Domain Loss 3.2110 | Valid Loss 3.1751 | Train Acc 98.7589| Valid Acc 49.9635
[TRAINER4] TestSub: S[21, 22, 23, 24, 25] Epoch 25 Finsh | Now_lr 0.0008/0.0008 | Lambda 0.1018 | Train Loss 0.0349 | Domain Loss 3.2120 | Valid Loss 3.1944 | Train Acc 98.7856| Valid Acc 48.2487
[TRAINER4] TestSub: S[21, 22, 23, 24, 25] Epoch 26 Finsh | Now_lr 0.0008/0.0008 | Lambda 0.1034 | Train Loss 0.0341 | Domain Loss 3.2115 | Valid Loss 3.1513 | Train Acc 98.8112| Valid Acc 47.9136
[TRAINER4] TestSub: S[21, 22, 23, 24, 25] Epoch 27 Finsh | Now_lr 0.0008/0.0008 | Lambda 0.1049 | Train Loss 0.0324 | Domain Loss 3.2132 | Valid Loss 3.4081 | Train Acc 98.8696| Valid Acc 47.6456
[TRAINER4] TestSub: S[21, 22, 23, 24, 25] Epoch 28 Finsh | Now_lr 0.0008/0.0008 | Lambda 0.1062 | Train Loss 0.0316 | Domain Loss 3.2131 | Valid Loss 3.1249 | Train Acc 98.8878| Valid Acc 50.0822
[TRAINER4] TestSub: S[21, 22, 23, 24, 25] Epoch 29 Finsh | Now_lr 0.0008/0.0008 | Lambda 0.1075 | Train Loss 0.0310 | Domain Loss 3.2139 | Valid Loss 3.2172 | Train Acc 98.9419| Valid Acc 48.9462
[TRAINER4] TestSub: S[21, 22, 23, 24, 25] Epoch 30 Finsh | Now_lr 0.0008/0.0008 | Lambda 0.1086 | Train Loss 0.0314 | Domain Loss 3.2135 | Valid Loss 3.2331 | Train Acc 98.9371| Valid Acc 47.6608
[TRAINER4] TestSub: S[21, 22, 23, 24, 25] Epoch 31 Finsh | Now_lr 0.0008/0.0008 | Lambda 0.1097 | Train Loss 0.0313 | Domain Loss 3.2139 | Valid Loss 3.0506 | Train Acc 98.9279| Valid Acc 48.8791
[TRAINER4] TestSub: S[21, 22, 23, 24, 25] Epoch 32 Finsh | Now_lr 0.0008/0.0008 | Lambda 0.1106 | Train Loss 0.0283 | Domain Loss 3.2143 | Valid Loss 3.1856 | Train Acc 99.0283| Valid Acc 50.2802
[TRAINER4] TestSub: S[21, 22, 23, 24, 25] Epoch 33 Finsh | Now_lr 0.0008/0.0008 | Lambda 0.1115 | Train Loss 0.0276 | Domain Loss 3.2153 | Valid Loss 3.5098 | Train Acc 99.0660| Valid Acc 50.5422
[TRAINER4] TestSub: S[21, 22, 23, 24, 25] Epoch 34 Finsh | Now_lr 0.0008/0.0008 | Lambda 0.1122 | Train Loss 0.0293 | Domain Loss 3.2158 | Valid Loss 2.9605 | Train Acc 99.0076| Valid Acc 49.8904
[TRAINER4] TestSub: S[21, 22, 23, 24, 25] Epoch 35 Finsh | Now_lr 0.0008/0.0008 | Lambda 0.1130 | Train Loss 0.0272 | Domain Loss 3.2153 | Valid Loss 3.1680 | Train Acc 99.0526| Valid Acc 50.9351
[TRAINER4] TestSub: S[21, 22, 23, 24, 25] Epoch 36 Finsh | Now_lr 0.0008/0.0008 | Lambda 0.1136 | Train Loss 0.0261 | Domain Loss 3.2161 | Valid Loss 3.0167 | Train Acc 99.1049| Valid Acc 49.8782
[TRAINER4] Early stopping triggered after 36 epochs (30 epochs without improvement)
[TRAINER4] --------------------------------------------------
[TRAINER4] Test_Subject :S[21, 22, 23, 24, 25] |Best epoch:6 | Test Loss:2.0202 | Best Acc 52.3087 | Savemodel Acc 52.3087
[TRAINER4] --------------------------------------------------
[TRAINER4] 
[TRAINER4] ========== Fold 6 ==========
[TRAINER4] Train IDs: [1, 2, 3, 4, 5, 6, 7, 8, 9, 10, 11, 12, 13, 14, 15, 16, 17, 18, 19, 20, 21, 22, 23, 24, 25]
[TRAINER4] Val IDs:   [26, 27, 28, 29, 30]
[TRAINER4] train_data_shape(164500, 32, 128),val_data_shape(32900, 32, 128)
[TRAINER4] =================================================================
[TRAINER4] Layer (type:depth-idx)                   Param #
[TRAINER4] =================================================================
[TRAINER4] DARNet                                   --
[TRAINER4] ├─TokenEmbedding: 1-1                    --
[TRAINER4] │    └─Sequential: 2-1                   --
[TRAINER4] │    │    └─Conv2d: 3-1                  576
[TRAINER4] │    │    └─BatchNorm2d: 3-2             128
[TRAINERTrain Acc 97.8599| Valid Acc 47.3766
[TRAINER3] TestSub: S[11, 12, 13, 14, 15] Epoch 98 Finsh | Now_lr 0.0100/0.0100 | Lambda 0.1500 | Train Loss 0.0630 | Domain Loss 3.2194 | Valid Loss 2.3107 | Train Acc 97.7778| Valid Acc 49.8328
[TRAINER3] TestSub: S[11, 12, 13, 14, 15] Epoch 99 Finsh | Now_lr 0.0100/0.0100 | Lambda 0.1500 | Train Loss 0.0614 | Domain Loss 3.2193 | Valid Loss 2.2822 | Train Acc 97.8186| Valid Acc 50.3009
[TRAINER3] TestSub: S[11, 12, 13, 14, 15] Epoch 100 Finsh | Now_lr 0.0100/0.0100 | Lambda 0.1500 | Train Loss 0.0637 | Domain Loss 3.2194 | Valid Loss 2.6625 | Train Acc 97.7140| Valid Acc 48.3919
[TRAINER3] --------------------------------------------------
[TRAINER3] Test_Subject :S[11, 12, 13, 14, 15] |Best epoch:72 | Test Loss:2.2722 | Best Acc 53.3925 | Savemodel Acc 53.3925
[TRAINER3] --------------------------------------------------
[TRAINER3] 
[TRAINER3] ========== Fold 4 ==========
[TRAINER3] Train IDs: [1, 2, 3, 4, 5, 6, 7, 8, 9, 10, 11, 12, 13, 14, 15, 21, 22, 23, 24, 25, 26, 27, 28, 29, 30]
[TRAINER3] Val IDs:   [16, 17, 18, 19, 20]
[TRAINER3] train_data_shape(164500, 32, 128),val_data_shape(32900, 32, 128)
[TRAINER3] =================================================================
[TRAINER3] Layer (type:depth-idx)                   Param #
[TRAINER3] =================================================================
[TRAINER3] DARNet                                   --
[TRAINER3] ├─TokenEmbedding: 1-1                    --
[TRAINER3] │    └─Sequential: 2-1                   --
[TRAINER3] │    │    └─Conv2d: 3-1                  576
[TRAINER3] │    │    └─BatchNorm2d: 3-2             128
[TRAINER3] │    │    └─GELU: 3-3                    --
[TRAINER3] │    └─Sequential: 2-2                   --
[TRAINER3] │    │    └─Conv2d: 3-4                  32,784
[TRAINER3] │    │    └─BatchNorm2d: 3-5             32
[TRAINER3] │    │    └─GELU: 3-6                    --
[TRAINER3] │    └─PositionalEmbedding: 2-3          --
[TRAINER3] ├─Flatten: 1-2                           --
[TRAINER3] ├─Linear: 1-3                            18
[TRAINER3] ├─AttnRefine: 1-4                        --
[TRAINER3] │    └─MyAttention: 2-4                  --
[TRAINER3] │    │    └─Attention: 3-7               800
[TRAINER3] │    └─Refine: 2-5                       --
[TRAINER3] │    │    └─Conv1d: 3-8                  784
[TRAINER3] │    │    └─BatchNorm1d: 3-9             32
[TRAINER3] │    │    └─ELU: 3-10                    --
[TRAINER3] │    │    └─MaxPool1d: 3-11              --
[TRAINER3] │    └─AdaptiveAvgPool1d: 2-6            --
[TRAINER3] │    └─Linear: 2-7                       68
[TRAINER3] │    └─Flatten: 2-8                      --
[TRAINER3] ├─AttnRefine: 1-5                        --
[TRAINER3] │    └─MyAttention: 2-9                  --
[TRAINER3] │    │    └─Attention: 3-12              800
[TRAINER3] │    └─Refine: 2-10                      --
[TRAINER3] │    │    └─Conv1d: 3-13                 784
[TRAINER3] │    │    └─BatchNorm1d: 3-14            32
[TRAINER3] │    │    └─ELU: 3-15                    --
[TRAINER3] │    │    └─MaxPool1d: 3-16              --
[TRAINER3] │    └─AdaptiveAvgPool1d: 2-11           --
[TRAINER3] │    └─Linear: 2-12                      68
[TRAINER3] │    └─Flatten: 2-13                     --
[TRAINER3] ├─GradientReversalLayer: 1-6             --
[TRAINER3] ├─SubjectDiscriminator: 1-7              --
[TRAINER3] │    └─Sequential: 2-14                  --
[TRAINER3] │    │    └─Linear: 3-17                 2,304
[TRAINER3] │    │    └─ReLU: 3-18                   --
[TRAINER3] │    │    └─Dropout: 3-19                --
[TRAINER3] │    │    └─Linear: 3-20                 32,896
[TRAINER3] │    │    └─ReLU: 3-21                   --
[TRAINER3] │    │    └─Dropout: 3-22                --
[TRAINER3] │    │    └─Linear: 3-23                 3,870
[TRAINER3] =================================================================
[TRAINER3] Total params: 75,976
[TRAINER3] Trainable params: 75,976
[TRAINER3] Non-trainable params: 0
[TRAINER3] =================================================================
[TRAINER3] TestSub: S[16, 17, 18, 19, 20] Epoch  1 Finsh | Now_lr 0.0100/0.0100 | Lambda 0.0075 | Train Loss 0.4993 | Domain Loss 3.1457 | Valid Loss 1.1939 | Train Acc 73.8594| Valid Acc 50.5928
[TRAINER3] Validation acc increase (0.000000 --> 50.592777) in epoch (1).  Saving model ...
[TRAINER3] TestSub: S[16, 17, 18, 19, 20] Epoch  2 Finsh | Now_lr 0.0100/0.0100 | Lambda 0.0150 | Train Loss 0.3550 | Domain Loss 3.0757 | Valid Loss 1.4419 | Train Acc 83.8296| Valid Acc 51.6659
[TRAINER3] Validation acc increase (50.592777 --> 51.665856) in epoch (2).  Saving model ...
[TRAINER3] TestSub: S[16, 17, 18, 19, 20] Epoch  3 Finsh | Now_lr 0.0100/0.0100 | Lambda 0.0223 | Train Loss 0.3134 | Domain Loss 3.1282 | Valid Loss 1.5547 | Train Acc 86.2287| Valid Acc 52.2647
[TRAINER3] Validation acc increase (51.665856 --> 52.264713) in epoch (3).  Saving model ...
[TRAINER3] TestSub: S[16, 17, 18, 19, 20] Epoch  4 Finsh | Now_lr 0.0100/0.0100 | Lambda 0.0296 | Train Loss 0.2976 | Domain Loss 3.1349 | Valid Loss 1.6311 | Train Acc 87.2106| Valid Acc 53.5962
[TRAINER3] Validation acc increase (52.264713 --> 53.596182) in epoch (4).  Saving model ...
[TRAINER3] TestSub: S[16, 17, 18, 19, 20] Epoch  5 Finsh | Now_lr 0.0100/0.0100 | Lambda 0.0367 | Train Loss 0.2806 | Domain Loss 3.1403 | Valid Loss 1.7236 | Train Acc 88.1359| Valid Acc 51.7449
[TRAINER3] TestSub: S[16, 17, 18, 19, 20] Epoch  6 Finsh | Now_lr 0.0100/0.0100 | Lambda 0.0437 | Train Loss 0.2697 | Domain Loss 3.1405 | Valid Loss 1.7592 | Train Acc 88.7847| Valid Acc 51.7449
[TRAINER3] TestSub: S[16, 17, 18, 19, 20] Epoch  7 Finsh | Now_lr 0.0100/0.0100 | Lambda 0.0505 | Train Loss 0.2566 | Domain Loss 3.1395 | Valid Loss 1.8874 | Train Acc 89.3647| Valid Acc 45.2730
[TRAINER3] TestSub: S[16, 17, 18, 19, 20] Epoch  8 Finsh | Now_lr 0.0100/0.0100 | Lambda 0.0570 | Train Loss 0.2487 | Domain Loss 3.1366 | Valid Loss 1.9353 | Train Acc 89.6924| Valid Acc 52.5748
[TRAINER3] TestSub: S[16, 17, 18, 19, 20] Epoch  9 Finsh | Now_lr 0.0100/0.0100 | Lambda 0.0633 | Train Loss 0.2446 | Domain Loss 3.1375 | Valid Loss 1.9653 | Train Acc 89.9234| Valid Acc 48.5226
[TRAINER3] TestSub: S[16, 17, 18, 19, 20] Epoch 10 Finsh | Now_lr 0.0100/0.0100 | Lambda 0.0693 | Train Loss 0.2395 | Domain Loss 3.1376 | Valid Loss 1.9788 | Train Acc 90.2705| Valid Acc 48.7567
[TRAINER3] TestSub: S[16, 17, 18, 19, 20] Epoch 11 Finsh | Now_lr 0.0100/0.0100 | Lambda 0.0751 | Train Loss 0.2341 | Domain Loss 3.1346 | Valid Loss 2.0228 | Train Acc 90.5071| Valid Acc 49.6778
[TRAINER3] TestSub: S[16, 17, 18, 19, 20] Epoch 12 Finsh | Now_lr 0.0100/0.0100 | Lambda 0.0806 | Train Loss 0.2301 | Domain Loss 3.1364 | Valid Loss 2.0208 | Train Acc 90.6147| Valid Acc 50.1520
[TRAINER3] TestSub: S[16, 17, 18, 19, 20] Epoch 13 Finsh | Now_lr 0.0100/0.0100 | Lambda 0.0858 | Train Loss 0.2204 | Domain Loss 3.1384 | Valid Loss 2.0950 | Train Acc 91.0038| Valid Acc 48.0484
[TRAINER3] TestSub: S[16, 17, 18, 19, 20] Epoch 14 Finsh | Now_lr 0.0100/0.0100 | Lambda 0.0907 | Train Loss 0.2086 | Domain Loss 3.1409 | Valid Loss 2.1509 | Train Acc 91.6148| Valid Acc 47.7018
[TRAINER3] TestSub: S[16, 17, 18, 19, 20] Epoch 15 Finsh | Now_lr 0.0100/0.0100 | Lambda 0.0953 | Train Loss 0.1932 | Domain Loss 3.1485 | Valid Loss 2.2996 | Train Acc 92.3662| Valid Acc 49.4711
[TRAINER3] TestSub: S[16, 17, 18, 19, 20] Epoch 16 Finsh | Now_lr 0.0100/0.0100 | Lambda 0.0996 | Train Loss 0.1833 | Domain Loss 3.1532 | Valid Loss 2.4062 | Train Acc 92.7420| Valid Acc 48.3463
[TRAINER3] TestSub: S[16, 17, 18, 19, 20] Epoch 17 Finsh | Now_lr 0.0100/0.0100 | Lambda 0.1037 | Train Loss 0.1681 | Domain Loss 3.1598 | Valid Loss 2.3866 | Train Acc 93.4484| Valid Acc 49.2005
[TRAINER3] TestSub: S[16, 17, 18, 19, 20] Epoch 18 Finsh | Now_lr 0. 99.3453| Valid Acc 52.9053
[TRAINER1] TestSub: S[26, 27, 28, 29, 30] Epoch 35 Finsh | Now_lr 0.0010/0.0010 | Lambda 0.0753 | Train Loss 0.0197 | Domain Loss 3.1503 | Valid Loss 4.2795 | Train Acc 99.3240| Valid Acc 53.0334
[TRAINER1] Validation acc increase (52.960205 --> 53.033447) in epoch (35).  Saving model ...
[TRAINER1] TestSub: S[26, 27, 28, 29, 30] Epoch 36 Finsh | Now_lr 0.0010/0.0010 | Lambda 0.0757 | Train Loss 0.0214 | Domain Loss 3.1577 | Valid Loss 3.8832 | Train Acc 99.2723| Valid Acc 50.6409
[TRAINER1] TestSub: S[26, 27, 28, 29, 30] Epoch 37 Finsh | Now_lr 0.0010/0.0010 | Lambda 0.0761 | Train Loss 0.0178 | Domain Loss 3.1514 | Valid Loss 4.0851 | Train Acc 99.3818| Valid Acc 51.3794
[TRAINER1] TestSub: S[26, 27, 28, 29, 30] Epoch 38 Finsh | Now_lr 0.0010/0.0010 | Lambda 0.0765 | Train Loss 0.0204 | Domain Loss 3.1431 | Valid Loss 4.0569 | Train Acc 99.2851| Valid Acc 51.1200
[TRAINER1] TestSub: S[26, 27, 28, 29, 30] Epoch 39 Finsh | Now_lr 0.0010/0.0010 | Lambda 0.0768 | Train Loss 0.0194 | Domain Loss 3.1277 | Valid Loss 3.8489 | Train Acc 99.3191| Valid Acc 52.4567
[TRAINER1] TestSub: S[26, 27, 28, 29, 30] Epoch 40 Finsh | Now_lr 0.0010/0.0010 | Lambda 0.0771 | Train Loss 0.0194 | Domain Loss 3.1301 | Valid Loss 4.1016 | Train Acc 99.3392| Valid Acc 51.8616
[TRAINER1] TestSub: S[26, 27, 28, 29, 30] Epoch 41 Finsh | Now_lr 0.0010/0.0010 | Lambda 0.0774 | Train Loss 0.0171 | Domain Loss 3.1428 | Valid Loss 4.1948 | Train Acc 99.4135| Valid Acc 52.2675
[TRAINER1] TestSub: S[26, 27, 28, 29, 30] Epoch 42 Finsh | Now_lr 0.0010/0.0010 | Lambda 0.0776 | Train Loss 0.0174 | Domain Loss 3.1549 | Valid Loss 3.8962 | Train Acc 99.3976| Valid Acc 52.3773
[TRAINER1] TestSub: S[26, 27, 28, 29, 30] Epoch 43 Finsh | Now_lr 0.0010/0.0010 | Lambda 0.0779 | Train Loss 0.0154 | Domain Loss 3.1408 | Valid Loss 4.2455 | Train Acc 99.5151| Valid Acc 52.9205
[TRAINER1] TestSub: S[26, 27, 28, 29, 30] Epoch 44 Finsh | Now_lr 0.0010/0.0010 | Lambda 0.0781 | Train Loss 0.0154 | Domain Loss 3.1473 | Valid Loss 4.4264 | Train Acc 99.4779| Valid Acc 52.4536
[TRAINER1] TestSub: S[26, 27, 28, 29, 30] Epoch 45 Finsh | Now_lr 0.0010/0.0010 | Lambda 0.0782 | Train Loss 0.0160 | Domain Loss 3.1493 | Valid Loss 4.0501 | Train Acc 99.4469| Valid Acc 55.1666
[TRAINER1] Validation acc increase (53.033447 --> 55.166626) in epoch (45).  Saving model ...
[TRAINER1] TestSub: S[26, 27, 28, 29, 30] Epoch 46 Finsh | Now_lr 0.0010/0.0010 | Lambda 0.0784 | Train Loss 0.0157 | Domain Loss 3.1563 | Valid Loss 4.1446 | Train Acc 99.4481| Valid Acc 52.4536
[TRAINER1] TestSub: S[26, 27, 28, 29, 30] Epoch 47 Finsh | Now_lr 0.0010/0.0010 | Lambda 0.0786 | Train Loss 0.0154 | Domain Loss 3.1553 | Valid Loss 4.1456 | Train Acc 99.4761| Valid Acc 52.2308
[TRAINER1] TestSub: S[26, 27, 28, 29, 30] Epoch 48 Finsh | Now_lr 0.0010/0.0010 | Lambda 0.0787 | Train Loss 0.0140 | Domain Loss 3.1532 | Valid Loss 4.3437 | Train Acc 99.5266| Valid Acc 51.1505
[TRAINER1] TestSub: S[26, 27, 28, 29, 30] Epoch 49 Finsh | Now_lr 0.0010/0.0010 | Lambda 0.0788 | Train Loss 0.0142 | Domain Loss 3.1523 | Valid Loss 4.3138 | Train Acc 99.5321| Valid Acc 49.4690
[TRAINER1] TestSub: S[26, 27, 28, 29, 30] Epoch 50 Finsh | Now_lr 0.0010/0.0010 | Lambda 0.0789 | Train Loss 0.0141 | Domain Loss 3.1563 | Valid Loss 4.4001 | Train Acc 99.5449| Valid Acc 52.2736
[TRAINER1] TestSub: S[26, 27, 28, 29, 30] Epoch 51 Finsh | Now_lr 0.0010/0.0010 | Lambda 0.0790 | Train Loss 0.0121 | Domain Loss 3.1588 | Valid Loss 4.2335 | Train Acc 99.5972| Valid Acc 51.8585
[TRAINER1] TestSub: S[26, 27, 28, 29, 30] Epoch 52 Finsh | Now_lr 0.0010/0.0010 | Lambda 0.0791 | Train Loss 0.0135 | Domain Loss 3.1640 | Valid Loss 4.4284 | Train Acc 99.5358| Valid Acc 51.1108
[TRAINER1] TestSub: S[26, 27, 28, 29, 30] Epoch 53 Finsh | Now_lr 0.0010/0.0010 | Lambda 0.0792 | Train Loss 0.0137 | Domain Loss 3.1651 | Valid Loss 4.4047 | Train Acc 99.5394| Valid Acc 52.6367
[TRAINER1] TestSub: S[26, 27, 28, 29, 30] Epoch 54 Finsh | Now_lr 0.0010/0.0010 | Lambda 0.0793 | Train Loss 0.0128 | Domain Loss 3.1626 | Valid Loss 4.6685 | Train Acc 99.5613| Valid Acc 49.9634
[TRAINER1] TestSub: S[26, 27, 28, 29, 30] Epoch 55 Finsh | Now_lr 0.0010/0.0010 | Lambda 0.0793 | Train Loss 0.0124 | Domain Loss 3.1620 | Valid Loss 4.6318 | Train Acc 99.5698| Valid Acc 52.3254
[TRAINER1] TestSub: S[26, 27, 28, 29, 30] Epoch 56 Finsh | Now_lr 0.0010/0.0010 | Lambda 0.0794 | Train Loss 0.0121 | Domain Loss 3.1623 | Valid Loss 4.3308 | Train Acc 99.5948| Valid Acc 51.5167
[TRAINER1] TestSub: S[26, 27, 28, 29, 30] Epoch 57 Finsh | Now_lr 0.0010/0.0010 | Lambda 0.0795 | Train Loss 0.0131 | Domain Loss 3.1716 | Valid Loss 4.4920 | Train Acc 99.5680| Valid Acc 52.5116
[TRAINER1] TestSub: S[26, 27, 28, 29, 30] Epoch 58 Finsh | Now_lr 0.0010/0.0010 | Lambda 0.0795 | Train Loss 0.0131 | Domain Loss 3.1684 | Valid Loss 4.1623 | Train Acc 99.5437| Valid Acc 52.2034
[TRAINER1] TestSub: S[26, 27, 28, 29, 30] Epoch 59 Finsh | Now_lr 0.0010/0.0010 | Lambda 0.0796 | Train Loss 0.0117 | Domain Loss 3.1704 | Valid Loss 4.3921 | Train Acc 99.6100| Valid Acc 51.4557
[TRAINER1] TestSub: S[26, 27, 28, 29, 30] Epoch 60 Finsh | Now_lr 0.0010/0.0010 | Lambda 0.0796 | Train Loss 0.0123 | Domain Loss 3.1677 | Valid Loss 4.1376 | Train Acc 99.5820| Valid Acc 51.5869
[TRAINER1] TestSub: S[26, 27, 28, 29, 30] Epoch 61 Finsh | Now_lr 0.0010/0.0010 | Lambda 0.0796 | Train Loss 0.0110 | Domain Loss 3.1694 | Valid Loss 4.1246 | Train Acc 99.6270| Valid Acc 52.0630
[TRAINER1] TestSub: S[26, 27, 28, 29, 30] Epoch 62 Finsh | Now_lr 0.0010/0.0010 | Lambda 0.0797 | Train Loss 0.0118 | Domain Loss 3.1580 | Valid Loss 4.5989 | Train Acc 99.5911| Valid Acc 50.8423
[TRAINER1] TestSub: S[26, 27, 28, 29, 30] Epoch 63 Finsh | Now_lr 0.0010/0.0010 | Lambda 0.0797 | Train Loss 0.0109 | Domain Loss 3.1711 | Valid Loss 4.4563 | Train Acc 99.6416| Valid Acc 53.4912
[TRAINER1] TestSub: S[26, 27, 28, 29, 30] Epoch 64 Finsh | Now_lr 0.0010/0.0010 | Lambda 0.0797 | Train Loss 0.0124 | Domain Loss 3.1710 | Valid Loss 4.5329 | Train Acc 99.5869| Valid Acc 52.3315
[TRAINER1] TestSub: S[26, 27, 28, 29, 30] Epoch 65 Finsh | Now_lr 0.0010/0.0010 | Lambda 0.0798 | Train Loss 0.0116 | Domain Loss 3.1726 | Valid Loss 4.2424 | Train Acc 99.6276| Valid Acc 52.5024
[TRAINER1] TestSub: S[26, 27, 28, 29, 30] Epoch 66 Finsh | Now_lr 0.0010/0.0010 | Lambda 0.0798 | Train Loss 0.0118 | Domain Loss 3.1839 | Valid Loss 4.0228 | Train Acc 99.6021| Valid Acc 53.5065
[TRAINER1] TestSub: S[26, 27, 28, 29, 30] Epoch 67 Finsh | Now_lr 0.0010/0.0010 | Lambda 0.0798 | Train Loss 0.0087 | Domain Loss 3.1850 | Valid Loss 4.4712 | Train Acc 99.7268| Valid Acc 53.7598
[TRAINER1] TestSub: S[26, 27, 28, 29, 30] Epoch 68 Finsh | Now_lr 0.0010/0.0010 | Lambda 0.0798 | Train Loss 0.0110 | Domain Loss 3.1901 | Valid Loss 4.5755 | Train Acc 99.6307| Valid Acc 52.5269
[TRAINER1] TestSub: S[26, 27, 28, 29, 30] Epoch 69 Finsh | Now_lr 0.0010/0.0010 | Lambda 0.0798 | Train Loss 0.0103 | Domain Loss 3.1891 | Valid Loss 4.4138 | Train Acc 99.6751| Valid Acc 53.1219
[TRAINER1] TestSub: S[26, 27, 28, 29, 30] Epoch 70 Finsh | Now_lr 0.0010/0.0010 | Lambda 0.0799 | Train Loss 0.0095 | Domain Loss 3.1899 | Valid Loss 4.3945 | Train Acc 99.6946| Valid Acc 53.1128
[TRAINER1] TestSub: S[26, 27, 28, 29, 30] Epoch 71 Finsh | Now_lr 0.0010/0.0010 | Lambda 0.0799 | Train Loss 0.0088 | Domain Loss 3.1959 | Valid Loss 4.3963 | Train Acc 99.7116| Valid Acc 54.6753
[TRAINER1] TestSub: S[26, 27, 28, 29, 30] Epoch 72 Finsh | Now_lr 0.0010/0.0010 | Lambda 0.0799 | Train Loss 0.0109 | Domain Loss 3.1985 | Valid Loss 4.8174 | Train Acc 99.6471| Valid Acc 51.7365
[TRAINER1] TestSub: S[26, 27, 28, 29, 30] Epoch 73 Finsh | Now_lr 0.0010/0.0010 | Lambda 0.0799 | Train Loss 0.0093 | Domain Loss 3.1984 | Valid Loss 4.5804 | Train Acc 99.6763| Valid Acc 52.1790
[TRAINER1] TestSub: S[26, 27, 28, 29, 30] Epoch 74 Finsh | Now_lr 0.0010/0.0010 | Lambda 0.0799 | Train Loss 0.0105 | Domain Loss 3.2018 | Valid Loss 4.2754 | Train Acc 99.6501| Valid Acc 52.7008
[TRAINER1] TestSub: S[26, 27, 28, 29, 30] Epoch 75 Finsh | Now_lr 0.0010/0.0010 | Lambda 0.0799 | Train Loss 0.0082 | Domain Loss 3.1983 | Valid Loss 4.4788 | Train Acc 99.7225| Valid Acc 52.8381
[TRAINER1] Early stopping triggered after 75 epochs (30 epochs without improvement)
[TRAINER1] --------------------------------------------------
[TRAINER1] Test_Subject :S[26, 27, 28, 29, 30] |Best epoch:45 | Test Loss:4.0501 | Best Acc 55.1666 | Savemodel Acc 55.1666
[TRAINER1] --------------------------------------------------
[TRAINER1] lr:0.001 -> bs:256
[TRAINER1] 6-Fold Cross Subject Accuracies: [52.63671875, 54.8004150390625, 52.5665283203125, 53.4515380859375, 54.0771484375, 55.1666259765625]
[TRAINER1] Mean Accuracy over 6 folds: 53.7832
[TRAINER1] ============================================================================================================
[TRAINER1] end time: 25-10-11-05:19:42
Refine: 2-10                      --
[TRAINER6] │    │    └─Conv1d: 3-13                 784
[TRAINER6] │    │    └─BatchNorm1d: 3-14            32
[TRAINER6] │    │    └─ELU: 3-15                    --
[TRAINER6] │    │    └─MaxPool1d: 3-16              --
[TRAINER6] │    └─AdaptiveAvgPool1d: 2-11           --
[TRAINER6] │    └─Linear: 2-12                      68
[TRAINER6] │    └─Flatten: 2-13                     --
[TRAINER6] ├─GradientReversalLayer: 1-6             --
[TRAINER6] ├─SubjectDiscriminator: 1-7              --
[TRAINER6] │    └─Sequential: 2-14                  --
[TRAINER6] │    │    └─Linear: 3-17                 2,304
[TRAINER6] │    │    └─ReLU: 3-18                   --
[TRAINER6] │    │    └─Dropout: 3-19                --
[TRAINER6] │    │    └─Linear: 3-20                 32,896
[TRAINER6] │    │    └─ReLU: 3-21                   --
[TRAINER6] │    │    └─Dropout: 3-22                --
[TRAINER6] │    │    └─Linear: 3-23                 3,870
[TRAINER6] =================================================================
[TRAINER6] Total params: 75,976
[TRAINER6] Trainable params: 75,976
[TRAINER6] Non-trainable params: 0
[TRAINER6] =================================================================
[TRAINER6] TestSub: S[11, 12, 13, 14, 15] Epoch  1 Finsh | Now_lr 0.0030/0.0030 | Lambda 0.0040 | Train Loss 0.5718 | Domain Loss 3.1414 | Valid Loss 1.3087 | Train Acc 67.4556| Valid Acc 51.3862
[TRAINER6] Validation acc increase (0.000000 --> 51.386187) in epoch (1).  Saving model ...
[TRAINER6] TestSub: S[11, 12, 13, 14, 15] Epoch  2 Finsh | Now_lr 0.0030/0.0030 | Lambda 0.0080 | Train Loss 0.3966 | Domain Loss 3.1238 | Valid Loss 1.4804 | Train Acc 81.4415| Valid Acc 49.7963
[TRAINER6] TestSub: S[11, 12, 13, 14, 15] Epoch  3 Finsh | Now_lr 0.0030/0.0030 | Lambda 0.0119 | Train Loss 0.3222 | Domain Loss 3.1300 | Valid Loss 1.6231 | Train Acc 85.6408| Valid Acc 49.8571
[TRAINER6] TestSub: S[11, 12, 13, 14, 15] Epoch  4 Finsh | Now_lr 0.0030/0.0030 | Lambda 0.0158 | Train Loss 0.2673 | Domain Loss 3.1306 | Valid Loss 1.6105 | Train Acc 88.7932| Valid Acc 50.0365
[TRAINER6] TestSub: S[11, 12, 13, 14, 15] Epoch  5 Finsh | Now_lr 0.0030/0.0030 | Lambda 0.0196 | Train Loss 0.2232 | Domain Loss 3.1357 | Valid Loss 2.0621 | Train Acc 90.8694| Valid Acc 50.0304
[TRAINER6] TestSub: S[11, 12, 13, 14, 15] Epoch  6 Finsh | Now_lr 0.0030/0.0030 | Lambda 0.0233 | Train Loss 0.1862 | Domain Loss 3.1487 | Valid Loss 2.0565 | Train Acc 92.6532| Valid Acc 50.5745
[TRAINER6] TestSub: S[11, 12, 13, 14, 15] Epoch  7 Finsh | Now_lr 0.0030/0.0030 | Lambda 0.0269 | Train Loss 0.1647 | Domain Loss 3.1605 | Valid Loss 2.1466 | Train Acc 93.5323| Valid Acc 51.4166
[TRAINER6] Validation acc increase (51.386187 --> 51.416586) in epoch (7).  Saving model ...
[TRAINER6] TestSub: S[11, 12, 13, 14, 15] Epoch  8 Finsh | Now_lr 0.0030/0.0030 | Lambda 0.0304 | Train Loss 0.1516 | Domain Loss 3.1669 | Valid Loss 2.1044 | Train Acc 94.2115| Valid Acc 50.4590
[TRAINER6] TestSub: S[11, 12, 13, 14, 15] Epoch  9 Finsh | Now_lr 0.0030/0.0030 | Lambda 0.0338 | Train Loss 0.1394 | Domain Loss 3.1751 | Valid Loss 2.2944 | Train Acc 94.7288| Valid Acc 47.8751
[TRAINER6] TestSub: S[11, 12, 13, 14, 15] Epoch 10 Finsh | Now_lr 0.0030/0.0030 | Lambda 0.0370 | Train Loss 0.1343 | Domain Loss 3.1787 | Valid Loss 2.2682 | Train Acc 94.9392| Valid Acc 47.6927
[TRAINER6] TestSub: S[11, 12, 13, 14, 15] Epoch 11 Finsh | Now_lr 0.0030/0.0030 | Lambda 0.0400 | Train Loss 0.1268 | Domain Loss 3.1823 | Valid Loss 2.3324 | Train Acc 95.2481| Valid Acc 47.1152
[TRAINER6] TestSub: S[11, 12, 13, 14, 15] Epoch 12 Finsh | Now_lr 0.0030/0.0030 | Lambda 0.0430 | Train Loss 0.1223 | Domain Loss 3.1843 | Valid Loss 2.3042 | Train Acc 95.4329| Valid Acc 48.3585
[TRAINER6] TestSub: S[11, 12, 13, 14, 15] Epoch 13 Finsh | Now_lr 0.0030/0.0030 | Lambda 0.0457 | Train Loss 0.1189 | Domain Loss 3.1877 | Valid Loss 2.2631 | Train Acc 95.6165| Valid Acc 48.9300
[TRAINER6] TestSub: S[11, 12, 13, 14, 15] Epoch 14 Finsh | Now_lr 0.0030/0.0030 | Lambda 0.0483 | Train Loss 0.1161 | Domain Loss 3.1904 | Valid Loss 2.2839 | Train Acc 95.7083| Valid Acc 48.2916
[TRAINER6] TestSub: S[11, 12, 13, 14, 15] Epoch 15 Finsh | Now_lr 0.0030/0.0030 | Lambda 0.0508 | Train Loss 0.1138 | Domain Loss 3.1911 | Valid Loss 2.3423 | Train Acc 95.8110| Valid Acc 50.1824
[TRAINER6] TestSub: S[11, 12, 13, 14, 15] Epoch 16 Finsh | Now_lr 0.0030/0.0030 | Lambda 0.0531 | Train Loss 0.1113 | Domain Loss 3.1921 | Valid Loss 2.4157 | Train Acc 95.8943| Valid Acc 50.6384
[TRAINER6] TestSub: S[11, 12, 13, 14, 15] Epoch 17 Finsh | Now_lr 0.0030/0.0030 | Lambda 0.0553 | Train Loss 0.1085 | Domain Loss 3.1970 | Valid Loss 2.3071 | Train Acc 96.0135| Valid Acc 49.5531
[TRAINER6] TestSub: S[11, 12, 13, 14, 15] Epoch 18 Finsh | Now_lr 0.0030/0.0030 | Lambda 0.0573 | Train Loss 0.1072 | Domain Loss 3.1986 | Valid Loss 2.0587 | Train Acc 96.0725| Valid Acc 52.8149
[TRAINER6] Validation acc increase (51.416586 --> 52.814932) in epoch (18).  Saving model ...
[TRAINER6] TestSub: S[11, 12, 13, 14, 15] Epoch 19 Finsh | Now_lr 0.0030/0.0030 | Lambda 0.0592 | Train Loss 0.1062 | Domain Loss 3.2007 | Valid Loss 2.0852 | Train Acc 96.1594| Valid Acc 50.1550
[TRAINER6] TestSub: S[11, 12, 13, 14, 15] Epoch 20 Finsh | Now_lr 0.0030/0.0030 | Lambda 0.0609 | Train Loss 0.1052 | Domain Loss 3.2006 | Valid Loss 2.1241 | Train Acc 96.1843| Valid Acc 49.7295
[TRAINER6] TestSub: S[11, 12, 13, 14, 15] Epoch 21 Finsh | Now_lr 0.0030/0.0030 | Lambda 0.0625 | Train Loss 0.1025 | Domain Loss 3.2029 | Valid Loss 2.3396 | Train Acc 96.2239| Valid Acc 51.9881
[TRAINER6] TestSub: S[11, 12, 13, 14, 15] Epoch 22 Finsh | Now_lr 0.0030/0.0030 | Lambda 0.0640 | Train Loss 0.1027 | Domain Loss 3.2027 | Valid Loss 2.0716 | Train Acc 96.2299| Valid Acc 50.5593
[TRAINER6] TestSub: S[11, 12, 13, 14, 15] Epoch 23 Finsh | Now_lr 0.0030/0.0030 | Lambda 0.0654 | Train Loss 0.1013 | Domain Loss 3.2025 | Valid Loss 2.2564 | Train Acc 96.2840| Valid Acc 49.3130
[TRAINER6] TestSub: S[11, 12, 13, 14, 15] Epoch 24 Finsh | Now_lr 0.0030/0.0030 | Lambda 0.0667 | Train Loss 0.1002 | Domain Loss 3.2023 | Valid Loss 2.3534 | Train Acc 96.3929| Valid Acc 48.1396
[TRAINER6] TestSub: S[11, 12, 13, 14, 15] Epoch 25 Finsh | Now_lr 0.0030/0.0030 | Lambda 0.0679 | Train Loss 0.1004 | Domain Loss 3.2020 | Valid Loss 2.2162 | Train Acc 96.3406| Valid Acc 50.9028
[TRAINER6] TestSub: S[11, 12, 13, 14, 15] Epoch 26 Finsh | Now_lr 0.0030/0.0030 | Lambda 0.0689 | Train Loss 0.0982 | Domain Loss 3.2036 | Valid Loss 2.2589 | Train Acc 96.4050| Valid Acc 51.2950
[TRAINER6] TestSub: S[11, 12, 13, 14, 15] Epoch 27 Finsh | Now_lr 0.0030/0.0030 | Lambda 0.0699 | Train Loss 0.0993 | Domain Loss 3.2030 | Valid Loss 2.1668 | Train Acc 96.4032| Valid Acc 51.2160
[TRAINER6] TestSub: S[11, 12, 13, 14, 15] Epoch 28 Finsh | Now_lr 0.0030/0.0030 | Lambda 0.0708 | Train Loss 0.0980 | Domain Loss 3.2023 | Valid Loss 2.1471 | Train Acc 96.4397| Valid Acc 52.4957
[TRAINER6] TestSub: S[11, 12, 13, 14, 15] Epoch 29 Finsh | Now_lr 0.0030/0.0030 | Lambda 0.0717 | Train Loss 0.0975 | Domain Loss 3.2033 | Valid Loss 2.3126 | Train Acc 96.4257| Valid Acc 50.7661
[TRAINER6] TestSub: S[11, 12, 13, 14, 15] Epoch 30 Finsh | Now_lr 0.0030/0.0030 | Lambda 0.0724 | Train Loss 0.0970 | Domain Loss 3.2026 | Valid Loss 1.9346 | Train Acc 96.5345| Valid Acc 51.3315
[TRAINER6] TestSub: S[11, 12, 13, 14, 15] Epoch 31 Finsh | Now_lr 0.0030/0.0030 | Lambda 0.0731 | Train Loss 0.0956 | Domain Loss 3.2029 | Valid Loss 2.0667 | Train Acc 96.5291| Valid Acc 53.6144
[TRAINER6] Validation acc increase (52.814932 --> 53.614421) in epoch (31).  Saving model ...
[TRAINER6] TestSub: S[11, 12, 13, 14, 15] Epoch 32 Finsh | Now_lr 0.0030/0.0030 | Lambda 0.0737 | Train Loss 0.0988 | Domain Loss 3.2031 | Valid Loss 2.0292 | Train Acc 96.5242| Valid Acc 50.4347
[TRAINER6] TestSub: S[11, 12, 13, 14, 15] Epoch 33 Finsh | Now_lr 0.0030/0.0030 | Lambda 0.0743 | Train Loss 0.0954 | Domain Loss 3.2043 | Valid Loss 1.8926 | Train Acc 96.5540| Valid Acc0100/0.0100 | Lambda 0.1074 | Train Loss 0.1595 | Domain Loss 3.1693 | Valid Loss 2.1887 | Train Acc 93.8917| Valid Acc 47.6684
[TRAINER3] TestSub: S[16, 17, 18, 19, 20] Epoch 19 Finsh | Now_lr 0.0100/0.0100 | Lambda 0.1110 | Train Loss 0.1460 | Domain Loss 3.1733 | Valid Loss 2.3328 | Train Acc 94.4066| Valid Acc 47.8356
[TRAINER3] TestSub: S[16, 17, 18, 19, 20] Epoch 20 Finsh | Now_lr 0.0100/0.0100 | Lambda 0.1142 | Train Loss 0.1353 | Domain Loss 3.1768 | Valid Loss 2.3930 | Train Acc 94.8340| Valid Acc 49.5045
[TRAINER3] TestSub: S[16, 17, 18, 19, 20] Epoch 21 Finsh | Now_lr 0.0100/0.0100 | Lambda 0.1173 | Train Loss 0.1269 | Domain Loss 3.1785 | Valid Loss 2.3353 | Train Acc 95.2712| Valid Acc 47.9967
[TRAINER3] TestSub: S[16, 17, 18, 19, 20] Epoch 22 Finsh | Now_lr 0.0100/0.0100 | Lambda 0.1201 | Train Loss 0.1225 | Domain Loss 3.1836 | Valid Loss 2.4959 | Train Acc 95.4238| Valid Acc 45.6408
[TRAINER3] TestSub: S[16, 17, 18, 19, 20] Epoch 23 Finsh | Now_lr 0.0100/0.0100 | Lambda 0.1227 | Train Loss 0.1168 | Domain Loss 3.1842 | Valid Loss 2.4409 | Train Acc 95.6055| Valid Acc 44.0023
[TRAINER3] TestSub: S[16, 17, 18, 19, 20] Epoch 24 Finsh | Now_lr 0.0100/0.0100 | Lambda 0.1250 | Train Loss 0.1089 | Domain Loss 3.1860 | Valid Loss 2.4013 | Train Acc 95.9649| Valid Acc 46.3765
[TRAINER3] TestSub: S[16, 17, 18, 19, 20] Epoch 25 Finsh | Now_lr 0.0100/0.0100 | Lambda 0.1272 | Train Loss 0.1075 | Domain Loss 3.1898 | Valid Loss 2.3466 | Train Acc 96.0366| Valid Acc 46.2488
[TRAINER3] TestSub: S[16, 17, 18, 19, 20] Epoch 26 Finsh | Now_lr 0.0100/0.0100 | Lambda 0.1293 | Train Loss 0.1015 | Domain Loss 3.1931 | Valid Loss 2.5560 | Train Acc 96.2974| Valid Acc 44.0905
[TRAINER3] TestSub: S[16, 17, 18, 19, 20] Epoch 27 Finsh | Now_lr 0.0100/0.0100 | Lambda 0.1311 | Train Loss 0.1001 | Domain Loss 3.1956 | Valid Loss 2.6416 | Train Acc 96.3491| Valid Acc 48.2642
[TRAINER3] TestSub: S[16, 17, 18, 19, 20] Epoch 28 Finsh | Now_lr 0.0100/0.0100 | Lambda 0.1328 | Train Loss 0.0973 | Domain Loss 3.1951 | Valid Loss 2.4360 | Train Acc 96.4816| Valid Acc 45.6560
[TRAINER3] TestSub: S[16, 17, 18, 19, 20] Epoch 29 Finsh | Now_lr 0.0100/0.0100 | Lambda 0.1344 | Train Loss 0.0930 | Domain Loss 3.1971 | Valid Loss 2.8853 | Train Acc 96.6446| Valid Acc 45.3703
[TRAINER3] TestSub: S[16, 17, 18, 19, 20] Epoch 30 Finsh | Now_lr 0.0100/0.0100 | Lambda 0.1358 | Train Loss 0.0914 | Domain Loss 3.2005 | Valid Loss 2.8240 | Train Acc 96.7042| Valid Acc 48.2277
[TRAINER3] TestSub: S[16, 17, 18, 19, 20] Epoch 31 Finsh | Now_lr 0.0100/0.0100 | Lambda 0.1371 | Train Loss 0.0924 | Domain Loss 3.2006 | Valid Loss 2.5918 | Train Acc 96.6622| Valid Acc 45.6894
[TRAINER3] TestSub: S[16, 17, 18, 19, 20] Epoch 32 Finsh | Now_lr 0.0100/0.0100 | Lambda 0.1383 | Train Loss 0.0890 | Domain Loss 3.2016 | Valid Loss 2.5730 | Train Acc 96.7437| Valid Acc 45.5192
[TRAINER3] TestSub: S[16, 17, 18, 19, 20] Epoch 33 Finsh | Now_lr 0.0100/0.0100 | Lambda 0.1393 | Train Loss 0.0891 | Domain Loss 3.2034 | Valid Loss 2.3344 | Train Acc 96.7753| Valid Acc 45.1909
[TRAINER3] TestSub: S[16, 17, 18, 19, 20] Epoch 34 Finsh | Now_lr 0.0100/0.0100 | Lambda 0.1403 | Train Loss 0.0858 | Domain Loss 3.2044 | Valid Loss 2.5663 | Train Acc 96.9054| Valid Acc 46.2062
[TRAINER3] Early stopping triggered after 34 epochs (30 epochs without improvement)
[TRAINER3] --------------------------------------------------
[TRAINER3] Test_Subject :S[16, 17, 18, 19, 20] |Best epoch:4 | Test Loss:1.6311 | Best Acc 53.5962 | Savemodel Acc 53.5962
[TRAINER3] --------------------------------------------------
[TRAINER3] 
[TRAINER3] ========== Fold 5 ==========
[TRAINER3] Train IDs: [1, 2, 3, 4, 5, 6, 7, 8, 9, 10, 11, 12, 13, 14, 15, 16, 17, 18, 19, 20, 26, 27, 28, 29, 30]
[TRAINER3] Val IDs:   [21, 22, 23, 24, 25]
[TRAINER3] train_data_shape(164500, 32, 128),val_data_shape(32900, 32, 128)
[TRAINER3] =================================================================
[TRAINER3] Layer (type:depth-idx)                   Param #
[TRAINER3] =================================================================
[TRAINER3] DARNet                                   --
[TRAINER3] ├─TokenEmbedding: 1-1                    --
[TRAINER3] │    └─Sequential: 2-1                   --
[TRAINER3] │    │    └─Conv2d: 3-1                  576
[TRAINER3] │    │    └─BatchNorm2d: 3-2             128
[TRAINER3] │    │    └─GELU: 3-3                    --
[TRAINER3] │    └─Sequential: 2-2                   --
[TRAINER3] │    │    └─Conv2d: 3-4                  32,784
[TRAINER3] │    │    └─BatchNorm2d: 3-5             32
[TRAINER3] │    │    └─GELU: 3-6                    --
[TRAINER3] │    └─PositionalEmbedding: 2-3          --
[TRAINER3] ├─Flatten: 1-2                           --
[TRAINER3] ├─Linear: 1-3                            18
[TRAINER3] ├─AttnRefine: 1-4                        --
[TRAINER3] │    └─MyAttention: 2-4                  --
[TRAINER3] │    │    └─Attention: 3-7               800
[TRAINER3] │    └─Refine: 2-5                       --
[TRAINER3] │    │    └─Conv1d: 3-8                  784
[TRAINER3] │    │    └─BatchNorm1d: 3-9             32
[TRAINER3] │    │    └─ELU: 3-10                    --
[TRAINER3] │    │    └─MaxPool1d: 3-11              --
[TRAINER3] │    └─AdaptiveAvgPool1d: 2-6            --
[TRAINER3] │    └─Linear: 2-7                       68
[TRAINER3] │    └─Flatten: 2-8                      --
[TRAINER3] ├─AttnRefine: 1-5                        --
[TRAINER3] │    └─MyAttention: 2-9                  --
[TRAINER3] │    │    └─Attention: 3-12              800
[TRAINER3] │    └─Refine: 2-10                      --
[TRAINER3] │    │    └─Conv1d: 3-13                 784
[TRAINER3] │    │    └─BatchNorm1d: 3-14            32
[TRAINER3] │    │    └─ELU: 3-15                    --
[TRAINER3] │    │    └─MaxPool1d: 3-16              --
[TRAINER3] │    └─AdaptiveAvgPool1d: 2-11           --
[TRAINER3] │    └─Linear: 2-12                      68
[TRAINER3] │    └─Flatten: 2-13                     --
[TRAINER3] ├─GradientReversalLayer: 1-6             --
[TRAINER3] ├─SubjectDiscriminator: 1-7              --
[TRAINER3] │    └─Sequential: 2-14                  --
[TRAINER3] │    │    └─Linear: 3-17                 2,304
[TRAINER3] │    │    └─ReLU: 3-18                   --
[TRAINER3] │    │    └─Dropout: 3-19                --
[TRAINER3] │    │    └─Linear: 3-20                 32,896
[TRAINER3] │    │    └─ReLU: 3-21                   --
[TRAINER3] │    │    └─Dropout: 3-22                --
[TRAINER3] │    │    └─Linear: 3-23                 3,870
[TRAINER3] =================================================================
[TRAINER3] Total params: 75,976
[TRAINER3] Trainable params: 75,976
[TRAINER3] Non-trainable params: 0
[TRAINER3] =================================================================
[TRAINER3] TestSub: S[21, 22, 23, 24, 25] Epoch  1 Finsh | Now_lr 0.0100/0.0100 | Lambda 0.0075 | Train Loss 0.4918 | Domain Loss 3.1597 | Valid Loss 1.1612 | Train Acc 74.5179| Valid Acc 49.0668
[TRAINER3] Validation acc increase (0.000000 --> 49.066756) in epoch (1).  Saving model ...
[TRAINER3] TestSub: S[21, 22, 23, 24, 25] Epoch  2 Finsh | Now_lr 0.0100/0.0100 | Lambda 0.0150 | Train Loss 0.3353 | Domain Loss 3.0959 | Valid Loss 1.5117 | Train Acc 85.1921| Valid Acc 49.4802
[TRAINER3] Validation acc increase (49.066756 --> 49.480180) in epoch (2).  Saving model ...
[TRAINER3] TestSub: S[21, 22, 23, 24, 25] Epoch  3 Finsh | Now_lr 0.0100/0.0100 | Lambda 0.0223 | Train Loss 0.2935 | Domain Loss 3.1314 | Valid Loss 1.6630 | Train Acc 87.3279| Valid Acc 48.9573
[TRAINER3] TestSub: S[21, 22, 23, 24, 25] Epoch  4 Finsh | Now_lr 0.0100/0.0100 | Lambda 0.0296 | Train Loss 0.2709 | Domain Loss 3.1287 | Valid Loss 1.5607 | Train Acc 88.4953| Valid Acc 49.4133
[TRAINER3] TestSub: S[21, 22, 23, 24, 25] Epoch  5 Finsh | Now_lr 0.0100/0.0100 |====================================
[TRAINER2] TestSub: S[21, 22, 23, 24, 25] Epoch  1 Finsh | Now_lr 0.0007/0.0007 | Lambda 0.0040 | Train Loss 0.4451 | Domain Loss 2.9817 | Valid Loss 1.3799 | Train Acc 77.5584| Valid Acc 46.1433
[TRAINER2] Validation acc increase (0.000000 --> 46.143293) in epoch (1).  Saving model ...
[TRAINER2] TestSub: S[21, 22, 23, 24, 25] Epoch  2 Finsh | Now_lr 0.0007/0.0007 | Lambda 0.0080 | Train Loss 0.2751 | Domain Loss 2.8913 | Valid Loss 1.8044 | Train Acc 88.2010| Valid Acc 50.4146
[TRAINER2] Validation acc increase (46.143293 --> 50.414634) in epoch (2).  Saving model ...
[TRAINER2] TestSub: S[21, 22, 23, 24, 25] Epoch  3 Finsh | Now_lr 0.0007/0.0007 | Lambda 0.0119 | Train Loss 0.2094 | Domain Loss 2.9090 | Valid Loss 1.9251 | Train Acc 91.3996| Valid Acc 48.0000
[TRAINER2] TestSub: S[21, 22, 23, 24, 25] Epoch  4 Finsh | Now_lr 0.0007/0.0007 | Lambda 0.0158 | Train Loss 0.1698 | Domain Loss 2.9314 | Valid Loss 2.2237 | Train Acc 93.2071| Valid Acc 49.8384
[TRAINER2] TestSub: S[21, 22, 23, 24, 25] Epoch  5 Finsh | Now_lr 0.0007/0.0007 | Lambda 0.0196 | Train Loss 0.1381 | Domain Loss 2.9768 | Valid Loss 2.3599 | Train Acc 94.5647| Valid Acc 48.4421
[TRAINER2] TestSub: S[21, 22, 23, 24, 25] Epoch  6 Finsh | Now_lr 0.0007/0.0007 | Lambda 0.0233 | Train Loss 0.1138 | Domain Loss 3.0132 | Valid Loss 2.6364 | Train Acc 95.6080| Valid Acc 45.9573
[TRAINER2] TestSub: S[21, 22, 23, 24, 25] Epoch  7 Finsh | Now_lr 0.0007/0.0007 | Lambda 0.0269 | Train Loss 0.0990 | Domain Loss 3.0343 | Valid Loss 2.7379 | Train Acc 96.2147| Valid Acc 47.6341
[TRAINER2] TestSub: S[21, 22, 23, 24, 25] Epoch  8 Finsh | Now_lr 0.0007/0.0007 | Lambda 0.0304 | Train Loss 0.0888 | Domain Loss 3.0253 | Valid Loss 2.9713 | Train Acc 96.6233| Valid Acc 49.6555
[TRAINER2] TestSub: S[21, 22, 23, 24, 25] Epoch  9 Finsh | Now_lr 0.0007/0.0007 | Lambda 0.0338 | Train Loss 0.0792 | Domain Loss 3.0328 | Valid Loss 2.8054 | Train Acc 97.0106| Valid Acc 48.0183
[TRAINER2] TestSub: S[21, 22, 23, 24, 25] Epoch 10 Finsh | Now_lr 0.0007/0.0007 | Lambda 0.0370 | Train Loss 0.0702 | Domain Loss 3.0465 | Valid Loss 2.9257 | Train Acc 97.4447| Valid Acc 47.5732
[TRAINER2] TestSub: S[21, 22, 23, 24, 25] Epoch 11 Finsh | Now_lr 0.0007/0.0007 | Lambda 0.0400 | Train Loss 0.0646 | Domain Loss 3.0594 | Valid Loss 2.8711 | Train Acc 97.6404| Valid Acc 46.1098
[TRAINER2] TestSub: S[21, 22, 23, 24, 25] Epoch 12 Finsh | Now_lr 0.0007/0.0007 | Lambda 0.0430 | Train Loss 0.0574 | Domain Loss 3.0616 | Valid Loss 3.2217 | Train Acc 97.8885| Valid Acc 50.5945
[TRAINER2] Validation acc increase (50.414634 --> 50.594512) in epoch (12).  Saving model ...
[TRAINER2] TestSub: S[21, 22, 23, 24, 25] Epoch 13 Finsh | Now_lr 0.0007/0.0007 | Lambda 0.0457 | Train Loss 0.0532 | Domain Loss 3.0909 | Valid Loss 3.1975 | Train Acc 98.0800| Valid Acc 47.7835
[TRAINER2] TestSub: S[21, 22, 23, 24, 25] Epoch 14 Finsh | Now_lr 0.0007/0.0007 | Lambda 0.0483 | Train Loss 0.0485 | Domain Loss 3.0963 | Valid Loss 3.0996 | Train Acc 98.2557| Valid Acc 47.3354
[TRAINER2] TestSub: S[21, 22, 23, 24, 25] Epoch 15 Finsh | Now_lr 0.0007/0.0007 | Lambda 0.0508 | Train Loss 0.0450 | Domain Loss 3.0990 | Valid Loss 3.3570 | Train Acc 98.3731| Valid Acc 48.7134
[TRAINER2] TestSub: S[21, 22, 23, 24, 25] Epoch 16 Finsh | Now_lr 0.0007/0.0007 | Lambda 0.0531 | Train Loss 0.0430 | Domain Loss 3.1135 | Valid Loss 3.1571 | Train Acc 98.4460| Valid Acc 48.0945
[TRAINER2] TestSub: S[21, 22, 23, 24, 25] Epoch 17 Finsh | Now_lr 0.0007/0.0007 | Lambda 0.0553 | Train Loss 0.0385 | Domain Loss 3.1301 | Valid Loss 3.3945 | Train Acc 98.6454| Valid Acc 50.0152
[TRAINER2] TestSub: S[21, 22, 23, 24, 25] Epoch 18 Finsh | Now_lr 0.0007/0.0007 | Lambda 0.0573 | Train Loss 0.0361 | Domain Loss 3.1333 | Valid Loss 3.3563 | Train Acc 98.7476| Valid Acc 50.5152
[TRAINER2] TestSub: S[21, 22, 23, 24, 25] Epoch 19 Finsh | Now_lr 0.0007/0.0007 | Lambda 0.0592 | Train Loss 0.0353 | Domain Loss 3.1432 | Valid Loss 3.2088 | Train Acc 98.7579| Valid Acc 50.0213
[TRAINER2] TestSub: S[21, 22, 23, 24, 25] Epoch 20 Finsh | Now_lr 0.0007/0.0007 | Lambda 0.0609 | Train Loss 0.0336 | Domain Loss 3.1429 | Valid Loss 3.2282 | Train Acc 98.8084| Valid Acc 48.7591
[TRAINER2] TestSub: S[21, 22, 23, 24, 25] Epoch 21 Finsh | Now_lr 0.0007/0.0007 | Lambda 0.0625 | Train Loss 0.0314 | Domain Loss 3.1339 | Valid Loss 3.5039 | Train Acc 98.8929| Valid Acc 50.1799
[TRAINER2] TestSub: S[21, 22, 23, 24, 25] Epoch 22 Finsh | Now_lr 0.0007/0.0007 | Lambda 0.0640 | Train Loss 0.0295 | Domain Loss 3.1597 | Valid Loss 3.4269 | Train Acc 98.9604| Valid Acc 52.3171
[TRAINER2] Validation acc increase (50.594512 --> 52.317073) in epoch (22).  Saving model ...
[TRAINER2] TestSub: S[21, 22, 23, 24, 25] Epoch 23 Finsh | Now_lr 0.0007/0.0007 | Lambda 0.0654 | Train Loss 0.0275 | Domain Loss 3.1601 | Valid Loss 3.6385 | Train Acc 99.0285| Valid Acc 50.3079
[TRAINER2] TestSub: S[21, 22, 23, 24, 25] Epoch 24 Finsh | Now_lr 0.0007/0.0007 | Lambda 0.0667 | Train Loss 0.0269 | Domain Loss 3.1498 | Valid Loss 3.6280 | Train Acc 99.0516| Valid Acc 49.9604
[TRAINER2] TestSub: S[21, 22, 23, 24, 25] Epoch 25 Finsh | Now_lr 0.0007/0.0007 | Lambda 0.0679 | Train Loss 0.0260 | Domain Loss 3.1589 | Valid Loss 3.5941 | Train Acc 99.1160| Valid Acc 50.4146
[TRAINER2] TestSub: S[21, 22, 23, 24, 25] Epoch 26 Finsh | Now_lr 0.0007/0.0007 | Lambda 0.0689 | Train Loss 0.0240 | Domain Loss 3.1539 | Valid Loss 3.8746 | Train Acc 99.1586| Valid Acc 51.9787
[TRAINER2] TestSub: S[21, 22, 23, 24, 25] Epoch 27 Finsh | Now_lr 0.0007/0.0007 | Lambda 0.0699 | Train Loss 0.0237 | Domain Loss 3.1700 | Valid Loss 3.5528 | Train Acc 99.1725| Valid Acc 52.0579
[TRAINER2] TestSub: S[21, 22, 23, 24, 25] Epoch 28 Finsh | Now_lr 0.0007/0.0007 | Lambda 0.0708 | Train Loss 0.0226 | Domain Loss 3.1785 | Valid Loss 3.6365 | Train Acc 99.2181| Valid Acc 51.6585
[TRAINER2] TestSub: S[21, 22, 23, 24, 25] Epoch 29 Finsh | Now_lr 0.0007/0.0007 | Lambda 0.0717 | Train Loss 0.0220 | Domain Loss 3.1776 | Valid Loss 3.6004 | Train Acc 99.2236| Valid Acc 50.3902
[TRAINER2] TestSub: S[21, 22, 23, 24, 25] Epoch 30 Finsh | Now_lr 0.0007/0.0007 | Lambda 0.0724 | Train Loss 0.0214 | Domain Loss 3.1795 | Valid Loss 3.7682 | Train Acc 99.2650| Valid Acc 51.7043
[TRAINER2] TestSub: S[21, 22, 23, 24, 25] Epoch 31 Finsh | Now_lr 0.0007/0.0007 | Lambda 0.0731 | Train Loss 0.0217 | Domain Loss 3.1737 | Valid Loss 3.8541 | Train Acc 99.2303| Valid Acc 50.0000
[TRAINER2] TestSub: S[21, 22, 23, 24, 25] Epoch 32 Finsh | Now_lr 0.0007/0.0007 | Lambda 0.0737 | Train Loss 0.0199 | Domain Loss 3.1795 | Valid Loss 4.0482 | Train Acc 99.3136| Valid Acc 48.7805
[TRAINER2] TestSub: S[21, 22, 23, 24, 25] Epoch 33 Finsh | Now_lr 0.0007/0.0007 | Lambda 0.0743 | Train Loss 0.0185 | Domain Loss 3.1821 | Valid Loss 4.1328 | Train Acc 99.3610| Valid Acc 51.1768
[TRAINER2] TestSub: S[21, 22, 23, 24, 25] Epoch 34 Finsh | Now_lr 0.0007/0.0007 | Lambda 0.0748 | Train Loss 0.0196 | Domain Loss 3.1857 | Valid Loss 3.9502 | Train Acc 99.3227| Valid Acc 49.9970
[TRAINER2] TestSub: S[21, 22, 23, 24, 25] Epoch 35 Finsh | Now_lr 0.0007/0.0007 | Lambda 0.0753 | Train Loss 0.0186 | Domain Loss 3.1836 | Valid Loss 3.7642 | Train Acc 99.3750| Valid Acc 50.7317
[TRAINER2] TestSub: S[21, 22, 23, 24, 25] Epoch 36 Finsh | Now_lr 0.0007/0.0007 | Lambda 0.0757 | Train Loss 0.0159 | Domain Loss 3.1901 | Valid Loss 4.0021 | Train Acc 99.4619| Valid Acc 50.1677
[TRAINER2] TestSub: S[21, 22, 23, 24, 25] Epoch 37 Finsh | Now_lr 0.0007/0.0007 | Lambda 0.0761 | Train Loss 0.0170 | Domain Loss 3.1809 | Valid Loss 3.6688 | Train Acc 99.4328| Valid Acc 50.3384
[TRAINER2] TestSub: S[21, 22, 23, 24, 25] Epoch 38 Finsh | Now_lr 0.0007/0.0007 | Lambda 0.0765 | Train Loss 0.0169 | Domain Loss 3.1833 | Valid Loss 3.8137 | Train Acc 99.4230| Valid Acc 50.3354
[TRAINER2] TestSub: S[21, 22, 23, 24, 25] Epoch 39 Finsh | Now_lr 0.0007/0.0007 | Lambda 0.0768 | Train Loss 0.0162 | Domain Loss 3.1880 | Valid Loss 3.8169 | Train Acc 99.4394| Valid Acc 51.1250
[TRAINER2] TestSub: S[21, 22, 23, 24, 25] Epoch 40 Finsh | Now_lr 0.0007/0.0007 | Lambda 0.0771 | Train Loss 0.0146 | Domain Loss 3.1880 |       --
[TRAINER5] │    │    └─Conv1d: 3-8                  784
[TRAINER5] │    │    └─BatchNorm1d: 3-9             32
[TRAINER5] │    │    └─ELU: 3-10                    --
[TRAINER5] │    │    └─MaxPool1d: 3-11              --
[TRAINER5] │    └─AdaptiveAvgPool1d: 2-6            --
[TRAINER5] │    └─Linear: 2-7                       68
[TRAINER5] │    └─Flatten: 2-8                      --
[TRAINER5] ├─AttnRefine: 1-5                        --
[TRAINER5] │    └─MyAttention: 2-9                  --
[TRAINER5] │    │    └─Attention: 3-12              800
[TRAINER5] │    └─Refine: 2-10                      --
[TRAINER5] │    │    └─Conv1d: 3-13                 784
[TRAINER5] │    │    └─BatchNorm1d: 3-14            32
[TRAINER5] │    │    └─ELU: 3-15                    --
[TRAINER5] │    │    └─MaxPool1d: 3-16              --
[TRAINER5] │    └─AdaptiveAvgPool1d: 2-11           --
[TRAINER5] │    └─Linear: 2-12                      68
[TRAINER5] │    └─Flatten: 2-13                     --
[TRAINER5] ├─GradientReversalLayer: 1-6             --
[TRAINER5] ├─SubjectDiscriminator: 1-7              --
[TRAINER5] │    └─Sequential: 2-14                  --
[TRAINER5] │    │    └─Linear: 3-17                 2,304
[TRAINER5] │    │    └─ReLU: 3-18                   --
[TRAINER5] │    │    └─Dropout: 3-19                --
[TRAINER5] │    │    └─Linear: 3-20                 32,896
[TRAINER5] │    │    └─ReLU: 3-21                   --
[TRAINER5] │    │    └─Dropout: 3-22                --
[TRAINER5] │    │    └─Linear: 3-23                 3,870
[TRAINER5] =================================================================
[TRAINER5] Total params: 75,976
[TRAINER5] Trainable params: 75,976
[TRAINER5] Non-trainable params: 0
[TRAINER5] =================================================================
[TRAINER5] TestSub: S[21, 22, 23, 24, 25] Epoch  1 Finsh | Now_lr 0.0005/0.0005 | Lambda 0.0050 | Train Loss 0.4242 | Domain Loss 2.9963 | Valid Loss 1.5073 | Train Acc 78.8400| Valid Acc 53.2314
[TRAINER5] Validation acc increase (0.000000 --> 53.231396) in epoch (1).  Saving model ...
[TRAINER5] TestSub: S[21, 22, 23, 24, 25] Epoch  2 Finsh | Now_lr 0.0005/0.0005 | Lambda 0.0100 | Train Loss 0.2717 | Domain Loss 2.8788 | Valid Loss 1.7995 | Train Acc 88.3876| Valid Acc 54.8486
[TRAINER5] Validation acc increase (53.231396 --> 54.848614) in epoch (2).  Saving model ...
[TRAINER5] TestSub: S[21, 22, 23, 24, 25] Epoch  3 Finsh | Now_lr 0.0005/0.0005 | Lambda 0.0149 | Train Loss 0.2133 | Domain Loss 2.9758 | Valid Loss 1.8229 | Train Acc 91.0828| Valid Acc 54.1677
[TRAINER5] TestSub: S[21, 22, 23, 24, 25] Epoch  4 Finsh | Now_lr 0.0005/0.0005 | Lambda 0.0197 | Train Loss 0.1723 | Domain Loss 3.0215 | Valid Loss 2.1003 | Train Acc 93.1700| Valid Acc 55.4201
[TRAINER5] Validation acc increase (54.848614 --> 55.420112) in epoch (4).  Saving model ...
[TRAINER5] TestSub: S[21, 22, 23, 24, 25] Epoch  5 Finsh | Now_lr 0.0005/0.0005 | Lambda 0.0245 | Train Loss 0.1407 | Domain Loss 3.0432 | Valid Loss 2.1936 | Train Acc 94.5756| Valid Acc 52.5201
[TRAINER5] TestSub: S[21, 22, 23, 24, 25] Epoch  6 Finsh | Now_lr 0.0005/0.0005 | Lambda 0.0291 | Train Loss 0.1174 | Domain Loss 3.0484 | Valid Loss 2.4455 | Train Acc 95.5210| Valid Acc 54.7665
[TRAINER5] TestSub: S[21, 22, 23, 24, 25] Epoch  7 Finsh | Now_lr 0.0005/0.0005 | Lambda 0.0336 | Train Loss 0.0984 | Domain Loss 3.0837 | Valid Loss 2.5339 | Train Acc 96.3187| Valid Acc 52.4441
[TRAINER5] TestSub: S[21, 22, 23, 24, 25] Epoch  8 Finsh | Now_lr 0.0005/0.0005 | Lambda 0.0380 | Train Loss 0.0854 | Domain Loss 3.0979 | Valid Loss 2.6018 | Train Acc 96.8148| Valid Acc 53.0520
[TRAINER5] TestSub: S[21, 22, 23, 24, 25] Epoch  9 Finsh | Now_lr 0.0005/0.0005 | Lambda 0.0422 | Train Loss 0.0765 | Domain Loss 3.1114 | Valid Loss 2.6932 | Train Acc 97.2027| Valid Acc 51.8057
[TRAINER5] TestSub: S[21, 22, 23, 24, 25] Epoch 10 Finsh | Now_lr 0.0005/0.0005 | Lambda 0.0462 | Train Loss 0.0684 | Domain Loss 3.1316 | Valid Loss 2.8010 | Train Acc 97.5164| Valid Acc 51.0852
[TRAINER5] TestSub: S[21, 22, 23, 24, 25] Epoch 11 Finsh | Now_lr 0.0005/0.0005 | Lambda 0.0501 | Train Loss 0.0607 | Domain Loss 3.1473 | Valid Loss 2.8409 | Train Acc 97.8143| Valid Acc 52.1310
[TRAINER5] TestSub: S[21, 22, 23, 24, 25] Epoch 12 Finsh | Now_lr 0.0005/0.0005 | Lambda 0.0537 | Train Loss 0.0544 | Domain Loss 3.1518 | Valid Loss 2.9220 | Train Acc 98.1019| Valid Acc 50.5259
[TRAINER5] TestSub: S[21, 22, 23, 24, 25] Epoch 13 Finsh | Now_lr 0.0005/0.0005 | Lambda 0.0572 | Train Loss 0.0498 | Domain Loss 3.1614 | Valid Loss 2.9662 | Train Acc 98.2168| Valid Acc 50.9910
[TRAINER5] TestSub: S[21, 22, 23, 24, 25] Epoch 14 Finsh | Now_lr 0.0005/0.0005 | Lambda 0.0604 | Train Loss 0.0458 | Domain Loss 3.1588 | Valid Loss 3.1343 | Train Acc 98.3895| Valid Acc 50.9150
[TRAINER5] TestSub: S[21, 22, 23, 24, 25] Epoch 15 Finsh | Now_lr 0.0005/0.0005 | Lambda 0.0635 | Train Loss 0.0433 | Domain Loss 3.1624 | Valid Loss 3.2036 | Train Acc 98.4880| Valid Acc 50.5989
[TRAINER5] TestSub: S[21, 22, 23, 24, 25] Epoch 16 Finsh | Now_lr 0.0005/0.0005 | Lambda 0.0664 | Train Loss 0.0399 | Domain Loss 3.1755 | Valid Loss 3.2583 | Train Acc 98.6041| Valid Acc 51.8270
[TRAINER5] TestSub: S[21, 22, 23, 24, 25] Epoch 17 Finsh | Now_lr 0.0005/0.0005 | Lambda 0.0691 | Train Loss 0.0382 | Domain Loss 3.1709 | Valid Loss 3.4165 | Train Acc 98.6783| Valid Acc 52.6325
[TRAINER5] TestSub: S[21, 22, 23, 24, 25] Epoch 18 Finsh | Now_lr 0.0005/0.0005 | Lambda 0.0716 | Train Loss 0.0345 | Domain Loss 3.1743 | Valid Loss 3.5264 | Train Acc 98.7913| Valid Acc 49.2856
[TRAINER5] TestSub: S[21, 22, 23, 24, 25] Epoch 19 Finsh | Now_lr 0.0005/0.0005 | Lambda 0.0740 | Train Loss 0.0338 | Domain Loss 3.1734 | Valid Loss 3.6468 | Train Acc 98.8138| Valid Acc 50.5776
[TRAINER5] TestSub: S[21, 22, 23, 24, 25] Epoch 20 Finsh | Now_lr 0.0005/0.0005 | Lambda 0.0762 | Train Loss 0.0312 | Domain Loss 3.1754 | Valid Loss 3.7638 | Train Acc 98.9056| Valid Acc 51.0184
[TRAINER5] TestSub: S[21, 22, 23, 24, 25] Epoch 21 Finsh | Now_lr 0.0005/0.0005 | Lambda 0.0782 | Train Loss 0.0292 | Domain Loss 3.1824 | Valid Loss 4.0321 | Train Acc 99.0248| Valid Acc 50.0547
[TRAINER5] TestSub: S[21, 22, 23, 24, 25] Epoch 22 Finsh | Now_lr 0.0005/0.0005 | Lambda 0.0800 | Train Loss 0.0288 | Domain Loss 3.1839 | Valid Loss 4.0686 | Train Acc 99.0108| Valid Acc 52.0063
[TRAINER5] TestSub: S[21, 22, 23, 24, 25] Epoch 23 Finsh | Now_lr 0.0005/0.0005 | Lambda 0.0818 | Train Loss 0.0265 | Domain Loss 3.1831 | Valid Loss 3.9384 | Train Acc 99.0862| Valid Acc 50.1946
[TRAINER5] TestSub: S[21, 22, 23, 24, 25] Epoch 24 Finsh | Now_lr 0.0005/0.0005 | Lambda 0.0834 | Train Loss 0.0253 | Domain Loss 3.1890 | Valid Loss 3.7975 | Train Acc 99.1531| Valid Acc 52.8788
[TRAINER5] TestSub: S[21, 22, 23, 24, 25] Epoch 25 Finsh | Now_lr 0.0005/0.0005 | Lambda 0.0848 | Train Loss 0.0253 | Domain Loss 3.1841 | Valid Loss 3.9931 | Train Acc 99.1494| Valid Acc 50.5289
[TRAINER5] TestSub: S[21, 22, 23, 24, 25] Epoch 26 Finsh | Now_lr 0.0005/0.0005 | Lambda 0.0862 | Train Loss 0.0255 | Domain Loss 3.1864 | Valid Loss 3.9829 | Train Acc 99.1227| Valid Acc 51.4044
[TRAINER5] TestSub: S[21, 22, 23, 24, 25] Epoch 27 Finsh | Now_lr 0.0005/0.0005 | Lambda 0.0874 | Train Loss 0.0235 | Domain Loss 3.1900 | Valid Loss 3.9478 | Train Acc 99.1993| Valid Acc 50.7265
[TRAINER5] TestSub: S[21, 22, 23, 24, 25] Epoch 28 Finsh | Now_lr 0.0005/0.0005 | Lambda 0.0885 | Train Loss 0.0204 | Domain Loss 3.1962 | Valid Loss 4.1253 | Train Acc 99.3075| Valid Acc 51.5230
[TRAINER5] TestSub: S[21, 22, 23, 24, 25] Epoch 29 Finsh | Now_lr 0.0005/0.0005 | Lambda 0.0896 | Train Loss 0.0216 | Domain Loss 3.1930 | Valid Loss 3.8917 | Train Acc 99.2789| Valid Acc 49.8632
[TRAINER5] TestSub: S[21, 22, 23, 24, 25] Epoch 30 Finsh | Now_lr 0.0005/0.0005 | Lambda 0.0905 | Train Loss 0.0207 | Domain Loss 3.1927 | Valid Loss 3.8118 | Train Acc 99.3087| Valid Acc 50.1186
[TRAINER5] TestSub: 4] │    │    └─GELU: 3-3                    --
[TRAINER4] │    └─Sequential: 2-2                   --
[TRAINER4] │    │    └─Conv2d: 3-4                  32,784
[TRAINER4] │    │    └─BatchNorm2d: 3-5             32
[TRAINER4] │    │    └─GELU: 3-6                    --
[TRAINER4] │    └─PositionalEmbedding: 2-3          --
[TRAINER4] ├─Flatten: 1-2                           --
[TRAINER4] ├─Linear: 1-3                            18
[TRAINER4] ├─AttnRefine: 1-4                        --
[TRAINER4] │    └─MyAttention: 2-4                  --
[TRAINER4] │    │    └─Attention: 3-7               800
[TRAINER4] │    └─Refine: 2-5                       --
[TRAINER4] │    │    └─Conv1d: 3-8                  784
[TRAINER4] │    │    └─BatchNorm1d: 3-9             32
[TRAINER4] │    │    └─ELU: 3-10                    --
[TRAINER4] │    │    └─MaxPool1d: 3-11              --
[TRAINER4] │    └─AdaptiveAvgPool1d: 2-6            --
[TRAINER4] │    └─Linear: 2-7                       68
[TRAINER4] │    └─Flatten: 2-8                      --
[TRAINER4] ├─AttnRefine: 1-5                        --
[TRAINER4] │    └─MyAttention: 2-9                  --
[TRAINER4] │    │    └─Attention: 3-12              800
[TRAINER4] │    └─Refine: 2-10                      --
[TRAINER4] │    │    └─Conv1d: 3-13                 784
[TRAINER4] │    │    └─BatchNorm1d: 3-14            32
[TRAINER4] │    │    └─ELU: 3-15                    --
[TRAINER4] │    │    └─MaxPool1d: 3-16              --
[TRAINER4] │    └─AdaptiveAvgPool1d: 2-11           --
[TRAINER4] │    └─Linear: 2-12                      68
[TRAINER4] │    └─Flatten: 2-13                     --
[TRAINER4] ├─GradientReversalLayer: 1-6             --
[TRAINER4] ├─SubjectDiscriminator: 1-7              --
[TRAINER4] │    └─Sequential: 2-14                  --
[TRAINER4] │    │    └─Linear: 3-17                 2,304
[TRAINER4] │    │    └─ReLU: 3-18                   --
[TRAINER4] │    │    └─Dropout: 3-19                --
[TRAINER4] │    │    └─Linear: 3-20                 32,896
[TRAINER4] │    │    └─ReLU: 3-21                   --
[TRAINER4] │    │    └─Dropout: 3-22                --
[TRAINER4] │    │    └─Linear: 3-23                 3,870
[TRAINER4] =================================================================
[TRAINER4] Total params: 75,976
[TRAINER4] Trainable params: 75,976
[TRAINER4] Non-trainable params: 0
[TRAINER4] =================================================================
[TRAINER4] TestSub: S[26, 27, 28, 29, 30] Epoch  1 Finsh | Now_lr 0.0008/0.0008 | Lambda 0.0060 | Train Loss 0.4675 | Domain Loss 3.0328 | Valid Loss 1.5289 | Train Acc 76.1140| Valid Acc 52.2509
[TRAINER4] Validation acc increase (0.000000 --> 52.250853) in epoch (1).  Saving model ...
[TRAINER4] TestSub: S[26, 27, 28, 29, 30] Epoch  2 Finsh | Now_lr 0.0008/0.0008 | Lambda 0.0120 | Train Loss 0.3147 | Domain Loss 3.0206 | Valid Loss 1.7935 | Train Acc 86.2461| Valid Acc 49.9665
[TRAINER4] TestSub: S[26, 27, 28, 29, 30] Epoch  3 Finsh | Now_lr 0.0008/0.0008 | Lambda 0.0179 | Train Loss 0.2632 | Domain Loss 3.0450 | Valid Loss 1.9405 | Train Acc 88.8633| Valid Acc 51.2122
[TRAINER4] TestSub: S[26, 27, 28, 29, 30] Epoch  4 Finsh | Now_lr 0.0008/0.0008 | Lambda 0.0237 | Train Loss 0.2261 | Domain Loss 3.0818 | Valid Loss 2.2379 | Train Acc 90.6633| Valid Acc 50.9259
[TRAINER4] TestSub: S[26, 27, 28, 29, 30] Epoch  5 Finsh | Now_lr 0.0008/0.0008 | Lambda 0.0294 | Train Loss 0.1869 | Domain Loss 3.1054 | Valid Loss 2.4897 | Train Acc 92.5429| Valid Acc 49.4731
[TRAINER4] TestSub: S[26, 27, 28, 29, 30] Epoch  6 Finsh | Now_lr 0.0008/0.0008 | Lambda 0.0350 | Train Loss 0.1521 | Domain Loss 3.1202 | Valid Loss 2.6913 | Train Acc 94.0845| Valid Acc 49.8142
[TRAINER4] TestSub: S[26, 27, 28, 29, 30] Epoch  7 Finsh | Now_lr 0.0008/0.0008 | Lambda 0.0404 | Train Loss 0.1280 | Domain Loss 3.1303 | Valid Loss 2.7118 | Train Acc 95.1091| Valid Acc 50.5939
[TRAINER4] TestSub: S[26, 27, 28, 29, 30] Epoch  8 Finsh | Now_lr 0.0008/0.0008 | Lambda 0.0456 | Train Loss 0.1105 | Domain Loss 3.1426 | Valid Loss 2.6866 | Train Acc 95.8771| Valid Acc 50.3381
[TRAINER4] TestSub: S[26, 27, 28, 29, 30] Epoch  9 Finsh | Now_lr 0.0008/0.0008 | Lambda 0.0506 | Train Loss 0.0981 | Domain Loss 3.1526 | Valid Loss 3.0063 | Train Acc 96.3210| Valid Acc 48.5685
[TRAINER4] TestSub: S[26, 27, 28, 29, 30] Epoch 10 Finsh | Now_lr 0.0008/0.0008 | Lambda 0.0555 | Train Loss 0.0853 | Domain Loss 3.1625 | Valid Loss 2.9815 | Train Acc 96.8744| Valid Acc 51.9981
[TRAINER4] TestSub: S[26, 27, 28, 29, 30] Epoch 11 Finsh | Now_lr 0.0008/0.0008 | Lambda 0.0601 | Train Loss 0.0767 | Domain Loss 3.1700 | Valid Loss 2.9232 | Train Acc 97.1876| Valid Acc 50.4843
[TRAINER4] TestSub: S[26, 27, 28, 29, 30] Epoch 12 Finsh | Now_lr 0.0008/0.0008 | Lambda 0.0644 | Train Loss 0.0700 | Domain Loss 3.1775 | Valid Loss 2.8135 | Train Acc 97.4752| Valid Acc 50.5330
[TRAINER4] TestSub: S[26, 27, 28, 29, 30] Epoch 13 Finsh | Now_lr 0.0008/0.0008 | Lambda 0.0686 | Train Loss 0.0639 | Domain Loss 3.1841 | Valid Loss 3.1981 | Train Acc 97.7203| Valid Acc 49.1502
[TRAINER4] TestSub: S[26, 27, 28, 29, 30] Epoch 14 Finsh | Now_lr 0.0008/0.0008 | Lambda 0.0725 | Train Loss 0.0602 | Domain Loss 3.1871 | Valid Loss 3.1103 | Train Acc 97.8607| Valid Acc 51.8793
[TRAINER4] TestSub: S[26, 27, 28, 29, 30] Epoch 15 Finsh | Now_lr 0.0008/0.0008 | Lambda 0.0762 | Train Loss 0.0534 | Domain Loss 3.1924 | Valid Loss 3.2663 | Train Acc 98.0900| Valid Acc 50.1614
[TRAINER4] TestSub: S[26, 27, 28, 29, 30] Epoch 16 Finsh | Now_lr 0.0008/0.0008 | Lambda 0.0797 | Train Loss 0.0512 | Domain Loss 3.1946 | Valid Loss 3.2586 | Train Acc 98.1879| Valid Acc 50.6609
[TRAINER4] TestSub: S[26, 27, 28, 29, 30] Epoch 17 Finsh | Now_lr 0.0008/0.0008 | Lambda 0.0829 | Train Loss 0.0475 | Domain Loss 3.1982 | Valid Loss 3.4826 | Train Acc 98.3399| Valid Acc 50.6153
[TRAINER4] TestSub: S[26, 27, 28, 29, 30] Epoch 18 Finsh | Now_lr 0.0008/0.0008 | Lambda 0.0860 | Train Loss 0.0459 | Domain Loss 3.2007 | Valid Loss 3.3488 | Train Acc 98.3636| Valid Acc 51.6600
[TRAINER4] TestSub: S[26, 27, 28, 29, 30] Epoch 19 Finsh | Now_lr 0.0008/0.0008 | Lambda 0.0888 | Train Loss 0.0425 | Domain Loss 3.2022 | Valid Loss 3.2301 | Train Acc 98.5138| Valid Acc 51.4864
[TRAINER4] TestSub: S[26, 27, 28, 29, 30] Epoch 20 Finsh | Now_lr 0.0008/0.0008 | Lambda 0.0914 | Train Loss 0.0383 | Domain Loss 3.2042 | Valid Loss 3.5645 | Train Acc 98.6336| Valid Acc 50.8163
[TRAINER4] TestSub: S[26, 27, 28, 29, 30] Epoch 21 Finsh | Now_lr 0.0008/0.0008 | Lambda 0.0938 | Train Loss 0.0383 | Domain Loss 3.2046 | Valid Loss 3.8653 | Train Acc 98.6306| Valid Acc 50.2680
[TRAINER4] TestSub: S[26, 27, 28, 29, 30] Epoch 22 Finsh | Now_lr 0.0008/0.0008 | Lambda 0.0961 | Train Loss 0.0347 | Domain Loss 3.2073 | Valid Loss 4.1584 | Train Acc 98.7887| Valid Acc 50.0091
[TRAINER4] TestSub: S[26, 27, 28, 29, 30] Epoch 23 Finsh | Now_lr 0.0008/0.0008 | Lambda 0.0981 | Train Loss 0.0348 | Domain Loss 3.2092 | Valid Loss 3.8969 | Train Acc 98.8130| Valid Acc 49.2538
[TRAINER4] TestSub: S[26, 27, 28, 29, 30] Epoch 24 Finsh | Now_lr 0.0008/0.0008 | Lambda 0.1000 | Train Loss 0.0327 | Domain Loss 3.2103 | Valid Loss 3.8111 | Train Acc 98.8750| Valid Acc 49.9909
[TRAINER4] TestSub: S[26, 27, 28, 29, 30] Epoch 25 Finsh | Now_lr 0.0008/0.0008 | Lambda 0.1018 | Train Loss 0.0313 | Domain Loss 3.2108 | Valid Loss 4.0541 | Train Acc 98.9091| Valid Acc 48.7847
[TRAINER4] TestSub: S[26, 27, 28, 29, 30] Epoch 26 Finsh | Now_lr 0.0008/0.0008 | Lambda 0.1034 | Train Loss 0.0308 | Domain Loss 3.2117 | Valid Loss 4.1252 | Train Acc 98.9486| Valid Acc 49.6315
[TRAINER4] TestSub: S[26, 27, 28, 29, 30] Epoch 27 Finsh | Now_lr 0.0008/0.0008 | Lambda 0.1049 | Train Loss 0.0294 | Domain Loss 3.2120 | Valid Loss 4.3062 | Train Acc 99.0191| Valid Acc 49.3908
[TRAINER4] TestSub: S[26, 27, 28, 29, 30] Epoch 28 Finsh | Now_lr 0.0008/0.0008 | Lambda 0.1062 | Train Loss 0.0297 | Domain Loss 3.2132 | Valid Loss 4.2684 | Train Acc 99.0137| Valid Acc 49.2690
[TRAINER4] TestSub: S[26, 27, 28, 29, 30] Epoch 29 Finsh | Now_lr 0.0008/0.0008 | Lambda 0.1075 | Train Loss 0.0276 | Domain Loss 3.2131 | Valid Loss 4.5262 | Train Acc 99.0307| Valid Acc 50.1614
[TRAINER4] TestSub: S[26, 27, 28, 29, 30] Epoch 30 Finsh | Now_lr 0.0008/0.0008 | Lambda 0.1086 | Train Loss 0.0261 | Domain Loss 3.2137 | Valid Loss 4.5814 | Train Acc 99.1177| Valid Acc 48.9827
[TRAINER4] TestSub: S[26, 27, 28, 29, 30] Epoch 31 Finsh | Now_lr 0.0008/0.0008 | Lambda 0.1097 | Train Loss 0.0270 | Domain Loss 3.2148 | Valid Loss 4.4532 | Train Acc 99.0854| Valid Acc 49.1167
[TRAINER4] Early stopping triggered after 31 epochs (30 epochs without improvement)
[TRAINER4] --------------------------------------------------
[TRAINER4] Test_Subject :S[26, 27, 28, 29, 30] |Best epoch:1 | Test Loss:1.5289 | Best Acc 52.2509 | Savemodel Acc 52.2509
[TRAINER4] --------------------------------------------------
[TRAINER4] lr:0.0008 -> bs:96
[TRAINER4] 6-Fold Cross Subject Accuracies: [54.48038499025342, 54.71186647173489, 53.05190058479532, 50.74926900584795, 52.30872319688109, 52.250852826510716]
[TRAINER4] Mean Accuracy over 6 folds: 52.9255
[TRAINER4] ============================================================================================================
[TRAINER4] end time: 25-10-11-06:06:55
S[21, 22, 23, 24, 25] Epoch 31 Finsh | Now_lr 0.0005/0.0005 | Lambda 0.0914 | Train Loss 0.0204 | Domain Loss 3.1946 | Valid Loss 4.0063 | Train Acc 99.3136| Valid Acc 50.4043
[TRAINER5] TestSub: S[21, 22, 23, 24, 25] Epoch 32 Finsh | Now_lr 0.0005/0.0005 | Lambda 0.0922 | Train Loss 0.0198 | Domain Loss 3.1955 | Valid Loss 3.9093 | Train Acc 99.3160| Valid Acc 51.7206
[TRAINER5] TestSub: S[21, 22, 23, 24, 25] Epoch 33 Finsh | Now_lr 0.0005/0.0005 | Lambda 0.0929 | Train Loss 0.0181 | Domain Loss 3.1949 | Valid Loss 4.0545 | Train Acc 99.3841| Valid Acc 51.3011
[TRAINER5] TestSub: S[21, 22, 23, 24, 25] Epoch 34 Finsh | Now_lr 0.0005/0.0005 | Lambda 0.0935 | Train Loss 0.0182 | Domain Loss 3.1992 | Valid Loss 4.0525 | Train Acc 99.4024| Valid Acc 52.0732
[TRAINER5] Early stopping triggered after 34 epochs (30 epochs without improvement)
[TRAINER5] --------------------------------------------------
[TRAINER5] Test_Subject :S[21, 22, 23, 24, 25] |Best epoch:4 | Test Loss:2.1003 | Best Acc 55.4201 | Savemodel Acc 55.4201
[TRAINER5] --------------------------------------------------
[TRAINER5] 
[TRAINER5] ========== Fold 6 ==========
[TRAINER5] Train IDs: [1, 2, 3, 4, 5, 6, 7, 8, 9, 10, 11, 12, 13, 14, 15, 16, 17, 18, 19, 20, 21, 22, 23, 24, 25]
[TRAINER5] Val IDs:   [26, 27, 28, 29, 30]
[TRAINER5] train_data_shape(164500, 32, 128),val_data_shape(32900, 32, 128)
[TRAINER5] =================================================================
[TRAINER5] Layer (type:depth-idx)                   Param #
[TRAINER5] =================================================================
[TRAINER5] DARNet                                   --
[TRAINER5] ├─TokenEmbedding: 1-1                    --
[TRAINER5] │    └─Sequential: 2-1                   --
[TRAINER5] │    │    └─Conv2d: 3-1                  576
[TRAINER5] │    │    └─BatchNorm2d: 3-2             128
[TRAINER5] │    │    └─GELU: 3-3                    --
[TRAINER5] │    └─Sequential: 2-2                   --
[TRAINER5] │    │    └─Conv2d: 3-4                  32,784
[TRAINER5] │    │    └─BatchNorm2d: 3-5             32
[TRAINER5] │    │    └─GELU: 3-6                    --
[TRAINER5] │    └─PositionalEmbedding: 2-3          --
[TRAINER5] ├─Flatten: 1-2                           --
[TRAINER5] ├─Linear: 1-3                            18
[TRAINER5] ├─AttnRefine: 1-4                        --
[TRAINER5] │    └─MyAttention: 2-4                  --
[TRAINER5] │    │    └─Attention: 3-7               800
[TRAINER5] │    └─Refine: 2-5                       --
[TRAINER5] │    │    └─Conv1d: 3-8                  784
[TRAINER5] │    │    └─BatchNorm1d: 3-9             32
[TRAINER5] │    │    └─ELU: 3-10                    --
[TRAINER5] │    │    └─MaxPool1d: 3-11              --
[TRAINER5] │    └─AdaptiveAvgPool1d: 2-6            --
[TRAINER5] │    └─Linear: 2-7                       68
[TRAINER5] │    └─Flatten: 2-8                      --
[TRAINER5] ├─AttnRefine: 1-5                        --
[TRAINER5] │    └─MyAttention: 2-9                  --
[TRAINER5] │    │    └─Attention: 3-12              800
[TRAINER5] │    └─Refine: 2-10                      --
[TRAINER5] │    │    └─Conv1d: 3-13                 784
[TRAINER5] │    │    └─BatchNorm1d: 3-14            32
[TRAINER5] │    │    └─ELU: 3-15                    --
[TRAINER5] │    │    └─MaxPool1d: 3-16              --
[TRAINER5] │    └─AdaptiveAvgPool1d: 2-11           --
[TRAINER5] │    └─Linear: 2-12                      68
[TRAINER5] │    └─Flatten: 2-13                     --
[TRAINER5] ├─GradientReversalLayer: 1-6             --
[TRAINER5] ├─SubjectDiscriminator: 1-7              --
[TRAINER5] │    └─Sequential: 2-14                  --
[TRAINER5] │    │    └─Linear: 3-17                 2,304
[TRAINER5] │    │    └─ReLU: 3-18                   --
[TRAINER5] │    │    └─Dropout: 3-19                --
[TRAINER5] │    │    └─Linear: 3-20                 32,896
[TRAINER5] │    │    └─ReLU: 3-21                   --
[TRAINER5] │    │    └─Dropout: 3-22                --
[TRAINER5] │    │    └─Linear: 3-23                 3,870
[TRAINER5] =================================================================
[TRAINER5] Total params: 75,976
[TRAINER5] Trainable params: 75,976
[TRAINER5] Non-trainable params: 0
[TRAINER5] =================================================================
[TRAINER5] TestSub: S[26, 27, 28, 29, 30] Epoch  1 Finsh | Now_lr 0.0005/0.0005 | Lambda 0.0050 | Train Loss 0.4453 | Domain Loss 3.0556 | Valid Loss 1.4941 | Train Acc 77.3255| Valid Acc 49.7872
[TRAINER5] Validation acc increase (0.000000 --> 49.787208) in epoch (1).  Saving model ...
[TRAINER5] TestSub: S[26, 27, 28, 29, 30] Epoch  2 Finsh | Now_lr 0.0005/0.0005 | Lambda 0.0100 | Train Loss 0.2752 | Domain Loss 2.9574 | Valid Loss 1.7786 | Train Acc 88.3463| Valid Acc 52.0914
[TRAINER5] Validation acc increase (49.787208 --> 52.091440) in epoch (2).  Saving model ...
[TRAINER5] TestSub: S[26, 27, 28, 29, 30] Epoch  3 Finsh | Now_lr 0.0005/0.0005 | Lambda 0.0149 | Train Loss 0.2153 | Domain Loss 2.9574 | Valid Loss 1.9330 | Train Acc 91.3078| Valid Acc 52.1857
[TRAINER5] Validation acc increase (52.091440 --> 52.185676) in epoch (3).  Saving model ...
[TRAINER5] TestSub: S[26, 27, 28, 29, 30] Epoch  4 Finsh | Now_lr 0.0005/0.0005 | Lambda 0.0197 | Train Loss 0.1673 | Domain Loss 3.0105 | Valid Loss 2.2990 | Train Acc 93.4527| Valid Acc 52.0732
[TRAINER5] TestSub: S[26, 27, 28, 29, 30] Epoch  5 Finsh | Now_lr 0.0005/0.0005 | Lambda 0.0245 | Train Loss 0.1310 | Domain Loss 3.0324 | Valid Loss 2.4383 | Train Acc 95.0407| Valid Acc 50.7934
[TRAINER5] TestSub: S[26, 27, 28, 29, 30] Epoch  6 Finsh | Now_lr 0.0005/0.0005 | Lambda 0.0291 | Train Loss 0.1078 | Domain Loss 3.0337 | Valid Loss 2.4262 | Train Acc 96.0135| Valid Acc 49.2066
[TRAINER5] TestSub: S[26, 27, 28, 29, 30] Epoch  7 Finsh | Now_lr 0.0005/0.0005 | Lambda 0.0336 | Train Loss 0.0902 | Domain Loss 3.0654 | Valid Loss 2.5991 | Train Acc 96.7339| Valid Acc 49.0394
[TRAINER5] TestSub: S[26, 27, 28, 29, 30] Epoch  8 Finsh | Now_lr 0.0005/0.0005 | Lambda 0.0380 | Train Loss 0.0786 | Domain Loss 3.0678 | Valid Loss 2.7664 | Train Acc 97.1717| Valid Acc 49.0029
[TRAINER5] TestSub: S[26, 27, 28, 29, 30] Epoch  9 Finsh | Now_lr 0.0005/0.0005 | Lambda 0.0422 | Train Loss 0.0684 | Domain Loss 3.1087 | Valid Loss 2.7580 | Train Acc 97.5426| Valid Acc 49.4346
[TRAINER5] TestSub: S[26, 27, 28, 29, 30] Epoch 10 Finsh | Now_lr 0.0005/0.0005 | Lambda 0.0462 | Train Loss 0.0605 | Domain Loss 3.0998 | Valid Loss 2.7911 | Train Acc 97.8642| Valid Acc 47.1577
[TRAINER5] TestSub: S[26, 27, 28, 29, 30] Epoch 11 Finsh | Now_lr 0.0005/0.0005 | Lambda 0.0501 | Train Loss 0.0565 | Domain Loss 3.1072 | Valid Loss 2.8656 | Train Acc 98.0247| Valid Acc 48.7141
[TRAINER5] TestSub: S[26, 27, 28, 29, 30] Epoch 12 Finsh | Now_lr 0.0005/0.0005 | Lambda 0.0537 | Train Loss 0.0495 | Domain Loss 3.1052 | Valid Loss 2.8889 | Train Acc 98.2733| Valid Acc 47.6684
[TRAINER5] TestSub: S[26, 27, 28, 29, 30] Epoch 13 Finsh | Now_lr 0.0005/0.0005 | Lambda 0.0572 | Train Loss 0.0465 | Domain Loss 3.1098 | Valid Loss 2.9772 | Train Acc 98.3810| Valid Acc 48.0028
[TRAINER5] TestSub: S[26, 27, 28, 29, 30] Epoch 14 Finsh | Now_lr 0.0005/0.0005 | Lambda 0.0604 | Train Loss 0.0437 | Domain Loss 3.1100 | Valid Loss 3.0186 | Train Acc 98.5098| Valid Acc 49.4863
[TRAINER5] TestSub: S[26, 27, 28, 29, 30] Epoch 15 Finsh | Now_lr 0.0005/0.0005 | Lambda 0.0635 | Train Loss 0.0402 | Domain Loss 3.1227 | Valid Loss 2.8831 | Train Acc 98.6314| Valid Acc 50.7873
[TRAINER5] TestSub: S[26, 27, 28, 29, 30] Epoch 16 Finsh | Now_lr 0.0005/0.0005 | Lambda 0.0664 | Train Loss 0.0378 | Domain Loss 3.1467 | Valid Loss 3.3472 | Train Acc 98.7074| Valid Acc 51.2190
[TRAINER5] TestSub: S[26, 27, 28, 29, 30] Epoch 17 Finsh | Now_lr 0.0005/0.0005 | Lambda 0.0691 | Train Loss 0.0348 | Domain Loss 3.1670 Valid Loss 4.0424 | Train Acc 99.5142| Valid Acc 50.8110
[TRAINER2] TestSub: S[21, 22, 23, 24, 25] Epoch 41 Finsh | Now_lr 0.0007/0.0007 | Lambda 0.0774 | Train Loss 0.0161 | Domain Loss 3.1837 | Valid Loss 4.0727 | Train Acc 99.4443| Valid Acc 50.6524
[TRAINER2] TestSub: S[21, 22, 23, 24, 25] Epoch 42 Finsh | Now_lr 0.0007/0.0007 | Lambda 0.0776 | Train Loss 0.0148 | Domain Loss 3.1825 | Valid Loss 3.9629 | Train Acc 99.5252| Valid Acc 50.6037
[TRAINER2] TestSub: S[21, 22, 23, 24, 25] Epoch 43 Finsh | Now_lr 0.0007/0.0007 | Lambda 0.0779 | Train Loss 0.0146 | Domain Loss 3.1835 | Valid Loss 4.1389 | Train Acc 99.5118| Valid Acc 49.9390
[TRAINER2] TestSub: S[21, 22, 23, 24, 25] Epoch 44 Finsh | Now_lr 0.0007/0.0007 | Lambda 0.0781 | Train Loss 0.0139 | Domain Loss 3.1921 | Valid Loss 4.1525 | Train Acc 99.5556| Valid Acc 49.6220
[TRAINER2] TestSub: S[21, 22, 23, 24, 25] Epoch 45 Finsh | Now_lr 0.0007/0.0007 | Lambda 0.0782 | Train Loss 0.0130 | Domain Loss 3.1990 | Valid Loss 4.1928 | Train Acc 99.5726| Valid Acc 50.7683
[TRAINER2] TestSub: S[21, 22, 23, 24, 25] Epoch 46 Finsh | Now_lr 0.0007/0.0007 | Lambda 0.0784 | Train Loss 0.0135 | Domain Loss 3.2030 | Valid Loss 3.9244 | Train Acc 99.5458| Valid Acc 51.1128
[TRAINER2] TestSub: S[21, 22, 23, 24, 25] Epoch 47 Finsh | Now_lr 0.0007/0.0007 | Lambda 0.0786 | Train Loss 0.0126 | Domain Loss 3.1983 | Valid Loss 4.3924 | Train Acc 99.5781| Valid Acc 52.5579
[TRAINER2] Validation acc increase (52.317073 --> 52.557927) in epoch (47).  Saving model ...
[TRAINER2] TestSub: S[21, 22, 23, 24, 25] Epoch 48 Finsh | Now_lr 0.0007/0.0007 | Lambda 0.0787 | Train Loss 0.0129 | Domain Loss 3.1995 | Valid Loss 4.0721 | Train Acc 99.5659| Valid Acc 51.6646
[TRAINER2] TestSub: S[21, 22, 23, 24, 25] Epoch 49 Finsh | Now_lr 0.0007/0.0007 | Lambda 0.0788 | Train Loss 0.0130 | Domain Loss 3.1938 | Valid Loss 4.0770 | Train Acc 99.5641| Valid Acc 51.6829
[TRAINER2] TestSub: S[21, 22, 23, 24, 25] Epoch 50 Finsh | Now_lr 0.0007/0.0007 | Lambda 0.0789 | Train Loss 0.0112 | Domain Loss 3.1968 | Valid Loss 4.0823 | Train Acc 99.6407| Valid Acc 51.0976
[TRAINER2] TestSub: S[21, 22, 23, 24, 25] Epoch 51 Finsh | Now_lr 0.0007/0.0007 | Lambda 0.0790 | Train Loss 0.0116 | Domain Loss 3.1995 | Valid Loss 4.2734 | Train Acc 99.6079| Valid Acc 51.1524
[TRAINER2] TestSub: S[21, 22, 23, 24, 25] Epoch 52 Finsh | Now_lr 0.0007/0.0007 | Lambda 0.0791 | Train Loss 0.0117 | Domain Loss 3.1975 | Valid Loss 4.2025 | Train Acc 99.5975| Valid Acc 50.9970
[TRAINER2] TestSub: S[21, 22, 23, 24, 25] Epoch 53 Finsh | Now_lr 0.0007/0.0007 | Lambda 0.0792 | Train Loss 0.0114 | Domain Loss 3.2007 | Valid Loss 4.4092 | Train Acc 99.6224| Valid Acc 51.7957
[TRAINER2] TestSub: S[21, 22, 23, 24, 25] Epoch 54 Finsh | Now_lr 0.0007/0.0007 | Lambda 0.0793 | Train Loss 0.0120 | Domain Loss 3.2024 | Valid Loss 4.0570 | Train Acc 99.5945| Valid Acc 52.2134
[TRAINER2] TestSub: S[21, 22, 23, 24, 25] Epoch 55 Finsh | Now_lr 0.0007/0.0007 | Lambda 0.0793 | Train Loss 0.0110 | Domain Loss 3.2014 | Valid Loss 4.2445 | Train Acc 99.6316| Valid Acc 51.8872
[TRAINER2] TestSub: S[21, 22, 23, 24, 25] Epoch 56 Finsh | Now_lr 0.0007/0.0007 | Lambda 0.0794 | Train Loss 0.0107 | Domain Loss 3.2014 | Valid Loss 4.4582 | Train Acc 99.6462| Valid Acc 51.0640
[TRAINER2] TestSub: S[21, 22, 23, 24, 25] Epoch 57 Finsh | Now_lr 0.0007/0.0007 | Lambda 0.0795 | Train Loss 0.0104 | Domain Loss 3.2045 | Valid Loss 4.0957 | Train Acc 99.6455| Valid Acc 51.1280
[TRAINER2] TestSub: S[21, 22, 23, 24, 25] Epoch 58 Finsh | Now_lr 0.0007/0.0007 | Lambda 0.0795 | Train Loss 0.0105 | Domain Loss 3.2029 | Valid Loss 4.1712 | Train Acc 99.6687| Valid Acc 52.1921
[TRAINER2] TestSub: S[21, 22, 23, 24, 25] Epoch 59 Finsh | Now_lr 0.0007/0.0007 | Lambda 0.0796 | Train Loss 0.0101 | Domain Loss 3.2042 | Valid Loss 4.4152 | Train Acc 99.6820| Valid Acc 50.8262
[TRAINER2] TestSub: S[21, 22, 23, 24, 25] Epoch 60 Finsh | Now_lr 0.0007/0.0007 | Lambda 0.0796 | Train Loss 0.0101 | Domain Loss 3.2049 | Valid Loss 4.5241 | Train Acc 99.6535| Valid Acc 51.5793
[TRAINER2] TestSub: S[21, 22, 23, 24, 25] Epoch 61 Finsh | Now_lr 0.0007/0.0007 | Lambda 0.0796 | Train Loss 0.0094 | Domain Loss 3.2050 | Valid Loss 4.4447 | Train Acc 99.6662| Valid Acc 51.8476
[TRAINER2] TestSub: S[21, 22, 23, 24, 25] Epoch 62 Finsh | Now_lr 0.0007/0.0007 | Lambda 0.0797 | Train Loss 0.0097 | Domain Loss 3.2070 | Valid Loss 4.4548 | Train Acc 99.6711| Valid Acc 51.4024
[TRAINER2] TestSub: S[21, 22, 23, 24, 25] Epoch 63 Finsh | Now_lr 0.0007/0.0007 | Lambda 0.0797 | Train Loss 0.0109 | Domain Loss 3.2044 | Valid Loss 4.0629 | Train Acc 99.6352| Valid Acc 52.3506
[TRAINER2] TestSub: S[21, 22, 23, 24, 25] Epoch 64 Finsh | Now_lr 0.0007/0.0007 | Lambda 0.0797 | Train Loss 0.0092 | Domain Loss 3.2036 | Valid Loss 4.4259 | Train Acc 99.6839| Valid Acc 51.6646
[TRAINER2] TestSub: S[21, 22, 23, 24, 25] Epoch 65 Finsh | Now_lr 0.0007/0.0007 | Lambda 0.0798 | Train Loss 0.0092 | Domain Loss 3.2062 | Valid Loss 4.1614 | Train Acc 99.7039| Valid Acc 53.0030
[TRAINER2] Validation acc increase (52.557927 --> 53.003049) in epoch (65).  Saving model ...
[TRAINER2] TestSub: S[21, 22, 23, 24, 25] Epoch 66 Finsh | Now_lr 0.0007/0.0007 | Lambda 0.0798 | Train Loss 0.0095 | Domain Loss 3.2085 | Valid Loss 4.3681 | Train Acc 99.6893| Valid Acc 52.6616
[TRAINER2] TestSub: S[21, 22, 23, 24, 25] Epoch 67 Finsh | Now_lr 0.0007/0.0007 | Lambda 0.0798 | Train Loss 0.0094 | Domain Loss 3.2070 | Valid Loss 4.1727 | Train Acc 99.6869| Valid Acc 52.5976
[TRAINER2] TestSub: S[21, 22, 23, 24, 25] Epoch 68 Finsh | Now_lr 0.0007/0.0007 | Lambda 0.0798 | Train Loss 0.0082 | Domain Loss 3.2065 | Valid Loss 4.0980 | Train Acc 99.7179| Valid Acc 51.9756
[TRAINER2] TestSub: S[21, 22, 23, 24, 25] Epoch 69 Finsh | Now_lr 0.0007/0.0007 | Lambda 0.0798 | Train Loss 0.0087 | Domain Loss 3.2078 | Valid Loss 4.3059 | Train Acc 99.7228| Valid Acc 52.2256
[TRAINER2] TestSub: S[21, 22, 23, 24, 25] Epoch 70 Finsh | Now_lr 0.0007/0.0007 | Lambda 0.0799 | Train Loss 0.0083 | Domain Loss 3.2085 | Valid Loss 3.8912 | Train Acc 99.7374| Valid Acc 53.9970
[TRAINER2] Validation acc increase (53.003049 --> 53.996951) in epoch (70).  Saving model ...
[TRAINER2] TestSub: S[21, 22, 23, 24, 25] Epoch 71 Finsh | Now_lr 0.0007/0.0007 | Lambda 0.0799 | Train Loss 0.0089 | Domain Loss 3.2078 | Valid Loss 4.0188 | Train Acc 99.7057| Valid Acc 53.6982
[TRAINER2] TestSub: S[21, 22, 23, 24, 25] Epoch 72 Finsh | Now_lr 0.0007/0.0007 | Lambda 0.0799 | Train Loss 0.0085 | Domain Loss 3.2070 | Valid Loss 4.3284 | Train Acc 99.7246| Valid Acc 52.0427
[TRAINER2] TestSub: S[21, 22, 23, 24, 25] Epoch 73 Finsh | Now_lr 0.0007/0.0007 | Lambda 0.0799 | Train Loss 0.0083 | Domain Loss 3.2075 | Valid Loss 4.4840 | Train Acc 99.7422| Valid Acc 50.9848
[TRAINER2] TestSub: S[21, 22, 23, 24, 25] Epoch 74 Finsh | Now_lr 0.0007/0.0007 | Lambda 0.0799 | Train Loss 0.0082 | Domain Loss 3.2082 | Valid Loss 4.5402 | Train Acc 99.7276| Valid Acc 53.2317
[TRAINER2] TestSub: S[21, 22, 23, 24, 25] Epoch 75 Finsh | Now_lr 0.0007/0.0007 | Lambda 0.0799 | Train Loss 0.0084 | Domain Loss 3.2090 | Valid Loss 4.2393 | Train Acc 99.7331| Valid Acc 51.7165
[TRAINER2] TestSub: S[21, 22, 23, 24, 25] Epoch 76 Finsh | Now_lr 0.0007/0.0007 | Lambda 0.0799 | Train Loss 0.0075 | Domain Loss 3.2095 | Valid Loss 4.3966 | Train Acc 99.7526| Valid Acc 53.9543
[TRAINER2] TestSub: S[21, 22, 23, 24, 25] Epoch 77 Finsh | Now_lr 0.0007/0.0007 | Lambda 0.0799 | Train Loss 0.0078 | Domain Loss 3.2077 | Valid Loss 4.6145 | Train Acc 99.7349| Valid Acc 52.2348
[TRAINER2] TestSub: S[21, 22, 23, 24, 25] Epoch 78 Finsh | Now_lr 0.0007/0.0007 | Lambda 0.0799 | Train Loss 0.0070 | Domain Loss 3.2101 | Valid Loss 4.6355 | Train Acc 99.7811| Valid Acc 53.5549
[TRAINER2] TestSub: S[21, 22, 23, 24, 25] Epoch 79 Finsh | Now_lr 0.0007/0.0007 | Lambda 0.0799 | Train Loss 0.0079 | Domain Loss 3.2097 | Valid Loss 4.4027 | Train Acc 99.7556| Valid Acc 52.6189
[TRAINER2] TestSub: S[21, 22, 23, 24, 25] Epoch 80 Finsh | Now_lr 0.0007/0.0007 | Lambda 0.0799 | Train Loss 0.0078 | Domain Loss 3.2100 | Valid Loss 4.1853 | Train Acc 99.7659| Valid Acc 53.9177
[TRAINER2] T Lambda 0.0367 | Train Loss 0.2527 | Domain Loss 3.1444 | Valid Loss 1.6967 | Train Acc 89.3963| Valid Acc 48.4770
[TRAINER3] TestSub: S[21, 22, 23, 24, 25] Epoch  6 Finsh | Now_lr 0.0100/0.0100 | Lambda 0.0437 | Train Loss 0.2458 | Domain Loss 3.1598 | Valid Loss 1.4656 | Train Acc 89.7574| Valid Acc 53.0368
[TRAINER3] Validation acc increase (49.480180 --> 53.036843) in epoch (6).  Saving model ...
[TRAINER3] TestSub: S[21, 22, 23, 24, 25] Epoch  7 Finsh | Now_lr 0.0100/0.0100 | Lambda 0.0505 | Train Loss 0.2358 | Domain Loss 3.1661 | Valid Loss 1.5246 | Train Acc 90.2851| Valid Acc 52.4532
[TRAINER3] TestSub: S[21, 22, 23, 24, 25] Epoch  8 Finsh | Now_lr 0.0100/0.0100 | Lambda 0.0570 | Train Loss 0.2291 | Domain Loss 3.1697 | Valid Loss 1.6610 | Train Acc 90.5198| Valid Acc 53.7482
[TRAINER3] Validation acc increase (53.036843 --> 53.748176) in epoch (8).  Saving model ...
[TRAINER3] TestSub: S[21, 22, 23, 24, 25] Epoch  9 Finsh | Now_lr 0.0100/0.0100 | Lambda 0.0633 | Train Loss 0.2264 | Domain Loss 3.1707 | Valid Loss 1.4882 | Train Acc 90.7162| Valid Acc 54.7696
[TRAINER3] Validation acc increase (53.748176 --> 54.769577) in epoch (9).  Saving model ...
[TRAINER3] TestSub: S[21, 22, 23, 24, 25] Epoch 10 Finsh | Now_lr 0.0100/0.0100 | Lambda 0.0693 | Train Loss 0.2184 | Domain Loss 3.1721 | Valid Loss 1.5620 | Train Acc 91.1017| Valid Acc 55.4110
[TRAINER3] Validation acc increase (54.769577 --> 55.410992) in epoch (10).  Saving model ...
[TRAINER3] TestSub: S[21, 22, 23, 24, 25] Epoch 11 Finsh | Now_lr 0.0100/0.0100 | Lambda 0.0751 | Train Loss 0.2127 | Domain Loss 3.1756 | Valid Loss 1.5846 | Train Acc 91.3813| Valid Acc 54.8334
[TRAINER3] TestSub: S[21, 22, 23, 24, 25] Epoch 12 Finsh | Now_lr 0.0100/0.0100 | Lambda 0.0806 | Train Loss 0.2062 | Domain Loss 3.1786 | Valid Loss 1.5929 | Train Acc 91.6646| Valid Acc 53.9336
[TRAINER3] TestSub: S[21, 22, 23, 24, 25] Epoch 13 Finsh | Now_lr 0.0100/0.0100 | Lambda 0.0858 | Train Loss 0.1966 | Domain Loss 3.1797 | Valid Loss 1.4847 | Train Acc 92.0173| Valid Acc 56.1831
[TRAINER3] Validation acc increase (55.410992 --> 56.183123) in epoch (13).  Saving model ...
[TRAINER3] TestSub: S[21, 22, 23, 24, 25] Epoch 14 Finsh | Now_lr 0.0100/0.0100 | Lambda 0.0907 | Train Loss 0.1874 | Domain Loss 3.1812 | Valid Loss 1.7364 | Train Acc 92.5505| Valid Acc 54.6845
[TRAINER3] TestSub: S[21, 22, 23, 24, 25] Epoch 15 Finsh | Now_lr 0.0100/0.0100 | Lambda 0.0953 | Train Loss 0.1770 | Domain Loss 3.1857 | Valid Loss 1.5354 | Train Acc 92.9311| Valid Acc 56.4324
[TRAINER3] Validation acc increase (56.183123 --> 56.432393) in epoch (15).  Saving model ...
[TRAINER3] TestSub: S[21, 22, 23, 24, 25] Epoch 16 Finsh | Now_lr 0.0100/0.0100 | Lambda 0.0996 | Train Loss 0.1647 | Domain Loss 3.1859 | Valid Loss 1.6668 | Train Acc 93.5694| Valid Acc 56.5449
[TRAINER3] Validation acc increase (56.432393 --> 56.544869) in epoch (16).  Saving model ...
[TRAINER3] TestSub: S[21, 22, 23, 24, 25] Epoch 17 Finsh | Now_lr 0.0100/0.0100 | Lambda 0.1037 | Train Loss 0.1513 | Domain Loss 3.1901 | Valid Loss 1.6985 | Train Acc 94.1057| Valid Acc 56.3898
[TRAINER3] TestSub: S[21, 22, 23, 24, 25] Epoch 18 Finsh | Now_lr 0.0100/0.0100 | Lambda 0.1074 | Train Loss 0.1404 | Domain Loss 3.1924 | Valid Loss 1.9007 | Train Acc 94.5854| Valid Acc 54.4990
[TRAINER3] TestSub: S[21, 22, 23, 24, 25] Epoch 19 Finsh | Now_lr 0.0100/0.0100 | Lambda 0.1110 | Train Loss 0.1294 | Domain Loss 3.1944 | Valid Loss 1.6830 | Train Acc 95.0444| Valid Acc 54.9884
[TRAINER3] TestSub: S[21, 22, 23, 24, 25] Epoch 20 Finsh | Now_lr 0.0100/0.0100 | Lambda 0.1142 | Train Loss 0.1216 | Domain Loss 3.1964 | Valid Loss 1.9243 | Train Acc 95.3617| Valid Acc 55.3228
[TRAINER3] TestSub: S[21, 22, 23, 24, 25] Epoch 21 Finsh | Now_lr 0.0100/0.0100 | Lambda 0.1173 | Train Loss 0.1119 | Domain Loss 3.1992 | Valid Loss 1.9220 | Train Acc 95.7764| Valid Acc 54.2315
[TRAINER3] TestSub: S[21, 22, 23, 24, 25] Epoch 22 Finsh | Now_lr 0.0100/0.0100 | Lambda 0.1201 | Train Loss 0.1105 | Domain Loss 3.2007 | Valid Loss 2.0524 | Train Acc 95.8183| Valid Acc 54.2102
[TRAINER3] TestSub: S[21, 22, 23, 24, 25] Epoch 23 Finsh | Now_lr 0.0100/0.0100 | Lambda 0.1227 | Train Loss 0.1049 | Domain Loss 3.2042 | Valid Loss 1.8307 | Train Acc 96.0463| Valid Acc 56.1831
[TRAINER3] TestSub: S[21, 22, 23, 24, 25] Epoch 24 Finsh | Now_lr 0.0100/0.0100 | Lambda 0.1250 | Train Loss 0.0975 | Domain Loss 3.2060 | Valid Loss 2.0010 | Train Acc 96.3290| Valid Acc 53.1372
[TRAINER3] TestSub: S[21, 22, 23, 24, 25] Epoch 25 Finsh | Now_lr 0.0100/0.0100 | Lambda 0.1272 | Train Loss 0.0956 | Domain Loss 3.2081 | Valid Loss 1.9688 | Train Acc 96.4415| Valid Acc 55.1800
[TRAINER3] TestSub: S[21, 22, 23, 24, 25] Epoch 26 Finsh | Now_lr 0.0100/0.0100 | Lambda 0.1293 | Train Loss 0.0893 | Domain Loss 3.2073 | Valid Loss 2.0857 | Train Acc 96.7230| Valid Acc 55.1374
[TRAINER3] TestSub: S[21, 22, 23, 24, 25] Epoch 27 Finsh | Now_lr 0.0100/0.0100 | Lambda 0.1311 | Train Loss 0.0874 | Domain Loss 3.2091 | Valid Loss 1.9926 | Train Acc 96.7710| Valid Acc 54.1221
[TRAINER3] TestSub: S[21, 22, 23, 24, 25] Epoch 28 Finsh | Now_lr 0.0100/0.0100 | Lambda 0.1328 | Train Loss 0.0864 | Domain Loss 3.2097 | Valid Loss 1.9662 | Train Acc 96.7978| Valid Acc 57.1498
[TRAINER3] Validation acc increase (56.544869 --> 57.149805) in epoch (28).  Saving model ...
[TRAINER3] TestSub: S[21, 22, 23, 24, 25] Epoch 29 Finsh | Now_lr 0.0100/0.0100 | Lambda 0.1344 | Train Loss 0.0842 | Domain Loss 3.2099 | Valid Loss 2.1135 | Train Acc 96.8811| Valid Acc 56.3929
[TRAINER3] TestSub: S[21, 22, 23, 24, 25] Epoch 30 Finsh | Now_lr 0.0100/0.0100 | Lambda 0.1358 | Train Loss 0.0828 | Domain Loss 3.2115 | Valid Loss 2.0571 | Train Acc 96.9413| Valid Acc 56.9066
[TRAINER3] TestSub: S[21, 22, 23, 24, 25] Epoch 31 Finsh | Now_lr 0.0100/0.0100 | Lambda 0.1371 | Train Loss 0.0814 | Domain Loss 3.2109 | Valid Loss 2.2372 | Train Acc 96.9881| Valid Acc 56.4263
[TRAINER3] TestSub: S[21, 22, 23, 24, 25] Epoch 32 Finsh | Now_lr 0.0100/0.0100 | Lambda 0.1383 | Train Loss 0.0809 | Domain Loss 3.2118 | Valid Loss 2.1224 | Train Acc 97.0379| Valid Acc 56.6756
[TRAINER3] TestSub: S[21, 22, 23, 24, 25] Epoch 33 Finsh | Now_lr 0.0100/0.0100 | Lambda 0.1393 | Train Loss 0.0794 | Domain Loss 3.2131 | Valid Loss 2.0719 | Train Acc 97.1249| Valid Acc 55.4627
[TRAINER3] TestSub: S[21, 22, 23, 24, 25] Epoch 34 Finsh | Now_lr 0.0100/0.0100 | Lambda 0.1403 | Train Loss 0.0791 | Domain Loss 3.2132 | Valid Loss 1.9568 | Train Acc 97.1224| Valid Acc 55.6542
[TRAINER3] TestSub: S[21, 22, 23, 24, 25] Epoch 35 Finsh | Now_lr 0.0100/0.0100 | Lambda 0.1412 | Train Loss 0.0770 | Domain Loss 3.2121 | Valid Loss 2.1300 | Train Acc 97.1881| Valid Acc 55.0523
[TRAINER3] TestSub: S[21, 22, 23, 24, 25] Epoch 36 Finsh | Now_lr 0.0100/0.0100 | Lambda 0.1420 | Train Loss 0.0753 | Domain Loss 3.2122 | Valid Loss 1.9990 | Train Acc 97.2702| Valid Acc 58.2624
[TRAINER3] Validation acc increase (57.149805 --> 58.262403) in epoch (36).  Saving model ...
[TRAINER3] TestSub: S[21, 22, 23, 24, 25] Epoch 37 Finsh | Now_lr 0.0100/0.0100 | Lambda 0.1428 | Train Loss 0.0745 | Domain Loss 3.2137 | Valid Loss 2.1260 | Train Acc 97.3237| Valid Acc 56.1710
[TRAINER3] TestSub: S[21, 22, 23, 24, 25] Epoch 38 Finsh | Now_lr 0.0100/0.0100 | Lambda 0.1434 | Train Loss 0.0758 | Domain Loss 3.2136 | Valid Loss 2.1321 | Train Acc 97.2361| Valid Acc 55.2590
[TRAINER3] TestSub: S[21, 22, 23, 24, 25] Epoch 39 Finsh | Now_lr 0.0100/0.0100 | Lambda 0.1440 | Train Loss 0.0727 | Domain Loss 3.2141 | Valid Loss 2.0804 | Train Acc 97.4155| Valid Acc 56.5661
[TRAINER3] TestSub: S[21, 22, 23, 24, 25] Epoch 40 Finsh | Now_lr 0.0100/0.0100 | Lambda 0.1446 | Train Loss 0.0743 | Domain Loss 3.2146 | Valid Loss 2.0120 | Train Acc 97.3292| Valid Acc 56.9309
[TRAINER3] TestSub: S[21, 22, 23, 24, 25] Epoch 41 Finsh | Now_lr 0.0100/0.0100 | Lambda 0.1451 | Train Loss 0.0721 | Domain Loss 3.2139 | Valid Loss 1.9908 | Train Acc 97.4216| Valid Acc 55.4049
[TRAINER3] TestSub: S[21, 22, 23, 24, 25] Epoch 42 Finsh | Now_lr 0.0100/0.0100 | Lambda 0.1456 | Train Loss 0.0704 | Domain Loss 3.2155 | Valid Loss 2.1015 | Train Acc 97.4641|  | Valid Loss 3.4469 | Train Acc 98.7907| Valid Acc 48.5378
[TRAINER5] TestSub: S[26, 27, 28, 29, 30] Epoch 18 Finsh | Now_lr 0.0005/0.0005 | Lambda 0.0716 | Train Loss 0.0335 | Domain Loss 3.1724 | Valid Loss 3.2003 | Train Acc 98.8406| Valid Acc 50.4803
[TRAINER5] TestSub: S[26, 27, 28, 29, 30] Epoch 19 Finsh | Now_lr 0.0005/0.0005 | Lambda 0.0740 | Train Loss 0.0316 | Domain Loss 3.1710 | Valid Loss 3.4862 | Train Acc 98.9135| Valid Acc 49.5896
[TRAINER5] TestSub: S[26, 27, 28, 29, 30] Epoch 20 Finsh | Now_lr 0.0005/0.0005 | Lambda 0.0762 | Train Loss 0.0303 | Domain Loss 3.1644 | Valid Loss 3.3228 | Train Acc 98.9689| Valid Acc 50.5776
[TRAINER5] TestSub: S[26, 27, 28, 29, 30] Epoch 21 Finsh | Now_lr 0.0005/0.0005 | Lambda 0.0782 | Train Loss 0.0272 | Domain Loss 3.1668 | Valid Loss 3.3284 | Train Acc 99.0801| Valid Acc 50.4712
[TRAINER5] TestSub: S[26, 27, 28, 29, 30] Epoch 22 Finsh | Now_lr 0.0005/0.0005 | Lambda 0.0800 | Train Loss 0.0289 | Domain Loss 3.1708 | Valid Loss 3.2748 | Train Acc 99.0376| Valid Acc 50.7661
[TRAINER5] TestSub: S[26, 27, 28, 29, 30] Epoch 23 Finsh | Now_lr 0.0005/0.0005 | Lambda 0.0818 | Train Loss 0.0257 | Domain Loss 3.1773 | Valid Loss 3.4199 | Train Acc 99.1385| Valid Acc 48.2186
[TRAINER5] TestSub: S[26, 27, 28, 29, 30] Epoch 24 Finsh | Now_lr 0.0005/0.0005 | Lambda 0.0834 | Train Loss 0.0245 | Domain Loss 3.1791 | Valid Loss 3.4795 | Train Acc 99.1744| Valid Acc 49.2887
[TRAINER5] TestSub: S[26, 27, 28, 29, 30] Epoch 25 Finsh | Now_lr 0.0005/0.0005 | Lambda 0.0848 | Train Loss 0.0239 | Domain Loss 3.1755 | Valid Loss 3.3310 | Train Acc 99.2254| Valid Acc 49.3039
[TRAINER5] TestSub: S[26, 27, 28, 29, 30] Epoch 26 Finsh | Now_lr 0.0005/0.0005 | Lambda 0.0862 | Train Loss 0.0227 | Domain Loss 3.1818 | Valid Loss 3.4812 | Train Acc 99.2522| Valid Acc 48.9087
[TRAINER5] TestSub: S[26, 27, 28, 29, 30] Epoch 27 Finsh | Now_lr 0.0005/0.0005 | Lambda 0.0874 | Train Loss 0.0215 | Domain Loss 3.2013 | Valid Loss 3.4778 | Train Acc 99.2583| Valid Acc 50.5259
[TRAINER5] TestSub: S[26, 27, 28, 29, 30] Epoch 28 Finsh | Now_lr 0.0005/0.0005 | Lambda 0.0885 | Train Loss 0.0204 | Domain Loss 3.2046 | Valid Loss 3.5213 | Train Acc 99.3112| Valid Acc 49.9210
[TRAINER5] TestSub: S[26, 27, 28, 29, 30] Epoch 29 Finsh | Now_lr 0.0005/0.0005 | Lambda 0.0896 | Train Loss 0.0192 | Domain Loss 3.2044 | Valid Loss 3.4263 | Train Acc 99.3434| Valid Acc 50.6201
[TRAINER5] TestSub: S[26, 27, 28, 29, 30] Epoch 30 Finsh | Now_lr 0.0005/0.0005 | Lambda 0.0905 | Train Loss 0.0185 | Domain Loss 3.2026 | Valid Loss 3.6142 | Train Acc 99.3987| Valid Acc 49.2370
[TRAINER5] TestSub: S[26, 27, 28, 29, 30] Epoch 31 Finsh | Now_lr 0.0005/0.0005 | Lambda 0.0914 | Train Loss 0.0179 | Domain Loss 3.2035 | Valid Loss 3.5198 | Train Acc 99.4212| Valid Acc 50.2371
[TRAINER5] TestSub: S[26, 27, 28, 29, 30] Epoch 32 Finsh | Now_lr 0.0005/0.0005 | Lambda 0.0922 | Train Loss 0.0183 | Domain Loss 3.1917 | Valid Loss 3.6964 | Train Acc 99.3805| Valid Acc 51.9729
[TRAINER5] TestSub: S[26, 27, 28, 29, 30] Epoch 33 Finsh | Now_lr 0.0005/0.0005 | Lambda 0.0929 | Train Loss 0.0173 | Domain Loss 3.1958 | Valid Loss 3.6752 | Train Acc 99.4279| Valid Acc 51.2312
[TRAINER5] Early stopping triggered after 33 epochs (30 epochs without improvement)
[TRAINER5] --------------------------------------------------
[TRAINER5] Test_Subject :S[26, 27, 28, 29, 30] |Best epoch:3 | Test Loss:1.9330 | Best Acc 52.1857 | Savemodel Acc 52.1857
[TRAINER5] --------------------------------------------------
[TRAINER5] lr:0.0005 -> bs:128
[TRAINER5] 6-Fold Cross Subject Accuracies: [51.860408560311285, 54.02176556420234, 52.0671206225681, 54.22543774319066, 55.42011186770428, 52.18567607003891]
[TRAINER5] Mean Accuracy over 6 folds: 53.2968
[TRAINER5] ============================================================================================================
[TRAINER5] end time: 25-10-11-06:57:15
 50.4469
[TRAINER6] TestSub: S[11, 12, 13, 14, 15] Epoch 34 Finsh | Now_lr 0.0030/0.0030 | Lambda 0.0748 | Train Loss 0.0947 | Domain Loss 3.2041 | Valid Loss 2.1271 | Train Acc 96.5893| Valid Acc 50.8451
[TRAINER6] TestSub: S[11, 12, 13, 14, 15] Epoch 35 Finsh | Now_lr 0.0030/0.0030 | Lambda 0.0753 | Train Loss 0.0955 | Domain Loss 3.2053 | Valid Loss 2.1087 | Train Acc 96.5771| Valid Acc 49.4072
[TRAINER6] TestSub: S[11, 12, 13, 14, 15] Epoch 36 Finsh | Now_lr 0.0030/0.0030 | Lambda 0.0757 | Train Loss 0.0950 | Domain Loss 3.2072 | Valid Loss 2.0798 | Train Acc 96.5820| Valid Acc 50.4347
[TRAINER6] TestSub: S[11, 12, 13, 14, 15] Epoch 37 Finsh | Now_lr 0.0030/0.0030 | Lambda 0.0761 | Train Loss 0.0950 | Domain Loss 3.2067 | Valid Loss 2.1107 | Train Acc 96.5631| Valid Acc 50.9393
[TRAINER6] TestSub: S[11, 12, 13, 14, 15] Epoch 38 Finsh | Now_lr 0.0030/0.0030 | Lambda 0.0765 | Train Loss 0.0949 | Domain Loss 3.2066 | Valid Loss 1.9905 | Train Acc 96.5716| Valid Acc 51.3679
[TRAINER6] TestSub: S[11, 12, 13, 14, 15] Epoch 39 Finsh | Now_lr 0.0030/0.0030 | Lambda 0.0768 | Train Loss 0.0952 | Domain Loss 3.2052 | Valid Loss 2.0898 | Train Acc 96.5880| Valid Acc 52.7177
[TRAINER6] TestSub: S[11, 12, 13, 14, 15] Epoch 40 Finsh | Now_lr 0.0030/0.0030 | Lambda 0.0771 | Train Loss 0.0967 | Domain Loss 3.2056 | Valid Loss 2.2242 | Train Acc 96.5437| Valid Acc 50.8420
[TRAINER6] TestSub: S[11, 12, 13, 14, 15] Epoch 41 Finsh | Now_lr 0.0030/0.0030 | Lambda 0.0774 | Train Loss 0.0949 | Domain Loss 3.2054 | Valid Loss 2.1787 | Train Acc 96.5643| Valid Acc 50.9515
[TRAINER6] TestSub: S[11, 12, 13, 14, 15] Epoch 42 Finsh | Now_lr 0.0030/0.0030 | Lambda 0.0776 | Train Loss 0.0941 | Domain Loss 3.2054 | Valid Loss 2.0074 | Train Acc 96.5984| Valid Acc 52.1978
[TRAINER6] TestSub: S[11, 12, 13, 14, 15] Epoch 43 Finsh | Now_lr 0.0030/0.0030 | Lambda 0.0779 | Train Loss 0.0930 | Domain Loss 3.2048 | Valid Loss 2.2813 | Train Acc 96.6239| Valid Acc 54.1008
[TRAINER6] Validation acc increase (53.614421 --> 54.100803) in epoch (43).  Saving model ...
[TRAINER6] TestSub: S[11, 12, 13, 14, 15] Epoch 44 Finsh | Now_lr 0.0030/0.0030 | Lambda 0.0781 | Train Loss 0.0932 | Domain Loss 3.2060 | Valid Loss 2.0944 | Train Acc 96.6652| Valid Acc 50.2888
[TRAINER6] TestSub: S[11, 12, 13, 14, 15] Epoch 45 Finsh | Now_lr 0.0030/0.0030 | Lambda 0.0782 | Train Loss 0.0930 | Domain Loss 3.2079 | Valid Loss 2.2130 | Train Acc 96.6938| Valid Acc 49.0546
[TRAINER6] TestSub: S[11, 12, 13, 14, 15] Epoch 46 Finsh | Now_lr 0.0030/0.0030 | Lambda 0.0784 | Train Loss 0.0930 | Domain Loss 3.2095 | Valid Loss 2.1625 | Train Acc 96.6580| Valid Acc 52.6690
[TRAINER6] TestSub: S[11, 12, 13, 14, 15] Epoch 47 Finsh | Now_lr 0.0030/0.0030 | Lambda 0.0786 | Train Loss 0.0925 | Domain Loss 3.2088 | Valid Loss 2.0798 | Train Acc 96.6136| Valid Acc 50.8603
[TRAINER6] TestSub: S[11, 12, 13, 14, 15] Epoch 48 Finsh | Now_lr 0.0030/0.0030 | Lambda 0.0787 | Train Loss 0.0937 | Domain Loss 3.2083 | Valid Loss 2.1808 | Train Acc 96.6209| Valid Acc 52.3985
[TRAINER6] TestSub: S[11, 12, 13, 14, 15] Epoch 49 Finsh | Now_lr 0.0030/0.0030 | Lambda 0.0788 | Train Loss 0.0941 | Domain Loss 3.2087 | Valid Loss 2.1897 | Train Acc 96.6330| Valid Acc 50.5229
[TRAINER6] TestSub: S[11, 12, 13, 14, 15] Epoch 50 Finsh | Now_lr 0.0030/0.0030 | Lambda 0.0789 | Train Loss 0.0930 | Domain Loss 3.2101 | Valid Loss 2.0815 | Train Acc 96.6786| Valid Acc 52.3407
[TRAINER6] TestSub: S[11, 12, 13, 14, 15] Epoch 51 Finsh | Now_lr 0.0030/0.0030 | Lambda 0.0790 | Train Loss 0.0927 | Domain Loss 3.2116 | Valid Loss 1.9743 | Train Acc 96.7066| Valid Acc 50.8147
[TRAINER6] TestSub: S[11, 12, 13, 14, 15] Epoch 52 Finsh | Now_lr 0.0030/0.0030 | Lambda 0.0791 | Train Loss 0.0921 | Domain Loss 3.2123 | Valid Loss 1.9451 | Train Acc 96.7011| Valid Acc 50.3617
[TRAINER6] TestSub: S[11, 12, 13, 14, 15] Epoch 53 Finsh | Now_lr 0.0030/0.0030 | Lambda 0.0792 | Train Loss 0.0908 | Domain Loss 3.2136 | Valid Loss 1.8876 | Train Acc 96.7394| Valid Acc 51.5047
[TRAINER6] TestSub: S[11, 12, 13, 14, 15] Epoch 54 Finsh | Now_lr 0.0030/0.0030 | Lambda 0.0793 | Train Loss 0.0924 | Domain Loss 3.2166 | Valid Loss 2.1829 | Train Acc 96.6896| Valid Acc 50.5259
[TRAINER6] TestSub: S[11, 12, 13, 14, 15] Epoch 55 Finsh | Now_lr 0.0030/0.0030 | Lambda 0.0793 | Train Loss 0.0930 | Domain Loss 3.2194 | Valid Loss 2.1111 | Train Acc 96.7315| Valid Acc 49.7051
[TRAINER6] TestSub: S[11, 12, 13, 14, 15] Epoch 56 Finsh | Now_lr 0.0030/0.0030 | Lambda 0.0794 | Train Loss 0.0910 | Domain Loss 3.2204 | Valid Loss 2.0268 | Train Acc 96.7491| Valid Acc 50.8329
[TRAINER6] TestSub: S[11, 12, 13, 14, 15] Epoch 57 Finsh | Now_lr 0.0030/0.0030 | Lambda 0.0795 | Train Loss 0.0914 | Domain Loss 3.2211 | Valid Loss 2.1015 | Train Acc 96.7230| Valid Acc 48.3220
[TRAINER6] TestSub: S[11, 12, 13, 14, 15] Epoch 58 Finsh | Now_lr 0.0030/0.0030 | Lambda 0.0795 | Train Loss 0.0902 | Domain Loss 3.2212 | Valid Loss 2.0911 | Train Acc 96.7996| Valid Acc 50.8846
[TRAINER6] TestSub: S[11, 12, 13, 14, 15] Epoch 59 Finsh | Now_lr 0.0030/0.0030 | Lambda 0.0796 | Train Loss 0.0917 | Domain Loss 3.2208 | Valid Loss 2.1642 | Train Acc 96.7218| Valid Acc 51.0731
[TRAINER6] TestSub: S[11, 12, 13, 14, 15] Epoch 60 Finsh | Now_lr 0.0030/0.0030 | Lambda 0.0796 | Train Loss 0.0912 | Domain Loss 3.2206 | Valid Loss 2.2705 | Train Acc 96.7577| Valid Acc 51.3284
[TRAINER6] TestSub: S[11, 12, 13, 14, 15] Epoch 61 Finsh | Now_lr 0.0030/0.0030 | Lambda 0.0796 | Train Loss 0.0905 | Domain Loss 3.2205 | Valid Loss 2.4276 | Train Acc 96.7528| Valid Acc 48.5409
[TRAINER6] TestSub: S[11, 12, 13, 14, 15] Epoch 62 Finsh | Now_lr 0.0030/0.0030 | Lambda 0.0797 | Train Loss 0.0886 | Domain Loss 3.2210 | Valid Loss 2.2381 | Train Acc 96.8148| Valid Acc 47.6198
[TRAINER6] TestSub: S[11, 12, 13, 14, 15] Epoch 63 Finsh | Now_lr 0.0030/0.0030 | Lambda 0.0797 | Train Loss 0.0911 | Domain Loss 3.2209 | Valid Loss 2.4200 | Train Acc 96.7358| Valid Acc 49.7902
[TRAINER6] TestSub: S[11, 12, 13, 14, 15] Epoch 64 Finsh | Now_lr 0.0030/0.0030 | Lambda 0.0797 | Train Loss 0.0909 | Domain Loss 3.2208 | Valid Loss 2.0056 | Train Acc 96.7795| Valid Acc 51.6811
[TRAINER6] TestSub: S[11, 12, 13, 14, 15] Epoch 65 Finsh | Now_lr 0.0030/0.0030 | Lambda 0.0798 | Train Loss 0.0897 | Domain Loss 3.2209 | Valid Loss 2.1062 | Train Acc 96.8367| Valid Acc 52.5626
[TRAINER6] TestSub: S[11, 12, 13, 14, 15] Epoch 66 Finsh | Now_lr 0.0030/0.0030 | Lambda 0.0798 | Train Loss 0.0892 | Domain Loss 3.2206 | Valid Loss 2.3072 | Train Acc 96.8172| Valid Acc 51.1430
[TRAINER6] TestSub: S[11, 12, 13, 14, 15] Epoch 67 Finsh | Now_lr 0.0030/0.0030 | Lambda 0.0798 | Train Loss 0.0904 | Domain Loss 3.2207 | Valid Loss 2.1360 | Train Acc 96.7881| Valid Acc 50.5107
[TRAINER6] TestSub: S[11, 12, 13, 14, 15] Epoch 68 Finsh | Now_lr 0.0030/0.0030 | Lambda 0.0798 | Train Loss 0.0890 | Domain Loss 3.2208 | Valid Loss 2.2392 | Train Acc 96.8179| Valid Acc 48.5469
[TRAINER6] TestSub: S[11, 12, 13, 14, 15] Epoch 69 Finsh | Now_lr 0.0030/0.0030 | Lambda 0.0798 | Train Loss 0.0881 | Domain Loss 3.2208 | Valid Loss 2.2347 | Train Acc 96.8312| Valid Acc 50.4560
[TRAINER6] TestSub: S[11, 12, 13, 14, 15] Epoch 70 Finsh | Now_lr 0.0030/0.0030 | Lambda 0.0799 | Train Loss 0.0895 | Domain Loss 3.2216 | Valid Loss 2.1391 | Train Acc 96.7741| Valid Acc 50.3222
[TRAINER6] TestSub: S[11, 12, 13, 14, 15] Epoch 71 Finsh | Now_lr 0.0030/0.0030 | Lambda 0.0799 | Train Loss 0.0892 | Domain Loss 3.2210 | Valid Loss 2.3109 | Train Acc 96.8373| Valid Acc 48.5682
[TRAINER6] TestSub: S[11, 12, 13, 14, 15] Epoch 72 Finsh | Now_lr 0.0030/0.0030 | Lambda 0.0799 | Train Loss 0.0892 | Domain Loss 3.2203 | Valid Loss 2.2742 | Train Acc 96.8489| Valid Acc 51.6324
[TRAINER6] TestSub: S[11, 12, 13, 14, 15] Epoch 73 Finsh | Now_lr 0.0030/0.0030 | Lambda 0.0799 | Train Loss 0.0867 | Domain Loss 3.2213 | Valid Loss 2.2229 | Train Acc 96.9565| Valid Acc 49.2887
[TRAINER6] Early stopping triggered after 73 epochs (30 epochs without improvement)
[TRAINER6] --------------------------------------------------
[TRAINER6] Test_Subject :S[11, 12, 13, 14, 15] |Best epoch:43 | Test Loss:2.2813 | Best Acc 54.1008 | SestSub: S[21, 22, 23, 24, 25] Epoch 81 Finsh | Now_lr 0.0007/0.0007 | Lambda 0.0800 | Train Loss 0.0077 | Domain Loss 3.2102 | Valid Loss 4.2501 | Train Acc 99.7410| Valid Acc 52.2287
[TRAINER2] TestSub: S[21, 22, 23, 24, 25] Epoch 82 Finsh | Now_lr 0.0007/0.0007 | Lambda 0.0800 | Train Loss 0.0068 | Domain Loss 3.2108 | Valid Loss 4.5906 | Train Acc 99.7696| Valid Acc 52.3933
[TRAINER2] TestSub: S[21, 22, 23, 24, 25] Epoch 83 Finsh | Now_lr 0.0007/0.0007 | Lambda 0.0800 | Train Loss 0.0077 | Domain Loss 3.2091 | Valid Loss 4.5365 | Train Acc 99.7495| Valid Acc 52.0732
[TRAINER2] TestSub: S[21, 22, 23, 24, 25] Epoch 84 Finsh | Now_lr 0.0007/0.0007 | Lambda 0.0800 | Train Loss 0.0067 | Domain Loss 3.2117 | Valid Loss 4.5692 | Train Acc 99.7836| Valid Acc 53.2744
[TRAINER2] TestSub: S[21, 22, 23, 24, 25] Epoch 85 Finsh | Now_lr 0.0007/0.0007 | Lambda 0.0800 | Train Loss 0.0071 | Domain Loss 3.2086 | Valid Loss 4.3821 | Train Acc 99.7684| Valid Acc 50.7530
[TRAINER2] TestSub: S[21, 22, 23, 24, 25] Epoch 86 Finsh | Now_lr 0.0007/0.0007 | Lambda 0.0800 | Train Loss 0.0068 | Domain Loss 3.2117 | Valid Loss 4.7749 | Train Acc 99.7702| Valid Acc 51.1646
[TRAINER2] TestSub: S[21, 22, 23, 24, 25] Epoch 87 Finsh | Now_lr 0.0007/0.0007 | Lambda 0.0800 | Train Loss 0.0066 | Domain Loss 3.2108 | Valid Loss 4.6807 | Train Acc 99.7860| Valid Acc 52.1646
[TRAINER2] TestSub: S[21, 22, 23, 24, 25] Epoch 88 Finsh | Now_lr 0.0007/0.0007 | Lambda 0.0800 | Train Loss 0.0067 | Domain Loss 3.2112 | Valid Loss 4.5495 | Train Acc 99.7842| Valid Acc 50.4116
[TRAINER2] TestSub: S[21, 22, 23, 24, 25] Epoch 89 Finsh | Now_lr 0.0007/0.0007 | Lambda 0.0800 | Train Loss 0.0075 | Domain Loss 3.2106 | Valid Loss 4.2063 | Train Acc 99.7611| Valid Acc 51.6555
[TRAINER2] TestSub: S[21, 22, 23, 24, 25] Epoch 90 Finsh | Now_lr 0.0007/0.0007 | Lambda 0.0800 | Train Loss 0.0064 | Domain Loss 3.2120 | Valid Loss 4.3656 | Train Acc 99.7884| Valid Acc 52.4146
[TRAINER2] TestSub: S[21, 22, 23, 24, 25] Epoch 91 Finsh | Now_lr 0.0007/0.0007 | Lambda 0.0800 | Train Loss 0.0063 | Domain Loss 3.2110 | Valid Loss 4.6055 | Train Acc 99.8030| Valid Acc 52.5732
[TRAINER2] TestSub: S[21, 22, 23, 24, 25] Epoch 92 Finsh | Now_lr 0.0007/0.0007 | Lambda 0.0800 | Train Loss 0.0073 | Domain Loss 3.2125 | Valid Loss 4.0190 | Train Acc 99.7513| Valid Acc 51.6555
[TRAINER2] TestSub: S[21, 22, 23, 24, 25] Epoch 93 Finsh | Now_lr 0.0007/0.0007 | Lambda 0.0800 | Train Loss 0.0057 | Domain Loss 3.2118 | Valid Loss 4.6822 | Train Acc 99.8146| Valid Acc 52.8262
[TRAINER2] TestSub: S[21, 22, 23, 24, 25] Epoch 94 Finsh | Now_lr 0.0007/0.0007 | Lambda 0.0800 | Train Loss 0.0067 | Domain Loss 3.2118 | Valid Loss 4.2362 | Train Acc 99.7866| Valid Acc 51.8720
[TRAINER2] TestSub: S[21, 22, 23, 24, 25] Epoch 95 Finsh | Now_lr 0.0007/0.0007 | Lambda 0.0800 | Train Loss 0.0061 | Domain Loss 3.2133 | Valid Loss 4.3000 | Train Acc 99.8012| Valid Acc 52.7744
[TRAINER2] TestSub: S[21, 22, 23, 24, 25] Epoch 96 Finsh | Now_lr 0.0007/0.0007 | Lambda 0.0800 | Train Loss 0.0061 | Domain Loss 3.2126 | Valid Loss 4.5000 | Train Acc 99.7969| Valid Acc 53.4482
[TRAINER2] TestSub: S[21, 22, 23, 24, 25] Epoch 97 Finsh | Now_lr 0.0007/0.0007 | Lambda 0.0800 | Train Loss 0.0064 | Domain Loss 3.2135 | Valid Loss 4.3014 | Train Acc 99.7896| Valid Acc 53.7835
[TRAINER2] TestSub: S[21, 22, 23, 24, 25] Epoch 98 Finsh | Now_lr 0.0007/0.0007 | Lambda 0.0800 | Train Loss 0.0063 | Domain Loss 3.2129 | Valid Loss 4.6132 | Train Acc 99.8042| Valid Acc 51.6372
[TRAINER2] TestSub: S[21, 22, 23, 24, 25] Epoch 99 Finsh | Now_lr 0.0007/0.0007 | Lambda 0.0800 | Train Loss 0.0055 | Domain Loss 3.2143 | Valid Loss 4.8359 | Train Acc 99.8225| Valid Acc 53.3018
[TRAINER2] TestSub: S[21, 22, 23, 24, 25] Epoch 100 Finsh | Now_lr 0.0007/0.0007 | Lambda 0.0800 | Train Loss 0.0066 | Domain Loss 3.2143 | Valid Loss 4.2998 | Train Acc 99.8061| Valid Acc 52.3262
[TRAINER2] Early stopping triggered after 100 epochs (30 epochs without improvement)
[TRAINER2] --------------------------------------------------
[TRAINER2] Test_Subject :S[21, 22, 23, 24, 25] |Best epoch:70 | Test Loss:3.8912 | Best Acc 53.9970 | Savemodel Acc 53.9970
[TRAINER2] --------------------------------------------------
[TRAINER2] 
[TRAINER2] ========== Fold 6 ==========
[TRAINER2] Train IDs: [1, 2, 3, 4, 5, 6, 7, 8, 9, 10, 11, 12, 13, 14, 15, 16, 17, 18, 19, 20, 21, 22, 23, 24, 25]
[TRAINER2] Val IDs:   [26, 27, 28, 29, 30]
[TRAINER2] train_data_shape(164500, 32, 128),val_data_shape(32900, 32, 128)
[TRAINER2] =================================================================
[TRAINER2] Layer (type:depth-idx)                   Param #
[TRAINER2] =================================================================
[TRAINER2] DARNet                                   --
[TRAINER2] ├─TokenEmbedding: 1-1                    --
[TRAINER2] │    └─Sequential: 2-1                   --
[TRAINER2] │    │    └─Conv2d: 3-1                  576
[TRAINER2] │    │    └─BatchNorm2d: 3-2             128
[TRAINER2] │    │    └─GELU: 3-3                    --
[TRAINER2] │    └─Sequential: 2-2                   --
[TRAINER2] │    │    └─Conv2d: 3-4                  32,784
[TRAINER2] │    │    └─BatchNorm2d: 3-5             32
[TRAINER2] │    │    └─GELU: 3-6                    --
[TRAINER2] │    └─PositionalEmbedding: 2-3          --
[TRAINER2] ├─Flatten: 1-2                           --
[TRAINER2] ├─Linear: 1-3                            18
[TRAINER2] ├─AttnRefine: 1-4                        --
[TRAINER2] │    └─MyAttention: 2-4                  --
[TRAINER2] │    │    └─Attention: 3-7               800
[TRAINER2] │    └─Refine: 2-5                       --
[TRAINER2] │    │    └─Conv1d: 3-8                  784
[TRAINER2] │    │    └─BatchNorm1d: 3-9             32
[TRAINER2] │    │    └─ELU: 3-10                    --
[TRAINER2] │    │    └─MaxPool1d: 3-11              --
[TRAINER2] │    └─AdaptiveAvgPool1d: 2-6            --
[TRAINER2] │    └─Linear: 2-7                       68
[TRAINER2] │    └─Flatten: 2-8                      --
[TRAINER2] ├─AttnRefine: 1-5                        --
[TRAINER2] │    └─MyAttention: 2-9                  --
[TRAINER2] │    │    └─Attention: 3-12              800
[TRAINER2] │    └─Refine: 2-10                      --
[TRAINER2] │    │    └─Conv1d: 3-13                 784
[TRAINER2] │    │    └─BatchNorm1d: 3-14            32
[TRAINER2] │    │    └─ELU: 3-15                    --
[TRAINER2] │    │    └─MaxPool1d: 3-16              --
[TRAINER2] │    └─AdaptiveAvgPool1d: 2-11           --
[TRAINER2] │    └─Linear: 2-12                      68
[TRAINER2] │    └─Flatten: 2-13                     --
[TRAINER2] ├─GradientReversalLayer: 1-6             --
[TRAINER2] ├─SubjectDiscriminator: 1-7              --
[TRAINER2] │    └─Sequential: 2-14                  --
[TRAINER2] │    │    └─Linear: 3-17                 2,304
[TRAINER2] │    │    └─ReLU: 3-18                   --
[TRAINER2] │    │    └─Dropout: 3-19                --
[TRAINER2] │    │    └─Linear: 3-20                 32,896
[TRAINER2] │    │    └─ReLU: 3-21                   --
[TRAINER2] │    │    └─Dropout: 3-22                --
[TRAINER2] │    │    └─Linear: 3-23                 3,870
[TRAINER2] =================================================================
[TRAINER2] Total params: 75,976
[TRAINER2] Trainable params: 75,976
[TRAINER2] Non-trainable params: 0
[TRAINER2] =================================================================
[TRAINER2] TestSub: S[26, 27, 28, 29, 30] Epoch  1 Finsh | Now_lr 0.0007/0.0007 | Lambda 0.0040 | Train Loss 0.4513 | Domain Loss 3.0070 | Valid Loss 1.4945 | Train Acc 77.4112| Valid Acc 51.1433
[TRAINER2] Validation acc increase (0.000000 --> 51.143293) in epoch (1).  Saving model ...
[TRAINER2] TestSub: S[26, 27, 28, 29, 30] Epoch  2 Finsh | Now_lr 0.0007/0.0007 | Lambda 0.0080 | Train Loss 0.2763Valid Acc 56.1314
[TRAINER3] TestSub: S[21, 22, 23, 24, 25] Epoch 43 Finsh | Now_lr 0.0100/0.0100 | Lambda 0.1460 | Train Loss 0.0698 | Domain Loss 3.2140 | Valid Loss 2.0262 | Train Acc 97.4915| Valid Acc 55.1891
[TRAINER3] TestSub: S[21, 22, 23, 24, 25] Epoch 44 Finsh | Now_lr 0.0100/0.0100 | Lambda 0.1464 | Train Loss 0.0714 | Domain Loss 3.2152 | Valid Loss 2.1294 | Train Acc 97.4818| Valid Acc 54.7057
[TRAINER3] TestSub: S[21, 22, 23, 24, 25] Epoch 45 Finsh | Now_lr 0.0100/0.0100 | Lambda 0.1467 | Train Loss 0.0699 | Domain Loss 3.2153 | Valid Loss 2.1359 | Train Acc 97.5085| Valid Acc 57.7426
[TRAINER3] TestSub: S[21, 22, 23, 24, 25] Epoch 46 Finsh | Now_lr 0.0100/0.0100 | Lambda 0.1470 | Train Loss 0.0698 | Domain Loss 3.2154 | Valid Loss 1.8995 | Train Acc 97.4684| Valid Acc 57.4264
[TRAINER3] TestSub: S[21, 22, 23, 24, 25] Epoch 47 Finsh | Now_lr 0.0100/0.0100 | Lambda 0.1473 | Train Loss 0.0715 | Domain Loss 3.2155 | Valid Loss 1.9463 | Train Acc 97.3991| Valid Acc 54.6145
[TRAINER3] TestSub: S[21, 22, 23, 24, 25] Epoch 48 Finsh | Now_lr 0.0100/0.0100 | Lambda 0.1476 | Train Loss 0.0714 | Domain Loss 3.2154 | Valid Loss 2.0824 | Train Acc 97.4137| Valid Acc 55.9095
[TRAINER3] TestSub: S[21, 22, 23, 24, 25] Epoch 49 Finsh | Now_lr 0.0100/0.0100 | Lambda 0.1478 | Train Loss 0.0680 | Domain Loss 3.2158 | Valid Loss 2.0741 | Train Acc 97.6222| Valid Acc 52.8149
[TRAINER3] TestSub: S[21, 22, 23, 24, 25] Epoch 50 Finsh | Now_lr 0.0100/0.0100 | Lambda 0.1480 | Train Loss 0.0681 | Domain Loss 3.2151 | Valid Loss 1.9942 | Train Acc 97.5505| Valid Acc 57.3109
[TRAINER3] TestSub: S[21, 22, 23, 24, 25] Epoch 51 Finsh | Now_lr 0.0100/0.0100 | Lambda 0.1482 | Train Loss 0.0674 | Domain Loss 3.2161 | Valid Loss 2.2712 | Train Acc 97.5571| Valid Acc 56.1892
[TRAINER3] TestSub: S[21, 22, 23, 24, 25] Epoch 52 Finsh | Now_lr 0.0100/0.0100 | Lambda 0.1484 | Train Loss 0.0678 | Domain Loss 3.2164 | Valid Loss 2.2772 | Train Acc 97.6034| Valid Acc 53.7907
[TRAINER3] TestSub: S[21, 22, 23, 24, 25] Epoch 53 Finsh | Now_lr 0.0100/0.0100 | Lambda 0.1485 | Train Loss 0.0687 | Domain Loss 3.2161 | Valid Loss 2.1844 | Train Acc 97.5474| Valid Acc 52.0823
[TRAINER3] TestSub: S[21, 22, 23, 24, 25] Epoch 54 Finsh | Now_lr 0.0100/0.0100 | Lambda 0.1487 | Train Loss 0.0660 | Domain Loss 3.2159 | Valid Loss 2.1256 | Train Acc 97.6514| Valid Acc 55.7819
[TRAINER3] TestSub: S[21, 22, 23, 24, 25] Epoch 55 Finsh | Now_lr 0.0100/0.0100 | Lambda 0.1488 | Train Loss 0.0678 | Domain Loss 3.2162 | Valid Loss 2.0426 | Train Acc 97.5444| Valid Acc 56.4628
[TRAINER3] TestSub: S[21, 22, 23, 24, 25] Epoch 56 Finsh | Now_lr 0.0100/0.0100 | Lambda 0.1489 | Train Loss 0.0675 | Domain Loss 3.2163 | Valid Loss 2.0741 | Train Acc 97.5955| Valid Acc 53.9366
[TRAINER3] TestSub: S[21, 22, 23, 24, 25] Epoch 57 Finsh | Now_lr 0.0100/0.0100 | Lambda 0.1490 | Train Loss 0.0653 | Domain Loss 3.2160 | Valid Loss 2.1470 | Train Acc 97.6465| Valid Acc 56.0433
[TRAINER3] TestSub: S[21, 22, 23, 24, 25] Epoch 58 Finsh | Now_lr 0.0100/0.0100 | Lambda 0.1491 | Train Loss 0.0648 | Domain Loss 3.2163 | Valid Loss 2.0197 | Train Acc 97.6800| Valid Acc 55.0128
[TRAINER3] TestSub: S[21, 22, 23, 24, 25] Epoch 59 Finsh | Now_lr 0.0100/0.0100 | Lambda 0.1492 | Train Loss 0.0682 | Domain Loss 3.2159 | Valid Loss 1.9612 | Train Acc 97.5894| Valid Acc 54.2315
[TRAINER3] TestSub: S[21, 22, 23, 24, 25] Epoch 60 Finsh | Now_lr 0.0100/0.0100 | Lambda 0.1493 | Train Loss 0.0650 | Domain Loss 3.2165 | Valid Loss 2.3210 | Train Acc 97.6939| Valid Acc 52.3924
[TRAINER3] TestSub: S[21, 22, 23, 24, 25] Epoch 61 Finsh | Now_lr 0.0100/0.0100 | Lambda 0.1493 | Train Loss 0.0656 | Domain Loss 3.2169 | Valid Loss 2.0650 | Train Acc 97.6544| Valid Acc 56.2226
[TRAINER3] TestSub: S[21, 22, 23, 24, 25] Epoch 62 Finsh | Now_lr 0.0100/0.0100 | Lambda 0.1494 | Train Loss 0.0682 | Domain Loss 3.2170 | Valid Loss 2.0020 | Train Acc 97.5255| Valid Acc 54.1586
[TRAINER3] TestSub: S[21, 22, 23, 24, 25] Epoch 63 Finsh | Now_lr 0.0100/0.0100 | Lambda 0.1495 | Train Loss 0.0666 | Domain Loss 3.2170 | Valid Loss 1.9150 | Train Acc 97.6283| Valid Acc 54.0339
[TRAINER3] TestSub: S[21, 22, 23, 24, 25] Epoch 64 Finsh | Now_lr 0.0100/0.0100 | Lambda 0.1495 | Train Loss 0.0655 | Domain Loss 3.2163 | Valid Loss 2.0140 | Train Acc 97.7018| Valid Acc 55.0523
[TRAINER3] TestSub: S[21, 22, 23, 24, 25] Epoch 65 Finsh | Now_lr 0.0100/0.0100 | Lambda 0.1495 | Train Loss 0.0643 | Domain Loss 3.2163 | Valid Loss 2.1986 | Train Acc 97.7073| Valid Acc 52.8666
[TRAINER3] TestSub: S[21, 22, 23, 24, 25] Epoch 66 Finsh | Now_lr 0.0100/0.0100 | Lambda 0.1496 | Train Loss 0.0640 | Domain Loss 3.2164 | Valid Loss 2.4358 | Train Acc 97.7474| Valid Acc 52.0641
[TRAINER3] Early stopping triggered after 66 epochs (30 epochs without improvement)
[TRAINER3] --------------------------------------------------
[TRAINER3] Test_Subject :S[21, 22, 23, 24, 25] |Best epoch:36 | Test Loss:1.9990 | Best Acc 58.2624 | Savemodel Acc 58.2624
[TRAINER3] --------------------------------------------------
[TRAINER3] 
[TRAINER3] ========== Fold 6 ==========
[TRAINER3] Train IDs: [1, 2, 3, 4, 5, 6, 7, 8, 9, 10, 11, 12, 13, 14, 15, 16, 17, 18, 19, 20, 21, 22, 23, 24, 25]
[TRAINER3] Val IDs:   [26, 27, 28, 29, 30]
[TRAINER3] train_data_shape(164500, 32, 128),val_data_shape(32900, 32, 128)
[TRAINER3] =================================================================
[TRAINER3] Layer (type:depth-idx)                   Param #
[TRAINER3] =================================================================
[TRAINER3] DARNet                                   --
[TRAINER3] ├─TokenEmbedding: 1-1                    --
[TRAINER3] │    └─Sequential: 2-1                   --
[TRAINER3] │    │    └─Conv2d: 3-1                  576
[TRAINER3] │    │    └─BatchNorm2d: 3-2             128
[TRAINER3] │    │    └─GELU: 3-3                    --
[TRAINER3] │    └─Sequential: 2-2                   --
[TRAINER3] │    │    └─Conv2d: 3-4                  32,784
[TRAINER3] │    │    └─BatchNorm2d: 3-5             32
[TRAINER3] │    │    └─GELU: 3-6                    --
[TRAINER3] │    └─PositionalEmbedding: 2-3          --
[TRAINER3] ├─Flatten: 1-2                           --
[TRAINER3] ├─Linear: 1-3                            18
[TRAINER3] ├─AttnRefine: 1-4                        --
[TRAINER3] │    └─MyAttention: 2-4                  --
[TRAINER3] │    │    └─Attention: 3-7               800
[TRAINER3] │    └─Refine: 2-5                       --
[TRAINER3] │    │    └─Conv1d: 3-8                  784
[TRAINER3] │    │    └─BatchNorm1d: 3-9             32
[TRAINER3] │    │    └─ELU: 3-10                    --
[TRAINER3] │    │    └─MaxPool1d: 3-11              --
[TRAINER3] │    └─AdaptiveAvgPool1d: 2-6            --
[TRAINER3] │    └─Linear: 2-7                       68
[TRAINER3] │    └─Flatten: 2-8                      --
[TRAINER3] ├─AttnRefine: 1-5                        --
[TRAINER3] │    └─MyAttention: 2-9                  --
[TRAINER3] │    │    └─Attention: 3-12              800
[TRAINER3] │    └─Refine: 2-10                      --
[TRAINER3] │    │    └─Conv1d: 3-13                 784
[TRAINER3] │    │    └─BatchNorm1d: 3-14            32
[TRAINER3] │    │    └─ELU: 3-15                    --
[TRAINER3] │    │    └─MaxPool1d: 3-16              --
[TRAINER3] │    └─AdaptiveAvgPool1d: 2-11           --
[TRAINER3] │    └─Linear: 2-12                      68
[TRAINER3] │    └─Flatten: 2-13                     --
[TRAINER3] ├─GradientReversalLayer: 1-6             --
[TRAINER3] ├─SubjectDiscriminator: 1-7              --
[TRAINER3] │    └─Sequential: 2-14                  --
[TRAINER3] │    │    └─Linear: 3-17                 2,304
[TRAINER3] │    │    └─ReLU: 3-18                   --
[TRAINER3] │    │    └─Dropout: 3-19                --
[TRAINER3] │    │    └─Linear: 3-20                 32,896
[TRAINER3] │    │    └─ReLU: 3-2avemodel Acc 54.1008
[TRAINER6] --------------------------------------------------
[TRAINER6] 
[TRAINER6] ========== Fold 4 ==========
[TRAINER6] Train IDs: [1, 2, 3, 4, 5, 6, 7, 8, 9, 10, 11, 12, 13, 14, 15, 21, 22, 23, 24, 25, 26, 27, 28, 29, 30]
[TRAINER6] Val IDs:   [16, 17, 18, 19, 20]
[TRAINER6] train_data_shape(164500, 32, 128),val_data_shape(32900, 32, 128)
[TRAINER6] =================================================================
[TRAINER6] Layer (type:depth-idx)                   Param #
[TRAINER6] =================================================================
[TRAINER6] DARNet                                   --
[TRAINER6] ├─TokenEmbedding: 1-1                    --
[TRAINER6] │    └─Sequential: 2-1                   --
[TRAINER6] │    │    └─Conv2d: 3-1                  576
[TRAINER6] │    │    └─BatchNorm2d: 3-2             128
[TRAINER6] │    │    └─GELU: 3-3                    --
[TRAINER6] │    └─Sequential: 2-2                   --
[TRAINER6] │    │    └─Conv2d: 3-4                  32,784
[TRAINER6] │    │    └─BatchNorm2d: 3-5             32
[TRAINER6] │    │    └─GELU: 3-6                    --
[TRAINER6] │    └─PositionalEmbedding: 2-3          --
[TRAINER6] ├─Flatten: 1-2                           --
[TRAINER6] ├─Linear: 1-3                            18
[TRAINER6] ├─AttnRefine: 1-4                        --
[TRAINER6] │    └─MyAttention: 2-4                  --
[TRAINER6] │    │    └─Attention: 3-7               800
[TRAINER6] │    └─Refine: 2-5                       --
[TRAINER6] │    │    └─Conv1d: 3-8                  784
[TRAINER6] │    │    └─BatchNorm1d: 3-9             32
[TRAINER6] │    │    └─ELU: 3-10                    --
[TRAINER6] │    │    └─MaxPool1d: 3-11              --
[TRAINER6] │    └─AdaptiveAvgPool1d: 2-6            --
[TRAINER6] │    └─Linear: 2-7                       68
[TRAINER6] │    └─Flatten: 2-8                      --
[TRAINER6] ├─AttnRefine: 1-5                        --
[TRAINER6] │    └─MyAttention: 2-9                  --
[TRAINER6] │    │    └─Attention: 3-12              800
[TRAINER6] │    └─Refine: 2-10                      --
[TRAINER6] │    │    └─Conv1d: 3-13                 784
[TRAINER6] │    │    └─BatchNorm1d: 3-14            32
[TRAINER6] │    │    └─ELU: 3-15                    --
[TRAINER6] │    │    └─MaxPool1d: 3-16              --
[TRAINER6] │    └─AdaptiveAvgPool1d: 2-11           --
[TRAINER6] │    └─Linear: 2-12                      68
[TRAINER6] │    └─Flatten: 2-13                     --
[TRAINER6] ├─GradientReversalLayer: 1-6             --
[TRAINER6] ├─SubjectDiscriminator: 1-7              --
[TRAINER6] │    └─Sequential: 2-14                  --
[TRAINER6] │    │    └─Linear: 3-17                 2,304
[TRAINER6] │    │    └─ReLU: 3-18                   --
[TRAINER6] │    │    └─Dropout: 3-19                --
[TRAINER6] │    │    └─Linear: 3-20                 32,896
[TRAINER6] │    │    └─ReLU: 3-21                   --
[TRAINER6] │    │    └─Dropout: 3-22                --
[TRAINER6] │    │    └─Linear: 3-23                 3,870
[TRAINER6] =================================================================
[TRAINER6] Total params: 75,976
[TRAINER6] Trainable params: 75,976
[TRAINER6] Non-trainable params: 0
[TRAINER6] =================================================================
[TRAINER6] TestSub: S[16, 17, 18, 19, 20] Epoch  1 Finsh | Now_lr 0.0030/0.0030 | Lambda 0.0040 | Train Loss 0.5420 | Domain Loss 3.1925 | Valid Loss 1.2385 | Train Acc 70.2827| Valid Acc 51.1886
[TRAINER6] Validation acc increase (0.000000 --> 51.188594) in epoch (1).  Saving model ...
[TRAINER6] TestSub: S[16, 17, 18, 19, 20] Epoch  2 Finsh | Now_lr 0.0030/0.0030 | Lambda 0.0080 | Train Loss 0.3573 | Domain Loss 3.1895 | Valid Loss 1.4489 | Train Acc 83.7999| Valid Acc 51.8786
[TRAINER6] Validation acc increase (51.188594 --> 51.878648) in epoch (2).  Saving model ...
[TRAINER6] TestSub: S[16, 17, 18, 19, 20] Epoch  3 Finsh | Now_lr 0.0030/0.0030 | Lambda 0.0119 | Train Loss 0.2847 | Domain Loss 3.1943 | Valid Loss 1.5433 | Train Acc 87.9341| Valid Acc 53.1949
[TRAINER6] Validation acc increase (51.878648 --> 53.194917) in epoch (3).  Saving model ...
[TRAINER6] TestSub: S[16, 17, 18, 19, 20] Epoch  4 Finsh | Now_lr 0.0030/0.0030 | Lambda 0.0158 | Train Loss 0.2528 | Domain Loss 3.1951 | Valid Loss 1.6125 | Train Acc 89.5562| Valid Acc 51.7753
[TRAINER6] TestSub: S[16, 17, 18, 19, 20] Epoch  5 Finsh | Now_lr 0.0030/0.0030 | Lambda 0.0196 | Train Loss 0.2310 | Domain Loss 3.1956 | Valid Loss 1.6672 | Train Acc 90.5271| Valid Acc 54.0978
[TRAINER6] Validation acc increase (53.194917 --> 54.097763) in epoch (5).  Saving model ...
[TRAINER6] TestSub: S[16, 17, 18, 19, 20] Epoch  6 Finsh | Now_lr 0.0030/0.0030 | Lambda 0.0233 | Train Loss 0.2176 | Domain Loss 3.1980 | Valid Loss 1.5395 | Train Acc 91.1138| Valid Acc 52.5383
[TRAINER6] TestSub: S[16, 17, 18, 19, 20] Epoch  7 Finsh | Now_lr 0.0030/0.0030 | Lambda 0.0269 | Train Loss 0.2078 | Domain Loss 3.1999 | Valid Loss 1.9094 | Train Acc 91.6373| Valid Acc 52.8453
[TRAINER6] TestSub: S[16, 17, 18, 19, 20] Epoch  8 Finsh | Now_lr 0.0030/0.0030 | Lambda 0.0304 | Train Loss 0.2031 | Domain Loss 3.2024 | Valid Loss 1.7398 | Train Acc 91.8969| Valid Acc 53.4533
[TRAINER6] TestSub: S[16, 17, 18, 19, 20] Epoch  9 Finsh | Now_lr 0.0030/0.0030 | Lambda 0.0338 | Train Loss 0.1969 | Domain Loss 3.2038 | Valid Loss 1.7633 | Train Acc 92.1814| Valid Acc 53.1037
[TRAINER6] TestSub: S[16, 17, 18, 19, 20] Epoch 10 Finsh | Now_lr 0.0030/0.0030 | Lambda 0.0370 | Train Loss 0.1926 | Domain Loss 3.2040 | Valid Loss 1.7720 | Train Acc 92.4131| Valid Acc 55.7059
[TRAINER6] Validation acc increase (54.097763 --> 55.705861) in epoch (10).  Saving model ...
[TRAINER6] TestSub: S[16, 17, 18, 19, 20] Epoch 11 Finsh | Now_lr 0.0030/0.0030 | Lambda 0.0400 | Train Loss 0.1904 | Domain Loss 3.2050 | Valid Loss 1.8351 | Train Acc 92.5176| Valid Acc 54.7270
[TRAINER6] TestSub: S[16, 17, 18, 19, 20] Epoch 12 Finsh | Now_lr 0.0030/0.0030 | Lambda 0.0430 | Train Loss 0.1869 | Domain Loss 3.2051 | Valid Loss 1.7988 | Train Acc 92.7140| Valid Acc 55.0462
[TRAINER6] TestSub: S[16, 17, 18, 19, 20] Epoch 13 Finsh | Now_lr 0.0030/0.0030 | Lambda 0.0457 | Train Loss 0.1858 | Domain Loss 3.2068 | Valid Loss 1.9526 | Train Acc 92.6362| Valid Acc 51.5534
[TRAINER6] TestSub: S[16, 17, 18, 19, 20] Epoch 14 Finsh | Now_lr 0.0030/0.0030 | Lambda 0.0483 | Train Loss 0.1850 | Domain Loss 3.2076 | Valid Loss 1.7947 | Train Acc 92.7614| Valid Acc 54.9033
[TRAINER6] TestSub: S[16, 17, 18, 19, 20] Epoch 15 Finsh | Now_lr 0.0030/0.0030 | Lambda 0.0508 | Train Loss 0.1847 | Domain Loss 3.2072 | Valid Loss 1.7588 | Train Acc 92.7541| Valid Acc 54.2558
[TRAINER6] TestSub: S[16, 17, 18, 19, 20] Epoch 16 Finsh | Now_lr 0.0030/0.0030 | Lambda 0.0531 | Train Loss 0.1807 | Domain Loss 3.2062 | Valid Loss 1.9402 | Train Acc 92.9286| Valid Acc 51.7479
[TRAINER6] TestSub: S[16, 17, 18, 19, 20] Epoch 17 Finsh | Now_lr 0.0030/0.0030 | Lambda 0.0553 | Train Loss 0.1765 | Domain Loss 3.2082 | Valid Loss 1.6300 | Train Acc 93.1037| Valid Acc 51.9455
[TRAINER6] TestSub: S[16, 17, 18, 19, 20] Epoch 18 Finsh | Now_lr 0.0030/0.0030 | Lambda 0.0573 | Train Loss 0.1785 | Domain Loss 3.2091 | Valid Loss 1.7950 | Train Acc 93.0131| Valid Acc 52.3042
[TRAINER6] TestSub: S[16, 17, 18, 19, 20] Epoch 19 Finsh | Now_lr 0.0030/0.0030 | Lambda 0.0592 | Train Loss 0.1743 | Domain Loss 3.2076 | Valid Loss 1.7499 | Train Acc 93.1834| Valid Acc 49.0394
[TRAINER6] TestSub: S[16, 17, 18, 19, 20] Epoch 20 Finsh | Now_lr 0.0030/0.0030 | Lambda 0.0609 | Train Loss 0.1737 | Domain Loss 3.2087 | Valid Loss 1.6978 | Train Acc 93.2363| Valid Acc 51.4044
[TRAINER6] TestSub: S[16, 17, 18, 19, 20] Epoch 21 Finsh | Now_lr 0.0030/0.0030 | Lambda 0.0625 | Train Loss 0.1724 | Domain Loss 3.2082 | Valid Loss 1.7916 | Train Acc 93.2533| | Domain Loss 2.8268 | Valid Loss 1.9520 | Train Acc 88.4369| Valid Acc 50.5335
[TRAINER2] TestSub: S[26, 27, 28, 29, 30] Epoch  3 Finsh | Now_lr 0.0007/0.0007 | Lambda 0.0119 | Train Loss 0.2203 | Domain Loss 2.8489 | Valid Loss 2.3779 | Train Acc 91.0871| Valid Acc 51.0945
[TRAINER2] TestSub: S[26, 27, 28, 29, 30] Epoch  4 Finsh | Now_lr 0.0007/0.0007 | Lambda 0.0158 | Train Loss 0.1796 | Domain Loss 2.9249 | Valid Loss 2.6599 | Train Acc 92.9463| Valid Acc 50.7165
[TRAINER2] TestSub: S[26, 27, 28, 29, 30] Epoch  5 Finsh | Now_lr 0.0007/0.0007 | Lambda 0.0196 | Train Loss 0.1465 | Domain Loss 2.9902 | Valid Loss 2.8505 | Train Acc 94.3154| Valid Acc 48.6768
[TRAINER2] TestSub: S[26, 27, 28, 29, 30] Epoch  6 Finsh | Now_lr 0.0007/0.0007 | Lambda 0.0233 | Train Loss 0.1229 | Domain Loss 2.9974 | Valid Loss 3.1721 | Train Acc 95.3022| Valid Acc 50.6494
[TRAINER2] TestSub: S[26, 27, 28, 29, 30] Epoch  7 Finsh | Now_lr 0.0007/0.0007 | Lambda 0.0269 | Train Loss 0.1057 | Domain Loss 3.0174 | Valid Loss 3.0744 | Train Acc 96.0092| Valid Acc 50.3811
[TRAINER2] TestSub: S[26, 27, 28, 29, 30] Epoch  8 Finsh | Now_lr 0.0007/0.0007 | Lambda 0.0304 | Train Loss 0.0900 | Domain Loss 3.0102 | Valid Loss 3.0574 | Train Acc 96.6610| Valid Acc 52.9878
[TRAINER2] Validation acc increase (51.143293 --> 52.987805) in epoch (8).  Saving model ...
[TRAINER2] TestSub: S[26, 27, 28, 29, 30] Epoch  9 Finsh | Now_lr 0.0007/0.0007 | Lambda 0.0338 | Train Loss 0.0789 | Domain Loss 3.0115 | Valid Loss 3.3722 | Train Acc 97.0945| Valid Acc 50.5274
[TRAINER2] TestSub: S[26, 27, 28, 29, 30] Epoch 10 Finsh | Now_lr 0.0007/0.0007 | Lambda 0.0370 | Train Loss 0.0702 | Domain Loss 3.0548 | Valid Loss 3.3771 | Train Acc 97.4520| Valid Acc 49.2713
[TRAINER2] TestSub: S[26, 27, 28, 29, 30] Epoch 11 Finsh | Now_lr 0.0007/0.0007 | Lambda 0.0400 | Train Loss 0.0633 | Domain Loss 3.0332 | Valid Loss 3.2430 | Train Acc 97.6897| Valid Acc 48.8720
[TRAINER2] TestSub: S[26, 27, 28, 29, 30] Epoch 12 Finsh | Now_lr 0.0007/0.0007 | Lambda 0.0430 | Train Loss 0.0549 | Domain Loss 3.0771 | Valid Loss 3.5700 | Train Acc 98.0685| Valid Acc 49.4360
[TRAINER2] TestSub: S[26, 27, 28, 29, 30] Epoch 13 Finsh | Now_lr 0.0007/0.0007 | Lambda 0.0457 | Train Loss 0.0520 | Domain Loss 3.0395 | Valid Loss 3.4982 | Train Acc 98.1153| Valid Acc 49.6677
[TRAINER2] TestSub: S[26, 27, 28, 29, 30] Epoch 14 Finsh | Now_lr 0.0007/0.0007 | Lambda 0.0483 | Train Loss 0.0468 | Domain Loss 3.0636 | Valid Loss 3.4898 | Train Acc 98.3481| Valid Acc 45.5793
[TRAINER2] TestSub: S[26, 27, 28, 29, 30] Epoch 15 Finsh | Now_lr 0.0007/0.0007 | Lambda 0.0508 | Train Loss 0.0440 | Domain Loss 3.0588 | Valid Loss 3.6331 | Train Acc 98.4612| Valid Acc 48.4451
[TRAINER2] TestSub: S[26, 27, 28, 29, 30] Epoch 16 Finsh | Now_lr 0.0007/0.0007 | Lambda 0.0531 | Train Loss 0.0406 | Domain Loss 3.0765 | Valid Loss 3.7519 | Train Acc 98.6144| Valid Acc 46.7896
[TRAINER2] TestSub: S[26, 27, 28, 29, 30] Epoch 17 Finsh | Now_lr 0.0007/0.0007 | Lambda 0.0553 | Train Loss 0.0368 | Domain Loss 3.0966 | Valid Loss 4.0648 | Train Acc 98.7232| Valid Acc 47.9787
[TRAINER2] TestSub: S[26, 27, 28, 29, 30] Epoch 18 Finsh | Now_lr 0.0007/0.0007 | Lambda 0.0573 | Train Loss 0.0354 | Domain Loss 3.0905 | Valid Loss 4.1404 | Train Acc 98.7567| Valid Acc 48.3659
[TRAINER2] TestSub: S[26, 27, 28, 29, 30] Epoch 19 Finsh | Now_lr 0.0007/0.0007 | Lambda 0.0592 | Train Loss 0.0337 | Domain Loss 3.1159 | Valid Loss 3.9948 | Train Acc 98.8327| Valid Acc 47.1646
[TRAINER2] TestSub: S[26, 27, 28, 29, 30] Epoch 20 Finsh | Now_lr 0.0007/0.0007 | Lambda 0.0609 | Train Loss 0.0310 | Domain Loss 3.1061 | Valid Loss 4.0496 | Train Acc 98.9366| Valid Acc 48.3232
[TRAINER2] TestSub: S[26, 27, 28, 29, 30] Epoch 21 Finsh | Now_lr 0.0007/0.0007 | Lambda 0.0625 | Train Loss 0.0287 | Domain Loss 3.0951 | Valid Loss 4.4301 | Train Acc 99.0126| Valid Acc 49.0518
[TRAINER2] TestSub: S[26, 27, 28, 29, 30] Epoch 22 Finsh | Now_lr 0.0007/0.0007 | Lambda 0.0640 | Train Loss 0.0295 | Domain Loss 3.1153 | Valid Loss 4.1431 | Train Acc 99.0041| Valid Acc 48.1311
[TRAINER2] TestSub: S[26, 27, 28, 29, 30] Epoch 23 Finsh | Now_lr 0.0007/0.0007 | Lambda 0.0654 | Train Loss 0.0263 | Domain Loss 3.1060 | Valid Loss 4.1333 | Train Acc 99.1020| Valid Acc 47.8140
[TRAINER2] TestSub: S[26, 27, 28, 29, 30] Epoch 24 Finsh | Now_lr 0.0007/0.0007 | Lambda 0.0667 | Train Loss 0.0258 | Domain Loss 3.1445 | Valid Loss 4.1443 | Train Acc 99.1075| Valid Acc 49.8780
[TRAINER2] TestSub: S[26, 27, 28, 29, 30] Epoch 25 Finsh | Now_lr 0.0007/0.0007 | Lambda 0.0679 | Train Loss 0.0243 | Domain Loss 3.1310 | Valid Loss 4.0650 | Train Acc 99.1646| Valid Acc 48.6799
[TRAINER2] TestSub: S[26, 27, 28, 29, 30] Epoch 26 Finsh | Now_lr 0.0007/0.0007 | Lambda 0.0689 | Train Loss 0.0247 | Domain Loss 3.1233 | Valid Loss 4.2578 | Train Acc 99.1385| Valid Acc 49.9177
[TRAINER2] TestSub: S[26, 27, 28, 29, 30] Epoch 27 Finsh | Now_lr 0.0007/0.0007 | Lambda 0.0699 | Train Loss 0.0231 | Domain Loss 3.1148 | Valid Loss 4.1079 | Train Acc 99.2023| Valid Acc 49.7835
[TRAINER2] TestSub: S[26, 27, 28, 29, 30] Epoch 28 Finsh | Now_lr 0.0007/0.0007 | Lambda 0.0708 | Train Loss 0.0219 | Domain Loss 3.1299 | Valid Loss 4.2263 | Train Acc 99.2607| Valid Acc 47.7683
[TRAINER2] TestSub: S[26, 27, 28, 29, 30] Epoch 29 Finsh | Now_lr 0.0007/0.0007 | Lambda 0.0717 | Train Loss 0.0214 | Domain Loss 3.1380 | Valid Loss 4.1682 | Train Acc 99.2984| Valid Acc 48.5427
[TRAINER2] TestSub: S[26, 27, 28, 29, 30] Epoch 30 Finsh | Now_lr 0.0007/0.0007 | Lambda 0.0724 | Train Loss 0.0208 | Domain Loss 3.1294 | Valid Loss 4.3540 | Train Acc 99.2759| Valid Acc 50.1768
[TRAINER2] TestSub: S[26, 27, 28, 29, 30] Epoch 31 Finsh | Now_lr 0.0007/0.0007 | Lambda 0.0731 | Train Loss 0.0193 | Domain Loss 3.1446 | Valid Loss 4.4323 | Train Acc 99.3507| Valid Acc 49.4055
[TRAINER2] TestSub: S[26, 27, 28, 29, 30] Epoch 32 Finsh | Now_lr 0.0007/0.0007 | Lambda 0.0737 | Train Loss 0.0182 | Domain Loss 3.1519 | Valid Loss 4.3273 | Train Acc 99.3866| Valid Acc 49.0213
[TRAINER2] TestSub: S[26, 27, 28, 29, 30] Epoch 33 Finsh | Now_lr 0.0007/0.0007 | Lambda 0.0743 | Train Loss 0.0184 | Domain Loss 3.1582 | Valid Loss 4.2313 | Train Acc 99.3732| Valid Acc 48.8384
[TRAINER2] TestSub: S[26, 27, 28, 29, 30] Epoch 34 Finsh | Now_lr 0.0007/0.0007 | Lambda 0.0748 | Train Loss 0.0178 | Domain Loss 3.1542 | Valid Loss 4.5081 | Train Acc 99.3981| Valid Acc 50.0213
[TRAINER2] TestSub: S[26, 27, 28, 29, 30] Epoch 35 Finsh | Now_lr 0.0007/0.0007 | Lambda 0.0753 | Train Loss 0.0165 | Domain Loss 3.1494 | Valid Loss 4.5936 | Train Acc 99.4546| Valid Acc 47.3262
[TRAINER2] TestSub: S[26, 27, 28, 29, 30] Epoch 36 Finsh | Now_lr 0.0007/0.0007 | Lambda 0.0757 | Train Loss 0.0169 | Domain Loss 3.1550 | Valid Loss 4.6528 | Train Acc 99.4309| Valid Acc 48.9360
[TRAINER2] TestSub: S[26, 27, 28, 29, 30] Epoch 37 Finsh | Now_lr 0.0007/0.0007 | Lambda 0.0761 | Train Loss 0.0157 | Domain Loss 3.1672 | Valid Loss 4.4219 | Train Acc 99.4814| Valid Acc 47.8201
[TRAINER2] TestSub: S[26, 27, 28, 29, 30] Epoch 38 Finsh | Now_lr 0.0007/0.0007 | Lambda 0.0765 | Train Loss 0.0150 | Domain Loss 3.1554 | Valid Loss 4.2700 | Train Acc 99.4863| Valid Acc 47.7591
[TRAINER2] Early stopping triggered after 38 epochs (30 epochs without improvement)
[TRAINER2] --------------------------------------------------
[TRAINER2] Test_Subject :S[26, 27, 28, 29, 30] |Best epoch:8 | Test Loss:3.0574 | Best Acc 52.9878 | Savemodel Acc 52.9878
[TRAINER2] --------------------------------------------------
[TRAINER2] lr:0.0007 -> bs:160
[TRAINER2] 6-Fold Cross Subject Accuracies: [54.77743902439024, 53.978658536585364, 52.61585365853658, 54.23170731707317, 53.99695121951219, 52.987804878048784]
[TRAINER2] Mean Accuracy over 6 folds: 53.7647
[TRAINER2] ============================================================================================================
[TRAINER2] end time: 25-10-11-07:45:40
1                   --
[TRAINER3] │    │    └─Dropout: 3-22                --
[TRAINER3] │    │    └─Linear: 3-23                 3,870
[TRAINER3] =================================================================
[TRAINER3] Total params: 75,976
[TRAINER3] Trainable params: 75,976
[TRAINER3] Non-trainable params: 0
[TRAINER3] =================================================================
[TRAINER3] TestSub: S[26, 27, 28, 29, 30] Epoch  1 Finsh | Now_lr 0.0100/0.0100 | Lambda 0.0075 | Train Loss 0.4708 | Domain Loss 3.1648 | Valid Loss 1.4090 | Train Acc 76.2494| Valid Acc 47.8812
[TRAINER3] Validation acc increase (0.000000 --> 47.881201) in epoch (1).  Saving model ...
[TRAINER3] TestSub: S[26, 27, 28, 29, 30] Epoch  2 Finsh | Now_lr 0.0100/0.0100 | Lambda 0.0150 | Train Loss 0.3104 | Domain Loss 3.1232 | Valid Loss 1.5714 | Train Acc 86.6884| Valid Acc 46.9449
[TRAINER3] TestSub: S[26, 27, 28, 29, 30] Epoch  3 Finsh | Now_lr 0.0100/0.0100 | Lambda 0.0223 | Train Loss 0.2716 | Domain Loss 3.1381 | Valid Loss 1.4715 | Train Acc 88.4946| Valid Acc 50.4134
[TRAINER3] Validation acc increase (47.881201 --> 50.413424) in epoch (3).  Saving model ...
[TRAINER3] TestSub: S[26, 27, 28, 29, 30] Epoch  4 Finsh | Now_lr 0.0100/0.0100 | Lambda 0.0296 | Train Loss 0.2524 | Domain Loss 3.1377 | Valid Loss 1.6246 | Train Acc 89.5556| Valid Acc 48.4709
[TRAINER3] TestSub: S[26, 27, 28, 29, 30] Epoch  5 Finsh | Now_lr 0.0100/0.0100 | Lambda 0.0367 | Train Loss 0.2381 | Domain Loss 3.1388 | Valid Loss 1.4704 | Train Acc 90.2462| Valid Acc 48.6989
[TRAINER3] TestSub: S[26, 27, 28, 29, 30] Epoch  6 Finsh | Now_lr 0.0100/0.0100 | Lambda 0.0437 | Train Loss 0.2300 | Domain Loss 3.1372 | Valid Loss 1.6156 | Train Acc 90.6536| Valid Acc 50.7174
[TRAINER3] Validation acc increase (50.413424 --> 50.717412) in epoch (6).  Saving model ...
[TRAINER3] TestSub: S[26, 27, 28, 29, 30] Epoch  7 Finsh | Now_lr 0.0100/0.0100 | Lambda 0.0505 | Train Loss 0.2260 | Domain Loss 3.1333 | Valid Loss 1.5828 | Train Acc 90.9083| Valid Acc 50.4377
[TRAINER3] TestSub: S[26, 27, 28, 29, 30] Epoch  8 Finsh | Now_lr 0.0100/0.0100 | Lambda 0.0570 | Train Loss 0.2180 | Domain Loss 3.1412 | Valid Loss 1.5616 | Train Acc 91.3236| Valid Acc 50.2736
[TRAINER3] TestSub: S[26, 27, 28, 29, 30] Epoch  9 Finsh | Now_lr 0.0100/0.0100 | Lambda 0.0633 | Train Loss 0.2113 | Domain Loss 3.1494 | Valid Loss 1.7244 | Train Acc 91.5807| Valid Acc 47.3857
[TRAINER3] TestSub: S[26, 27, 28, 29, 30] Epoch 10 Finsh | Now_lr 0.0100/0.0100 | Lambda 0.0693 | Train Loss 0.2040 | Domain Loss 3.1577 | Valid Loss 1.7161 | Train Acc 91.8434| Valid Acc 48.8053
[TRAINER3] TestSub: S[26, 27, 28, 29, 30] Epoch 11 Finsh | Now_lr 0.0100/0.0100 | Lambda 0.0751 | Train Loss 0.1943 | Domain Loss 3.1650 | Valid Loss 1.7757 | Train Acc 92.3200| Valid Acc 49.8784
[TRAINER3] TestSub: S[26, 27, 28, 29, 30] Epoch 12 Finsh | Now_lr 0.0100/0.0100 | Lambda 0.0806 | Train Loss 0.1807 | Domain Loss 3.1719 | Valid Loss 1.7284 | Train Acc 92.9621| Valid Acc 50.9059
[TRAINER3] Validation acc increase (50.717412 --> 50.905885) in epoch (12).  Saving model ...
[TRAINER3] TestSub: S[26, 27, 28, 29, 30] Epoch 13 Finsh | Now_lr 0.0100/0.0100 | Lambda 0.0858 | Train Loss 0.1682 | Domain Loss 3.1763 | Valid Loss 1.6901 | Train Acc 93.5165| Valid Acc 50.3070
[TRAINER3] TestSub: S[26, 27, 28, 29, 30] Epoch 14 Finsh | Now_lr 0.0100/0.0100 | Lambda 0.0907 | Train Loss 0.1576 | Domain Loss 3.1800 | Valid Loss 1.8314 | Train Acc 93.9287| Valid Acc 49.3525
[TRAINER3] TestSub: S[26, 27, 28, 29, 30] Epoch 15 Finsh | Now_lr 0.0100/0.0100 | Lambda 0.0953 | Train Loss 0.1453 | Domain Loss 3.1814 | Valid Loss 1.9240 | Train Acc 94.4893| Valid Acc 49.0759
[TRAINER3] TestSub: S[26, 27, 28, 29, 30] Epoch 16 Finsh | Now_lr 0.0100/0.0100 | Lambda 0.0996 | Train Loss 0.1299 | Domain Loss 3.1868 | Valid Loss 2.0428 | Train Acc 95.1003| Valid Acc 50.0395
[TRAINER3] TestSub: S[26, 27, 28, 29, 30] Epoch 17 Finsh | Now_lr 0.0100/0.0100 | Lambda 0.1037 | Train Loss 0.1221 | Domain Loss 3.1930 | Valid Loss 1.9183 | Train Acc 95.4019| Valid Acc 51.3558
[TRAINER3] Validation acc increase (50.905885 --> 51.355788) in epoch (17).  Saving model ...
[TRAINER3] TestSub: S[26, 27, 28, 29, 30] Epoch 18 Finsh | Now_lr 0.0100/0.0100 | Lambda 0.1074 | Train Loss 0.1142 | Domain Loss 3.1950 | Valid Loss 1.9493 | Train Acc 95.8025| Valid Acc 52.7693
[TRAINER3] Validation acc increase (51.355788 --> 52.769334) in epoch (18).  Saving model ...
[TRAINER3] TestSub: S[26, 27, 28, 29, 30] Epoch 19 Finsh | Now_lr 0.0100/0.0100 | Lambda 0.1110 | Train Loss 0.1105 | Domain Loss 3.1983 | Valid Loss 2.1205 | Train Acc 95.8731| Valid Acc 53.3500
[TRAINER3] Validation acc increase (52.769334 --> 53.349951) in epoch (19).  Saving model ...
[TRAINER3] TestSub: S[26, 27, 28, 29, 30] Epoch 20 Finsh | Now_lr 0.0100/0.0100 | Lambda 0.1142 | Train Loss 0.1047 | Domain Loss 3.2010 | Valid Loss 2.1394 | Train Acc 96.1734| Valid Acc 54.7361
[TRAINER3] Validation acc increase (53.349951 --> 54.736138) in epoch (20).  Saving model ...
[TRAINER3] TestSub: S[26, 27, 28, 29, 30] Epoch 21 Finsh | Now_lr 0.0100/0.0100 | Lambda 0.1173 | Train Loss 0.0992 | Domain Loss 3.2016 | Valid Loss 2.0301 | Train Acc 96.3187| Valid Acc 53.5141
[TRAINER3] TestSub: S[26, 27, 28, 29, 30] Epoch 22 Finsh | Now_lr 0.0100/0.0100 | Lambda 0.1201 | Train Loss 0.0922 | Domain Loss 3.2032 | Valid Loss 2.3050 | Train Acc 96.6136| Valid Acc 50.4985
[TRAINER3] TestSub: S[26, 27, 28, 29, 30] Epoch 23 Finsh | Now_lr 0.0100/0.0100 | Lambda 0.1227 | Train Loss 0.0918 | Domain Loss 3.2046 | Valid Loss 2.1927 | Train Acc 96.6282| Valid Acc 52.2252
[TRAINER3] TestSub: S[26, 27, 28, 29, 30] Epoch 24 Finsh | Now_lr 0.0100/0.0100 | Lambda 0.1250 | Train Loss 0.0866 | Domain Loss 3.2075 | Valid Loss 2.4655 | Train Acc 96.8087| Valid Acc 52.6629
[TRAINER3] TestSub: S[26, 27, 28, 29, 30] Epoch 25 Finsh | Now_lr 0.0100/0.0100 | Lambda 0.1272 | Train Loss 0.0851 | Domain Loss 3.2111 | Valid Loss 2.1425 | Train Acc 96.8975| Valid Acc 52.2799
[TRAINER3] TestSub: S[26, 27, 28, 29, 30] Epoch 26 Finsh | Now_lr 0.0100/0.0100 | Lambda 0.1293 | Train Loss 0.0811 | Domain Loss 3.2119 | Valid Loss 2.5742 | Train Acc 97.0671| Valid Acc 53.7087
[TRAINER3] TestSub: S[26, 27, 28, 29, 30] Epoch 27 Finsh | Now_lr 0.0100/0.0100 | Lambda 0.1311 | Train Loss 0.0783 | Domain Loss 3.2130 | Valid Loss 2.1091 | Train Acc 97.1693| Valid Acc 53.7543
[TRAINER3] TestSub: S[26, 27, 28, 29, 30] Epoch 28 Finsh | Now_lr 0.0100/0.0100 | Lambda 0.1328 | Train Loss 0.0789 | Domain Loss 3.2135 | Valid Loss 2.3627 | Train Acc 97.1571| Valid Acc 51.4531
[TRAINER3] TestSub: S[26, 27, 28, 29, 30] Epoch 29 Finsh | Now_lr 0.0100/0.0100 | Lambda 0.1344 | Train Loss 0.0757 | Domain Loss 3.2154 | Valid Loss 2.3351 | Train Acc 97.2690| Valid Acc 49.1458
[TRAINER3] TestSub: S[26, 27, 28, 29, 30] Epoch 30 Finsh | Now_lr 0.0100/0.0100 | Lambda 0.1358 | Train Loss 0.0725 | Domain Loss 3.2147 | Valid Loss 2.3459 | Train Acc 97.3681| Valid Acc 52.9882
[TRAINER3] TestSub: S[26, 27, 28, 29, 30] Epoch 31 Finsh | Now_lr 0.0100/0.0100 | Lambda 0.1371 | Train Loss 0.0728 | Domain Loss 3.2155 | Valid Loss 2.3145 | Train Acc 97.3048| Valid Acc 50.6323
[TRAINER3] TestSub: S[26, 27, 28, 29, 30] Epoch 32 Finsh | Now_lr 0.0100/0.0100 | Lambda 0.1383 | Train Loss 0.0706 | Domain Loss 3.2159 | Valid Loss 2.4735 | Train Acc 97.4264| Valid Acc 52.5565
[TRAINER3] TestSub: S[26, 27, 28, 29, 30] Epoch 33 Finsh | Now_lr 0.0100/0.0100 | Lambda 0.1393 | Train Loss 0.0702 | Domain Loss 3.2149 | Valid Loss 2.3611 | Train Acc 97.5085| Valid Acc 52.5565
[TRAINER3] TestSub: S[26, 27, 28, 29, 30] Epoch 34 Finsh | Now_lr 0.0100/0.0100 | Lambda 0.1403 | Train Loss 0.0691 | Domain Loss 3.2164 | Valid Loss 2.1399 | Train Acc 97.5365| Valid Acc 52.6660
[TRAINER3] TestSub: S[26, 27, 28, 29, 30] Epoch 35 Finsh | Now_lr 0.0100/0.0100 | Lambda 0.1412 | Train Loss 0.0659 | Domain Loss 3.2170 | Valid Loss 2.1773 | Train Acc 97.5918| Valid Acc 54.3136
[TRAINER3] TestSub: S[26, 27, 28, 29, 30] Epoch 36 Finsh | Now_lr 0.0100/0.0100 | Lambda 0.1420 | Train Loss 0.0648 | Domain Loss 3.2170 | Valid Loss 2.4572 | Train Acc 97.684 Valid Acc 52.9031
[TRAINER6] TestSub: S[16, 17, 18, 19, 20] Epoch 22 Finsh | Now_lr 0.0030/0.0030 | Lambda 0.0640 | Train Loss 0.1704 | Domain Loss 3.2087 | Valid Loss 1.7506 | Train Acc 93.3840| Valid Acc 51.2889
[TRAINER6] TestSub: S[16, 17, 18, 19, 20] Epoch 23 Finsh | Now_lr 0.0030/0.0030 | Lambda 0.0654 | Train Loss 0.1676 | Domain Loss 3.2086 | Valid Loss 1.9878 | Train Acc 93.4989| Valid Acc 52.7025
[TRAINER6] TestSub: S[16, 17, 18, 19, 20] Epoch 24 Finsh | Now_lr 0.0030/0.0030 | Lambda 0.0667 | Train Loss 0.1692 | Domain Loss 3.2075 | Valid Loss 1.8037 | Train Acc 93.4332| Valid Acc 49.1640
[TRAINER6] TestSub: S[16, 17, 18, 19, 20] Epoch 25 Finsh | Now_lr 0.0030/0.0030 | Lambda 0.0679 | Train Loss 0.1652 | Domain Loss 3.2095 | Valid Loss 1.8926 | Train Acc 93.5755| Valid Acc 50.7843
[TRAINER6] TestSub: S[16, 17, 18, 19, 20] Epoch 26 Finsh | Now_lr 0.0030/0.0030 | Lambda 0.0689 | Train Loss 0.1643 | Domain Loss 3.2089 | Valid Loss 1.8419 | Train Acc 93.6266| Valid Acc 52.2830
[TRAINER6] TestSub: S[16, 17, 18, 19, 20] Epoch 27 Finsh | Now_lr 0.0030/0.0030 | Lambda 0.0699 | Train Loss 0.1628 | Domain Loss 3.2089 | Valid Loss 1.8018 | Train Acc 93.7567| Valid Acc 51.0396
[TRAINER6] TestSub: S[16, 17, 18, 19, 20] Epoch 28 Finsh | Now_lr 0.0030/0.0030 | Lambda 0.0708 | Train Loss 0.1594 | Domain Loss 3.2098 | Valid Loss 1.9595 | Train Acc 93.8667| Valid Acc 51.1308
[TRAINER6] TestSub: S[16, 17, 18, 19, 20] Epoch 29 Finsh | Now_lr 0.0030/0.0030 | Lambda 0.0717 | Train Loss 0.1610 | Domain Loss 3.2082 | Valid Loss 1.6786 | Train Acc 93.7543| Valid Acc 52.8514
[TRAINER6] TestSub: S[16, 17, 18, 19, 20] Epoch 30 Finsh | Now_lr 0.0030/0.0030 | Lambda 0.0724 | Train Loss 0.1603 | Domain Loss 3.2091 | Valid Loss 1.8540 | Train Acc 93.8564| Valid Acc 52.0337
[TRAINER6] TestSub: S[16, 17, 18, 19, 20] Epoch 31 Finsh | Now_lr 0.0030/0.0030 | Lambda 0.0731 | Train Loss 0.1561 | Domain Loss 3.2096 | Valid Loss 1.8190 | Train Acc 93.9987| Valid Acc 52.2556
[TRAINER6] TestSub: S[16, 17, 18, 19, 20] Epoch 32 Finsh | Now_lr 0.0030/0.0030 | Lambda 0.0737 | Train Loss 0.1574 | Domain Loss 3.2095 | Valid Loss 1.8199 | Train Acc 93.9512| Valid Acc 52.3134
[TRAINER6] TestSub: S[16, 17, 18, 19, 20] Epoch 33 Finsh | Now_lr 0.0030/0.0030 | Lambda 0.0743 | Train Loss 0.1582 | Domain Loss 3.2094 | Valid Loss 2.0006 | Train Acc 93.8710| Valid Acc 51.5868
[TRAINER6] TestSub: S[16, 17, 18, 19, 20] Epoch 34 Finsh | Now_lr 0.0030/0.0030 | Lambda 0.0748 | Train Loss 0.1579 | Domain Loss 3.2110 | Valid Loss 1.9823 | Train Acc 93.9008| Valid Acc 50.8846
[TRAINER6] TestSub: S[16, 17, 18, 19, 20] Epoch 35 Finsh | Now_lr 0.0030/0.0030 | Lambda 0.0753 | Train Loss 0.1569 | Domain Loss 3.2101 | Valid Loss 1.7567 | Train Acc 94.0230| Valid Acc 51.6020
[TRAINER6] TestSub: S[16, 17, 18, 19, 20] Epoch 36 Finsh | Now_lr 0.0030/0.0030 | Lambda 0.0757 | Train Loss 0.1552 | Domain Loss 3.2108 | Valid Loss 1.9492 | Train Acc 94.0017| Valid Acc 50.4925
[TRAINER6] TestSub: S[16, 17, 18, 19, 20] Epoch 37 Finsh | Now_lr 0.0030/0.0030 | Lambda 0.0761 | Train Loss 0.1556 | Domain Loss 3.2105 | Valid Loss 1.8263 | Train Acc 93.9488| Valid Acc 52.1340
[TRAINER6] TestSub: S[16, 17, 18, 19, 20] Epoch 38 Finsh | Now_lr 0.0030/0.0030 | Lambda 0.0765 | Train Loss 0.1553 | Domain Loss 3.2114 | Valid Loss 2.0127 | Train Acc 94.1002| Valid Acc 50.6353
[TRAINER6] TestSub: S[16, 17, 18, 19, 20] Epoch 39 Finsh | Now_lr 0.0030/0.0030 | Lambda 0.0768 | Train Loss 0.1528 | Domain Loss 3.2113 | Valid Loss 2.0007 | Train Acc 94.1890| Valid Acc 50.8299
[TRAINER6] TestSub: S[16, 17, 18, 19, 20] Epoch 40 Finsh | Now_lr 0.0030/0.0030 | Lambda 0.0771 | Train Loss 0.1512 | Domain Loss 3.2122 | Valid Loss 1.9068 | Train Acc 94.2753| Valid Acc 51.1156
[TRAINER6] Early stopping triggered after 40 epochs (30 epochs without improvement)
[TRAINER6] --------------------------------------------------
[TRAINER6] Test_Subject :S[16, 17, 18, 19, 20] |Best epoch:10 | Test Loss:1.7720 | Best Acc 55.7059 | Savemodel Acc 55.7059
[TRAINER6] --------------------------------------------------
[TRAINER6] 
[TRAINER6] ========== Fold 5 ==========
[TRAINER6] Train IDs: [1, 2, 3, 4, 5, 6, 7, 8, 9, 10, 11, 12, 13, 14, 15, 16, 17, 18, 19, 20, 26, 27, 28, 29, 30]
[TRAINER6] Val IDs:   [21, 22, 23, 24, 25]
[TRAINER6] train_data_shape(164500, 32, 128),val_data_shape(32900, 32, 128)
[TRAINER6] =================================================================
[TRAINER6] Layer (type:depth-idx)                   Param #
[TRAINER6] =================================================================
[TRAINER6] DARNet                                   --
[TRAINER6] ├─TokenEmbedding: 1-1                    --
[TRAINER6] │    └─Sequential: 2-1                   --
[TRAINER6] │    │    └─Conv2d: 3-1                  576
[TRAINER6] │    │    └─BatchNorm2d: 3-2             128
[TRAINER6] │    │    └─GELU: 3-3                    --
[TRAINER6] │    └─Sequential: 2-2                   --
[TRAINER6] │    │    └─Conv2d: 3-4                  32,784
[TRAINER6] │    │    └─BatchNorm2d: 3-5             32
[TRAINER6] │    │    └─GELU: 3-6                    --
[TRAINER6] │    └─PositionalEmbedding: 2-3          --
[TRAINER6] ├─Flatten: 1-2                           --
[TRAINER6] ├─Linear: 1-3                            18
[TRAINER6] ├─AttnRefine: 1-4                        --
[TRAINER6] │    └─MyAttention: 2-4                  --
[TRAINER6] │    │    └─Attention: 3-7               800
[TRAINER6] │    └─Refine: 2-5                       --
[TRAINER6] │    │    └─Conv1d: 3-8                  784
[TRAINER6] │    │    └─BatchNorm1d: 3-9             32
[TRAINER6] │    │    └─ELU: 3-10                    --
[TRAINER6] │    │    └─MaxPool1d: 3-11              --
[TRAINER6] │    └─AdaptiveAvgPool1d: 2-6            --
[TRAINER6] │    └─Linear: 2-7                       68
[TRAINER6] │    └─Flatten: 2-8                      --
[TRAINER6] ├─AttnRefine: 1-5                        --
[TRAINER6] │    └─MyAttention: 2-9                  --
[TRAINER6] │    │    └─Attention: 3-12              800
[TRAINER6] │    └─Refine: 2-10                      --
[TRAINER6] │    │    └─Conv1d: 3-13                 784
[TRAINER6] │    │    └─BatchNorm1d: 3-14            32
[TRAINER6] │    │    └─ELU: 3-15                    --
[TRAINER6] │    │    └─MaxPool1d: 3-16              --
[TRAINER6] │    └─AdaptiveAvgPool1d: 2-11           --
[TRAINER6] │    └─Linear: 2-12                      68
[TRAINER6] │    └─Flatten: 2-13                     --
[TRAINER6] ├─GradientReversalLayer: 1-6             --
[TRAINER6] ├─SubjectDiscriminator: 1-7              --
[TRAINER6] │    └─Sequential: 2-14                  --
[TRAINER6] │    │    └─Linear: 3-17                 2,304
[TRAINER6] │    │    └─ReLU: 3-18                   --
[TRAINER6] │    │    └─Dropout: 3-19                --
[TRAINER6] │    │    └─Linear: 3-20                 32,896
[TRAINER6] │    │    └─ReLU: 3-21                   --
[TRAINER6] │    │    └─Dropout: 3-22                --
[TRAINER6] │    │    └─Linear: 3-23                 3,870
[TRAINER6] =================================================================
[TRAINER6] Total params: 75,976
[TRAINER6] Trainable params: 75,976
[TRAINER6] Non-trainable params: 0
[TRAINER6] =================================================================
[TRAINER6] TestSub: S[21, 22, 23, 24, 25] Epoch  1 Finsh | Now_lr 0.0030/0.0030 | Lambda 0.0040 | Train Loss 0.5454 | Domain Loss 3.1889 | Valid Loss 1.3640 | Train Acc 69.7501| Valid Acc 46.4646
[TRAINER6] Validation acc increase (0.000000 --> 46.464616) in epoch (1).  Saving model ...
[TRAINER6] TestSub: S[21, 22, 23, 24, 25] Epoch  2 Finsh | Now_lr 0.0030/0.0030 | Lambda 0.0080 | Train Loss 0.3689 | Domain Loss 3.1869 | Valid Loss 1.6823 | Train Acc 83.2046| Valid Acc 45.6438
[TRAINER6] TestSub: S[21, 22, 23, 24, 25] Epoch  3 Finsh | Now_lr 0.0030/0.0030 | Lamb8| Valid Acc 51.7935
[TRAINER3] TestSub: S[26, 27, 28, 29, 30] Epoch 37 Finsh | Now_lr 0.0100/0.0100 | Lambda 0.1428 | Train Loss 0.0669 | Domain Loss 3.2171 | Valid Loss 2.4294 | Train Acc 97.5821| Valid Acc 51.6902
[TRAINER3] TestSub: S[26, 27, 28, 29, 30] Epoch 38 Finsh | Now_lr 0.0100/0.0100 | Lambda 0.1434 | Train Loss 0.0634 | Domain Loss 3.2170 | Valid Loss 2.3132 | Train Acc 97.7687| Valid Acc 48.5317
[TRAINER3] TestSub: S[26, 27, 28, 29, 30] Epoch 39 Finsh | Now_lr 0.0100/0.0100 | Lambda 0.1440 | Train Loss 0.0635 | Domain Loss 3.2172 | Valid Loss 2.6872 | Train Acc 97.7146| Valid Acc 49.6991
[TRAINER3] TestSub: S[26, 27, 28, 29, 30] Epoch 40 Finsh | Now_lr 0.0100/0.0100 | Lambda 0.1446 | Train Loss 0.0643 | Domain Loss 3.2175 | Valid Loss 2.6726 | Train Acc 97.7006| Valid Acc 48.5013
[TRAINER3] TestSub: S[26, 27, 28, 29, 30] Epoch 41 Finsh | Now_lr 0.0100/0.0100 | Lambda 0.1451 | Train Loss 0.0607 | Domain Loss 3.2178 | Valid Loss 2.4167 | Train Acc 97.8338| Valid Acc 50.0334
[TRAINER3] TestSub: S[26, 27, 28, 29, 30] Epoch 42 Finsh | Now_lr 0.0100/0.0100 | Lambda 0.1456 | Train Loss 0.0646 | Domain Loss 3.2179 | Valid Loss 2.4715 | Train Acc 97.6903| Valid Acc 50.6566
[TRAINER3] TestSub: S[26, 27, 28, 29, 30] Epoch 43 Finsh | Now_lr 0.0100/0.0100 | Lambda 0.1460 | Train Loss 0.0611 | Domain Loss 3.2182 | Valid Loss 2.4019 | Train Acc 97.8320| Valid Acc 53.1584
[TRAINER3] TestSub: S[26, 27, 28, 29, 30] Epoch 44 Finsh | Now_lr 0.0100/0.0100 | Lambda 0.1464 | Train Loss 0.0630 | Domain Loss 3.2183 | Valid Loss 2.2794 | Train Acc 97.7420| Valid Acc 50.9059
[TRAINER3] TestSub: S[26, 27, 28, 29, 30] Epoch 45 Finsh | Now_lr 0.0100/0.0100 | Lambda 0.1467 | Train Loss 0.0581 | Domain Loss 3.2180 | Valid Loss 2.4766 | Train Acc 97.9706| Valid Acc 53.0308
[TRAINER3] TestSub: S[26, 27, 28, 29, 30] Epoch 46 Finsh | Now_lr 0.0100/0.0100 | Lambda 0.1470 | Train Loss 0.0596 | Domain Loss 3.2183 | Valid Loss 2.4951 | Train Acc 97.8617| Valid Acc 49.6443
[TRAINER3] TestSub: S[26, 27, 28, 29, 30] Epoch 47 Finsh | Now_lr 0.0100/0.0100 | Lambda 0.1473 | Train Loss 0.0575 | Domain Loss 3.2189 | Valid Loss 2.2050 | Train Acc 97.9748| Valid Acc 51.5655
[TRAINER3] TestSub: S[26, 27, 28, 29, 30] Epoch 48 Finsh | Now_lr 0.0100/0.0100 | Lambda 0.1476 | Train Loss 0.0606 | Domain Loss 3.2187 | Valid Loss 2.4965 | Train Acc 97.8575| Valid Acc 48.0666
[TRAINER3] TestSub: S[26, 27, 28, 29, 30] Epoch 49 Finsh | Now_lr 0.0100/0.0100 | Lambda 0.1478 | Train Loss 0.0605 | Domain Loss 3.2192 | Valid Loss 2.5686 | Train Acc 97.8435| Valid Acc 49.5744
[TRAINER3] TestSub: S[26, 27, 28, 29, 30] Epoch 50 Finsh | Now_lr 0.0100/0.0100 | Lambda 0.1480 | Train Loss 0.0566 | Domain Loss 3.2192 | Valid Loss 2.5861 | Train Acc 97.9621| Valid Acc 50.9059
[TRAINER3] Early stopping triggered after 50 epochs (30 epochs without improvement)
[TRAINER3] --------------------------------------------------
[TRAINER3] Test_Subject :S[26, 27, 28, 29, 30] |Best epoch:20 | Test Loss:2.1394 | Best Acc 54.7361 | Savemodel Acc 54.7361
[TRAINER3] --------------------------------------------------
[TRAINER3] lr:0.01 -> bs:128
[TRAINER3] 6-Fold Cross Subject Accuracies: [52.2738326848249, 51.869528210116734, 53.39250972762646, 53.59618190661478, 58.262402723735406, 54.73613813229572]
[TRAINER3] Mean Accuracy over 6 folds: 54.0218
[TRAINER3] ============================================================================================================
[TRAINER3] end time: 25-10-11-08:22:44
da 0.0119 | Train Loss 0.2778 | Domain Loss 3.1876 | Valid Loss 2.1219 | Train Acc 88.2405| Valid Acc 46.7595
[TRAINER6] Validation acc increase (46.464616 --> 46.759484) in epoch (3).  Saving model ...
[TRAINER6] TestSub: S[21, 22, 23, 24, 25] Epoch  4 Finsh | Now_lr 0.0030/0.0030 | Lambda 0.0158 | Train Loss 0.2340 | Domain Loss 3.1911 | Valid Loss 2.0120 | Train Acc 90.3648| Valid Acc 49.3829
[TRAINER6] Validation acc increase (46.759484 --> 49.382904) in epoch (4).  Saving model ...
[TRAINER6] TestSub: S[21, 22, 23, 24, 25] Epoch  5 Finsh | Now_lr 0.0030/0.0030 | Lambda 0.0196 | Train Loss 0.2055 | Domain Loss 3.1931 | Valid Loss 2.2916 | Train Acc 91.7534| Valid Acc 47.2702
[TRAINER6] TestSub: S[21, 22, 23, 24, 25] Epoch  6 Finsh | Now_lr 0.0030/0.0030 | Lambda 0.0233 | Train Loss 0.1887 | Domain Loss 3.1937 | Valid Loss 2.0945 | Train Acc 92.4945| Valid Acc 48.8023
[TRAINER6] TestSub: S[21, 22, 23, 24, 25] Epoch  7 Finsh | Now_lr 0.0030/0.0030 | Lambda 0.0269 | Train Loss 0.1791 | Domain Loss 3.1955 | Valid Loss 1.9921 | Train Acc 92.8873| Valid Acc 49.7325
[TRAINER6] Validation acc increase (49.382904 --> 49.732490) in epoch (7).  Saving model ...
[TRAINER6] TestSub: S[21, 22, 23, 24, 25] Epoch  8 Finsh | Now_lr 0.0030/0.0030 | Lambda 0.0304 | Train Loss 0.1698 | Domain Loss 3.1981 | Valid Loss 1.9862 | Train Acc 93.3092| Valid Acc 48.8631
[TRAINER6] TestSub: S[21, 22, 23, 24, 25] Epoch  9 Finsh | Now_lr 0.0030/0.0030 | Lambda 0.0338 | Train Loss 0.1617 | Domain Loss 3.1977 | Valid Loss 2.2534 | Train Acc 93.6935| Valid Acc 48.7597
[TRAINER6] TestSub: S[21, 22, 23, 24, 25] Epoch 10 Finsh | Now_lr 0.0030/0.0030 | Lambda 0.0370 | Train Loss 0.1569 | Domain Loss 3.2001 | Valid Loss 2.1334 | Train Acc 93.9373| Valid Acc 47.6471
[TRAINER6] TestSub: S[21, 22, 23, 24, 25] Epoch 11 Finsh | Now_lr 0.0030/0.0030 | Lambda 0.0400 | Train Loss 0.1483 | Domain Loss 3.1998 | Valid Loss 2.5944 | Train Acc 94.1847| Valid Acc 48.5226
[TRAINER6] TestSub: S[21, 22, 23, 24, 25] Epoch 12 Finsh | Now_lr 0.0030/0.0030 | Lambda 0.0430 | Train Loss 0.1410 | Domain Loss 3.2017 | Valid Loss 2.2245 | Train Acc 94.5762| Valid Acc 48.0423
[TRAINER6] TestSub: S[21, 22, 23, 24, 25] Epoch 13 Finsh | Now_lr 0.0030/0.0030 | Lambda 0.0457 | Train Loss 0.1364 | Domain Loss 3.2043 | Valid Loss 2.3258 | Train Acc 94.7124| Valid Acc 48.3433
[TRAINER6] TestSub: S[21, 22, 23, 24, 25] Epoch 14 Finsh | Now_lr 0.0030/0.0030 | Lambda 0.0483 | Train Loss 0.1319 | Domain Loss 3.2057 | Valid Loss 2.6361 | Train Acc 94.9058| Valid Acc 48.7141
[TRAINER6] TestSub: S[21, 22, 23, 24, 25] Epoch 15 Finsh | Now_lr 0.0030/0.0030 | Lambda 0.0508 | Train Loss 0.1295 | Domain Loss 3.2063 | Valid Loss 2.3578 | Train Acc 94.9751| Valid Acc 49.3981
[TRAINER6] TestSub: S[21, 22, 23, 24, 25] Epoch 16 Finsh | Now_lr 0.0030/0.0030 | Lambda 0.0531 | Train Loss 0.1255 | Domain Loss 3.2064 | Valid Loss 2.5573 | Train Acc 95.1787| Valid Acc 50.6840
[TRAINER6] Validation acc increase (49.732490 --> 50.683974) in epoch (16).  Saving model ...
[TRAINER6] TestSub: S[21, 22, 23, 24, 25] Epoch 17 Finsh | Now_lr 0.0030/0.0030 | Lambda 0.0553 | Train Loss 0.1223 | Domain Loss 3.2074 | Valid Loss 2.6781 | Train Acc 95.3016| Valid Acc 48.8509
[TRAINER6] TestSub: S[21, 22, 23, 24, 25] Epoch 18 Finsh | Now_lr 0.0030/0.0030 | Lambda 0.0573 | Train Loss 0.1192 | Domain Loss 3.2085 | Valid Loss 2.9404 | Train Acc 95.4274| Valid Acc 48.8783
[TRAINER6] TestSub: S[21, 22, 23, 24, 25] Epoch 19 Finsh | Now_lr 0.0030/0.0030 | Lambda 0.0592 | Train Loss 0.1165 | Domain Loss 3.2092 | Valid Loss 2.8014 | Train Acc 95.6019| Valid Acc 50.2341
[TRAINER6] TestSub: S[21, 22, 23, 24, 25] Epoch 20 Finsh | Now_lr 0.0030/0.0030 | Lambda 0.0609 | Train Loss 0.1134 | Domain Loss 3.2094 | Valid Loss 2.6127 | Train Acc 95.7107| Valid Acc 47.4191
[TRAINER6] TestSub: S[21, 22, 23, 24, 25] Epoch 21 Finsh | Now_lr 0.0030/0.0030 | Lambda 0.0625 | Train Loss 0.1129 | Domain Loss 3.2094 | Valid Loss 2.5433 | Train Acc 95.7618| Valid Acc 47.6350
[TRAINER6] TestSub: S[21, 22, 23, 24, 25] Epoch 22 Finsh | Now_lr 0.0030/0.0030 | Lambda 0.0640 | Train Loss 0.1093 | Domain Loss 3.2095 | Valid Loss 2.7676 | Train Acc 95.8858| Valid Acc 49.8389
[TRAINER6] TestSub: S[21, 22, 23, 24, 25] Epoch 23 Finsh | Now_lr 0.0030/0.0030 | Lambda 0.0654 | Train Loss 0.1074 | Domain Loss 3.2116 | Valid Loss 2.6626 | Train Acc 95.9138| Valid Acc 48.0332
[TRAINER6] TestSub: S[21, 22, 23, 24, 25] Epoch 24 Finsh | Now_lr 0.0030/0.0030 | Lambda 0.0667 | Train Loss 0.1060 | Domain Loss 3.2116 | Valid Loss 2.6939 | Train Acc 96.0117| Valid Acc 48.5469
[TRAINER6] TestSub: S[21, 22, 23, 24, 25] Epoch 25 Finsh | Now_lr 0.0030/0.0030 | Lambda 0.0679 | Train Loss 0.1058 | Domain Loss 3.2120 | Valid Loss 2.3818 | Train Acc 95.9649| Valid Acc 48.8844
[TRAINER6] TestSub: S[21, 22, 23, 24, 25] Epoch 26 Finsh | Now_lr 0.0030/0.0030 | Lambda 0.0689 | Train Loss 0.1022 | Domain Loss 3.2121 | Valid Loss 2.6796 | Train Acc 96.2384| Valid Acc 48.1183
[TRAINER6] TestSub: S[21, 22, 23, 24, 25] Epoch 27 Finsh | Now_lr 0.0030/0.0030 | Lambda 0.0699 | Train Loss 0.1010 | Domain Loss 3.2132 | Valid Loss 2.7932 | Train Acc 96.2457| Valid Acc 49.3586
[TRAINER6] TestSub: S[21, 22, 23, 24, 25] Epoch 28 Finsh | Now_lr 0.0030/0.0030 | Lambda 0.0708 | Train Loss 0.0995 | Domain Loss 3.2143 | Valid Loss 2.8059 | Train Acc 96.3321| Valid Acc 49.6808
[TRAINER6] TestSub: S[21, 22, 23, 24, 25] Epoch 29 Finsh | Now_lr 0.0030/0.0030 | Lambda 0.0717 | Train Loss 0.1005 | Domain Loss 3.2142 | Valid Loss 2.7880 | Train Acc 96.2506| Valid Acc 48.9999
[TRAINER6] TestSub: S[21, 22, 23, 24, 25] Epoch 30 Finsh | Now_lr 0.0030/0.0030 | Lambda 0.0724 | Train Loss 0.1000 | Domain Loss 3.2143 | Valid Loss 2.8144 | Train Acc 96.2695| Valid Acc 48.4375
[TRAINER6] TestSub: S[21, 22, 23, 24, 25] Epoch 31 Finsh | Now_lr 0.0030/0.0030 | Lambda 0.0731 | Train Loss 0.0991 | Domain Loss 3.2142 | Valid Loss 2.6700 | Train Acc 96.3540| Valid Acc 49.2370
[TRAINER6] TestSub: S[21, 22, 23, 24, 25] Epoch 32 Finsh | Now_lr 0.0030/0.0030 | Lambda 0.0737 | Train Loss 0.0980 | Domain Loss 3.2151 | Valid Loss 2.5553 | Train Acc 96.3655| Valid Acc 47.3006
[TRAINER6] TestSub: S[21, 22, 23, 24, 25] Epoch 33 Finsh | Now_lr 0.0030/0.0030 | Lambda 0.0743 | Train Loss 0.0982 | Domain Loss 3.2150 | Valid Loss 2.6035 | Train Acc 96.3765| Valid Acc 49.8298
[TRAINER6] TestSub: S[21, 22, 23, 24, 25] Epoch 34 Finsh | Now_lr 0.0030/0.0030 | Lambda 0.0748 | Train Loss 0.0960 | Domain Loss 3.2148 | Valid Loss 2.5540 | Train Acc 96.4482| Valid Acc 48.2794
[TRAINER6] TestSub: S[21, 22, 23, 24, 25] Epoch 35 Finsh | Now_lr 0.0030/0.0030 | Lambda 0.0753 | Train Loss 0.0950 | Domain Loss 3.2152 | Valid Loss 2.7799 | Train Acc 96.4810| Valid Acc 47.5803
[TRAINER6] TestSub: S[21, 22, 23, 24, 25] Epoch 36 Finsh | Now_lr 0.0030/0.0030 | Lambda 0.0757 | Train Loss 0.0971 | Domain Loss 3.2165 | Valid Loss 2.9008 | Train Acc 96.4275| Valid Acc 49.5319
[TRAINER6] TestSub: S[21, 22, 23, 24, 25] Epoch 37 Finsh | Now_lr 0.0030/0.0030 | Lambda 0.0761 | Train Loss 0.0943 | Domain Loss 3.2158 | Valid Loss 2.5136 | Train Acc 96.5291| Valid Acc 48.8965
[TRAINER6] TestSub: S[21, 22, 23, 24, 25] Epoch 38 Finsh | Now_lr 0.0030/0.0030 | Lambda 0.0765 | Train Loss 0.0944 | Domain Loss 3.2148 | Valid Loss 2.8390 | Train Acc 96.5139| Valid Acc 48.0545
[TRAINER6] TestSub: S[21, 22, 23, 24, 25] Epoch 39 Finsh | Now_lr 0.0030/0.0030 | Lambda 0.0768 | Train Loss 0.0920 | Domain Loss 3.2161 | Valid Loss 2.7864 | Train Acc 96.6142| Valid Acc 46.4707
[TRAINER6] TestSub: S[21, 22, 23, 24, 25] Epoch 40 Finsh | Now_lr 0.0030/0.0030 | Lambda 0.0771 | Train Loss 0.0921 | Domain Loss 3.2157 | Valid Loss 2.7989 | Train Acc 96.6099| Valid Acc 47.5316
[TRAINER6] TestSub: S[21, 22, 23, 24, 25] Epoch 41 Finsh | Now_lr 0.0030/0.0030 | Lambda 0.0774 | Train Loss 0.0932 | Domain Loss 3.2164 | Valid Loss 2.5819 | Train Acc 96.5984| Valid Acc 48.8236
[TRAINER6] TestSub: S[21, 22, 23, 24, 25] Epoch 42 Finsh | Now_lr 0.0030/0.0030 | Lambda 0.0776 | Train Loss 0.0925 | Domain Loss 3.2160 | Valid Loss 2.7359 | Train Acc 96.5978| Valid Acc 50.3374
[TRAINER6] TestSub: S[21, 22, 23, 24, 25] Epoch 43 Finsh | Now_lr 0.0030/0.0030 | Lambda 0.0779 | Train Loss 0.0918 | Domain Loss 3.2162 | Valid Loss 2.7669 | Train Acc 96.6196| Valid Acc 48.9847
[TRAINER6] TestSub: S[21, 22, 23, 24, 25] Epoch 44 Finsh | Now_lr 0.0030/0.0030 | Lambda 0.0781 | Train Loss 0.0917 | Domain Loss 3.2167 | Valid Loss 2.7777 | Train Acc 96.6762| Valid Acc 50.4377
[TRAINER6] TestSub: S[21, 22, 23, 24, 25] Epoch 45 Finsh | Now_lr 0.0030/0.0030 | Lambda 0.0782 | Train Loss 0.0902 | Domain Loss 3.2161 | Valid Loss 2.6124 | Train Acc 96.6683| Valid Acc 50.6718
[TRAINER6] TestSub: S[21, 22, 23, 24, 25] Epoch 46 Finsh | Now_lr 0.0030/0.0030 | Lambda 0.0784 | Train Loss 0.0903 | Domain Loss 3.2163 | Valid Loss 2.8823 | Train Acc 96.7303| Valid Acc 48.3493
[TRAINER6] Early stopping triggered after 46 epochs (30 epochs without improvement)
[TRAINER6] --------------------------------------------------
[TRAINER6] Test_Subject :S[21, 22, 23, 24, 25] |Best epoch:16 | Test Loss:2.5573 | Best Acc 50.6840 | Savemodel Acc 50.6840
[TRAINER6] --------------------------------------------------
[TRAINER6] 
[TRAINER6] ========== Fold 6 ==========
[TRAINER6] Train IDs: [1, 2, 3, 4, 5, 6, 7, 8, 9, 10, 11, 12, 13, 14, 15, 16, 17, 18, 19, 20, 21, 22, 23, 24, 25]
[TRAINER6] Val IDs:   [26, 27, 28, 29, 30]
[TRAINER6] train_data_shape(164500, 32, 128),val_data_shape(32900, 32, 128)
[TRAINER6] =================================================================
[TRAINER6] Layer (type:depth-idx)                   Param #
[TRAINER6] =================================================================
[TRAINER6] DARNet                                   --
[TRAINER6] ├─TokenEmbedding: 1-1                    --
[TRAINER6] │    └─Sequential: 2-1                   --
[TRAINER6] │    │    └─Conv2d: 3-1                  576
[TRAINER6] │    │    └─BatchNorm2d: 3-2             128
[TRAINER6] │    │    └─GELU: 3-3                    --
[TRAINER6] │    └─Sequential: 2-2                   --
[TRAINER6] │    │    └─Conv2d: 3-4                  32,784
[TRAINER6] │    │    └─BatchNorm2d: 3-5             32
[TRAINER6] │    │    └─GELU: 3-6                    --
[TRAINER6] │    └─PositionalEmbedding: 2-3          --
[TRAINER6] ├─Flatten: 1-2                           --
[TRAINER6] ├─Linear: 1-3                            18
[TRAINER6] ├─AttnRefine: 1-4                        --
[TRAINER6] │    └─MyAttention: 2-4                  --
[TRAINER6] │    │    └─Attention: 3-7               800
[TRAINER6] │    └─Refine: 2-5                       --
[TRAINER6] │    │    └─Conv1d: 3-8                  784
[TRAINER6] │    │    └─BatchNorm1d: 3-9             32
[TRAINER6] │    │    └─ELU: 3-10                    --
[TRAINER6] │    │    └─MaxPool1d: 3-11              --
[TRAINER6] │    └─AdaptiveAvgPool1d: 2-6            --
[TRAINER6] │    └─Linear: 2-7                       68
[TRAINER6] │    └─Flatten: 2-8                      --
[TRAINER6] ├─AttnRefine: 1-5                        --
[TRAINER6] │    └─MyAttention: 2-9                  --
[TRAINER6] │    │    └─Attention: 3-12              800
[TRAINER6] │    └─Refine: 2-10                      --
[TRAINER6] │    │    └─Conv1d: 3-13                 784
[TRAINER6] │    │    └─BatchNorm1d: 3-14            32
[TRAINER6] │    │    └─ELU: 3-15                    --
[TRAINER6] │    │    └─MaxPool1d: 3-16              --
[TRAINER6] │    └─AdaptiveAvgPool1d: 2-11           --
[TRAINER6] │    └─Linear: 2-12                      68
[TRAINER6] │    └─Flatten: 2-13                     --
[TRAINER6] ├─GradientReversalLayer: 1-6             --
[TRAINER6] ├─SubjectDiscriminator: 1-7              --
[TRAINER6] │    └─Sequential: 2-14                  --
[TRAINER6] │    │    └─Linear: 3-17                 2,304
[TRAINER6] │    │    └─ReLU: 3-18                   --
[TRAINER6] │    │    └─Dropout: 3-19                --
[TRAINER6] │    │    └─Linear: 3-20                 32,896
[TRAINER6] │    │    └─ReLU: 3-21                   --
[TRAINER6] │    │    └─Dropout: 3-22                --
[TRAINER6] │    │    └─Linear: 3-23                 3,870
[TRAINER6] =================================================================
[TRAINER6] Total params: 75,976
[TRAINER6] Trainable params: 75,976
[TRAINER6] Non-trainable params: 0
[TRAINER6] =================================================================
[TRAINER6] TestSub: S[26, 27, 28, 29, 30] Epoch  1 Finsh | Now_lr 0.0030/0.0030 | Lambda 0.0040 | Train Loss 0.5603 | Domain Loss 3.1879 | Valid Loss 1.1730 | Train Acc 68.2521| Valid Acc 48.8448
[TRAINER6] Validation acc increase (0.000000 --> 48.844844) in epoch (1).  Saving model ...
[TRAINER6] TestSub: S[26, 27, 28, 29, 30] Epoch  2 Finsh | Now_lr 0.0030/0.0030 | Lambda 0.0080 | Train Loss 0.3939 | Domain Loss 3.1933 | Valid Loss 1.5751 | Train Acc 80.4013| Valid Acc 49.9544
[TRAINER6] Validation acc increase (48.844844 --> 49.954402) in epoch (2).  Saving model ...
[TRAINER6] TestSub: S[26, 27, 28, 29, 30] Epoch  3 Finsh | Now_lr 0.0030/0.0030 | Lambda 0.0119 | Train Loss 0.2908 | Domain Loss 3.1969 | Valid Loss 1.8240 | Train Acc 87.4605| Valid Acc 51.9425
[TRAINER6] Validation acc increase (49.954402 --> 51.942485) in epoch (3).  Saving model ...
[TRAINER6] TestSub: S[26, 27, 28, 29, 30] Epoch  4 Finsh | Now_lr 0.0030/0.0030 | Lambda 0.0158 | Train Loss 0.2206 | Domain Loss 3.2040 | Valid Loss 2.1668 | Train Acc 91.1576| Valid Acc 50.9971
[TRAINER6] TestSub: S[26, 27, 28, 29, 30] Epoch  5 Finsh | Now_lr 0.0030/0.0030 | Lambda 0.0196 | Train Loss 0.1756 | Domain Loss 3.2076 | Valid Loss 1.9760 | Train Acc 93.1633| Valid Acc 51.2768
[TRAINER6] TestSub: S[26, 27, 28, 29, 30] Epoch  6 Finsh | Now_lr 0.0030/0.0030 | Lambda 0.0233 | Train Loss 0.1477 | Domain Loss 3.2082 | Valid Loss 2.2304 | Train Acc 94.4157| Valid Acc 53.6783
[TRAINER6] Validation acc increase (51.942485 --> 53.678259) in epoch (6).  Saving model ...
[TRAINER6] TestSub: S[26, 27, 28, 29, 30] Epoch  7 Finsh | Now_lr 0.0030/0.0030 | Lambda 0.0269 | Train Loss 0.1286 | Domain Loss 3.2103 | Valid Loss 2.7696 | Train Acc 95.1344| Valid Acc 51.8999
[TRAINER6] TestSub: S[26, 27, 28, 29, 30] Epoch  8 Finsh | Now_lr 0.0030/0.0030 | Lambda 0.0304 | Train Loss 0.1180 | Domain Loss 3.2118 | Valid Loss 2.8085 | Train Acc 95.6116| Valid Acc 52.4045
[TRAINER6] TestSub: S[26, 27, 28, 29, 30] Epoch  9 Finsh | Now_lr 0.0030/0.0030 | Lambda 0.0338 | Train Loss 0.1109 | Domain Loss 3.2137 | Valid Loss 2.6585 | Train Acc 95.9387| Valid Acc 50.7448
[TRAINER6] TestSub: S[26, 27, 28, 29, 30] Epoch 10 Finsh | Now_lr 0.0030/0.0030 | Lambda 0.0370 | Train Loss 0.1056 | Domain Loss 3.2134 | Valid Loss 2.0539 | Train Acc 96.1083| Valid Acc 54.2467
[TRAINER6] Validation acc increase (53.678259 --> 54.246717) in epoch (10).  Saving model ...
[TRAINER6] TestSub: S[26, 27, 28, 29, 30] Epoch 11 Finsh | Now_lr 0.0030/0.0030 | Lambda 0.0400 | Train Loss 0.1032 | Domain Loss 3.2152 | Valid Loss 2.3322 | Train Acc 96.2324| Valid Acc 51.5291
[TRAINER6] TestSub: S[26, 27, 28, 29, 30] Epoch 12 Finsh | Now_lr 0.0030/0.0030 | Lambda 0.0430 | Train Loss 0.0978 | Domain Loss 3.2142 | Valid Loss 2.8904 | Train Acc 96.4634| Valid Acc 53.5749
[TRAINER6] TestSub: S[26, 27, 28, 29, 30] Epoch 13 Finsh | Now_lr 0.0030/0.0030 | Lambda 0.0457 | Train Loss 0.0959 | Domain Loss 3.2149 | Valid Loss 2.3638 | Train Acc 96.5285| Valid Acc 51.4014
[TRAINER6] TestSub: S[26, 27, 28, 29, 30] Epoch 14 Finsh | Now_lr 0.0030/0.0030 | Lambda 0.0483 | Train Loss 0.0948 | Domain Loss 3.2163 | Valid Loss 2.6839 | Train Acc 96.5844| Valid Acc 51.3193
[TRAINER6] TestSub: S[26, 27, 28, 29, 30] Epoch 15 Finsh | Now_lr 0.0030/0.0030 | Lambda 0.0508 | Train Loss 0.0932 | Domain Loss 3.2161 | Valid Loss 2.6691 | Train Acc 96.6087| Valid Acc 51.5139
[TRAINER6] TestSub: S[26, 27, 28, 29, 30] Epoch 16 Finsh | Now_lr 0.0030/0.0030 | Lambda 0.0531 | Train Loss 0.0917 | Domain Loss 3.2161 | Valid Loss 2.5980 | Train Acc 96.7181| Valid Acc 51.1369
[TRAINER6] TestSub: S[26, 27, 28, 29, 30] Epoch 17 Finsh | Now_lr 0.0030/0.0030 | Lambda 0.0553 | Train Loss 0.0890 | Domain Loss 3.2167 | Valid Loss 2.5072 | Train Acc 96.7704| Valid Acc 48.9269
[TRAINER6] TestSub: S[26, 27, 28, 29, 30] Epoch 18 Finsh | Now_lr 0.0030/0.0030 | Lambda 0.0573 | Train Loss 0.0890 | Domain Loss 3.2161 | Valid Loss 2.7922 | Train Acc 96.8160| Valid Acc 52.6994
[TRAINER6] TestSub: S[26, 27, 28, 29, 30] Epoch 19 Finsh | Now_lr 0.0030/0.0030 | Lambda 0.0592 | Train Loss 0.0884 | Domain Loss 3.2162 | Valid Loss 2.8446 | Train Acc 96.8799| Valid Acc 52.7876
[TRAINER6] TestSub: S[26, 27, 28, 29, 30] Epoch 20 Finsh | Now_lr 0.0030/0.0030 | Lambda 0.0609 | Train Loss 0.0874 | Domain Loss 3.2165 | Valid Loss 2.3549 | Train Acc 96.8720| Valid Acc 48.1426
[TRAINER6] TestSub: S[26, 27, 28, 29, 30] Epoch 21 Finsh | Now_lr 0.0030/0.0030 | Lambda 0.0625 | Train Loss 0.0867 | Domain Loss 3.2174 | Valid Loss 2.6923 | Train Acc 96.8872| Valid Acc 51.8969
[TRAINER6] TestSub: S[26, 27, 28, 29, 30] Epoch 22 Finsh | Now_lr 0.0030/0.0030 | Lambda 0.0640 | Train Loss 0.0854 | Domain Loss 3.2172 | Valid Loss 2.8579 | Train Acc 96.9534| Valid Acc 50.5259
[TRAINER6] TestSub: S[26, 27, 28, 29, 30] Epoch 23 Finsh | Now_lr 0.0030/0.0030 | Lambda 0.0654 | Train Loss 0.0844 | Domain Loss 3.2176 | Valid Loss 2.6159 | Train Acc 96.9565| Valid Acc 49.3373
[TRAINER6] TestSub: S[26, 27, 28, 29, 30] Epoch 24 Finsh | Now_lr 0.0030/0.0030 | Lambda 0.0667 | Train Loss 0.0841 | Domain Loss 3.2185 | Valid Loss 2.5902 | Train Acc 96.9735| Valid Acc 51.9273
[TRAINER6] TestSub: S[26, 27, 28, 29, 30] Epoch 25 Finsh | Now_lr 0.0030/0.0030 | Lambda 0.0679 | Train Loss 0.0839 | Domain Loss 3.2190 | Valid Loss 2.1777 | Train Acc 97.0081| Valid Acc 52.4866
[TRAINER6] TestSub: S[26, 27, 28, 29, 30] Epoch 26 Finsh | Now_lr 0.0030/0.0030 | Lambda 0.0689 | Train Loss 0.0814 | Domain Loss 3.2189 | Valid Loss 2.4500 | Train Acc 97.1522| Valid Acc 51.9881
[TRAINER6] TestSub: S[26, 27, 28, 29, 30] Epoch 27 Finsh | Now_lr 0.0030/0.0030 | Lambda 0.0699 | Train Loss 0.0823 | Domain Loss 3.2185 | Valid Loss 2.3362 | Train Acc 97.0835| Valid Acc 50.6961
[TRAINER6] TestSub: S[26, 27, 28, 29, 30] Epoch 28 Finsh | Now_lr 0.0030/0.0030 | Lambda 0.0708 | Train Loss 0.0817 | Domain Loss 3.2197 | Valid Loss 2.0744 | Train Acc 97.1589| Valid Acc 53.9032
[TRAINER6] TestSub: S[26, 27, 28, 29, 30] Epoch 29 Finsh | Now_lr 0.0030/0.0030 | Lambda 0.0717 | Train Loss 0.0809 | Domain Loss 3.2203 | Valid Loss 2.2990 | Train Acc 97.1449| Valid Acc 50.7721
[TRAINER6] TestSub: S[26, 27, 28, 29, 30] Epoch 30 Finsh | Now_lr 0.0030/0.0030 | Lambda 0.0724 | Train Loss 0.0819 | Domain Loss 3.2200 | Valid Loss 2.6806 | Train Acc 97.0860| Valid Acc 49.5683
[TRAINER6] TestSub: S[26, 27, 28, 29, 30] Epoch 31 Finsh | Now_lr 0.0030/0.0030 | Lambda 0.0731 | Train Loss 0.0804 | Domain Loss 3.2198 | Valid Loss 2.1470 | Train Acc 97.1699| Valid Acc 51.1491
[TRAINER6] TestSub: S[26, 27, 28, 29, 30] Epoch 32 Finsh | Now_lr 0.0030/0.0030 | Lambda 0.0737 | Train Loss 0.0817 | Domain Loss 3.2195 | Valid Loss 2.6759 | Train Acc 97.1079| Valid Acc 52.6386
[TRAINER6] TestSub: S[26, 27, 28, 29, 30] Epoch 33 Finsh | Now_lr 0.0030/0.0030 | Lambda 0.0743 | Train Loss 0.0804 | Domain Loss 3.2196 | Valid Loss 2.3370 | Train Acc 97.1224| Valid Acc 51.0700
[TRAINER6] TestSub: S[26, 27, 28, 29, 30] Epoch 34 Finsh | Now_lr 0.0030/0.0030 | Lambda 0.0748 | Train Loss 0.0793 | Domain Loss 3.2201 | Valid Loss 2.4138 | Train Acc 97.1711| Valid Acc 53.2922
[TRAINER6] TestSub: S[26, 27, 28, 29, 30] Epoch 35 Finsh | Now_lr 0.0030/0.0030 | Lambda 0.0753 | Train Loss 0.0784 | Domain Loss 3.2198 | Valid Loss 2.3813 | Train Acc 97.1948| Valid Acc 52.7663
[TRAINER6] TestSub: S[26, 27, 28, 29, 30] Epoch 36 Finsh | Now_lr 0.0030/0.0030 | Lambda 0.0757 | Train Loss 0.0794 | Domain Loss 3.2198 | Valid Loss 2.3637 | Train Acc 97.1948| Valid Acc 53.1949
[TRAINER6] TestSub: S[26, 27, 28, 29, 30] Epoch 37 Finsh | Now_lr 0.0030/0.0030 | Lambda 0.0761 | Train Loss 0.0791 | Domain Loss 3.2203 | Valid Loss 2.2883 | Train Acc 97.2264| Valid Acc 50.6597
[TRAINER6] TestSub: S[26, 27, 28, 29, 30] Epoch 38 Finsh | Now_lr 0.0030/0.0030 | Lambda 0.0765 | Train Loss 0.0786 | Domain Loss 3.2196 | Valid Loss 2.7639 | Train Acc 97.2143| Valid Acc 52.6538
[TRAINER6] TestSub: S[26, 27, 28, 29, 30] Epoch 39 Finsh | Now_lr 0.0030/0.0030 | Lambda 0.0768 | Train Loss 0.0776 | Domain Loss 3.2203 | Valid Loss 2.2488 | Train Acc 97.2732| Valid Acc 51.6993
[TRAINER6] TestSub: S[26, 27, 28, 29, 30] Epoch 40 Finsh | Now_lr 0.0030/0.0030 | Lambda 0.0771 | Train Loss 0.0773 | Domain Loss 3.2206 | Valid Loss 2.3927 | Train Acc 97.2082| Valid Acc 52.3893
[TRAINER6] Early stopping triggered after 40 epochs (30 epochs without improvement)
[TRAINER6] --------------------------------------------------
[TRAINER6] Test_Subject :S[26, 27, 28, 29, 30] |Best epoch:10 | Test Loss:2.0539 | Best Acc 54.2467 | Savemodel Acc 54.2467
[TRAINER6] --------------------------------------------------
[TRAINER6] lr:0.003 -> bs:64
[TRAINER6] 6-Fold Cross Subject Accuracies: [52.775413424124515, 55.01580739299611, 54.10080252918288, 55.70586089494164, 50.68397373540856, 54.246716926070036]
[TRAINER6] Mean Accuracy over 6 folds: 53.7548
[TRAINER6] ============================================================================================================
[TRAINER6] end time: 25-10-11-09:03:41
