==========================================
SLURM_CLUSTER_NAME = param-shivay
SLURM_ARRAY_JOB_ID = 
SLURM_ARRAY_TASK_ID = 
SLURM_ARRAY_TASK_COUNT = 
SLURM_ARRAY_TASK_MAX = 
SLURM_ARRAY_TASK_MIN = 
SLURM_JOB_ACCOUNT = mechanical_engg
SLURM_JOB_ID = 1154907
SLURM_JOB_NAME = eeg-dan-dual
SLURM_JOB_NODELIST = gpu006
SLURM_JOB_USER = suyash.kumar.mec22.itbhu
SLURM_JOB_UID = 6339
SLURM_JOB_PARTITION = gpu
SLURM_TASK_PID = 9890
SLURM_SUBMIT_DIR = /scratch/suyash.kumar.mec22.itbhu/EEG-AAD/eeg-aad-challenge2026-task1-baselines-master
SLURM_CPUS_ON_NODE = 16
SLURM_NTASKS = 
SLURM_TASK_PID = 9890
==========================================
Current device is cuda:0
start time: task1_AAD_MM-AAD_trainer2_2025-10-08-15-41-37
============================================================================================================
Arguments =
	_action_groups: [<argparse._ArgumentGroup object at 0x7fc8f5daa490>, <argparse._ArgumentGroup object at 0x7fc8ccbed670>]
	_actions: [_HelpAction(option_strings=['-h', '--help'], dest='help', nargs=0, const=None, default='==SUPPRESS==', type=None, choices=None, required=False, help='show this help message and exit', metavar=None)]
	_defaults: {}
	_has_negative_number_optionals: []
	_mutually_exclusive_groups: []
	_negative_number_matcher: re.compile('^-\\d+$|^-\\d*\\.\\d+$')
	_option_string_actions: {'-h': _HelpAction(option_strings=['-h', '--help'], dest='help', nargs=0, const=None, default='==SUPPRESS==', type=None, choices=None, required=False, help='show this help message and exit', metavar=None), '--help': _HelpAction(option_strings=['-h', '--help'], dest='help', nargs=0, const=None, default='==SUPPRESS==', type=None, choices=None, required=False, help='show this help message and exit', metavar=None)}
	_optionals: <argparse._ArgumentGroup object at 0x7fc8ccbed670>
	_positionals: <argparse._ArgumentGroup object at 0x7fc8f5daa490>
	_registries: {'action': {None: <class 'argparse._StoreAction'>, 'store': <class 'argparse._StoreAction'>, 'store_const': <class 'argparse._StoreConstAction'>, 'store_true': <class 'argparse._StoreTrueAction'>, 'store_false': <class 'argparse._StoreFalseAction'>, 'append': <class 'argparse._AppendAction'>, 'append_const': <class 'argparse._AppendConstAction'>, 'count': <class 'argparse._CountAction'>, 'help': <class 'argparse._HelpAction'>, 'version': <class 'argparse._VersionAction'>, 'parsers': <class 'argparse._SubParsersAction'>, 'extend': <class 'argparse._ExtendAction'>}, 'type': {None: <function ArgumentParser.__init__.<locals>.identity at 0x7fc8ccc0b4c0>}}
	_subparsers: None
	add_help: True
	allow_abbrev: True
	argument_default: None
	batch_size: 128
	conflict_handler: error
	data_path: /home/suyash.kumar.mec22.itbhu/EEG-AAD_audio_visual/preprocessed/data/
	dataset: MM-AAD
	description: None
	eeg_channel: 32
	epilog: None
	exit_on_error: True
	fig_path: ./exps/cross-subject/DARNet/figures/
	formatter_class: <class 'argparse.HelpFormatter'>
	fromfile_prefix_chars: None
	fs: 128
	label_path: /home/suyash.kumar.mec22.itbhu/EEG-AAD_audio_visual/preprocessed/label/
	lam: 0.2
	lambda_domain: 0.1
	log_interval: 10
	lr: 0.0005
	lr_decayrate: 0.3
	max_epoch: 100
	model: DARNet
	model_save_path: ./exps/cross-subject/DARNet/baseline_task1_AAD_MM-AAD_trainer2_2025-10-08-15-41-37
	overlap: 0.5
	patience: 10
	prefix_chars: -
	prog: trainer2.py
	seed: 42
	start_time: task1_AAD_MM-AAD_trainer2_2025-10-08-15-41-37
	subject_number: 40
	trail_number: 20
	usage: None
	use_domain_adversarial: True
	weight_decay: 0.0003
	win_len: 256
	win_time: 2
	window_lap: 128.0
============================================================================================================

========== Fold 1 ==========
Train IDs: [6, 7, 8, 9, 10, 11, 12, 13, 14, 15, 16, 17, 18, 19, 20, 21, 22, 23, 24, 25, 26, 27, 28, 29, 30]
Val IDs:   [1, 2, 3, 4, 5]
train_data_shape(164500, 32, 128),val_data_shape(32900, 32, 128)
=================================================================
Layer (type:depth-idx)                   Param #
=================================================================
DARNet                                   --
├─TokenEmbedding: 1-1                    --
│    └─Sequential: 2-1                   --
│    │    └─Conv2d: 3-1                  576
│    │    └─BatchNorm2d: 3-2             128
│    │    └─GELU: 3-3                    --
│    └─Sequential: 2-2                   --
│    │    └─Conv2d: 3-4                  32,784
│    │    └─BatchNorm2d: 3-5             32
│    │    └─GELU: 3-6                    --
│    └─PositionalEmbedding: 2-3          --
├─Flatten: 1-2                           --
├─Linear: 1-3                            18
├─AttnRefine: 1-4                        --
│    └─MyAttention: 2-4                  --
│    │    └─Attention: 3-7               800
│    └─Refine: 2-5                       --
│    │    └─Conv1d: 3-8                  784
│    │    └─BatchNorm1d: 3-9             32
│    │    └─ELU: 3-10                    --
│    │    └─MaxPool1d: 3-11              --
│    └─AdaptiveAvgPool1d: 2-6            --
│    └─Linear: 2-7                       68
│    └─Flatten: 2-8                      --
├─AttnRefine: 1-5                        --
│    └─MyAttention: 2-9                  --
│    │    └─Attention: 3-12              800
│    └─Refine: 2-10                      --
│    │    └─Conv1d: 3-13                 784
│    │    └─BatchNorm1d: 3-14            32
│    │    └─ELU: 3-15                    --
│    │    └─MaxPool1d: 3-16              --
│    └─AdaptiveAvgPool1d: 2-11           --
│    └─Linear: 2-12                      68
│    └─Flatten: 2-13                     --
├─GradientReversalLayer: 1-6             --
├─SubjectDiscriminator: 1-7              --
│    └─Sequential: 2-14                  --
│    │    └─Linear: 3-17                 2,304
│    │    └─ReLU: 3-18                   --
│    │    └─Dropout: 3-19                --
│    │    └─Linear: 3-20                 32,896
│    │    └─ReLU: 3-21                   --
│    │    └─Dropout: 3-22                --
│    │    └─Linear: 3-23                 3,870
=================================================================
Total params: 75,976
Trainable params: 75,976
Non-trainable params: 0
=================================================================
TestSub: S[1, 2, 3, 4, 5] Epoch  1 Finsh | Now_lr 0.0005/0.0005 | Lambda 0.0050 | Train Loss 0.4742 | Valid Loss 1.3752 | Train Acc 75.7034| Valid Acc 49.2887
Validation acc increase (0.000000 --> 49.288667) in epoch (1).  Saving model ...
TestSub: S[1, 2, 3, 4, 5] Epoch  2 Finsh | Now_lr 0.0005/0.0005 | Lambda 0.0100 | Train Loss 0.3162 | Valid Loss 1.7814 | Train Acc 86.0123| Valid Acc 49.0850
TestSub: S[1, 2, 3, 4, 5] Epoch  3 Finsh | Now_lr 0.0005/0.0005 | Lambda 0.0149 | Train Loss 0.2480 | Valid Loss 2.0891 | Train Acc 89.4559| Valid Acc 47.9602
TestSub: S[1, 2, 3, 4, 5] Epoch  4 Finsh | Now_lr 0.0005/0.0005 | Lambda 0.0197 | Train Loss 0.1975 | Valid Loss 2.4064 | Train Acc 91.9607| Valid Acc 49.5045
Validation acc increase (49.288667 --> 49.504499) in epoch (4).  Saving model ...
TestSub: S[1, 2, 3, 4, 5] Epoch  5 Finsh | Now_lr 0.0005/0.0005 | Lambda 0.0245 | Train Loss 0.1601 | Valid Loss 2.5545 | Train Acc 93.6947| Valid Acc 49.8389
Validation acc increase (49.504499 --> 49.838886) in epoch (5).  Saving model ...
TestSub: S[1, 2, 3, 4, 5] Epoch  6 Finsh | Now_lr 0.0005/0.0005 | Lambda 0.0291 | Train Loss 0.1361 | Valid Loss 2.5966 | Train Acc 94.7380| Valid Acc 49.4832
TestSub: S[1, 2, 3, 4, 5] Epoch  7 Finsh | Now_lr 0.0005/0.0005 | Lambda 0.0336 | Train Loss 0.1175 | Valid Loss 2.9608 | Train Acc 95.5527| Valid Acc 49.9058
Validation acc increase (49.838886 --> 49.905764) in epoch (7).  Saving model ...
TestSub: S[1, 2, 3, 4, 5] Epoch  8 Finsh | Now_lr 0.0005/0.0005 | Lambda 0.0380 | Train Loss 0.1034 | Valid Loss 2.9730 | Train Acc 96.0883| Valid Acc 50.6809
Validation acc increase (49.905764 --> 50.680934) in epoch (8).  Saving model ...
TestSub: S[1, 2, 3, 4, 5] Epoch  9 Finsh | Now_lr 0.0005/0.0005 | Lambda 0.0422 | Train Loss 0.0935 | Valid Loss 3.0907 | Train Acc 96.5266| Valid Acc 51.2129
Validation acc increase (50.680934 --> 51.212913) in epoch (9).  Saving model ...
TestSub: S[1, 2, 3, 4, 5] Epoch 10 Finsh | Now_lr 0.0005/0.0005 | Lambda 0.0462 | Train Loss 0.0816 | Valid Loss 3.3362 | Train Acc 96.9771| Valid Acc 49.5106
TestSub: S[1, 2, 3, 4, 5] Epoch 11 Finsh | Now_lr 0.0005/0.0005 | Lambda 0.0501 | Train Loss 0.0749 | Valid Loss 3.3551 | Train Acc 97.2909| Valid Acc 49.8754
TestSub: S[1, 2, 3, 4, 5] Epoch 12 Finsh | Now_lr 0.0005/0.0005 | Lambda 0.0537 | Train Loss 0.0675 | Valid Loss 3.5352 | Train Acc 97.5906| Valid Acc 48.8996
TestSub: S[1, 2, 3, 4, 5] Epoch 13 Finsh | Now_lr 0.0005/0.0005 | Lambda 0.0572 | Train Loss 0.0628 | Valid Loss 3.6548 | Train Acc 97.7663| Valid Acc 47.4860
TestSub: S[1, 2, 3, 4, 5] Epoch 14 Finsh | Now_lr 0.0005/0.0005 | Lambda 0.0604 | Train Loss 0.0572 | Valid Loss 3.5832 | Train Acc 98.0071| Valid Acc 47.7505
TestSub: S[1, 2, 3, 4, 5] Epoch 15 Finsh | Now_lr 0.0005/0.0005 | Lambda 0.0635 | Train Loss 0.0566 | Valid Loss 3.5784 | Train Acc 97.9773| Valid Acc 49.5683
TestSub: S[1, 2, 3, 4, 5] Epoch 16 Finsh | Now_lr 0.0005/0.0005 | Lambda 0.0664 | Train Loss 0.0500 | Valid Loss 3.7699 | Train Acc 98.2162| Valid Acc 49.3282
TestSub: S[1, 2, 3, 4, 5] Epoch 17 Finsh | Now_lr 0.0005/0.0005 | Lambda 0.0691 | Train Loss 0.0474 | Valid Loss 3.9605 | Train Acc 98.3232| Valid Acc 48.7901
TestSub: S[1, 2, 3, 4, 5] Epoch 18 Finsh | Now_lr 0.0005/0.0005 | Lambda 0.0716 | Train Loss 0.0435 | Valid Loss 3.9285 | Train Acc 98.5105| Valid Acc 49.6930
TestSub: S[1, 2, 3, 4, 5] Epoch 19 Finsh | Now_lr 0.0005/0.0005 | Lambda 0.0740 | Train Loss 0.0413 | Valid Loss 3.9457 | Train Acc 98.5384| Valid Acc 49.0850
TestSub: S[1, 2, 3, 4, 5] Epoch 20 Finsh | Now_lr 0.0005/0.0005 | Lambda 0.0762 | Train Loss 0.0403 | Valid Loss 4.1056 | Train Acc 98.5986| Valid Acc 49.4498
TestSub: S[1, 2, 3, 4, 5] Epoch 21 Finsh | Now_lr 0.0005/0.0005 | Lambda 0.0782 | Train Loss 0.0389 | Valid Loss 4.2080 | Train Acc 98.6278| Valid Acc 47.8234
TestSub: S[1, 2, 3, 4, 5] Epoch 22 Finsh | Now_lr 0.0005/0.0005 | Lambda 0.0800 | Train Loss 0.0362 | Valid Loss 4.0450 | Train Acc 98.7415| Valid Acc 48.8144
TestSub: S[1, 2, 3, 4, 5] Epoch 23 Finsh | Now_lr 0.0005/0.0005 | Lambda 0.0818 | Train Loss 0.0353 | Valid Loss 4.0258 | Train Acc 98.7725| Valid Acc 49.2279
TestSub: S[1, 2, 3, 4, 5] Epoch 24 Finsh | Now_lr 0.0005/0.0005 | Lambda 0.0834 | Train Loss 0.0326 | Valid Loss 4.7011 | Train Acc 98.8600| Valid Acc 47.5863
TestSub: S[1, 2, 3, 4, 5] Epoch 25 Finsh | Now_lr 0.0005/0.0005 | Lambda 0.0848 | Train Loss 0.0328 | Valid Loss 4.3063 | Train Acc 98.8613| Valid Acc 48.5439
TestSub: S[1, 2, 3, 4, 5] Epoch 26 Finsh | Now_lr 0.0005/0.0005 | Lambda 0.0862 | Train Loss 0.0297 | Valid Loss 4.7137 | Train Acc 98.9798| Valid Acc 47.0179
TestSub: S[1, 2, 3, 4, 5] Epoch 27 Finsh | Now_lr 0.0005/0.0005 | Lambda 0.0874 | Train Loss 0.0303 | Valid Loss 4.7077 | Train Acc 98.9452| Valid Acc 45.3216
TestSub: S[1, 2, 3, 4, 5] Epoch 28 Finsh | Now_lr 0.0005/0.0005 | Lambda 0.0885 | Train Loss 0.0286 | Valid Loss 4.4346 | Train Acc 99.0285| Valid Acc 46.4829
TestSub: S[1, 2, 3, 4, 5] Epoch 29 Finsh | Now_lr 0.0005/0.0005 | Lambda 0.0896 | Train Loss 0.0277 | Valid Loss 4.5648 | Train Acc 99.0661| Valid Acc 47.6319
TestSub: S[1, 2, 3, 4, 5] Epoch 30 Finsh | Now_lr 0.0005/0.0005 | Lambda 0.0905 | Train Loss 0.0285 | Valid Loss 4.8357 | Train Acc 99.0029| Valid Acc 47.3219
TestSub: S[1, 2, 3, 4, 5] Epoch 31 Finsh | Now_lr 0.0005/0.0005 | Lambda 0.0914 | Train Loss 0.0266 | Valid Loss 4.7686 | Train Acc 99.1008| Valid Acc 45.5435
TestSub: S[1, 2, 3, 4, 5] Epoch 32 Finsh | Now_lr 0.0005/0.0005 | Lambda 0.0922 | Train Loss 0.0261 | Valid Loss 4.5755 | Train Acc 99.0947| Valid Acc 46.6227
TestSub: S[1, 2, 3, 4, 5] Epoch 33 Finsh | Now_lr 0.0005/0.0005 | Lambda 0.0929 | Train Loss 0.0258 | Valid Loss 4.5878 | Train Acc 99.1196| Valid Acc 45.5800
TestSub: S[1, 2, 3, 4, 5] Epoch 34 Finsh | Now_lr 0.0005/0.0005 | Lambda 0.0935 | Train Loss 0.0254 | Valid Loss 4.9114 | Train Acc 99.1379| Valid Acc 45.3429
TestSub: S[1, 2, 3, 4, 5] Epoch 35 Finsh | Now_lr 0.0005/0.0005 | Lambda 0.0941 | Train Loss 0.0231 | Valid Loss 4.6990 | Train Acc 99.2333| Valid Acc 45.7958
TestSub: S[1, 2, 3, 4, 5] Epoch 36 Finsh | Now_lr 0.0005/0.0005 | Lambda 0.0947 | Train Loss 0.0237 | Valid Loss 4.8240 | Train Acc 99.2060| Valid Acc 46.2518
TestSub: S[1, 2, 3, 4, 5] Epoch 37 Finsh | Now_lr 0.0005/0.0005 | Lambda 0.0952 | Train Loss 0.0203 | Valid Loss 5.0149 | Train Acc 99.3087| Valid Acc 46.1667
TestSub: S[1, 2, 3, 4, 5] Epoch 38 Finsh | Now_lr 0.0005/0.0005 | Lambda 0.0956 | Train Loss 0.0210 | Valid Loss 5.0427 | Train Acc 99.2893| Valid Acc 45.4979
TestSub: S[1, 2, 3, 4, 5] Epoch 39 Finsh | Now_lr 0.0005/0.0005 | Lambda 0.0960 | Train Loss 0.0198 | Valid Loss 4.7639 | Train Acc 99.3251| Valid Acc 47.3948
TestSub: S[1, 2, 3, 4, 5] Epoch 40 Finsh | Now_lr 0.0005/0.0005 | Lambda 0.0964 | Train Loss 0.0190 | Valid Loss 4.7901 | Train Acc 99.3598| Valid Acc 48.5439
TestSub: S[1, 2, 3, 4, 5] Epoch 41 Finsh | Now_lr 0.0005/0.0005 | Lambda 0.0967 | Train Loss 0.0194 | Valid Loss 4.9643 | Train Acc 99.3568| Valid Acc 45.5891
TestSub: S[1, 2, 3, 4, 5] Epoch 42 Finsh | Now_lr 0.0005/0.0005 | Lambda 0.0970 | Train Loss 0.0187 | Valid Loss 5.2081 | Train Acc 99.3896| Valid Acc 44.3519
TestSub: S[1, 2, 3, 4, 5] Epoch 43 Finsh | Now_lr 0.0005/0.0005 | Lambda 0.0973 | Train Loss 0.0188 | Valid Loss 4.9058 | Train Acc 99.3543| Valid Acc 46.3217
TestSub: S[1, 2, 3, 4, 5] Epoch 44 Finsh | Now_lr 0.0005/0.0005 | Lambda 0.0976 | Train Loss 0.0187 | Valid Loss 4.8776 | Train Acc 99.3689| Valid Acc 45.6651
TestSub: S[1, 2, 3, 4, 5] Epoch 45 Finsh | Now_lr 0.0005/0.0005 | Lambda 0.0978 | Train Loss 0.0177 | Valid Loss 5.2362 | Train Acc 99.3926| Valid Acc 45.4706
TestSub: S[1, 2, 3, 4, 5] Epoch 46 Finsh | Now_lr 0.0005/0.0005 | Lambda 0.0980 | Train Loss 0.0172 | Valid Loss 5.0640 | Train Acc 99.4206| Valid Acc 45.6834
TestSub: S[1, 2, 3, 4, 5] Epoch 47 Finsh | Now_lr 0.0005/0.0005 | Lambda 0.0982 | Train Loss 0.0160 | Valid Loss 5.2481 | Train Acc 99.4887| Valid Acc 46.7443
TestSub: S[1, 2, 3, 4, 5] Epoch 48 Finsh | Now_lr 0.0005/0.0005 | Lambda 0.0984 | Train Loss 0.0175 | Valid Loss 5.0070 | Train Acc 99.4376| Valid Acc 45.5101
TestSub: S[1, 2, 3, 4, 5] Epoch 49 Finsh | Now_lr 0.0005/0.0005 | Lambda 0.0985 | Train Loss 0.0175 | Valid Loss 5.0740 | Train Acc 99.4103| Valid Acc 45.6651
TestSub: S[1, 2, 3, 4, 5] Epoch 50 Finsh | Now_lr 0.0005/0.0005 | Lambda 0.0987 | Train Loss 0.0157 | Valid Loss 4.8710 | Train Acc 99.4711| Valid Acc 47.1121
TestSub: S[1, 2, 3, 4, 5] Epoch 51 Finsh | Now_lr 0.0005/0.0005 | Lambda 0.0988 | Train Loss 0.0159 | Valid Loss 4.7526 | Train Acc 99.4808| Valid Acc 46.3187
TestSub: S[1, 2, 3, 4, 5] Epoch 52 Finsh | Now_lr 0.0005/0.0005 | Lambda 0.0989 | Train Loss 0.0149 | Valid Loss 5.0771 | Train Acc 99.5069| Valid Acc 46.2792
TestSub: S[1, 2, 3, 4, 5] Epoch 53 Finsh | Now_lr 0.0005/0.0005 | Lambda 0.0990 | Train Loss 0.0163 | Valid Loss 4.8013 | Train Acc 99.4595| Valid Acc 46.6045
TestSub: S[1, 2, 3, 4, 5] Epoch 54 Finsh | Now_lr 0.0005/0.0005 | Lambda 0.0991 | Train Loss 0.0140 | Valid Loss 5.4987 | Train Acc 99.5221| Valid Acc 47.2945
TestSub: S[1, 2, 3, 4, 5] Epoch 55 Finsh | Now_lr 0.0005/0.0005 | Lambda 0.0992 | Train Loss 0.0148 | Valid Loss 5.2350 | Train Acc 99.5130| Valid Acc 45.8202
TestSub: S[1, 2, 3, 4, 5] Epoch 56 Finsh | Now_lr 0.0005/0.0005 | Lambda 0.0993 | Train Loss 0.0153 | Valid Loss 5.3931 | Train Acc 99.4966| Valid Acc 45.8232
TestSub: S[1, 2, 3, 4, 5] Epoch 57 Finsh | Now_lr 0.0005/0.0005 | Lambda 0.0993 | Train Loss 0.0133 | Valid Loss 5.5006 | Train Acc 99.5677| Valid Acc 45.3763
TestSub: S[1, 2, 3, 4, 5] Epoch 58 Finsh | Now_lr 0.0005/0.0005 | Lambda 0.0994 | Train Loss 0.0138 | Valid Loss 5.0587 | Train Acc 99.5392| Valid Acc 46.1089
TestSub: S[1, 2, 3, 4, 5] Epoch 59 Finsh | Now_lr 0.0005/0.0005 | Lambda 0.0995 | Train Loss 0.0131 | Valid Loss 5.0712 | Train Acc 99.5775| Valid Acc 46.1971
TestSub: S[1, 2, 3, 4, 5] Epoch 60 Finsh | Now_lr 0.0005/0.0005 | Lambda 0.0995 | Train Loss 0.0133 | Valid Loss 5.0325 | Train Acc 99.5501| Valid Acc 46.7017
TestSub: S[1, 2, 3, 4, 5] Epoch 61 Finsh | Now_lr 0.0005/0.0005 | Lambda 0.0996 | Train Loss 0.0132 | Valid Loss 4.7378 | Train Acc 99.5969| Valid Acc 46.2366
TestSub: S[1, 2, 3, 4, 5] Epoch 62 Finsh | Now_lr 0.0005/0.0005 | Lambda 0.0996 | Train Loss 0.0126 | Valid Loss 5.7901 | Train Acc 99.5854| Valid Acc 44.6346
TestSub: S[1, 2, 3, 4, 5] Epoch 63 Finsh | Now_lr 0.0005/0.0005 | Lambda 0.0996 | Train Loss 0.0140 | Valid Loss 5.4227 | Train Acc 99.5349| Valid Acc 45.2547
TestSub: S[1, 2, 3, 4, 5] Epoch 64 Finsh | Now_lr 0.0005/0.0005 | Lambda 0.0997 | Train Loss 0.0123 | Valid Loss 5.1010 | Train Acc 99.5841| Valid Acc 46.3582
TestSub: S[1, 2, 3, 4, 5] Epoch 65 Finsh | Now_lr 0.0005/0.0005 | Lambda 0.0997 | Train Loss 0.0123 | Valid Loss 5.0691 | Train Acc 99.5939| Valid Acc 47.8356
TestSub: S[1, 2, 3, 4, 5] Epoch 66 Finsh | Now_lr 0.0005/0.0005 | Lambda 0.0997 | Train Loss 0.0125 | Valid Loss 5.0625 | Train Acc 99.5920| Valid Acc 47.8386
TestSub: S[1, 2, 3, 4, 5] Epoch 67 Finsh | Now_lr 0.0005/0.0005 | Lambda 0.0998 | Train Loss 0.0111 | Valid Loss 5.3984 | Train Acc 99.6340| Valid Acc 47.4252
TestSub: S[1, 2, 3, 4, 5] Epoch 68 Finsh | Now_lr 0.0005/0.0005 | Lambda 0.0998 | Train Loss 0.0117 | Valid Loss 5.3682 | Train Acc 99.6352| Valid Acc 46.4829
TestSub: S[1, 2, 3, 4, 5] Epoch 69 Finsh | Now_lr 0.0005/0.0005 | Lambda 0.0998 | Train Loss 0.0111 | Valid Loss 5.2637 | Train Acc 99.6334| Valid Acc 45.5496
TestSub: S[1, 2, 3, 4, 5] Epoch 70 Finsh | Now_lr 0.0005/0.0005 | Lambda 0.0998 | Train Loss 0.0112 | Valid Loss 5.3917 | Train Acc 99.6231| Valid Acc 46.5163
TestSub: S[1, 2, 3, 4, 5] Epoch 71 Finsh | Now_lr 0.0005/0.0005 | Lambda 0.0998 | Train Loss 0.0121 | Valid Loss 5.4167 | Train Acc 99.6066| Valid Acc 47.0665
TestSub: S[1, 2, 3, 4, 5] Epoch 72 Finsh | Now_lr 0.0005/0.0005 | Lambda 0.0999 | Train Loss 0.0110 | Valid Loss 5.1834 | Train Acc 99.6389| Valid Acc 48.8935
TestSub: S[1, 2, 3, 4, 5] Epoch 73 Finsh | Now_lr 0.0005/0.0005 | Lambda 0.0999 | Train Loss 0.0099 | Valid Loss 5.3417 | Train Acc 99.6741| Valid Acc 49.2674
TestSub: S[1, 2, 3, 4, 5] Epoch 74 Finsh | Now_lr 0.0005/0.0005 | Lambda 0.0999 | Train Loss 0.0110 | Valid Loss 5.1674 | Train Acc 99.6255| Valid Acc 48.8175
TestSub: S[1, 2, 3, 4, 5] Epoch 75 Finsh | Now_lr 0.0005/0.0005 | Lambda 0.0999 | Train Loss 0.0101 | Valid Loss 5.3650 | Train Acc 99.6656| Valid Acc 48.0302
TestSub: S[1, 2, 3, 4, 5] Epoch 76 Finsh | Now_lr 0.0005/0.0005 | Lambda 0.0999 | Train Loss 0.0104 | Valid Loss 5.4662 | Train Acc 99.6729| Valid Acc 47.6866
TestSub: S[1, 2, 3, 4, 5] Epoch 77 Finsh | Now_lr 0.0005/0.0005 | Lambda 0.0999 | Train Loss 0.0100 | Valid Loss 5.6518 | Train Acc 99.6839| Valid Acc 48.2277
TestSub: S[1, 2, 3, 4, 5] Epoch 78 Finsh | Now_lr 0.0005/0.0005 | Lambda 0.0999 | Train Loss 0.0110 | Valid Loss 5.0191 | Train Acc 99.6419| Valid Acc 49.3221
TestSub: S[1, 2, 3, 4, 5] Epoch 79 Finsh | Now_lr 0.0005/0.0005 | Lambda 0.0999 | Train Loss 0.0099 | Valid Loss 5.3808 | Train Acc 99.6674| Valid Acc 48.0089
TestSub: S[1, 2, 3, 4, 5] Epoch 80 Finsh | Now_lr 0.0005/0.0005 | Lambda 0.0999 | Train Loss 0.0103 | Valid Loss 5.4422 | Train Acc 99.6680| Valid Acc 47.8903
TestSub: S[1, 2, 3, 4, 5] Epoch 81 Finsh | Now_lr 0.0005/0.0005 | Lambda 0.0999 | Train Loss 0.0104 | Valid Loss 5.4818 | Train Acc 99.6687| Valid Acc 46.0238
TestSub: S[1, 2, 3, 4, 5] Epoch 82 Finsh | Now_lr 0.0005/0.0005 | Lambda 0.0999 | Train Loss 0.0097 | Valid Loss 5.3234 | Train Acc 99.7021| Valid Acc 48.6199
TestSub: S[1, 2, 3, 4, 5] Epoch 83 Finsh | Now_lr 0.0005/0.0005 | Lambda 0.1000 | Train Loss 0.0104 | Valid Loss 5.2397 | Train Acc 99.6632| Valid Acc 48.5105
TestSub: S[1, 2, 3, 4, 5] Epoch 84 Finsh | Now_lr 0.0005/0.0005 | Lambda 0.1000 | Train Loss 0.0092 | Valid Loss 5.4196 | Train Acc 99.6881| Valid Acc 48.3098
TestSub: S[1, 2, 3, 4, 5] Epoch 85 Finsh | Now_lr 0.0005/0.0005 | Lambda 0.1000 | Train Loss 0.0092 | Valid Loss 5.1871 | Train Acc 99.7070| Valid Acc 48.2885
TestSub: S[1, 2, 3, 4, 5] Epoch 86 Finsh | Now_lr 0.0005/0.0005 | Lambda 0.1000 | Train Loss 0.0095 | Valid Loss 5.6077 | Train Acc 99.6741| Valid Acc 47.7140
TestSub: S[1, 2, 3, 4, 5] Epoch 87 Finsh | Now_lr 0.0005/0.0005 | Lambda 0.1000 | Train Loss 0.0092 | Valid Loss 5.2579 | Train Acc 99.7088| Valid Acc 48.8448
TestSub: S[1, 2, 3, 4, 5] Epoch 88 Finsh | Now_lr 0.0005/0.0005 | Lambda 0.1000 | Train Loss 0.0099 | Valid Loss 5.3209 | Train Acc 99.6601| Valid Acc 48.4375
TestSub: S[1, 2, 3, 4, 5] Epoch 89 Finsh | Now_lr 0.0005/0.0005 | Lambda 0.1000 | Train Loss 0.0092 | Valid Loss 5.3331 | Train Acc 99.7003| Valid Acc 47.5620
TestSub: S[1, 2, 3, 4, 5] Epoch 90 Finsh | Now_lr 0.0005/0.0005 | Lambda 0.1000 | Train Loss 0.0108 | Valid Loss 5.2019 | Train Acc 99.6468| Valid Acc 46.6440
TestSub: S[1, 2, 3, 4, 5] Epoch 91 Finsh | Now_lr 0.0005/0.0005 | Lambda 0.1000 | Train Loss 0.0084 | Valid Loss 5.3384 | Train Acc 99.7319| Valid Acc 47.9511
TestSub: S[1, 2, 3, 4, 5] Epoch 92 Finsh | Now_lr 0.0005/0.0005 | Lambda 0.1000 | Train Loss 0.0087 | Valid Loss 5.3210 | Train Acc 99.7045| Valid Acc 48.6898
TestSub: S[1, 2, 3, 4, 5] Epoch 93 Finsh | Now_lr 0.0005/0.0005 | Lambda 0.1000 | Train Loss 0.0090 | Valid Loss 5.5369 | Train Acc 99.7051| Valid Acc 48.4497
TestSub: S[1, 2, 3, 4, 5] Epoch 94 Finsh | Now_lr 0.0005/0.0005 | Lambda 0.1000 | Train Loss 0.0087 | Valid Loss 5.1567 | Train Acc 99.7167| Valid Acc 47.4739
TestSub: S[1, 2, 3, 4, 5] Epoch 95 Finsh | Now_lr 0.0005/0.0005 | Lambda 0.1000 | Train Loss 0.0082 | Valid Loss 5.5283 | Train Acc 99.7331| Valid Acc 48.2156
TestSub: S[1, 2, 3, 4, 5] Epoch 96 Finsh | Now_lr 0.0005/0.0005 | Lambda 0.1000 | Train Loss 0.0087 | Valid Loss 5.3954 | Train Acc 99.7203| Valid Acc 47.9967
TestSub: S[1, 2, 3, 4, 5] Epoch 97 Finsh | Now_lr 0.0005/0.0005 | Lambda 0.1000 | Train Loss 0.0087 | Valid Loss 5.8385 | Train Acc 99.7282| Valid Acc 47.4647
TestSub: S[1, 2, 3, 4, 5] Epoch 98 Finsh | Now_lr 0.0005/0.0005 | Lambda 0.1000 | Train Loss 0.0074 | Valid Loss 5.7493 | Train Acc 99.7653| Valid Acc 47.7809
TestSub: S[1, 2, 3, 4, 5] Epoch 99 Finsh | Now_lr 0.0005/0.0005 | Lambda 0.1000 | Train Loss 0.0087 | Valid Loss 5.2035 | Train Acc 99.7313| Valid Acc 47.6259
TestSub: S[1, 2, 3, 4, 5] Epoch 100 Finsh | Now_lr 0.0005/0.0005 | Lambda 0.1000 | Train Loss 0.0083 | Valid Loss 5.0033 | Train Acc 99.7319| Valid Acc 47.9481
--------------------------------------------------
Test_Subject :S[1, 2, 3, 4, 5] |Best epoch:9 | Test Loss:3.0907 | Best Acc 51.2129 | Savemodel Acc 51.2129
--------------------------------------------------

========== Fold 2 ==========
Train IDs: [1, 2, 3, 4, 5, 11, 12, 13, 14, 15, 16, 17, 18, 19, 20, 21, 22, 23, 24, 25, 26, 27, 28, 29, 30]
Val IDs:   [6, 7, 8, 9, 10]
train_data_shape(164500, 32, 128),val_data_shape(32900, 32, 128)
=================================================================
Layer (type:depth-idx)                   Param #
=================================================================
DARNet                                   --
├─TokenEmbedding: 1-1                    --
│    └─Sequential: 2-1                   --
│    │    └─Conv2d: 3-1                  576
│    │    └─BatchNorm2d: 3-2             128
│    │    └─GELU: 3-3                    --
│    └─Sequential: 2-2                   --
│    │    └─Conv2d: 3-4                  32,784
│    │    └─BatchNorm2d: 3-5             32
│    │    └─GELU: 3-6                    --
│    └─PositionalEmbedding: 2-3          --
├─Flatten: 1-2                           --
├─Linear: 1-3                            18
├─AttnRefine: 1-4                        --
│    └─MyAttention: 2-4                  --
│    │    └─Attention: 3-7               800
│    └─Refine: 2-5                       --
│    │    └─Conv1d: 3-8                  784
│    │    └─BatchNorm1d: 3-9             32
│    │    └─ELU: 3-10                    --
│    │    └─MaxPool1d: 3-11              --
│    └─AdaptiveAvgPool1d: 2-6            --
│    └─Linear: 2-7                       68
│    └─Flatten: 2-8                      --
├─AttnRefine: 1-5                        --
│    └─MyAttention: 2-9                  --
│    │    └─Attention: 3-12              800
│    └─Refine: 2-10                      --
│    │    └─Conv1d: 3-13                 784
│    │    └─BatchNorm1d: 3-14            32
│    │    └─ELU: 3-15                    --
│    │    └─MaxPool1d: 3-16              --
│    └─AdaptiveAvgPool1d: 2-11           --
│    └─Linear: 2-12                      68
│    └─Flatten: 2-13                     --
├─GradientReversalLayer: 1-6             --
├─SubjectDiscriminator: 1-7              --
│    └─Sequential: 2-14                  --
│    │    └─Linear: 3-17                 2,304
│    │    └─ReLU: 3-18                   --
│    │    └─Dropout: 3-19                --
│    │    └─Linear: 3-20                 32,896
│    │    └─ReLU: 3-21                   --
│    │    └─Dropout: 3-22                --
│    │    └─Linear: 3-23                 3,870
=================================================================
Total params: 75,976
Trainable params: 75,976
Non-trainable params: 0
=================================================================
TestSub: S[6, 7, 8, 9, 10] Epoch  1 Finsh | Now_lr 0.0005/0.0005 | Lambda 0.0050 | Train Loss 0.4931 | Valid Loss 1.5332 | Train Acc 74.0212| Valid Acc 45.6590
Validation acc increase (0.000000 --> 45.659047) in epoch (1).  Saving model ...
TestSub: S[6, 7, 8, 9, 10] Epoch  2 Finsh | Now_lr 0.0005/0.0005 | Lambda 0.0100 | Train Loss 0.3323 | Valid Loss 1.8251 | Train Acc 84.9362| Valid Acc 46.8537
Validation acc increase (45.659047 --> 46.853721) in epoch (2).  Saving model ...
TestSub: S[6, 7, 8, 9, 10] Epoch  3 Finsh | Now_lr 0.0005/0.0005 | Lambda 0.0149 | Train Loss 0.2754 | Valid Loss 1.8549 | Train Acc 88.1426| Valid Acc 48.0910
Validation acc increase (46.853721 --> 48.090953) in epoch (3).  Saving model ...
TestSub: S[6, 7, 8, 9, 10] Epoch  4 Finsh | Now_lr 0.0005/0.0005 | Lambda 0.0197 | Train Loss 0.2366 | Valid Loss 1.9410 | Train Acc 90.0815| Valid Acc 48.9452
Validation acc increase (48.090953 --> 48.945161) in epoch (4).  Saving model ...
TestSub: S[6, 7, 8, 9, 10] Epoch  5 Finsh | Now_lr 0.0005/0.0005 | Lambda 0.0245 | Train Loss 0.1952 | Valid Loss 2.1004 | Train Acc 92.0884| Valid Acc 48.1335
TestSub: S[6, 7, 8, 9, 10] Epoch  6 Finsh | Now_lr 0.0005/0.0005 | Lambda 0.0291 | Train Loss 0.1629 | Valid Loss 2.2671 | Train Acc 93.4807| Valid Acc 47.9998
TestSub: S[6, 7, 8, 9, 10] Epoch  7 Finsh | Now_lr 0.0005/0.0005 | Lambda 0.0336 | Train Loss 0.1362 | Valid Loss 2.5303 | Train Acc 94.6966| Valid Acc 46.6045
TestSub: S[6, 7, 8, 9, 10] Epoch  8 Finsh | Now_lr 0.0005/0.0005 | Lambda 0.0380 | Train Loss 0.1190 | Valid Loss 2.7418 | Train Acc 95.4791| Valid Acc 46.7108
TestSub: S[6, 7, 8, 9, 10] Epoch  9 Finsh | Now_lr 0.0005/0.0005 | Lambda 0.0422 | Train Loss 0.1055 | Valid Loss 2.5176 | Train Acc 96.0044| Valid Acc 46.8720
TestSub: S[6, 7, 8, 9, 10] Epoch 10 Finsh | Now_lr 0.0005/0.0005 | Lambda 0.0462 | Train Loss 0.0912 | Valid Loss 2.5185 | Train Acc 96.5570| Valid Acc 47.5772
TestSub: S[6, 7, 8, 9, 10] Epoch 11 Finsh | Now_lr 0.0005/0.0005 | Lambda 0.0501 | Train Loss 0.0805 | Valid Loss 2.6677 | Train Acc 97.0027| Valid Acc 49.2066
Validation acc increase (48.945161 --> 49.206590) in epoch (11).  Saving model ...
TestSub: S[6, 7, 8, 9, 10] Epoch 12 Finsh | Now_lr 0.0005/0.0005 | Lambda 0.0537 | Train Loss 0.0732 | Valid Loss 2.6283 | Train Acc 97.3127| Valid Acc 49.4072
Validation acc increase (49.206590 --> 49.407223) in epoch (12).  Saving model ...
TestSub: S[6, 7, 8, 9, 10] Epoch 13 Finsh | Now_lr 0.0005/0.0005 | Lambda 0.0572 | Train Loss 0.0660 | Valid Loss 2.8885 | Train Acc 97.5906| Valid Acc 47.3857
TestSub: S[6, 7, 8, 9, 10] Epoch 14 Finsh | Now_lr 0.0005/0.0005 | Lambda 0.0604 | Train Loss 0.0627 | Valid Loss 2.7430 | Train Acc 97.7359| Valid Acc 49.0546
TestSub: S[6, 7, 8, 9, 10] Epoch 15 Finsh | Now_lr 0.0005/0.0005 | Lambda 0.0635 | Train Loss 0.0541 | Valid Loss 2.8515 | Train Acc 98.0788| Valid Acc 49.4771
Validation acc increase (49.407223 --> 49.477140) in epoch (15).  Saving model ...
TestSub: S[6, 7, 8, 9, 10] Epoch 16 Finsh | Now_lr 0.0005/0.0005 | Lambda 0.0664 | Train Loss 0.0532 | Valid Loss 3.0997 | Train Acc 98.0830| Valid Acc 48.5439
TestSub: S[6, 7, 8, 9, 10] Epoch 17 Finsh | Now_lr 0.0005/0.0005 | Lambda 0.0691 | Train Loss 0.0486 | Valid Loss 3.0959 | Train Acc 98.3062| Valid Acc 48.8418
TestSub: S[6, 7, 8, 9, 10] Epoch 18 Finsh | Now_lr 0.0005/0.0005 | Lambda 0.0716 | Train Loss 0.0469 | Valid Loss 3.0806 | Train Acc 98.3226| Valid Acc 46.1910
TestSub: S[6, 7, 8, 9, 10] Epoch 19 Finsh | Now_lr 0.0005/0.0005 | Lambda 0.0740 | Train Loss 0.0435 | Valid Loss 2.9802 | Train Acc 98.4691| Valid Acc 49.2978
TestSub: S[6, 7, 8, 9, 10] Epoch 20 Finsh | Now_lr 0.0005/0.0005 | Lambda 0.0762 | Train Loss 0.0420 | Valid Loss 3.0516 | Train Acc 98.4722| Valid Acc 49.3373
TestSub: S[6, 7, 8, 9, 10] Epoch 21 Finsh | Now_lr 0.0005/0.0005 | Lambda 0.0782 | Train Loss 0.0387 | Valid Loss 3.2664 | Train Acc 98.6357| Valid Acc 47.5742
TestSub: S[6, 7, 8, 9, 10] Epoch 22 Finsh | Now_lr 0.0005/0.0005 | Lambda 0.0800 | Train Loss 0.0368 | Valid Loss 3.1202 | Train Acc 98.7220| Valid Acc 48.4557
TestSub: S[6, 7, 8, 9, 10] Epoch 23 Finsh | Now_lr 0.0005/0.0005 | Lambda 0.0818 | Train Loss 0.0349 | Valid Loss 3.3889 | Train Acc 98.7622| Valid Acc 49.8814
Validation acc increase (49.477140 --> 49.881445) in epoch (23).  Saving model ...
TestSub: S[6, 7, 8, 9, 10] Epoch 24 Finsh | Now_lr 0.0005/0.0005 | Lambda 0.0834 | Train Loss 0.0329 | Valid Loss 3.4157 | Train Acc 98.8388| Valid Acc 49.8997
Validation acc increase (49.881445 --> 49.899684) in epoch (24).  Saving model ...
TestSub: S[6, 7, 8, 9, 10] Epoch 25 Finsh | Now_lr 0.0005/0.0005 | Lambda 0.0848 | Train Loss 0.0330 | Valid Loss 3.2329 | Train Acc 98.8576| Valid Acc 49.7994
TestSub: S[6, 7, 8, 9, 10] Epoch 26 Finsh | Now_lr 0.0005/0.0005 | Lambda 0.0862 | Train Loss 0.0325 | Valid Loss 3.4425 | Train Acc 98.8582| Valid Acc 49.0151
TestSub: S[6, 7, 8, 9, 10] Epoch 27 Finsh | Now_lr 0.0005/0.0005 | Lambda 0.0874 | Train Loss 0.0303 | Valid Loss 3.2893 | Train Acc 98.9208| Valid Acc 48.3129
TestSub: S[6, 7, 8, 9, 10] Epoch 28 Finsh | Now_lr 0.0005/0.0005 | Lambda 0.0885 | Train Loss 0.0301 | Valid Loss 3.3724 | Train Acc 98.9604| Valid Acc 49.8541
TestSub: S[6, 7, 8, 9, 10] Epoch 29 Finsh | Now_lr 0.0005/0.0005 | Lambda 0.0896 | Train Loss 0.0285 | Valid Loss 3.2163 | Train Acc 99.0084| Valid Acc 49.2978
TestSub: S[6, 7, 8, 9, 10] Epoch 30 Finsh | Now_lr 0.0005/0.0005 | Lambda 0.0905 | Train Loss 0.0272 | Valid Loss 3.5333 | Train Acc 99.0625| Valid Acc 47.5772
TestSub: S[6, 7, 8, 9, 10] Epoch 31 Finsh | Now_lr 0.0005/0.0005 | Lambda 0.0914 | Train Loss 0.0263 | Valid Loss 3.4252 | Train Acc 99.1087| Valid Acc 49.1093
TestSub: S[6, 7, 8, 9, 10] Epoch 32 Finsh | Now_lr 0.0005/0.0005 | Lambda 0.0922 | Train Loss 0.0261 | Valid Loss 3.5428 | Train Acc 99.1324| Valid Acc 47.6380
TestSub: S[6, 7, 8, 9, 10] Epoch 33 Finsh | Now_lr 0.0005/0.0005 | Lambda 0.0929 | Train Loss 0.0243 | Valid Loss 3.6481 | Train Acc 99.1665| Valid Acc 46.8811
TestSub: S[6, 7, 8, 9, 10] Epoch 34 Finsh | Now_lr 0.0005/0.0005 | Lambda 0.0935 | Train Loss 0.0234 | Valid Loss 3.7652 | Train Acc 99.2060| Valid Acc 48.2977
TestSub: S[6, 7, 8, 9, 10] Epoch 35 Finsh | Now_lr 0.0005/0.0005 | Lambda 0.0941 | Train Loss 0.0232 | Valid Loss 3.5723 | Train Acc 99.2084| Valid Acc 46.7899
TestSub: S[6, 7, 8, 9, 10] Epoch 36 Finsh | Now_lr 0.0005/0.0005 | Lambda 0.0947 | Train Loss 0.0224 | Valid Loss 3.6236 | Train Acc 99.2479| Valid Acc 46.9176
TestSub: S[6, 7, 8, 9, 10] Epoch 37 Finsh | Now_lr 0.0005/0.0005 | Lambda 0.0952 | Train Loss 0.0220 | Valid Loss 3.5883 | Train Acc 99.2540| Valid Acc 47.5012
TestSub: S[6, 7, 8, 9, 10] Epoch 38 Finsh | Now_lr 0.0005/0.0005 | Lambda 0.0956 | Train Loss 0.0213 | Valid Loss 3.4832 | Train Acc 99.2814| Valid Acc 47.5590
TestSub: S[6, 7, 8, 9, 10] Epoch 39 Finsh | Now_lr 0.0005/0.0005 | Lambda 0.0960 | Train Loss 0.0203 | Valid Loss 3.6819 | Train Acc 99.3075| Valid Acc 47.0240
TestSub: S[6, 7, 8, 9, 10] Epoch 40 Finsh | Now_lr 0.0005/0.0005 | Lambda 0.0964 | Train Loss 0.0206 | Valid Loss 3.8169 | Train Acc 99.3233| Valid Acc 47.0908
TestSub: S[6, 7, 8, 9, 10] Epoch 41 Finsh | Now_lr 0.0005/0.0005 | Lambda 0.0967 | Train Loss 0.0195 | Valid Loss 3.7572 | Train Acc 99.3482| Valid Acc 48.8357
TestSub: S[6, 7, 8, 9, 10] Epoch 42 Finsh | Now_lr 0.0005/0.0005 | Lambda 0.0970 | Train Loss 0.0199 | Valid Loss 3.9071 | Train Acc 99.3258| Valid Acc 47.8538
TestSub: S[6, 7, 8, 9, 10] Epoch 43 Finsh | Now_lr 0.0005/0.0005 | Lambda 0.0973 | Train Loss 0.0182 | Valid Loss 3.9024 | Train Acc 99.3701| Valid Acc 48.5044
TestSub: S[6, 7, 8, 9, 10] Epoch 44 Finsh | Now_lr 0.0005/0.0005 | Lambda 0.0976 | Train Loss 0.0182 | Valid Loss 3.7681 | Train Acc 99.3914| Valid Acc 49.5987
TestSub: S[6, 7, 8, 9, 10] Epoch 45 Finsh | Now_lr 0.0005/0.0005 | Lambda 0.0978 | Train Loss 0.0188 | Valid Loss 4.0695 | Train Acc 99.3738| Valid Acc 48.3828
TestSub: S[6, 7, 8, 9, 10] Epoch 46 Finsh | Now_lr 0.0005/0.0005 | Lambda 0.0980 | Train Loss 0.0175 | Valid Loss 3.9572 | Train Acc 99.3975| Valid Acc 48.6321
TestSub: S[6, 7, 8, 9, 10] Epoch 47 Finsh | Now_lr 0.0005/0.0005 | Lambda 0.0982 | Train Loss 0.0174 | Valid Loss 4.3432 | Train Acc 99.4109| Valid Acc 47.7170
TestSub: S[6, 7, 8, 9, 10] Epoch 48 Finsh | Now_lr 0.0005/0.0005 | Lambda 0.0984 | Train Loss 0.0168 | Valid Loss 3.8987 | Train Acc 99.4346| Valid Acc 48.0180
TestSub: S[6, 7, 8, 9, 10] Epoch 49 Finsh | Now_lr 0.0005/0.0005 | Lambda 0.0985 | Train Loss 0.0161 | Valid Loss 3.9551 | Train Acc 99.4838| Valid Acc 48.2490
TestSub: S[6, 7, 8, 9, 10] Epoch 50 Finsh | Now_lr 0.0005/0.0005 | Lambda 0.0987 | Train Loss 0.0170 | Valid Loss 3.9701 | Train Acc 99.4090| Valid Acc 48.1153
TestSub: S[6, 7, 8, 9, 10] Epoch 51 Finsh | Now_lr 0.0005/0.0005 | Lambda 0.0988 | Train Loss 0.0154 | Valid Loss 4.1449 | Train Acc 99.4990| Valid Acc 47.3462
TestSub: S[6, 7, 8, 9, 10] Epoch 52 Finsh | Now_lr 0.0005/0.0005 | Lambda 0.0989 | Train Loss 0.0153 | Valid Loss 4.1861 | Train Acc 99.4857| Valid Acc 47.9086
TestSub: S[6, 7, 8, 9, 10] Epoch 53 Finsh | Now_lr 0.0005/0.0005 | Lambda 0.0990 | Train Loss 0.0152 | Valid Loss 4.1339 | Train Acc 99.4911| Valid Acc 48.5317
TestSub: S[6, 7, 8, 9, 10] Epoch 54 Finsh | Now_lr 0.0005/0.0005 | Lambda 0.0991 | Train Loss 0.0152 | Valid Loss 4.1214 | Train Acc 99.4972| Valid Acc 46.6075
TestSub: S[6, 7, 8, 9, 10] Epoch 55 Finsh | Now_lr 0.0005/0.0005 | Lambda 0.0992 | Train Loss 0.0152 | Valid Loss 3.9243 | Train Acc 99.5057| Valid Acc 49.1914
TestSub: S[6, 7, 8, 9, 10] Epoch 56 Finsh | Now_lr 0.0005/0.0005 | Lambda 0.0993 | Train Loss 0.0136 | Valid Loss 4.2688 | Train Acc 99.5489| Valid Acc 48.2399
TestSub: S[6, 7, 8, 9, 10] Epoch 57 Finsh | Now_lr 0.0005/0.0005 | Lambda 0.0993 | Train Loss 0.0149 | Valid Loss 4.3994 | Train Acc 99.4869| Valid Acc 47.7778
TestSub: S[6, 7, 8, 9, 10] Epoch 58 Finsh | Now_lr 0.0005/0.0005 | Lambda 0.0994 | Train Loss 0.0143 | Valid Loss 3.8880 | Train Acc 99.5167| Valid Acc 48.1062
TestSub: S[6, 7, 8, 9, 10] Epoch 59 Finsh | Now_lr 0.0005/0.0005 | Lambda 0.0995 | Train Loss 0.0128 | Valid Loss 4.2506 | Train Acc 99.5659| Valid Acc 48.1031
TestSub: S[6, 7, 8, 9, 10] Epoch 60 Finsh | Now_lr 0.0005/0.0005 | Lambda 0.0995 | Train Loss 0.0138 | Valid Loss 4.3734 | Train Acc 99.5325| Valid Acc 47.9086
TestSub: S[6, 7, 8, 9, 10] Epoch 61 Finsh | Now_lr 0.0005/0.0005 | Lambda 0.0996 | Train Loss 0.0128 | Valid Loss 4.0065 | Train Acc 99.5787| Valid Acc 48.5956
TestSub: S[6, 7, 8, 9, 10] Epoch 62 Finsh | Now_lr 0.0005/0.0005 | Lambda 0.0996 | Train Loss 0.0130 | Valid Loss 4.2036 | Train Acc 99.5732| Valid Acc 48.0575
TestSub: S[6, 7, 8, 9, 10] Epoch 63 Finsh | Now_lr 0.0005/0.0005 | Lambda 0.0996 | Train Loss 0.0130 | Valid Loss 4.3545 | Train Acc 99.5884| Valid Acc 46.9084
TestSub: S[6, 7, 8, 9, 10] Epoch 64 Finsh | Now_lr 0.0005/0.0005 | Lambda 0.0997 | Train Loss 0.0133 | Valid Loss 4.0805 | Train Acc 99.5452| Valid Acc 47.8265
TestSub: S[6, 7, 8, 9, 10] Epoch 65 Finsh | Now_lr 0.0005/0.0005 | Lambda 0.0997 | Train Loss 0.0132 | Valid Loss 3.8334 | Train Acc 99.5793| Valid Acc 48.1092
TestSub: S[6, 7, 8, 9, 10] Epoch 66 Finsh | Now_lr 0.0005/0.0005 | Lambda 0.0997 | Train Loss 0.0127 | Valid Loss 3.9830 | Train Acc 99.5738| Valid Acc 49.9210
Validation acc increase (49.899684 --> 49.920963) in epoch (66).  Saving model ...
TestSub: S[6, 7, 8, 9, 10] Epoch 67 Finsh | Now_lr 0.0005/0.0005 | Lambda 0.0998 | Train Loss 0.0131 | Valid Loss 4.1161 | Train Acc 99.5665| Valid Acc 48.4436
TestSub: S[6, 7, 8, 9, 10] Epoch 68 Finsh | Now_lr 0.0005/0.0005 | Lambda 0.0998 | Train Loss 0.0117 | Valid Loss 4.1509 | Train Acc 99.5920| Valid Acc 48.2612
TestSub: S[6, 7, 8, 9, 10] Epoch 69 Finsh | Now_lr 0.0005/0.0005 | Lambda 0.0998 | Train Loss 0.0110 | Valid Loss 4.2373 | Train Acc 99.6291| Valid Acc 48.5652
TestSub: S[6, 7, 8, 9, 10] Epoch 70 Finsh | Now_lr 0.0005/0.0005 | Lambda 0.0998 | Train Loss 0.0118 | Valid Loss 4.4294 | Train Acc 99.6066| Valid Acc 48.3037
TestSub: S[6, 7, 8, 9, 10] Epoch 71 Finsh | Now_lr 0.0005/0.0005 | Lambda 0.0998 | Train Loss 0.0120 | Valid Loss 4.2093 | Train Acc 99.6060| Valid Acc 48.5743
TestSub: S[6, 7, 8, 9, 10] Epoch 72 Finsh | Now_lr 0.0005/0.0005 | Lambda 0.0999 | Train Loss 0.0120 | Valid Loss 4.0652 | Train Acc 99.6079| Valid Acc 47.9846
TestSub: S[6, 7, 8, 9, 10] Epoch 73 Finsh | Now_lr 0.0005/0.0005 | Lambda 0.0999 | Train Loss 0.0108 | Valid Loss 4.5364 | Train Acc 99.6346| Valid Acc 46.8142
TestSub: S[6, 7, 8, 9, 10] Epoch 74 Finsh | Now_lr 0.0005/0.0005 | Lambda 0.0999 | Train Loss 0.0114 | Valid Loss 4.2805 | Train Acc 99.6285| Valid Acc 46.6045
TestSub: S[6, 7, 8, 9, 10] Epoch 75 Finsh | Now_lr 0.0005/0.0005 | Lambda 0.0999 | Train Loss 0.0111 | Valid Loss 4.2134 | Train Acc 99.6322| Valid Acc 46.7868
TestSub: S[6, 7, 8, 9, 10] Epoch 76 Finsh | Now_lr 0.0005/0.0005 | Lambda 0.0999 | Train Loss 0.0115 | Valid Loss 3.9470 | Train Acc 99.6383| Valid Acc 47.6866
TestSub: S[6, 7, 8, 9, 10] Epoch 77 Finsh | Now_lr 0.0005/0.0005 | Lambda 0.0999 | Train Loss 0.0110 | Valid Loss 4.3395 | Train Acc 99.6437| Valid Acc 46.8628
TestSub: S[6, 7, 8, 9, 10] Epoch 78 Finsh | Now_lr 0.0005/0.0005 | Lambda 0.0999 | Train Loss 0.0108 | Valid Loss 4.1951 | Train Acc 99.6376| Valid Acc 47.6228
TestSub: S[6, 7, 8, 9, 10] Epoch 79 Finsh | Now_lr 0.0005/0.0005 | Lambda 0.0999 | Train Loss 0.0101 | Valid Loss 4.4041 | Train Acc 99.6705| Valid Acc 47.8234
TestSub: S[6, 7, 8, 9, 10] Epoch 80 Finsh | Now_lr 0.0005/0.0005 | Lambda 0.0999 | Train Loss 0.0095 | Valid Loss 4.2090 | Train Acc 99.6820| Valid Acc 46.6409
TestSub: S[6, 7, 8, 9, 10] Epoch 81 Finsh | Now_lr 0.0005/0.0005 | Lambda 0.0999 | Train Loss 0.0105 | Valid Loss 4.4253 | Train Acc 99.6614| Valid Acc 46.5345
TestSub: S[6, 7, 8, 9, 10] Epoch 82 Finsh | Now_lr 0.0005/0.0005 | Lambda 0.0999 | Train Loss 0.0111 | Valid Loss 4.0177 | Train Acc 99.6425| Valid Acc 46.3947
TestSub: S[6, 7, 8, 9, 10] Epoch 83 Finsh | Now_lr 0.0005/0.0005 | Lambda 0.1000 | Train Loss 0.0096 | Valid Loss 4.1536 | Train Acc 99.6826| Valid Acc 47.9724
TestSub: S[6, 7, 8, 9, 10] Epoch 84 Finsh | Now_lr 0.0005/0.0005 | Lambda 0.1000 | Train Loss 0.0101 | Valid Loss 4.0770 | Train Acc 99.6547| Valid Acc 48.3159
TestSub: S[6, 7, 8, 9, 10] Epoch 85 Finsh | Now_lr 0.0005/0.0005 | Lambda 0.1000 | Train Loss 0.0090 | Valid Loss 4.2563 | Train Acc 99.7106| Valid Acc 47.9146
TestSub: S[6, 7, 8, 9, 10] Epoch 86 Finsh | Now_lr 0.0005/0.0005 | Lambda 0.1000 | Train Loss 0.0093 | Valid Loss 4.0224 | Train Acc 99.7112| Valid Acc 48.3402
TestSub: S[6, 7, 8, 9, 10] Epoch 87 Finsh | Now_lr 0.0005/0.0005 | Lambda 0.1000 | Train Loss 0.0101 | Valid Loss 4.2198 | Train Acc 99.6662| Valid Acc 46.9358
TestSub: S[6, 7, 8, 9, 10] Epoch 88 Finsh | Now_lr 0.0005/0.0005 | Lambda 0.1000 | Train Loss 0.0090 | Valid Loss 4.5230 | Train Acc 99.7076| Valid Acc 47.2003
TestSub: S[6, 7, 8, 9, 10] Epoch 89 Finsh | Now_lr 0.0005/0.0005 | Lambda 0.1000 | Train Loss 0.0089 | Valid Loss 4.4521 | Train Acc 99.7252| Valid Acc 47.8052
TestSub: S[6, 7, 8, 9, 10] Epoch 90 Finsh | Now_lr 0.0005/0.0005 | Lambda 0.1000 | Train Loss 0.0082 | Valid Loss 4.4134 | Train Acc 99.7215| Valid Acc 48.0028
TestSub: S[6, 7, 8, 9, 10] Epoch 91 Finsh | Now_lr 0.0005/0.0005 | Lambda 0.1000 | Train Loss 0.0094 | Valid Loss 4.0522 | Train Acc 99.7021| Valid Acc 48.5986
TestSub: S[6, 7, 8, 9, 10] Epoch 92 Finsh | Now_lr 0.0005/0.0005 | Lambda 0.1000 | Train Loss 0.0089 | Valid Loss 4.3725 | Train Acc 99.7203| Valid Acc 47.2580
TestSub: S[6, 7, 8, 9, 10] Epoch 93 Finsh | Now_lr 0.0005/0.0005 | Lambda 0.1000 | Train Loss 0.0086 | Valid Loss 4.4235 | Train Acc 99.7203| Valid Acc 46.9936
TestSub: S[6, 7, 8, 9, 10] Epoch 94 Finsh | Now_lr 0.0005/0.0005 | Lambda 0.1000 | Train Loss 0.0090 | Valid Loss 4.4412 | Train Acc 99.7130| Valid Acc 47.8234
TestSub: S[6, 7, 8, 9, 10] Epoch 95 Finsh | Now_lr 0.0005/0.0005 | Lambda 0.1000 | Train Loss 0.0081 | Valid Loss 4.3074 | Train Acc 99.7361| Valid Acc 48.7506
TestSub: S[6, 7, 8, 9, 10] Epoch 96 Finsh | Now_lr 0.0005/0.0005 | Lambda 0.1000 | Train Loss 0.0085 | Valid Loss 4.3260 | Train Acc 99.7282| Valid Acc 47.8204
TestSub: S[6, 7, 8, 9, 10] Epoch 97 Finsh | Now_lr 0.0005/0.0005 | Lambda 0.1000 | Train Loss 0.0085 | Valid Loss 4.1817 | Train Acc 99.7234| Valid Acc 48.6777
TestSub: S[6, 7, 8, 9, 10] Epoch 98 Finsh | Now_lr 0.0005/0.0005 | Lambda 0.1000 | Train Loss 0.0086 | Valid Loss 4.2442 | Train Acc 99.7222| Valid Acc 47.8964
TestSub: S[6, 7, 8, 9, 10] Epoch 99 Finsh | Now_lr 0.0005/0.0005 | Lambda 0.1000 | Train Loss 0.0079 | Valid Loss 4.4517 | Train Acc 99.7495| Valid Acc 48.7111
TestSub: S[6, 7, 8, 9, 10] Epoch 100 Finsh | Now_lr 0.0005/0.0005 | Lambda 0.1000 | Train Loss 0.0077 | Valid Loss 4.3163 | Train Acc 99.7477| Valid Acc 48.2551
--------------------------------------------------
Test_Subject :S[6, 7, 8, 9, 10] |Best epoch:66 | Test Loss:3.9830 | Best Acc 49.9210 | Savemodel Acc 49.9210
--------------------------------------------------

========== Fold 3 ==========
Train IDs: [1, 2, 3, 4, 5, 6, 7, 8, 9, 10, 16, 17, 18, 19, 20, 21, 22, 23, 24, 25, 26, 27, 28, 29, 30]
Val IDs:   [11, 12, 13, 14, 15]
train_data_shape(164500, 32, 128),val_data_shape(32900, 32, 128)
=================================================================
Layer (type:depth-idx)                   Param #
=================================================================
DARNet                                   --
├─TokenEmbedding: 1-1                    --
│    └─Sequential: 2-1                   --
│    │    └─Conv2d: 3-1                  576
│    │    └─BatchNorm2d: 3-2             128
│    │    └─GELU: 3-3                    --
│    └─Sequential: 2-2                   --
│    │    └─Conv2d: 3-4                  32,784
│    │    └─BatchNorm2d: 3-5             32
│    │    └─GELU: 3-6                    --
│    └─PositionalEmbedding: 2-3          --
├─Flatten: 1-2                           --
├─Linear: 1-3                            18
├─AttnRefine: 1-4                        --
│    └─MyAttention: 2-4                  --
│    │    └─Attention: 3-7               800
│    └─Refine: 2-5                       --
│    │    └─Conv1d: 3-8                  784
│    │    └─BatchNorm1d: 3-9             32
│    │    └─ELU: 3-10                    --
│    │    └─MaxPool1d: 3-11              --
│    └─AdaptiveAvgPool1d: 2-6            --
│    └─Linear: 2-7                       68
│    └─Flatten: 2-8                      --
├─AttnRefine: 1-5                        --
│    └─MyAttention: 2-9                  --
│    │    └─Attention: 3-12              800
│    └─Refine: 2-10                      --
│    │    └─Conv1d: 3-13                 784
│    │    └─BatchNorm1d: 3-14            32
│    │    └─ELU: 3-15                    --
│    │    └─MaxPool1d: 3-16              --
│    └─AdaptiveAvgPool1d: 2-11           --
│    └─Linear: 2-12                      68
│    └─Flatten: 2-13                     --
├─GradientReversalLayer: 1-6             --
├─SubjectDiscriminator: 1-7              --
│    └─Sequential: 2-14                  --
│    │    └─Linear: 3-17                 2,304
│    │    └─ReLU: 3-18                   --
│    │    └─Dropout: 3-19                --
│    │    └─Linear: 3-20                 32,896
│    │    └─ReLU: 3-21                   --
│    │    └─Dropout: 3-22                --
│    │    └─Linear: 3-23                 3,870
=================================================================
Total params: 75,976
Trainable params: 75,976
Non-trainable params: 0
=================================================================
TestSub: S[11, 12, 13, 14, 15] Epoch  1 Finsh | Now_lr 0.0005/0.0005 | Lambda 0.0050 | Train Loss 0.4756 | Valid Loss 1.3209 | Train Acc 75.7417| Valid Acc 51.9607
Validation acc increase (0.000000 --> 51.960725) in epoch (1).  Saving model ...
TestSub: S[11, 12, 13, 14, 15] Epoch  2 Finsh | Now_lr 0.0005/0.0005 | Lambda 0.0100 | Train Loss 0.3230 | Valid Loss 1.5147 | Train Acc 85.7910| Valid Acc 52.9669
Validation acc increase (51.960725 --> 52.966926) in epoch (2).  Saving model ...
TestSub: S[11, 12, 13, 14, 15] Epoch  3 Finsh | Now_lr 0.0005/0.0005 | Lambda 0.0149 | Train Loss 0.2593 | Valid Loss 1.8232 | Train Acc 88.9926| Valid Acc 49.2096
TestSub: S[11, 12, 13, 14, 15] Epoch  4 Finsh | Now_lr 0.0005/0.0005 | Lambda 0.0197 | Train Loss 0.2082 | Valid Loss 2.0246 | Train Acc 91.5169| Valid Acc 49.5623
TestSub: S[11, 12, 13, 14, 15] Epoch  5 Finsh | Now_lr 0.0005/0.0005 | Lambda 0.0245 | Train Loss 0.1644 | Valid Loss 2.3802 | Train Acc 93.4655| Valid Acc 49.0698
TestSub: S[11, 12, 13, 14, 15] Epoch  6 Finsh | Now_lr 0.0005/0.0005 | Lambda 0.0291 | Train Loss 0.1345 | Valid Loss 2.6631 | Train Acc 94.7994| Valid Acc 48.7354
TestSub: S[11, 12, 13, 14, 15] Epoch  7 Finsh | Now_lr 0.0005/0.0005 | Lambda 0.0336 | Train Loss 0.1090 | Valid Loss 2.6350 | Train Acc 95.8548| Valid Acc 49.4559
TestSub: S[11, 12, 13, 14, 15] Epoch  8 Finsh | Now_lr 0.0005/0.0005 | Lambda 0.0380 | Train Loss 0.0935 | Valid Loss 2.8392 | Train Acc 96.5418| Valid Acc 48.8813
TestSub: S[11, 12, 13, 14, 15] Epoch  9 Finsh | Now_lr 0.0005/0.0005 | Lambda 0.0422 | Train Loss 0.0810 | Valid Loss 2.6045 | Train Acc 97.0081| Valid Acc 49.6018
TestSub: S[11, 12, 13, 14, 15] Epoch 10 Finsh | Now_lr 0.0005/0.0005 | Lambda 0.0462 | Train Loss 0.0707 | Valid Loss 2.9526 | Train Acc 97.4252| Valid Acc 48.4041
TestSub: S[11, 12, 13, 14, 15] Epoch 11 Finsh | Now_lr 0.0005/0.0005 | Lambda 0.0501 | Train Loss 0.0632 | Valid Loss 2.9949 | Train Acc 97.7268| Valid Acc 49.1610
TestSub: S[11, 12, 13, 14, 15] Epoch 12 Finsh | Now_lr 0.0005/0.0005 | Lambda 0.0537 | Train Loss 0.0574 | Valid Loss 3.3549 | Train Acc 97.9615| Valid Acc 46.9571
TestSub: S[11, 12, 13, 14, 15] Epoch 13 Finsh | Now_lr 0.0005/0.0005 | Lambda 0.0572 | Train Loss 0.0519 | Valid Loss 3.1542 | Train Acc 98.1372| Valid Acc 47.6137
TestSub: S[11, 12, 13, 14, 15] Epoch 14 Finsh | Now_lr 0.0005/0.0005 | Lambda 0.0604 | Train Loss 0.0495 | Valid Loss 3.3179 | Train Acc 98.2284| Valid Acc 47.5438
TestSub: S[11, 12, 13, 14, 15] Epoch 15 Finsh | Now_lr 0.0005/0.0005 | Lambda 0.0635 | Train Loss 0.0458 | Valid Loss 3.0848 | Train Acc 98.3487| Valid Acc 49.5106
TestSub: S[11, 12, 13, 14, 15] Epoch 16 Finsh | Now_lr 0.0005/0.0005 | Lambda 0.0664 | Train Loss 0.0421 | Valid Loss 3.2583 | Train Acc 98.5141| Valid Acc 47.5225
TestSub: S[11, 12, 13, 14, 15] Epoch 17 Finsh | Now_lr 0.0005/0.0005 | Lambda 0.0691 | Train Loss 0.0388 | Valid Loss 3.3953 | Train Acc 98.6138| Valid Acc 46.5893
TestSub: S[11, 12, 13, 14, 15] Epoch 18 Finsh | Now_lr 0.0005/0.0005 | Lambda 0.0716 | Train Loss 0.0363 | Valid Loss 3.4921 | Train Acc 98.7190| Valid Acc 46.3491
TestSub: S[11, 12, 13, 14, 15] Epoch 19 Finsh | Now_lr 0.0005/0.0005 | Lambda 0.0740 | Train Loss 0.0337 | Valid Loss 3.2199 | Train Acc 98.8223| Valid Acc 46.8993
TestSub: S[11, 12, 13, 14, 15] Epoch 20 Finsh | Now_lr 0.0005/0.0005 | Lambda 0.0762 | Train Loss 0.0329 | Valid Loss 3.7651 | Train Acc 98.8461| Valid Acc 45.1909
TestSub: S[11, 12, 13, 14, 15] Epoch 21 Finsh | Now_lr 0.0005/0.0005 | Lambda 0.0782 | Train Loss 0.0312 | Valid Loss 3.4723 | Train Acc 98.9275| Valid Acc 45.3551
TestSub: S[11, 12, 13, 14, 15] Epoch 22 Finsh | Now_lr 0.0005/0.0005 | Lambda 0.0800 | Train Loss 0.0278 | Valid Loss 3.7400 | Train Acc 99.0309| Valid Acc 46.8203
TestSub: S[11, 12, 13, 14, 15] Epoch 23 Finsh | Now_lr 0.0005/0.0005 | Lambda 0.0818 | Train Loss 0.0281 | Valid Loss 3.6775 | Train Acc 98.9968| Valid Acc 48.8965
TestSub: S[11, 12, 13, 14, 15] Epoch 24 Finsh | Now_lr 0.0005/0.0005 | Lambda 0.0834 | Train Loss 0.0260 | Valid Loss 3.6971 | Train Acc 99.0844| Valid Acc 44.9660
TestSub: S[11, 12, 13, 14, 15] Epoch 25 Finsh | Now_lr 0.0005/0.0005 | Lambda 0.0848 | Train Loss 0.0247 | Valid Loss 4.2151 | Train Acc 99.1342| Valid Acc 46.5345
TestSub: S[11, 12, 13, 14, 15] Epoch 26 Finsh | Now_lr 0.0005/0.0005 | Lambda 0.0862 | Train Loss 0.0240 | Valid Loss 3.8520 | Train Acc 99.1762| Valid Acc 46.3886
TestSub: S[11, 12, 13, 14, 15] Epoch 27 Finsh | Now_lr 0.0005/0.0005 | Lambda 0.0874 | Train Loss 0.0219 | Valid Loss 4.0925 | Train Acc 99.2504| Valid Acc 47.3492
TestSub: S[11, 12, 13, 14, 15] Epoch 28 Finsh | Now_lr 0.0005/0.0005 | Lambda 0.0885 | Train Loss 0.0228 | Valid Loss 4.1248 | Train Acc 99.1987| Valid Acc 46.5467
TestSub: S[11, 12, 13, 14, 15] Epoch 29 Finsh | Now_lr 0.0005/0.0005 | Lambda 0.0896 | Train Loss 0.0211 | Valid Loss 4.0098 | Train Acc 99.2747| Valid Acc 48.0879
TestSub: S[11, 12, 13, 14, 15] Epoch 30 Finsh | Now_lr 0.0005/0.0005 | Lambda 0.0905 | Train Loss 0.0217 | Valid Loss 3.9077 | Train Acc 99.2753| Valid Acc 46.3521
TestSub: S[11, 12, 13, 14, 15] Epoch 31 Finsh | Now_lr 0.0005/0.0005 | Lambda 0.0914 | Train Loss 0.0194 | Valid Loss 4.2931 | Train Acc 99.3628| Valid Acc 46.4099
TestSub: S[11, 12, 13, 14, 15] Epoch 32 Finsh | Now_lr 0.0005/0.0005 | Lambda 0.0922 | Train Loss 0.0191 | Valid Loss 4.0000 | Train Acc 99.3543| Valid Acc 46.0482
TestSub: S[11, 12, 13, 14, 15] Epoch 33 Finsh | Now_lr 0.0005/0.0005 | Lambda 0.0929 | Train Loss 0.0189 | Valid Loss 3.8616 | Train Acc 99.3634| Valid Acc 48.1092
TestSub: S[11, 12, 13, 14, 15] Epoch 34 Finsh | Now_lr 0.0005/0.0005 | Lambda 0.0935 | Train Loss 0.0170 | Valid Loss 4.1895 | Train Acc 99.4115| Valid Acc 46.4342
TestSub: S[11, 12, 13, 14, 15] Epoch 35 Finsh | Now_lr 0.0005/0.0005 | Lambda 0.0941 | Train Loss 0.0176 | Valid Loss 4.1398 | Train Acc 99.4194| Valid Acc 46.9905
TestSub: S[11, 12, 13, 14, 15] Epoch 36 Finsh | Now_lr 0.0005/0.0005 | Lambda 0.0947 | Train Loss 0.0167 | Valid Loss 4.1803 | Train Acc 99.4285| Valid Acc 47.4556
TestSub: S[11, 12, 13, 14, 15] Epoch 37 Finsh | Now_lr 0.0005/0.0005 | Lambda 0.0952 | Train Loss 0.0171 | Valid Loss 4.2613 | Train Acc 99.4121| Valid Acc 46.5589
TestSub: S[11, 12, 13, 14, 15] Epoch 38 Finsh | Now_lr 0.0005/0.0005 | Lambda 0.0956 | Train Loss 0.0172 | Valid Loss 3.8451 | Train Acc 99.4224| Valid Acc 47.9906
TestSub: S[11, 12, 13, 14, 15] Epoch 39 Finsh | Now_lr 0.0005/0.0005 | Lambda 0.0960 | Train Loss 0.0157 | Valid Loss 4.2035 | Train Acc 99.4698| Valid Acc 46.7230
TestSub: S[11, 12, 13, 14, 15] Epoch 40 Finsh | Now_lr 0.0005/0.0005 | Lambda 0.0964 | Train Loss 0.0152 | Valid Loss 4.0830 | Train Acc 99.4869| Valid Acc 47.2033
TestSub: S[11, 12, 13, 14, 15] Epoch 41 Finsh | Now_lr 0.0005/0.0005 | Lambda 0.0967 | Train Loss 0.0146 | Valid Loss 4.3517 | Train Acc 99.4881| Valid Acc 46.6288
TestSub: S[11, 12, 13, 14, 15] Epoch 42 Finsh | Now_lr 0.0005/0.0005 | Lambda 0.0970 | Train Loss 0.0149 | Valid Loss 4.0920 | Train Acc 99.5221| Valid Acc 47.4131
TestSub: S[11, 12, 13, 14, 15] Epoch 43 Finsh | Now_lr 0.0005/0.0005 | Lambda 0.0973 | Train Loss 0.0139 | Valid Loss 4.1230 | Train Acc 99.5306| Valid Acc 47.0392
TestSub: S[11, 12, 13, 14, 15] Epoch 44 Finsh | Now_lr 0.0005/0.0005 | Lambda 0.0976 | Train Loss 0.0132 | Valid Loss 4.0440 | Train Acc 99.5756| Valid Acc 48.6655
TestSub: S[11, 12, 13, 14, 15] Epoch 45 Finsh | Now_lr 0.0005/0.0005 | Lambda 0.0978 | Train Loss 0.0131 | Valid Loss 4.5512 | Train Acc 99.5586| Valid Acc 46.8993
TestSub: S[11, 12, 13, 14, 15] Epoch 46 Finsh | Now_lr 0.0005/0.0005 | Lambda 0.0980 | Train Loss 0.0136 | Valid Loss 3.9618 | Train Acc 99.5452| Valid Acc 47.9876
TestSub: S[11, 12, 13, 14, 15] Epoch 47 Finsh | Now_lr 0.0005/0.0005 | Lambda 0.0982 | Train Loss 0.0126 | Valid Loss 4.3778 | Train Acc 99.5866| Valid Acc 46.4494
TestSub: S[11, 12, 13, 14, 15] Epoch 48 Finsh | Now_lr 0.0005/0.0005 | Lambda 0.0984 | Train Loss 0.0125 | Valid Loss 4.4273 | Train Acc 99.5732| Valid Acc 47.2550
TestSub: S[11, 12, 13, 14, 15] Epoch 49 Finsh | Now_lr 0.0005/0.0005 | Lambda 0.0985 | Train Loss 0.0112 | Valid Loss 4.2394 | Train Acc 99.6261| Valid Acc 48.0849
TestSub: S[11, 12, 13, 14, 15] Epoch 50 Finsh | Now_lr 0.0005/0.0005 | Lambda 0.0987 | Train Loss 0.0115 | Valid Loss 4.2747 | Train Acc 99.6133| Valid Acc 46.6470
TestSub: S[11, 12, 13, 14, 15] Epoch 51 Finsh | Now_lr 0.0005/0.0005 | Lambda 0.0988 | Train Loss 0.0110 | Valid Loss 4.4119 | Train Acc 99.6431| Valid Acc 47.2580
TestSub: S[11, 12, 13, 14, 15] Epoch 52 Finsh | Now_lr 0.0005/0.0005 | Lambda 0.0989 | Train Loss 0.0105 | Valid Loss 4.5161 | Train Acc 99.6510| Valid Acc 47.3279
TestSub: S[11, 12, 13, 14, 15] Epoch 53 Finsh | Now_lr 0.0005/0.0005 | Lambda 0.0990 | Train Loss 0.0118 | Valid Loss 4.4317 | Train Acc 99.6176| Valid Acc 47.4283
TestSub: S[11, 12, 13, 14, 15] Epoch 54 Finsh | Now_lr 0.0005/0.0005 | Lambda 0.0991 | Train Loss 0.0104 | Valid Loss 4.3596 | Train Acc 99.6687| Valid Acc 48.0119
TestSub: S[11, 12, 13, 14, 15] Epoch 55 Finsh | Now_lr 0.0005/0.0005 | Lambda 0.0992 | Train Loss 0.0099 | Valid Loss 4.6110 | Train Acc 99.6778| Valid Acc 47.9268
TestSub: S[11, 12, 13, 14, 15] Epoch 56 Finsh | Now_lr 0.0005/0.0005 | Lambda 0.0993 | Train Loss 0.0095 | Valid Loss 4.6895 | Train Acc 99.6820| Valid Acc 48.4922
TestSub: S[11, 12, 13, 14, 15] Epoch 57 Finsh | Now_lr 0.0005/0.0005 | Lambda 0.0993 | Train Loss 0.0103 | Valid Loss 4.4189 | Train Acc 99.6687| Valid Acc 47.9116
TestSub: S[11, 12, 13, 14, 15] Epoch 58 Finsh | Now_lr 0.0005/0.0005 | Lambda 0.0994 | Train Loss 0.0105 | Valid Loss 4.4204 | Train Acc 99.6541| Valid Acc 47.0544
TestSub: S[11, 12, 13, 14, 15] Epoch 59 Finsh | Now_lr 0.0005/0.0005 | Lambda 0.0995 | Train Loss 0.0095 | Valid Loss 4.0807 | Train Acc 99.7051| Valid Acc 48.5317
TestSub: S[11, 12, 13, 14, 15] Epoch 60 Finsh | Now_lr 0.0005/0.0005 | Lambda 0.0995 | Train Loss 0.0088 | Valid Loss 4.6725 | Train Acc 99.6966| Valid Acc 47.4556
TestSub: S[11, 12, 13, 14, 15] Epoch 61 Finsh | Now_lr 0.0005/0.0005 | Lambda 0.0996 | Train Loss 0.0106 | Valid Loss 4.5974 | Train Acc 99.6346| Valid Acc 47.0118
TestSub: S[11, 12, 13, 14, 15] Epoch 62 Finsh | Now_lr 0.0005/0.0005 | Lambda 0.0996 | Train Loss 0.0083 | Valid Loss 4.7978 | Train Acc 99.7258| Valid Acc 46.7899
TestSub: S[11, 12, 13, 14, 15] Epoch 63 Finsh | Now_lr 0.0005/0.0005 | Lambda 0.0996 | Train Loss 0.0096 | Valid Loss 4.4016 | Train Acc 99.6875| Valid Acc 48.6594
TestSub: S[11, 12, 13, 14, 15] Epoch 64 Finsh | Now_lr 0.0005/0.0005 | Lambda 0.0997 | Train Loss 0.0084 | Valid Loss 4.8897 | Train Acc 99.7252| Valid Acc 47.0848
TestSub: S[11, 12, 13, 14, 15] Epoch 65 Finsh | Now_lr 0.0005/0.0005 | Lambda 0.0997 | Train Loss 0.0095 | Valid Loss 4.6819 | Train Acc 99.6984| Valid Acc 46.2123
TestSub: S[11, 12, 13, 14, 15] Epoch 66 Finsh | Now_lr 0.0005/0.0005 | Lambda 0.0997 | Train Loss 0.0095 | Valid Loss 4.5855 | Train Acc 99.6845| Valid Acc 47.8265
TestSub: S[11, 12, 13, 14, 15] Epoch 67 Finsh | Now_lr 0.0005/0.0005 | Lambda 0.0998 | Train Loss 0.0088 | Valid Loss 4.6717 | Train Acc 99.7185| Valid Acc 48.3797
TestSub: S[11, 12, 13, 14, 15] Epoch 68 Finsh | Now_lr 0.0005/0.0005 | Lambda 0.0998 | Train Loss 0.0085 | Valid Loss 4.7280 | Train Acc 99.7258| Valid Acc 48.4071
TestSub: S[11, 12, 13, 14, 15] Epoch 69 Finsh | Now_lr 0.0005/0.0005 | Lambda 0.0998 | Train Loss 0.0086 | Valid Loss 4.5977 | Train Acc 99.7118| Valid Acc 48.5925
TestSub: S[11, 12, 13, 14, 15] Epoch 70 Finsh | Now_lr 0.0005/0.0005 | Lambda 0.0998 | Train Loss 0.0081 | Valid Loss 4.9571 | Train Acc 99.7246| Valid Acc 47.2307
TestSub: S[11, 12, 13, 14, 15] Epoch 71 Finsh | Now_lr 0.0005/0.0005 | Lambda 0.0998 | Train Loss 0.0080 | Valid Loss 4.6971 | Train Acc 99.7550| Valid Acc 48.1548
TestSub: S[11, 12, 13, 14, 15] Epoch 72 Finsh | Now_lr 0.0005/0.0005 | Lambda 0.0999 | Train Loss 0.0081 | Valid Loss 5.0264 | Train Acc 99.7361| Valid Acc 46.4038
TestSub: S[11, 12, 13, 14, 15] Epoch 73 Finsh | Now_lr 0.0005/0.0005 | Lambda 0.0999 | Train Loss 0.0080 | Valid Loss 5.1126 | Train Acc 99.7416| Valid Acc 48.4375
TestSub: S[11, 12, 13, 14, 15] Epoch 74 Finsh | Now_lr 0.0005/0.0005 | Lambda 0.0999 | Train Loss 0.0075 | Valid Loss 4.8104 | Train Acc 99.7629| Valid Acc 47.6502
TestSub: S[11, 12, 13, 14, 15] Epoch 75 Finsh | Now_lr 0.0005/0.0005 | Lambda 0.0999 | Train Loss 0.0076 | Valid Loss 4.8289 | Train Acc 99.7459| Valid Acc 48.7749
TestSub: S[11, 12, 13, 14, 15] Epoch 76 Finsh | Now_lr 0.0005/0.0005 | Lambda 0.0999 | Train Loss 0.0081 | Valid Loss 4.7543 | Train Acc 99.7319| Valid Acc 47.5316
TestSub: S[11, 12, 13, 14, 15] Epoch 77 Finsh | Now_lr 0.0005/0.0005 | Lambda 0.0999 | Train Loss 0.0075 | Valid Loss 4.6939 | Train Acc 99.7617| Valid Acc 48.7172
TestSub: S[11, 12, 13, 14, 15] Epoch 78 Finsh | Now_lr 0.0005/0.0005 | Lambda 0.0999 | Train Loss 0.0072 | Valid Loss 4.7907 | Train Acc 99.7726| Valid Acc 48.0666
TestSub: S[11, 12, 13, 14, 15] Epoch 79 Finsh | Now_lr 0.0005/0.0005 | Lambda 0.0999 | Train Loss 0.0072 | Valid Loss 5.0996 | Train Acc 99.7678| Valid Acc 47.2580
TestSub: S[11, 12, 13, 14, 15] Epoch 80 Finsh | Now_lr 0.0005/0.0005 | Lambda 0.0999 | Train Loss 0.0073 | Valid Loss 4.9029 | Train Acc 99.7671| Valid Acc 47.3219
TestSub: S[11, 12, 13, 14, 15] Epoch 81 Finsh | Now_lr 0.0005/0.0005 | Lambda 0.0999 | Train Loss 0.0068 | Valid Loss 4.8720 | Train Acc 99.7878| Valid Acc 47.7353
TestSub: S[11, 12, 13, 14, 15] Epoch 82 Finsh | Now_lr 0.0005/0.0005 | Lambda 0.0999 | Train Loss 0.0074 | Valid Loss 4.9734 | Train Acc 99.7501| Valid Acc 47.8113
TestSub: S[11, 12, 13, 14, 15] Epoch 83 Finsh | Now_lr 0.0005/0.0005 | Lambda 0.1000 | Train Loss 0.0068 | Valid Loss 4.9471 | Train Acc 99.7884| Valid Acc 47.9268
TestSub: S[11, 12, 13, 14, 15] Epoch 84 Finsh | Now_lr 0.0005/0.0005 | Lambda 0.1000 | Train Loss 0.0070 | Valid Loss 5.0641 | Train Acc 99.7793| Valid Acc 48.1305
TestSub: S[11, 12, 13, 14, 15] Epoch 85 Finsh | Now_lr 0.0005/0.0005 | Lambda 0.1000 | Train Loss 0.0080 | Valid Loss 4.7401 | Train Acc 99.7477| Valid Acc 46.8963
TestSub: S[11, 12, 13, 14, 15] Epoch 86 Finsh | Now_lr 0.0005/0.0005 | Lambda 0.1000 | Train Loss 0.0064 | Valid Loss 4.8900 | Train Acc 99.8036| Valid Acc 48.4588
TestSub: S[11, 12, 13, 14, 15] Epoch 87 Finsh | Now_lr 0.0005/0.0005 | Lambda 0.1000 | Train Loss 0.0071 | Valid Loss 4.7389 | Train Acc 99.7811| Valid Acc 48.1122
TestSub: S[11, 12, 13, 14, 15] Epoch 88 Finsh | Now_lr 0.0005/0.0005 | Lambda 0.1000 | Train Loss 0.0066 | Valid Loss 5.0907 | Train Acc 99.7866| Valid Acc 47.9754
TestSub: S[11, 12, 13, 14, 15] Epoch 89 Finsh | Now_lr 0.0005/0.0005 | Lambda 0.1000 | Train Loss 0.0068 | Valid Loss 4.9747 | Train Acc 99.7890| Valid Acc 49.7325
TestSub: S[11, 12, 13, 14, 15] Epoch 90 Finsh | Now_lr 0.0005/0.0005 | Lambda 0.1000 | Train Loss 0.0068 | Valid Loss 4.9661 | Train Acc 99.7757| Valid Acc 47.7839
TestSub: S[11, 12, 13, 14, 15] Epoch 91 Finsh | Now_lr 0.0005/0.0005 | Lambda 0.1000 | Train Loss 0.0055 | Valid Loss 5.3684 | Train Acc 99.8188| Valid Acc 47.1425
TestSub: S[11, 12, 13, 14, 15] Epoch 92 Finsh | Now_lr 0.0005/0.0005 | Lambda 0.1000 | Train Loss 0.0070 | Valid Loss 5.1575 | Train Acc 99.7720| Valid Acc 47.9906
TestSub: S[11, 12, 13, 14, 15] Epoch 93 Finsh | Now_lr 0.0005/0.0005 | Lambda 0.1000 | Train Loss 0.0066 | Valid Loss 4.9504 | Train Acc 99.7975| Valid Acc 46.7260
TestSub: S[11, 12, 13, 14, 15] Epoch 94 Finsh | Now_lr 0.0005/0.0005 | Lambda 0.1000 | Train Loss 0.0064 | Valid Loss 5.1729 | Train Acc 99.8018| Valid Acc 48.1335
TestSub: S[11, 12, 13, 14, 15] Epoch 95 Finsh | Now_lr 0.0005/0.0005 | Lambda 0.1000 | Train Loss 0.0058 | Valid Loss 5.0530 | Train Acc 99.8127| Valid Acc 47.5590
TestSub: S[11, 12, 13, 14, 15] Epoch 96 Finsh | Now_lr 0.0005/0.0005 | Lambda 0.1000 | Train Loss 0.0063 | Valid Loss 5.1946 | Train Acc 99.7994| Valid Acc 46.8507
TestSub: S[11, 12, 13, 14, 15] Epoch 97 Finsh | Now_lr 0.0005/0.0005 | Lambda 0.1000 | Train Loss 0.0058 | Valid Loss 4.9582 | Train Acc 99.8097| Valid Acc 49.0485
TestSub: S[11, 12, 13, 14, 15] Epoch 98 Finsh | Now_lr 0.0005/0.0005 | Lambda 0.1000 | Train Loss 0.0063 | Valid Loss 4.9834 | Train Acc 99.7982| Valid Acc 48.5682
TestSub: S[11, 12, 13, 14, 15] Epoch 99 Finsh | Now_lr 0.0005/0.0005 | Lambda 0.1000 | Train Loss 0.0062 | Valid Loss 4.7040 | Train Acc 99.7988| Valid Acc 50.3161
TestSub: S[11, 12, 13, 14, 15] Epoch 100 Finsh | Now_lr 0.0005/0.0005 | Lambda 0.1000 | Train Loss 0.0052 | Valid Loss 4.9555 | Train Acc 99.8377| Valid Acc 50.0091
--------------------------------------------------
Test_Subject :S[11, 12, 13, 14, 15] |Best epoch:2 | Test Loss:1.5147 | Best Acc 52.9669 | Savemodel Acc 52.9669
--------------------------------------------------

========== Fold 4 ==========
Train IDs: [1, 2, 3, 4, 5, 6, 7, 8, 9, 10, 11, 12, 13, 14, 15, 21, 22, 23, 24, 25, 26, 27, 28, 29, 30]
Val IDs:   [16, 17, 18, 19, 20]
train_data_shape(164500, 32, 128),val_data_shape(32900, 32, 128)
=================================================================
Layer (type:depth-idx)                   Param #
=================================================================
DARNet                                   --
├─TokenEmbedding: 1-1                    --
│    └─Sequential: 2-1                   --
│    │    └─Conv2d: 3-1                  576
│    │    └─BatchNorm2d: 3-2             128
│    │    └─GELU: 3-3                    --
│    └─Sequential: 2-2                   --
│    │    └─Conv2d: 3-4                  32,784
│    │    └─BatchNorm2d: 3-5             32
│    │    └─GELU: 3-6                    --
│    └─PositionalEmbedding: 2-3          --
├─Flatten: 1-2                           --
├─Linear: 1-3                            18
├─AttnRefine: 1-4                        --
│    └─MyAttention: 2-4                  --
│    │    └─Attention: 3-7               800
│    └─Refine: 2-5                       --
│    │    └─Conv1d: 3-8                  784
│    │    └─BatchNorm1d: 3-9             32
│    │    └─ELU: 3-10                    --
│    │    └─MaxPool1d: 3-11              --
│    └─AdaptiveAvgPool1d: 2-6            --
│    └─Linear: 2-7                       68
│    └─Flatten: 2-8                      --
├─AttnRefine: 1-5                        --
│    └─MyAttention: 2-9                  --
│    │    └─Attention: 3-12              800
│    └─Refine: 2-10                      --
│    │    └─Conv1d: 3-13                 784
│    │    └─BatchNorm1d: 3-14            32
│    │    └─ELU: 3-15                    --
│    │    └─MaxPool1d: 3-16              --
│    └─AdaptiveAvgPool1d: 2-11           --
│    └─Linear: 2-12                      68
│    └─Flatten: 2-13                     --
├─GradientReversalLayer: 1-6             --
├─SubjectDiscriminator: 1-7              --
│    └─Sequential: 2-14                  --
│    │    └─Linear: 3-17                 2,304
│    │    └─ReLU: 3-18                   --
│    │    └─Dropout: 3-19                --
│    │    └─Linear: 3-20                 32,896
│    │    └─ReLU: 3-21                   --
│    │    └─Dropout: 3-22                --
│    │    └─Linear: 3-23                 3,870
=================================================================
Total params: 75,976
Trainable params: 75,976
Non-trainable params: 0
=================================================================
TestSub: S[16, 17, 18, 19, 20] Epoch  1 Finsh | Now_lr 0.0005/0.0005 | Lambda 0.0050 | Train Loss 0.4878 | Valid Loss 1.3748 | Train Acc 74.6389| Valid Acc 50.5198
Validation acc increase (0.000000 --> 50.519820) in epoch (1).  Saving model ...
TestSub: S[16, 17, 18, 19, 20] Epoch  2 Finsh | Now_lr 0.0005/0.0005 | Lambda 0.0100 | Train Loss 0.3139 | Valid Loss 1.5822 | Train Acc 86.2859| Valid Acc 52.5353
Validation acc increase (50.519820 --> 52.535263) in epoch (2).  Saving model ...
TestSub: S[16, 17, 18, 19, 20] Epoch  3 Finsh | Now_lr 0.0005/0.0005 | Lambda 0.0149 | Train Loss 0.2436 | Valid Loss 1.7938 | Train Acc 89.7757| Valid Acc 52.6447
Validation acc increase (52.535263 --> 52.644698) in epoch (3).  Saving model ...
TestSub: S[16, 17, 18, 19, 20] Epoch  4 Finsh | Now_lr 0.0005/0.0005 | Lambda 0.0197 | Train Loss 0.1996 | Valid Loss 1.9236 | Train Acc 91.8355| Valid Acc 52.7633
Validation acc increase (52.644698 --> 52.763254) in epoch (4).  Saving model ...
TestSub: S[16, 17, 18, 19, 20] Epoch  5 Finsh | Now_lr 0.0005/0.0005 | Lambda 0.0245 | Train Loss 0.1639 | Valid Loss 2.1985 | Train Acc 93.4746| Valid Acc 54.8517
Validation acc increase (52.763254 --> 54.851654) in epoch (5).  Saving model ...
TestSub: S[16, 17, 18, 19, 20] Epoch  6 Finsh | Now_lr 0.0005/0.0005 | Lambda 0.0291 | Train Loss 0.1432 | Valid Loss 2.3796 | Train Acc 94.3324| Valid Acc 54.5081
TestSub: S[16, 17, 18, 19, 20] Epoch  7 Finsh | Now_lr 0.0005/0.0005 | Lambda 0.0336 | Train Loss 0.1236 | Valid Loss 2.6090 | Train Acc 95.2262| Valid Acc 53.8607
TestSub: S[16, 17, 18, 19, 20] Epoch  8 Finsh | Now_lr 0.0005/0.0005 | Lambda 0.0380 | Train Loss 0.1073 | Valid Loss 2.6231 | Train Acc 95.9320| Valid Acc 52.0185
TestSub: S[16, 17, 18, 19, 20] Epoch  9 Finsh | Now_lr 0.0005/0.0005 | Lambda 0.0422 | Train Loss 0.0973 | Valid Loss 2.6968 | Train Acc 96.3005| Valid Acc 50.4134
TestSub: S[16, 17, 18, 19, 20] Epoch 10 Finsh | Now_lr 0.0005/0.0005 | Lambda 0.0462 | Train Loss 0.0867 | Valid Loss 2.8996 | Train Acc 96.7704| Valid Acc 51.7115
TestSub: S[16, 17, 18, 19, 20] Epoch 11 Finsh | Now_lr 0.0005/0.0005 | Lambda 0.0501 | Train Loss 0.0792 | Valid Loss 3.0933 | Train Acc 97.0866| Valid Acc 51.1278
TestSub: S[16, 17, 18, 19, 20] Epoch 12 Finsh | Now_lr 0.0005/0.0005 | Lambda 0.0537 | Train Loss 0.0706 | Valid Loss 3.1114 | Train Acc 97.3991| Valid Acc 51.9698
TestSub: S[16, 17, 18, 19, 20] Epoch 13 Finsh | Now_lr 0.0005/0.0005 | Lambda 0.0572 | Train Loss 0.0666 | Valid Loss 3.2873 | Train Acc 97.5669| Valid Acc 50.6019
TestSub: S[16, 17, 18, 19, 20] Epoch 14 Finsh | Now_lr 0.0005/0.0005 | Lambda 0.0604 | Train Loss 0.0624 | Valid Loss 3.3031 | Train Acc 97.7365| Valid Acc 51.7510
TestSub: S[16, 17, 18, 19, 20] Epoch 15 Finsh | Now_lr 0.0005/0.0005 | Lambda 0.0635 | Train Loss 0.0569 | Valid Loss 3.0972 | Train Acc 97.9475| Valid Acc 52.2222
TestSub: S[16, 17, 18, 19, 20] Epoch 16 Finsh | Now_lr 0.0005/0.0005 | Lambda 0.0664 | Train Loss 0.0521 | Valid Loss 3.1288 | Train Acc 98.1578| Valid Acc 51.7935
TestSub: S[16, 17, 18, 19, 20] Epoch 17 Finsh | Now_lr 0.0005/0.0005 | Lambda 0.0691 | Train Loss 0.0490 | Valid Loss 3.3420 | Train Acc 98.2861| Valid Acc 52.5444
TestSub: S[16, 17, 18, 19, 20] Epoch 18 Finsh | Now_lr 0.0005/0.0005 | Lambda 0.0716 | Train Loss 0.0456 | Valid Loss 3.3024 | Train Acc 98.4028| Valid Acc 52.7572
TestSub: S[16, 17, 18, 19, 20] Epoch 19 Finsh | Now_lr 0.0005/0.0005 | Lambda 0.0740 | Train Loss 0.0426 | Valid Loss 3.4257 | Train Acc 98.4715| Valid Acc 52.5961
TestSub: S[16, 17, 18, 19, 20] Epoch 20 Finsh | Now_lr 0.0005/0.0005 | Lambda 0.0762 | Train Loss 0.0403 | Valid Loss 3.4035 | Train Acc 98.6436| Valid Acc 52.5596
TestSub: S[16, 17, 18, 19, 20] Epoch 21 Finsh | Now_lr 0.0005/0.0005 | Lambda 0.0782 | Train Loss 0.0379 | Valid Loss 3.3377 | Train Acc 98.7105| Valid Acc 53.3256
TestSub: S[16, 17, 18, 19, 20] Epoch 22 Finsh | Now_lr 0.0005/0.0005 | Lambda 0.0800 | Train Loss 0.0368 | Valid Loss 3.2124 | Train Acc 98.7038| Valid Acc 53.8151
TestSub: S[16, 17, 18, 19, 20] Epoch 23 Finsh | Now_lr 0.0005/0.0005 | Lambda 0.0818 | Train Loss 0.0337 | Valid Loss 3.1762 | Train Acc 98.8303| Valid Acc 54.1738
TestSub: S[16, 17, 18, 19, 20] Epoch 24 Finsh | Now_lr 0.0005/0.0005 | Lambda 0.0834 | Train Loss 0.0318 | Valid Loss 3.4414 | Train Acc 98.9129| Valid Acc 54.2467
TestSub: S[16, 17, 18, 19, 20] Epoch 25 Finsh | Now_lr 0.0005/0.0005 | Lambda 0.0848 | Train Loss 0.0319 | Valid Loss 3.2652 | Train Acc 98.9062| Valid Acc 55.2894
Validation acc increase (54.851654 --> 55.289397) in epoch (25).  Saving model ...
TestSub: S[16, 17, 18, 19, 20] Epoch 26 Finsh | Now_lr 0.0005/0.0005 | Lambda 0.0862 | Train Loss 0.0318 | Valid Loss 3.1192 | Train Acc 98.8455| Valid Acc 54.9611
TestSub: S[16, 17, 18, 19, 20] Epoch 27 Finsh | Now_lr 0.0005/0.0005 | Lambda 0.0874 | Train Loss 0.0296 | Valid Loss 3.2899 | Train Acc 99.0011| Valid Acc 53.0794
TestSub: S[16, 17, 18, 19, 20] Epoch 28 Finsh | Now_lr 0.0005/0.0005 | Lambda 0.0885 | Train Loss 0.0269 | Valid Loss 3.4072 | Train Acc 99.0850| Valid Acc 53.6023
TestSub: S[16, 17, 18, 19, 20] Epoch 29 Finsh | Now_lr 0.0005/0.0005 | Lambda 0.0896 | Train Loss 0.0271 | Valid Loss 3.0532 | Train Acc 99.0789| Valid Acc 53.5415
TestSub: S[16, 17, 18, 19, 20] Epoch 30 Finsh | Now_lr 0.0005/0.0005 | Lambda 0.0905 | Train Loss 0.0250 | Valid Loss 3.1518 | Train Acc 99.1507| Valid Acc 53.5536
TestSub: S[16, 17, 18, 19, 20] Epoch 31 Finsh | Now_lr 0.0005/0.0005 | Lambda 0.0914 | Train Loss 0.0242 | Valid Loss 3.2749 | Train Acc 99.1768| Valid Acc 54.2710
TestSub: S[16, 17, 18, 19, 20] Epoch 32 Finsh | Now_lr 0.0005/0.0005 | Lambda 0.0922 | Train Loss 0.0235 | Valid Loss 3.2228 | Train Acc 99.2023| Valid Acc 53.4381
TestSub: S[16, 17, 18, 19, 20] Epoch 33 Finsh | Now_lr 0.0005/0.0005 | Lambda 0.0929 | Train Loss 0.0238 | Valid Loss 3.1846 | Train Acc 99.2042| Valid Acc 52.7541
TestSub: S[16, 17, 18, 19, 20] Epoch 34 Finsh | Now_lr 0.0005/0.0005 | Lambda 0.0935 | Train Loss 0.0224 | Valid Loss 3.2724 | Train Acc 99.2443| Valid Acc 54.8000
TestSub: S[16, 17, 18, 19, 20] Epoch 35 Finsh | Now_lr 0.0005/0.0005 | Lambda 0.0941 | Train Loss 0.0223 | Valid Loss 3.1612 | Train Acc 99.2212| Valid Acc 52.9304
TestSub: S[16, 17, 18, 19, 20] Epoch 36 Finsh | Now_lr 0.0005/0.0005 | Lambda 0.0947 | Train Loss 0.0209 | Valid Loss 3.5701 | Train Acc 99.2923| Valid Acc 52.4441
TestSub: S[16, 17, 18, 19, 20] Epoch 37 Finsh | Now_lr 0.0005/0.0005 | Lambda 0.0952 | Train Loss 0.0194 | Valid Loss 3.4919 | Train Acc 99.3343| Valid Acc 52.3134
TestSub: S[16, 17, 18, 19, 20] Epoch 38 Finsh | Now_lr 0.0005/0.0005 | Lambda 0.0956 | Train Loss 0.0202 | Valid Loss 3.4586 | Train Acc 99.3270| Valid Acc 53.7299
TestSub: S[16, 17, 18, 19, 20] Epoch 39 Finsh | Now_lr 0.0005/0.0005 | Lambda 0.0960 | Train Loss 0.0199 | Valid Loss 3.3505 | Train Acc 99.3154| Valid Acc 52.9973
TestSub: S[16, 17, 18, 19, 20] Epoch 40 Finsh | Now_lr 0.0005/0.0005 | Lambda 0.0964 | Train Loss 0.0192 | Valid Loss 3.2050 | Train Acc 99.3470| Valid Acc 52.7602
TestSub: S[16, 17, 18, 19, 20] Epoch 41 Finsh | Now_lr 0.0005/0.0005 | Lambda 0.0967 | Train Loss 0.0193 | Valid Loss 3.2789 | Train Acc 99.3555| Valid Acc 52.5778
TestSub: S[16, 17, 18, 19, 20] Epoch 42 Finsh | Now_lr 0.0005/0.0005 | Lambda 0.0970 | Train Loss 0.0174 | Valid Loss 3.3008 | Train Acc 99.4328| Valid Acc 53.9123
TestSub: S[16, 17, 18, 19, 20] Epoch 43 Finsh | Now_lr 0.0005/0.0005 | Lambda 0.0973 | Train Loss 0.0184 | Valid Loss 3.6428 | Train Acc 99.3768| Valid Acc 53.3104
TestSub: S[16, 17, 18, 19, 20] Epoch 44 Finsh | Now_lr 0.0005/0.0005 | Lambda 0.0976 | Train Loss 0.0172 | Valid Loss 3.4605 | Train Acc 99.4291| Valid Acc 52.9152
TestSub: S[16, 17, 18, 19, 20] Epoch 45 Finsh | Now_lr 0.0005/0.0005 | Lambda 0.0978 | Train Loss 0.0172 | Valid Loss 3.6168 | Train Acc 99.4042| Valid Acc 53.3439
TestSub: S[16, 17, 18, 19, 20] Epoch 46 Finsh | Now_lr 0.0005/0.0005 | Lambda 0.0980 | Train Loss 0.0171 | Valid Loss 3.3878 | Train Acc 99.4115| Valid Acc 53.7208
TestSub: S[16, 17, 18, 19, 20] Epoch 47 Finsh | Now_lr 0.0005/0.0005 | Lambda 0.0982 | Train Loss 0.0155 | Valid Loss 3.5378 | Train Acc 99.4984| Valid Acc 53.8151
TestSub: S[16, 17, 18, 19, 20] Epoch 48 Finsh | Now_lr 0.0005/0.0005 | Lambda 0.0984 | Train Loss 0.0160 | Valid Loss 3.4334 | Train Acc 99.4480| Valid Acc 53.1524
TestSub: S[16, 17, 18, 19, 20] Epoch 49 Finsh | Now_lr 0.0005/0.0005 | Lambda 0.0985 | Train Loss 0.0142 | Valid Loss 3.6254 | Train Acc 99.5294| Valid Acc 54.0278
TestSub: S[16, 17, 18, 19, 20] Epoch 50 Finsh | Now_lr 0.0005/0.0005 | Lambda 0.0987 | Train Loss 0.0152 | Valid Loss 3.6393 | Train Acc 99.4887| Valid Acc 53.8029
TestSub: S[16, 17, 18, 19, 20] Epoch 51 Finsh | Now_lr 0.0005/0.0005 | Lambda 0.0988 | Train Loss 0.0149 | Valid Loss 3.5333 | Train Acc 99.4881| Valid Acc 52.5079
TestSub: S[16, 17, 18, 19, 20] Epoch 52 Finsh | Now_lr 0.0005/0.0005 | Lambda 0.0989 | Train Loss 0.0143 | Valid Loss 3.6506 | Train Acc 99.5246| Valid Acc 53.1311
TestSub: S[16, 17, 18, 19, 20] Epoch 53 Finsh | Now_lr 0.0005/0.0005 | Lambda 0.0990 | Train Loss 0.0145 | Valid Loss 3.8284 | Train Acc 99.5142| Valid Acc 53.3287
TestSub: S[16, 17, 18, 19, 20] Epoch 54 Finsh | Now_lr 0.0005/0.0005 | Lambda 0.0991 | Train Loss 0.0142 | Valid Loss 3.8082 | Train Acc 99.5246| Valid Acc 51.7023
TestSub: S[16, 17, 18, 19, 20] Epoch 55 Finsh | Now_lr 0.0005/0.0005 | Lambda 0.0992 | Train Loss 0.0143 | Valid Loss 3.8898 | Train Acc 99.5179| Valid Acc 52.6812
TestSub: S[16, 17, 18, 19, 20] Epoch 56 Finsh | Now_lr 0.0005/0.0005 | Lambda 0.0993 | Train Loss 0.0134 | Valid Loss 3.6173 | Train Acc 99.5513| Valid Acc 52.3985
TestSub: S[16, 17, 18, 19, 20] Epoch 57 Finsh | Now_lr 0.0005/0.0005 | Lambda 0.0993 | Train Loss 0.0131 | Valid Loss 3.6421 | Train Acc 99.5708| Valid Acc 53.1007
TestSub: S[16, 17, 18, 19, 20] Epoch 58 Finsh | Now_lr 0.0005/0.0005 | Lambda 0.0994 | Train Loss 0.0130 | Valid Loss 3.7693 | Train Acc 99.5519| Valid Acc 54.1403
TestSub: S[16, 17, 18, 19, 20] Epoch 59 Finsh | Now_lr 0.0005/0.0005 | Lambda 0.0995 | Train Loss 0.0134 | Valid Loss 3.7796 | Train Acc 99.5574| Valid Acc 52.8696
TestSub: S[16, 17, 18, 19, 20] Epoch 60 Finsh | Now_lr 0.0005/0.0005 | Lambda 0.0995 | Train Loss 0.0132 | Valid Loss 3.8633 | Train Acc 99.5471| Valid Acc 53.0490
TestSub: S[16, 17, 18, 19, 20] Epoch 61 Finsh | Now_lr 0.0005/0.0005 | Lambda 0.0996 | Train Loss 0.0132 | Valid Loss 3.7984 | Train Acc 99.5483| Valid Acc 51.5199
TestSub: S[16, 17, 18, 19, 20] Epoch 62 Finsh | Now_lr 0.0005/0.0005 | Lambda 0.0996 | Train Loss 0.0125 | Valid Loss 3.7563 | Train Acc 99.5708| Valid Acc 52.7572
TestSub: S[16, 17, 18, 19, 20] Epoch 63 Finsh | Now_lr 0.0005/0.0005 | Lambda 0.0996 | Train Loss 0.0119 | Valid Loss 4.3611 | Train Acc 99.6152| Valid Acc 53.7056
TestSub: S[16, 17, 18, 19, 20] Epoch 64 Finsh | Now_lr 0.0005/0.0005 | Lambda 0.0997 | Train Loss 0.0128 | Valid Loss 3.9892 | Train Acc 99.5860| Valid Acc 51.6719
TestSub: S[16, 17, 18, 19, 20] Epoch 65 Finsh | Now_lr 0.0005/0.0005 | Lambda 0.0997 | Train Loss 0.0120 | Valid Loss 3.9258 | Train Acc 99.5860| Valid Acc 53.4715
TestSub: S[16, 17, 18, 19, 20] Epoch 66 Finsh | Now_lr 0.0005/0.0005 | Lambda 0.0997 | Train Loss 0.0115 | Valid Loss 3.9933 | Train Acc 99.6218| Valid Acc 52.9700
TestSub: S[16, 17, 18, 19, 20] Epoch 67 Finsh | Now_lr 0.0005/0.0005 | Lambda 0.0998 | Train Loss 0.0125 | Valid Loss 3.7193 | Train Acc 99.5574| Valid Acc 53.3864
TestSub: S[16, 17, 18, 19, 20] Epoch 68 Finsh | Now_lr 0.0005/0.0005 | Lambda 0.0998 | Train Loss 0.0110 | Valid Loss 3.9878 | Train Acc 99.6310| Valid Acc 54.3835
TestSub: S[16, 17, 18, 19, 20] Epoch 69 Finsh | Now_lr 0.0005/0.0005 | Lambda 0.0998 | Train Loss 0.0109 | Valid Loss 3.9344 | Train Acc 99.6389| Valid Acc 54.4929
TestSub: S[16, 17, 18, 19, 20] Epoch 70 Finsh | Now_lr 0.0005/0.0005 | Lambda 0.0998 | Train Loss 0.0115 | Valid Loss 3.9085 | Train Acc 99.6188| Valid Acc 52.6873
TestSub: S[16, 17, 18, 19, 20] Epoch 71 Finsh | Now_lr 0.0005/0.0005 | Lambda 0.0998 | Train Loss 0.0123 | Valid Loss 3.8375 | Train Acc 99.6018| Valid Acc 53.9062
TestSub: S[16, 17, 18, 19, 20] Epoch 72 Finsh | Now_lr 0.0005/0.0005 | Lambda 0.0999 | Train Loss 0.0110 | Valid Loss 3.9034 | Train Acc 99.6541| Valid Acc 52.8696
TestSub: S[16, 17, 18, 19, 20] Epoch 73 Finsh | Now_lr 0.0005/0.0005 | Lambda 0.0999 | Train Loss 0.0110 | Valid Loss 3.4982 | Train Acc 99.6413| Valid Acc 51.5230
TestSub: S[16, 17, 18, 19, 20] Epoch 74 Finsh | Now_lr 0.0005/0.0005 | Lambda 0.0999 | Train Loss 0.0111 | Valid Loss 3.6740 | Train Acc 99.6115| Valid Acc 53.3044
TestSub: S[16, 17, 18, 19, 20] Epoch 75 Finsh | Now_lr 0.0005/0.0005 | Lambda 0.0999 | Train Loss 0.0099 | Valid Loss 4.0722 | Train Acc 99.6826| Valid Acc 52.2313
TestSub: S[16, 17, 18, 19, 20] Epoch 76 Finsh | Now_lr 0.0005/0.0005 | Lambda 0.0999 | Train Loss 0.0102 | Valid Loss 3.9353 | Train Acc 99.6735| Valid Acc 51.8027
TestSub: S[16, 17, 18, 19, 20] Epoch 77 Finsh | Now_lr 0.0005/0.0005 | Lambda 0.0999 | Train Loss 0.0107 | Valid Loss 3.8601 | Train Acc 99.6638| Valid Acc 53.0064
TestSub: S[16, 17, 18, 19, 20] Epoch 78 Finsh | Now_lr 0.0005/0.0005 | Lambda 0.0999 | Train Loss 0.0104 | Valid Loss 3.8211 | Train Acc 99.6480| Valid Acc 54.3106
TestSub: S[16, 17, 18, 19, 20] Epoch 79 Finsh | Now_lr 0.0005/0.0005 | Lambda 0.0999 | Train Loss 0.0100 | Valid Loss 3.7699 | Train Acc 99.6674| Valid Acc 53.0004
TestSub: S[16, 17, 18, 19, 20] Epoch 80 Finsh | Now_lr 0.0005/0.0005 | Lambda 0.0999 | Train Loss 0.0102 | Valid Loss 3.9780 | Train Acc 99.6419| Valid Acc 52.6356
TestSub: S[16, 17, 18, 19, 20] Epoch 81 Finsh | Now_lr 0.0005/0.0005 | Lambda 0.0999 | Train Loss 0.0101 | Valid Loss 4.0226 | Train Acc 99.6607| Valid Acc 52.8423
TestSub: S[16, 17, 18, 19, 20] Epoch 82 Finsh | Now_lr 0.0005/0.0005 | Lambda 0.0999 | Train Loss 0.0091 | Valid Loss 3.8759 | Train Acc 99.6820| Valid Acc 52.4076
TestSub: S[16, 17, 18, 19, 20] Epoch 83 Finsh | Now_lr 0.0005/0.0005 | Lambda 0.1000 | Train Loss 0.0093 | Valid Loss 4.1533 | Train Acc 99.6911| Valid Acc 51.8634
TestSub: S[16, 17, 18, 19, 20] Epoch 84 Finsh | Now_lr 0.0005/0.0005 | Lambda 0.1000 | Train Loss 0.0092 | Valid Loss 4.1419 | Train Acc 99.6942| Valid Acc 52.6690
TestSub: S[16, 17, 18, 19, 20] Epoch 85 Finsh | Now_lr 0.0005/0.0005 | Lambda 0.1000 | Train Loss 0.0094 | Valid Loss 4.2668 | Train Acc 99.7082| Valid Acc 52.6386
TestSub: S[16, 17, 18, 19, 20] Epoch 86 Finsh | Now_lr 0.0005/0.0005 | Lambda 0.1000 | Train Loss 0.0101 | Valid Loss 3.7385 | Train Acc 99.6905| Valid Acc 54.7513
TestSub: S[16, 17, 18, 19, 20] Epoch 87 Finsh | Now_lr 0.0005/0.0005 | Lambda 0.1000 | Train Loss 0.0086 | Valid Loss 4.2652 | Train Acc 99.7033| Valid Acc 54.4686
TestSub: S[16, 17, 18, 19, 20] Epoch 88 Finsh | Now_lr 0.0005/0.0005 | Lambda 0.1000 | Train Loss 0.0092 | Valid Loss 4.2546 | Train Acc 99.6984| Valid Acc 54.3410
TestSub: S[16, 17, 18, 19, 20] Epoch 89 Finsh | Now_lr 0.0005/0.0005 | Lambda 0.1000 | Train Loss 0.0082 | Valid Loss 4.0579 | Train Acc 99.7446| Valid Acc 52.4593
TestSub: S[16, 17, 18, 19, 20] Epoch 90 Finsh | Now_lr 0.0005/0.0005 | Lambda 0.1000 | Train Loss 0.0082 | Valid Loss 3.9320 | Train Acc 99.7355| Valid Acc 53.9853
TestSub: S[16, 17, 18, 19, 20] Epoch 91 Finsh | Now_lr 0.0005/0.0005 | Lambda 0.1000 | Train Loss 0.0086 | Valid Loss 3.7175 | Train Acc 99.7185| Valid Acc 53.1767
TestSub: S[16, 17, 18, 19, 20] Epoch 92 Finsh | Now_lr 0.0005/0.0005 | Lambda 0.1000 | Train Loss 0.0082 | Valid Loss 4.3776 | Train Acc 99.7398| Valid Acc 54.8182
TestSub: S[16, 17, 18, 19, 20] Epoch 93 Finsh | Now_lr 0.0005/0.0005 | Lambda 0.1000 | Train Loss 0.0089 | Valid Loss 3.9597 | Train Acc 99.7051| Valid Acc 53.4837
TestSub: S[16, 17, 18, 19, 20] Epoch 94 Finsh | Now_lr 0.0005/0.0005 | Lambda 0.1000 | Train Loss 0.0079 | Valid Loss 3.8614 | Train Acc 99.7446| Valid Acc 51.8543
TestSub: S[16, 17, 18, 19, 20] Epoch 95 Finsh | Now_lr 0.0005/0.0005 | Lambda 0.1000 | Train Loss 0.0083 | Valid Loss 4.1484 | Train Acc 99.7307| Valid Acc 53.2436
TestSub: S[16, 17, 18, 19, 20] Epoch 96 Finsh | Now_lr 0.0005/0.0005 | Lambda 0.1000 | Train Loss 0.0084 | Valid Loss 4.4901 | Train Acc 99.7459| Valid Acc 53.5202
TestSub: S[16, 17, 18, 19, 20] Epoch 97 Finsh | Now_lr 0.0005/0.0005 | Lambda 0.1000 | Train Loss 0.0082 | Valid Loss 4.2789 | Train Acc 99.7136| Valid Acc 52.9730
TestSub: S[16, 17, 18, 19, 20] Epoch 98 Finsh | Now_lr 0.0005/0.0005 | Lambda 0.1000 | Train Loss 0.0078 | Valid Loss 3.9638 | Train Acc 99.7422| Valid Acc 54.0066
TestSub: S[16, 17, 18, 19, 20] Epoch 99 Finsh | Now_lr 0.0005/0.0005 | Lambda 0.1000 | Train Loss 0.0075 | Valid Loss 4.4740 | Train Acc 99.7568| Valid Acc 52.9943
TestSub: S[16, 17, 18, 19, 20] Epoch 100 Finsh | Now_lr 0.0005/0.0005 | Lambda 0.1000 | Train Loss 0.0078 | Valid Loss 4.0118 | Train Acc 99.7495| Valid Acc 53.4715
--------------------------------------------------
Test_Subject :S[16, 17, 18, 19, 20] |Best epoch:25 | Test Loss:3.2652 | Best Acc 55.2894 | Savemodel Acc 55.2894
--------------------------------------------------

========== Fold 5 ==========
Train IDs: [1, 2, 3, 4, 5, 6, 7, 8, 9, 10, 11, 12, 13, 14, 15, 16, 17, 18, 19, 20, 26, 27, 28, 29, 30]
Val IDs:   [21, 22, 23, 24, 25]
train_data_shape(164500, 32, 128),val_data_shape(32900, 32, 128)
=================================================================
Layer (type:depth-idx)                   Param #
=================================================================
DARNet                                   --
├─TokenEmbedding: 1-1                    --
│    └─Sequential: 2-1                   --
│    │    └─Conv2d: 3-1                  576
│    │    └─BatchNorm2d: 3-2             128
│    │    └─GELU: 3-3                    --
│    └─Sequential: 2-2                   --
│    │    └─Conv2d: 3-4                  32,784
│    │    └─BatchNorm2d: 3-5             32
│    │    └─GELU: 3-6                    --
│    └─PositionalEmbedding: 2-3          --
├─Flatten: 1-2                           --
├─Linear: 1-3                            18
├─AttnRefine: 1-4                        --
│    └─MyAttention: 2-4                  --
│    │    └─Attention: 3-7               800
│    └─Refine: 2-5                       --
│    │    └─Conv1d: 3-8                  784
│    │    └─BatchNorm1d: 3-9             32
│    │    └─ELU: 3-10                    --
│    │    └─MaxPool1d: 3-11              --
│    └─AdaptiveAvgPool1d: 2-6            --
│    └─Linear: 2-7                       68
│    └─Flatten: 2-8                      --
├─AttnRefine: 1-5                        --
│    └─MyAttention: 2-9                  --
│    │    └─Attention: 3-12              800
│    └─Refine: 2-10                      --
│    │    └─Conv1d: 3-13                 784
│    │    └─BatchNorm1d: 3-14            32
│    │    └─ELU: 3-15                    --
│    │    └─MaxPool1d: 3-16              --
│    └─AdaptiveAvgPool1d: 2-11           --
│    └─Linear: 2-12                      68
│    └─Flatten: 2-13                     --
├─GradientReversalLayer: 1-6             --
├─SubjectDiscriminator: 1-7              --
│    └─Sequential: 2-14                  --
│    │    └─Linear: 3-17                 2,304
│    │    └─ReLU: 3-18                   --
│    │    └─Dropout: 3-19                --
│    │    └─Linear: 3-20                 32,896
│    │    └─ReLU: 3-21                   --
│    │    └─Dropout: 3-22                --
│    │    └─Linear: 3-23                 3,870
=================================================================
Total params: 75,976
Trainable params: 75,976
Non-trainable params: 0
=================================================================
TestSub: S[21, 22, 23, 24, 25] Epoch  1 Finsh | Now_lr 0.0005/0.0005 | Lambda 0.0050 | Train Loss 0.4379 | Valid Loss 1.4265 | Train Acc 78.3013| Valid Acc 48.4314
Validation acc increase (0.000000 --> 48.431420) in epoch (1).  Saving model ...
TestSub: S[21, 22, 23, 24, 25] Epoch  2 Finsh | Now_lr 0.0005/0.0005 | Lambda 0.0100 | Train Loss 0.2823 | Valid Loss 1.6978 | Train Acc 87.7882| Valid Acc 48.1730
TestSub: S[21, 22, 23, 24, 25] Epoch  3 Finsh | Now_lr 0.0005/0.0005 | Lambda 0.0149 | Train Loss 0.2231 | Valid Loss 2.0067 | Train Acc 90.6931| Valid Acc 49.1944
Validation acc increase (48.431420 --> 49.194431) in epoch (3).  Saving model ...
TestSub: S[21, 22, 23, 24, 25] Epoch  4 Finsh | Now_lr 0.0005/0.0005 | Lambda 0.0197 | Train Loss 0.1825 | Valid Loss 2.0725 | Train Acc 92.4982| Valid Acc 50.2219
Validation acc increase (49.194431 --> 50.221911) in epoch (4).  Saving model ...
TestSub: S[21, 22, 23, 24, 25] Epoch  5 Finsh | Now_lr 0.0005/0.0005 | Lambda 0.0245 | Train Loss 0.1502 | Valid Loss 2.4785 | Train Acc 93.9871| Valid Acc 49.6383
TestSub: S[21, 22, 23, 24, 25] Epoch  6 Finsh | Now_lr 0.0005/0.0005 | Lambda 0.0291 | Train Loss 0.1298 | Valid Loss 2.4993 | Train Acc 94.8766| Valid Acc 48.4770
TestSub: S[21, 22, 23, 24, 25] Epoch  7 Finsh | Now_lr 0.0005/0.0005 | Lambda 0.0336 | Train Loss 0.1131 | Valid Loss 2.7386 | Train Acc 95.6438| Valid Acc 49.2947
TestSub: S[21, 22, 23, 24, 25] Epoch  8 Finsh | Now_lr 0.0005/0.0005 | Lambda 0.0380 | Train Loss 0.0992 | Valid Loss 2.6886 | Train Acc 96.2336| Valid Acc 49.1458
TestSub: S[21, 22, 23, 24, 25] Epoch  9 Finsh | Now_lr 0.0005/0.0005 | Lambda 0.0422 | Train Loss 0.0879 | Valid Loss 2.9379 | Train Acc 96.7072| Valid Acc 48.9178
TestSub: S[21, 22, 23, 24, 25] Epoch 10 Finsh | Now_lr 0.0005/0.0005 | Lambda 0.0462 | Train Loss 0.0791 | Valid Loss 2.9846 | Train Acc 97.0379| Valid Acc 48.4041
TestSub: S[21, 22, 23, 24, 25] Epoch 11 Finsh | Now_lr 0.0005/0.0005 | Lambda 0.0501 | Train Loss 0.0717 | Valid Loss 3.2711 | Train Acc 97.3127| Valid Acc 47.8630
TestSub: S[21, 22, 23, 24, 25] Epoch 12 Finsh | Now_lr 0.0005/0.0005 | Lambda 0.0537 | Train Loss 0.0659 | Valid Loss 3.1416 | Train Acc 97.5705| Valid Acc 48.6260
TestSub: S[21, 22, 23, 24, 25] Epoch 13 Finsh | Now_lr 0.0005/0.0005 | Lambda 0.0572 | Train Loss 0.0595 | Valid Loss 3.1844 | Train Acc 97.8441| Valid Acc 49.7355
TestSub: S[21, 22, 23, 24, 25] Epoch 14 Finsh | Now_lr 0.0005/0.0005 | Lambda 0.0604 | Train Loss 0.0546 | Valid Loss 3.0974 | Train Acc 98.0089| Valid Acc 50.3587
Validation acc increase (50.221911 --> 50.358706) in epoch (14).  Saving model ...
TestSub: S[21, 22, 23, 24, 25] Epoch 15 Finsh | Now_lr 0.0005/0.0005 | Lambda 0.0635 | Train Loss 0.0531 | Valid Loss 3.1490 | Train Acc 98.0770| Valid Acc 51.3041
Validation acc increase (50.358706 --> 51.304110) in epoch (15).  Saving model ...
TestSub: S[21, 22, 23, 24, 25] Epoch 16 Finsh | Now_lr 0.0005/0.0005 | Lambda 0.0664 | Train Loss 0.0478 | Valid Loss 3.1130 | Train Acc 98.2843| Valid Acc 49.8450
TestSub: S[21, 22, 23, 24, 25] Epoch 17 Finsh | Now_lr 0.0005/0.0005 | Lambda 0.0691 | Train Loss 0.0453 | Valid Loss 3.3053 | Train Acc 98.4114| Valid Acc 51.1339
TestSub: S[21, 22, 23, 24, 25] Epoch 18 Finsh | Now_lr 0.0005/0.0005 | Lambda 0.0716 | Train Loss 0.0422 | Valid Loss 3.0876 | Train Acc 98.4861| Valid Acc 51.3436
Validation acc increase (51.304110 --> 51.343628) in epoch (18).  Saving model ...
TestSub: S[21, 22, 23, 24, 25] Epoch 19 Finsh | Now_lr 0.0005/0.0005 | Lambda 0.0740 | Train Loss 0.0400 | Valid Loss 3.1911 | Train Acc 98.5895| Valid Acc 50.2797
TestSub: S[21, 22, 23, 24, 25] Epoch 20 Finsh | Now_lr 0.0005/0.0005 | Lambda 0.0762 | Train Loss 0.0378 | Valid Loss 3.2260 | Train Acc 98.6351| Valid Acc 49.7143
TestSub: S[21, 22, 23, 24, 25] Epoch 21 Finsh | Now_lr 0.0005/0.0005 | Lambda 0.0782 | Train Loss 0.0355 | Valid Loss 3.2829 | Train Acc 98.7439| Valid Acc 50.5502
TestSub: S[21, 22, 23, 24, 25] Epoch 22 Finsh | Now_lr 0.0005/0.0005 | Lambda 0.0800 | Train Loss 0.0336 | Valid Loss 3.4235 | Train Acc 98.8151| Valid Acc 50.0365
TestSub: S[21, 22, 23, 24, 25] Epoch 23 Finsh | Now_lr 0.0005/0.0005 | Lambda 0.0818 | Train Loss 0.0333 | Valid Loss 3.0959 | Train Acc 98.8594| Valid Acc 51.4105
Validation acc increase (51.343628 --> 51.410506) in epoch (23).  Saving model ...
TestSub: S[21, 22, 23, 24, 25] Epoch 24 Finsh | Now_lr 0.0005/0.0005 | Lambda 0.0834 | Train Loss 0.0303 | Valid Loss 3.4878 | Train Acc 98.9421| Valid Acc 51.8543
Validation acc increase (51.410506 --> 51.854329) in epoch (24).  Saving model ...
TestSub: S[21, 22, 23, 24, 25] Epoch 25 Finsh | Now_lr 0.0005/0.0005 | Lambda 0.0848 | Train Loss 0.0293 | Valid Loss 3.2218 | Train Acc 98.9914| Valid Acc 51.3163
TestSub: S[21, 22, 23, 24, 25] Epoch 26 Finsh | Now_lr 0.0005/0.0005 | Lambda 0.0862 | Train Loss 0.0286 | Valid Loss 3.3442 | Train Acc 98.9895| Valid Acc 51.0366
TestSub: S[21, 22, 23, 24, 25] Epoch 27 Finsh | Now_lr 0.0005/0.0005 | Lambda 0.0874 | Train Loss 0.0274 | Valid Loss 3.3922 | Train Acc 99.0595| Valid Acc 52.0154
Validation acc increase (51.854329 --> 52.015443) in epoch (27).  Saving model ...
TestSub: S[21, 22, 23, 24, 25] Epoch 28 Finsh | Now_lr 0.0005/0.0005 | Lambda 0.0885 | Train Loss 0.0256 | Valid Loss 3.3758 | Train Acc 99.1300| Valid Acc 52.1553
Validation acc increase (52.015443 --> 52.155277) in epoch (28).  Saving model ...
TestSub: S[21, 22, 23, 24, 25] Epoch 29 Finsh | Now_lr 0.0005/0.0005 | Lambda 0.0896 | Train Loss 0.0259 | Valid Loss 3.4005 | Train Acc 99.1099| Valid Acc 51.6628
TestSub: S[21, 22, 23, 24, 25] Epoch 30 Finsh | Now_lr 0.0005/0.0005 | Lambda 0.0905 | Train Loss 0.0246 | Valid Loss 3.4431 | Train Acc 99.1628| Valid Acc 52.2708
Validation acc increase (52.155277 --> 52.270793) in epoch (30).  Saving model ...
TestSub: S[21, 22, 23, 24, 25] Epoch 31 Finsh | Now_lr 0.0005/0.0005 | Lambda 0.0914 | Train Loss 0.0235 | Valid Loss 3.5877 | Train Acc 99.1920| Valid Acc 50.5563
TestSub: S[21, 22, 23, 24, 25] Epoch 32 Finsh | Now_lr 0.0005/0.0005 | Lambda 0.0922 | Train Loss 0.0219 | Valid Loss 3.4186 | Train Acc 99.2163| Valid Acc 52.7937
Validation acc increase (52.270793 --> 52.793653) in epoch (32).  Saving model ...
TestSub: S[21, 22, 23, 24, 25] Epoch 33 Finsh | Now_lr 0.0005/0.0005 | Lambda 0.0929 | Train Loss 0.0214 | Valid Loss 3.7802 | Train Acc 99.2704| Valid Acc 51.2646
TestSub: S[21, 22, 23, 24, 25] Epoch 34 Finsh | Now_lr 0.0005/0.0005 | Lambda 0.0935 | Train Loss 0.0205 | Valid Loss 3.7579 | Train Acc 99.2899| Valid Acc 52.4836
TestSub: S[21, 22, 23, 24, 25] Epoch 35 Finsh | Now_lr 0.0005/0.0005 | Lambda 0.0941 | Train Loss 0.0205 | Valid Loss 3.6026 | Train Acc 99.3130| Valid Acc 50.8481
TestSub: S[21, 22, 23, 24, 25] Epoch 36 Finsh | Now_lr 0.0005/0.0005 | Lambda 0.0947 | Train Loss 0.0195 | Valid Loss 3.7505 | Train Acc 99.3276| Valid Acc 52.8058
Validation acc increase (52.793653 --> 52.805812) in epoch (36).  Saving model ...
TestSub: S[21, 22, 23, 24, 25] Epoch 37 Finsh | Now_lr 0.0005/0.0005 | Lambda 0.0952 | Train Loss 0.0201 | Valid Loss 3.6679 | Train Acc 99.2947| Valid Acc 52.4410
TestSub: S[21, 22, 23, 24, 25] Epoch 38 Finsh | Now_lr 0.0005/0.0005 | Lambda 0.0956 | Train Loss 0.0183 | Valid Loss 3.9809 | Train Acc 99.3659| Valid Acc 51.3406
TestSub: S[21, 22, 23, 24, 25] Epoch 39 Finsh | Now_lr 0.0005/0.0005 | Lambda 0.0960 | Train Loss 0.0188 | Valid Loss 4.1560 | Train Acc 99.3324| Valid Acc 50.7235
TestSub: S[21, 22, 23, 24, 25] Epoch 40 Finsh | Now_lr 0.0005/0.0005 | Lambda 0.0964 | Train Loss 0.0184 | Valid Loss 3.8949 | Train Acc 99.3714| Valid Acc 50.5715
TestSub: S[21, 22, 23, 24, 25] Epoch 41 Finsh | Now_lr 0.0005/0.0005 | Lambda 0.0967 | Train Loss 0.0173 | Valid Loss 3.9967 | Train Acc 99.4048| Valid Acc 50.6597
TestSub: S[21, 22, 23, 24, 25] Epoch 42 Finsh | Now_lr 0.0005/0.0005 | Lambda 0.0970 | Train Loss 0.0168 | Valid Loss 3.8954 | Train Acc 99.4370| Valid Acc 51.9455
TestSub: S[21, 22, 23, 24, 25] Epoch 43 Finsh | Now_lr 0.0005/0.0005 | Lambda 0.0973 | Train Loss 0.0157 | Valid Loss 3.9456 | Train Acc 99.4771| Valid Acc 50.5441
TestSub: S[21, 22, 23, 24, 25] Epoch 44 Finsh | Now_lr 0.0005/0.0005 | Lambda 0.0976 | Train Loss 0.0166 | Valid Loss 4.0361 | Train Acc 99.4224| Valid Acc 51.5990
TestSub: S[21, 22, 23, 24, 25] Epoch 45 Finsh | Now_lr 0.0005/0.0005 | Lambda 0.0978 | Train Loss 0.0163 | Valid Loss 3.7244 | Train Acc 99.4388| Valid Acc 53.3804
Validation acc increase (52.805812 --> 53.380350) in epoch (45).  Saving model ...
TestSub: S[21, 22, 23, 24, 25] Epoch 46 Finsh | Now_lr 0.0005/0.0005 | Lambda 0.0980 | Train Loss 0.0153 | Valid Loss 4.0182 | Train Acc 99.4893| Valid Acc 50.7174
TestSub: S[21, 22, 23, 24, 25] Epoch 47 Finsh | Now_lr 0.0005/0.0005 | Lambda 0.0982 | Train Loss 0.0138 | Valid Loss 3.9494 | Train Acc 99.5537| Valid Acc 50.7539
TestSub: S[21, 22, 23, 24, 25] Epoch 48 Finsh | Now_lr 0.0005/0.0005 | Lambda 0.0984 | Train Loss 0.0137 | Valid Loss 3.9035 | Train Acc 99.5240| Valid Acc 50.3101
TestSub: S[21, 22, 23, 24, 25] Epoch 49 Finsh | Now_lr 0.0005/0.0005 | Lambda 0.0985 | Train Loss 0.0140 | Valid Loss 4.2434 | Train Acc 99.5477| Valid Acc 51.5534
TestSub: S[21, 22, 23, 24, 25] Epoch 50 Finsh | Now_lr 0.0005/0.0005 | Lambda 0.0987 | Train Loss 0.0140 | Valid Loss 3.9322 | Train Acc 99.5349| Valid Acc 49.5653
TestSub: S[21, 22, 23, 24, 25] Epoch 51 Finsh | Now_lr 0.0005/0.0005 | Lambda 0.0988 | Train Loss 0.0134 | Valid Loss 3.8230 | Train Acc 99.5489| Valid Acc 50.5928
TestSub: S[21, 22, 23, 24, 25] Epoch 52 Finsh | Now_lr 0.0005/0.0005 | Lambda 0.0989 | Train Loss 0.0135 | Valid Loss 3.7823 | Train Acc 99.5683| Valid Acc 51.7631
TestSub: S[21, 22, 23, 24, 25] Epoch 53 Finsh | Now_lr 0.0005/0.0005 | Lambda 0.0990 | Train Loss 0.0128 | Valid Loss 4.0072 | Train Acc 99.5811| Valid Acc 51.4926
TestSub: S[21, 22, 23, 24, 25] Epoch 54 Finsh | Now_lr 0.0005/0.0005 | Lambda 0.0991 | Train Loss 0.0127 | Valid Loss 3.9042 | Train Acc 99.5629| Valid Acc 52.1492
TestSub: S[21, 22, 23, 24, 25] Epoch 55 Finsh | Now_lr 0.0005/0.0005 | Lambda 0.0992 | Train Loss 0.0126 | Valid Loss 3.9610 | Train Acc 99.5696| Valid Acc 50.0395
TestSub: S[21, 22, 23, 24, 25] Epoch 56 Finsh | Now_lr 0.0005/0.0005 | Lambda 0.0993 | Train Loss 0.0119 | Valid Loss 4.0277 | Train Acc 99.6133| Valid Acc 51.2768
TestSub: S[21, 22, 23, 24, 25] Epoch 57 Finsh | Now_lr 0.0005/0.0005 | Lambda 0.0993 | Train Loss 0.0116 | Valid Loss 4.2095 | Train Acc 99.6006| Valid Acc 49.9574
TestSub: S[21, 22, 23, 24, 25] Epoch 58 Finsh | Now_lr 0.0005/0.0005 | Lambda 0.0994 | Train Loss 0.0122 | Valid Loss 3.8008 | Train Acc 99.5969| Valid Acc 51.5807
TestSub: S[21, 22, 23, 24, 25] Epoch 59 Finsh | Now_lr 0.0005/0.0005 | Lambda 0.0995 | Train Loss 0.0107 | Valid Loss 4.4035 | Train Acc 99.6462| Valid Acc 50.2797
TestSub: S[21, 22, 23, 24, 25] Epoch 60 Finsh | Now_lr 0.0005/0.0005 | Lambda 0.0995 | Train Loss 0.0115 | Valid Loss 4.2855 | Train Acc 99.6200| Valid Acc 50.3800
TestSub: S[21, 22, 23, 24, 25] Epoch 61 Finsh | Now_lr 0.0005/0.0005 | Lambda 0.0996 | Train Loss 0.0106 | Valid Loss 4.1502 | Train Acc 99.6346| Valid Acc 50.3526
TestSub: S[21, 22, 23, 24, 25] Epoch 62 Finsh | Now_lr 0.0005/0.0005 | Lambda 0.0996 | Train Loss 0.0104 | Valid Loss 4.1095 | Train Acc 99.6705| Valid Acc 51.8118
TestSub: S[21, 22, 23, 24, 25] Epoch 63 Finsh | Now_lr 0.0005/0.0005 | Lambda 0.0996 | Train Loss 0.0109 | Valid Loss 4.3061 | Train Acc 99.6486| Valid Acc 50.8116
TestSub: S[21, 22, 23, 24, 25] Epoch 64 Finsh | Now_lr 0.0005/0.0005 | Lambda 0.0997 | Train Loss 0.0102 | Valid Loss 4.1888 | Train Acc 99.6577| Valid Acc 50.4195
TestSub: S[21, 22, 23, 24, 25] Epoch 65 Finsh | Now_lr 0.0005/0.0005 | Lambda 0.0997 | Train Loss 0.0095 | Valid Loss 4.4395 | Train Acc 99.6954| Valid Acc 50.8664
TestSub: S[21, 22, 23, 24, 25] Epoch 66 Finsh | Now_lr 0.0005/0.0005 | Lambda 0.0997 | Train Loss 0.0101 | Valid Loss 3.9714 | Train Acc 99.6680| Valid Acc 50.6505
TestSub: S[21, 22, 23, 24, 25] Epoch 67 Finsh | Now_lr 0.0005/0.0005 | Lambda 0.0998 | Train Loss 0.0098 | Valid Loss 4.0894 | Train Acc 99.6711| Valid Acc 49.5106
TestSub: S[21, 22, 23, 24, 25] Epoch 68 Finsh | Now_lr 0.0005/0.0005 | Lambda 0.0998 | Train Loss 0.0091 | Valid Loss 4.4466 | Train Acc 99.7033| Valid Acc 50.3861
TestSub: S[21, 22, 23, 24, 25] Epoch 69 Finsh | Now_lr 0.0005/0.0005 | Lambda 0.0998 | Train Loss 0.0098 | Valid Loss 3.9815 | Train Acc 99.6887| Valid Acc 49.9878
TestSub: S[21, 22, 23, 24, 25] Epoch 70 Finsh | Now_lr 0.0005/0.0005 | Lambda 0.0998 | Train Loss 0.0090 | Valid Loss 4.2865 | Train Acc 99.6845| Valid Acc 50.9241
TestSub: S[21, 22, 23, 24, 25] Epoch 71 Finsh | Now_lr 0.0005/0.0005 | Lambda 0.0998 | Train Loss 0.0091 | Valid Loss 4.3916 | Train Acc 99.6997| Valid Acc 49.9818
TestSub: S[21, 22, 23, 24, 25] Epoch 72 Finsh | Now_lr 0.0005/0.0005 | Lambda 0.0999 | Train Loss 0.0094 | Valid Loss 4.1925 | Train Acc 99.7082| Valid Acc 49.3069
TestSub: S[21, 22, 23, 24, 25] Epoch 73 Finsh | Now_lr 0.0005/0.0005 | Lambda 0.0999 | Train Loss 0.0091 | Valid Loss 4.3357 | Train Acc 99.6899| Valid Acc 50.7964
TestSub: S[21, 22, 23, 24, 25] Epoch 74 Finsh | Now_lr 0.0005/0.0005 | Lambda 0.0999 | Train Loss 0.0093 | Valid Loss 4.1894 | Train Acc 99.7179| Valid Acc 50.7630
TestSub: S[21, 22, 23, 24, 25] Epoch 75 Finsh | Now_lr 0.0005/0.0005 | Lambda 0.0999 | Train Loss 0.0084 | Valid Loss 4.3208 | Train Acc 99.7337| Valid Acc 50.6232
TestSub: S[21, 22, 23, 24, 25] Epoch 76 Finsh | Now_lr 0.0005/0.0005 | Lambda 0.0999 | Train Loss 0.0077 | Valid Loss 4.5211 | Train Acc 99.7598| Valid Acc 50.6262
TestSub: S[21, 22, 23, 24, 25] Epoch 77 Finsh | Now_lr 0.0005/0.0005 | Lambda 0.0999 | Train Loss 0.0092 | Valid Loss 4.3072 | Train Acc 99.6857| Valid Acc 50.8147
TestSub: S[21, 22, 23, 24, 25] Epoch 78 Finsh | Now_lr 0.0005/0.0005 | Lambda 0.0999 | Train Loss 0.0082 | Valid Loss 4.4578 | Train Acc 99.7301| Valid Acc 48.6169
TestSub: S[21, 22, 23, 24, 25] Epoch 79 Finsh | Now_lr 0.0005/0.0005 | Lambda 0.0999 | Train Loss 0.0082 | Valid Loss 4.7261 | Train Acc 99.7386| Valid Acc 50.6657
TestSub: S[21, 22, 23, 24, 25] Epoch 80 Finsh | Now_lr 0.0005/0.0005 | Lambda 0.0999 | Train Loss 0.0075 | Valid Loss 4.6114 | Train Acc 99.7598| Valid Acc 50.1885
TestSub: S[21, 22, 23, 24, 25] Epoch 81 Finsh | Now_lr 0.0005/0.0005 | Lambda 0.0999 | Train Loss 0.0080 | Valid Loss 4.4416 | Train Acc 99.7562| Valid Acc 50.4925
TestSub: S[21, 22, 23, 24, 25] Epoch 82 Finsh | Now_lr 0.0005/0.0005 | Lambda 0.0999 | Train Loss 0.0084 | Valid Loss 4.2694 | Train Acc 99.7343| Valid Acc 51.0032
TestSub: S[21, 22, 23, 24, 25] Epoch 83 Finsh | Now_lr 0.0005/0.0005 | Lambda 0.1000 | Train Loss 0.0081 | Valid Loss 4.4747 | Train Acc 99.7440| Valid Acc 49.9818
TestSub: S[21, 22, 23, 24, 25] Epoch 84 Finsh | Now_lr 0.0005/0.0005 | Lambda 0.1000 | Train Loss 0.0084 | Valid Loss 4.3662 | Train Acc 99.7258| Valid Acc 50.3617
TestSub: S[21, 22, 23, 24, 25] Epoch 85 Finsh | Now_lr 0.0005/0.0005 | Lambda 0.1000 | Train Loss 0.0066 | Valid Loss 4.6804 | Train Acc 99.7842| Valid Acc 49.0759
TestSub: S[21, 22, 23, 24, 25] Epoch 86 Finsh | Now_lr 0.0005/0.0005 | Lambda 0.1000 | Train Loss 0.0066 | Valid Loss 4.4450 | Train Acc 99.7866| Valid Acc 50.5776
TestSub: S[21, 22, 23, 24, 25] Epoch 87 Finsh | Now_lr 0.0005/0.0005 | Lambda 0.1000 | Train Loss 0.0077 | Valid Loss 4.6950 | Train Acc 99.7446| Valid Acc 51.3710
TestSub: S[21, 22, 23, 24, 25] Epoch 88 Finsh | Now_lr 0.0005/0.0005 | Lambda 0.1000 | Train Loss 0.0075 | Valid Loss 4.2872 | Train Acc 99.7623| Valid Acc 49.6413
TestSub: S[21, 22, 23, 24, 25] Epoch 89 Finsh | Now_lr 0.0005/0.0005 | Lambda 0.1000 | Train Loss 0.0074 | Valid Loss 4.5552 | Train Acc 99.7623| Valid Acc 48.8388
TestSub: S[21, 22, 23, 24, 25] Epoch 90 Finsh | Now_lr 0.0005/0.0005 | Lambda 0.1000 | Train Loss 0.0071 | Valid Loss 4.5521 | Train Acc 99.7799| Valid Acc 49.8054
TestSub: S[21, 22, 23, 24, 25] Epoch 91 Finsh | Now_lr 0.0005/0.0005 | Lambda 0.1000 | Train Loss 0.0067 | Valid Loss 4.5272 | Train Acc 99.7902| Valid Acc 49.7842
TestSub: S[21, 22, 23, 24, 25] Epoch 92 Finsh | Now_lr 0.0005/0.0005 | Lambda 0.1000 | Train Loss 0.0067 | Valid Loss 4.3589 | Train Acc 99.7726| Valid Acc 51.3284
TestSub: S[21, 22, 23, 24, 25] Epoch 93 Finsh | Now_lr 0.0005/0.0005 | Lambda 0.1000 | Train Loss 0.0074 | Valid Loss 4.3784 | Train Acc 99.7659| Valid Acc 50.1216
TestSub: S[21, 22, 23, 24, 25] Epoch 94 Finsh | Now_lr 0.0005/0.0005 | Lambda 0.1000 | Train Loss 0.0070 | Valid Loss 4.6952 | Train Acc 99.7714| Valid Acc 50.3617
TestSub: S[21, 22, 23, 24, 25] Epoch 95 Finsh | Now_lr 0.0005/0.0005 | Lambda 0.1000 | Train Loss 0.0062 | Valid Loss 4.9678 | Train Acc 99.7975| Valid Acc 50.4104
TestSub: S[21, 22, 23, 24, 25] Epoch 96 Finsh | Now_lr 0.0005/0.0005 | Lambda 0.1000 | Train Loss 0.0065 | Valid Loss 4.9461 | Train Acc 99.7854| Valid Acc 50.0274
TestSub: S[21, 22, 23, 24, 25] Epoch 97 Finsh | Now_lr 0.0005/0.0005 | Lambda 0.1000 | Train Loss 0.0072 | Valid Loss 4.5630 | Train Acc 99.7617| Valid Acc 50.0243
TestSub: S[21, 22, 23, 24, 25] Epoch 98 Finsh | Now_lr 0.0005/0.0005 | Lambda 0.1000 | Train Loss 0.0058 | Valid Loss 4.7846 | Train Acc 99.8048| Valid Acc 49.2704
TestSub: S[21, 22, 23, 24, 25] Epoch 99 Finsh | Now_lr 0.0005/0.0005 | Lambda 0.1000 | Train Loss 0.0070 | Valid Loss 4.7789 | Train Acc 99.7787| Valid Acc 50.7843
TestSub: S[21, 22, 23, 24, 25] Epoch 100 Finsh | Now_lr 0.0005/0.0005 | Lambda 0.1000 | Train Loss 0.0064 | Valid Loss 4.6253 | Train Acc 99.7945| Valid Acc 49.4863
--------------------------------------------------
Test_Subject :S[21, 22, 23, 24, 25] |Best epoch:45 | Test Loss:3.7244 | Best Acc 53.3804 | Savemodel Acc 53.3804
--------------------------------------------------

========== Fold 6 ==========
Train IDs: [1, 2, 3, 4, 5, 6, 7, 8, 9, 10, 11, 12, 13, 14, 15, 16, 17, 18, 19, 20, 21, 22, 23, 24, 25]
Val IDs:   [26, 27, 28, 29, 30]
train_data_shape(164500, 32, 128),val_data_shape(32900, 32, 128)
=================================================================
Layer (type:depth-idx)                   Param #
=================================================================
DARNet                                   --
├─TokenEmbedding: 1-1                    --
│    └─Sequential: 2-1                   --
│    │    └─Conv2d: 3-1                  576
│    │    └─BatchNorm2d: 3-2             128
│    │    └─GELU: 3-3                    --
│    └─Sequential: 2-2                   --
│    │    └─Conv2d: 3-4                  32,784
│    │    └─BatchNorm2d: 3-5             32
│    │    └─GELU: 3-6                    --
│    └─PositionalEmbedding: 2-3          --
├─Flatten: 1-2                           --
├─Linear: 1-3                            18
├─AttnRefine: 1-4                        --
│    └─MyAttention: 2-4                  --
│    │    └─Attention: 3-7               800
│    └─Refine: 2-5                       --
│    │    └─Conv1d: 3-8                  784
│    │    └─BatchNorm1d: 3-9             32
│    │    └─ELU: 3-10                    --
│    │    └─MaxPool1d: 3-11              --
│    └─AdaptiveAvgPool1d: 2-6            --
│    └─Linear: 2-7                       68
│    └─Flatten: 2-8                      --
├─AttnRefine: 1-5                        --
│    └─MyAttention: 2-9                  --
│    │    └─Attention: 3-12              800
│    └─Refine: 2-10                      --
│    │    └─Conv1d: 3-13                 784
│    │    └─BatchNorm1d: 3-14            32
│    │    └─ELU: 3-15                    --
│    │    └─MaxPool1d: 3-16              --
│    └─AdaptiveAvgPool1d: 2-11           --
│    └─Linear: 2-12                      68
│    └─Flatten: 2-13                     --
├─GradientReversalLayer: 1-6             --
├─SubjectDiscriminator: 1-7              --
│    └─Sequential: 2-14                  --
│    │    └─Linear: 3-17                 2,304
│    │    └─ReLU: 3-18                   --
│    │    └─Dropout: 3-19                --
│    │    └─Linear: 3-20                 32,896
│    │    └─ReLU: 3-21                   --
│    │    └─Dropout: 3-22                --
│    │    └─Linear: 3-23                 3,870
=================================================================
Total params: 75,976
Trainable params: 75,976
Non-trainable params: 0
=================================================================
TestSub: S[26, 27, 28, 29, 30] Epoch  1 Finsh | Now_lr 0.0005/0.0005 | Lambda 0.0050 | Train Loss 0.4675 | Valid Loss 1.6088 | Train Acc 76.5236| Valid Acc 47.4039
Validation acc increase (0.000000 --> 47.403940) in epoch (1).  Saving model ...
TestSub: S[26, 27, 28, 29, 30] Epoch  2 Finsh | Now_lr 0.0005/0.0005 | Lambda 0.0100 | Train Loss 0.3140 | Valid Loss 1.5912 | Train Acc 86.5522| Valid Acc 47.5225
Validation acc increase (47.403940 --> 47.522495) in epoch (2).  Saving model ...
TestSub: S[26, 27, 28, 29, 30] Epoch  3 Finsh | Now_lr 0.0005/0.0005 | Lambda 0.0149 | Train Loss 0.2531 | Valid Loss 1.7711 | Train Acc 89.6626| Valid Acc 47.3067
TestSub: S[26, 27, 28, 29, 30] Epoch  4 Finsh | Now_lr 0.0005/0.0005 | Lambda 0.0197 | Train Loss 0.2055 | Valid Loss 2.0317 | Train Acc 91.9437| Valid Acc 45.6682
TestSub: S[26, 27, 28, 29, 30] Epoch  5 Finsh | Now_lr 0.0005/0.0005 | Lambda 0.0245 | Train Loss 0.1642 | Valid Loss 2.2812 | Train Acc 93.6588| Valid Acc 45.4098
TestSub: S[26, 27, 28, 29, 30] Epoch  6 Finsh | Now_lr 0.0005/0.0005 | Lambda 0.0291 | Train Loss 0.1343 | Valid Loss 2.4186 | Train Acc 94.9599| Valid Acc 46.2549
TestSub: S[26, 27, 28, 29, 30] Epoch  7 Finsh | Now_lr 0.0005/0.0005 | Lambda 0.0336 | Train Loss 0.1125 | Valid Loss 2.7030 | Train Acc 95.8299| Valid Acc 47.0057
TestSub: S[26, 27, 28, 29, 30] Epoch  8 Finsh | Now_lr 0.0005/0.0005 | Lambda 0.0380 | Train Loss 0.0973 | Valid Loss 2.8399 | Train Acc 96.4123| Valid Acc 47.8812
Validation acc increase (47.522495 --> 47.881201) in epoch (8).  Saving model ...
TestSub: S[26, 27, 28, 29, 30] Epoch  9 Finsh | Now_lr 0.0005/0.0005 | Lambda 0.0422 | Train Loss 0.0824 | Valid Loss 3.0390 | Train Acc 97.0185| Valid Acc 49.0060
Validation acc increase (47.881201 --> 49.005958) in epoch (9).  Saving model ...
TestSub: S[26, 27, 28, 29, 30] Epoch 10 Finsh | Now_lr 0.0005/0.0005 | Lambda 0.0462 | Train Loss 0.0732 | Valid Loss 3.2808 | Train Acc 97.3693| Valid Acc 48.5287
TestSub: S[26, 27, 28, 29, 30] Epoch 11 Finsh | Now_lr 0.0005/0.0005 | Lambda 0.0501 | Train Loss 0.0662 | Valid Loss 3.4710 | Train Acc 97.6453| Valid Acc 47.5681
TestSub: S[26, 27, 28, 29, 30] Epoch 12 Finsh | Now_lr 0.0005/0.0005 | Lambda 0.0537 | Train Loss 0.0590 | Valid Loss 3.6193 | Train Acc 97.8611| Valid Acc 46.9084
TestSub: S[26, 27, 28, 29, 30] Epoch 13 Finsh | Now_lr 0.0005/0.0005 | Lambda 0.0572 | Train Loss 0.0538 | Valid Loss 3.6848 | Train Acc 98.0976| Valid Acc 47.2124
TestSub: S[26, 27, 28, 29, 30] Epoch 14 Finsh | Now_lr 0.0005/0.0005 | Lambda 0.0604 | Train Loss 0.0497 | Valid Loss 3.9204 | Train Acc 98.2502| Valid Acc 48.9239
TestSub: S[26, 27, 28, 29, 30] Epoch 15 Finsh | Now_lr 0.0005/0.0005 | Lambda 0.0635 | Train Loss 0.0471 | Valid Loss 3.7364 | Train Acc 98.3627| Valid Acc 47.0878
TestSub: S[26, 27, 28, 29, 30] Epoch 16 Finsh | Now_lr 0.0005/0.0005 | Lambda 0.0664 | Train Loss 0.0432 | Valid Loss 3.6885 | Train Acc 98.4655| Valid Acc 49.0364
Validation acc increase (49.005958 --> 49.036357) in epoch (16).  Saving model ...
TestSub: S[26, 27, 28, 29, 30] Epoch 17 Finsh | Now_lr 0.0005/0.0005 | Lambda 0.0691 | Train Loss 0.0398 | Valid Loss 3.5942 | Train Acc 98.6138| Valid Acc 49.1245
Validation acc increase (49.036357 --> 49.124514) in epoch (17).  Saving model ...
TestSub: S[26, 27, 28, 29, 30] Epoch 18 Finsh | Now_lr 0.0005/0.0005 | Lambda 0.0716 | Train Loss 0.0365 | Valid Loss 3.9034 | Train Acc 98.7555| Valid Acc 47.4343
TestSub: S[26, 27, 28, 29, 30] Epoch 19 Finsh | Now_lr 0.0005/0.0005 | Lambda 0.0740 | Train Loss 0.0357 | Valid Loss 4.1659 | Train Acc 98.7755| Valid Acc 49.1306
Validation acc increase (49.124514 --> 49.130593) in epoch (19).  Saving model ...
TestSub: S[26, 27, 28, 29, 30] Epoch 20 Finsh | Now_lr 0.0005/0.0005 | Lambda 0.0762 | Train Loss 0.0350 | Valid Loss 3.9223 | Train Acc 98.7986| Valid Acc 49.3373
Validation acc increase (49.130593 --> 49.337305) in epoch (20).  Saving model ...
TestSub: S[26, 27, 28, 29, 30] Epoch 21 Finsh | Now_lr 0.0005/0.0005 | Lambda 0.0782 | Train Loss 0.0328 | Valid Loss 3.9060 | Train Acc 98.8667| Valid Acc 48.5834
TestSub: S[26, 27, 28, 29, 30] Epoch 22 Finsh | Now_lr 0.0005/0.0005 | Lambda 0.0800 | Train Loss 0.0300 | Valid Loss 4.2248 | Train Acc 98.9750| Valid Acc 48.6412
TestSub: S[26, 27, 28, 29, 30] Epoch 23 Finsh | Now_lr 0.0005/0.0005 | Lambda 0.0818 | Train Loss 0.0287 | Valid Loss 3.8679 | Train Acc 99.0254| Valid Acc 48.6138
TestSub: S[26, 27, 28, 29, 30] Epoch 24 Finsh | Now_lr 0.0005/0.0005 | Lambda 0.0834 | Train Loss 0.0286 | Valid Loss 3.8795 | Train Acc 99.0187| Valid Acc 48.6229
TestSub: S[26, 27, 28, 29, 30] Epoch 25 Finsh | Now_lr 0.0005/0.0005 | Lambda 0.0848 | Train Loss 0.0270 | Valid Loss 4.1415 | Train Acc 99.0965| Valid Acc 48.5074
TestSub: S[26, 27, 28, 29, 30] Epoch 26 Finsh | Now_lr 0.0005/0.0005 | Lambda 0.0862 | Train Loss 0.0258 | Valid Loss 4.1475 | Train Acc 99.1069| Valid Acc 49.5775
Validation acc increase (49.337305 --> 49.577456) in epoch (26).  Saving model ...
TestSub: S[26, 27, 28, 29, 30] Epoch 27 Finsh | Now_lr 0.0005/0.0005 | Lambda 0.0874 | Train Loss 0.0244 | Valid Loss 4.2921 | Train Acc 99.1738| Valid Acc 50.1946
Validation acc increase (49.577456 --> 50.194553) in epoch (27).  Saving model ...
TestSub: S[26, 27, 28, 29, 30] Epoch 28 Finsh | Now_lr 0.0005/0.0005 | Lambda 0.0885 | Train Loss 0.0232 | Valid Loss 3.9399 | Train Acc 99.1920| Valid Acc 50.7326
Validation acc increase (50.194553 --> 50.732612) in epoch (28).  Saving model ...
TestSub: S[26, 27, 28, 29, 30] Epoch 29 Finsh | Now_lr 0.0005/0.0005 | Lambda 0.0896 | Train Loss 0.0243 | Valid Loss 4.4232 | Train Acc 99.1902| Valid Acc 48.5530
TestSub: S[26, 27, 28, 29, 30] Epoch 30 Finsh | Now_lr 0.0005/0.0005 | Lambda 0.0905 | Train Loss 0.0220 | Valid Loss 4.3700 | Train Acc 99.2540| Valid Acc 48.7141
TestSub: S[26, 27, 28, 29, 30] Epoch 31 Finsh | Now_lr 0.0005/0.0005 | Lambda 0.0914 | Train Loss 0.0210 | Valid Loss 4.2136 | Train Acc 99.3039| Valid Acc 49.3221
TestSub: S[26, 27, 28, 29, 30] Epoch 32 Finsh | Now_lr 0.0005/0.0005 | Lambda 0.0922 | Train Loss 0.0205 | Valid Loss 4.7907 | Train Acc 99.3264| Valid Acc 48.7111
TestSub: S[26, 27, 28, 29, 30] Epoch 33 Finsh | Now_lr 0.0005/0.0005 | Lambda 0.0929 | Train Loss 0.0201 | Valid Loss 4.1696 | Train Acc 99.3008| Valid Acc 49.1276
TestSub: S[26, 27, 28, 29, 30] Epoch 34 Finsh | Now_lr 0.0005/0.0005 | Lambda 0.0935 | Train Loss 0.0184 | Valid Loss 4.5404 | Train Acc 99.3872| Valid Acc 50.1064
TestSub: S[26, 27, 28, 29, 30] Epoch 35 Finsh | Now_lr 0.0005/0.0005 | Lambda 0.0941 | Train Loss 0.0187 | Valid Loss 4.3428 | Train Acc 99.3501| Valid Acc 48.5834
TestSub: S[26, 27, 28, 29, 30] Epoch 36 Finsh | Now_lr 0.0005/0.0005 | Lambda 0.0947 | Train Loss 0.0179 | Valid Loss 4.4213 | Train Acc 99.3841| Valid Acc 49.5714
TestSub: S[26, 27, 28, 29, 30] Epoch 37 Finsh | Now_lr 0.0005/0.0005 | Lambda 0.0952 | Train Loss 0.0172 | Valid Loss 4.5545 | Train Acc 99.4090| Valid Acc 47.9025
TestSub: S[26, 27, 28, 29, 30] Epoch 38 Finsh | Now_lr 0.0005/0.0005 | Lambda 0.0956 | Train Loss 0.0152 | Valid Loss 4.6292 | Train Acc 99.4656| Valid Acc 49.5197
TestSub: S[26, 27, 28, 29, 30] Epoch 39 Finsh | Now_lr 0.0005/0.0005 | Lambda 0.0960 | Train Loss 0.0165 | Valid Loss 4.2409 | Train Acc 99.4242| Valid Acc 49.9574
TestSub: S[26, 27, 28, 29, 30] Epoch 40 Finsh | Now_lr 0.0005/0.0005 | Lambda 0.0964 | Train Loss 0.0154 | Valid Loss 4.3246 | Train Acc 99.4504| Valid Acc 50.2857
TestSub: S[26, 27, 28, 29, 30] Epoch 41 Finsh | Now_lr 0.0005/0.0005 | Lambda 0.0967 | Train Loss 0.0167 | Valid Loss 4.6516 | Train Acc 99.4358| Valid Acc 48.7172
TestSub: S[26, 27, 28, 29, 30] Epoch 42 Finsh | Now_lr 0.0005/0.0005 | Lambda 0.0970 | Train Loss 0.0149 | Valid Loss 4.6391 | Train Acc 99.4808| Valid Acc 50.4408
TestSub: S[26, 27, 28, 29, 30] Epoch 43 Finsh | Now_lr 0.0005/0.0005 | Lambda 0.0973 | Train Loss 0.0145 | Valid Loss 4.6244 | Train Acc 99.5027| Valid Acc 49.6930
TestSub: S[26, 27, 28, 29, 30] Epoch 44 Finsh | Now_lr 0.0005/0.0005 | Lambda 0.0976 | Train Loss 0.0137 | Valid Loss 4.3432 | Train Acc 99.5221| Valid Acc 50.9788
Validation acc increase (50.732612 --> 50.978842) in epoch (44).  Saving model ...
TestSub: S[26, 27, 28, 29, 30] Epoch 45 Finsh | Now_lr 0.0005/0.0005 | Lambda 0.0978 | Train Loss 0.0138 | Valid Loss 4.2025 | Train Acc 99.5410| Valid Acc 48.8904
TestSub: S[26, 27, 28, 29, 30] Epoch 46 Finsh | Now_lr 0.0005/0.0005 | Lambda 0.0980 | Train Loss 0.0130 | Valid Loss 4.1668 | Train Acc 99.5781| Valid Acc 53.5384
Validation acc increase (50.978842 --> 53.538424) in epoch (46).  Saving model ...
TestSub: S[26, 27, 28, 29, 30] Epoch 47 Finsh | Now_lr 0.0005/0.0005 | Lambda 0.0982 | Train Loss 0.0133 | Valid Loss 3.9891 | Train Acc 99.5732| Valid Acc 51.0396
TestSub: S[26, 27, 28, 29, 30] Epoch 48 Finsh | Now_lr 0.0005/0.0005 | Lambda 0.0984 | Train Loss 0.0130 | Valid Loss 4.4494 | Train Acc 99.5659| Valid Acc 51.1156
TestSub: S[26, 27, 28, 29, 30] Epoch 49 Finsh | Now_lr 0.0005/0.0005 | Lambda 0.0985 | Train Loss 0.0114 | Valid Loss 4.6554 | Train Acc 99.6322| Valid Acc 51.0670
TestSub: S[26, 27, 28, 29, 30] Epoch 50 Finsh | Now_lr 0.0005/0.0005 | Lambda 0.0987 | Train Loss 0.0131 | Valid Loss 4.4362 | Train Acc 99.5653| Valid Acc 50.0882
TestSub: S[26, 27, 28, 29, 30] Epoch 51 Finsh | Now_lr 0.0005/0.0005 | Lambda 0.0988 | Train Loss 0.0117 | Valid Loss 4.3361 | Train Acc 99.5957| Valid Acc 50.2918
TestSub: S[26, 27, 28, 29, 30] Epoch 52 Finsh | Now_lr 0.0005/0.0005 | Lambda 0.0989 | Train Loss 0.0125 | Valid Loss 4.4248 | Train Acc 99.5860| Valid Acc 50.3678
TestSub: S[26, 27, 28, 29, 30] Epoch 53 Finsh | Now_lr 0.0005/0.0005 | Lambda 0.0990 | Train Loss 0.0114 | Valid Loss 4.5476 | Train Acc 99.6176| Valid Acc 50.2189
TestSub: S[26, 27, 28, 29, 30] Epoch 54 Finsh | Now_lr 0.0005/0.0005 | Lambda 0.0991 | Train Loss 0.0112 | Valid Loss 4.7453 | Train Acc 99.6322| Valid Acc 49.6717
TestSub: S[26, 27, 28, 29, 30] Epoch 55 Finsh | Now_lr 0.0005/0.0005 | Lambda 0.0992 | Train Loss 0.0102 | Valid Loss 4.7544 | Train Acc 99.6455| Valid Acc 51.4318
TestSub: S[26, 27, 28, 29, 30] Epoch 56 Finsh | Now_lr 0.0005/0.0005 | Lambda 0.0993 | Train Loss 0.0108 | Valid Loss 4.6868 | Train Acc 99.6383| Valid Acc 51.5959
TestSub: S[26, 27, 28, 29, 30] Epoch 57 Finsh | Now_lr 0.0005/0.0005 | Lambda 0.0993 | Train Loss 0.0094 | Valid Loss 4.4818 | Train Acc 99.6802| Valid Acc 51.7905
TestSub: S[26, 27, 28, 29, 30] Epoch 58 Finsh | Now_lr 0.0005/0.0005 | Lambda 0.0994 | Train Loss 0.0101 | Valid Loss 4.6132 | Train Acc 99.6626| Valid Acc 50.5624
TestSub: S[26, 27, 28, 29, 30] Epoch 59 Finsh | Now_lr 0.0005/0.0005 | Lambda 0.0995 | Train Loss 0.0107 | Valid Loss 4.7306 | Train Acc 99.6486| Valid Acc 50.4621
TestSub: S[26, 27, 28, 29, 30] Epoch 60 Finsh | Now_lr 0.0005/0.0005 | Lambda 0.0995 | Train Loss 0.0105 | Valid Loss 4.7776 | Train Acc 99.6711| Valid Acc 50.8876
TestSub: S[26, 27, 28, 29, 30] Epoch 61 Finsh | Now_lr 0.0005/0.0005 | Lambda 0.0996 | Train Loss 0.0100 | Valid Loss 4.7337 | Train Acc 99.6759| Valid Acc 50.0486
TestSub: S[26, 27, 28, 29, 30] Epoch 62 Finsh | Now_lr 0.0005/0.0005 | Lambda 0.0996 | Train Loss 0.0100 | Valid Loss 4.3231 | Train Acc 99.6753| Valid Acc 51.5959
TestSub: S[26, 27, 28, 29, 30] Epoch 63 Finsh | Now_lr 0.0005/0.0005 | Lambda 0.0996 | Train Loss 0.0092 | Valid Loss 4.3473 | Train Acc 99.6899| Valid Acc 51.7115
TestSub: S[26, 27, 28, 29, 30] Epoch 64 Finsh | Now_lr 0.0005/0.0005 | Lambda 0.0997 | Train Loss 0.0093 | Valid Loss 4.4658 | Train Acc 99.6845| Valid Acc 52.0367
TestSub: S[26, 27, 28, 29, 30] Epoch 65 Finsh | Now_lr 0.0005/0.0005 | Lambda 0.0997 | Train Loss 0.0088 | Valid Loss 4.7641 | Train Acc 99.7082| Valid Acc 52.0550
TestSub: S[26, 27, 28, 29, 30] Epoch 66 Finsh | Now_lr 0.0005/0.0005 | Lambda 0.0997 | Train Loss 0.0098 | Valid Loss 4.8853 | Train Acc 99.6796| Valid Acc 50.6475
TestSub: S[26, 27, 28, 29, 30] Epoch 67 Finsh | Now_lr 0.0005/0.0005 | Lambda 0.0998 | Train Loss 0.0084 | Valid Loss 4.2850 | Train Acc 99.7343| Valid Acc 50.7113
TestSub: S[26, 27, 28, 29, 30] Epoch 68 Finsh | Now_lr 0.0005/0.0005 | Lambda 0.0998 | Train Loss 0.0086 | Valid Loss 5.0393 | Train Acc 99.7063| Valid Acc 50.5928
TestSub: S[26, 27, 28, 29, 30] Epoch 69 Finsh | Now_lr 0.0005/0.0005 | Lambda 0.0998 | Train Loss 0.0094 | Valid Loss 4.4324 | Train Acc 99.6936| Valid Acc 49.5015
TestSub: S[26, 27, 28, 29, 30] Epoch 70 Finsh | Now_lr 0.0005/0.0005 | Lambda 0.0998 | Train Loss 0.0082 | Valid Loss 4.4259 | Train Acc 99.7203| Valid Acc 49.7082
TestSub: S[26, 27, 28, 29, 30] Epoch 71 Finsh | Now_lr 0.0005/0.0005 | Lambda 0.0998 | Train Loss 0.0085 | Valid Loss 4.6078 | Train Acc 99.7276| Valid Acc 50.1885
TestSub: S[26, 27, 28, 29, 30] Epoch 72 Finsh | Now_lr 0.0005/0.0005 | Lambda 0.0999 | Train Loss 0.0084 | Valid Loss 4.3792 | Train Acc 99.7355| Valid Acc 51.0427
TestSub: S[26, 27, 28, 29, 30] Epoch 73 Finsh | Now_lr 0.0005/0.0005 | Lambda 0.0999 | Train Loss 0.0077 | Valid Loss 4.6773 | Train Acc 99.7532| Valid Acc 50.9728
TestSub: S[26, 27, 28, 29, 30] Epoch 74 Finsh | Now_lr 0.0005/0.0005 | Lambda 0.0999 | Train Loss 0.0087 | Valid Loss 4.7615 | Train Acc 99.7282| Valid Acc 49.1853
TestSub: S[26, 27, 28, 29, 30] Epoch 75 Finsh | Now_lr 0.0005/0.0005 | Lambda 0.0999 | Train Loss 0.0083 | Valid Loss 4.4657 | Train Acc 99.7282| Valid Acc 50.4347
TestSub: S[26, 27, 28, 29, 30] Epoch 76 Finsh | Now_lr 0.0005/0.0005 | Lambda 0.0999 | Train Loss 0.0081 | Valid Loss 4.9596 | Train Acc 99.7215| Valid Acc 49.6322
TestSub: S[26, 27, 28, 29, 30] Epoch 77 Finsh | Now_lr 0.0005/0.0005 | Lambda 0.0999 | Train Loss 0.0073 | Valid Loss 4.7131 | Train Acc 99.7623| Valid Acc 51.3102
TestSub: S[26, 27, 28, 29, 30] Epoch 78 Finsh | Now_lr 0.0005/0.0005 | Lambda 0.0999 | Train Loss 0.0083 | Valid Loss 4.3897 | Train Acc 99.7440| Valid Acc 49.5319
TestSub: S[26, 27, 28, 29, 30] Epoch 79 Finsh | Now_lr 0.0005/0.0005 | Lambda 0.0999 | Train Loss 0.0068 | Valid Loss 5.0811 | Train Acc 99.7775| Valid Acc 51.5260
TestSub: S[26, 27, 28, 29, 30] Epoch 80 Finsh | Now_lr 0.0005/0.0005 | Lambda 0.0999 | Train Loss 0.0077 | Valid Loss 4.8020 | Train Acc 99.7428| Valid Acc 49.7781
TestSub: S[26, 27, 28, 29, 30] Epoch 81 Finsh | Now_lr 0.0005/0.0005 | Lambda 0.0999 | Train Loss 0.0074 | Valid Loss 4.8018 | Train Acc 99.7538| Valid Acc 51.0214
TestSub: S[26, 27, 28, 29, 30] Epoch 82 Finsh | Now_lr 0.0005/0.0005 | Lambda 0.0999 | Train Loss 0.0077 | Valid Loss 4.3216 | Train Acc 99.7459| Valid Acc 50.8998
TestSub: S[26, 27, 28, 29, 30] Epoch 83 Finsh | Now_lr 0.0005/0.0005 | Lambda 0.1000 | Train Loss 0.0064 | Valid Loss 5.0648 | Train Acc 99.7939| Valid Acc 51.0792
TestSub: S[26, 27, 28, 29, 30] Epoch 84 Finsh | Now_lr 0.0005/0.0005 | Lambda 0.1000 | Train Loss 0.0081 | Valid Loss 4.6709 | Train Acc 99.7343| Valid Acc 49.6291
TestSub: S[26, 27, 28, 29, 30] Epoch 85 Finsh | Now_lr 0.0005/0.0005 | Lambda 0.1000 | Train Loss 0.0070 | Valid Loss 4.7301 | Train Acc 99.7592| Valid Acc 49.8389
TestSub: S[26, 27, 28, 29, 30] Epoch 86 Finsh | Now_lr 0.0005/0.0005 | Lambda 0.1000 | Train Loss 0.0075 | Valid Loss 5.2674 | Train Acc 99.7495| Valid Acc 49.6443
TestSub: S[26, 27, 28, 29, 30] Epoch 87 Finsh | Now_lr 0.0005/0.0005 | Lambda 0.1000 | Train Loss 0.0071 | Valid Loss 5.1220 | Train Acc 99.7629| Valid Acc 49.8237
TestSub: S[26, 27, 28, 29, 30] Epoch 88 Finsh | Now_lr 0.0005/0.0005 | Lambda 0.1000 | Train Loss 0.0065 | Valid Loss 4.8175 | Train Acc 99.7878| Valid Acc 50.7630
TestSub: S[26, 27, 28, 29, 30] Epoch 89 Finsh | Now_lr 0.0005/0.0005 | Lambda 0.1000 | Train Loss 0.0062 | Valid Loss 4.8309 | Train Acc 99.7927| Valid Acc 50.5168
TestSub: S[26, 27, 28, 29, 30] Epoch 90 Finsh | Now_lr 0.0005/0.0005 | Lambda 0.1000 | Train Loss 0.0072 | Valid Loss 4.5315 | Train Acc 99.7720| Valid Acc 49.5987
TestSub: S[26, 27, 28, 29, 30] Epoch 91 Finsh | Now_lr 0.0005/0.0005 | Lambda 0.1000 | Train Loss 0.0066 | Valid Loss 4.8143 | Train Acc 99.7799| Valid Acc 50.9454
TestSub: S[26, 27, 28, 29, 30] Epoch 92 Finsh | Now_lr 0.0005/0.0005 | Lambda 0.1000 | Train Loss 0.0065 | Valid Loss 5.3669 | Train Acc 99.7848| Valid Acc 48.9360
TestSub: S[26, 27, 28, 29, 30] Epoch 93 Finsh | Now_lr 0.0005/0.0005 | Lambda 0.1000 | Train Loss 0.0063 | Valid Loss 4.9913 | Train Acc 99.8073| Valid Acc 51.0275
TestSub: S[26, 27, 28, 29, 30] Epoch 94 Finsh | Now_lr 0.0005/0.0005 | Lambda 0.1000 | Train Loss 0.0066 | Valid Loss 4.6365 | Train Acc 99.7823| Valid Acc 49.4011
TestSub: S[26, 27, 28, 29, 30] Epoch 95 Finsh | Now_lr 0.0005/0.0005 | Lambda 0.1000 | Train Loss 0.0059 | Valid Loss 5.1220 | Train Acc 99.8006| Valid Acc 50.8238
TestSub: S[26, 27, 28, 29, 30] Epoch 96 Finsh | Now_lr 0.0005/0.0005 | Lambda 0.1000 | Train Loss 0.0073 | Valid Loss 4.9059 | Train Acc 99.7623| Valid Acc 49.7629
TestSub: S[26, 27, 28, 29, 30] Epoch 97 Finsh | Now_lr 0.0005/0.0005 | Lambda 0.1000 | Train Loss 0.0061 | Valid Loss 4.8885 | Train Acc 99.8134| Valid Acc 51.5959
TestSub: S[26, 27, 28, 29, 30] Epoch 98 Finsh | Now_lr 0.0005/0.0005 | Lambda 0.1000 | Train Loss 0.0059 | Valid Loss 5.1057 | Train Acc 99.8103| Valid Acc 50.0517
TestSub: S[26, 27, 28, 29, 30] Epoch 99 Finsh | Now_lr 0.0005/0.0005 | Lambda 0.1000 | Train Loss 0.0056 | Valid Loss 5.1092 | Train Acc 99.8121| Valid Acc 50.4742
TestSub: S[26, 27, 28, 29, 30] Epoch 100 Finsh | Now_lr 0.0005/0.0005 | Lambda 0.1000 | Train Loss 0.0062 | Valid Loss 5.1397 | Train Acc 99.7945| Valid Acc 49.8115
--------------------------------------------------
Test_Subject :S[26, 27, 28, 29, 30] |Best epoch:46 | Test Loss:4.1668 | Best Acc 53.5384 | Savemodel Acc 53.5384
--------------------------------------------------
lr:0.0005 -> bs:128
5-Fold Cross Subject Accuracies: [51.212913424124515, 49.920963035019454, 52.96692607003891, 55.28939688715953, 53.38035019455253, 53.53842412451362]
Mean Accuracy over 5 folds: 52.7182
============================================================================================================
end time: 25-10-09-00:24:58
Current device is cuda:0
start time: task1_AAD_MM-AAD_trainer1_2025-10-08-15-41-37
============================================================================================================
Arguments =
	_action_groups: [<argparse._ArgumentGroup object at 0x7f951e81c3d0>, <argparse._ArgumentGroup object at 0x7f94f565e5b0>]
	_actions: [_HelpAction(option_strings=['-h', '--help'], dest='help', nargs=0, const=None, default='==SUPPRESS==', type=None, choices=None, required=False, help='show this help message and exit', metavar=None)]
	_defaults: {}
	_has_negative_number_optionals: []
	_mutually_exclusive_groups: []
	_negative_number_matcher: re.compile('^-\\d+$|^-\\d*\\.\\d+$')
	_option_string_actions: {'-h': _HelpAction(option_strings=['-h', '--help'], dest='help', nargs=0, const=None, default='==SUPPRESS==', type=None, choices=None, required=False, help='show this help message and exit', metavar=None), '--help': _HelpAction(option_strings=['-h', '--help'], dest='help', nargs=0, const=None, default='==SUPPRESS==', type=None, choices=None, required=False, help='show this help message and exit', metavar=None)}
	_optionals: <argparse._ArgumentGroup object at 0x7f94f565e5b0>
	_positionals: <argparse._ArgumentGroup object at 0x7f951e81c3d0>
	_registries: {'action': {None: <class 'argparse._StoreAction'>, 'store': <class 'argparse._StoreAction'>, 'store_const': <class 'argparse._StoreConstAction'>, 'store_true': <class 'argparse._StoreTrueAction'>, 'store_false': <class 'argparse._StoreFalseAction'>, 'append': <class 'argparse._AppendAction'>, 'append_const': <class 'argparse._AppendConstAction'>, 'count': <class 'argparse._CountAction'>, 'help': <class 'argparse._HelpAction'>, 'version': <class 'argparse._VersionAction'>, 'parsers': <class 'argparse._SubParsersAction'>, 'extend': <class 'argparse._ExtendAction'>}, 'type': {None: <function ArgumentParser.__init__.<locals>.identity at 0x7f94f567d4c0>}}
	_subparsers: None
	add_help: True
	allow_abbrev: True
	argument_default: None
	batch_size: 64
	conflict_handler: error
	data_path: /home/suyash.kumar.mec22.itbhu/EEG-AAD_audio_visual/preprocessed/data/
	dataset: MM-AAD
	description: None
	eeg_channel: 32
	epilog: None
	exit_on_error: True
	fig_path: ./exps/cross-subject/DARNet/figures/
	formatter_class: <class 'argparse.HelpFormatter'>
	fromfile_prefix_chars: None
	fs: 128
	label_path: /home/suyash.kumar.mec22.itbhu/EEG-AAD_audio_visual/preprocessed/label/
	lam: 0.2
	lambda_domain: 0.01
	log_interval: 10
	lr: 0.0001
	lr_decayrate: 0.8
	max_epoch: 100
	model: DARNet
	model_save_path: ./exps/cross-subject/DARNet/baseline_task1_AAD_MM-AAD_trainer1_2025-10-08-15-41-37
	overlap: 0.5
	patience: 10
	prefix_chars: -
	prog: trainer1.py
	seed: 42
	start_time: task1_AAD_MM-AAD_trainer1_2025-10-08-15-41-37
	subject_number: 40
	trail_number: 20
	usage: None
	use_domain_adversarial: True
	weight_decay: 0.0001
	win_len: 128
	win_time: 1
	window_lap: 64.0
============================================================================================================

========== Fold 1 ==========
Train IDs: [6, 7, 8, 9, 10, 11, 12, 13, 14, 15, 16, 17, 18, 19, 20, 21, 22, 23, 24, 25, 26, 27, 28, 29, 30]
Val IDs:   [1, 2, 3, 4, 5]
train_data_shape(164500, 32, 128),val_data_shape(32900, 32, 128)
=================================================================
Layer (type:depth-idx)                   Param #
=================================================================
DARNet                                   --
├─TokenEmbedding: 1-1                    --
│    └─Sequential: 2-1                   --
│    │    └─Conv2d: 3-1                  576
│    │    └─BatchNorm2d: 3-2             128
│    │    └─GELU: 3-3                    --
│    └─Sequential: 2-2                   --
│    │    └─Conv2d: 3-4                  32,784
│    │    └─BatchNorm2d: 3-5             32
│    │    └─GELU: 3-6                    --
│    └─PositionalEmbedding: 2-3          --
├─Flatten: 1-2                           --
├─Linear: 1-3                            18
├─AttnRefine: 1-4                        --
│    └─MyAttention: 2-4                  --
│    │    └─Attention: 3-7               800
│    └─Refine: 2-5                       --
│    │    └─Conv1d: 3-8                  784
│    │    └─BatchNorm1d: 3-9             32
│    │    └─ELU: 3-10                    --
│    │    └─MaxPool1d: 3-11              --
│    └─AdaptiveAvgPool1d: 2-6            --
│    └─Linear: 2-7                       68
│    └─Flatten: 2-8                      --
├─AttnRefine: 1-5                        --
│    └─MyAttention: 2-9                  --
│    │    └─Attention: 3-12              800
│    └─Refine: 2-10                      --
│    │    └─Conv1d: 3-13                 784
│    │    └─BatchNorm1d: 3-14            32
│    │    └─ELU: 3-15                    --
│    │    └─MaxPool1d: 3-16              --
│    └─AdaptiveAvgPool1d: 2-11           --
│    └─Linear: 2-12                      68
│    └─Flatten: 2-13                     --
├─GradientReversalLayer: 1-6             --
├─SubjectDiscriminator: 1-7              --
│    └─Sequential: 2-14                  --
│    │    └─Linear: 3-17                 2,304
│    │    └─ReLU: 3-18                   --
│    │    └─Dropout: 3-19                --
│    │    └─Linear: 3-20                 32,896
│    │    └─ReLU: 3-21                   --
│    │    └─Dropout: 3-22                --
│    │    └─Linear: 3-23                 3,870
=================================================================
Total params: 75,976
Trainable params: 75,976
Non-trainable params: 0
=================================================================
TestSub: S[1, 2, 3, 4, 5] Epoch  1 Finsh | Now_lr 0.0001/0.0001 | Lambda 0.0005 | Train Loss 0.4911 | Valid Loss 1.4386 | Train Acc 74.8401| Valid Acc 46.3795
Validation acc increase (0.000000 --> 46.379499) in epoch (1).  Saving model ...
TestSub: S[1, 2, 3, 4, 5] Epoch  2 Finsh | Now_lr 0.0001/0.0001 | Lambda 0.0010 | Train Loss 0.3504 | Valid Loss 1.7859 | Train Acc 84.0619| Valid Acc 46.5589
Validation acc increase (46.379499 --> 46.558852) in epoch (2).  Saving model ...
TestSub: S[1, 2, 3, 4, 5] Epoch  3 Finsh | Now_lr 0.0001/0.0001 | Lambda 0.0015 | Train Loss 0.3024 | Valid Loss 1.7521 | Train Acc 86.7552| Valid Acc 46.5649
Validation acc increase (46.558852 --> 46.564932) in epoch (3).  Saving model ...
TestSub: S[1, 2, 3, 4, 5] Epoch  4 Finsh | Now_lr 0.0001/0.0001 | Lambda 0.0020 | Train Loss 0.2675 | Valid Loss 2.0380 | Train Acc 88.6150| Valid Acc 44.6498
TestSub: S[1, 2, 3, 4, 5] Epoch  5 Finsh | Now_lr 0.0001/0.0001 | Lambda 0.0024 | Train Loss 0.2375 | Valid Loss 2.1902 | Train Acc 90.0097| Valid Acc 44.3914
TestSub: S[1, 2, 3, 4, 5] Epoch  6 Finsh | Now_lr 0.0001/0.0001 | Lambda 0.0029 | Train Loss 0.2123 | Valid Loss 2.2443 | Train Acc 91.2032| Valid Acc 46.6409
Validation acc increase (46.564932 --> 46.640929) in epoch (6).  Saving model ...
TestSub: S[1, 2, 3, 4, 5] Epoch  7 Finsh | Now_lr 0.0001/0.0001 | Lambda 0.0034 | Train Loss 0.1875 | Valid Loss 2.5239 | Train Acc 92.4684| Valid Acc 45.8658
TestSub: S[1, 2, 3, 4, 5] Epoch  8 Finsh | Now_lr 0.0001/0.0001 | Lambda 0.0038 | Train Loss 0.1672 | Valid Loss 2.4336 | Train Acc 93.3372| Valid Acc 47.6350
Validation acc increase (46.640929 --> 47.634971) in epoch (8).  Saving model ...
TestSub: S[1, 2, 3, 4, 5] Epoch  9 Finsh | Now_lr 0.0001/0.0001 | Lambda 0.0042 | Train Loss 0.1444 | Valid Loss 2.5987 | Train Acc 94.3221| Valid Acc 44.9204
TestSub: S[1, 2, 3, 4, 5] Epoch 10 Finsh | Now_lr 0.0001/0.0001 | Lambda 0.0046 | Train Loss 0.1295 | Valid Loss 2.6208 | Train Acc 94.9842| Valid Acc 45.1909
TestSub: S[1, 2, 3, 4, 5] Epoch 11 Finsh | Now_lr 0.0001/0.0001 | Lambda 0.0050 | Train Loss 0.1176 | Valid Loss 2.6655 | Train Acc 95.5168| Valid Acc 46.9054
TestSub: S[1, 2, 3, 4, 5] Epoch 12 Finsh | Now_lr 0.0001/0.0001 | Lambda 0.0054 | Train Loss 0.1065 | Valid Loss 2.7304 | Train Acc 95.9612| Valid Acc 47.5012
TestSub: S[1, 2, 3, 4, 5] Epoch 13 Finsh | Now_lr 0.0001/0.0001 | Lambda 0.0057 | Train Loss 0.0973 | Valid Loss 2.6958 | Train Acc 96.2889| Valid Acc 49.0272
Validation acc increase (47.634971 --> 49.027237) in epoch (13).  Saving model ...
TestSub: S[1, 2, 3, 4, 5] Epoch 14 Finsh | Now_lr 0.0001/0.0001 | Lambda 0.0060 | Train Loss 0.0893 | Valid Loss 2.8492 | Train Acc 96.6215| Valid Acc 48.2277
TestSub: S[1, 2, 3, 4, 5] Epoch 15 Finsh | Now_lr 0.0001/0.0001 | Lambda 0.0064 | Train Loss 0.0846 | Valid Loss 2.8732 | Train Acc 96.8343| Valid Acc 49.6899
Validation acc increase (49.027237 --> 49.689932) in epoch (15).  Saving model ...
TestSub: S[1, 2, 3, 4, 5] Epoch 16 Finsh | Now_lr 0.0001/0.0001 | Lambda 0.0066 | Train Loss 0.0771 | Valid Loss 2.9670 | Train Acc 97.1267| Valid Acc 49.7234
Validation acc increase (49.689932 --> 49.723371) in epoch (16).  Saving model ...
TestSub: S[1, 2, 3, 4, 5] Epoch 17 Finsh | Now_lr 0.0001/0.0001 | Lambda 0.0069 | Train Loss 0.0717 | Valid Loss 2.9776 | Train Acc 97.3687| Valid Acc 49.9544
Validation acc increase (49.723371 --> 49.954402) in epoch (17).  Saving model ...
TestSub: S[1, 2, 3, 4, 5] Epoch 18 Finsh | Now_lr 0.0001/0.0001 | Lambda 0.0072 | Train Loss 0.0661 | Valid Loss 3.2013 | Train Acc 97.5620| Valid Acc 49.5592
TestSub: S[1, 2, 3, 4, 5] Epoch 19 Finsh | Now_lr 0.0001/0.0001 | Lambda 0.0074 | Train Loss 0.0643 | Valid Loss 3.1380 | Train Acc 97.6380| Valid Acc 48.4649
TestSub: S[1, 2, 3, 4, 5] Epoch 20 Finsh | Now_lr 0.0001/0.0001 | Lambda 0.0076 | Train Loss 0.0604 | Valid Loss 3.1650 | Train Acc 97.8046| Valid Acc 50.3101
Validation acc increase (49.954402 --> 50.310068) in epoch (20).  Saving model ...
TestSub: S[1, 2, 3, 4, 5] Epoch 21 Finsh | Now_lr 0.0001/0.0001 | Lambda 0.0078 | Train Loss 0.0564 | Valid Loss 3.3500 | Train Acc 97.9335| Valid Acc 50.2341
TestSub: S[1, 2, 3, 4, 5] Epoch 22 Finsh | Now_lr 0.0001/0.0001 | Lambda 0.0080 | Train Loss 0.0537 | Valid Loss 3.2942 | Train Acc 98.0186| Valid Acc 50.2310
TestSub: S[1, 2, 3, 4, 5] Epoch 23 Finsh | Now_lr 0.0001/0.0001 | Lambda 0.0082 | Train Loss 0.0507 | Valid Loss 3.4581 | Train Acc 98.1852| Valid Acc 50.4681
Validation acc increase (50.310068 --> 50.468142) in epoch (23).  Saving model ...
TestSub: S[1, 2, 3, 4, 5] Epoch 24 Finsh | Now_lr 0.0001/0.0001 | Lambda 0.0083 | Train Loss 0.0492 | Valid Loss 3.5360 | Train Acc 98.2277| Valid Acc 50.1338
TestSub: S[1, 2, 3, 4, 5] Epoch 25 Finsh | Now_lr 0.0001/0.0001 | Lambda 0.0085 | Train Loss 0.0471 | Valid Loss 3.5184 | Train Acc 98.2946| Valid Acc 50.7661
Validation acc increase (50.468142 --> 50.766051) in epoch (25).  Saving model ...
TestSub: S[1, 2, 3, 4, 5] Epoch 26 Finsh | Now_lr 0.0001/0.0001 | Lambda 0.0086 | Train Loss 0.0439 | Valid Loss 3.4262 | Train Acc 98.4114| Valid Acc 50.4347
TestSub: S[1, 2, 3, 4, 5] Epoch 27 Finsh | Now_lr 0.0001/0.0001 | Lambda 0.0087 | Train Loss 0.0430 | Valid Loss 3.5991 | Train Acc 98.4563| Valid Acc 50.5259
TestSub: S[1, 2, 3, 4, 5] Epoch 28 Finsh | Now_lr 0.0001/0.0001 | Lambda 0.0089 | Train Loss 0.0417 | Valid Loss 3.6105 | Train Acc 98.5135| Valid Acc 50.7843
Validation acc increase (50.766051 --> 50.784290) in epoch (28).  Saving model ...
TestSub: S[1, 2, 3, 4, 5] Epoch 29 Finsh | Now_lr 0.0001/0.0001 | Lambda 0.0090 | Train Loss 0.0380 | Valid Loss 3.7068 | Train Acc 98.6345| Valid Acc 49.0424
TestSub: S[1, 2, 3, 4, 5] Epoch 30 Finsh | Now_lr 0.0001/0.0001 | Lambda 0.0091 | Train Loss 0.0375 | Valid Loss 3.5556 | Train Acc 98.6558| Valid Acc 50.2645
TestSub: S[1, 2, 3, 4, 5] Epoch 31 Finsh | Now_lr 0.0001/0.0001 | Lambda 0.0091 | Train Loss 0.0368 | Valid Loss 3.6224 | Train Acc 98.6454| Valid Acc 49.3951
TestSub: S[1, 2, 3, 4, 5] Epoch 32 Finsh | Now_lr 0.0001/0.0001 | Lambda 0.0092 | Train Loss 0.0343 | Valid Loss 3.7193 | Train Acc 98.7780| Valid Acc 49.8237
TestSub: S[1, 2, 3, 4, 5] Epoch 33 Finsh | Now_lr 0.0001/0.0001 | Lambda 0.0093 | Train Loss 0.0355 | Valid Loss 3.6137 | Train Acc 98.7287| Valid Acc 51.5595
Validation acc increase (50.784290 --> 51.559460) in epoch (33).  Saving model ...
TestSub: S[1, 2, 3, 4, 5] Epoch 34 Finsh | Now_lr 0.0001/0.0001 | Lambda 0.0094 | Train Loss 0.0324 | Valid Loss 3.6301 | Train Acc 98.8223| Valid Acc 50.1854
TestSub: S[1, 2, 3, 4, 5] Epoch 35 Finsh | Now_lr 0.0001/0.0001 | Lambda 0.0094 | Train Loss 0.0321 | Valid Loss 3.6463 | Train Acc 98.8479| Valid Acc 51.3923
TestSub: S[1, 2, 3, 4, 5] Epoch 36 Finsh | Now_lr 0.0001/0.0001 | Lambda 0.0095 | Train Loss 0.0304 | Valid Loss 3.7536 | Train Acc 98.9409| Valid Acc 50.4469
TestSub: S[1, 2, 3, 4, 5] Epoch 37 Finsh | Now_lr 0.0001/0.0001 | Lambda 0.0095 | Train Loss 0.0299 | Valid Loss 3.5682 | Train Acc 98.9227| Valid Acc 53.1736
Validation acc increase (51.559460 --> 53.173638) in epoch (37).  Saving model ...
TestSub: S[1, 2, 3, 4, 5] Epoch 38 Finsh | Now_lr 0.0001/0.0001 | Lambda 0.0096 | Train Loss 0.0284 | Valid Loss 3.8249 | Train Acc 98.9993| Valid Acc 50.6445
TestSub: S[1, 2, 3, 4, 5] Epoch 39 Finsh | Now_lr 0.0001/0.0001 | Lambda 0.0096 | Train Loss 0.0281 | Valid Loss 3.6979 | Train Acc 99.0309| Valid Acc 51.2129
TestSub: S[1, 2, 3, 4, 5] Epoch 40 Finsh | Now_lr 0.0001/0.0001 | Lambda 0.0096 | Train Loss 0.0260 | Valid Loss 3.6822 | Train Acc 99.0965| Valid Acc 51.0913
TestSub: S[1, 2, 3, 4, 5] Epoch 41 Finsh | Now_lr 0.0001/0.0001 | Lambda 0.0097 | Train Loss 0.0271 | Valid Loss 3.6220 | Train Acc 99.0285| Valid Acc 52.6143
TestSub: S[1, 2, 3, 4, 5] Epoch 42 Finsh | Now_lr 0.0001/0.0001 | Lambda 0.0097 | Train Loss 0.0259 | Valid Loss 3.8103 | Train Acc 99.0959| Valid Acc 51.5108
TestSub: S[1, 2, 3, 4, 5] Epoch 43 Finsh | Now_lr 0.0001/0.0001 | Lambda 0.0097 | Train Loss 0.0252 | Valid Loss 3.7424 | Train Acc 99.1136| Valid Acc 51.4044
TestSub: S[1, 2, 3, 4, 5] Epoch 44 Finsh | Now_lr 0.0001/0.0001 | Lambda 0.0098 | Train Loss 0.0242 | Valid Loss 3.8502 | Train Acc 99.1543| Valid Acc 49.7872
TestSub: S[1, 2, 3, 4, 5] Epoch 45 Finsh | Now_lr 0.0001/0.0001 | Lambda 0.0098 | Train Loss 0.0228 | Valid Loss 3.7575 | Train Acc 99.2078| Valid Acc 52.2678
TestSub: S[1, 2, 3, 4, 5] Epoch 46 Finsh | Now_lr 0.0001/0.0001 | Lambda 0.0098 | Train Loss 0.0234 | Valid Loss 3.8226 | Train Acc 99.1877| Valid Acc 52.4197
TestSub: S[1, 2, 3, 4, 5] Epoch 47 Finsh | Now_lr 0.0001/0.0001 | Lambda 0.0098 | Train Loss 0.0231 | Valid Loss 3.6216 | Train Acc 99.1938| Valid Acc 51.7844
TestSub: S[1, 2, 3, 4, 5] Epoch 48 Finsh | Now_lr 0.0001/0.0001 | Lambda 0.0098 | Train Loss 0.0214 | Valid Loss 3.8118 | Train Acc 99.2571| Valid Acc 51.8695
TestSub: S[1, 2, 3, 4, 5] Epoch 49 Finsh | Now_lr 0.0001/0.0001 | Lambda 0.0099 | Train Loss 0.0218 | Valid Loss 4.0226 | Train Acc 99.2461| Valid Acc 51.8482
TestSub: S[1, 2, 3, 4, 5] Epoch 50 Finsh | Now_lr 0.0001/0.0001 | Lambda 0.0099 | Train Loss 0.0206 | Valid Loss 3.8390 | Train Acc 99.2826| Valid Acc 52.2100
TestSub: S[1, 2, 3, 4, 5] Epoch 51 Finsh | Now_lr 0.0001/0.0001 | Lambda 0.0099 | Train Loss 0.0210 | Valid Loss 3.8331 | Train Acc 99.2735| Valid Acc 52.2252
TestSub: S[1, 2, 3, 4, 5] Epoch 52 Finsh | Now_lr 0.0001/0.0001 | Lambda 0.0099 | Train Loss 0.0196 | Valid Loss 3.9512 | Train Acc 99.3093| Valid Acc 51.9942
TestSub: S[1, 2, 3, 4, 5] Epoch 53 Finsh | Now_lr 0.0001/0.0001 | Lambda 0.0099 | Train Loss 0.0200 | Valid Loss 3.8716 | Train Acc 99.3118| Valid Acc 50.8177
TestSub: S[1, 2, 3, 4, 5] Epoch 54 Finsh | Now_lr 0.0001/0.0001 | Lambda 0.0099 | Train Loss 0.0192 | Valid Loss 3.9484 | Train Acc 99.3507| Valid Acc 51.1916
TestSub: S[1, 2, 3, 4, 5] Epoch 55 Finsh | Now_lr 0.0001/0.0001 | Lambda 0.0099 | Train Loss 0.0193 | Valid Loss 3.8984 | Train Acc 99.3264| Valid Acc 52.3042
TestSub: S[1, 2, 3, 4, 5] Epoch 56 Finsh | Now_lr 0.0001/0.0001 | Lambda 0.0099 | Train Loss 0.0188 | Valid Loss 3.9658 | Train Acc 99.3306| Valid Acc 51.9790
TestSub: S[1, 2, 3, 4, 5] Epoch 57 Finsh | Now_lr 0.0001/0.0001 | Lambda 0.0099 | Train Loss 0.0177 | Valid Loss 3.8950 | Train Acc 99.3829| Valid Acc 51.4196
TestSub: S[1, 2, 3, 4, 5] Epoch 58 Finsh | Now_lr 0.0001/0.0001 | Lambda 0.0099 | Train Loss 0.0181 | Valid Loss 4.0277 | Train Acc 99.3799| Valid Acc 51.0822
TestSub: S[1, 2, 3, 4, 5] Epoch 59 Finsh | Now_lr 0.0001/0.0001 | Lambda 0.0099 | Train Loss 0.0179 | Valid Loss 4.0551 | Train Acc 99.4133| Valid Acc 50.8329
TestSub: S[1, 2, 3, 4, 5] Epoch 60 Finsh | Now_lr 0.0001/0.0001 | Lambda 0.0100 | Train Loss 0.0170 | Valid Loss 4.1945 | Train Acc 99.4206| Valid Acc 51.0457
TestSub: S[1, 2, 3, 4, 5] Epoch 61 Finsh | Now_lr 0.0001/0.0001 | Lambda 0.0100 | Train Loss 0.0166 | Valid Loss 3.9542 | Train Acc 99.4206| Valid Acc 50.7357
TestSub: S[1, 2, 3, 4, 5] Epoch 62 Finsh | Now_lr 0.0001/0.0001 | Lambda 0.0100 | Train Loss 0.0168 | Valid Loss 3.9656 | Train Acc 99.4072| Valid Acc 50.8542
TestSub: S[1, 2, 3, 4, 5] Epoch 63 Finsh | Now_lr 0.0001/0.0001 | Lambda 0.0100 | Train Loss 0.0161 | Valid Loss 3.9955 | Train Acc 99.4625| Valid Acc 51.0792
TestSub: S[1, 2, 3, 4, 5] Epoch 64 Finsh | Now_lr 0.0001/0.0001 | Lambda 0.0100 | Train Loss 0.0161 | Valid Loss 4.1112 | Train Acc 99.4589| Valid Acc 51.1734
TestSub: S[1, 2, 3, 4, 5] Epoch 65 Finsh | Now_lr 0.0001/0.0001 | Lambda 0.0100 | Train Loss 0.0157 | Valid Loss 4.0120 | Train Acc 99.4480| Valid Acc 52.9943
TestSub: S[1, 2, 3, 4, 5] Epoch 66 Finsh | Now_lr 0.0001/0.0001 | Lambda 0.0100 | Train Loss 0.0163 | Valid Loss 4.0200 | Train Acc 99.4194| Valid Acc 49.8358
TestSub: S[1, 2, 3, 4, 5] Epoch 67 Finsh | Now_lr 0.0001/0.0001 | Lambda 0.0100 | Train Loss 0.0155 | Valid Loss 3.9519 | Train Acc 99.4875| Valid Acc 51.3679
TestSub: S[1, 2, 3, 4, 5] Epoch 68 Finsh | Now_lr 0.0001/0.0001 | Lambda 0.0100 | Train Loss 0.0148 | Valid Loss 3.9994 | Train Acc 99.4929| Valid Acc 49.8875
TestSub: S[1, 2, 3, 4, 5] Epoch 69 Finsh | Now_lr 0.0001/0.0001 | Lambda 0.0100 | Train Loss 0.0139 | Valid Loss 4.0740 | Train Acc 99.5191| Valid Acc 51.3193
TestSub: S[1, 2, 3, 4, 5] Epoch 70 Finsh | Now_lr 0.0001/0.0001 | Lambda 0.0100 | Train Loss 0.0154 | Valid Loss 4.1424 | Train Acc 99.4741| Valid Acc 50.2554
TestSub: S[1, 2, 3, 4, 5] Epoch 71 Finsh | Now_lr 0.0001/0.0001 | Lambda 0.0100 | Train Loss 0.0148 | Valid Loss 4.1416 | Train Acc 99.4826| Valid Acc 50.5289
TestSub: S[1, 2, 3, 4, 5] Epoch 72 Finsh | Now_lr 0.0001/0.0001 | Lambda 0.0100 | Train Loss 0.0142 | Valid Loss 4.1174 | Train Acc 99.5276| Valid Acc 50.7691
TestSub: S[1, 2, 3, 4, 5] Epoch 73 Finsh | Now_lr 0.0001/0.0001 | Lambda 0.0100 | Train Loss 0.0136 | Valid Loss 4.2764 | Train Acc 99.5385| Valid Acc 50.1186
TestSub: S[1, 2, 3, 4, 5] Epoch 74 Finsh | Now_lr 0.0001/0.0001 | Lambda 0.0100 | Train Loss 0.0140 | Valid Loss 4.1313 | Train Acc 99.5185| Valid Acc 51.1825
TestSub: S[1, 2, 3, 4, 5] Epoch 75 Finsh | Now_lr 0.0001/0.0001 | Lambda 0.0100 | Train Loss 0.0132 | Valid Loss 4.3528 | Train Acc 99.5604| Valid Acc 50.0821
TestSub: S[1, 2, 3, 4, 5] Epoch 76 Finsh | Now_lr 0.0001/0.0001 | Lambda 0.0100 | Train Loss 0.0132 | Valid Loss 4.1387 | Train Acc 99.5556| Valid Acc 51.1065
TestSub: S[1, 2, 3, 4, 5] Epoch 77 Finsh | Now_lr 0.0001/0.0001 | Lambda 0.0100 | Train Loss 0.0124 | Valid Loss 4.3902 | Train Acc 99.5616| Valid Acc 50.3161
TestSub: S[1, 2, 3, 4, 5] Epoch 78 Finsh | Now_lr 0.0001/0.0001 | Lambda 0.0100 | Train Loss 0.0130 | Valid Loss 4.1029 | Train Acc 99.5696| Valid Acc 50.6080
TestSub: S[1, 2, 3, 4, 5] Epoch 79 Finsh | Now_lr 0.0001/0.0001 | Lambda 0.0100 | Train Loss 0.0131 | Valid Loss 4.4316 | Train Acc 99.5464| Valid Acc 50.9576
TestSub: S[1, 2, 3, 4, 5] Epoch 80 Finsh | Now_lr 0.0001/0.0001 | Lambda 0.0100 | Train Loss 0.0134 | Valid Loss 4.0377 | Train Acc 99.5258| Valid Acc 51.0792
TestSub: S[1, 2, 3, 4, 5] Epoch 81 Finsh | Now_lr 0.0001/0.0001 | Lambda 0.0100 | Train Loss 0.0126 | Valid Loss 4.0757 | Train Acc 99.5702| Valid Acc 50.2705
TestSub: S[1, 2, 3, 4, 5] Epoch 82 Finsh | Now_lr 0.0001/0.0001 | Lambda 0.0100 | Train Loss 0.0119 | Valid Loss 4.1687 | Train Acc 99.6024| Valid Acc 49.5379
TestSub: S[1, 2, 3, 4, 5] Epoch 83 Finsh | Now_lr 0.0001/0.0001 | Lambda 0.0100 | Train Loss 0.0121 | Valid Loss 4.3347 | Train Acc 99.5957| Valid Acc 49.8571
TestSub: S[1, 2, 3, 4, 5] Epoch 84 Finsh | Now_lr 0.0001/0.0001 | Lambda 0.0100 | Train Loss 0.0116 | Valid Loss 4.2374 | Train Acc 99.6091| Valid Acc 50.1915
TestSub: S[1, 2, 3, 4, 5] Epoch 85 Finsh | Now_lr 0.0001/0.0001 | Lambda 0.0100 | Train Loss 0.0114 | Valid Loss 4.3426 | Train Acc 99.6164| Valid Acc 51.7753
TestSub: S[1, 2, 3, 4, 5] Epoch 86 Finsh | Now_lr 0.0001/0.0001 | Lambda 0.0100 | Train Loss 0.0116 | Valid Loss 4.5219 | Train Acc 99.6079| Valid Acc 51.0488
TestSub: S[1, 2, 3, 4, 5] Epoch 87 Finsh | Now_lr 0.0001/0.0001 | Lambda 0.0100 | Train Loss 0.0115 | Valid Loss 4.4072 | Train Acc 99.6194| Valid Acc 50.0851
TestSub: S[1, 2, 3, 4, 5] Epoch 88 Finsh | Now_lr 0.0001/0.0001 | Lambda 0.0100 | Train Loss 0.0117 | Valid Loss 4.3688 | Train Acc 99.6121| Valid Acc 51.6871
TestSub: S[1, 2, 3, 4, 5] Epoch 89 Finsh | Now_lr 0.0001/0.0001 | Lambda 0.0100 | Train Loss 0.0114 | Valid Loss 4.3608 | Train Acc 99.6121| Valid Acc 50.2189
TestSub: S[1, 2, 3, 4, 5] Epoch 90 Finsh | Now_lr 0.0001/0.0001 | Lambda 0.0100 | Train Loss 0.0114 | Valid Loss 4.2889 | Train Acc 99.6231| Valid Acc 51.0123
TestSub: S[1, 2, 3, 4, 5] Epoch 91 Finsh | Now_lr 0.0001/0.0001 | Lambda 0.0100 | Train Loss 0.0102 | Valid Loss 4.3505 | Train Acc 99.6656| Valid Acc 51.2251
TestSub: S[1, 2, 3, 4, 5] Epoch 92 Finsh | Now_lr 0.0001/0.0001 | Lambda 0.0100 | Train Loss 0.0108 | Valid Loss 4.3476 | Train Acc 99.6376| Valid Acc 50.5563
TestSub: S[1, 2, 3, 4, 5] Epoch 93 Finsh | Now_lr 0.0001/0.0001 | Lambda 0.0100 | Train Loss 0.0112 | Valid Loss 4.3032 | Train Acc 99.6267| Valid Acc 51.8179
TestSub: S[1, 2, 3, 4, 5] Epoch 94 Finsh | Now_lr 0.0001/0.0001 | Lambda 0.0100 | Train Loss 0.0109 | Valid Loss 4.4237 | Train Acc 99.6370| Valid Acc 49.5379
TestSub: S[1, 2, 3, 4, 5] Epoch 95 Finsh | Now_lr 0.0001/0.0001 | Lambda 0.0100 | Train Loss 0.0103 | Valid Loss 4.2306 | Train Acc 99.6559| Valid Acc 52.6447
TestSub: S[1, 2, 3, 4, 5] Epoch 96 Finsh | Now_lr 0.0001/0.0001 | Lambda 0.0100 | Train Loss 0.0104 | Valid Loss 4.5085 | Train Acc 99.6468| Valid Acc 50.5289
TestSub: S[1, 2, 3, 4, 5] Epoch 97 Finsh | Now_lr 0.0001/0.0001 | Lambda 0.0100 | Train Loss 0.0102 | Valid Loss 4.5205 | Train Acc 99.6772| Valid Acc 49.4133
TestSub: S[1, 2, 3, 4, 5] Epoch 98 Finsh | Now_lr 0.0001/0.0001 | Lambda 0.0100 | Train Loss 0.0097 | Valid Loss 4.4922 | Train Acc 99.6851| Valid Acc 50.8451
TestSub: S[1, 2, 3, 4, 5] Epoch 99 Finsh | Now_lr 0.0001/0.0001 | Lambda 0.0100 | Train Loss 0.0105 | Valid Loss 4.3538 | Train Acc 99.6474| Valid Acc 50.7265
TestSub: S[1, 2, 3, 4, 5] Epoch 100 Finsh | Now_lr 0.0001/0.0001 | Lambda 0.0100 | Train Loss 0.0099 | Valid Loss 4.4707 | Train Acc 99.6699| Valid Acc 50.1885
--------------------------------------------------
Test_Subject :S[1, 2, 3, 4, 5] |Best epoch:37 | Test Loss:3.5682 | Best Acc 53.1736 | Savemodel Acc 53.1736
--------------------------------------------------

========== Fold 2 ==========
Train IDs: [1, 2, 3, 4, 5, 11, 12, 13, 14, 15, 16, 17, 18, 19, 20, 21, 22, 23, 24, 25, 26, 27, 28, 29, 30]
Val IDs:   [6, 7, 8, 9, 10]
train_data_shape(164500, 32, 128),val_data_shape(32900, 32, 128)
=================================================================
Layer (type:depth-idx)                   Param #
=================================================================
DARNet                                   --
├─TokenEmbedding: 1-1                    --
│    └─Sequential: 2-1                   --
│    │    └─Conv2d: 3-1                  576
│    │    └─BatchNorm2d: 3-2             128
│    │    └─GELU: 3-3                    --
│    └─Sequential: 2-2                   --
│    │    └─Conv2d: 3-4                  32,784
│    │    └─BatchNorm2d: 3-5             32
│    │    └─GELU: 3-6                    --
│    └─PositionalEmbedding: 2-3          --
├─Flatten: 1-2                           --
├─Linear: 1-3                            18
├─AttnRefine: 1-4                        --
│    └─MyAttention: 2-4                  --
│    │    └─Attention: 3-7               800
│    └─Refine: 2-5                       --
│    │    └─Conv1d: 3-8                  784
│    │    └─BatchNorm1d: 3-9             32
│    │    └─ELU: 3-10                    --
│    │    └─MaxPool1d: 3-11              --
│    └─AdaptiveAvgPool1d: 2-6            --
│    └─Linear: 2-7                       68
│    └─Flatten: 2-8                      --
├─AttnRefine: 1-5                        --
│    └─MyAttention: 2-9                  --
│    │    └─Attention: 3-12              800
│    └─Refine: 2-10                      --
│    │    └─Conv1d: 3-13                 784
│    │    └─BatchNorm1d: 3-14            32
│    │    └─ELU: 3-15                    --
│    │    └─MaxPool1d: 3-16              --
│    └─AdaptiveAvgPool1d: 2-11           --
│    └─Linear: 2-12                      68
│    └─Flatten: 2-13                     --
├─GradientReversalLayer: 1-6             --
├─SubjectDiscriminator: 1-7              --
│    └─Sequential: 2-14                  --
│    │    └─Linear: 3-17                 2,304
│    │    └─ReLU: 3-18                   --
│    │    └─Dropout: 3-19                --
│    │    └─Linear: 3-20                 32,896
│    │    └─ReLU: 3-21                   --
│    │    └─Dropout: 3-22                --
│    │    └─Linear: 3-23                 3,870
=================================================================
Total params: 75,976
Trainable params: 75,976
Non-trainable params: 0
=================================================================
TestSub: S[6, 7, 8, 9, 10] Epoch  1 Finsh | Now_lr 0.0001/0.0001 | Lambda 0.0005 | Train Loss 0.5119 | Valid Loss 1.4592 | Train Acc 73.3694| Valid Acc 47.5377
Validation acc increase (0.000000 --> 47.537695) in epoch (1).  Saving model ...
TestSub: S[6, 7, 8, 9, 10] Epoch  2 Finsh | Now_lr 0.0001/0.0001 | Lambda 0.0010 | Train Loss 0.3768 | Valid Loss 1.6554 | Train Acc 82.5815| Valid Acc 47.4708
TestSub: S[6, 7, 8, 9, 10] Epoch  3 Finsh | Now_lr 0.0001/0.0001 | Lambda 0.0015 | Train Loss 0.3242 | Valid Loss 1.8738 | Train Acc 85.5910| Valid Acc 49.8541
Validation acc increase (47.537695 --> 49.854086) in epoch (3).  Saving model ...
TestSub: S[6, 7, 8, 9, 10] Epoch  4 Finsh | Now_lr 0.0001/0.0001 | Lambda 0.0020 | Train Loss 0.2826 | Valid Loss 2.0611 | Train Acc 87.8605| Valid Acc 49.8966
Validation acc increase (49.854086 --> 49.896644) in epoch (4).  Saving model ...
TestSub: S[6, 7, 8, 9, 10] Epoch  5 Finsh | Now_lr 0.0001/0.0001 | Lambda 0.0024 | Train Loss 0.2456 | Valid Loss 2.0112 | Train Acc 89.5896| Valid Acc 50.5229
Validation acc increase (49.896644 --> 50.522860) in epoch (5).  Saving model ...
TestSub: S[6, 7, 8, 9, 10] Epoch  6 Finsh | Now_lr 0.0001/0.0001 | Lambda 0.0029 | Train Loss 0.2206 | Valid Loss 2.1790 | Train Acc 90.7867| Valid Acc 52.1097
Validation acc increase (50.522860 --> 52.109679) in epoch (6).  Saving model ...
TestSub: S[6, 7, 8, 9, 10] Epoch  7 Finsh | Now_lr 0.0001/0.0001 | Lambda 0.0034 | Train Loss 0.1957 | Valid Loss 2.3896 | Train Acc 92.0446| Valid Acc 50.8329
TestSub: S[6, 7, 8, 9, 10] Epoch  8 Finsh | Now_lr 0.0001/0.0001 | Lambda 0.0038 | Train Loss 0.1753 | Valid Loss 2.4213 | Train Acc 92.9098| Valid Acc 53.5749
Validation acc increase (52.109679 --> 53.574903) in epoch (8).  Saving model ...
TestSub: S[6, 7, 8, 9, 10] Epoch  9 Finsh | Now_lr 0.0001/0.0001 | Lambda 0.0042 | Train Loss 0.1569 | Valid Loss 2.5928 | Train Acc 93.7391| Valid Acc 52.0945
TestSub: S[6, 7, 8, 9, 10] Epoch 10 Finsh | Now_lr 0.0001/0.0001 | Lambda 0.0046 | Train Loss 0.1409 | Valid Loss 2.4989 | Train Acc 94.5683| Valid Acc 52.5717
TestSub: S[6, 7, 8, 9, 10] Epoch 11 Finsh | Now_lr 0.0001/0.0001 | Lambda 0.0050 | Train Loss 0.1300 | Valid Loss 2.5758 | Train Acc 94.9556| Valid Acc 51.6324
TestSub: S[6, 7, 8, 9, 10] Epoch 12 Finsh | Now_lr 0.0001/0.0001 | Lambda 0.0054 | Train Loss 0.1173 | Valid Loss 2.6460 | Train Acc 95.4955| Valid Acc 53.0824
TestSub: S[6, 7, 8, 9, 10] Epoch 13 Finsh | Now_lr 0.0001/0.0001 | Lambda 0.0057 | Train Loss 0.1083 | Valid Loss 2.6937 | Train Acc 95.8846| Valid Acc 52.6021
TestSub: S[6, 7, 8, 9, 10] Epoch 14 Finsh | Now_lr 0.0001/0.0001 | Lambda 0.0060 | Train Loss 0.1028 | Valid Loss 2.6578 | Train Acc 96.1065| Valid Acc 53.6205
Validation acc increase (53.574903 --> 53.620501) in epoch (14).  Saving model ...
TestSub: S[6, 7, 8, 9, 10] Epoch 15 Finsh | Now_lr 0.0001/0.0001 | Lambda 0.0064 | Train Loss 0.0935 | Valid Loss 2.7553 | Train Acc 96.4841| Valid Acc 52.5869
TestSub: S[6, 7, 8, 9, 10] Epoch 16 Finsh | Now_lr 0.0001/0.0001 | Lambda 0.0066 | Train Loss 0.0869 | Valid Loss 2.8740 | Train Acc 96.7346| Valid Acc 51.6932
TestSub: S[6, 7, 8, 9, 10] Epoch 17 Finsh | Now_lr 0.0001/0.0001 | Lambda 0.0069 | Train Loss 0.0813 | Valid Loss 2.9743 | Train Acc 97.0075| Valid Acc 51.5139
TestSub: S[6, 7, 8, 9, 10] Epoch 18 Finsh | Now_lr 0.0001/0.0001 | Lambda 0.0072 | Train Loss 0.0778 | Valid Loss 3.1485 | Train Acc 97.1425| Valid Acc 50.7600
TestSub: S[6, 7, 8, 9, 10] Epoch 19 Finsh | Now_lr 0.0001/0.0001 | Lambda 0.0074 | Train Loss 0.0729 | Valid Loss 2.9188 | Train Acc 97.3401| Valid Acc 49.7446
TestSub: S[6, 7, 8, 9, 10] Epoch 20 Finsh | Now_lr 0.0001/0.0001 | Lambda 0.0076 | Train Loss 0.0681 | Valid Loss 2.9332 | Train Acc 97.5188| Valid Acc 49.7203
TestSub: S[6, 7, 8, 9, 10] Epoch 21 Finsh | Now_lr 0.0001/0.0001 | Lambda 0.0078 | Train Loss 0.0628 | Valid Loss 3.1114 | Train Acc 97.7389| Valid Acc 49.3039
TestSub: S[6, 7, 8, 9, 10] Epoch 22 Finsh | Now_lr 0.0001/0.0001 | Lambda 0.0080 | Train Loss 0.0606 | Valid Loss 3.0756 | Train Acc 97.8186| Valid Acc 51.0305
TestSub: S[6, 7, 8, 9, 10] Epoch 23 Finsh | Now_lr 0.0001/0.0001 | Lambda 0.0082 | Train Loss 0.0585 | Valid Loss 3.1210 | Train Acc 97.8976| Valid Acc 49.7021
TestSub: S[6, 7, 8, 9, 10] Epoch 24 Finsh | Now_lr 0.0001/0.0001 | Lambda 0.0083 | Train Loss 0.0537 | Valid Loss 3.0799 | Train Acc 98.0618| Valid Acc 49.4133
TestSub: S[6, 7, 8, 9, 10] Epoch 25 Finsh | Now_lr 0.0001/0.0001 | Lambda 0.0085 | Train Loss 0.0517 | Valid Loss 3.1373 | Train Acc 98.1651| Valid Acc 50.4955
TestSub: S[6, 7, 8, 9, 10] Epoch 26 Finsh | Now_lr 0.0001/0.0001 | Lambda 0.0086 | Train Loss 0.0503 | Valid Loss 2.9894 | Train Acc 98.2004| Valid Acc 52.2130
TestSub: S[6, 7, 8, 9, 10] Epoch 27 Finsh | Now_lr 0.0001/0.0001 | Lambda 0.0087 | Train Loss 0.0468 | Valid Loss 3.1395 | Train Acc 98.3341| Valid Acc 49.7203
TestSub: S[6, 7, 8, 9, 10] Epoch 28 Finsh | Now_lr 0.0001/0.0001 | Lambda 0.0089 | Train Loss 0.0453 | Valid Loss 3.4075 | Train Acc 98.3475| Valid Acc 50.9515
TestSub: S[6, 7, 8, 9, 10] Epoch 29 Finsh | Now_lr 0.0001/0.0001 | Lambda 0.0090 | Train Loss 0.0435 | Valid Loss 3.3032 | Train Acc 98.4472| Valid Acc 51.1400
TestSub: S[6, 7, 8, 9, 10] Epoch 30 Finsh | Now_lr 0.0001/0.0001 | Lambda 0.0091 | Train Loss 0.0416 | Valid Loss 3.2858 | Train Acc 98.5494| Valid Acc 52.0823
TestSub: S[6, 7, 8, 9, 10] Epoch 31 Finsh | Now_lr 0.0001/0.0001 | Lambda 0.0091 | Train Loss 0.0402 | Valid Loss 3.2666 | Train Acc 98.5877| Valid Acc 51.9334
TestSub: S[6, 7, 8, 9, 10] Epoch 32 Finsh | Now_lr 0.0001/0.0001 | Lambda 0.0092 | Train Loss 0.0384 | Valid Loss 3.3279 | Train Acc 98.6400| Valid Acc 51.2190
TestSub: S[6, 7, 8, 9, 10] Epoch 33 Finsh | Now_lr 0.0001/0.0001 | Lambda 0.0093 | Train Loss 0.0383 | Valid Loss 3.1325 | Train Acc 98.6600| Valid Acc 51.4591
TestSub: S[6, 7, 8, 9, 10] Epoch 34 Finsh | Now_lr 0.0001/0.0001 | Lambda 0.0094 | Train Loss 0.0360 | Valid Loss 3.2779 | Train Acc 98.7524| Valid Acc 51.6385
TestSub: S[6, 7, 8, 9, 10] Epoch 35 Finsh | Now_lr 0.0001/0.0001 | Lambda 0.0094 | Train Loss 0.0354 | Valid Loss 3.2857 | Train Acc 98.7500| Valid Acc 52.0458
TestSub: S[6, 7, 8, 9, 10] Epoch 36 Finsh | Now_lr 0.0001/0.0001 | Lambda 0.0095 | Train Loss 0.0329 | Valid Loss 3.4315 | Train Acc 98.8497| Valid Acc 52.1674
TestSub: S[6, 7, 8, 9, 10] Epoch 37 Finsh | Now_lr 0.0001/0.0001 | Lambda 0.0095 | Train Loss 0.0329 | Valid Loss 3.2024 | Train Acc 98.8509| Valid Acc 51.9151
TestSub: S[6, 7, 8, 9, 10] Epoch 38 Finsh | Now_lr 0.0001/0.0001 | Lambda 0.0096 | Train Loss 0.0309 | Valid Loss 3.4860 | Train Acc 98.9032| Valid Acc 51.1977
TestSub: S[6, 7, 8, 9, 10] Epoch 39 Finsh | Now_lr 0.0001/0.0001 | Lambda 0.0096 | Train Loss 0.0301 | Valid Loss 3.5033 | Train Acc 98.9342| Valid Acc 50.2949
TestSub: S[6, 7, 8, 9, 10] Epoch 40 Finsh | Now_lr 0.0001/0.0001 | Lambda 0.0096 | Train Loss 0.0281 | Valid Loss 3.8305 | Train Acc 99.0199| Valid Acc 52.2708
TestSub: S[6, 7, 8, 9, 10] Epoch 41 Finsh | Now_lr 0.0001/0.0001 | Lambda 0.0097 | Train Loss 0.0282 | Valid Loss 3.5253 | Train Acc 98.9987| Valid Acc 51.3862
TestSub: S[6, 7, 8, 9, 10] Epoch 42 Finsh | Now_lr 0.0001/0.0001 | Lambda 0.0097 | Train Loss 0.0279 | Valid Loss 3.6273 | Train Acc 99.0260| Valid Acc 51.9820
TestSub: S[6, 7, 8, 9, 10] Epoch 43 Finsh | Now_lr 0.0001/0.0001 | Lambda 0.0097 | Train Loss 0.0261 | Valid Loss 3.6543 | Train Acc 99.0880| Valid Acc 51.2798
TestSub: S[6, 7, 8, 9, 10] Epoch 44 Finsh | Now_lr 0.0001/0.0001 | Lambda 0.0098 | Train Loss 0.0265 | Valid Loss 3.4590 | Train Acc 99.0753| Valid Acc 50.8603
TestSub: S[6, 7, 8, 9, 10] Epoch 45 Finsh | Now_lr 0.0001/0.0001 | Lambda 0.0098 | Train Loss 0.0254 | Valid Loss 3.5808 | Train Acc 99.1403| Valid Acc 50.6840
TestSub: S[6, 7, 8, 9, 10] Epoch 46 Finsh | Now_lr 0.0001/0.0001 | Lambda 0.0098 | Train Loss 0.0244 | Valid Loss 3.7278 | Train Acc 99.1494| Valid Acc 52.4532
TestSub: S[6, 7, 8, 9, 10] Epoch 47 Finsh | Now_lr 0.0001/0.0001 | Lambda 0.0098 | Train Loss 0.0231 | Valid Loss 3.7045 | Train Acc 99.1859| Valid Acc 52.1918
TestSub: S[6, 7, 8, 9, 10] Epoch 48 Finsh | Now_lr 0.0001/0.0001 | Lambda 0.0098 | Train Loss 0.0224 | Valid Loss 3.6894 | Train Acc 99.2260| Valid Acc 52.3225
TestSub: S[6, 7, 8, 9, 10] Epoch 49 Finsh | Now_lr 0.0001/0.0001 | Lambda 0.0099 | Train Loss 0.0227 | Valid Loss 3.6089 | Train Acc 99.2078| Valid Acc 52.8514
TestSub: S[6, 7, 8, 9, 10] Epoch 50 Finsh | Now_lr 0.0001/0.0001 | Lambda 0.0099 | Train Loss 0.0216 | Valid Loss 3.7318 | Train Acc 99.2498| Valid Acc 52.9152
TestSub: S[6, 7, 8, 9, 10] Epoch 51 Finsh | Now_lr 0.0001/0.0001 | Lambda 0.0099 | Train Loss 0.0215 | Valid Loss 3.7811 | Train Acc 99.2400| Valid Acc 52.0033
TestSub: S[6, 7, 8, 9, 10] Epoch 52 Finsh | Now_lr 0.0001/0.0001 | Lambda 0.0099 | Train Loss 0.0212 | Valid Loss 3.6664 | Train Acc 99.2850| Valid Acc 52.4167
TestSub: S[6, 7, 8, 9, 10] Epoch 53 Finsh | Now_lr 0.0001/0.0001 | Lambda 0.0099 | Train Loss 0.0203 | Valid Loss 3.9624 | Train Acc 99.3221| Valid Acc 52.4258
TestSub: S[6, 7, 8, 9, 10] Epoch 54 Finsh | Now_lr 0.0001/0.0001 | Lambda 0.0099 | Train Loss 0.0202 | Valid Loss 3.7757 | Train Acc 99.2990| Valid Acc 52.7754
TestSub: S[6, 7, 8, 9, 10] Epoch 55 Finsh | Now_lr 0.0001/0.0001 | Lambda 0.0099 | Train Loss 0.0198 | Valid Loss 3.8245 | Train Acc 99.3227| Valid Acc 51.4895
TestSub: S[6, 7, 8, 9, 10] Epoch 56 Finsh | Now_lr 0.0001/0.0001 | Lambda 0.0099 | Train Loss 0.0203 | Valid Loss 3.7121 | Train Acc 99.2929| Valid Acc 51.5169
TestSub: S[6, 7, 8, 9, 10] Epoch 57 Finsh | Now_lr 0.0001/0.0001 | Lambda 0.0099 | Train Loss 0.0200 | Valid Loss 3.6077 | Train Acc 99.3264| Valid Acc 52.1614
TestSub: S[6, 7, 8, 9, 10] Epoch 58 Finsh | Now_lr 0.0001/0.0001 | Lambda 0.0099 | Train Loss 0.0185 | Valid Loss 3.9963 | Train Acc 99.3683| Valid Acc 52.0914
TestSub: S[6, 7, 8, 9, 10] Epoch 59 Finsh | Now_lr 0.0001/0.0001 | Lambda 0.0099 | Train Loss 0.0180 | Valid Loss 3.8675 | Train Acc 99.3768| Valid Acc 52.5565
TestSub: S[6, 7, 8, 9, 10] Epoch 60 Finsh | Now_lr 0.0001/0.0001 | Lambda 0.0100 | Train Loss 0.0181 | Valid Loss 3.9267 | Train Acc 99.3975| Valid Acc 52.3589
TestSub: S[6, 7, 8, 9, 10] Epoch 61 Finsh | Now_lr 0.0001/0.0001 | Lambda 0.0100 | Train Loss 0.0176 | Valid Loss 3.9983 | Train Acc 99.3963| Valid Acc 51.9303
TestSub: S[6, 7, 8, 9, 10] Epoch 62 Finsh | Now_lr 0.0001/0.0001 | Lambda 0.0100 | Train Loss 0.0169 | Valid Loss 3.9610 | Train Acc 99.4291| Valid Acc 53.6631
Validation acc increase (53.620501 --> 53.663059) in epoch (62).  Saving model ...
TestSub: S[6, 7, 8, 9, 10] Epoch 63 Finsh | Now_lr 0.0001/0.0001 | Lambda 0.0100 | Train Loss 0.0172 | Valid Loss 3.7717 | Train Acc 99.4024| Valid Acc 52.7146
TestSub: S[6, 7, 8, 9, 10] Epoch 64 Finsh | Now_lr 0.0001/0.0001 | Lambda 0.0100 | Train Loss 0.0170 | Valid Loss 3.8828 | Train Acc 99.4285| Valid Acc 52.4471
TestSub: S[6, 7, 8, 9, 10] Epoch 65 Finsh | Now_lr 0.0001/0.0001 | Lambda 0.0100 | Train Loss 0.0164 | Valid Loss 3.9601 | Train Acc 99.4437| Valid Acc 53.4290
TestSub: S[6, 7, 8, 9, 10] Epoch 66 Finsh | Now_lr 0.0001/0.0001 | Lambda 0.0100 | Train Loss 0.0162 | Valid Loss 4.0695 | Train Acc 99.4771| Valid Acc 52.7724
TestSub: S[6, 7, 8, 9, 10] Epoch 67 Finsh | Now_lr 0.0001/0.0001 | Lambda 0.0100 | Train Loss 0.0165 | Valid Loss 4.0027 | Train Acc 99.4473| Valid Acc 51.6081
TestSub: S[6, 7, 8, 9, 10] Epoch 68 Finsh | Now_lr 0.0001/0.0001 | Lambda 0.0100 | Train Loss 0.0157 | Valid Loss 3.9523 | Train Acc 99.4929| Valid Acc 52.9244
TestSub: S[6, 7, 8, 9, 10] Epoch 69 Finsh | Now_lr 0.0001/0.0001 | Lambda 0.0100 | Train Loss 0.0157 | Valid Loss 4.0899 | Train Acc 99.4619| Valid Acc 52.5444
TestSub: S[6, 7, 8, 9, 10] Epoch 70 Finsh | Now_lr 0.0001/0.0001 | Lambda 0.0100 | Train Loss 0.0149 | Valid Loss 4.1534 | Train Acc 99.5039| Valid Acc 51.8239
TestSub: S[6, 7, 8, 9, 10] Epoch 71 Finsh | Now_lr 0.0001/0.0001 | Lambda 0.0100 | Train Loss 0.0153 | Valid Loss 4.0554 | Train Acc 99.4875| Valid Acc 53.2831
TestSub: S[6, 7, 8, 9, 10] Epoch 72 Finsh | Now_lr 0.0001/0.0001 | Lambda 0.0100 | Train Loss 0.0159 | Valid Loss 3.8104 | Train Acc 99.4936| Valid Acc 53.3104
TestSub: S[6, 7, 8, 9, 10] Epoch 73 Finsh | Now_lr 0.0001/0.0001 | Lambda 0.0100 | Train Loss 0.0140 | Valid Loss 4.1171 | Train Acc 99.5118| Valid Acc 53.4807
TestSub: S[6, 7, 8, 9, 10] Epoch 74 Finsh | Now_lr 0.0001/0.0001 | Lambda 0.0100 | Train Loss 0.0144 | Valid Loss 4.3433 | Train Acc 99.5154| Valid Acc 51.5230
TestSub: S[6, 7, 8, 9, 10] Epoch 75 Finsh | Now_lr 0.0001/0.0001 | Lambda 0.0100 | Train Loss 0.0142 | Valid Loss 3.8908 | Train Acc 99.5294| Valid Acc 51.7571
TestSub: S[6, 7, 8, 9, 10] Epoch 76 Finsh | Now_lr 0.0001/0.0001 | Lambda 0.0100 | Train Loss 0.0136 | Valid Loss 3.9961 | Train Acc 99.5501| Valid Acc 52.2799
TestSub: S[6, 7, 8, 9, 10] Epoch 77 Finsh | Now_lr 0.0001/0.0001 | Lambda 0.0100 | Train Loss 0.0145 | Valid Loss 4.1148 | Train Acc 99.5094| Valid Acc 52.8788
TestSub: S[6, 7, 8, 9, 10] Epoch 78 Finsh | Now_lr 0.0001/0.0001 | Lambda 0.0100 | Train Loss 0.0132 | Valid Loss 4.1264 | Train Acc 99.5550| Valid Acc 53.0520
TestSub: S[6, 7, 8, 9, 10] Epoch 79 Finsh | Now_lr 0.0001/0.0001 | Lambda 0.0100 | Train Loss 0.0127 | Valid Loss 4.1111 | Train Acc 99.5653| Valid Acc 53.2983
TestSub: S[6, 7, 8, 9, 10] Epoch 80 Finsh | Now_lr 0.0001/0.0001 | Lambda 0.0100 | Train Loss 0.0132 | Valid Loss 4.0743 | Train Acc 99.5550| Valid Acc 53.2436
TestSub: S[6, 7, 8, 9, 10] Epoch 81 Finsh | Now_lr 0.0001/0.0001 | Lambda 0.0100 | Train Loss 0.0134 | Valid Loss 4.1547 | Train Acc 99.5385| Valid Acc 51.5868
TestSub: S[6, 7, 8, 9, 10] Epoch 82 Finsh | Now_lr 0.0001/0.0001 | Lambda 0.0100 | Train Loss 0.0130 | Valid Loss 4.2688 | Train Acc 99.5683| Valid Acc 52.1340
TestSub: S[6, 7, 8, 9, 10] Epoch 83 Finsh | Now_lr 0.0001/0.0001 | Lambda 0.0100 | Train Loss 0.0131 | Valid Loss 4.1597 | Train Acc 99.5702| Valid Acc 52.1978
TestSub: S[6, 7, 8, 9, 10] Epoch 84 Finsh | Now_lr 0.0001/0.0001 | Lambda 0.0100 | Train Loss 0.0127 | Valid Loss 4.0534 | Train Acc 99.5604| Valid Acc 52.1340
TestSub: S[6, 7, 8, 9, 10] Epoch 85 Finsh | Now_lr 0.0001/0.0001 | Lambda 0.0100 | Train Loss 0.0126 | Valid Loss 4.3573 | Train Acc 99.5635| Valid Acc 52.6781
TestSub: S[6, 7, 8, 9, 10] Epoch 86 Finsh | Now_lr 0.0001/0.0001 | Lambda 0.0100 | Train Loss 0.0123 | Valid Loss 4.1740 | Train Acc 99.5884| Valid Acc 53.3348
TestSub: S[6, 7, 8, 9, 10] Epoch 87 Finsh | Now_lr 0.0001/0.0001 | Lambda 0.0100 | Train Loss 0.0128 | Valid Loss 4.2273 | Train Acc 99.5744| Valid Acc 52.2647
TestSub: S[6, 7, 8, 9, 10] Epoch 88 Finsh | Now_lr 0.0001/0.0001 | Lambda 0.0100 | Train Loss 0.0119 | Valid Loss 4.2022 | Train Acc 99.6036| Valid Acc 53.1706
TestSub: S[6, 7, 8, 9, 10] Epoch 89 Finsh | Now_lr 0.0001/0.0001 | Lambda 0.0100 | Train Loss 0.0117 | Valid Loss 4.0514 | Train Acc 99.6316| Valid Acc 53.0764
TestSub: S[6, 7, 8, 9, 10] Epoch 90 Finsh | Now_lr 0.0001/0.0001 | Lambda 0.0100 | Train Loss 0.0119 | Valid Loss 4.1757 | Train Acc 99.6036| Valid Acc 51.8027
TestSub: S[6, 7, 8, 9, 10] Epoch 91 Finsh | Now_lr 0.0001/0.0001 | Lambda 0.0100 | Train Loss 0.0119 | Valid Loss 4.0052 | Train Acc 99.5963| Valid Acc 52.1766
TestSub: S[6, 7, 8, 9, 10] Epoch 92 Finsh | Now_lr 0.0001/0.0001 | Lambda 0.0100 | Train Loss 0.0121 | Valid Loss 4.0800 | Train Acc 99.5866| Valid Acc 53.4320
TestSub: S[6, 7, 8, 9, 10] Epoch 93 Finsh | Now_lr 0.0001/0.0001 | Lambda 0.0100 | Train Loss 0.0107 | Valid Loss 4.2975 | Train Acc 99.6468| Valid Acc 52.7450
TestSub: S[6, 7, 8, 9, 10] Epoch 94 Finsh | Now_lr 0.0001/0.0001 | Lambda 0.0100 | Train Loss 0.0116 | Valid Loss 4.3277 | Train Acc 99.6279| Valid Acc 51.2737
TestSub: S[6, 7, 8, 9, 10] Epoch 95 Finsh | Now_lr 0.0001/0.0001 | Lambda 0.0100 | Train Loss 0.0115 | Valid Loss 4.1391 | Train Acc 99.6048| Valid Acc 52.8696
TestSub: S[6, 7, 8, 9, 10] Epoch 96 Finsh | Now_lr 0.0001/0.0001 | Lambda 0.0100 | Train Loss 0.0101 | Valid Loss 4.2306 | Train Acc 99.6419| Valid Acc 52.7876
TestSub: S[6, 7, 8, 9, 10] Epoch 97 Finsh | Now_lr 0.0001/0.0001 | Lambda 0.0100 | Train Loss 0.0102 | Valid Loss 4.2356 | Train Acc 99.6516| Valid Acc 52.4228
TestSub: S[6, 7, 8, 9, 10] Epoch 98 Finsh | Now_lr 0.0001/0.0001 | Lambda 0.0100 | Train Loss 0.0109 | Valid Loss 4.2750 | Train Acc 99.6291| Valid Acc 52.1462
TestSub: S[6, 7, 8, 9, 10] Epoch 99 Finsh | Now_lr 0.0001/0.0001 | Lambda 0.0100 | Train Loss 0.0109 | Valid Loss 4.3278 | Train Acc 99.6255| Valid Acc 51.8513
TestSub: S[6, 7, 8, 9, 10] Epoch 100 Finsh | Now_lr 0.0001/0.0001 | Lambda 0.0100 | Train Loss 0.0103 | Valid Loss 4.4548 | Train Acc 99.6419| Valid Acc 50.5472
--------------------------------------------------
Test_Subject :S[6, 7, 8, 9, 10] |Best epoch:62 | Test Loss:3.9610 | Best Acc 53.6631 | Savemodel Acc 53.6631
--------------------------------------------------

========== Fold 3 ==========
Train IDs: [1, 2, 3, 4, 5, 6, 7, 8, 9, 10, 16, 17, 18, 19, 20, 21, 22, 23, 24, 25, 26, 27, 28, 29, 30]
Val IDs:   [11, 12, 13, 14, 15]
train_data_shape(164500, 32, 128),val_data_shape(32900, 32, 128)
=================================================================
Layer (type:depth-idx)                   Param #
=================================================================
DARNet                                   --
├─TokenEmbedding: 1-1                    --
│    └─Sequential: 2-1                   --
│    │    └─Conv2d: 3-1                  576
│    │    └─BatchNorm2d: 3-2             128
│    │    └─GELU: 3-3                    --
│    └─Sequential: 2-2                   --
│    │    └─Conv2d: 3-4                  32,784
│    │    └─BatchNorm2d: 3-5             32
│    │    └─GELU: 3-6                    --
│    └─PositionalEmbedding: 2-3          --
├─Flatten: 1-2                           --
├─Linear: 1-3                            18
├─AttnRefine: 1-4                        --
│    └─MyAttention: 2-4                  --
│    │    └─Attention: 3-7               800
│    └─Refine: 2-5                       --
│    │    └─Conv1d: 3-8                  784
│    │    └─BatchNorm1d: 3-9             32
│    │    └─ELU: 3-10                    --
│    │    └─MaxPool1d: 3-11              --
│    └─AdaptiveAvgPool1d: 2-6            --
│    └─Linear: 2-7                       68
│    └─Flatten: 2-8                      --
├─AttnRefine: 1-5                        --
│    └─MyAttention: 2-9                  --
│    │    └─Attention: 3-12              800
│    └─Refine: 2-10                      --
│    │    └─Conv1d: 3-13                 784
│    │    └─BatchNorm1d: 3-14            32
│    │    └─ELU: 3-15                    --
│    │    └─MaxPool1d: 3-16              --
│    └─AdaptiveAvgPool1d: 2-11           --
│    └─Linear: 2-12                      68
│    └─Flatten: 2-13                     --
├─GradientReversalLayer: 1-6             --
├─SubjectDiscriminator: 1-7              --
│    └─Sequential: 2-14                  --
│    │    └─Linear: 3-17                 2,304
│    │    └─ReLU: 3-18                   --
│    │    └─Dropout: 3-19                --
│    │    └─Linear: 3-20                 32,896
│    │    └─ReLU: 3-21                   --
│    │    └─Dropout: 3-22                --
│    │    └─Linear: 3-23                 3,870
=================================================================
Total params: 75,976
Trainable params: 75,976
Non-trainable params: 0
=================================================================
TestSub: S[11, 12, 13, 14, 15] Epoch  1 Finsh | Now_lr 0.0001/0.0001 | Lambda 0.0005 | Train Loss 0.4942 | Valid Loss 1.2665 | Train Acc 74.7927| Valid Acc 51.8726
Validation acc increase (0.000000 --> 51.872568) in epoch (1).  Saving model ...
TestSub: S[11, 12, 13, 14, 15] Epoch  2 Finsh | Now_lr 0.0001/0.0001 | Lambda 0.0010 | Train Loss 0.3541 | Valid Loss 1.4842 | Train Acc 83.9689| Valid Acc 50.5411
TestSub: S[11, 12, 13, 14, 15] Epoch  3 Finsh | Now_lr 0.0001/0.0001 | Lambda 0.0015 | Train Loss 0.3057 | Valid Loss 1.6180 | Train Acc 86.6829| Valid Acc 51.8665
TestSub: S[11, 12, 13, 14, 15] Epoch  4 Finsh | Now_lr 0.0001/0.0001 | Lambda 0.0020 | Train Loss 0.2674 | Valid Loss 1.7291 | Train Acc 88.5810| Valid Acc 50.4377
TestSub: S[11, 12, 13, 14, 15] Epoch  5 Finsh | Now_lr 0.0001/0.0001 | Lambda 0.0024 | Train Loss 0.2321 | Valid Loss 1.9423 | Train Acc 90.4171| Valid Acc 48.7232
TestSub: S[11, 12, 13, 14, 15] Epoch  6 Finsh | Now_lr 0.0001/0.0001 | Lambda 0.0029 | Train Loss 0.2075 | Valid Loss 2.0343 | Train Acc 91.4908| Valid Acc 48.0241
TestSub: S[11, 12, 13, 14, 15] Epoch  7 Finsh | Now_lr 0.0001/0.0001 | Lambda 0.0034 | Train Loss 0.1838 | Valid Loss 2.2106 | Train Acc 92.5608| Valid Acc 48.7962
TestSub: S[11, 12, 13, 14, 15] Epoch  8 Finsh | Now_lr 0.0001/0.0001 | Lambda 0.0038 | Train Loss 0.1674 | Valid Loss 2.1993 | Train Acc 93.2831| Valid Acc 49.6869
TestSub: S[11, 12, 13, 14, 15] Epoch  9 Finsh | Now_lr 0.0001/0.0001 | Lambda 0.0042 | Train Loss 0.1530 | Valid Loss 2.4487 | Train Acc 93.9810| Valid Acc 47.8934
TestSub: S[11, 12, 13, 14, 15] Epoch 10 Finsh | Now_lr 0.0001/0.0001 | Lambda 0.0046 | Train Loss 0.1376 | Valid Loss 2.4893 | Train Acc 94.5580| Valid Acc 49.2309
TestSub: S[11, 12, 13, 14, 15] Epoch 11 Finsh | Now_lr 0.0001/0.0001 | Lambda 0.0050 | Train Loss 0.1283 | Valid Loss 2.6174 | Train Acc 95.1088| Valid Acc 49.6565
TestSub: S[11, 12, 13, 14, 15] Epoch 12 Finsh | Now_lr 0.0001/0.0001 | Lambda 0.0054 | Train Loss 0.1170 | Valid Loss 2.5614 | Train Acc 95.4767| Valid Acc 50.9697
TestSub: S[11, 12, 13, 14, 15] Epoch 13 Finsh | Now_lr 0.0001/0.0001 | Lambda 0.0057 | Train Loss 0.1067 | Valid Loss 2.7808 | Train Acc 95.8955| Valid Acc 50.7265
TestSub: S[11, 12, 13, 14, 15] Epoch 14 Finsh | Now_lr 0.0001/0.0001 | Lambda 0.0060 | Train Loss 0.0989 | Valid Loss 2.7865 | Train Acc 96.2020| Valid Acc 49.9270
TestSub: S[11, 12, 13, 14, 15] Epoch 15 Finsh | Now_lr 0.0001/0.0001 | Lambda 0.0064 | Train Loss 0.0930 | Valid Loss 3.0911 | Train Acc 96.4604| Valid Acc 49.1458
TestSub: S[11, 12, 13, 14, 15] Epoch 16 Finsh | Now_lr 0.0001/0.0001 | Lambda 0.0066 | Train Loss 0.0841 | Valid Loss 3.2227 | Train Acc 96.8063| Valid Acc 49.6808
TestSub: S[11, 12, 13, 14, 15] Epoch 17 Finsh | Now_lr 0.0001/0.0001 | Lambda 0.0069 | Train Loss 0.0791 | Valid Loss 3.0167 | Train Acc 97.0306| Valid Acc 48.6351
TestSub: S[11, 12, 13, 14, 15] Epoch 18 Finsh | Now_lr 0.0001/0.0001 | Lambda 0.0072 | Train Loss 0.0741 | Valid Loss 3.2518 | Train Acc 97.2252| Valid Acc 48.5469
TestSub: S[11, 12, 13, 14, 15] Epoch 19 Finsh | Now_lr 0.0001/0.0001 | Lambda 0.0074 | Train Loss 0.0677 | Valid Loss 3.3202 | Train Acc 97.5231| Valid Acc 49.2005
TestSub: S[11, 12, 13, 14, 15] Epoch 20 Finsh | Now_lr 0.0001/0.0001 | Lambda 0.0076 | Train Loss 0.0666 | Valid Loss 3.4093 | Train Acc 97.5261| Valid Acc 48.2247
TestSub: S[11, 12, 13, 14, 15] Epoch 21 Finsh | Now_lr 0.0001/0.0001 | Lambda 0.0078 | Train Loss 0.0629 | Valid Loss 3.4318 | Train Acc 97.6964| Valid Acc 48.4375
TestSub: S[11, 12, 13, 14, 15] Epoch 22 Finsh | Now_lr 0.0001/0.0001 | Lambda 0.0080 | Train Loss 0.0580 | Valid Loss 3.4911 | Train Acc 97.8472| Valid Acc 45.5922
TestSub: S[11, 12, 13, 14, 15] Epoch 23 Finsh | Now_lr 0.0001/0.0001 | Lambda 0.0082 | Train Loss 0.0546 | Valid Loss 3.5889 | Train Acc 97.9949| Valid Acc 48.2581
TestSub: S[11, 12, 13, 14, 15] Epoch 24 Finsh | Now_lr 0.0001/0.0001 | Lambda 0.0083 | Train Loss 0.0522 | Valid Loss 3.5389 | Train Acc 98.0648| Valid Acc 48.1730
TestSub: S[11, 12, 13, 14, 15] Epoch 25 Finsh | Now_lr 0.0001/0.0001 | Lambda 0.0085 | Train Loss 0.0503 | Valid Loss 3.6209 | Train Acc 98.1980| Valid Acc 47.4070
TestSub: S[11, 12, 13, 14, 15] Epoch 26 Finsh | Now_lr 0.0001/0.0001 | Lambda 0.0086 | Train Loss 0.0456 | Valid Loss 3.9528 | Train Acc 98.3512| Valid Acc 47.2276
TestSub: S[11, 12, 13, 14, 15] Epoch 27 Finsh | Now_lr 0.0001/0.0001 | Lambda 0.0087 | Train Loss 0.0450 | Valid Loss 3.7632 | Train Acc 98.3870| Valid Acc 47.9268
TestSub: S[11, 12, 13, 14, 15] Epoch 28 Finsh | Now_lr 0.0001/0.0001 | Lambda 0.0089 | Train Loss 0.0437 | Valid Loss 3.8545 | Train Acc 98.4126| Valid Acc 47.5377
TestSub: S[11, 12, 13, 14, 15] Epoch 29 Finsh | Now_lr 0.0001/0.0001 | Lambda 0.0090 | Train Loss 0.0407 | Valid Loss 3.8011 | Train Acc 98.5433| Valid Acc 47.7718
TestSub: S[11, 12, 13, 14, 15] Epoch 30 Finsh | Now_lr 0.0001/0.0001 | Lambda 0.0091 | Train Loss 0.0404 | Valid Loss 4.0285 | Train Acc 98.5439| Valid Acc 46.8203
TestSub: S[11, 12, 13, 14, 15] Epoch 31 Finsh | Now_lr 0.0001/0.0001 | Lambda 0.0091 | Train Loss 0.0386 | Valid Loss 3.9697 | Train Acc 98.6059| Valid Acc 47.3097
TestSub: S[11, 12, 13, 14, 15] Epoch 32 Finsh | Now_lr 0.0001/0.0001 | Lambda 0.0092 | Train Loss 0.0353 | Valid Loss 4.1685 | Train Acc 98.7597| Valid Acc 47.4435
TestSub: S[11, 12, 13, 14, 15] Epoch 33 Finsh | Now_lr 0.0001/0.0001 | Lambda 0.0093 | Train Loss 0.0349 | Valid Loss 4.0551 | Train Acc 98.7962| Valid Acc 47.9937
TestSub: S[11, 12, 13, 14, 15] Epoch 34 Finsh | Now_lr 0.0001/0.0001 | Lambda 0.0094 | Train Loss 0.0345 | Valid Loss 3.9030 | Train Acc 98.7354| Valid Acc 47.8508
TestSub: S[11, 12, 13, 14, 15] Epoch 35 Finsh | Now_lr 0.0001/0.0001 | Lambda 0.0094 | Train Loss 0.0316 | Valid Loss 4.2576 | Train Acc 98.8953| Valid Acc 46.3248
TestSub: S[11, 12, 13, 14, 15] Epoch 36 Finsh | Now_lr 0.0001/0.0001 | Lambda 0.0095 | Train Loss 0.0323 | Valid Loss 4.2998 | Train Acc 98.8570| Valid Acc 47.9146
TestSub: S[11, 12, 13, 14, 15] Epoch 37 Finsh | Now_lr 0.0001/0.0001 | Lambda 0.0095 | Train Loss 0.0301 | Valid Loss 4.1181 | Train Acc 98.9087| Valid Acc 47.5043
TestSub: S[11, 12, 13, 14, 15] Epoch 38 Finsh | Now_lr 0.0001/0.0001 | Lambda 0.0096 | Train Loss 0.0284 | Valid Loss 4.4064 | Train Acc 99.0114| Valid Acc 47.0361
TestSub: S[11, 12, 13, 14, 15] Epoch 39 Finsh | Now_lr 0.0001/0.0001 | Lambda 0.0096 | Train Loss 0.0298 | Valid Loss 4.2418 | Train Acc 98.9184| Valid Acc 47.6806
TestSub: S[11, 12, 13, 14, 15] Epoch 40 Finsh | Now_lr 0.0001/0.0001 | Lambda 0.0096 | Train Loss 0.0261 | Valid Loss 4.4472 | Train Acc 99.0905| Valid Acc 48.0028
TestSub: S[11, 12, 13, 14, 15] Epoch 41 Finsh | Now_lr 0.0001/0.0001 | Lambda 0.0097 | Train Loss 0.0273 | Valid Loss 4.5476 | Train Acc 99.0461| Valid Acc 47.9785
TestSub: S[11, 12, 13, 14, 15] Epoch 42 Finsh | Now_lr 0.0001/0.0001 | Lambda 0.0097 | Train Loss 0.0265 | Valid Loss 4.6090 | Train Acc 99.0886| Valid Acc 47.5681
TestSub: S[11, 12, 13, 14, 15] Epoch 43 Finsh | Now_lr 0.0001/0.0001 | Lambda 0.0097 | Train Loss 0.0262 | Valid Loss 4.3991 | Train Acc 99.0905| Valid Acc 47.8660
TestSub: S[11, 12, 13, 14, 15] Epoch 44 Finsh | Now_lr 0.0001/0.0001 | Lambda 0.0098 | Train Loss 0.0233 | Valid Loss 4.5455 | Train Acc 99.1841| Valid Acc 48.2156
TestSub: S[11, 12, 13, 14, 15] Epoch 45 Finsh | Now_lr 0.0001/0.0001 | Lambda 0.0098 | Train Loss 0.0239 | Valid Loss 4.6012 | Train Acc 99.1719| Valid Acc 47.5407
TestSub: S[11, 12, 13, 14, 15] Epoch 46 Finsh | Now_lr 0.0001/0.0001 | Lambda 0.0098 | Train Loss 0.0232 | Valid Loss 4.4718 | Train Acc 99.1774| Valid Acc 47.4891
TestSub: S[11, 12, 13, 14, 15] Epoch 47 Finsh | Now_lr 0.0001/0.0001 | Lambda 0.0098 | Train Loss 0.0238 | Valid Loss 4.4960 | Train Acc 99.1811| Valid Acc 46.8993
TestSub: S[11, 12, 13, 14, 15] Epoch 48 Finsh | Now_lr 0.0001/0.0001 | Lambda 0.0098 | Train Loss 0.0221 | Valid Loss 4.6119 | Train Acc 99.2175| Valid Acc 47.2003
TestSub: S[11, 12, 13, 14, 15] Epoch 49 Finsh | Now_lr 0.0001/0.0001 | Lambda 0.0099 | Train Loss 0.0209 | Valid Loss 4.8000 | Train Acc 99.2911| Valid Acc 47.3371
TestSub: S[11, 12, 13, 14, 15] Epoch 50 Finsh | Now_lr 0.0001/0.0001 | Lambda 0.0099 | Train Loss 0.0207 | Valid Loss 4.7911 | Train Acc 99.2917| Valid Acc 47.6775
TestSub: S[11, 12, 13, 14, 15] Epoch 51 Finsh | Now_lr 0.0001/0.0001 | Lambda 0.0099 | Train Loss 0.0198 | Valid Loss 4.9852 | Train Acc 99.3251| Valid Acc 47.9633
TestSub: S[11, 12, 13, 14, 15] Epoch 52 Finsh | Now_lr 0.0001/0.0001 | Lambda 0.0099 | Train Loss 0.0210 | Valid Loss 4.7785 | Train Acc 99.2643| Valid Acc 45.6742
TestSub: S[11, 12, 13, 14, 15] Epoch 53 Finsh | Now_lr 0.0001/0.0001 | Lambda 0.0099 | Train Loss 0.0196 | Valid Loss 4.8066 | Train Acc 99.3276| Valid Acc 48.1882
TestSub: S[11, 12, 13, 14, 15] Epoch 54 Finsh | Now_lr 0.0001/0.0001 | Lambda 0.0099 | Train Loss 0.0195 | Valid Loss 4.8638 | Train Acc 99.3154| Valid Acc 46.5163
TestSub: S[11, 12, 13, 14, 15] Epoch 55 Finsh | Now_lr 0.0001/0.0001 | Lambda 0.0099 | Train Loss 0.0187 | Valid Loss 4.9736 | Train Acc 99.3622| Valid Acc 45.6165
TestSub: S[11, 12, 13, 14, 15] Epoch 56 Finsh | Now_lr 0.0001/0.0001 | Lambda 0.0099 | Train Loss 0.0189 | Valid Loss 5.0104 | Train Acc 99.3410| Valid Acc 46.5558
TestSub: S[11, 12, 13, 14, 15] Epoch 57 Finsh | Now_lr 0.0001/0.0001 | Lambda 0.0099 | Train Loss 0.0182 | Valid Loss 4.9112 | Train Acc 99.3793| Valid Acc 48.7111
TestSub: S[11, 12, 13, 14, 15] Epoch 58 Finsh | Now_lr 0.0001/0.0001 | Lambda 0.0099 | Train Loss 0.0172 | Valid Loss 5.0668 | Train Acc 99.4218| Valid Acc 46.4677
TestSub: S[11, 12, 13, 14, 15] Epoch 59 Finsh | Now_lr 0.0001/0.0001 | Lambda 0.0099 | Train Loss 0.0165 | Valid Loss 5.1301 | Train Acc 99.4559| Valid Acc 47.4252
TestSub: S[11, 12, 13, 14, 15] Epoch 60 Finsh | Now_lr 0.0001/0.0001 | Lambda 0.0100 | Train Loss 0.0169 | Valid Loss 5.2262 | Train Acc 99.4048| Valid Acc 46.3977
TestSub: S[11, 12, 13, 14, 15] Epoch 61 Finsh | Now_lr 0.0001/0.0001 | Lambda 0.0100 | Train Loss 0.0165 | Valid Loss 5.0369 | Train Acc 99.4321| Valid Acc 47.5620
TestSub: S[11, 12, 13, 14, 15] Epoch 62 Finsh | Now_lr 0.0001/0.0001 | Lambda 0.0100 | Train Loss 0.0168 | Valid Loss 5.1144 | Train Acc 99.4206| Valid Acc 46.8811
TestSub: S[11, 12, 13, 14, 15] Epoch 63 Finsh | Now_lr 0.0001/0.0001 | Lambda 0.0100 | Train Loss 0.0158 | Valid Loss 5.2212 | Train Acc 99.4419| Valid Acc 46.2397
TestSub: S[11, 12, 13, 14, 15] Epoch 64 Finsh | Now_lr 0.0001/0.0001 | Lambda 0.0100 | Train Loss 0.0160 | Valid Loss 5.0896 | Train Acc 99.4595| Valid Acc 48.0818
TestSub: S[11, 12, 13, 14, 15] Epoch 65 Finsh | Now_lr 0.0001/0.0001 | Lambda 0.0100 | Train Loss 0.0154 | Valid Loss 5.1615 | Train Acc 99.4674| Valid Acc 47.4191
TestSub: S[11, 12, 13, 14, 15] Epoch 66 Finsh | Now_lr 0.0001/0.0001 | Lambda 0.0100 | Train Loss 0.0152 | Valid Loss 5.1049 | Train Acc 99.4632| Valid Acc 47.3492
TestSub: S[11, 12, 13, 14, 15] Epoch 67 Finsh | Now_lr 0.0001/0.0001 | Lambda 0.0100 | Train Loss 0.0142 | Valid Loss 5.2817 | Train Acc 99.5258| Valid Acc 46.5953
TestSub: S[11, 12, 13, 14, 15] Epoch 68 Finsh | Now_lr 0.0001/0.0001 | Lambda 0.0100 | Train Loss 0.0158 | Valid Loss 5.3075 | Train Acc 99.4625| Valid Acc 47.0604
TestSub: S[11, 12, 13, 14, 15] Epoch 69 Finsh | Now_lr 0.0001/0.0001 | Lambda 0.0100 | Train Loss 0.0147 | Valid Loss 5.3062 | Train Acc 99.5154| Valid Acc 46.4889
TestSub: S[11, 12, 13, 14, 15] Epoch 70 Finsh | Now_lr 0.0001/0.0001 | Lambda 0.0100 | Train Loss 0.0140 | Valid Loss 5.4993 | Train Acc 99.5270| Valid Acc 46.2032
TestSub: S[11, 12, 13, 14, 15] Epoch 71 Finsh | Now_lr 0.0001/0.0001 | Lambda 0.0100 | Train Loss 0.0137 | Valid Loss 5.3370 | Train Acc 99.5416| Valid Acc 47.5255
TestSub: S[11, 12, 13, 14, 15] Epoch 72 Finsh | Now_lr 0.0001/0.0001 | Lambda 0.0100 | Train Loss 0.0136 | Valid Loss 5.2395 | Train Acc 99.5410| Valid Acc 46.6014
TestSub: S[11, 12, 13, 14, 15] Epoch 73 Finsh | Now_lr 0.0001/0.0001 | Lambda 0.0100 | Train Loss 0.0133 | Valid Loss 5.5351 | Train Acc 99.5464| Valid Acc 45.6317
TestSub: S[11, 12, 13, 14, 15] Epoch 74 Finsh | Now_lr 0.0001/0.0001 | Lambda 0.0100 | Train Loss 0.0128 | Valid Loss 5.5121 | Train Acc 99.5641| Valid Acc 46.3886
TestSub: S[11, 12, 13, 14, 15] Epoch 75 Finsh | Now_lr 0.0001/0.0001 | Lambda 0.0100 | Train Loss 0.0140 | Valid Loss 5.4362 | Train Acc 99.5246| Valid Acc 46.5133
TestSub: S[11, 12, 13, 14, 15] Epoch 76 Finsh | Now_lr 0.0001/0.0001 | Lambda 0.0100 | Train Loss 0.0132 | Valid Loss 5.4900 | Train Acc 99.5471| Valid Acc 47.7201
TestSub: S[11, 12, 13, 14, 15] Epoch 77 Finsh | Now_lr 0.0001/0.0001 | Lambda 0.0100 | Train Loss 0.0126 | Valid Loss 5.5418 | Train Acc 99.5738| Valid Acc 47.0544
TestSub: S[11, 12, 13, 14, 15] Epoch 78 Finsh | Now_lr 0.0001/0.0001 | Lambda 0.0100 | Train Loss 0.0126 | Valid Loss 5.4960 | Train Acc 99.5817| Valid Acc 46.3582
TestSub: S[11, 12, 13, 14, 15] Epoch 79 Finsh | Now_lr 0.0001/0.0001 | Lambda 0.0100 | Train Loss 0.0121 | Valid Loss 5.5747 | Train Acc 99.5981| Valid Acc 46.1515
TestSub: S[11, 12, 13, 14, 15] Epoch 80 Finsh | Now_lr 0.0001/0.0001 | Lambda 0.0100 | Train Loss 0.0124 | Valid Loss 5.6681 | Train Acc 99.5945| Valid Acc 46.0117
TestSub: S[11, 12, 13, 14, 15] Epoch 81 Finsh | Now_lr 0.0001/0.0001 | Lambda 0.0100 | Train Loss 0.0119 | Valid Loss 5.6374 | Train Acc 99.5963| Valid Acc 46.6014
TestSub: S[11, 12, 13, 14, 15] Epoch 82 Finsh | Now_lr 0.0001/0.0001 | Lambda 0.0100 | Train Loss 0.0121 | Valid Loss 5.7839 | Train Acc 99.5993| Valid Acc 47.4039
TestSub: S[11, 12, 13, 14, 15] Epoch 83 Finsh | Now_lr 0.0001/0.0001 | Lambda 0.0100 | Train Loss 0.0112 | Valid Loss 5.9173 | Train Acc 99.6364| Valid Acc 46.4555
TestSub: S[11, 12, 13, 14, 15] Epoch 84 Finsh | Now_lr 0.0001/0.0001 | Lambda 0.0100 | Train Loss 0.0116 | Valid Loss 5.7391 | Train Acc 99.6115| Valid Acc 47.8538
TestSub: S[11, 12, 13, 14, 15] Epoch 85 Finsh | Now_lr 0.0001/0.0001 | Lambda 0.0100 | Train Loss 0.0112 | Valid Loss 5.8575 | Train Acc 99.6237| Valid Acc 46.2822
TestSub: S[11, 12, 13, 14, 15] Epoch 86 Finsh | Now_lr 0.0001/0.0001 | Lambda 0.0100 | Train Loss 0.0111 | Valid Loss 5.8414 | Train Acc 99.6133| Valid Acc 47.2489
TestSub: S[11, 12, 13, 14, 15] Epoch 87 Finsh | Now_lr 0.0001/0.0001 | Lambda 0.0100 | Train Loss 0.0119 | Valid Loss 5.5368 | Train Acc 99.6048| Valid Acc 45.7654
TestSub: S[11, 12, 13, 14, 15] Epoch 88 Finsh | Now_lr 0.0001/0.0001 | Lambda 0.0100 | Train Loss 0.0111 | Valid Loss 6.0242 | Train Acc 99.6255| Valid Acc 45.6864
TestSub: S[11, 12, 13, 14, 15] Epoch 89 Finsh | Now_lr 0.0001/0.0001 | Lambda 0.0100 | Train Loss 0.0107 | Valid Loss 6.0008 | Train Acc 99.6455| Valid Acc 45.9874
TestSub: S[11, 12, 13, 14, 15] Epoch 90 Finsh | Now_lr 0.0001/0.0001 | Lambda 0.0100 | Train Loss 0.0108 | Valid Loss 5.9411 | Train Acc 99.6340| Valid Acc 46.6956
TestSub: S[11, 12, 13, 14, 15] Epoch 91 Finsh | Now_lr 0.0001/0.0001 | Lambda 0.0100 | Train Loss 0.0104 | Valid Loss 5.8271 | Train Acc 99.6559| Valid Acc 46.7625
TestSub: S[11, 12, 13, 14, 15] Epoch 92 Finsh | Now_lr 0.0001/0.0001 | Lambda 0.0100 | Train Loss 0.0111 | Valid Loss 5.7403 | Train Acc 99.6170| Valid Acc 47.0300
TestSub: S[11, 12, 13, 14, 15] Epoch 93 Finsh | Now_lr 0.0001/0.0001 | Lambda 0.0100 | Train Loss 0.0110 | Valid Loss 5.6807 | Train Acc 99.6328| Valid Acc 45.8962
TestSub: S[11, 12, 13, 14, 15] Epoch 94 Finsh | Now_lr 0.0001/0.0001 | Lambda 0.0100 | Train Loss 0.0105 | Valid Loss 5.8411 | Train Acc 99.6516| Valid Acc 46.1758
TestSub: S[11, 12, 13, 14, 15] Epoch 95 Finsh | Now_lr 0.0001/0.0001 | Lambda 0.0100 | Train Loss 0.0095 | Valid Loss 6.1342 | Train Acc 99.7027| Valid Acc 45.9539
TestSub: S[11, 12, 13, 14, 15] Epoch 96 Finsh | Now_lr 0.0001/0.0001 | Lambda 0.0100 | Train Loss 0.0102 | Valid Loss 6.0714 | Train Acc 99.6638| Valid Acc 46.6014
TestSub: S[11, 12, 13, 14, 15] Epoch 97 Finsh | Now_lr 0.0001/0.0001 | Lambda 0.0100 | Train Loss 0.0096 | Valid Loss 5.8274 | Train Acc 99.6960| Valid Acc 46.7595
TestSub: S[11, 12, 13, 14, 15] Epoch 98 Finsh | Now_lr 0.0001/0.0001 | Lambda 0.0100 | Train Loss 0.0100 | Valid Loss 6.1202 | Train Acc 99.6753| Valid Acc 46.3217
TestSub: S[11, 12, 13, 14, 15] Epoch 99 Finsh | Now_lr 0.0001/0.0001 | Lambda 0.0100 | Train Loss 0.0100 | Valid Loss 6.3125 | Train Acc 99.6735| Valid Acc 45.9022
TestSub: S[11, 12, 13, 14, 15] Epoch 100 Finsh | Now_lr 0.0001/0.0001 | Lambda 0.0100 | Train Loss 0.0096 | Valid Loss 6.2009 | Train Acc 99.6668| Valid Acc 46.6166
--------------------------------------------------
Test_Subject :S[11, 12, 13, 14, 15] |Best epoch:1 | Test Loss:1.2665 | Best Acc 51.8726 | Savemodel Acc 51.8726
--------------------------------------------------

========== Fold 4 ==========
Train IDs: [1, 2, 3, 4, 5, 6, 7, 8, 9, 10, 11, 12, 13, 14, 15, 21, 22, 23, 24, 25, 26, 27, 28, 29, 30]
Val IDs:   [16, 17, 18, 19, 20]
train_data_shape(164500, 32, 128),val_data_shape(32900, 32, 128)
=================================================================
Layer (type:depth-idx)                   Param #
=================================================================
DARNet                                   --
├─TokenEmbedding: 1-1                    --
│    └─Sequential: 2-1                   --
│    │    └─Conv2d: 3-1                  576
│    │    └─BatchNorm2d: 3-2             128
│    │    └─GELU: 3-3                    --
│    └─Sequential: 2-2                   --
│    │    └─Conv2d: 3-4                  32,784
│    │    └─BatchNorm2d: 3-5             32
│    │    └─GELU: 3-6                    --
│    └─PositionalEmbedding: 2-3          --
├─Flatten: 1-2                           --
├─Linear: 1-3                            18
├─AttnRefine: 1-4                        --
│    └─MyAttention: 2-4                  --
│    │    └─Attention: 3-7               800
│    └─Refine: 2-5                       --
│    │    └─Conv1d: 3-8                  784
│    │    └─BatchNorm1d: 3-9             32
│    │    └─ELU: 3-10                    --
│    │    └─MaxPool1d: 3-11              --
│    └─AdaptiveAvgPool1d: 2-6            --
│    └─Linear: 2-7                       68
│    └─Flatten: 2-8                      --
├─AttnRefine: 1-5                        --
│    └─MyAttention: 2-9                  --
│    │    └─Attention: 3-12              800
│    └─Refine: 2-10                      --
│    │    └─Conv1d: 3-13                 784
│    │    └─BatchNorm1d: 3-14            32
│    │    └─ELU: 3-15                    --
│    │    └─MaxPool1d: 3-16              --
│    └─AdaptiveAvgPool1d: 2-11           --
│    └─Linear: 2-12                      68
│    └─Flatten: 2-13                     --
├─GradientReversalLayer: 1-6             --
├─SubjectDiscriminator: 1-7              --
│    └─Sequential: 2-14                  --
│    │    └─Linear: 3-17                 2,304
│    │    └─ReLU: 3-18                   --
│    │    └─Dropout: 3-19                --
│    │    └─Linear: 3-20                 32,896
│    │    └─ReLU: 3-21                   --
│    │    └─Dropout: 3-22                --
│    │    └─Linear: 3-23                 3,870
=================================================================
Total params: 75,976
Trainable params: 75,976
Non-trainable params: 0
=================================================================
TestSub: S[16, 17, 18, 19, 20] Epoch  1 Finsh | Now_lr 0.0001/0.0001 | Lambda 0.0005 | Train Loss 0.5122 | Valid Loss 1.2189 | Train Acc 73.5494| Valid Acc 47.6259
Validation acc increase (0.000000 --> 47.625851) in epoch (1).  Saving model ...
TestSub: S[16, 17, 18, 19, 20] Epoch  2 Finsh | Now_lr 0.0001/0.0001 | Lambda 0.0010 | Train Loss 0.3756 | Valid Loss 1.4283 | Train Acc 82.8161| Valid Acc 48.5105
Validation acc increase (47.625851 --> 48.510457) in epoch (2).  Saving model ...
TestSub: S[16, 17, 18, 19, 20] Epoch  3 Finsh | Now_lr 0.0001/0.0001 | Lambda 0.0015 | Train Loss 0.3255 | Valid Loss 1.5874 | Train Acc 85.5727| Valid Acc 49.1732
Validation acc increase (48.510457 --> 49.173152) in epoch (3).  Saving model ...
TestSub: S[16, 17, 18, 19, 20] Epoch  4 Finsh | Now_lr 0.0001/0.0001 | Lambda 0.0020 | Train Loss 0.2888 | Valid Loss 1.6624 | Train Acc 87.4884| Valid Acc 49.7295
Validation acc increase (49.173152 --> 49.729450) in epoch (4).  Saving model ...
TestSub: S[16, 17, 18, 19, 20] Epoch  5 Finsh | Now_lr 0.0001/0.0001 | Lambda 0.0024 | Train Loss 0.2557 | Valid Loss 1.8680 | Train Acc 89.0734| Valid Acc 48.4892
TestSub: S[16, 17, 18, 19, 20] Epoch  6 Finsh | Now_lr 0.0001/0.0001 | Lambda 0.0029 | Train Loss 0.2294 | Valid Loss 2.1543 | Train Acc 90.4067| Valid Acc 49.2370
TestSub: S[16, 17, 18, 19, 20] Epoch  7 Finsh | Now_lr 0.0001/0.0001 | Lambda 0.0034 | Train Loss 0.2047 | Valid Loss 2.3164 | Train Acc 91.5893| Valid Acc 47.6167
TestSub: S[16, 17, 18, 19, 20] Epoch  8 Finsh | Now_lr 0.0001/0.0001 | Lambda 0.0038 | Train Loss 0.1860 | Valid Loss 2.3827 | Train Acc 92.3754| Valid Acc 47.0148
TestSub: S[16, 17, 18, 19, 20] Epoch  9 Finsh | Now_lr 0.0001/0.0001 | Lambda 0.0042 | Train Loss 0.1723 | Valid Loss 2.4564 | Train Acc 93.0830| Valid Acc 45.5131
TestSub: S[16, 17, 18, 19, 20] Epoch 10 Finsh | Now_lr 0.0001/0.0001 | Lambda 0.0046 | Train Loss 0.1535 | Valid Loss 2.6426 | Train Acc 93.8983| Valid Acc 47.6927
TestSub: S[16, 17, 18, 19, 20] Epoch 11 Finsh | Now_lr 0.0001/0.0001 | Lambda 0.0050 | Train Loss 0.1421 | Valid Loss 2.5376 | Train Acc 94.4036| Valid Acc 47.5772
TestSub: S[16, 17, 18, 19, 20] Epoch 12 Finsh | Now_lr 0.0001/0.0001 | Lambda 0.0054 | Train Loss 0.1280 | Valid Loss 2.6578 | Train Acc 95.0116| Valid Acc 49.4984
TestSub: S[16, 17, 18, 19, 20] Epoch 13 Finsh | Now_lr 0.0001/0.0001 | Lambda 0.0057 | Train Loss 0.1190 | Valid Loss 2.9037 | Train Acc 95.4274| Valid Acc 47.0513
TestSub: S[16, 17, 18, 19, 20] Epoch 14 Finsh | Now_lr 0.0001/0.0001 | Lambda 0.0060 | Train Loss 0.1094 | Valid Loss 2.6860 | Train Acc 95.8007| Valid Acc 48.7932
TestSub: S[16, 17, 18, 19, 20] Epoch 15 Finsh | Now_lr 0.0001/0.0001 | Lambda 0.0064 | Train Loss 0.1001 | Valid Loss 2.9672 | Train Acc 96.2293| Valid Acc 48.5287
TestSub: S[16, 17, 18, 19, 20] Epoch 16 Finsh | Now_lr 0.0001/0.0001 | Lambda 0.0066 | Train Loss 0.0930 | Valid Loss 3.2503 | Train Acc 96.5120| Valid Acc 48.8752
TestSub: S[16, 17, 18, 19, 20] Epoch 17 Finsh | Now_lr 0.0001/0.0001 | Lambda 0.0069 | Train Loss 0.0849 | Valid Loss 3.2288 | Train Acc 96.7972| Valid Acc 49.1124
TestSub: S[16, 17, 18, 19, 20] Epoch 18 Finsh | Now_lr 0.0001/0.0001 | Lambda 0.0072 | Train Loss 0.0801 | Valid Loss 3.4179 | Train Acc 97.0282| Valid Acc 49.4528
TestSub: S[16, 17, 18, 19, 20] Epoch 19 Finsh | Now_lr 0.0001/0.0001 | Lambda 0.0074 | Train Loss 0.0749 | Valid Loss 3.5181 | Train Acc 97.2270| Valid Acc 48.8692
TestSub: S[16, 17, 18, 19, 20] Epoch 20 Finsh | Now_lr 0.0001/0.0001 | Lambda 0.0076 | Train Loss 0.0683 | Valid Loss 3.3338 | Train Acc 97.4684| Valid Acc 50.6992
Validation acc increase (49.729450 --> 50.699173) in epoch (20).  Saving model ...
TestSub: S[16, 17, 18, 19, 20] Epoch 21 Finsh | Now_lr 0.0001/0.0001 | Lambda 0.0078 | Train Loss 0.0653 | Valid Loss 3.5228 | Train Acc 97.6186| Valid Acc 51.0001
Validation acc increase (50.699173 --> 51.000122) in epoch (21).  Saving model ...
TestSub: S[16, 17, 18, 19, 20] Epoch 22 Finsh | Now_lr 0.0001/0.0001 | Lambda 0.0080 | Train Loss 0.0607 | Valid Loss 3.5908 | Train Acc 97.7450| Valid Acc 49.9483
TestSub: S[16, 17, 18, 19, 20] Epoch 23 Finsh | Now_lr 0.0001/0.0001 | Lambda 0.0082 | Train Loss 0.0582 | Valid Loss 3.6029 | Train Acc 97.8830| Valid Acc 51.0488
Validation acc increase (51.000122 --> 51.048760) in epoch (23).  Saving model ...
TestSub: S[16, 17, 18, 19, 20] Epoch 24 Finsh | Now_lr 0.0001/0.0001 | Lambda 0.0083 | Train Loss 0.0537 | Valid Loss 3.6160 | Train Acc 98.0745| Valid Acc 51.1947
Validation acc increase (51.048760 --> 51.194674) in epoch (24).  Saving model ...
TestSub: S[16, 17, 18, 19, 20] Epoch 25 Finsh | Now_lr 0.0001/0.0001 | Lambda 0.0085 | Train Loss 0.0514 | Valid Loss 3.7146 | Train Acc 98.1694| Valid Acc 51.1096
TestSub: S[16, 17, 18, 19, 20] Epoch 26 Finsh | Now_lr 0.0001/0.0001 | Lambda 0.0086 | Train Loss 0.0505 | Valid Loss 3.6199 | Train Acc 98.1615| Valid Acc 50.7326
TestSub: S[16, 17, 18, 19, 20] Epoch 27 Finsh | Now_lr 0.0001/0.0001 | Lambda 0.0087 | Train Loss 0.0474 | Valid Loss 3.7534 | Train Acc 98.3226| Valid Acc 51.0488
TestSub: S[16, 17, 18, 19, 20] Epoch 28 Finsh | Now_lr 0.0001/0.0001 | Lambda 0.0089 | Train Loss 0.0438 | Valid Loss 3.8237 | Train Acc 98.4515| Valid Acc 50.4043
TestSub: S[16, 17, 18, 19, 20] Epoch 29 Finsh | Now_lr 0.0001/0.0001 | Lambda 0.0090 | Train Loss 0.0428 | Valid Loss 3.8430 | Train Acc 98.4691| Valid Acc 49.9453
TestSub: S[16, 17, 18, 19, 20] Epoch 30 Finsh | Now_lr 0.0001/0.0001 | Lambda 0.0091 | Train Loss 0.0399 | Valid Loss 3.6894 | Train Acc 98.6065| Valid Acc 50.6323
TestSub: S[16, 17, 18, 19, 20] Epoch 31 Finsh | Now_lr 0.0001/0.0001 | Lambda 0.0091 | Train Loss 0.0388 | Valid Loss 3.6754 | Train Acc 98.6175| Valid Acc 51.7358
Validation acc increase (51.194674 --> 51.735773) in epoch (31).  Saving model ...
TestSub: S[16, 17, 18, 19, 20] Epoch 32 Finsh | Now_lr 0.0001/0.0001 | Lambda 0.0092 | Train Loss 0.0375 | Valid Loss 3.7558 | Train Acc 98.6916| Valid Acc 48.7232
TestSub: S[16, 17, 18, 19, 20] Epoch 33 Finsh | Now_lr 0.0001/0.0001 | Lambda 0.0093 | Train Loss 0.0358 | Valid Loss 3.8328 | Train Acc 98.7214| Valid Acc 49.7933
TestSub: S[16, 17, 18, 19, 20] Epoch 34 Finsh | Now_lr 0.0001/0.0001 | Lambda 0.0094 | Train Loss 0.0342 | Valid Loss 4.0275 | Train Acc 98.7798| Valid Acc 49.7994
TestSub: S[16, 17, 18, 19, 20] Epoch 35 Finsh | Now_lr 0.0001/0.0001 | Lambda 0.0094 | Train Loss 0.0336 | Valid Loss 3.7801 | Train Acc 98.8181| Valid Acc 50.0882
TestSub: S[16, 17, 18, 19, 20] Epoch 36 Finsh | Now_lr 0.0001/0.0001 | Lambda 0.0095 | Train Loss 0.0322 | Valid Loss 4.1352 | Train Acc 98.8594| Valid Acc 49.8358
TestSub: S[16, 17, 18, 19, 20] Epoch 37 Finsh | Now_lr 0.0001/0.0001 | Lambda 0.0095 | Train Loss 0.0306 | Valid Loss 4.0560 | Train Acc 98.9300| Valid Acc 48.4527
TestSub: S[16, 17, 18, 19, 20] Epoch 38 Finsh | Now_lr 0.0001/0.0001 | Lambda 0.0096 | Train Loss 0.0301 | Valid Loss 3.9637 | Train Acc 98.9494| Valid Acc 48.7780
TestSub: S[16, 17, 18, 19, 20] Epoch 39 Finsh | Now_lr 0.0001/0.0001 | Lambda 0.0096 | Train Loss 0.0281 | Valid Loss 4.2916 | Train Acc 99.0047| Valid Acc 48.5804
TestSub: S[16, 17, 18, 19, 20] Epoch 40 Finsh | Now_lr 0.0001/0.0001 | Lambda 0.0096 | Train Loss 0.0283 | Valid Loss 4.0524 | Train Acc 99.0029| Valid Acc 50.5107
TestSub: S[16, 17, 18, 19, 20] Epoch 41 Finsh | Now_lr 0.0001/0.0001 | Lambda 0.0097 | Train Loss 0.0275 | Valid Loss 4.0235 | Train Acc 99.0546| Valid Acc 50.1125
TestSub: S[16, 17, 18, 19, 20] Epoch 42 Finsh | Now_lr 0.0001/0.0001 | Lambda 0.0097 | Train Loss 0.0258 | Valid Loss 4.2009 | Train Acc 99.1014| Valid Acc 48.2855
TestSub: S[16, 17, 18, 19, 20] Epoch 43 Finsh | Now_lr 0.0001/0.0001 | Lambda 0.0097 | Train Loss 0.0263 | Valid Loss 4.0450 | Train Acc 99.1002| Valid Acc 50.3678
TestSub: S[16, 17, 18, 19, 20] Epoch 44 Finsh | Now_lr 0.0001/0.0001 | Lambda 0.0098 | Train Loss 0.0255 | Valid Loss 4.2465 | Train Acc 99.1269| Valid Acc 49.0303
TestSub: S[16, 17, 18, 19, 20] Epoch 45 Finsh | Now_lr 0.0001/0.0001 | Lambda 0.0098 | Train Loss 0.0240 | Valid Loss 4.4116 | Train Acc 99.1695| Valid Acc 48.3949
TestSub: S[16, 17, 18, 19, 20] Epoch 46 Finsh | Now_lr 0.0001/0.0001 | Lambda 0.0098 | Train Loss 0.0237 | Valid Loss 4.2989 | Train Acc 99.1950| Valid Acc 48.4709
TestSub: S[16, 17, 18, 19, 20] Epoch 47 Finsh | Now_lr 0.0001/0.0001 | Lambda 0.0098 | Train Loss 0.0232 | Valid Loss 4.5796 | Train Acc 99.1811| Valid Acc 48.3889
TestSub: S[16, 17, 18, 19, 20] Epoch 48 Finsh | Now_lr 0.0001/0.0001 | Lambda 0.0098 | Train Loss 0.0222 | Valid Loss 4.4092 | Train Acc 99.2382| Valid Acc 48.5804
TestSub: S[16, 17, 18, 19, 20] Epoch 49 Finsh | Now_lr 0.0001/0.0001 | Lambda 0.0099 | Train Loss 0.0217 | Valid Loss 4.5803 | Train Acc 99.2643| Valid Acc 48.9360
TestSub: S[16, 17, 18, 19, 20] Epoch 50 Finsh | Now_lr 0.0001/0.0001 | Lambda 0.0099 | Train Loss 0.0208 | Valid Loss 4.3395 | Train Acc 99.2844| Valid Acc 49.6687
TestSub: S[16, 17, 18, 19, 20] Epoch 51 Finsh | Now_lr 0.0001/0.0001 | Lambda 0.0099 | Train Loss 0.0194 | Valid Loss 4.5208 | Train Acc 99.3379| Valid Acc 49.5896
TestSub: S[16, 17, 18, 19, 20] Epoch 52 Finsh | Now_lr 0.0001/0.0001 | Lambda 0.0099 | Train Loss 0.0208 | Valid Loss 4.3180 | Train Acc 99.2954| Valid Acc 48.9938
TestSub: S[16, 17, 18, 19, 20] Epoch 53 Finsh | Now_lr 0.0001/0.0001 | Lambda 0.0099 | Train Loss 0.0199 | Valid Loss 4.2899 | Train Acc 99.3160| Valid Acc 50.4773
TestSub: S[16, 17, 18, 19, 20] Epoch 54 Finsh | Now_lr 0.0001/0.0001 | Lambda 0.0099 | Train Loss 0.0207 | Valid Loss 4.2198 | Train Acc 99.2984| Valid Acc 48.2095
TestSub: S[16, 17, 18, 19, 20] Epoch 55 Finsh | Now_lr 0.0001/0.0001 | Lambda 0.0099 | Train Loss 0.0182 | Valid Loss 4.1590 | Train Acc 99.3884| Valid Acc 49.1458
TestSub: S[16, 17, 18, 19, 20] Epoch 56 Finsh | Now_lr 0.0001/0.0001 | Lambda 0.0099 | Train Loss 0.0184 | Valid Loss 4.2690 | Train Acc 99.3525| Valid Acc 51.1369
TestSub: S[16, 17, 18, 19, 20] Epoch 57 Finsh | Now_lr 0.0001/0.0001 | Lambda 0.0099 | Train Loss 0.0175 | Valid Loss 4.2102 | Train Acc 99.4072| Valid Acc 51.5503
TestSub: S[16, 17, 18, 19, 20] Epoch 58 Finsh | Now_lr 0.0001/0.0001 | Lambda 0.0099 | Train Loss 0.0175 | Valid Loss 4.2293 | Train Acc 99.4036| Valid Acc 51.0731
TestSub: S[16, 17, 18, 19, 20] Epoch 59 Finsh | Now_lr 0.0001/0.0001 | Lambda 0.0099 | Train Loss 0.0170 | Valid Loss 4.3849 | Train Acc 99.4115| Valid Acc 49.6291
TestSub: S[16, 17, 18, 19, 20] Epoch 60 Finsh | Now_lr 0.0001/0.0001 | Lambda 0.0100 | Train Loss 0.0172 | Valid Loss 4.1822 | Train Acc 99.4005| Valid Acc 50.6232
TestSub: S[16, 17, 18, 19, 20] Epoch 61 Finsh | Now_lr 0.0001/0.0001 | Lambda 0.0100 | Train Loss 0.0163 | Valid Loss 4.2648 | Train Acc 99.4467| Valid Acc 50.6384
TestSub: S[16, 17, 18, 19, 20] Epoch 62 Finsh | Now_lr 0.0001/0.0001 | Lambda 0.0100 | Train Loss 0.0163 | Valid Loss 4.4329 | Train Acc 99.4522| Valid Acc 51.5686
TestSub: S[16, 17, 18, 19, 20] Epoch 63 Finsh | Now_lr 0.0001/0.0001 | Lambda 0.0100 | Train Loss 0.0161 | Valid Loss 4.3210 | Train Acc 99.4565| Valid Acc 49.6383
TestSub: S[16, 17, 18, 19, 20] Epoch 64 Finsh | Now_lr 0.0001/0.0001 | Lambda 0.0100 | Train Loss 0.0168 | Valid Loss 4.1808 | Train Acc 99.4109| Valid Acc 50.9089
TestSub: S[16, 17, 18, 19, 20] Epoch 65 Finsh | Now_lr 0.0001/0.0001 | Lambda 0.0100 | Train Loss 0.0152 | Valid Loss 4.4575 | Train Acc 99.4844| Valid Acc 51.7388
Validation acc increase (51.735773 --> 51.738813) in epoch (65).  Saving model ...
TestSub: S[16, 17, 18, 19, 20] Epoch 66 Finsh | Now_lr 0.0001/0.0001 | Lambda 0.0100 | Train Loss 0.0159 | Valid Loss 4.1663 | Train Acc 99.4504| Valid Acc 51.7875
Validation acc increase (51.738813 --> 51.787451) in epoch (66).  Saving model ...
TestSub: S[16, 17, 18, 19, 20] Epoch 67 Finsh | Now_lr 0.0001/0.0001 | Lambda 0.0100 | Train Loss 0.0157 | Valid Loss 4.3345 | Train Acc 99.4650| Valid Acc 50.1581
TestSub: S[16, 17, 18, 19, 20] Epoch 68 Finsh | Now_lr 0.0001/0.0001 | Lambda 0.0100 | Train Loss 0.0142 | Valid Loss 4.4098 | Train Acc 99.5069| Valid Acc 50.7113
TestSub: S[16, 17, 18, 19, 20] Epoch 69 Finsh | Now_lr 0.0001/0.0001 | Lambda 0.0100 | Train Loss 0.0154 | Valid Loss 4.3078 | Train Acc 99.4747| Valid Acc 51.7996
Validation acc increase (51.787451 --> 51.799611) in epoch (69).  Saving model ...
TestSub: S[16, 17, 18, 19, 20] Epoch 70 Finsh | Now_lr 0.0001/0.0001 | Lambda 0.0100 | Train Loss 0.0141 | Valid Loss 4.3226 | Train Acc 99.5197| Valid Acc 50.5350
TestSub: S[16, 17, 18, 19, 20] Epoch 71 Finsh | Now_lr 0.0001/0.0001 | Lambda 0.0100 | Train Loss 0.0146 | Valid Loss 4.3125 | Train Acc 99.4990| Valid Acc 50.8208
TestSub: S[16, 17, 18, 19, 20] Epoch 72 Finsh | Now_lr 0.0001/0.0001 | Lambda 0.0100 | Train Loss 0.0135 | Valid Loss 4.3894 | Train Acc 99.5598| Valid Acc 50.7691
TestSub: S[16, 17, 18, 19, 20] Epoch 73 Finsh | Now_lr 0.0001/0.0001 | Lambda 0.0100 | Train Loss 0.0137 | Valid Loss 4.4030 | Train Acc 99.5227| Valid Acc 50.6566
TestSub: S[16, 17, 18, 19, 20] Epoch 74 Finsh | Now_lr 0.0001/0.0001 | Lambda 0.0100 | Train Loss 0.0134 | Valid Loss 4.3504 | Train Acc 99.5477| Valid Acc 51.4196
TestSub: S[16, 17, 18, 19, 20] Epoch 75 Finsh | Now_lr 0.0001/0.0001 | Lambda 0.0100 | Train Loss 0.0135 | Valid Loss 4.4458 | Train Acc 99.5416| Valid Acc 51.8361
Validation acc increase (51.799611 --> 51.836089) in epoch (75).  Saving model ...
TestSub: S[16, 17, 18, 19, 20] Epoch 76 Finsh | Now_lr 0.0001/0.0001 | Lambda 0.0100 | Train Loss 0.0129 | Valid Loss 4.3549 | Train Acc 99.5580| Valid Acc 51.3619
TestSub: S[16, 17, 18, 19, 20] Epoch 77 Finsh | Now_lr 0.0001/0.0001 | Lambda 0.0100 | Train Loss 0.0138 | Valid Loss 4.1149 | Train Acc 99.5404| Valid Acc 51.7875
TestSub: S[16, 17, 18, 19, 20] Epoch 78 Finsh | Now_lr 0.0001/0.0001 | Lambda 0.0100 | Train Loss 0.0131 | Valid Loss 4.1407 | Train Acc 99.5501| Valid Acc 51.2889
TestSub: S[16, 17, 18, 19, 20] Epoch 79 Finsh | Now_lr 0.0001/0.0001 | Lambda 0.0100 | Train Loss 0.0129 | Valid Loss 4.2755 | Train Acc 99.5580| Valid Acc 50.3830
TestSub: S[16, 17, 18, 19, 20] Epoch 80 Finsh | Now_lr 0.0001/0.0001 | Lambda 0.0100 | Train Loss 0.0127 | Valid Loss 4.1942 | Train Acc 99.5653| Valid Acc 51.2312
TestSub: S[16, 17, 18, 19, 20] Epoch 81 Finsh | Now_lr 0.0001/0.0001 | Lambda 0.0100 | Train Loss 0.0118 | Valid Loss 4.2598 | Train Acc 99.5914| Valid Acc 50.9180
TestSub: S[16, 17, 18, 19, 20] Epoch 82 Finsh | Now_lr 0.0001/0.0001 | Lambda 0.0100 | Train Loss 0.0125 | Valid Loss 4.3754 | Train Acc 99.5665| Valid Acc 51.4683
TestSub: S[16, 17, 18, 19, 20] Epoch 83 Finsh | Now_lr 0.0001/0.0001 | Lambda 0.0100 | Train Loss 0.0121 | Valid Loss 4.4593 | Train Acc 99.6048| Valid Acc 50.6992
TestSub: S[16, 17, 18, 19, 20] Epoch 84 Finsh | Now_lr 0.0001/0.0001 | Lambda 0.0100 | Train Loss 0.0108 | Valid Loss 4.2648 | Train Acc 99.6480| Valid Acc 51.8938
Validation acc increase (51.836089 --> 51.893847) in epoch (84).  Saving model ...
TestSub: S[16, 17, 18, 19, 20] Epoch 85 Finsh | Now_lr 0.0001/0.0001 | Lambda 0.0100 | Train Loss 0.0121 | Valid Loss 4.3894 | Train Acc 99.5981| Valid Acc 51.4379
TestSub: S[16, 17, 18, 19, 20] Epoch 86 Finsh | Now_lr 0.0001/0.0001 | Lambda 0.0100 | Train Loss 0.0114 | Valid Loss 4.1349 | Train Acc 99.6322| Valid Acc 52.2586
Validation acc increase (51.893847 --> 52.258633) in epoch (86).  Saving model ...
TestSub: S[16, 17, 18, 19, 20] Epoch 87 Finsh | Now_lr 0.0001/0.0001 | Lambda 0.0100 | Train Loss 0.0122 | Valid Loss 4.0640 | Train Acc 99.6018| Valid Acc 51.8969
TestSub: S[16, 17, 18, 19, 20] Epoch 88 Finsh | Now_lr 0.0001/0.0001 | Lambda 0.0100 | Train Loss 0.0108 | Valid Loss 4.1479 | Train Acc 99.6449| Valid Acc 50.5806
TestSub: S[16, 17, 18, 19, 20] Epoch 89 Finsh | Now_lr 0.0001/0.0001 | Lambda 0.0100 | Train Loss 0.0114 | Valid Loss 4.0811 | Train Acc 99.6352| Valid Acc 52.8727
Validation acc increase (52.258633 --> 52.872690) in epoch (89).  Saving model ...
TestSub: S[16, 17, 18, 19, 20] Epoch 90 Finsh | Now_lr 0.0001/0.0001 | Lambda 0.0100 | Train Loss 0.0112 | Valid Loss 4.3394 | Train Acc 99.6370| Valid Acc 51.8330
TestSub: S[16, 17, 18, 19, 20] Epoch 91 Finsh | Now_lr 0.0001/0.0001 | Lambda 0.0100 | Train Loss 0.0105 | Valid Loss 4.1886 | Train Acc 99.6425| Valid Acc 51.7996
TestSub: S[16, 17, 18, 19, 20] Epoch 92 Finsh | Now_lr 0.0001/0.0001 | Lambda 0.0100 | Train Loss 0.0107 | Valid Loss 4.2642 | Train Acc 99.6401| Valid Acc 51.4014
TestSub: S[16, 17, 18, 19, 20] Epoch 93 Finsh | Now_lr 0.0001/0.0001 | Lambda 0.0100 | Train Loss 0.0108 | Valid Loss 4.1796 | Train Acc 99.6486| Valid Acc 51.5868
TestSub: S[16, 17, 18, 19, 20] Epoch 94 Finsh | Now_lr 0.0001/0.0001 | Lambda 0.0100 | Train Loss 0.0095 | Valid Loss 4.4117 | Train Acc 99.6759| Valid Acc 50.3739
TestSub: S[16, 17, 18, 19, 20] Epoch 95 Finsh | Now_lr 0.0001/0.0001 | Lambda 0.0100 | Train Loss 0.0106 | Valid Loss 4.4023 | Train Acc 99.6462| Valid Acc 51.1825
TestSub: S[16, 17, 18, 19, 20] Epoch 96 Finsh | Now_lr 0.0001/0.0001 | Lambda 0.0100 | Train Loss 0.0110 | Valid Loss 4.1584 | Train Acc 99.6346| Valid Acc 51.3801
TestSub: S[16, 17, 18, 19, 20] Epoch 97 Finsh | Now_lr 0.0001/0.0001 | Lambda 0.0100 | Train Loss 0.0096 | Valid Loss 4.1287 | Train Acc 99.6954| Valid Acc 51.5199
TestSub: S[16, 17, 18, 19, 20] Epoch 98 Finsh | Now_lr 0.0001/0.0001 | Lambda 0.0100 | Train Loss 0.0099 | Valid Loss 4.4324 | Train Acc 99.6796| Valid Acc 52.1705
TestSub: S[16, 17, 18, 19, 20] Epoch 99 Finsh | Now_lr 0.0001/0.0001 | Lambda 0.0100 | Train Loss 0.0102 | Valid Loss 4.3045 | Train Acc 99.6522| Valid Acc 51.5686
TestSub: S[16, 17, 18, 19, 20] Epoch 100 Finsh | Now_lr 0.0001/0.0001 | Lambda 0.0100 | Train Loss 0.0097 | Valid Loss 4.2401 | Train Acc 99.6723| Valid Acc 52.9244
Validation acc increase (52.872690 --> 52.924368) in epoch (100).  Saving model ...
--------------------------------------------------
Test_Subject :S[16, 17, 18, 19, 20] |Best epoch:100 | Test Loss:4.2401 | Best Acc 52.9244 | Savemodel Acc 52.9244
--------------------------------------------------

========== Fold 5 ==========
Train IDs: [1, 2, 3, 4, 5, 6, 7, 8, 9, 10, 11, 12, 13, 14, 15, 16, 17, 18, 19, 20, 26, 27, 28, 29, 30]
Val IDs:   [21, 22, 23, 24, 25]
train_data_shape(164500, 32, 128),val_data_shape(32900, 32, 128)
=================================================================
Layer (type:depth-idx)                   Param #
=================================================================
DARNet                                   --
├─TokenEmbedding: 1-1                    --
│    └─Sequential: 2-1                   --
│    │    └─Conv2d: 3-1                  576
│    │    └─BatchNorm2d: 3-2             128
│    │    └─GELU: 3-3                    --
│    └─Sequential: 2-2                   --
│    │    └─Conv2d: 3-4                  32,784
│    │    └─BatchNorm2d: 3-5             32
│    │    └─GELU: 3-6                    --
│    └─PositionalEmbedding: 2-3          --
├─Flatten: 1-2                           --
├─Linear: 1-3                            18
├─AttnRefine: 1-4                        --
│    └─MyAttention: 2-4                  --
│    │    └─Attention: 3-7               800
│    └─Refine: 2-5                       --
│    │    └─Conv1d: 3-8                  784
│    │    └─BatchNorm1d: 3-9             32
│    │    └─ELU: 3-10                    --
│    │    └─MaxPool1d: 3-11              --
│    └─AdaptiveAvgPool1d: 2-6            --
│    └─Linear: 2-7                       68
│    └─Flatten: 2-8                      --
├─AttnRefine: 1-5                        --
│    └─MyAttention: 2-9                  --
│    │    └─Attention: 3-12              800
│    └─Refine: 2-10                      --
│    │    └─Conv1d: 3-13                 784
│    │    └─BatchNorm1d: 3-14            32
│    │    └─ELU: 3-15                    --
│    │    └─MaxPool1d: 3-16              --
│    └─AdaptiveAvgPool1d: 2-11           --
│    └─Linear: 2-12                      68
│    └─Flatten: 2-13                     --
├─GradientReversalLayer: 1-6             --
├─SubjectDiscriminator: 1-7              --
│    └─Sequential: 2-14                  --
│    │    └─Linear: 3-17                 2,304
│    │    └─ReLU: 3-18                   --
│    │    └─Dropout: 3-19                --
│    │    └─Linear: 3-20                 32,896
│    │    └─ReLU: 3-21                   --
│    │    └─Dropout: 3-22                --
│    │    └─Linear: 3-23                 3,870
=================================================================
Total params: 75,976
Trainable params: 75,976
Non-trainable params: 0
=================================================================
TestSub: S[21, 22, 23, 24, 25] Epoch  1 Finsh | Now_lr 0.0001/0.0001 | Lambda 0.0005 | Train Loss 0.4867 | Valid Loss 1.2048 | Train Acc 75.4128| Valid Acc 51.0488
Validation acc increase (0.000000 --> 51.048760) in epoch (1).  Saving model ...
TestSub: S[21, 22, 23, 24, 25] Epoch  2 Finsh | Now_lr 0.0001/0.0001 | Lambda 0.0010 | Train Loss 0.3435 | Valid Loss 1.4287 | Train Acc 84.5531| Valid Acc 50.3496
TestSub: S[21, 22, 23, 24, 25] Epoch  3 Finsh | Now_lr 0.0001/0.0001 | Lambda 0.0015 | Train Loss 0.2989 | Valid Loss 1.4518 | Train Acc 86.8890| Valid Acc 52.8666
Validation acc increase (51.048760 --> 52.866610) in epoch (3).  Saving model ...
TestSub: S[21, 22, 23, 24, 25] Epoch  4 Finsh | Now_lr 0.0001/0.0001 | Lambda 0.0020 | Train Loss 0.2700 | Valid Loss 1.4836 | Train Acc 88.4199| Valid Acc 52.4045
TestSub: S[21, 22, 23, 24, 25] Epoch  5 Finsh | Now_lr 0.0001/0.0001 | Lambda 0.0024 | Train Loss 0.2401 | Valid Loss 1.6304 | Train Acc 89.8973| Valid Acc 51.5595
TestSub: S[21, 22, 23, 24, 25] Epoch  6 Finsh | Now_lr 0.0001/0.0001 | Lambda 0.0029 | Train Loss 0.2146 | Valid Loss 1.6776 | Train Acc 91.0092| Valid Acc 54.1312
Validation acc increase (52.866610 --> 54.131201) in epoch (6).  Saving model ...
TestSub: S[21, 22, 23, 24, 25] Epoch  7 Finsh | Now_lr 0.0001/0.0001 | Lambda 0.0034 | Train Loss 0.1953 | Valid Loss 1.7626 | Train Acc 91.9194| Valid Acc 53.3773
TestSub: S[21, 22, 23, 24, 25] Epoch  8 Finsh | Now_lr 0.0001/0.0001 | Lambda 0.0038 | Train Loss 0.1755 | Valid Loss 1.9291 | Train Acc 92.9037| Valid Acc 53.6296
TestSub: S[21, 22, 23, 24, 25] Epoch  9 Finsh | Now_lr 0.0001/0.0001 | Lambda 0.0042 | Train Loss 0.1615 | Valid Loss 1.8869 | Train Acc 93.4953| Valid Acc 54.1768
Validation acc increase (54.131201 --> 54.176800) in epoch (9).  Saving model ...
TestSub: S[21, 22, 23, 24, 25] Epoch 10 Finsh | Now_lr 0.0001/0.0001 | Lambda 0.0046 | Train Loss 0.1477 | Valid Loss 2.1744 | Train Acc 94.1306| Valid Acc 53.6053
TestSub: S[21, 22, 23, 24, 25] Epoch 11 Finsh | Now_lr 0.0001/0.0001 | Lambda 0.0050 | Train Loss 0.1334 | Valid Loss 2.1532 | Train Acc 94.6626| Valid Acc 53.0368
TestSub: S[21, 22, 23, 24, 25] Epoch 12 Finsh | Now_lr 0.0001/0.0001 | Lambda 0.0054 | Train Loss 0.1245 | Valid Loss 2.3215 | Train Acc 95.0681| Valid Acc 52.4501
TestSub: S[21, 22, 23, 24, 25] Epoch 13 Finsh | Now_lr 0.0001/0.0001 | Lambda 0.0057 | Train Loss 0.1169 | Valid Loss 2.4220 | Train Acc 95.3654| Valid Acc 51.4987
TestSub: S[21, 22, 23, 24, 25] Epoch 14 Finsh | Now_lr 0.0001/0.0001 | Lambda 0.0060 | Train Loss 0.1090 | Valid Loss 2.4836 | Train Acc 95.7332| Valid Acc 50.9636
TestSub: S[21, 22, 23, 24, 25] Epoch 15 Finsh | Now_lr 0.0001/0.0001 | Lambda 0.0064 | Train Loss 0.0992 | Valid Loss 2.5627 | Train Acc 96.1126| Valid Acc 51.7449
TestSub: S[21, 22, 23, 24, 25] Epoch 16 Finsh | Now_lr 0.0001/0.0001 | Lambda 0.0066 | Train Loss 0.0955 | Valid Loss 2.8179 | Train Acc 96.2439| Valid Acc 50.5563
TestSub: S[21, 22, 23, 24, 25] Epoch 17 Finsh | Now_lr 0.0001/0.0001 | Lambda 0.0069 | Train Loss 0.0873 | Valid Loss 2.8360 | Train Acc 96.6324| Valid Acc 51.1795
TestSub: S[21, 22, 23, 24, 25] Epoch 18 Finsh | Now_lr 0.0001/0.0001 | Lambda 0.0072 | Train Loss 0.0832 | Valid Loss 2.9916 | Train Acc 96.7479| Valid Acc 51.3953
TestSub: S[21, 22, 23, 24, 25] Epoch 19 Finsh | Now_lr 0.0001/0.0001 | Lambda 0.0074 | Train Loss 0.0772 | Valid Loss 3.1447 | Train Acc 97.0489| Valid Acc 49.8510
TestSub: S[21, 22, 23, 24, 25] Epoch 20 Finsh | Now_lr 0.0001/0.0001 | Lambda 0.0076 | Train Loss 0.0736 | Valid Loss 3.1700 | Train Acc 97.2203| Valid Acc 51.3345
TestSub: S[21, 22, 23, 24, 25] Epoch 21 Finsh | Now_lr 0.0001/0.0001 | Lambda 0.0078 | Train Loss 0.0692 | Valid Loss 3.1340 | Train Acc 97.3887| Valid Acc 49.3373
TestSub: S[21, 22, 23, 24, 25] Epoch 22 Finsh | Now_lr 0.0001/0.0001 | Lambda 0.0080 | Train Loss 0.0658 | Valid Loss 3.2513 | Train Acc 97.5359| Valid Acc 51.0275
TestSub: S[21, 22, 23, 24, 25] Epoch 23 Finsh | Now_lr 0.0001/0.0001 | Lambda 0.0082 | Train Loss 0.0630 | Valid Loss 3.2653 | Train Acc 97.6836| Valid Acc 50.6293
TestSub: S[21, 22, 23, 24, 25] Epoch 24 Finsh | Now_lr 0.0001/0.0001 | Lambda 0.0083 | Train Loss 0.0577 | Valid Loss 3.4307 | Train Acc 97.8423| Valid Acc 52.1036
TestSub: S[21, 22, 23, 24, 25] Epoch 25 Finsh | Now_lr 0.0001/0.0001 | Lambda 0.0085 | Train Loss 0.0552 | Valid Loss 3.2425 | Train Acc 97.9633| Valid Acc 51.5199
TestSub: S[21, 22, 23, 24, 25] Epoch 26 Finsh | Now_lr 0.0001/0.0001 | Lambda 0.0086 | Train Loss 0.0525 | Valid Loss 3.3691 | Train Acc 98.0843| Valid Acc 50.7296
TestSub: S[21, 22, 23, 24, 25] Epoch 27 Finsh | Now_lr 0.0001/0.0001 | Lambda 0.0087 | Train Loss 0.0487 | Valid Loss 3.4026 | Train Acc 98.2077| Valid Acc 51.6963
TestSub: S[21, 22, 23, 24, 25] Epoch 28 Finsh | Now_lr 0.0001/0.0001 | Lambda 0.0089 | Train Loss 0.0483 | Valid Loss 3.5774 | Train Acc 98.2363| Valid Acc 50.1581
TestSub: S[21, 22, 23, 24, 25] Epoch 29 Finsh | Now_lr 0.0001/0.0001 | Lambda 0.0090 | Train Loss 0.0451 | Valid Loss 3.3489 | Train Acc 98.3585| Valid Acc 51.6932
TestSub: S[21, 22, 23, 24, 25] Epoch 30 Finsh | Now_lr 0.0001/0.0001 | Lambda 0.0091 | Train Loss 0.0433 | Valid Loss 3.5071 | Train Acc 98.4995| Valid Acc 50.6049
TestSub: S[21, 22, 23, 24, 25] Epoch 31 Finsh | Now_lr 0.0001/0.0001 | Lambda 0.0091 | Train Loss 0.0408 | Valid Loss 3.5064 | Train Acc 98.5390| Valid Acc 51.4774
TestSub: S[21, 22, 23, 24, 25] Epoch 32 Finsh | Now_lr 0.0001/0.0001 | Lambda 0.0092 | Train Loss 0.0384 | Valid Loss 3.6571 | Train Acc 98.6314| Valid Acc 51.9881
TestSub: S[21, 22, 23, 24, 25] Epoch 33 Finsh | Now_lr 0.0001/0.0001 | Lambda 0.0093 | Train Loss 0.0386 | Valid Loss 3.7848 | Train Acc 98.6479| Valid Acc 50.8542
TestSub: S[21, 22, 23, 24, 25] Epoch 34 Finsh | Now_lr 0.0001/0.0001 | Lambda 0.0094 | Train Loss 0.0365 | Valid Loss 3.5476 | Train Acc 98.6594| Valid Acc 51.8239
TestSub: S[21, 22, 23, 24, 25] Epoch 35 Finsh | Now_lr 0.0001/0.0001 | Lambda 0.0094 | Train Loss 0.0340 | Valid Loss 3.6175 | Train Acc 98.7725| Valid Acc 52.0063
TestSub: S[21, 22, 23, 24, 25] Epoch 36 Finsh | Now_lr 0.0001/0.0001 | Lambda 0.0095 | Train Loss 0.0337 | Valid Loss 3.6351 | Train Acc 98.7932| Valid Acc 51.9273
TestSub: S[21, 22, 23, 24, 25] Epoch 37 Finsh | Now_lr 0.0001/0.0001 | Lambda 0.0095 | Train Loss 0.0324 | Valid Loss 3.6818 | Train Acc 98.8290| Valid Acc 50.5441
TestSub: S[21, 22, 23, 24, 25] Epoch 38 Finsh | Now_lr 0.0001/0.0001 | Lambda 0.0096 | Train Loss 0.0323 | Valid Loss 3.7429 | Train Acc 98.8418| Valid Acc 50.9636
TestSub: S[21, 22, 23, 24, 25] Epoch 39 Finsh | Now_lr 0.0001/0.0001 | Lambda 0.0096 | Train Loss 0.0305 | Valid Loss 3.8806 | Train Acc 98.9373| Valid Acc 51.3467
TestSub: S[21, 22, 23, 24, 25] Epoch 40 Finsh | Now_lr 0.0001/0.0001 | Lambda 0.0096 | Train Loss 0.0288 | Valid Loss 3.8490 | Train Acc 98.9853| Valid Acc 50.2158
TestSub: S[21, 22, 23, 24, 25] Epoch 41 Finsh | Now_lr 0.0001/0.0001 | Lambda 0.0097 | Train Loss 0.0278 | Valid Loss 3.7413 | Train Acc 99.0157| Valid Acc 51.0275
TestSub: S[21, 22, 23, 24, 25] Epoch 42 Finsh | Now_lr 0.0001/0.0001 | Lambda 0.0097 | Train Loss 0.0284 | Valid Loss 3.9612 | Train Acc 99.0151| Valid Acc 50.8937
TestSub: S[21, 22, 23, 24, 25] Epoch 43 Finsh | Now_lr 0.0001/0.0001 | Lambda 0.0097 | Train Loss 0.0257 | Valid Loss 3.8814 | Train Acc 99.1026| Valid Acc 50.8208
TestSub: S[21, 22, 23, 24, 25] Epoch 44 Finsh | Now_lr 0.0001/0.0001 | Lambda 0.0098 | Train Loss 0.0261 | Valid Loss 4.0642 | Train Acc 99.1026| Valid Acc 50.9880
TestSub: S[21, 22, 23, 24, 25] Epoch 45 Finsh | Now_lr 0.0001/0.0001 | Lambda 0.0098 | Train Loss 0.0248 | Valid Loss 3.8881 | Train Acc 99.1330| Valid Acc 50.0274
TestSub: S[21, 22, 23, 24, 25] Epoch 46 Finsh | Now_lr 0.0001/0.0001 | Lambda 0.0098 | Train Loss 0.0246 | Valid Loss 4.0623 | Train Acc 99.1385| Valid Acc 50.5715
TestSub: S[21, 22, 23, 24, 25] Epoch 47 Finsh | Now_lr 0.0001/0.0001 | Lambda 0.0098 | Train Loss 0.0240 | Valid Loss 3.8371 | Train Acc 99.1610| Valid Acc 49.8936
TestSub: S[21, 22, 23, 24, 25] Epoch 48 Finsh | Now_lr 0.0001/0.0001 | Lambda 0.0098 | Train Loss 0.0236 | Valid Loss 4.0497 | Train Acc 99.1792| Valid Acc 49.7963
TestSub: S[21, 22, 23, 24, 25] Epoch 49 Finsh | Now_lr 0.0001/0.0001 | Lambda 0.0099 | Train Loss 0.0219 | Valid Loss 4.0837 | Train Acc 99.2461| Valid Acc 49.4832
TestSub: S[21, 22, 23, 24, 25] Epoch 50 Finsh | Now_lr 0.0001/0.0001 | Lambda 0.0099 | Train Loss 0.0225 | Valid Loss 4.1518 | Train Acc 99.2200| Valid Acc 51.1764
TestSub: S[21, 22, 23, 24, 25] Epoch 51 Finsh | Now_lr 0.0001/0.0001 | Lambda 0.0099 | Train Loss 0.0222 | Valid Loss 4.0465 | Train Acc 99.2461| Valid Acc 49.0455
TestSub: S[21, 22, 23, 24, 25] Epoch 52 Finsh | Now_lr 0.0001/0.0001 | Lambda 0.0099 | Train Loss 0.0204 | Valid Loss 4.1985 | Train Acc 99.2929| Valid Acc 49.6626
TestSub: S[21, 22, 23, 24, 25] Epoch 53 Finsh | Now_lr 0.0001/0.0001 | Lambda 0.0099 | Train Loss 0.0208 | Valid Loss 4.2468 | Train Acc 99.2643| Valid Acc 50.1550
TestSub: S[21, 22, 23, 24, 25] Epoch 54 Finsh | Now_lr 0.0001/0.0001 | Lambda 0.0099 | Train Loss 0.0198 | Valid Loss 4.3860 | Train Acc 99.3403| Valid Acc 49.8784
TestSub: S[21, 22, 23, 24, 25] Epoch 55 Finsh | Now_lr 0.0001/0.0001 | Lambda 0.0099 | Train Loss 0.0206 | Valid Loss 4.1304 | Train Acc 99.2917| Valid Acc 49.5410
TestSub: S[21, 22, 23, 24, 25] Epoch 56 Finsh | Now_lr 0.0001/0.0001 | Lambda 0.0099 | Train Loss 0.0187 | Valid Loss 4.2471 | Train Acc 99.3422| Valid Acc 50.0578
TestSub: S[21, 22, 23, 24, 25] Epoch 57 Finsh | Now_lr 0.0001/0.0001 | Lambda 0.0099 | Train Loss 0.0186 | Valid Loss 4.1860 | Train Acc 99.3641| Valid Acc 50.5685
TestSub: S[21, 22, 23, 24, 25] Epoch 58 Finsh | Now_lr 0.0001/0.0001 | Lambda 0.0099 | Train Loss 0.0190 | Valid Loss 4.1951 | Train Acc 99.3586| Valid Acc 48.9421
TestSub: S[21, 22, 23, 24, 25] Epoch 59 Finsh | Now_lr 0.0001/0.0001 | Lambda 0.0099 | Train Loss 0.0181 | Valid Loss 4.3366 | Train Acc 99.3890| Valid Acc 50.5137
TestSub: S[21, 22, 23, 24, 25] Epoch 60 Finsh | Now_lr 0.0001/0.0001 | Lambda 0.0100 | Train Loss 0.0178 | Valid Loss 4.3133 | Train Acc 99.4084| Valid Acc 50.4590
TestSub: S[21, 22, 23, 24, 25] Epoch 61 Finsh | Now_lr 0.0001/0.0001 | Lambda 0.0100 | Train Loss 0.0160 | Valid Loss 4.1943 | Train Acc 99.4413| Valid Acc 50.4438
TestSub: S[21, 22, 23, 24, 25] Epoch 62 Finsh | Now_lr 0.0001/0.0001 | Lambda 0.0100 | Train Loss 0.0168 | Valid Loss 4.3801 | Train Acc 99.4376| Valid Acc 50.1854
TestSub: S[21, 22, 23, 24, 25] Epoch 63 Finsh | Now_lr 0.0001/0.0001 | Lambda 0.0100 | Train Loss 0.0165 | Valid Loss 4.5198 | Train Acc 99.4315| Valid Acc 50.0061
TestSub: S[21, 22, 23, 24, 25] Epoch 64 Finsh | Now_lr 0.0001/0.0001 | Lambda 0.0100 | Train Loss 0.0160 | Valid Loss 4.4089 | Train Acc 99.4595| Valid Acc 51.8209
TestSub: S[21, 22, 23, 24, 25] Epoch 65 Finsh | Now_lr 0.0001/0.0001 | Lambda 0.0100 | Train Loss 0.0151 | Valid Loss 4.4095 | Train Acc 99.4759| Valid Acc 50.4590
TestSub: S[21, 22, 23, 24, 25] Epoch 66 Finsh | Now_lr 0.0001/0.0001 | Lambda 0.0100 | Train Loss 0.0157 | Valid Loss 4.4938 | Train Acc 99.4735| Valid Acc 50.1854
TestSub: S[21, 22, 23, 24, 25] Epoch 67 Finsh | Now_lr 0.0001/0.0001 | Lambda 0.0100 | Train Loss 0.0155 | Valid Loss 4.3613 | Train Acc 99.4723| Valid Acc 51.2433
TestSub: S[21, 22, 23, 24, 25] Epoch 68 Finsh | Now_lr 0.0001/0.0001 | Lambda 0.0100 | Train Loss 0.0148 | Valid Loss 4.7891 | Train Acc 99.4917| Valid Acc 50.2949
TestSub: S[21, 22, 23, 24, 25] Epoch 69 Finsh | Now_lr 0.0001/0.0001 | Lambda 0.0100 | Train Loss 0.0154 | Valid Loss 4.4403 | Train Acc 99.4656| Valid Acc 50.7022
TestSub: S[21, 22, 23, 24, 25] Epoch 70 Finsh | Now_lr 0.0001/0.0001 | Lambda 0.0100 | Train Loss 0.0150 | Valid Loss 4.6438 | Train Acc 99.5118| Valid Acc 50.3891
TestSub: S[21, 22, 23, 24, 25] Epoch 71 Finsh | Now_lr 0.0001/0.0001 | Lambda 0.0100 | Train Loss 0.0141 | Valid Loss 4.4551 | Train Acc 99.5343| Valid Acc 50.1368
TestSub: S[21, 22, 23, 24, 25] Epoch 72 Finsh | Now_lr 0.0001/0.0001 | Lambda 0.0100 | Train Loss 0.0143 | Valid Loss 4.4001 | Train Acc 99.5081| Valid Acc 50.4590
TestSub: S[21, 22, 23, 24, 25] Epoch 73 Finsh | Now_lr 0.0001/0.0001 | Lambda 0.0100 | Train Loss 0.0129 | Valid Loss 4.4355 | Train Acc 99.5598| Valid Acc 50.7387
TestSub: S[21, 22, 23, 24, 25] Epoch 74 Finsh | Now_lr 0.0001/0.0001 | Lambda 0.0100 | Train Loss 0.0139 | Valid Loss 4.5871 | Train Acc 99.5258| Valid Acc 49.6443
TestSub: S[21, 22, 23, 24, 25] Epoch 75 Finsh | Now_lr 0.0001/0.0001 | Lambda 0.0100 | Train Loss 0.0128 | Valid Loss 4.6696 | Train Acc 99.5525| Valid Acc 50.5624
TestSub: S[21, 22, 23, 24, 25] Epoch 76 Finsh | Now_lr 0.0001/0.0001 | Lambda 0.0100 | Train Loss 0.0125 | Valid Loss 4.5862 | Train Acc 99.5781| Valid Acc 51.9729
TestSub: S[21, 22, 23, 24, 25] Epoch 77 Finsh | Now_lr 0.0001/0.0001 | Lambda 0.0100 | Train Loss 0.0128 | Valid Loss 4.7110 | Train Acc 99.5525| Valid Acc 50.6110
TestSub: S[21, 22, 23, 24, 25] Epoch 78 Finsh | Now_lr 0.0001/0.0001 | Lambda 0.0100 | Train Loss 0.0130 | Valid Loss 4.7298 | Train Acc 99.5586| Valid Acc 51.1673
TestSub: S[21, 22, 23, 24, 25] Epoch 79 Finsh | Now_lr 0.0001/0.0001 | Lambda 0.0100 | Train Loss 0.0133 | Valid Loss 4.5192 | Train Acc 99.5544| Valid Acc 51.2768
TestSub: S[21, 22, 23, 24, 25] Epoch 80 Finsh | Now_lr 0.0001/0.0001 | Lambda 0.0100 | Train Loss 0.0124 | Valid Loss 4.3663 | Train Acc 99.5799| Valid Acc 50.4833
TestSub: S[21, 22, 23, 24, 25] Epoch 81 Finsh | Now_lr 0.0001/0.0001 | Lambda 0.0100 | Train Loss 0.0118 | Valid Loss 4.4141 | Train Acc 99.5963| Valid Acc 51.9790
TestSub: S[21, 22, 23, 24, 25] Epoch 82 Finsh | Now_lr 0.0001/0.0001 | Lambda 0.0100 | Train Loss 0.0123 | Valid Loss 4.5292 | Train Acc 99.5738| Valid Acc 51.2372
TestSub: S[21, 22, 23, 24, 25] Epoch 83 Finsh | Now_lr 0.0001/0.0001 | Lambda 0.0100 | Train Loss 0.0120 | Valid Loss 4.7606 | Train Acc 99.5969| Valid Acc 50.4955
TestSub: S[21, 22, 23, 24, 25] Epoch 84 Finsh | Now_lr 0.0001/0.0001 | Lambda 0.0100 | Train Loss 0.0121 | Valid Loss 4.6501 | Train Acc 99.6042| Valid Acc 50.1733
TestSub: S[21, 22, 23, 24, 25] Epoch 85 Finsh | Now_lr 0.0001/0.0001 | Lambda 0.0100 | Train Loss 0.0108 | Valid Loss 4.8094 | Train Acc 99.6528| Valid Acc 50.7509
TestSub: S[21, 22, 23, 24, 25] Epoch 86 Finsh | Now_lr 0.0001/0.0001 | Lambda 0.0100 | Train Loss 0.0122 | Valid Loss 4.5088 | Train Acc 99.5835| Valid Acc 50.5502
TestSub: S[21, 22, 23, 24, 25] Epoch 87 Finsh | Now_lr 0.0001/0.0001 | Lambda 0.0100 | Train Loss 0.0110 | Valid Loss 4.7720 | Train Acc 99.6261| Valid Acc 49.2370
TestSub: S[21, 22, 23, 24, 25] Epoch 88 Finsh | Now_lr 0.0001/0.0001 | Lambda 0.0100 | Train Loss 0.0107 | Valid Loss 4.5940 | Train Acc 99.6395| Valid Acc 50.0912
TestSub: S[21, 22, 23, 24, 25] Epoch 89 Finsh | Now_lr 0.0001/0.0001 | Lambda 0.0100 | Train Loss 0.0106 | Valid Loss 4.8055 | Train Acc 99.6522| Valid Acc 48.7597
TestSub: S[21, 22, 23, 24, 25] Epoch 90 Finsh | Now_lr 0.0001/0.0001 | Lambda 0.0100 | Train Loss 0.0104 | Valid Loss 4.5239 | Train Acc 99.6547| Valid Acc 49.5562
TestSub: S[21, 22, 23, 24, 25] Epoch 91 Finsh | Now_lr 0.0001/0.0001 | Lambda 0.0100 | Train Loss 0.0104 | Valid Loss 4.7798 | Train Acc 99.6607| Valid Acc 49.7173
TestSub: S[21, 22, 23, 24, 25] Epoch 92 Finsh | Now_lr 0.0001/0.0001 | Lambda 0.0100 | Train Loss 0.0109 | Valid Loss 4.4792 | Train Acc 99.6419| Valid Acc 50.8420
TestSub: S[21, 22, 23, 24, 25] Epoch 93 Finsh | Now_lr 0.0001/0.0001 | Lambda 0.0100 | Train Loss 0.0102 | Valid Loss 4.9162 | Train Acc 99.6620| Valid Acc 49.7568
TestSub: S[21, 22, 23, 24, 25] Epoch 94 Finsh | Now_lr 0.0001/0.0001 | Lambda 0.0100 | Train Loss 0.0096 | Valid Loss 4.7357 | Train Acc 99.6790| Valid Acc 50.8998
TestSub: S[21, 22, 23, 24, 25] Epoch 95 Finsh | Now_lr 0.0001/0.0001 | Lambda 0.0100 | Train Loss 0.0105 | Valid Loss 4.9173 | Train Acc 99.6601| Valid Acc 49.6413
TestSub: S[21, 22, 23, 24, 25] Epoch 96 Finsh | Now_lr 0.0001/0.0001 | Lambda 0.0100 | Train Loss 0.0099 | Valid Loss 4.7968 | Train Acc 99.6766| Valid Acc 51.7631
TestSub: S[21, 22, 23, 24, 25] Epoch 97 Finsh | Now_lr 0.0001/0.0001 | Lambda 0.0100 | Train Loss 0.0096 | Valid Loss 4.8835 | Train Acc 99.6747| Valid Acc 50.3496
TestSub: S[21, 22, 23, 24, 25] Epoch 98 Finsh | Now_lr 0.0001/0.0001 | Lambda 0.0100 | Train Loss 0.0095 | Valid Loss 4.8971 | Train Acc 99.6723| Valid Acc 51.2828
TestSub: S[21, 22, 23, 24, 25] Epoch 99 Finsh | Now_lr 0.0001/0.0001 | Lambda 0.0100 | Train Loss 0.0095 | Valid Loss 5.2321 | Train Acc 99.7057| Valid Acc 50.7174
TestSub: S[21, 22, 23, 24, 25] Epoch 100 Finsh | Now_lr 0.0001/0.0001 | Lambda 0.0100 | Train Loss 0.0091 | Valid Loss 5.0249 | Train Acc 99.6978| Valid Acc 50.1672
--------------------------------------------------
Test_Subject :S[21, 22, 23, 24, 25] |Best epoch:9 | Test Loss:1.8869 | Best Acc 54.1768 | Savemodel Acc 54.1768
--------------------------------------------------

========== Fold 6 ==========
Train IDs: [1, 2, 3, 4, 5, 6, 7, 8, 9, 10, 11, 12, 13, 14, 15, 16, 17, 18, 19, 20, 21, 22, 23, 24, 25]
Val IDs:   [26, 27, 28, 29, 30]
train_data_shape(164500, 32, 128),val_data_shape(32900, 32, 128)
=================================================================
Layer (type:depth-idx)                   Param #
=================================================================
DARNet                                   --
├─TokenEmbedding: 1-1                    --
│    └─Sequential: 2-1                   --
│    │    └─Conv2d: 3-1                  576
│    │    └─BatchNorm2d: 3-2             128
│    │    └─GELU: 3-3                    --
│    └─Sequential: 2-2                   --
│    │    └─Conv2d: 3-4                  32,784
│    │    └─BatchNorm2d: 3-5             32
│    │    └─GELU: 3-6                    --
│    └─PositionalEmbedding: 2-3          --
├─Flatten: 1-2                           --
├─Linear: 1-3                            18
├─AttnRefine: 1-4                        --
│    └─MyAttention: 2-4                  --
│    │    └─Attention: 3-7               800
│    └─Refine: 2-5                       --
│    │    └─Conv1d: 3-8                  784
│    │    └─BatchNorm1d: 3-9             32
│    │    └─ELU: 3-10                    --
│    │    └─MaxPool1d: 3-11              --
│    └─AdaptiveAvgPool1d: 2-6            --
│    └─Linear: 2-7                       68
│    └─Flatten: 2-8                      --
├─AttnRefine: 1-5                        --
│    └─MyAttention: 2-9                  --
│    │    └─Attention: 3-12              800
│    └─Refine: 2-10                      --
│    │    └─Conv1d: 3-13                 784
│    │    └─BatchNorm1d: 3-14            32
│    │    └─ELU: 3-15                    --
│    │    └─MaxPool1d: 3-16              --
│    └─AdaptiveAvgPool1d: 2-11           --
│    └─Linear: 2-12                      68
│    └─Flatten: 2-13                     --
├─GradientReversalLayer: 1-6             --
├─SubjectDiscriminator: 1-7              --
│    └─Sequential: 2-14                  --
│    │    └─Linear: 3-17                 2,304
│    │    └─ReLU: 3-18                   --
│    │    └─Dropout: 3-19                --
│    │    └─Linear: 3-20                 32,896
│    │    └─ReLU: 3-21                   --
│    │    └─Dropout: 3-22                --
│    │    └─Linear: 3-23                 3,870
=================================================================
Total params: 75,976
Trainable params: 75,976
Non-trainable params: 0
=================================================================
TestSub: S[26, 27, 28, 29, 30] Epoch  1 Finsh | Now_lr 0.0001/0.0001 | Lambda 0.0005 | Train Loss 0.5085 | Valid Loss 1.2214 | Train Acc 73.4436| Valid Acc 50.8147
Validation acc increase (0.000000 --> 50.814689) in epoch (1).  Saving model ...
TestSub: S[26, 27, 28, 29, 30] Epoch  2 Finsh | Now_lr 0.0001/0.0001 | Lambda 0.0010 | Train Loss 0.3645 | Valid Loss 1.4344 | Train Acc 83.4199| Valid Acc 51.6719
Validation acc increase (50.814689 --> 51.671936) in epoch (2).  Saving model ...
TestSub: S[26, 27, 28, 29, 30] Epoch  3 Finsh | Now_lr 0.0001/0.0001 | Lambda 0.0015 | Train Loss 0.3199 | Valid Loss 1.6361 | Train Acc 85.9144| Valid Acc 49.6170
TestSub: S[26, 27, 28, 29, 30] Epoch  4 Finsh | Now_lr 0.0001/0.0001 | Lambda 0.0020 | Train Loss 0.2824 | Valid Loss 1.6681 | Train Acc 87.7152| Valid Acc 53.2436
Validation acc increase (51.671936 --> 53.243555) in epoch (4).  Saving model ...
TestSub: S[26, 27, 28, 29, 30] Epoch  5 Finsh | Now_lr 0.0001/0.0001 | Lambda 0.0024 | Train Loss 0.2498 | Valid Loss 2.0102 | Train Acc 89.5513| Valid Acc 52.5839
TestSub: S[26, 27, 28, 29, 30] Epoch  6 Finsh | Now_lr 0.0001/0.0001 | Lambda 0.0029 | Train Loss 0.2198 | Valid Loss 2.1915 | Train Acc 90.9624| Valid Acc 50.1338
TestSub: S[26, 27, 28, 29, 30] Epoch  7 Finsh | Now_lr 0.0001/0.0001 | Lambda 0.0034 | Train Loss 0.1927 | Valid Loss 2.4570 | Train Acc 92.1869| Valid Acc 52.8058
TestSub: S[26, 27, 28, 29, 30] Epoch  8 Finsh | Now_lr 0.0001/0.0001 | Lambda 0.0038 | Train Loss 0.1710 | Valid Loss 2.5380 | Train Acc 93.2436| Valid Acc 51.7601
TestSub: S[26, 27, 28, 29, 30] Epoch  9 Finsh | Now_lr 0.0001/0.0001 | Lambda 0.0042 | Train Loss 0.1507 | Valid Loss 2.6183 | Train Acc 94.1111| Valid Acc 51.7145
TestSub: S[26, 27, 28, 29, 30] Epoch 10 Finsh | Now_lr 0.0001/0.0001 | Lambda 0.0046 | Train Loss 0.1320 | Valid Loss 2.8912 | Train Acc 94.9380| Valid Acc 50.3222
TestSub: S[26, 27, 28, 29, 30] Epoch 11 Finsh | Now_lr 0.0001/0.0001 | Lambda 0.0050 | Train Loss 0.1237 | Valid Loss 2.8917 | Train Acc 95.2785| Valid Acc 51.8969
TestSub: S[26, 27, 28, 29, 30] Epoch 12 Finsh | Now_lr 0.0001/0.0001 | Lambda 0.0054 | Train Loss 0.1093 | Valid Loss 3.0853 | Train Acc 95.8767| Valid Acc 49.6565
TestSub: S[26, 27, 28, 29, 30] Epoch 13 Finsh | Now_lr 0.0001/0.0001 | Lambda 0.0057 | Train Loss 0.0990 | Valid Loss 3.2293 | Train Acc 96.2622| Valid Acc 49.7021
TestSub: S[26, 27, 28, 29, 30] Epoch 14 Finsh | Now_lr 0.0001/0.0001 | Lambda 0.0060 | Train Loss 0.0920 | Valid Loss 3.3179 | Train Acc 96.5479| Valid Acc 49.9848
TestSub: S[26, 27, 28, 29, 30] Epoch 15 Finsh | Now_lr 0.0001/0.0001 | Lambda 0.0064 | Train Loss 0.0848 | Valid Loss 3.4836 | Train Acc 96.8282| Valid Acc 49.2947
TestSub: S[26, 27, 28, 29, 30] Epoch 16 Finsh | Now_lr 0.0001/0.0001 | Lambda 0.0066 | Train Loss 0.0805 | Valid Loss 3.3622 | Train Acc 97.0015| Valid Acc 47.3188
TestSub: S[26, 27, 28, 29, 30] Epoch 17 Finsh | Now_lr 0.0001/0.0001 | Lambda 0.0069 | Train Loss 0.0720 | Valid Loss 3.4642 | Train Acc 97.3571| Valid Acc 49.4619
TestSub: S[26, 27, 28, 29, 30] Epoch 18 Finsh | Now_lr 0.0001/0.0001 | Lambda 0.0072 | Train Loss 0.0676 | Valid Loss 3.7592 | Train Acc 97.5359| Valid Acc 49.3647
TestSub: S[26, 27, 28, 29, 30] Epoch 19 Finsh | Now_lr 0.0001/0.0001 | Lambda 0.0074 | Train Loss 0.0644 | Valid Loss 3.5596 | Train Acc 97.6909| Valid Acc 48.3645
TestSub: S[26, 27, 28, 29, 30] Epoch 20 Finsh | Now_lr 0.0001/0.0001 | Lambda 0.0076 | Train Loss 0.0598 | Valid Loss 3.6140 | Train Acc 97.8429| Valid Acc 50.2158
TestSub: S[26, 27, 28, 29, 30] Epoch 21 Finsh | Now_lr 0.0001/0.0001 | Lambda 0.0078 | Train Loss 0.0556 | Valid Loss 3.6533 | Train Acc 97.9779| Valid Acc 49.3008
TestSub: S[26, 27, 28, 29, 30] Epoch 22 Finsh | Now_lr 0.0001/0.0001 | Lambda 0.0080 | Train Loss 0.0531 | Valid Loss 3.8531 | Train Acc 98.0812| Valid Acc 49.3677
TestSub: S[26, 27, 28, 29, 30] Epoch 23 Finsh | Now_lr 0.0001/0.0001 | Lambda 0.0082 | Train Loss 0.0497 | Valid Loss 3.8775 | Train Acc 98.1980| Valid Acc 47.6198
TestSub: S[26, 27, 28, 29, 30] Epoch 24 Finsh | Now_lr 0.0001/0.0001 | Lambda 0.0083 | Train Loss 0.0481 | Valid Loss 3.7384 | Train Acc 98.2837| Valid Acc 48.7020
TestSub: S[26, 27, 28, 29, 30] Epoch 25 Finsh | Now_lr 0.0001/0.0001 | Lambda 0.0085 | Train Loss 0.0456 | Valid Loss 3.8144 | Train Acc 98.3986| Valid Acc 48.8175
TestSub: S[26, 27, 28, 29, 30] Epoch 26 Finsh | Now_lr 0.0001/0.0001 | Lambda 0.0086 | Train Loss 0.0438 | Valid Loss 4.0209 | Train Acc 98.4491| Valid Acc 48.9239
TestSub: S[26, 27, 28, 29, 30] Epoch 27 Finsh | Now_lr 0.0001/0.0001 | Lambda 0.0087 | Train Loss 0.0420 | Valid Loss 3.8411 | Train Acc 98.5044| Valid Acc 48.7415
TestSub: S[26, 27, 28, 29, 30] Epoch 28 Finsh | Now_lr 0.0001/0.0001 | Lambda 0.0089 | Train Loss 0.0380 | Valid Loss 3.8592 | Train Acc 98.6770| Valid Acc 49.1002
TestSub: S[26, 27, 28, 29, 30] Epoch 29 Finsh | Now_lr 0.0001/0.0001 | Lambda 0.0090 | Train Loss 0.0371 | Valid Loss 4.2543 | Train Acc 98.6704| Valid Acc 48.1487
TestSub: S[26, 27, 28, 29, 30] Epoch 30 Finsh | Now_lr 0.0001/0.0001 | Lambda 0.0091 | Train Loss 0.0348 | Valid Loss 3.9950 | Train Acc 98.7646| Valid Acc 49.4771
TestSub: S[26, 27, 28, 29, 30] Epoch 31 Finsh | Now_lr 0.0001/0.0001 | Lambda 0.0091 | Train Loss 0.0344 | Valid Loss 4.1898 | Train Acc 98.8151| Valid Acc 48.1913
TestSub: S[26, 27, 28, 29, 30] Epoch 32 Finsh | Now_lr 0.0001/0.0001 | Lambda 0.0092 | Train Loss 0.0332 | Valid Loss 4.1842 | Train Acc 98.8205| Valid Acc 48.4861
TestSub: S[26, 27, 28, 29, 30] Epoch 33 Finsh | Now_lr 0.0001/0.0001 | Lambda 0.0093 | Train Loss 0.0310 | Valid Loss 4.1915 | Train Acc 98.9306| Valid Acc 47.9663
TestSub: S[26, 27, 28, 29, 30] Epoch 34 Finsh | Now_lr 0.0001/0.0001 | Lambda 0.0094 | Train Loss 0.0304 | Valid Loss 4.4747 | Train Acc 98.9640| Valid Acc 47.9207
TestSub: S[26, 27, 28, 29, 30] Epoch 35 Finsh | Now_lr 0.0001/0.0001 | Lambda 0.0094 | Train Loss 0.0302 | Valid Loss 4.1943 | Train Acc 98.9567| Valid Acc 49.2339
TestSub: S[26, 27, 28, 29, 30] Epoch 36 Finsh | Now_lr 0.0001/0.0001 | Lambda 0.0095 | Train Loss 0.0284 | Valid Loss 4.3663 | Train Acc 99.0345| Valid Acc 49.3221
TestSub: S[26, 27, 28, 29, 30] Epoch 37 Finsh | Now_lr 0.0001/0.0001 | Lambda 0.0095 | Train Loss 0.0285 | Valid Loss 4.4626 | Train Acc 99.0242| Valid Acc 48.0271
TestSub: S[26, 27, 28, 29, 30] Epoch 38 Finsh | Now_lr 0.0001/0.0001 | Lambda 0.0096 | Train Loss 0.0261 | Valid Loss 4.5942 | Train Acc 99.0990| Valid Acc 49.3008
TestSub: S[26, 27, 28, 29, 30] Epoch 39 Finsh | Now_lr 0.0001/0.0001 | Lambda 0.0096 | Train Loss 0.0250 | Valid Loss 4.2330 | Train Acc 99.1367| Valid Acc 49.9362
TestSub: S[26, 27, 28, 29, 30] Epoch 40 Finsh | Now_lr 0.0001/0.0001 | Lambda 0.0096 | Train Loss 0.0247 | Valid Loss 4.2931 | Train Acc 99.1756| Valid Acc 47.9937
TestSub: S[26, 27, 28, 29, 30] Epoch 41 Finsh | Now_lr 0.0001/0.0001 | Lambda 0.0097 | Train Loss 0.0244 | Valid Loss 4.3726 | Train Acc 99.1361| Valid Acc 47.8174
TestSub: S[26, 27, 28, 29, 30] Epoch 42 Finsh | Now_lr 0.0001/0.0001 | Lambda 0.0097 | Train Loss 0.0235 | Valid Loss 4.3164 | Train Acc 99.1829| Valid Acc 48.6138
TestSub: S[26, 27, 28, 29, 30] Epoch 43 Finsh | Now_lr 0.0001/0.0001 | Lambda 0.0097 | Train Loss 0.0229 | Valid Loss 4.5466 | Train Acc 99.2084| Valid Acc 47.1759
TestSub: S[26, 27, 28, 29, 30] Epoch 44 Finsh | Now_lr 0.0001/0.0001 | Lambda 0.0098 | Train Loss 0.0212 | Valid Loss 4.4373 | Train Acc 99.2729| Valid Acc 47.5377
TestSub: S[26, 27, 28, 29, 30] Epoch 45 Finsh | Now_lr 0.0001/0.0001 | Lambda 0.0098 | Train Loss 0.0203 | Valid Loss 4.5565 | Train Acc 99.2777| Valid Acc 49.0972
TestSub: S[26, 27, 28, 29, 30] Epoch 46 Finsh | Now_lr 0.0001/0.0001 | Lambda 0.0098 | Train Loss 0.0193 | Valid Loss 4.5274 | Train Acc 99.3264| Valid Acc 49.3890
TestSub: S[26, 27, 28, 29, 30] Epoch 47 Finsh | Now_lr 0.0001/0.0001 | Lambda 0.0098 | Train Loss 0.0200 | Valid Loss 4.4649 | Train Acc 99.2704| Valid Acc 49.6717
TestSub: S[26, 27, 28, 29, 30] Epoch 48 Finsh | Now_lr 0.0001/0.0001 | Lambda 0.0098 | Train Loss 0.0191 | Valid Loss 4.6441 | Train Acc 99.3489| Valid Acc 48.7111
TestSub: S[26, 27, 28, 29, 30] Epoch 49 Finsh | Now_lr 0.0001/0.0001 | Lambda 0.0099 | Train Loss 0.0186 | Valid Loss 4.6913 | Train Acc 99.3440| Valid Acc 48.1426
TestSub: S[26, 27, 28, 29, 30] Epoch 50 Finsh | Now_lr 0.0001/0.0001 | Lambda 0.0099 | Train Loss 0.0189 | Valid Loss 4.5535 | Train Acc 99.3464| Valid Acc 48.4983
TestSub: S[26, 27, 28, 29, 30] Epoch 51 Finsh | Now_lr 0.0001/0.0001 | Lambda 0.0099 | Train Loss 0.0181 | Valid Loss 4.7371 | Train Acc 99.3774| Valid Acc 48.1001
TestSub: S[26, 27, 28, 29, 30] Epoch 52 Finsh | Now_lr 0.0001/0.0001 | Lambda 0.0099 | Train Loss 0.0189 | Valid Loss 4.5508 | Train Acc 99.3458| Valid Acc 48.4892
TestSub: S[26, 27, 28, 29, 30] Epoch 53 Finsh | Now_lr 0.0001/0.0001 | Lambda 0.0099 | Train Loss 0.0180 | Valid Loss 4.9249 | Train Acc 99.3896| Valid Acc 46.9024
TestSub: S[26, 27, 28, 29, 30] Epoch 54 Finsh | Now_lr 0.0001/0.0001 | Lambda 0.0099 | Train Loss 0.0152 | Valid Loss 4.7068 | Train Acc 99.4875| Valid Acc 48.8114
TestSub: S[26, 27, 28, 29, 30] Epoch 55 Finsh | Now_lr 0.0001/0.0001 | Lambda 0.0099 | Train Loss 0.0161 | Valid Loss 4.8603 | Train Acc 99.4473| Valid Acc 48.9908
TestSub: S[26, 27, 28, 29, 30] Epoch 56 Finsh | Now_lr 0.0001/0.0001 | Lambda 0.0099 | Train Loss 0.0166 | Valid Loss 4.8489 | Train Acc 99.4534| Valid Acc 49.6869
TestSub: S[26, 27, 28, 29, 30] Epoch 57 Finsh | Now_lr 0.0001/0.0001 | Lambda 0.0099 | Train Loss 0.0152 | Valid Loss 4.9175 | Train Acc 99.4771| Valid Acc 50.0426
TestSub: S[26, 27, 28, 29, 30] Epoch 58 Finsh | Now_lr 0.0001/0.0001 | Lambda 0.0099 | Train Loss 0.0152 | Valid Loss 5.0050 | Train Acc 99.5312| Valid Acc 47.7870
TestSub: S[26, 27, 28, 29, 30] Epoch 59 Finsh | Now_lr 0.0001/0.0001 | Lambda 0.0099 | Train Loss 0.0163 | Valid Loss 4.6627 | Train Acc 99.4522| Valid Acc 49.3099
TestSub: S[26, 27, 28, 29, 30] Epoch 60 Finsh | Now_lr 0.0001/0.0001 | Lambda 0.0100 | Train Loss 0.0145 | Valid Loss 4.9214 | Train Acc 99.5051| Valid Acc 48.3159
TestSub: S[26, 27, 28, 29, 30] Epoch 61 Finsh | Now_lr 0.0001/0.0001 | Lambda 0.0100 | Train Loss 0.0139 | Valid Loss 5.0859 | Train Acc 99.5343| Valid Acc 48.6442
TestSub: S[26, 27, 28, 29, 30] Epoch 62 Finsh | Now_lr 0.0001/0.0001 | Lambda 0.0100 | Train Loss 0.0143 | Valid Loss 4.7001 | Train Acc 99.5185| Valid Acc 49.3403
TestSub: S[26, 27, 28, 29, 30] Epoch 63 Finsh | Now_lr 0.0001/0.0001 | Lambda 0.0100 | Train Loss 0.0133 | Valid Loss 5.4265 | Train Acc 99.5325| Valid Acc 48.3737
TestSub: S[26, 27, 28, 29, 30] Epoch 64 Finsh | Now_lr 0.0001/0.0001 | Lambda 0.0100 | Train Loss 0.0140 | Valid Loss 5.0984 | Train Acc 99.5100| Valid Acc 48.6047
TestSub: S[26, 27, 28, 29, 30] Epoch 65 Finsh | Now_lr 0.0001/0.0001 | Lambda 0.0100 | Train Loss 0.0141 | Valid Loss 4.9270 | Train Acc 99.5337| Valid Acc 48.5865
TestSub: S[26, 27, 28, 29, 30] Epoch 66 Finsh | Now_lr 0.0001/0.0001 | Lambda 0.0100 | Train Loss 0.0130 | Valid Loss 5.1891 | Train Acc 99.5696| Valid Acc 49.6109
TestSub: S[26, 27, 28, 29, 30] Epoch 67 Finsh | Now_lr 0.0001/0.0001 | Lambda 0.0100 | Train Loss 0.0129 | Valid Loss 4.8007 | Train Acc 99.5726| Valid Acc 49.2643
TestSub: S[26, 27, 28, 29, 30] Epoch 68 Finsh | Now_lr 0.0001/0.0001 | Lambda 0.0100 | Train Loss 0.0129 | Valid Loss 5.0294 | Train Acc 99.5726| Valid Acc 48.4892
TestSub: S[26, 27, 28, 29, 30] Epoch 69 Finsh | Now_lr 0.0001/0.0001 | Lambda 0.0100 | Train Loss 0.0126 | Valid Loss 5.2959 | Train Acc 99.5556| Valid Acc 47.7809
TestSub: S[26, 27, 28, 29, 30] Epoch 70 Finsh | Now_lr 0.0001/0.0001 | Lambda 0.0100 | Train Loss 0.0109 | Valid Loss 5.1414 | Train Acc 99.6340| Valid Acc 49.0242
TestSub: S[26, 27, 28, 29, 30] Epoch 71 Finsh | Now_lr 0.0001/0.0001 | Lambda 0.0100 | Train Loss 0.0119 | Valid Loss 5.1002 | Train Acc 99.5902| Valid Acc 49.2522
TestSub: S[26, 27, 28, 29, 30] Epoch 72 Finsh | Now_lr 0.0001/0.0001 | Lambda 0.0100 | Train Loss 0.0114 | Valid Loss 5.2433 | Train Acc 99.6127| Valid Acc 48.7050
TestSub: S[26, 27, 28, 29, 30] Epoch 73 Finsh | Now_lr 0.0001/0.0001 | Lambda 0.0100 | Train Loss 0.0117 | Valid Loss 5.0662 | Train Acc 99.6249| Valid Acc 49.0759
TestSub: S[26, 27, 28, 29, 30] Epoch 74 Finsh | Now_lr 0.0001/0.0001 | Lambda 0.0100 | Train Loss 0.0113 | Valid Loss 5.3666 | Train Acc 99.6370| Valid Acc 48.5439
TestSub: S[26, 27, 28, 29, 30] Epoch 75 Finsh | Now_lr 0.0001/0.0001 | Lambda 0.0100 | Train Loss 0.0119 | Valid Loss 5.3054 | Train Acc 99.6139| Valid Acc 49.6200
TestSub: S[26, 27, 28, 29, 30] Epoch 76 Finsh | Now_lr 0.0001/0.0001 | Lambda 0.0100 | Train Loss 0.0110 | Valid Loss 5.3308 | Train Acc 99.6395| Valid Acc 48.6837
TestSub: S[26, 27, 28, 29, 30] Epoch 77 Finsh | Now_lr 0.0001/0.0001 | Lambda 0.0100 | Train Loss 0.0107 | Valid Loss 5.2013 | Train Acc 99.6595| Valid Acc 49.0911
TestSub: S[26, 27, 28, 29, 30] Epoch 78 Finsh | Now_lr 0.0001/0.0001 | Lambda 0.0100 | Train Loss 0.0101 | Valid Loss 5.3814 | Train Acc 99.6504| Valid Acc 48.0454
TestSub: S[26, 27, 28, 29, 30] Epoch 79 Finsh | Now_lr 0.0001/0.0001 | Lambda 0.0100 | Train Loss 0.0110 | Valid Loss 5.3617 | Train Acc 99.6328| Valid Acc 47.7474
TestSub: S[26, 27, 28, 29, 30] Epoch 80 Finsh | Now_lr 0.0001/0.0001 | Lambda 0.0100 | Train Loss 0.0105 | Valid Loss 5.4262 | Train Acc 99.6462| Valid Acc 50.2006
TestSub: S[26, 27, 28, 29, 30] Epoch 81 Finsh | Now_lr 0.0001/0.0001 | Lambda 0.0100 | Train Loss 0.0100 | Valid Loss 5.3812 | Train Acc 99.6717| Valid Acc 47.1972
TestSub: S[26, 27, 28, 29, 30] Epoch 82 Finsh | Now_lr 0.0001/0.0001 | Lambda 0.0100 | Train Loss 0.0103 | Valid Loss 5.4540 | Train Acc 99.6559| Valid Acc 50.4590
TestSub: S[26, 27, 28, 29, 30] Epoch 83 Finsh | Now_lr 0.0001/0.0001 | Lambda 0.0100 | Train Loss 0.0108 | Valid Loss 5.4728 | Train Acc 99.6522| Valid Acc 48.2855
TestSub: S[26, 27, 28, 29, 30] Epoch 84 Finsh | Now_lr 0.0001/0.0001 | Lambda 0.0100 | Train Loss 0.0097 | Valid Loss 5.3371 | Train Acc 99.6656| Valid Acc 48.9482
TestSub: S[26, 27, 28, 29, 30] Epoch 85 Finsh | Now_lr 0.0001/0.0001 | Lambda 0.0100 | Train Loss 0.0090 | Valid Loss 5.4265 | Train Acc 99.6918| Valid Acc 48.7628
TestSub: S[26, 27, 28, 29, 30] Epoch 86 Finsh | Now_lr 0.0001/0.0001 | Lambda 0.0100 | Train Loss 0.0095 | Valid Loss 5.7896 | Train Acc 99.6814| Valid Acc 48.5226
TestSub: S[26, 27, 28, 29, 30] Epoch 87 Finsh | Now_lr 0.0001/0.0001 | Lambda 0.0100 | Train Loss 0.0090 | Valid Loss 5.0761 | Train Acc 99.6918| Valid Acc 48.5378
TestSub: S[26, 27, 28, 29, 30] Epoch 88 Finsh | Now_lr 0.0001/0.0001 | Lambda 0.0100 | Train Loss 0.0097 | Valid Loss 5.2501 | Train Acc 99.6851| Valid Acc 49.5288
TestSub: S[26, 27, 28, 29, 30] Epoch 89 Finsh | Now_lr 0.0001/0.0001 | Lambda 0.0100 | Train Loss 0.0099 | Valid Loss 5.5417 | Train Acc 99.6650| Valid Acc 49.0303
TestSub: S[26, 27, 28, 29, 30] Epoch 90 Finsh | Now_lr 0.0001/0.0001 | Lambda 0.0100 | Train Loss 0.0090 | Valid Loss 5.2312 | Train Acc 99.7185| Valid Acc 49.9027
TestSub: S[26, 27, 28, 29, 30] Epoch 91 Finsh | Now_lr 0.0001/0.0001 | Lambda 0.0100 | Train Loss 0.0094 | Valid Loss 5.2188 | Train Acc 99.6984| Valid Acc 49.9270
TestSub: S[26, 27, 28, 29, 30] Epoch 92 Finsh | Now_lr 0.0001/0.0001 | Lambda 0.0100 | Train Loss 0.0082 | Valid Loss 5.4034 | Train Acc 99.7295| Valid Acc 49.6991
TestSub: S[26, 27, 28, 29, 30] Epoch 93 Finsh | Now_lr 0.0001/0.0001 | Lambda 0.0100 | Train Loss 0.0089 | Valid Loss 5.4701 | Train Acc 99.7228| Valid Acc 49.1975
TestSub: S[26, 27, 28, 29, 30] Epoch 94 Finsh | Now_lr 0.0001/0.0001 | Lambda 0.0100 | Train Loss 0.0087 | Valid Loss 5.3485 | Train Acc 99.7149| Valid Acc 48.6533
TestSub: S[26, 27, 28, 29, 30] Epoch 95 Finsh | Now_lr 0.0001/0.0001 | Lambda 0.0100 | Train Loss 0.0083 | Valid Loss 5.3837 | Train Acc 99.7325| Valid Acc 49.0120
TestSub: S[26, 27, 28, 29, 30] Epoch 96 Finsh | Now_lr 0.0001/0.0001 | Lambda 0.0100 | Train Loss 0.0080 | Valid Loss 5.3669 | Train Acc 99.7459| Valid Acc 49.1580
TestSub: S[26, 27, 28, 29, 30] Epoch 97 Finsh | Now_lr 0.0001/0.0001 | Lambda 0.0100 | Train Loss 0.0086 | Valid Loss 5.1834 | Train Acc 99.7240| Valid Acc 49.3738
TestSub: S[26, 27, 28, 29, 30] Epoch 98 Finsh | Now_lr 0.0001/0.0001 | Lambda 0.0100 | Train Loss 0.0075 | Valid Loss 5.7650 | Train Acc 99.7307| Valid Acc 49.2947
TestSub: S[26, 27, 28, 29, 30] Epoch 99 Finsh | Now_lr 0.0001/0.0001 | Lambda 0.0100 | Train Loss 0.0082 | Valid Loss 5.4866 | Train Acc 99.7380| Valid Acc 48.5013
TestSub: S[26, 27, 28, 29, 30] Epoch 100 Finsh | Now_lr 0.0001/0.0001 | Lambda 0.0100 | Train Loss 0.0079 | Valid Loss 5.7964 | Train Acc 99.7428| Valid Acc 48.8600
--------------------------------------------------
Test_Subject :S[26, 27, 28, 29, 30] |Best epoch:4 | Test Loss:1.6681 | Best Acc 53.2436 | Savemodel Acc 53.2436
--------------------------------------------------
lr:0.0001 -> bs:64
5-Fold Cross Subject Accuracies: [53.17363813229572, 53.6630593385214, 51.87256809338522, 52.92436770428015, 54.176799610894946, 53.24355544747081]
Mean Accuracy over 5 folds: 53.1757
============================================================================================================
end time: 25-10-09-02:36:17
Current device is cuda:0
start time: task1_AAD_MM-AAD_trainer3_2025-10-08-15-41-37
============================================================================================================
Arguments =
	_action_groups: [<argparse._ArgumentGroup object at 0x7f5e3c88e430>, <argparse._ArgumentGroup object at 0x7f5e136d0610>]
	_actions: [_HelpAction(option_strings=['-h', '--help'], dest='help', nargs=0, const=None, default='==SUPPRESS==', type=None, choices=None, required=False, help='show this help message and exit', metavar=None)]
	_defaults: {}
	_has_negative_number_optionals: []
	_mutually_exclusive_groups: []
	_negative_number_matcher: re.compile('^-\\d+$|^-\\d*\\.\\d+$')
	_option_string_actions: {'-h': _HelpAction(option_strings=['-h', '--help'], dest='help', nargs=0, const=None, default='==SUPPRESS==', type=None, choices=None, required=False, help='show this help message and exit', metavar=None), '--help': _HelpAction(option_strings=['-h', '--help'], dest='help', nargs=0, const=None, default='==SUPPRESS==', type=None, choices=None, required=False, help='show this help message and exit', metavar=None)}
	_optionals: <argparse._ArgumentGroup object at 0x7f5e136d0610>
	_positionals: <argparse._ArgumentGroup object at 0x7f5e3c88e430>
	_registries: {'action': {None: <class 'argparse._StoreAction'>, 'store': <class 'argparse._StoreAction'>, 'store_const': <class 'argparse._StoreConstAction'>, 'store_true': <class 'argparse._StoreTrueAction'>, 'store_false': <class 'argparse._StoreFalseAction'>, 'append': <class 'argparse._AppendAction'>, 'append_const': <class 'argparse._AppendConstAction'>, 'count': <class 'argparse._CountAction'>, 'help': <class 'argparse._HelpAction'>, 'version': <class 'argparse._VersionAction'>, 'parsers': <class 'argparse._SubParsersAction'>, 'extend': <class 'argparse._ExtendAction'>}, 'type': {None: <function ArgumentParser.__init__.<locals>.identity at 0x7f5e136f04c0>}}
	_subparsers: None
	add_help: True
	allow_abbrev: True
	argument_default: None
	batch_size: 64
	conflict_handler: error
	data_path: /home/suyash.kumar.mec22.itbhu/EEG-AAD_audio_visual/preprocessed/data/
	dataset: MM-AAD
	description: None
	eeg_channel: 32
	epilog: None
	exit_on_error: True
	fig_path: ./exps/cross-subject/DARNet/figures/
	formatter_class: <class 'argparse.HelpFormatter'>
	fromfile_prefix_chars: None
	fs: 128
	label_path: /home/suyash.kumar.mec22.itbhu/EEG-AAD_audio_visual/preprocessed/label/
	lam: 0.2
	lambda_domain: 0.5
	log_interval: 10
	lr: 0.0003
	lr_decayrate: 0.5
	max_epoch: 100
	model: DARNet
	model_save_path: ./exps/cross-subject/DARNet/baseline_task1_AAD_MM-AAD_trainer3_2025-10-08-15-41-37
	overlap: 0.5
	patience: 10
	prefix_chars: -
	prog: trainer3.py
	seed: 42
	start_time: task1_AAD_MM-AAD_trainer3_2025-10-08-15-41-37
	subject_number: 40
	trail_number: 20
	usage: None
	use_domain_adversarial: True
	weight_decay: 0.0005
	win_len: 192
	win_time: 1.5
	window_lap: 96.0
============================================================================================================

========== Fold 1 ==========
Train IDs: [6, 7, 8, 9, 10, 11, 12, 13, 14, 15, 16, 17, 18, 19, 20, 21, 22, 23, 24, 25, 26, 27, 28, 29, 30]
Val IDs:   [1, 2, 3, 4, 5]
train_data_shape(164500, 32, 128),val_data_shape(32900, 32, 128)
=================================================================
Layer (type:depth-idx)                   Param #
=================================================================
DARNet                                   --
├─TokenEmbedding: 1-1                    --
│    └─Sequential: 2-1                   --
│    │    └─Conv2d: 3-1                  576
│    │    └─BatchNorm2d: 3-2             128
│    │    └─GELU: 3-3                    --
│    └─Sequential: 2-2                   --
│    │    └─Conv2d: 3-4                  32,784
│    │    └─BatchNorm2d: 3-5             32
│    │    └─GELU: 3-6                    --
│    └─PositionalEmbedding: 2-3          --
├─Flatten: 1-2                           --
├─Linear: 1-3                            18
├─AttnRefine: 1-4                        --
│    └─MyAttention: 2-4                  --
│    │    └─Attention: 3-7               800
│    └─Refine: 2-5                       --
│    │    └─Conv1d: 3-8                  784
│    │    └─BatchNorm1d: 3-9             32
│    │    └─ELU: 3-10                    --
│    │    └─MaxPool1d: 3-11              --
│    └─AdaptiveAvgPool1d: 2-6            --
│    └─Linear: 2-7                       68
│    └─Flatten: 2-8                      --
├─AttnRefine: 1-5                        --
│    └─MyAttention: 2-9                  --
│    │    └─Attention: 3-12              800
│    └─Refine: 2-10                      --
│    │    └─Conv1d: 3-13                 784
│    │    └─BatchNorm1d: 3-14            32
│    │    └─ELU: 3-15                    --
│    │    └─MaxPool1d: 3-16              --
│    └─AdaptiveAvgPool1d: 2-11           --
│    └─Linear: 2-12                      68
│    └─Flatten: 2-13                     --
├─GradientReversalLayer: 1-6             --
├─SubjectDiscriminator: 1-7              --
│    └─Sequential: 2-14                  --
│    │    └─Linear: 3-17                 2,304
│    │    └─ReLU: 3-18                   --
│    │    └─Dropout: 3-19                --
│    │    └─Linear: 3-20                 32,896
│    │    └─ReLU: 3-21                   --
│    │    └─Dropout: 3-22                --
│    │    └─Linear: 3-23                 3,870
=================================================================
Total params: 75,976
Trainable params: 75,976
Non-trainable params: 0
=================================================================
TestSub: S[1, 2, 3, 4, 5] Epoch  1 Finsh | Now_lr 0.0003/0.0003 | Lambda 0.0250 | Train Loss 0.4990 | Valid Loss 1.4099 | Train Acc 73.5998| Valid Acc 41.8410
Validation acc increase (0.000000 --> 41.840953) in epoch (1).  Saving model ...
TestSub: S[1, 2, 3, 4, 5] Epoch  2 Finsh | Now_lr 0.0003/0.0003 | Lambda 0.0498 | Train Loss 0.3584 | Valid Loss 1.6965 | Train Acc 83.1809| Valid Acc 43.2363
Validation acc increase (41.840953 --> 43.236260) in epoch (2).  Saving model ...
TestSub: S[1, 2, 3, 4, 5] Epoch  3 Finsh | Now_lr 0.0003/0.0003 | Lambda 0.0744 | Train Loss 0.2987 | Valid Loss 1.8382 | Train Acc 86.6111| Valid Acc 45.1970
Validation acc increase (43.236260 --> 45.196984) in epoch (3).  Saving model ...
TestSub: S[1, 2, 3, 4, 5] Epoch  4 Finsh | Now_lr 0.0003/0.0003 | Lambda 0.0987 | Train Loss 0.2463 | Valid Loss 2.0186 | Train Acc 89.5094| Valid Acc 46.5771
Validation acc increase (45.196984 --> 46.577091) in epoch (4).  Saving model ...
TestSub: S[1, 2, 3, 4, 5] Epoch  5 Finsh | Now_lr 0.0003/0.0003 | Lambda 0.1225 | Train Loss 0.2072 | Valid Loss 2.1218 | Train Acc 91.4847| Valid Acc 44.0874
TestSub: S[1, 2, 3, 4, 5] Epoch  6 Finsh | Now_lr 0.0003/0.0003 | Lambda 0.1457 | Train Loss 0.1728 | Valid Loss 2.3302 | Train Acc 93.0502| Valid Acc 48.7202
Validation acc increase (46.577091 --> 48.720209) in epoch (6).  Saving model ...
TestSub: S[1, 2, 3, 4, 5] Epoch  7 Finsh | Now_lr 0.0003/0.0003 | Lambda 0.1682 | Train Loss 0.1468 | Valid Loss 2.5018 | Train Acc 94.3452| Valid Acc 46.1697
TestSub: S[1, 2, 3, 4, 5] Epoch  8 Finsh | Now_lr 0.0003/0.0003 | Lambda 0.1900 | Train Loss 0.1292 | Valid Loss 2.3713 | Train Acc 95.1064| Valid Acc 47.8113
TestSub: S[1, 2, 3, 4, 5] Epoch  9 Finsh | Now_lr 0.0003/0.0003 | Lambda 0.2109 | Train Loss 0.1138 | Valid Loss 2.4001 | Train Acc 95.7217| Valid Acc 49.1519
Validation acc increase (48.720209 --> 49.151873) in epoch (9).  Saving model ...
TestSub: S[1, 2, 3, 4, 5] Epoch 10 Finsh | Now_lr 0.0003/0.0003 | Lambda 0.2311 | Train Loss 0.1005 | Valid Loss 2.6833 | Train Acc 96.2907| Valid Acc 48.7172
TestSub: S[1, 2, 3, 4, 5] Epoch 11 Finsh | Now_lr 0.0003/0.0003 | Lambda 0.2503 | Train Loss 0.0912 | Valid Loss 2.5440 | Train Acc 96.6586| Valid Acc 48.8084
TestSub: S[1, 2, 3, 4, 5] Epoch 12 Finsh | Now_lr 0.0003/0.0003 | Lambda 0.2685 | Train Loss 0.0842 | Valid Loss 2.8875 | Train Acc 96.9571| Valid Acc 46.5224
TestSub: S[1, 2, 3, 4, 5] Epoch 13 Finsh | Now_lr 0.0003/0.0003 | Lambda 0.2858 | Train Loss 0.0772 | Valid Loss 2.8563 | Train Acc 97.2112| Valid Acc 48.0393
TestSub: S[1, 2, 3, 4, 5] Epoch 14 Finsh | Now_lr 0.0003/0.0003 | Lambda 0.3022 | Train Loss 0.0724 | Valid Loss 2.8280 | Train Acc 97.4052| Valid Acc 46.3673
TestSub: S[1, 2, 3, 4, 5] Epoch 15 Finsh | Now_lr 0.0003/0.0003 | Lambda 0.3176 | Train Loss 0.0664 | Valid Loss 2.8966 | Train Acc 97.6331| Valid Acc 46.0026
TestSub: S[1, 2, 3, 4, 5] Epoch 16 Finsh | Now_lr 0.0003/0.0003 | Lambda 0.3320 | Train Loss 0.0633 | Valid Loss 2.9173 | Train Acc 97.7450| Valid Acc 46.6105
TestSub: S[1, 2, 3, 4, 5] Epoch 17 Finsh | Now_lr 0.0003/0.0003 | Lambda 0.3455 | Train Loss 0.0585 | Valid Loss 2.8576 | Train Acc 97.9189| Valid Acc 48.2703
TestSub: S[1, 2, 3, 4, 5] Epoch 18 Finsh | Now_lr 0.0003/0.0003 | Lambda 0.3581 | Train Loss 0.0550 | Valid Loss 3.1029 | Train Acc 98.0727| Valid Acc 46.0390
TestSub: S[1, 2, 3, 4, 5] Epoch 19 Finsh | Now_lr 0.0003/0.0003 | Lambda 0.3699 | Train Loss 0.0545 | Valid Loss 3.2121 | Train Acc 98.0776| Valid Acc 46.6196
TestSub: S[1, 2, 3, 4, 5] Epoch 20 Finsh | Now_lr 0.0003/0.0003 | Lambda 0.3808 | Train Loss 0.0529 | Valid Loss 3.1374 | Train Acc 98.1457| Valid Acc 46.0330
TestSub: S[1, 2, 3, 4, 5] Epoch 21 Finsh | Now_lr 0.0003/0.0003 | Lambda 0.3909 | Train Loss 0.0473 | Valid Loss 3.2802 | Train Acc 98.3153| Valid Acc 45.0237
TestSub: S[1, 2, 3, 4, 5] Epoch 22 Finsh | Now_lr 0.0003/0.0003 | Lambda 0.4002 | Train Loss 0.0455 | Valid Loss 3.2986 | Train Acc 98.4071| Valid Acc 45.3946
TestSub: S[1, 2, 3, 4, 5] Epoch 23 Finsh | Now_lr 0.0003/0.0003 | Lambda 0.4089 | Train Loss 0.0442 | Valid Loss 3.4160 | Train Acc 98.4643| Valid Acc 47.1000
TestSub: S[1, 2, 3, 4, 5] Epoch 24 Finsh | Now_lr 0.0003/0.0003 | Lambda 0.4168 | Train Loss 0.0426 | Valid Loss 3.1889 | Train Acc 98.5165| Valid Acc 46.8446
TestSub: S[1, 2, 3, 4, 5] Epoch 25 Finsh | Now_lr 0.0003/0.0003 | Lambda 0.4241 | Train Loss 0.0405 | Valid Loss 3.2438 | Train Acc 98.6041| Valid Acc 44.0175
TestSub: S[1, 2, 3, 4, 5] Epoch 26 Finsh | Now_lr 0.0003/0.0003 | Lambda 0.4309 | Train Loss 0.0375 | Valid Loss 3.2564 | Train Acc 98.7457| Valid Acc 44.4188
TestSub: S[1, 2, 3, 4, 5] Epoch 27 Finsh | Now_lr 0.0003/0.0003 | Lambda 0.4370 | Train Loss 0.0375 | Valid Loss 3.2589 | Train Acc 98.7190| Valid Acc 45.2122
TestSub: S[1, 2, 3, 4, 5] Epoch 28 Finsh | Now_lr 0.0003/0.0003 | Lambda 0.4427 | Train Loss 0.0354 | Valid Loss 3.3308 | Train Acc 98.7865| Valid Acc 45.3125
TestSub: S[1, 2, 3, 4, 5] Epoch 29 Finsh | Now_lr 0.0003/0.0003 | Lambda 0.4478 | Train Loss 0.0329 | Valid Loss 3.5079 | Train Acc 98.8564| Valid Acc 45.0663
TestSub: S[1, 2, 3, 4, 5] Epoch 30 Finsh | Now_lr 0.0003/0.0003 | Lambda 0.4526 | Train Loss 0.0320 | Valid Loss 3.6120 | Train Acc 98.8947| Valid Acc 45.2882
TestSub: S[1, 2, 3, 4, 5] Epoch 31 Finsh | Now_lr 0.0003/0.0003 | Lambda 0.4569 | Train Loss 0.0310 | Valid Loss 3.4534 | Train Acc 98.9470| Valid Acc 45.8202
TestSub: S[1, 2, 3, 4, 5] Epoch 32 Finsh | Now_lr 0.0003/0.0003 | Lambda 0.4608 | Train Loss 0.0297 | Valid Loss 3.3336 | Train Acc 98.9908| Valid Acc 45.8414
TestSub: S[1, 2, 3, 4, 5] Epoch 33 Finsh | Now_lr 0.0003/0.0003 | Lambda 0.4644 | Train Loss 0.0294 | Valid Loss 3.1652 | Train Acc 98.9920| Valid Acc 44.7258
TestSub: S[1, 2, 3, 4, 5] Epoch 34 Finsh | Now_lr 0.0003/0.0003 | Lambda 0.4677 | Train Loss 0.0280 | Valid Loss 3.5189 | Train Acc 99.0473| Valid Acc 45.8870
TestSub: S[1, 2, 3, 4, 5] Epoch 35 Finsh | Now_lr 0.0003/0.0003 | Lambda 0.4707 | Train Loss 0.0271 | Valid Loss 3.3821 | Train Acc 99.0783| Valid Acc 45.3915
TestSub: S[1, 2, 3, 4, 5] Epoch 36 Finsh | Now_lr 0.0003/0.0003 | Lambda 0.4734 | Train Loss 0.0261 | Valid Loss 3.5004 | Train Acc 99.1026| Valid Acc 45.6712
TestSub: S[1, 2, 3, 4, 5] Epoch 37 Finsh | Now_lr 0.0003/0.0003 | Lambda 0.4759 | Train Loss 0.0254 | Valid Loss 3.4477 | Train Acc 99.1525| Valid Acc 44.3458
TestSub: S[1, 2, 3, 4, 5] Epoch 38 Finsh | Now_lr 0.0003/0.0003 | Lambda 0.4781 | Train Loss 0.0240 | Valid Loss 3.5771 | Train Acc 99.2023| Valid Acc 45.9539
TestSub: S[1, 2, 3, 4, 5] Epoch 39 Finsh | Now_lr 0.0003/0.0003 | Lambda 0.4802 | Train Loss 0.0240 | Valid Loss 3.5715 | Train Acc 99.2108| Valid Acc 47.4739
TestSub: S[1, 2, 3, 4, 5] Epoch 40 Finsh | Now_lr 0.0003/0.0003 | Lambda 0.4820 | Train Loss 0.0241 | Valid Loss 3.6117 | Train Acc 99.1981| Valid Acc 45.4979
TestSub: S[1, 2, 3, 4, 5] Epoch 41 Finsh | Now_lr 0.0003/0.0003 | Lambda 0.4837 | Train Loss 0.0236 | Valid Loss 3.6741 | Train Acc 99.1981| Valid Acc 45.9326
TestSub: S[1, 2, 3, 4, 5] Epoch 42 Finsh | Now_lr 0.0003/0.0003 | Lambda 0.4852 | Train Loss 0.0219 | Valid Loss 3.4627 | Train Acc 99.2862| Valid Acc 45.9600
TestSub: S[1, 2, 3, 4, 5] Epoch 43 Finsh | Now_lr 0.0003/0.0003 | Lambda 0.4866 | Train Loss 0.0216 | Valid Loss 3.5789 | Train Acc 99.2820| Valid Acc 45.8566
TestSub: S[1, 2, 3, 4, 5] Epoch 44 Finsh | Now_lr 0.0003/0.0003 | Lambda 0.4879 | Train Loss 0.0221 | Valid Loss 3.6203 | Train Acc 99.2522| Valid Acc 46.6500
TestSub: S[1, 2, 3, 4, 5] Epoch 45 Finsh | Now_lr 0.0003/0.0003 | Lambda 0.4890 | Train Loss 0.0205 | Valid Loss 3.5308 | Train Acc 99.2996| Valid Acc 44.7836
TestSub: S[1, 2, 3, 4, 5] Epoch 46 Finsh | Now_lr 0.0003/0.0003 | Lambda 0.4900 | Train Loss 0.0193 | Valid Loss 3.4355 | Train Acc 99.3410| Valid Acc 47.2884
TestSub: S[1, 2, 3, 4, 5] Epoch 47 Finsh | Now_lr 0.0003/0.0003 | Lambda 0.4910 | Train Loss 0.0201 | Valid Loss 3.7086 | Train Acc 99.3525| Valid Acc 44.6954
TestSub: S[1, 2, 3, 4, 5] Epoch 48 Finsh | Now_lr 0.0003/0.0003 | Lambda 0.4918 | Train Loss 0.0196 | Valid Loss 3.8039 | Train Acc 99.3428| Valid Acc 46.8264
TestSub: S[1, 2, 3, 4, 5] Epoch 49 Finsh | Now_lr 0.0003/0.0003 | Lambda 0.4926 | Train Loss 0.0193 | Valid Loss 3.8623 | Train Acc 99.3495| Valid Acc 45.9205
TestSub: S[1, 2, 3, 4, 5] Epoch 50 Finsh | Now_lr 0.0003/0.0003 | Lambda 0.4933 | Train Loss 0.0191 | Valid Loss 3.6497 | Train Acc 99.3750| Valid Acc 47.1243
TestSub: S[1, 2, 3, 4, 5] Epoch 51 Finsh | Now_lr 0.0003/0.0003 | Lambda 0.4939 | Train Loss 0.0183 | Valid Loss 3.8573 | Train Acc 99.3920| Valid Acc 46.0694
TestSub: S[1, 2, 3, 4, 5] Epoch 52 Finsh | Now_lr 0.0003/0.0003 | Lambda 0.4945 | Train Loss 0.0185 | Valid Loss 3.6993 | Train Acc 99.3847| Valid Acc 48.8296
TestSub: S[1, 2, 3, 4, 5] Epoch 53 Finsh | Now_lr 0.0003/0.0003 | Lambda 0.4950 | Train Loss 0.0183 | Valid Loss 3.6475 | Train Acc 99.4249| Valid Acc 45.8566
TestSub: S[1, 2, 3, 4, 5] Epoch 54 Finsh | Now_lr 0.0003/0.0003 | Lambda 0.4955 | Train Loss 0.0170 | Valid Loss 3.5383 | Train Acc 99.4321| Valid Acc 48.6412
TestSub: S[1, 2, 3, 4, 5] Epoch 55 Finsh | Now_lr 0.0003/0.0003 | Lambda 0.4959 | Train Loss 0.0174 | Valid Loss 3.5305 | Train Acc 99.4255| Valid Acc 47.5103
TestSub: S[1, 2, 3, 4, 5] Epoch 56 Finsh | Now_lr 0.0003/0.0003 | Lambda 0.4963 | Train Loss 0.0172 | Valid Loss 3.3818 | Train Acc 99.4425| Valid Acc 47.1516
TestSub: S[1, 2, 3, 4, 5] Epoch 57 Finsh | Now_lr 0.0003/0.0003 | Lambda 0.4967 | Train Loss 0.0167 | Valid Loss 3.4785 | Train Acc 99.4735| Valid Acc 47.5620
TestSub: S[1, 2, 3, 4, 5] Epoch 58 Finsh | Now_lr 0.0003/0.0003 | Lambda 0.4970 | Train Loss 0.0165 | Valid Loss 3.8276 | Train Acc 99.4607| Valid Acc 46.6835
TestSub: S[1, 2, 3, 4, 5] Epoch 59 Finsh | Now_lr 0.0003/0.0003 | Lambda 0.4973 | Train Loss 0.0167 | Valid Loss 3.7966 | Train Acc 99.4613| Valid Acc 47.0452
TestSub: S[1, 2, 3, 4, 5] Epoch 60 Finsh | Now_lr 0.0003/0.0003 | Lambda 0.4975 | Train Loss 0.0161 | Valid Loss 3.6684 | Train Acc 99.4759| Valid Acc 48.2885
TestSub: S[1, 2, 3, 4, 5] Epoch 61 Finsh | Now_lr 0.0003/0.0003 | Lambda 0.4978 | Train Loss 0.0148 | Valid Loss 3.9022 | Train Acc 99.5063| Valid Acc 48.5257
TestSub: S[1, 2, 3, 4, 5] Epoch 62 Finsh | Now_lr 0.0003/0.0003 | Lambda 0.4980 | Train Loss 0.0155 | Valid Loss 3.8333 | Train Acc 99.5100| Valid Acc 48.2581
TestSub: S[1, 2, 3, 4, 5] Epoch 63 Finsh | Now_lr 0.0003/0.0003 | Lambda 0.4982 | Train Loss 0.0158 | Valid Loss 3.5567 | Train Acc 99.5069| Valid Acc 47.3219
TestSub: S[1, 2, 3, 4, 5] Epoch 64 Finsh | Now_lr 0.0003/0.0003 | Lambda 0.4983 | Train Loss 0.0142 | Valid Loss 3.7278 | Train Acc 99.5276| Valid Acc 47.5134
TestSub: S[1, 2, 3, 4, 5] Epoch 65 Finsh | Now_lr 0.0003/0.0003 | Lambda 0.4985 | Train Loss 0.0147 | Valid Loss 3.6161 | Train Acc 99.5227| Valid Acc 48.3037
TestSub: S[1, 2, 3, 4, 5] Epoch 66 Finsh | Now_lr 0.0003/0.0003 | Lambda 0.4986 | Train Loss 0.0146 | Valid Loss 3.6034 | Train Acc 99.5167| Valid Acc 48.1882
TestSub: S[1, 2, 3, 4, 5] Epoch 67 Finsh | Now_lr 0.0003/0.0003 | Lambda 0.4988 | Train Loss 0.0148 | Valid Loss 3.6354 | Train Acc 99.5185| Valid Acc 46.0694
TestSub: S[1, 2, 3, 4, 5] Epoch 68 Finsh | Now_lr 0.0003/0.0003 | Lambda 0.4989 | Train Loss 0.0147 | Valid Loss 3.8744 | Train Acc 99.5276| Valid Acc 47.9420
TestSub: S[1, 2, 3, 4, 5] Epoch 69 Finsh | Now_lr 0.0003/0.0003 | Lambda 0.4990 | Train Loss 0.0142 | Valid Loss 3.5990 | Train Acc 99.5392| Valid Acc 48.8844
TestSub: S[1, 2, 3, 4, 5] Epoch 70 Finsh | Now_lr 0.0003/0.0003 | Lambda 0.4991 | Train Loss 0.0144 | Valid Loss 3.6796 | Train Acc 99.5592| Valid Acc 48.9573
TestSub: S[1, 2, 3, 4, 5] Epoch 71 Finsh | Now_lr 0.0003/0.0003 | Lambda 0.4992 | Train Loss 0.0139 | Valid Loss 3.6662 | Train Acc 99.5519| Valid Acc 48.4983
TestSub: S[1, 2, 3, 4, 5] Epoch 72 Finsh | Now_lr 0.0003/0.0003 | Lambda 0.4993 | Train Loss 0.0136 | Valid Loss 3.7131 | Train Acc 99.5744| Valid Acc 48.0484
TestSub: S[1, 2, 3, 4, 5] Epoch 73 Finsh | Now_lr 0.0003/0.0003 | Lambda 0.4993 | Train Loss 0.0130 | Valid Loss 3.6702 | Train Acc 99.5951| Valid Acc 45.8870
TestSub: S[1, 2, 3, 4, 5] Epoch 74 Finsh | Now_lr 0.0003/0.0003 | Lambda 0.4994 | Train Loss 0.0131 | Valid Loss 3.8820 | Train Acc 99.5689| Valid Acc 46.6105
TestSub: S[1, 2, 3, 4, 5] Epoch 75 Finsh | Now_lr 0.0003/0.0003 | Lambda 0.4994 | Train Loss 0.0129 | Valid Loss 3.9561 | Train Acc 99.5823| Valid Acc 46.5133
TestSub: S[1, 2, 3, 4, 5] Epoch 76 Finsh | Now_lr 0.0003/0.0003 | Lambda 0.4995 | Train Loss 0.0127 | Valid Loss 3.9560 | Train Acc 99.6030| Valid Acc 46.6500
TestSub: S[1, 2, 3, 4, 5] Epoch 77 Finsh | Now_lr 0.0003/0.0003 | Lambda 0.4995 | Train Loss 0.0124 | Valid Loss 3.9567 | Train Acc 99.5835| Valid Acc 47.2702
TestSub: S[1, 2, 3, 4, 5] Epoch 78 Finsh | Now_lr 0.0003/0.0003 | Lambda 0.4996 | Train Loss 0.0120 | Valid Loss 3.7655 | Train Acc 99.6310| Valid Acc 48.4101
TestSub: S[1, 2, 3, 4, 5] Epoch 79 Finsh | Now_lr 0.0003/0.0003 | Lambda 0.4996 | Train Loss 0.0126 | Valid Loss 3.7271 | Train Acc 99.6079| Valid Acc 45.6469
TestSub: S[1, 2, 3, 4, 5] Epoch 80 Finsh | Now_lr 0.0003/0.0003 | Lambda 0.4997 | Train Loss 0.0112 | Valid Loss 3.9364 | Train Acc 99.6541| Valid Acc 46.8172
TestSub: S[1, 2, 3, 4, 5] Epoch 81 Finsh | Now_lr 0.0003/0.0003 | Lambda 0.4997 | Train Loss 0.0115 | Valid Loss 3.8339 | Train Acc 99.6158| Valid Acc 47.2854
TestSub: S[1, 2, 3, 4, 5] Epoch 82 Finsh | Now_lr 0.0003/0.0003 | Lambda 0.4997 | Train Loss 0.0117 | Valid Loss 3.6982 | Train Acc 99.6285| Valid Acc 48.7080
TestSub: S[1, 2, 3, 4, 5] Epoch 83 Finsh | Now_lr 0.0003/0.0003 | Lambda 0.4998 | Train Loss 0.0117 | Valid Loss 4.1325 | Train Acc 99.6279| Valid Acc 46.4099
TestSub: S[1, 2, 3, 4, 5] Epoch 84 Finsh | Now_lr 0.0003/0.0003 | Lambda 0.4998 | Train Loss 0.0114 | Valid Loss 3.8457 | Train Acc 99.6206| Valid Acc 48.1913
TestSub: S[1, 2, 3, 4, 5] Epoch 85 Finsh | Now_lr 0.0003/0.0003 | Lambda 0.4998 | Train Loss 0.0106 | Valid Loss 3.5277 | Train Acc 99.6687| Valid Acc 47.8508
TestSub: S[1, 2, 3, 4, 5] Epoch 86 Finsh | Now_lr 0.0003/0.0003 | Lambda 0.4998 | Train Loss 0.0113 | Valid Loss 4.0266 | Train Acc 99.6358| Valid Acc 46.1454
TestSub: S[1, 2, 3, 4, 5] Epoch 87 Finsh | Now_lr 0.0003/0.0003 | Lambda 0.4998 | Train Loss 0.0110 | Valid Loss 3.8751 | Train Acc 99.6431| Valid Acc 47.8964
TestSub: S[1, 2, 3, 4, 5] Epoch 88 Finsh | Now_lr 0.0003/0.0003 | Lambda 0.4998 | Train Loss 0.0108 | Valid Loss 3.8000 | Train Acc 99.6486| Valid Acc 47.4404
TestSub: S[1, 2, 3, 4, 5] Epoch 89 Finsh | Now_lr 0.0003/0.0003 | Lambda 0.4999 | Train Loss 0.0101 | Valid Loss 3.6690 | Train Acc 99.6699| Valid Acc 47.4830
TestSub: S[1, 2, 3, 4, 5] Epoch 90 Finsh | Now_lr 0.0003/0.0003 | Lambda 0.4999 | Train Loss 0.0110 | Valid Loss 3.9624 | Train Acc 99.6516| Valid Acc 46.8324
TestSub: S[1, 2, 3, 4, 5] Epoch 91 Finsh | Now_lr 0.0003/0.0003 | Lambda 0.4999 | Train Loss 0.0105 | Valid Loss 3.8031 | Train Acc 99.6516| Valid Acc 46.4829
TestSub: S[1, 2, 3, 4, 5] Epoch 92 Finsh | Now_lr 0.0003/0.0003 | Lambda 0.4999 | Train Loss 0.0104 | Valid Loss 3.7402 | Train Acc 99.6796| Valid Acc 46.1697
TestSub: S[1, 2, 3, 4, 5] Epoch 93 Finsh | Now_lr 0.0003/0.0003 | Lambda 0.4999 | Train Loss 0.0100 | Valid Loss 3.7680 | Train Acc 99.6778| Valid Acc 48.1396
TestSub: S[1, 2, 3, 4, 5] Epoch 94 Finsh | Now_lr 0.0003/0.0003 | Lambda 0.4999 | Train Loss 0.0108 | Valid Loss 3.7444 | Train Acc 99.6583| Valid Acc 46.7078
TestSub: S[1, 2, 3, 4, 5] Epoch 95 Finsh | Now_lr 0.0003/0.0003 | Lambda 0.4999 | Train Loss 0.0099 | Valid Loss 3.7708 | Train Acc 99.6814| Valid Acc 47.9238
TestSub: S[1, 2, 3, 4, 5] Epoch 96 Finsh | Now_lr 0.0003/0.0003 | Lambda 0.4999 | Train Loss 0.0092 | Valid Loss 3.9244 | Train Acc 99.7155| Valid Acc 47.6958
TestSub: S[1, 2, 3, 4, 5] Epoch 97 Finsh | Now_lr 0.0003/0.0003 | Lambda 0.4999 | Train Loss 0.0105 | Valid Loss 3.8775 | Train Acc 99.6705| Valid Acc 46.0877
TestSub: S[1, 2, 3, 4, 5] Epoch 98 Finsh | Now_lr 0.0003/0.0003 | Lambda 0.4999 | Train Loss 0.0088 | Valid Loss 3.7150 | Train Acc 99.7404| Valid Acc 47.3431
TestSub: S[1, 2, 3, 4, 5] Epoch 99 Finsh | Now_lr 0.0003/0.0003 | Lambda 0.4999 | Train Loss 0.0098 | Valid Loss 3.9375 | Train Acc 99.6814| Valid Acc 47.6137
TestSub: S[1, 2, 3, 4, 5] Epoch 100 Finsh | Now_lr 0.0003/0.0003 | Lambda 0.5000 | Train Loss 0.0100 | Valid Loss 3.8667 | Train Acc 99.6802| Valid Acc 46.6257
--------------------------------------------------
Test_Subject :S[1, 2, 3, 4, 5] |Best epoch:9 | Test Loss:2.4001 | Best Acc 49.1519 | Savemodel Acc 49.1519
--------------------------------------------------

========== Fold 2 ==========
Train IDs: [1, 2, 3, 4, 5, 11, 12, 13, 14, 15, 16, 17, 18, 19, 20, 21, 22, 23, 24, 25, 26, 27, 28, 29, 30]
Val IDs:   [6, 7, 8, 9, 10]
train_data_shape(164500, 32, 128),val_data_shape(32900, 32, 128)
=================================================================
Layer (type:depth-idx)                   Param #
=================================================================
DARNet                                   --
├─TokenEmbedding: 1-1                    --
│    └─Sequential: 2-1                   --
│    │    └─Conv2d: 3-1                  576
│    │    └─BatchNorm2d: 3-2             128
│    │    └─GELU: 3-3                    --
│    └─Sequential: 2-2                   --
│    │    └─Conv2d: 3-4                  32,784
│    │    └─BatchNorm2d: 3-5             32
│    │    └─GELU: 3-6                    --
│    └─PositionalEmbedding: 2-3          --
├─Flatten: 1-2                           --
├─Linear: 1-3                            18
├─AttnRefine: 1-4                        --
│    └─MyAttention: 2-4                  --
│    │    └─Attention: 3-7               800
│    └─Refine: 2-5                       --
│    │    └─Conv1d: 3-8                  784
│    │    └─BatchNorm1d: 3-9             32
│    │    └─ELU: 3-10                    --
│    │    └─MaxPool1d: 3-11              --
│    └─AdaptiveAvgPool1d: 2-6            --
│    └─Linear: 2-7                       68
│    └─Flatten: 2-8                      --
├─AttnRefine: 1-5                        --
│    └─MyAttention: 2-9                  --
│    │    └─Attention: 3-12              800
│    └─Refine: 2-10                      --
│    │    └─Conv1d: 3-13                 784
│    │    └─BatchNorm1d: 3-14            32
│    │    └─ELU: 3-15                    --
│    │    └─MaxPool1d: 3-16              --
│    └─AdaptiveAvgPool1d: 2-11           --
│    └─Linear: 2-12                      68
│    └─Flatten: 2-13                     --
├─GradientReversalLayer: 1-6             --
├─SubjectDiscriminator: 1-7              --
│    └─Sequential: 2-14                  --
│    │    └─Linear: 3-17                 2,304
│    │    └─ReLU: 3-18                   --
│    │    └─Dropout: 3-19                --
│    │    └─Linear: 3-20                 32,896
│    │    └─ReLU: 3-21                   --
│    │    └─Dropout: 3-22                --
│    │    └─Linear: 3-23                 3,870
=================================================================
Total params: 75,976
Trainable params: 75,976
Non-trainable params: 0
=================================================================
TestSub: S[6, 7, 8, 9, 10] Epoch  1 Finsh | Now_lr 0.0003/0.0003 | Lambda 0.0250 | Train Loss 0.4923 | Valid Loss 1.3442 | Train Acc 74.7830| Valid Acc 50.5381
Validation acc increase (0.000000 --> 50.538059) in epoch (1).  Saving model ...
TestSub: S[6, 7, 8, 9, 10] Epoch  2 Finsh | Now_lr 0.0003/0.0003 | Lambda 0.0498 | Train Loss 0.3594 | Valid Loss 1.4771 | Train Acc 83.7445| Valid Acc 50.6840
Validation acc increase (50.538059 --> 50.683974) in epoch (2).  Saving model ...
TestSub: S[6, 7, 8, 9, 10] Epoch  3 Finsh | Now_lr 0.0003/0.0003 | Lambda 0.0744 | Train Loss 0.2924 | Valid Loss 1.7291 | Train Acc 87.3109| Valid Acc 50.4560
TestSub: S[6, 7, 8, 9, 10] Epoch  4 Finsh | Now_lr 0.0003/0.0003 | Lambda 0.0987 | Train Loss 0.2358 | Valid Loss 1.8105 | Train Acc 90.1642| Valid Acc 51.3193
Validation acc increase (50.683974 --> 51.319309) in epoch (4).  Saving model ...
TestSub: S[6, 7, 8, 9, 10] Epoch  5 Finsh | Now_lr 0.0003/0.0003 | Lambda 0.1225 | Train Loss 0.1894 | Valid Loss 1.9806 | Train Acc 92.3571| Valid Acc 50.7964
TestSub: S[6, 7, 8, 9, 10] Epoch  6 Finsh | Now_lr 0.0003/0.0003 | Lambda 0.1457 | Train Loss 0.1599 | Valid Loss 2.0303 | Train Acc 93.7050| Valid Acc 51.1764
TestSub: S[6, 7, 8, 9, 10] Epoch  7 Finsh | Now_lr 0.0003/0.0003 | Lambda 0.1682 | Train Loss 0.1392 | Valid Loss 2.0715 | Train Acc 94.6991| Valid Acc 51.0883
TestSub: S[6, 7, 8, 9, 10] Epoch  8 Finsh | Now_lr 0.0003/0.0003 | Lambda 0.1900 | Train Loss 0.1217 | Valid Loss 2.1462 | Train Acc 95.4098| Valid Acc 52.2982
Validation acc increase (51.319309 --> 52.298152) in epoch (8).  Saving model ...
TestSub: S[6, 7, 8, 9, 10] Epoch  9 Finsh | Now_lr 0.0003/0.0003 | Lambda 0.2109 | Train Loss 0.1095 | Valid Loss 2.2758 | Train Acc 95.9016| Valid Acc 53.5111
Validation acc increase (52.298152 --> 53.511065) in epoch (9).  Saving model ...
TestSub: S[6, 7, 8, 9, 10] Epoch 10 Finsh | Now_lr 0.0003/0.0003 | Lambda 0.2311 | Train Loss 0.0988 | Valid Loss 2.2178 | Train Acc 96.3625| Valid Acc 55.1648
Validation acc increase (53.511065 --> 55.164762) in epoch (10).  Saving model ...
TestSub: S[6, 7, 8, 9, 10] Epoch 11 Finsh | Now_lr 0.0003/0.0003 | Lambda 0.2503 | Train Loss 0.0873 | Valid Loss 2.3581 | Train Acc 96.8343| Valid Acc 54.1677
TestSub: S[6, 7, 8, 9, 10] Epoch 12 Finsh | Now_lr 0.0003/0.0003 | Lambda 0.2685 | Train Loss 0.0780 | Valid Loss 2.3584 | Train Acc 97.1474| Valid Acc 54.2406
TestSub: S[6, 7, 8, 9, 10] Epoch 13 Finsh | Now_lr 0.0003/0.0003 | Lambda 0.2858 | Train Loss 0.0717 | Valid Loss 2.3749 | Train Acc 97.4155| Valid Acc 52.2222
TestSub: S[6, 7, 8, 9, 10] Epoch 14 Finsh | Now_lr 0.0003/0.0003 | Lambda 0.3022 | Train Loss 0.0680 | Valid Loss 2.5406 | Train Acc 97.5644| Valid Acc 53.0916
TestSub: S[6, 7, 8, 9, 10] Epoch 15 Finsh | Now_lr 0.0003/0.0003 | Lambda 0.3176 | Train Loss 0.0601 | Valid Loss 2.7375 | Train Acc 97.8836| Valid Acc 52.1370
TestSub: S[6, 7, 8, 9, 10] Epoch 16 Finsh | Now_lr 0.0003/0.0003 | Lambda 0.3320 | Train Loss 0.0579 | Valid Loss 2.7925 | Train Acc 97.9420| Valid Acc 51.9790
TestSub: S[6, 7, 8, 9, 10] Epoch 17 Finsh | Now_lr 0.0003/0.0003 | Lambda 0.3455 | Train Loss 0.0549 | Valid Loss 2.8006 | Train Acc 98.0721| Valid Acc 51.9394
TestSub: S[6, 7, 8, 9, 10] Epoch 18 Finsh | Now_lr 0.0003/0.0003 | Lambda 0.3581 | Train Loss 0.0519 | Valid Loss 2.7300 | Train Acc 98.1949| Valid Acc 52.8757
TestSub: S[6, 7, 8, 9, 10] Epoch 19 Finsh | Now_lr 0.0003/0.0003 | Lambda 0.3699 | Train Loss 0.0479 | Valid Loss 2.8652 | Train Acc 98.3664| Valid Acc 50.9302
TestSub: S[6, 7, 8, 9, 10] Epoch 20 Finsh | Now_lr 0.0003/0.0003 | Lambda 0.3808 | Train Loss 0.0454 | Valid Loss 3.0706 | Train Acc 98.4156| Valid Acc 50.2523
TestSub: S[6, 7, 8, 9, 10] Epoch 21 Finsh | Now_lr 0.0003/0.0003 | Lambda 0.3909 | Train Loss 0.0437 | Valid Loss 2.8249 | Train Acc 98.4442| Valid Acc 51.6598
TestSub: S[6, 7, 8, 9, 10] Epoch 22 Finsh | Now_lr 0.0003/0.0003 | Lambda 0.4002 | Train Loss 0.0419 | Valid Loss 2.7723 | Train Acc 98.5688| Valid Acc 52.5717
TestSub: S[6, 7, 8, 9, 10] Epoch 23 Finsh | Now_lr 0.0003/0.0003 | Lambda 0.4089 | Train Loss 0.0397 | Valid Loss 3.0357 | Train Acc 98.6162| Valid Acc 51.8786
TestSub: S[6, 7, 8, 9, 10] Epoch 24 Finsh | Now_lr 0.0003/0.0003 | Lambda 0.4168 | Train Loss 0.0379 | Valid Loss 3.1758 | Train Acc 98.7239| Valid Acc 50.6536
TestSub: S[6, 7, 8, 9, 10] Epoch 25 Finsh | Now_lr 0.0003/0.0003 | Lambda 0.4241 | Train Loss 0.0370 | Valid Loss 3.2403 | Train Acc 98.6995| Valid Acc 51.9850
TestSub: S[6, 7, 8, 9, 10] Epoch 26 Finsh | Now_lr 0.0003/0.0003 | Lambda 0.4309 | Train Loss 0.0351 | Valid Loss 3.1439 | Train Acc 98.7792| Valid Acc 50.7691
TestSub: S[6, 7, 8, 9, 10] Epoch 27 Finsh | Now_lr 0.0003/0.0003 | Lambda 0.4370 | Train Loss 0.0336 | Valid Loss 3.1745 | Train Acc 98.8455| Valid Acc 50.7296
TestSub: S[6, 7, 8, 9, 10] Epoch 28 Finsh | Now_lr 0.0003/0.0003 | Lambda 0.4427 | Train Loss 0.0326 | Valid Loss 3.3797 | Train Acc 98.8728| Valid Acc 50.9971
TestSub: S[6, 7, 8, 9, 10] Epoch 29 Finsh | Now_lr 0.0003/0.0003 | Lambda 0.4478 | Train Loss 0.0309 | Valid Loss 3.3715 | Train Acc 98.9549| Valid Acc 51.4926
TestSub: S[6, 7, 8, 9, 10] Epoch 30 Finsh | Now_lr 0.0003/0.0003 | Lambda 0.4526 | Train Loss 0.0308 | Valid Loss 3.2978 | Train Acc 98.9585| Valid Acc 51.1886
TestSub: S[6, 7, 8, 9, 10] Epoch 31 Finsh | Now_lr 0.0003/0.0003 | Lambda 0.4569 | Train Loss 0.0285 | Valid Loss 3.3197 | Train Acc 99.0248| Valid Acc 51.5868
TestSub: S[6, 7, 8, 9, 10] Epoch 32 Finsh | Now_lr 0.0003/0.0003 | Lambda 0.4608 | Train Loss 0.0280 | Valid Loss 3.4578 | Train Acc 99.0607| Valid Acc 51.0153
TestSub: S[6, 7, 8, 9, 10] Epoch 33 Finsh | Now_lr 0.0003/0.0003 | Lambda 0.4644 | Train Loss 0.0286 | Valid Loss 3.1747 | Train Acc 99.0072| Valid Acc 50.3739
TestSub: S[6, 7, 8, 9, 10] Epoch 34 Finsh | Now_lr 0.0003/0.0003 | Lambda 0.4677 | Train Loss 0.0255 | Valid Loss 3.1887 | Train Acc 99.1403| Valid Acc 50.7782
TestSub: S[6, 7, 8, 9, 10] Epoch 35 Finsh | Now_lr 0.0003/0.0003 | Lambda 0.4707 | Train Loss 0.0265 | Valid Loss 3.2403 | Train Acc 99.1136| Valid Acc 50.2949
TestSub: S[6, 7, 8, 9, 10] Epoch 36 Finsh | Now_lr 0.0003/0.0003 | Lambda 0.4734 | Train Loss 0.0249 | Valid Loss 3.3404 | Train Acc 99.1555| Valid Acc 50.7904
TestSub: S[6, 7, 8, 9, 10] Epoch 37 Finsh | Now_lr 0.0003/0.0003 | Lambda 0.4759 | Train Loss 0.0239 | Valid Loss 3.3021 | Train Acc 99.1646| Valid Acc 50.8603
TestSub: S[6, 7, 8, 9, 10] Epoch 38 Finsh | Now_lr 0.0003/0.0003 | Lambda 0.4781 | Train Loss 0.0234 | Valid Loss 3.5764 | Train Acc 99.2060| Valid Acc 51.6385
TestSub: S[6, 7, 8, 9, 10] Epoch 39 Finsh | Now_lr 0.0003/0.0003 | Lambda 0.4802 | Train Loss 0.0232 | Valid Loss 3.5103 | Train Acc 99.2139| Valid Acc 50.0730
TestSub: S[6, 7, 8, 9, 10] Epoch 40 Finsh | Now_lr 0.0003/0.0003 | Lambda 0.4820 | Train Loss 0.0217 | Valid Loss 3.3318 | Train Acc 99.2771| Valid Acc 50.2341
TestSub: S[6, 7, 8, 9, 10] Epoch 41 Finsh | Now_lr 0.0003/0.0003 | Lambda 0.4837 | Train Loss 0.0216 | Valid Loss 3.2578 | Train Acc 99.2929| Valid Acc 51.6446
TestSub: S[6, 7, 8, 9, 10] Epoch 42 Finsh | Now_lr 0.0003/0.0003 | Lambda 0.4852 | Train Loss 0.0210 | Valid Loss 3.5094 | Train Acc 99.3008| Valid Acc 50.8755
TestSub: S[6, 7, 8, 9, 10] Epoch 43 Finsh | Now_lr 0.0003/0.0003 | Lambda 0.4866 | Train Loss 0.0213 | Valid Loss 3.2098 | Train Acc 99.2862| Valid Acc 51.7449
TestSub: S[6, 7, 8, 9, 10] Epoch 44 Finsh | Now_lr 0.0003/0.0003 | Lambda 0.4879 | Train Loss 0.0199 | Valid Loss 3.4574 | Train Acc 99.3203| Valid Acc 49.3555
TestSub: S[6, 7, 8, 9, 10] Epoch 45 Finsh | Now_lr 0.0003/0.0003 | Lambda 0.4890 | Train Loss 0.0196 | Valid Loss 3.4957 | Train Acc 99.3385| Valid Acc 50.3739
TestSub: S[6, 7, 8, 9, 10] Epoch 46 Finsh | Now_lr 0.0003/0.0003 | Lambda 0.4900 | Train Loss 0.0199 | Valid Loss 3.3512 | Train Acc 99.3172| Valid Acc 50.9059
TestSub: S[6, 7, 8, 9, 10] Epoch 47 Finsh | Now_lr 0.0003/0.0003 | Lambda 0.4910 | Train Loss 0.0186 | Valid Loss 3.6199 | Train Acc 99.3665| Valid Acc 50.4894
TestSub: S[6, 7, 8, 9, 10] Epoch 48 Finsh | Now_lr 0.0003/0.0003 | Lambda 0.4918 | Train Loss 0.0183 | Valid Loss 3.4687 | Train Acc 99.3762| Valid Acc 50.5593
TestSub: S[6, 7, 8, 9, 10] Epoch 49 Finsh | Now_lr 0.0003/0.0003 | Lambda 0.4926 | Train Loss 0.0180 | Valid Loss 3.2382 | Train Acc 99.3859| Valid Acc 49.0394
TestSub: S[6, 7, 8, 9, 10] Epoch 50 Finsh | Now_lr 0.0003/0.0003 | Lambda 0.4933 | Train Loss 0.0180 | Valid Loss 3.3704 | Train Acc 99.4139| Valid Acc 50.0061
TestSub: S[6, 7, 8, 9, 10] Epoch 51 Finsh | Now_lr 0.0003/0.0003 | Lambda 0.4939 | Train Loss 0.0173 | Valid Loss 3.8716 | Train Acc 99.4121| Valid Acc 49.4346
TestSub: S[6, 7, 8, 9, 10] Epoch 52 Finsh | Now_lr 0.0003/0.0003 | Lambda 0.4945 | Train Loss 0.0178 | Valid Loss 3.3602 | Train Acc 99.3975| Valid Acc 50.5137
TestSub: S[6, 7, 8, 9, 10] Epoch 53 Finsh | Now_lr 0.0003/0.0003 | Lambda 0.4950 | Train Loss 0.0167 | Valid Loss 3.3458 | Train Acc 99.4619| Valid Acc 50.4438
TestSub: S[6, 7, 8, 9, 10] Epoch 54 Finsh | Now_lr 0.0003/0.0003 | Lambda 0.4955 | Train Loss 0.0169 | Valid Loss 3.3674 | Train Acc 99.4492| Valid Acc 48.1852
TestSub: S[6, 7, 8, 9, 10] Epoch 55 Finsh | Now_lr 0.0003/0.0003 | Lambda 0.4959 | Train Loss 0.0151 | Valid Loss 3.8468 | Train Acc 99.5081| Valid Acc 49.3130
TestSub: S[6, 7, 8, 9, 10] Epoch 56 Finsh | Now_lr 0.0003/0.0003 | Lambda 0.4963 | Train Loss 0.0165 | Valid Loss 3.5640 | Train Acc 99.4565| Valid Acc 48.7172
TestSub: S[6, 7, 8, 9, 10] Epoch 57 Finsh | Now_lr 0.0003/0.0003 | Lambda 0.4967 | Train Loss 0.0155 | Valid Loss 3.6746 | Train Acc 99.5063| Valid Acc 49.4528
TestSub: S[6, 7, 8, 9, 10] Epoch 58 Finsh | Now_lr 0.0003/0.0003 | Lambda 0.4970 | Train Loss 0.0151 | Valid Loss 3.5312 | Train Acc 99.5197| Valid Acc 49.6778
TestSub: S[6, 7, 8, 9, 10] Epoch 59 Finsh | Now_lr 0.0003/0.0003 | Lambda 0.4973 | Train Loss 0.0146 | Valid Loss 3.7400 | Train Acc 99.5276| Valid Acc 49.7963
TestSub: S[6, 7, 8, 9, 10] Epoch 60 Finsh | Now_lr 0.0003/0.0003 | Lambda 0.4975 | Train Loss 0.0151 | Valid Loss 3.8624 | Train Acc 99.4899| Valid Acc 49.0303
TestSub: S[6, 7, 8, 9, 10] Epoch 61 Finsh | Now_lr 0.0003/0.0003 | Lambda 0.4978 | Train Loss 0.0146 | Valid Loss 3.9185 | Train Acc 99.5039| Valid Acc 49.1306
TestSub: S[6, 7, 8, 9, 10] Epoch 62 Finsh | Now_lr 0.0003/0.0003 | Lambda 0.4980 | Train Loss 0.0139 | Valid Loss 3.7511 | Train Acc 99.5580| Valid Acc 48.6260
TestSub: S[6, 7, 8, 9, 10] Epoch 63 Finsh | Now_lr 0.0003/0.0003 | Lambda 0.4982 | Train Loss 0.0138 | Valid Loss 3.7909 | Train Acc 99.5337| Valid Acc 49.5744
TestSub: S[6, 7, 8, 9, 10] Epoch 64 Finsh | Now_lr 0.0003/0.0003 | Lambda 0.4983 | Train Loss 0.0137 | Valid Loss 3.5178 | Train Acc 99.5434| Valid Acc 48.9391
TestSub: S[6, 7, 8, 9, 10] Epoch 65 Finsh | Now_lr 0.0003/0.0003 | Lambda 0.4985 | Train Loss 0.0132 | Valid Loss 3.7999 | Train Acc 99.5677| Valid Acc 49.7507
TestSub: S[6, 7, 8, 9, 10] Epoch 66 Finsh | Now_lr 0.0003/0.0003 | Lambda 0.4986 | Train Loss 0.0142 | Valid Loss 3.5821 | Train Acc 99.5312| Valid Acc 50.7235
TestSub: S[6, 7, 8, 9, 10] Epoch 67 Finsh | Now_lr 0.0003/0.0003 | Lambda 0.4988 | Train Loss 0.0129 | Valid Loss 3.6113 | Train Acc 99.5775| Valid Acc 49.5106
TestSub: S[6, 7, 8, 9, 10] Epoch 68 Finsh | Now_lr 0.0003/0.0003 | Lambda 0.4989 | Train Loss 0.0129 | Valid Loss 3.6465 | Train Acc 99.5762| Valid Acc 50.2918
TestSub: S[6, 7, 8, 9, 10] Epoch 69 Finsh | Now_lr 0.0003/0.0003 | Lambda 0.4990 | Train Loss 0.0126 | Valid Loss 3.6287 | Train Acc 99.5945| Valid Acc 51.0184
TestSub: S[6, 7, 8, 9, 10] Epoch 70 Finsh | Now_lr 0.0003/0.0003 | Lambda 0.4991 | Train Loss 0.0123 | Valid Loss 3.8047 | Train Acc 99.6060| Valid Acc 52.3407
TestSub: S[6, 7, 8, 9, 10] Epoch 71 Finsh | Now_lr 0.0003/0.0003 | Lambda 0.4992 | Train Loss 0.0120 | Valid Loss 3.8090 | Train Acc 99.6285| Valid Acc 49.8480
TestSub: S[6, 7, 8, 9, 10] Epoch 72 Finsh | Now_lr 0.0003/0.0003 | Lambda 0.4993 | Train Loss 0.0120 | Valid Loss 3.7421 | Train Acc 99.5902| Valid Acc 50.4134
TestSub: S[6, 7, 8, 9, 10] Epoch 73 Finsh | Now_lr 0.0003/0.0003 | Lambda 0.4993 | Train Loss 0.0116 | Valid Loss 3.5161 | Train Acc 99.6054| Valid Acc 50.9059
TestSub: S[6, 7, 8, 9, 10] Epoch 74 Finsh | Now_lr 0.0003/0.0003 | Lambda 0.4994 | Train Loss 0.0122 | Valid Loss 3.6207 | Train Acc 99.6018| Valid Acc 49.7750
TestSub: S[6, 7, 8, 9, 10] Epoch 75 Finsh | Now_lr 0.0003/0.0003 | Lambda 0.4994 | Train Loss 0.0117 | Valid Loss 3.4506 | Train Acc 99.6097| Valid Acc 49.5288
TestSub: S[6, 7, 8, 9, 10] Epoch 76 Finsh | Now_lr 0.0003/0.0003 | Lambda 0.4995 | Train Loss 0.0110 | Valid Loss 3.9541 | Train Acc 99.6577| Valid Acc 50.8116
TestSub: S[6, 7, 8, 9, 10] Epoch 77 Finsh | Now_lr 0.0003/0.0003 | Lambda 0.4995 | Train Loss 0.0119 | Valid Loss 3.7470 | Train Acc 99.6297| Valid Acc 50.6049
TestSub: S[6, 7, 8, 9, 10] Epoch 78 Finsh | Now_lr 0.0003/0.0003 | Lambda 0.4996 | Train Loss 0.0110 | Valid Loss 3.9566 | Train Acc 99.6601| Valid Acc 49.8966
TestSub: S[6, 7, 8, 9, 10] Epoch 79 Finsh | Now_lr 0.0003/0.0003 | Lambda 0.4996 | Train Loss 0.0103 | Valid Loss 3.8450 | Train Acc 99.6747| Valid Acc 49.1640
TestSub: S[6, 7, 8, 9, 10] Epoch 80 Finsh | Now_lr 0.0003/0.0003 | Lambda 0.4997 | Train Loss 0.0106 | Valid Loss 3.4296 | Train Acc 99.6729| Valid Acc 49.8936
TestSub: S[6, 7, 8, 9, 10] Epoch 81 Finsh | Now_lr 0.0003/0.0003 | Lambda 0.4997 | Train Loss 0.0106 | Valid Loss 3.5815 | Train Acc 99.6492| Valid Acc 50.6171
TestSub: S[6, 7, 8, 9, 10] Epoch 82 Finsh | Now_lr 0.0003/0.0003 | Lambda 0.4997 | Train Loss 0.0096 | Valid Loss 3.7828 | Train Acc 99.6796| Valid Acc 49.6535
TestSub: S[6, 7, 8, 9, 10] Epoch 83 Finsh | Now_lr 0.0003/0.0003 | Lambda 0.4998 | Train Loss 0.0102 | Valid Loss 3.5626 | Train Acc 99.6881| Valid Acc 50.9424
TestSub: S[6, 7, 8, 9, 10] Epoch 84 Finsh | Now_lr 0.0003/0.0003 | Lambda 0.4998 | Train Loss 0.0100 | Valid Loss 3.6540 | Train Acc 99.6918| Valid Acc 49.1610
TestSub: S[6, 7, 8, 9, 10] Epoch 85 Finsh | Now_lr 0.0003/0.0003 | Lambda 0.4998 | Train Loss 0.0102 | Valid Loss 3.9144 | Train Acc 99.6820| Valid Acc 50.0395
TestSub: S[6, 7, 8, 9, 10] Epoch 86 Finsh | Now_lr 0.0003/0.0003 | Lambda 0.4998 | Train Loss 0.0096 | Valid Loss 3.9808 | Train Acc 99.6936| Valid Acc 50.4894
TestSub: S[6, 7, 8, 9, 10] Epoch 87 Finsh | Now_lr 0.0003/0.0003 | Lambda 0.4998 | Train Loss 0.0090 | Valid Loss 3.9042 | Train Acc 99.7228| Valid Acc 50.1064
TestSub: S[6, 7, 8, 9, 10] Epoch 88 Finsh | Now_lr 0.0003/0.0003 | Lambda 0.4998 | Train Loss 0.0092 | Valid Loss 4.2571 | Train Acc 99.6857| Valid Acc 50.1490
TestSub: S[6, 7, 8, 9, 10] Epoch 89 Finsh | Now_lr 0.0003/0.0003 | Lambda 0.4999 | Train Loss 0.0098 | Valid Loss 3.8648 | Train Acc 99.6924| Valid Acc 49.9179
TestSub: S[6, 7, 8, 9, 10] Epoch 90 Finsh | Now_lr 0.0003/0.0003 | Lambda 0.4999 | Train Loss 0.0087 | Valid Loss 4.4769 | Train Acc 99.7179| Valid Acc 49.5592
TestSub: S[6, 7, 8, 9, 10] Epoch 91 Finsh | Now_lr 0.0003/0.0003 | Lambda 0.4999 | Train Loss 0.0093 | Valid Loss 4.0910 | Train Acc 99.7106| Valid Acc 49.1914
TestSub: S[6, 7, 8, 9, 10] Epoch 92 Finsh | Now_lr 0.0003/0.0003 | Lambda 0.4999 | Train Loss 0.0090 | Valid Loss 4.2750 | Train Acc 99.7112| Valid Acc 49.9726
TestSub: S[6, 7, 8, 9, 10] Epoch 93 Finsh | Now_lr 0.0003/0.0003 | Lambda 0.4999 | Train Loss 0.0095 | Valid Loss 3.6668 | Train Acc 99.6948| Valid Acc 49.9544
TestSub: S[6, 7, 8, 9, 10] Epoch 94 Finsh | Now_lr 0.0003/0.0003 | Lambda 0.4999 | Train Loss 0.0084 | Valid Loss 4.2526 | Train Acc 99.7288| Valid Acc 48.7476
TestSub: S[6, 7, 8, 9, 10] Epoch 95 Finsh | Now_lr 0.0003/0.0003 | Lambda 0.4999 | Train Loss 0.0086 | Valid Loss 4.1435 | Train Acc 99.7313| Valid Acc 51.1308
TestSub: S[6, 7, 8, 9, 10] Epoch 96 Finsh | Now_lr 0.0003/0.0003 | Lambda 0.4999 | Train Loss 0.0082 | Valid Loss 4.1346 | Train Acc 99.7392| Valid Acc 50.2766
TestSub: S[6, 7, 8, 9, 10] Epoch 97 Finsh | Now_lr 0.0003/0.0003 | Lambda 0.4999 | Train Loss 0.0083 | Valid Loss 4.1889 | Train Acc 99.7519| Valid Acc 48.3554
TestSub: S[6, 7, 8, 9, 10] Epoch 98 Finsh | Now_lr 0.0003/0.0003 | Lambda 0.4999 | Train Loss 0.0087 | Valid Loss 3.9619 | Train Acc 99.7234| Valid Acc 49.8966
TestSub: S[6, 7, 8, 9, 10] Epoch 99 Finsh | Now_lr 0.0003/0.0003 | Lambda 0.4999 | Train Loss 0.0081 | Valid Loss 4.2395 | Train Acc 99.7398| Valid Acc 50.5897
TestSub: S[6, 7, 8, 9, 10] Epoch 100 Finsh | Now_lr 0.0003/0.0003 | Lambda 0.5000 | Train Loss 0.0085 | Valid Loss 3.8352 | Train Acc 99.7270| Valid Acc 51.9972
--------------------------------------------------
Test_Subject :S[6, 7, 8, 9, 10] |Best epoch:10 | Test Loss:2.2178 | Best Acc 55.1648 | Savemodel Acc 55.1648
--------------------------------------------------

========== Fold 3 ==========
Train IDs: [1, 2, 3, 4, 5, 6, 7, 8, 9, 10, 16, 17, 18, 19, 20, 21, 22, 23, 24, 25, 26, 27, 28, 29, 30]
Val IDs:   [11, 12, 13, 14, 15]
train_data_shape(164500, 32, 128),val_data_shape(32900, 32, 128)
=================================================================
Layer (type:depth-idx)                   Param #
=================================================================
DARNet                                   --
├─TokenEmbedding: 1-1                    --
│    └─Sequential: 2-1                   --
│    │    └─Conv2d: 3-1                  576
│    │    └─BatchNorm2d: 3-2             128
│    │    └─GELU: 3-3                    --
│    └─Sequential: 2-2                   --
│    │    └─Conv2d: 3-4                  32,784
│    │    └─BatchNorm2d: 3-5             32
│    │    └─GELU: 3-6                    --
│    └─PositionalEmbedding: 2-3          --
├─Flatten: 1-2                           --
├─Linear: 1-3                            18
├─AttnRefine: 1-4                        --
│    └─MyAttention: 2-4                  --
│    │    └─Attention: 3-7               800
│    └─Refine: 2-5                       --
│    │    └─Conv1d: 3-8                  784
│    │    └─BatchNorm1d: 3-9             32
│    │    └─ELU: 3-10                    --
│    │    └─MaxPool1d: 3-11              --
│    └─AdaptiveAvgPool1d: 2-6            --
│    └─Linear: 2-7                       68
│    └─Flatten: 2-8                      --
├─AttnRefine: 1-5                        --
│    └─MyAttention: 2-9                  --
│    │    └─Attention: 3-12              800
│    └─Refine: 2-10                      --
│    │    └─Conv1d: 3-13                 784
│    │    └─BatchNorm1d: 3-14            32
│    │    └─ELU: 3-15                    --
│    │    └─MaxPool1d: 3-16              --
│    └─AdaptiveAvgPool1d: 2-11           --
│    └─Linear: 2-12                      68
│    └─Flatten: 2-13                     --
├─GradientReversalLayer: 1-6             --
├─SubjectDiscriminator: 1-7              --
│    └─Sequential: 2-14                  --
│    │    └─Linear: 3-17                 2,304
│    │    └─ReLU: 3-18                   --
│    │    └─Dropout: 3-19                --
│    │    └─Linear: 3-20                 32,896
│    │    └─ReLU: 3-21                   --
│    │    └─Dropout: 3-22                --
│    │    └─Linear: 3-23                 3,870
=================================================================
Total params: 75,976
Trainable params: 75,976
Non-trainable params: 0
=================================================================
TestSub: S[11, 12, 13, 14, 15] Epoch  1 Finsh | Now_lr 0.0003/0.0003 | Lambda 0.0250 | Train Loss 0.4804 | Valid Loss 1.2885 | Train Acc 75.4554| Valid Acc 51.8422
Validation acc increase (0.000000 --> 51.842169) in epoch (1).  Saving model ...
TestSub: S[11, 12, 13, 14, 15] Epoch  2 Finsh | Now_lr 0.0003/0.0003 | Lambda 0.0498 | Train Loss 0.3328 | Valid Loss 1.5614 | Train Acc 85.1611| Valid Acc 50.1946
TestSub: S[11, 12, 13, 14, 15] Epoch  3 Finsh | Now_lr 0.0003/0.0003 | Lambda 0.0744 | Train Loss 0.2559 | Valid Loss 1.6809 | Train Acc 89.2777| Valid Acc 51.3679
TestSub: S[11, 12, 13, 14, 15] Epoch  4 Finsh | Now_lr 0.0003/0.0003 | Lambda 0.0987 | Train Loss 0.2068 | Valid Loss 2.0157 | Train Acc 91.5643| Valid Acc 51.1734
TestSub: S[11, 12, 13, 14, 15] Epoch  5 Finsh | Now_lr 0.0003/0.0003 | Lambda 0.1225 | Train Loss 0.1678 | Valid Loss 2.2385 | Train Acc 93.3773| Valid Acc 51.6111
TestSub: S[11, 12, 13, 14, 15] Epoch  6 Finsh | Now_lr 0.0003/0.0003 | Lambda 0.1457 | Train Loss 0.1450 | Valid Loss 2.2964 | Train Acc 94.3197| Valid Acc 51.8878
Validation acc increase (51.842169 --> 51.887768) in epoch (6).  Saving model ...
TestSub: S[11, 12, 13, 14, 15] Epoch  7 Finsh | Now_lr 0.0003/0.0003 | Lambda 0.1682 | Train Loss 0.1247 | Valid Loss 2.5052 | Train Acc 95.2918| Valid Acc 50.8633
TestSub: S[11, 12, 13, 14, 15] Epoch  8 Finsh | Now_lr 0.0003/0.0003 | Lambda 0.1900 | Train Loss 0.1117 | Valid Loss 2.4970 | Train Acc 95.7746| Valid Acc 52.2009
Validation acc increase (51.887768 --> 52.200875) in epoch (8).  Saving model ...
TestSub: S[11, 12, 13, 14, 15] Epoch  9 Finsh | Now_lr 0.0003/0.0003 | Lambda 0.2109 | Train Loss 0.0981 | Valid Loss 2.6710 | Train Acc 96.3369| Valid Acc 49.7112
TestSub: S[11, 12, 13, 14, 15] Epoch 10 Finsh | Now_lr 0.0003/0.0003 | Lambda 0.2311 | Train Loss 0.0882 | Valid Loss 2.5414 | Train Acc 96.7455| Valid Acc 52.3802
Validation acc increase (52.200875 --> 52.380229) in epoch (10).  Saving model ...
TestSub: S[11, 12, 13, 14, 15] Epoch 11 Finsh | Now_lr 0.0003/0.0003 | Lambda 0.2503 | Train Loss 0.0800 | Valid Loss 2.7684 | Train Acc 97.0854| Valid Acc 52.4015
Validation acc increase (52.380229 --> 52.401508) in epoch (11).  Saving model ...
TestSub: S[11, 12, 13, 14, 15] Epoch 12 Finsh | Now_lr 0.0003/0.0003 | Lambda 0.2685 | Train Loss 0.0733 | Valid Loss 2.9233 | Train Acc 97.3918| Valid Acc 51.3071
TestSub: S[11, 12, 13, 14, 15] Epoch 13 Finsh | Now_lr 0.0003/0.0003 | Lambda 0.2858 | Train Loss 0.0676 | Valid Loss 2.8117 | Train Acc 97.6046| Valid Acc 51.0062
TestSub: S[11, 12, 13, 14, 15] Epoch 14 Finsh | Now_lr 0.0003/0.0003 | Lambda 0.3022 | Train Loss 0.0634 | Valid Loss 3.0235 | Train Acc 97.7547| Valid Acc 50.5320
TestSub: S[11, 12, 13, 14, 15] Epoch 15 Finsh | Now_lr 0.0003/0.0003 | Lambda 0.3176 | Train Loss 0.0605 | Valid Loss 2.9944 | Train Acc 97.8459| Valid Acc 51.6355
TestSub: S[11, 12, 13, 14, 15] Epoch 16 Finsh | Now_lr 0.0003/0.0003 | Lambda 0.3320 | Train Loss 0.0537 | Valid Loss 3.0093 | Train Acc 98.1074| Valid Acc 51.3254
TestSub: S[11, 12, 13, 14, 15] Epoch 17 Finsh | Now_lr 0.0003/0.0003 | Lambda 0.3455 | Train Loss 0.0500 | Valid Loss 3.0792 | Train Acc 98.2551| Valid Acc 51.6385
TestSub: S[11, 12, 13, 14, 15] Epoch 18 Finsh | Now_lr 0.0003/0.0003 | Lambda 0.3581 | Train Loss 0.0472 | Valid Loss 3.2694 | Train Acc 98.3652| Valid Acc 50.7569
TestSub: S[11, 12, 13, 14, 15] Epoch 19 Finsh | Now_lr 0.0003/0.0003 | Lambda 0.3699 | Train Loss 0.0439 | Valid Loss 3.3529 | Train Acc 98.4466| Valid Acc 49.8146
TestSub: S[11, 12, 13, 14, 15] Epoch 20 Finsh | Now_lr 0.0003/0.0003 | Lambda 0.3808 | Train Loss 0.0425 | Valid Loss 3.5111 | Train Acc 98.4874| Valid Acc 49.4042
TestSub: S[11, 12, 13, 14, 15] Epoch 21 Finsh | Now_lr 0.0003/0.0003 | Lambda 0.3909 | Train Loss 0.0401 | Valid Loss 3.5503 | Train Acc 98.5877| Valid Acc 48.6625
TestSub: S[11, 12, 13, 14, 15] Epoch 22 Finsh | Now_lr 0.0003/0.0003 | Lambda 0.4002 | Train Loss 0.0388 | Valid Loss 3.3830 | Train Acc 98.6649| Valid Acc 49.1975
TestSub: S[11, 12, 13, 14, 15] Epoch 23 Finsh | Now_lr 0.0003/0.0003 | Lambda 0.4089 | Train Loss 0.0366 | Valid Loss 3.4889 | Train Acc 98.7269| Valid Acc 51.2372
TestSub: S[11, 12, 13, 14, 15] Epoch 24 Finsh | Now_lr 0.0003/0.0003 | Lambda 0.4168 | Train Loss 0.0350 | Valid Loss 3.4514 | Train Acc 98.7774| Valid Acc 49.9027
TestSub: S[11, 12, 13, 14, 15] Epoch 25 Finsh | Now_lr 0.0003/0.0003 | Lambda 0.4241 | Train Loss 0.0326 | Valid Loss 3.5192 | Train Acc 98.8722| Valid Acc 50.9667
TestSub: S[11, 12, 13, 14, 15] Epoch 26 Finsh | Now_lr 0.0003/0.0003 | Lambda 0.4309 | Train Loss 0.0299 | Valid Loss 3.7526 | Train Acc 98.9944| Valid Acc 49.4407
TestSub: S[11, 12, 13, 14, 15] Epoch 27 Finsh | Now_lr 0.0003/0.0003 | Lambda 0.4370 | Train Loss 0.0294 | Valid Loss 3.6894 | Train Acc 98.9798| Valid Acc 49.1276
TestSub: S[11, 12, 13, 14, 15] Epoch 28 Finsh | Now_lr 0.0003/0.0003 | Lambda 0.4427 | Train Loss 0.0296 | Valid Loss 3.7261 | Train Acc 98.9610| Valid Acc 48.5317
TestSub: S[11, 12, 13, 14, 15] Epoch 29 Finsh | Now_lr 0.0003/0.0003 | Lambda 0.4478 | Train Loss 0.0281 | Valid Loss 3.7016 | Train Acc 99.0680| Valid Acc 48.8357
TestSub: S[11, 12, 13, 14, 15] Epoch 30 Finsh | Now_lr 0.0003/0.0003 | Lambda 0.4526 | Train Loss 0.0275 | Valid Loss 3.7481 | Train Acc 99.0607| Valid Acc 48.9756
TestSub: S[11, 12, 13, 14, 15] Epoch 31 Finsh | Now_lr 0.0003/0.0003 | Lambda 0.4569 | Train Loss 0.0262 | Valid Loss 4.2578 | Train Acc 99.0935| Valid Acc 46.8659
TestSub: S[11, 12, 13, 14, 15] Epoch 32 Finsh | Now_lr 0.0003/0.0003 | Lambda 0.4608 | Train Loss 0.0249 | Valid Loss 4.0909 | Train Acc 99.1537| Valid Acc 49.0424
TestSub: S[11, 12, 13, 14, 15] Epoch 33 Finsh | Now_lr 0.0003/0.0003 | Lambda 0.4644 | Train Loss 0.0251 | Valid Loss 4.1387 | Train Acc 99.1543| Valid Acc 49.7355
TestSub: S[11, 12, 13, 14, 15] Epoch 34 Finsh | Now_lr 0.0003/0.0003 | Lambda 0.4677 | Train Loss 0.0233 | Valid Loss 3.8796 | Train Acc 99.1926| Valid Acc 49.7781
TestSub: S[11, 12, 13, 14, 15] Epoch 35 Finsh | Now_lr 0.0003/0.0003 | Lambda 0.4707 | Train Loss 0.0223 | Valid Loss 4.0022 | Train Acc 99.2467| Valid Acc 49.4923
TestSub: S[11, 12, 13, 14, 15] Epoch 36 Finsh | Now_lr 0.0003/0.0003 | Lambda 0.4734 | Train Loss 0.0222 | Valid Loss 4.1137 | Train Acc 99.2650| Valid Acc 48.5287
TestSub: S[11, 12, 13, 14, 15] Epoch 37 Finsh | Now_lr 0.0003/0.0003 | Lambda 0.4759 | Train Loss 0.0218 | Valid Loss 4.1067 | Train Acc 99.2583| Valid Acc 50.6353
TestSub: S[11, 12, 13, 14, 15] Epoch 38 Finsh | Now_lr 0.0003/0.0003 | Lambda 0.4781 | Train Loss 0.0207 | Valid Loss 4.3792 | Train Acc 99.2905| Valid Acc 49.3069
TestSub: S[11, 12, 13, 14, 15] Epoch 39 Finsh | Now_lr 0.0003/0.0003 | Lambda 0.4802 | Train Loss 0.0206 | Valid Loss 4.1401 | Train Acc 99.3075| Valid Acc 48.7719
TestSub: S[11, 12, 13, 14, 15] Epoch 40 Finsh | Now_lr 0.0003/0.0003 | Lambda 0.4820 | Train Loss 0.0208 | Valid Loss 4.2451 | Train Acc 99.2972| Valid Acc 48.5500
TestSub: S[11, 12, 13, 14, 15] Epoch 41 Finsh | Now_lr 0.0003/0.0003 | Lambda 0.4837 | Train Loss 0.0183 | Valid Loss 4.4781 | Train Acc 99.3841| Valid Acc 49.4923
TestSub: S[11, 12, 13, 14, 15] Epoch 42 Finsh | Now_lr 0.0003/0.0003 | Lambda 0.4852 | Train Loss 0.0189 | Valid Loss 4.3055 | Train Acc 99.3476| Valid Acc 50.1338
TestSub: S[11, 12, 13, 14, 15] Epoch 43 Finsh | Now_lr 0.0003/0.0003 | Lambda 0.4866 | Train Loss 0.0178 | Valid Loss 4.1841 | Train Acc 99.4163| Valid Acc 48.7020
TestSub: S[11, 12, 13, 14, 15] Epoch 44 Finsh | Now_lr 0.0003/0.0003 | Lambda 0.4879 | Train Loss 0.0182 | Valid Loss 4.0945 | Train Acc 99.3993| Valid Acc 48.9664
TestSub: S[11, 12, 13, 14, 15] Epoch 45 Finsh | Now_lr 0.0003/0.0003 | Lambda 0.4890 | Train Loss 0.0168 | Valid Loss 4.5355 | Train Acc 99.4236| Valid Acc 49.1093
TestSub: S[11, 12, 13, 14, 15] Epoch 46 Finsh | Now_lr 0.0003/0.0003 | Lambda 0.4900 | Train Loss 0.0174 | Valid Loss 4.1969 | Train Acc 99.4054| Valid Acc 50.3739
TestSub: S[11, 12, 13, 14, 15] Epoch 47 Finsh | Now_lr 0.0003/0.0003 | Lambda 0.4910 | Train Loss 0.0168 | Valid Loss 4.2482 | Train Acc 99.4242| Valid Acc 49.9574
TestSub: S[11, 12, 13, 14, 15] Epoch 48 Finsh | Now_lr 0.0003/0.0003 | Lambda 0.4918 | Train Loss 0.0165 | Valid Loss 4.1794 | Train Acc 99.4309| Valid Acc 49.4650
TestSub: S[11, 12, 13, 14, 15] Epoch 49 Finsh | Now_lr 0.0003/0.0003 | Lambda 0.4926 | Train Loss 0.0156 | Valid Loss 4.3591 | Train Acc 99.4729| Valid Acc 49.3373
TestSub: S[11, 12, 13, 14, 15] Epoch 50 Finsh | Now_lr 0.0003/0.0003 | Lambda 0.4933 | Train Loss 0.0164 | Valid Loss 4.2372 | Train Acc 99.4242| Valid Acc 49.8389
TestSub: S[11, 12, 13, 14, 15] Epoch 51 Finsh | Now_lr 0.0003/0.0003 | Lambda 0.4939 | Train Loss 0.0152 | Valid Loss 4.4650 | Train Acc 99.5009| Valid Acc 49.7112
TestSub: S[11, 12, 13, 14, 15] Epoch 52 Finsh | Now_lr 0.0003/0.0003 | Lambda 0.4945 | Train Loss 0.0158 | Valid Loss 4.3341 | Train Acc 99.4705| Valid Acc 50.4864
TestSub: S[11, 12, 13, 14, 15] Epoch 53 Finsh | Now_lr 0.0003/0.0003 | Lambda 0.4950 | Train Loss 0.0150 | Valid Loss 4.5087 | Train Acc 99.4838| Valid Acc 49.3251
TestSub: S[11, 12, 13, 14, 15] Epoch 54 Finsh | Now_lr 0.0003/0.0003 | Lambda 0.4955 | Train Loss 0.0141 | Valid Loss 4.3471 | Train Acc 99.5343| Valid Acc 50.2462
TestSub: S[11, 12, 13, 14, 15] Epoch 55 Finsh | Now_lr 0.0003/0.0003 | Lambda 0.4959 | Train Loss 0.0145 | Valid Loss 4.7227 | Train Acc 99.5331| Valid Acc 49.9453
TestSub: S[11, 12, 13, 14, 15] Epoch 56 Finsh | Now_lr 0.0003/0.0003 | Lambda 0.4963 | Train Loss 0.0136 | Valid Loss 4.6205 | Train Acc 99.5416| Valid Acc 49.7902
TestSub: S[11, 12, 13, 14, 15] Epoch 57 Finsh | Now_lr 0.0003/0.0003 | Lambda 0.4967 | Train Loss 0.0130 | Valid Loss 4.8382 | Train Acc 99.5665| Valid Acc 49.6808
TestSub: S[11, 12, 13, 14, 15] Epoch 58 Finsh | Now_lr 0.0003/0.0003 | Lambda 0.4970 | Train Loss 0.0132 | Valid Loss 4.5717 | Train Acc 99.5556| Valid Acc 49.5319
TestSub: S[11, 12, 13, 14, 15] Epoch 59 Finsh | Now_lr 0.0003/0.0003 | Lambda 0.4973 | Train Loss 0.0126 | Valid Loss 4.6305 | Train Acc 99.5805| Valid Acc 49.0090
TestSub: S[11, 12, 13, 14, 15] Epoch 60 Finsh | Now_lr 0.0003/0.0003 | Lambda 0.4975 | Train Loss 0.0134 | Valid Loss 4.2547 | Train Acc 99.5610| Valid Acc 50.1064
TestSub: S[11, 12, 13, 14, 15] Epoch 61 Finsh | Now_lr 0.0003/0.0003 | Lambda 0.4978 | Train Loss 0.0120 | Valid Loss 4.7189 | Train Acc 99.5872| Valid Acc 50.2493
TestSub: S[11, 12, 13, 14, 15] Epoch 62 Finsh | Now_lr 0.0003/0.0003 | Lambda 0.4980 | Train Loss 0.0130 | Valid Loss 4.4302 | Train Acc 99.5793| Valid Acc 50.3435
TestSub: S[11, 12, 13, 14, 15] Epoch 63 Finsh | Now_lr 0.0003/0.0003 | Lambda 0.4982 | Train Loss 0.0130 | Valid Loss 4.5882 | Train Acc 99.5708| Valid Acc 50.6171
TestSub: S[11, 12, 13, 14, 15] Epoch 64 Finsh | Now_lr 0.0003/0.0003 | Lambda 0.4983 | Train Loss 0.0116 | Valid Loss 4.7678 | Train Acc 99.6158| Valid Acc 49.7386
TestSub: S[11, 12, 13, 14, 15] Epoch 65 Finsh | Now_lr 0.0003/0.0003 | Lambda 0.4985 | Train Loss 0.0122 | Valid Loss 4.4607 | Train Acc 99.5908| Valid Acc 51.6051
TestSub: S[11, 12, 13, 14, 15] Epoch 66 Finsh | Now_lr 0.0003/0.0003 | Lambda 0.4986 | Train Loss 0.0124 | Valid Loss 4.5380 | Train Acc 99.5878| Valid Acc 50.4742
TestSub: S[11, 12, 13, 14, 15] Epoch 67 Finsh | Now_lr 0.0003/0.0003 | Lambda 0.4988 | Train Loss 0.0115 | Valid Loss 4.7811 | Train Acc 99.6261| Valid Acc 50.4803
TestSub: S[11, 12, 13, 14, 15] Epoch 68 Finsh | Now_lr 0.0003/0.0003 | Lambda 0.4989 | Train Loss 0.0111 | Valid Loss 4.8084 | Train Acc 99.6255| Valid Acc 51.6294
TestSub: S[11, 12, 13, 14, 15] Epoch 69 Finsh | Now_lr 0.0003/0.0003 | Lambda 0.4990 | Train Loss 0.0114 | Valid Loss 4.8129 | Train Acc 99.6212| Valid Acc 49.6535
TestSub: S[11, 12, 13, 14, 15] Epoch 70 Finsh | Now_lr 0.0003/0.0003 | Lambda 0.4991 | Train Loss 0.0111 | Valid Loss 4.7481 | Train Acc 99.6267| Valid Acc 50.1094
TestSub: S[11, 12, 13, 14, 15] Epoch 71 Finsh | Now_lr 0.0003/0.0003 | Lambda 0.4992 | Train Loss 0.0101 | Valid Loss 4.6365 | Train Acc 99.6729| Valid Acc 50.1429
TestSub: S[11, 12, 13, 14, 15] Epoch 72 Finsh | Now_lr 0.0003/0.0003 | Lambda 0.4993 | Train Loss 0.0109 | Valid Loss 4.6527 | Train Acc 99.6370| Valid Acc 50.1702
TestSub: S[11, 12, 13, 14, 15] Epoch 73 Finsh | Now_lr 0.0003/0.0003 | Lambda 0.4993 | Train Loss 0.0104 | Valid Loss 4.5598 | Train Acc 99.6571| Valid Acc 49.8298
TestSub: S[11, 12, 13, 14, 15] Epoch 74 Finsh | Now_lr 0.0003/0.0003 | Lambda 0.4994 | Train Loss 0.0107 | Valid Loss 4.8033 | Train Acc 99.6431| Valid Acc 49.3343
TestSub: S[11, 12, 13, 14, 15] Epoch 75 Finsh | Now_lr 0.0003/0.0003 | Lambda 0.4994 | Train Loss 0.0109 | Valid Loss 4.8285 | Train Acc 99.6571| Valid Acc 50.4195
TestSub: S[11, 12, 13, 14, 15] Epoch 76 Finsh | Now_lr 0.0003/0.0003 | Lambda 0.4995 | Train Loss 0.0104 | Valid Loss 4.5205 | Train Acc 99.6717| Valid Acc 51.1369
TestSub: S[11, 12, 13, 14, 15] Epoch 77 Finsh | Now_lr 0.0003/0.0003 | Lambda 0.4995 | Train Loss 0.0098 | Valid Loss 4.5531 | Train Acc 99.6753| Valid Acc 50.7205
TestSub: S[11, 12, 13, 14, 15] Epoch 78 Finsh | Now_lr 0.0003/0.0003 | Lambda 0.4996 | Train Loss 0.0093 | Valid Loss 4.9184 | Train Acc 99.6832| Valid Acc 50.3465
TestSub: S[11, 12, 13, 14, 15] Epoch 79 Finsh | Now_lr 0.0003/0.0003 | Lambda 0.4996 | Train Loss 0.0097 | Valid Loss 4.7545 | Train Acc 99.6583| Valid Acc 50.5533
TestSub: S[11, 12, 13, 14, 15] Epoch 80 Finsh | Now_lr 0.0003/0.0003 | Lambda 0.4997 | Train Loss 0.0090 | Valid Loss 4.8017 | Train Acc 99.7325| Valid Acc 49.4407
TestSub: S[11, 12, 13, 14, 15] Epoch 81 Finsh | Now_lr 0.0003/0.0003 | Lambda 0.4997 | Train Loss 0.0105 | Valid Loss 4.6066 | Train Acc 99.6650| Valid Acc 50.9332
TestSub: S[11, 12, 13, 14, 15] Epoch 82 Finsh | Now_lr 0.0003/0.0003 | Lambda 0.4997 | Train Loss 0.0088 | Valid Loss 4.6676 | Train Acc 99.7331| Valid Acc 49.8936
TestSub: S[11, 12, 13, 14, 15] Epoch 83 Finsh | Now_lr 0.0003/0.0003 | Lambda 0.4998 | Train Loss 0.0087 | Valid Loss 4.7212 | Train Acc 99.7197| Valid Acc 51.0700
TestSub: S[11, 12, 13, 14, 15] Epoch 84 Finsh | Now_lr 0.0003/0.0003 | Lambda 0.4998 | Train Loss 0.0083 | Valid Loss 4.8007 | Train Acc 99.7325| Valid Acc 49.3312
TestSub: S[11, 12, 13, 14, 15] Epoch 85 Finsh | Now_lr 0.0003/0.0003 | Lambda 0.4998 | Train Loss 0.0093 | Valid Loss 4.6121 | Train Acc 99.7155| Valid Acc 50.0912
TestSub: S[11, 12, 13, 14, 15] Epoch 86 Finsh | Now_lr 0.0003/0.0003 | Lambda 0.4998 | Train Loss 0.0090 | Valid Loss 4.3982 | Train Acc 99.7143| Valid Acc 50.8664
TestSub: S[11, 12, 13, 14, 15] Epoch 87 Finsh | Now_lr 0.0003/0.0003 | Lambda 0.4998 | Train Loss 0.0086 | Valid Loss 4.6028 | Train Acc 99.7252| Valid Acc 50.9576
TestSub: S[11, 12, 13, 14, 15] Epoch 88 Finsh | Now_lr 0.0003/0.0003 | Lambda 0.4998 | Train Loss 0.0083 | Valid Loss 4.8275 | Train Acc 99.7173| Valid Acc 50.1094
TestSub: S[11, 12, 13, 14, 15] Epoch 89 Finsh | Now_lr 0.0003/0.0003 | Lambda 0.4999 | Train Loss 0.0083 | Valid Loss 4.6504 | Train Acc 99.7398| Valid Acc 49.8450
TestSub: S[11, 12, 13, 14, 15] Epoch 90 Finsh | Now_lr 0.0003/0.0003 | Lambda 0.4999 | Train Loss 0.0085 | Valid Loss 5.2037 | Train Acc 99.7246| Valid Acc 50.1915
TestSub: S[11, 12, 13, 14, 15] Epoch 91 Finsh | Now_lr 0.0003/0.0003 | Lambda 0.4999 | Train Loss 0.0081 | Valid Loss 4.8482 | Train Acc 99.7440| Valid Acc 49.0394
TestSub: S[11, 12, 13, 14, 15] Epoch 92 Finsh | Now_lr 0.0003/0.0003 | Lambda 0.4999 | Train Loss 0.0086 | Valid Loss 4.7432 | Train Acc 99.7282| Valid Acc 50.0517
TestSub: S[11, 12, 13, 14, 15] Epoch 93 Finsh | Now_lr 0.0003/0.0003 | Lambda 0.4999 | Train Loss 0.0077 | Valid Loss 4.9405 | Train Acc 99.7617| Valid Acc 50.3101
TestSub: S[11, 12, 13, 14, 15] Epoch 94 Finsh | Now_lr 0.0003/0.0003 | Lambda 0.4999 | Train Loss 0.0068 | Valid Loss 5.0026 | Train Acc 99.7726| Valid Acc 50.5137
TestSub: S[11, 12, 13, 14, 15] Epoch 95 Finsh | Now_lr 0.0003/0.0003 | Lambda 0.4999 | Train Loss 0.0075 | Valid Loss 5.2685 | Train Acc 99.7538| Valid Acc 49.5227
TestSub: S[11, 12, 13, 14, 15] Epoch 96 Finsh | Now_lr 0.0003/0.0003 | Lambda 0.4999 | Train Loss 0.0073 | Valid Loss 5.2093 | Train Acc 99.7598| Valid Acc 50.9028
TestSub: S[11, 12, 13, 14, 15] Epoch 97 Finsh | Now_lr 0.0003/0.0003 | Lambda 0.4999 | Train Loss 0.0083 | Valid Loss 4.9977 | Train Acc 99.7453| Valid Acc 49.7143
TestSub: S[11, 12, 13, 14, 15] Epoch 98 Finsh | Now_lr 0.0003/0.0003 | Lambda 0.4999 | Train Loss 0.0075 | Valid Loss 5.0650 | Train Acc 99.7532| Valid Acc 49.6109
TestSub: S[11, 12, 13, 14, 15] Epoch 99 Finsh | Now_lr 0.0003/0.0003 | Lambda 0.4999 | Train Loss 0.0072 | Valid Loss 5.1271 | Train Acc 99.7787| Valid Acc 50.2280
TestSub: S[11, 12, 13, 14, 15] Epoch 100 Finsh | Now_lr 0.0003/0.0003 | Lambda 0.5000 | Train Loss 0.0075 | Valid Loss 4.7318 | Train Acc 99.7817| Valid Acc 50.2493
--------------------------------------------------
Test_Subject :S[11, 12, 13, 14, 15] |Best epoch:11 | Test Loss:2.7684 | Best Acc 52.4015 | Savemodel Acc 52.4015
--------------------------------------------------

========== Fold 4 ==========
Train IDs: [1, 2, 3, 4, 5, 6, 7, 8, 9, 10, 11, 12, 13, 14, 15, 21, 22, 23, 24, 25, 26, 27, 28, 29, 30]
Val IDs:   [16, 17, 18, 19, 20]
train_data_shape(164500, 32, 128),val_data_shape(32900, 32, 128)
=================================================================
Layer (type:depth-idx)                   Param #
=================================================================
DARNet                                   --
├─TokenEmbedding: 1-1                    --
│    └─Sequential: 2-1                   --
│    │    └─Conv2d: 3-1                  576
│    │    └─BatchNorm2d: 3-2             128
│    │    └─GELU: 3-3                    --
│    └─Sequential: 2-2                   --
│    │    └─Conv2d: 3-4                  32,784
│    │    └─BatchNorm2d: 3-5             32
│    │    └─GELU: 3-6                    --
│    └─PositionalEmbedding: 2-3          --
├─Flatten: 1-2                           --
├─Linear: 1-3                            18
├─AttnRefine: 1-4                        --
│    └─MyAttention: 2-4                  --
│    │    └─Attention: 3-7               800
│    └─Refine: 2-5                       --
│    │    └─Conv1d: 3-8                  784
│    │    └─BatchNorm1d: 3-9             32
│    │    └─ELU: 3-10                    --
│    │    └─MaxPool1d: 3-11              --
│    └─AdaptiveAvgPool1d: 2-6            --
│    └─Linear: 2-7                       68
│    └─Flatten: 2-8                      --
├─AttnRefine: 1-5                        --
│    └─MyAttention: 2-9                  --
│    │    └─Attention: 3-12              800
│    └─Refine: 2-10                      --
│    │    └─Conv1d: 3-13                 784
│    │    └─BatchNorm1d: 3-14            32
│    │    └─ELU: 3-15                    --
│    │    └─MaxPool1d: 3-16              --
│    └─AdaptiveAvgPool1d: 2-11           --
│    └─Linear: 2-12                      68
│    └─Flatten: 2-13                     --
├─GradientReversalLayer: 1-6             --
├─SubjectDiscriminator: 1-7              --
│    └─Sequential: 2-14                  --
│    │    └─Linear: 3-17                 2,304
│    │    └─ReLU: 3-18                   --
│    │    └─Dropout: 3-19                --
│    │    └─Linear: 3-20                 32,896
│    │    └─ReLU: 3-21                   --
│    │    └─Dropout: 3-22                --
│    │    └─Linear: 3-23                 3,870
=================================================================
Total params: 75,976
Trainable params: 75,976
Non-trainable params: 0
=================================================================
TestSub: S[16, 17, 18, 19, 20] Epoch  1 Finsh | Now_lr 0.0003/0.0003 | Lambda 0.0250 | Train Loss 0.4894 | Valid Loss 1.2874 | Train Acc 74.6589| Valid Acc 51.2585
Validation acc increase (0.000000 --> 51.258512) in epoch (1).  Saving model ...
TestSub: S[16, 17, 18, 19, 20] Epoch  2 Finsh | Now_lr 0.0003/0.0003 | Lambda 0.0498 | Train Loss 0.3357 | Valid Loss 1.5672 | Train Acc 85.0535| Valid Acc 49.5471
TestSub: S[16, 17, 18, 19, 20] Epoch  3 Finsh | Now_lr 0.0003/0.0003 | Lambda 0.0744 | Train Loss 0.2643 | Valid Loss 1.7153 | Train Acc 88.7147| Valid Acc 53.9792
Validation acc increase (51.258512 --> 53.979207) in epoch (3).  Saving model ...
TestSub: S[16, 17, 18, 19, 20] Epoch  4 Finsh | Now_lr 0.0003/0.0003 | Lambda 0.0987 | Train Loss 0.2131 | Valid Loss 1.7526 | Train Acc 91.2281| Valid Acc 55.2651
Validation acc increase (53.979207 --> 55.265078) in epoch (4).  Saving model ...
TestSub: S[16, 17, 18, 19, 20] Epoch  5 Finsh | Now_lr 0.0003/0.0003 | Lambda 0.1225 | Train Loss 0.1751 | Valid Loss 1.8782 | Train Acc 92.9505| Valid Acc 54.9398
TestSub: S[16, 17, 18, 19, 20] Epoch  6 Finsh | Now_lr 0.0003/0.0003 | Lambda 0.1457 | Train Loss 0.1465 | Valid Loss 1.9316 | Train Acc 94.2881| Valid Acc 55.0432
TestSub: S[16, 17, 18, 19, 20] Epoch  7 Finsh | Now_lr 0.0003/0.0003 | Lambda 0.1682 | Train Loss 0.1253 | Valid Loss 2.0170 | Train Acc 95.1873| Valid Acc 54.3896
TestSub: S[16, 17, 18, 19, 20] Epoch  8 Finsh | Now_lr 0.0003/0.0003 | Lambda 0.1900 | Train Loss 0.1068 | Valid Loss 1.8710 | Train Acc 95.9679| Valid Acc 54.9732
TestSub: S[16, 17, 18, 19, 20] Epoch  9 Finsh | Now_lr 0.0003/0.0003 | Lambda 0.2109 | Train Loss 0.0955 | Valid Loss 2.0816 | Train Acc 96.4604| Valid Acc 53.1767
TestSub: S[16, 17, 18, 19, 20] Epoch 10 Finsh | Now_lr 0.0003/0.0003 | Lambda 0.2311 | Train Loss 0.0839 | Valid Loss 2.3274 | Train Acc 96.9060| Valid Acc 53.7634
TestSub: S[16, 17, 18, 19, 20] Epoch 11 Finsh | Now_lr 0.0003/0.0003 | Lambda 0.2503 | Train Loss 0.0763 | Valid Loss 2.2062 | Train Acc 97.2264| Valid Acc 54.9216
TestSub: S[16, 17, 18, 19, 20] Epoch 12 Finsh | Now_lr 0.0003/0.0003 | Lambda 0.2685 | Train Loss 0.0693 | Valid Loss 2.4914 | Train Acc 97.4702| Valid Acc 53.7543
TestSub: S[16, 17, 18, 19, 20] Epoch 13 Finsh | Now_lr 0.0003/0.0003 | Lambda 0.2858 | Train Loss 0.0655 | Valid Loss 2.3023 | Train Acc 97.6654| Valid Acc 56.4689
Validation acc increase (55.265078 --> 56.468872) in epoch (13).  Saving model ...
TestSub: S[16, 17, 18, 19, 20] Epoch 14 Finsh | Now_lr 0.0003/0.0003 | Lambda 0.3022 | Train Loss 0.0601 | Valid Loss 2.4866 | Train Acc 97.8465| Valid Acc 54.4565
TestSub: S[16, 17, 18, 19, 20] Epoch 15 Finsh | Now_lr 0.0003/0.0003 | Lambda 0.3176 | Train Loss 0.0543 | Valid Loss 2.6554 | Train Acc 98.0520| Valid Acc 54.8365
TestSub: S[16, 17, 18, 19, 20] Epoch 16 Finsh | Now_lr 0.0003/0.0003 | Lambda 0.3320 | Train Loss 0.0515 | Valid Loss 2.5986 | Train Acc 98.1700| Valid Acc 55.6815
TestSub: S[16, 17, 18, 19, 20] Epoch 17 Finsh | Now_lr 0.0003/0.0003 | Lambda 0.3455 | Train Loss 0.0485 | Valid Loss 2.7820 | Train Acc 98.2588| Valid Acc 54.3987
TestSub: S[16, 17, 18, 19, 20] Epoch 18 Finsh | Now_lr 0.0003/0.0003 | Lambda 0.3581 | Train Loss 0.0466 | Valid Loss 2.6420 | Train Acc 98.3937| Valid Acc 54.1707
TestSub: S[16, 17, 18, 19, 20] Epoch 19 Finsh | Now_lr 0.0003/0.0003 | Lambda 0.3699 | Train Loss 0.0449 | Valid Loss 2.7616 | Train Acc 98.4478| Valid Acc 52.9365
TestSub: S[16, 17, 18, 19, 20] Epoch 20 Finsh | Now_lr 0.0003/0.0003 | Lambda 0.3808 | Train Loss 0.0415 | Valid Loss 2.8263 | Train Acc 98.5275| Valid Acc 54.3166
TestSub: S[16, 17, 18, 19, 20] Epoch 21 Finsh | Now_lr 0.0003/0.0003 | Lambda 0.3909 | Train Loss 0.0401 | Valid Loss 3.2094 | Train Acc 98.6053| Valid Acc 51.8908
TestSub: S[16, 17, 18, 19, 20] Epoch 22 Finsh | Now_lr 0.0003/0.0003 | Lambda 0.4002 | Train Loss 0.0383 | Valid Loss 3.0374 | Train Acc 98.6777| Valid Acc 53.3986
TestSub: S[16, 17, 18, 19, 20] Epoch 23 Finsh | Now_lr 0.0003/0.0003 | Lambda 0.4089 | Train Loss 0.0353 | Valid Loss 3.1510 | Train Acc 98.7956| Valid Acc 53.2405
TestSub: S[16, 17, 18, 19, 20] Epoch 24 Finsh | Now_lr 0.0003/0.0003 | Lambda 0.4168 | Train Loss 0.0348 | Valid Loss 3.1277 | Train Acc 98.8400| Valid Acc 52.3529
TestSub: S[16, 17, 18, 19, 20] Epoch 25 Finsh | Now_lr 0.0003/0.0003 | Lambda 0.4241 | Train Loss 0.0333 | Valid Loss 3.0835 | Train Acc 98.8558| Valid Acc 51.8361
TestSub: S[16, 17, 18, 19, 20] Epoch 26 Finsh | Now_lr 0.0003/0.0003 | Lambda 0.4309 | Train Loss 0.0324 | Valid Loss 3.1794 | Train Acc 98.8959| Valid Acc 52.7055
TestSub: S[16, 17, 18, 19, 20] Epoch 27 Finsh | Now_lr 0.0003/0.0003 | Lambda 0.4370 | Train Loss 0.0311 | Valid Loss 3.3906 | Train Acc 98.9598| Valid Acc 51.4166
TestSub: S[16, 17, 18, 19, 20] Epoch 28 Finsh | Now_lr 0.0003/0.0003 | Lambda 0.4427 | Train Loss 0.0284 | Valid Loss 3.2899 | Train Acc 99.0291| Valid Acc 53.3986
TestSub: S[16, 17, 18, 19, 20] Epoch 29 Finsh | Now_lr 0.0003/0.0003 | Lambda 0.4478 | Train Loss 0.0279 | Valid Loss 3.5091 | Train Acc 99.0339| Valid Acc 52.2890
TestSub: S[16, 17, 18, 19, 20] Epoch 30 Finsh | Now_lr 0.0003/0.0003 | Lambda 0.4526 | Train Loss 0.0277 | Valid Loss 3.4199 | Train Acc 99.0461| Valid Acc 52.9213
TestSub: S[16, 17, 18, 19, 20] Epoch 31 Finsh | Now_lr 0.0003/0.0003 | Lambda 0.4569 | Train Loss 0.0254 | Valid Loss 3.3500 | Train Acc 99.1446| Valid Acc 53.3408
TestSub: S[16, 17, 18, 19, 20] Epoch 32 Finsh | Now_lr 0.0003/0.0003 | Lambda 0.4608 | Train Loss 0.0253 | Valid Loss 3.4705 | Train Acc 99.1640| Valid Acc 52.4197
TestSub: S[16, 17, 18, 19, 20] Epoch 33 Finsh | Now_lr 0.0003/0.0003 | Lambda 0.4644 | Train Loss 0.0248 | Valid Loss 3.5739 | Train Acc 99.1537| Valid Acc 52.7967
TestSub: S[16, 17, 18, 19, 20] Epoch 34 Finsh | Now_lr 0.0003/0.0003 | Lambda 0.4677 | Train Loss 0.0245 | Valid Loss 3.4971 | Train Acc 99.1786| Valid Acc 50.4681
TestSub: S[16, 17, 18, 19, 20] Epoch 35 Finsh | Now_lr 0.0003/0.0003 | Lambda 0.4707 | Train Loss 0.0233 | Valid Loss 3.4151 | Train Acc 99.2188| Valid Acc 50.7752
TestSub: S[16, 17, 18, 19, 20] Epoch 36 Finsh | Now_lr 0.0003/0.0003 | Lambda 0.4734 | Train Loss 0.0215 | Valid Loss 3.7231 | Train Acc 99.2808| Valid Acc 50.8937
TestSub: S[16, 17, 18, 19, 20] Epoch 37 Finsh | Now_lr 0.0003/0.0003 | Lambda 0.4759 | Train Loss 0.0217 | Valid Loss 3.9803 | Train Acc 99.2729| Valid Acc 51.7571
TestSub: S[16, 17, 18, 19, 20] Epoch 38 Finsh | Now_lr 0.0003/0.0003 | Lambda 0.4781 | Train Loss 0.0209 | Valid Loss 3.6150 | Train Acc 99.2899| Valid Acc 50.6931
TestSub: S[16, 17, 18, 19, 20] Epoch 39 Finsh | Now_lr 0.0003/0.0003 | Lambda 0.4802 | Train Loss 0.0207 | Valid Loss 3.8992 | Train Acc 99.3130| Valid Acc 51.0700
TestSub: S[16, 17, 18, 19, 20] Epoch 40 Finsh | Now_lr 0.0003/0.0003 | Lambda 0.4820 | Train Loss 0.0204 | Valid Loss 3.8328 | Train Acc 99.3136| Valid Acc 51.9121
TestSub: S[16, 17, 18, 19, 20] Epoch 41 Finsh | Now_lr 0.0003/0.0003 | Lambda 0.4837 | Train Loss 0.0196 | Valid Loss 3.8080 | Train Acc 99.3245| Valid Acc 50.9120
TestSub: S[16, 17, 18, 19, 20] Epoch 42 Finsh | Now_lr 0.0003/0.0003 | Lambda 0.4852 | Train Loss 0.0191 | Valid Loss 3.8190 | Train Acc 99.3537| Valid Acc 52.4684
TestSub: S[16, 17, 18, 19, 20] Epoch 43 Finsh | Now_lr 0.0003/0.0003 | Lambda 0.4866 | Train Loss 0.0190 | Valid Loss 3.8359 | Train Acc 99.3866| Valid Acc 52.3103
TestSub: S[16, 17, 18, 19, 20] Epoch 44 Finsh | Now_lr 0.0003/0.0003 | Lambda 0.4879 | Train Loss 0.0185 | Valid Loss 3.8369 | Train Acc 99.3786| Valid Acc 50.5745
TestSub: S[16, 17, 18, 19, 20] Epoch 45 Finsh | Now_lr 0.0003/0.0003 | Lambda 0.4890 | Train Loss 0.0178 | Valid Loss 4.0317 | Train Acc 99.4242| Valid Acc 51.5595
TestSub: S[16, 17, 18, 19, 20] Epoch 46 Finsh | Now_lr 0.0003/0.0003 | Lambda 0.4900 | Train Loss 0.0172 | Valid Loss 4.1619 | Train Acc 99.4376| Valid Acc 50.0699
TestSub: S[16, 17, 18, 19, 20] Epoch 47 Finsh | Now_lr 0.0003/0.0003 | Lambda 0.4910 | Train Loss 0.0169 | Valid Loss 3.8687 | Train Acc 99.4705| Valid Acc 51.4196
TestSub: S[16, 17, 18, 19, 20] Epoch 48 Finsh | Now_lr 0.0003/0.0003 | Lambda 0.4918 | Train Loss 0.0174 | Valid Loss 3.7674 | Train Acc 99.4279| Valid Acc 51.5321
TestSub: S[16, 17, 18, 19, 20] Epoch 49 Finsh | Now_lr 0.0003/0.0003 | Lambda 0.4926 | Train Loss 0.0163 | Valid Loss 3.8629 | Train Acc 99.4528| Valid Acc 51.4470
TestSub: S[16, 17, 18, 19, 20] Epoch 50 Finsh | Now_lr 0.0003/0.0003 | Lambda 0.4933 | Train Loss 0.0160 | Valid Loss 3.7182 | Train Acc 99.4826| Valid Acc 51.6081
TestSub: S[16, 17, 18, 19, 20] Epoch 51 Finsh | Now_lr 0.0003/0.0003 | Lambda 0.4939 | Train Loss 0.0159 | Valid Loss 3.6357 | Train Acc 99.4784| Valid Acc 52.5505
TestSub: S[16, 17, 18, 19, 20] Epoch 52 Finsh | Now_lr 0.0003/0.0003 | Lambda 0.4945 | Train Loss 0.0153 | Valid Loss 3.7372 | Train Acc 99.5033| Valid Acc 52.2586
TestSub: S[16, 17, 18, 19, 20] Epoch 53 Finsh | Now_lr 0.0003/0.0003 | Lambda 0.4950 | Train Loss 0.0152 | Valid Loss 4.3439 | Train Acc 99.5002| Valid Acc 51.2190
TestSub: S[16, 17, 18, 19, 20] Epoch 54 Finsh | Now_lr 0.0003/0.0003 | Lambda 0.4955 | Train Loss 0.0151 | Valid Loss 4.2681 | Train Acc 99.4984| Valid Acc 50.6627
TestSub: S[16, 17, 18, 19, 20] Epoch 55 Finsh | Now_lr 0.0003/0.0003 | Lambda 0.4959 | Train Loss 0.0142 | Valid Loss 3.9230 | Train Acc 99.5361| Valid Acc 51.8786
TestSub: S[16, 17, 18, 19, 20] Epoch 56 Finsh | Now_lr 0.0003/0.0003 | Lambda 0.4963 | Train Loss 0.0137 | Valid Loss 3.9315 | Train Acc 99.5477| Valid Acc 51.6233
TestSub: S[16, 17, 18, 19, 20] Epoch 57 Finsh | Now_lr 0.0003/0.0003 | Lambda 0.4967 | Train Loss 0.0136 | Valid Loss 4.1426 | Train Acc 99.5458| Valid Acc 52.3346
TestSub: S[16, 17, 18, 19, 20] Epoch 58 Finsh | Now_lr 0.0003/0.0003 | Lambda 0.4970 | Train Loss 0.0145 | Valid Loss 4.1897 | Train Acc 99.5215| Valid Acc 52.2586
TestSub: S[16, 17, 18, 19, 20] Epoch 59 Finsh | Now_lr 0.0003/0.0003 | Lambda 0.4973 | Train Loss 0.0132 | Valid Loss 4.2486 | Train Acc 99.5762| Valid Acc 50.6688
TestSub: S[16, 17, 18, 19, 20] Epoch 60 Finsh | Now_lr 0.0003/0.0003 | Lambda 0.4975 | Train Loss 0.0132 | Valid Loss 4.0104 | Train Acc 99.5592| Valid Acc 51.1856
TestSub: S[16, 17, 18, 19, 20] Epoch 61 Finsh | Now_lr 0.0003/0.0003 | Lambda 0.4978 | Train Loss 0.0117 | Valid Loss 4.3879 | Train Acc 99.6243| Valid Acc 50.2310
TestSub: S[16, 17, 18, 19, 20] Epoch 62 Finsh | Now_lr 0.0003/0.0003 | Lambda 0.4980 | Train Loss 0.0136 | Valid Loss 4.0701 | Train Acc 99.5677| Valid Acc 52.3893
TestSub: S[16, 17, 18, 19, 20] Epoch 63 Finsh | Now_lr 0.0003/0.0003 | Lambda 0.4982 | Train Loss 0.0127 | Valid Loss 4.0968 | Train Acc 99.6079| Valid Acc 51.0640
TestSub: S[16, 17, 18, 19, 20] Epoch 64 Finsh | Now_lr 0.0003/0.0003 | Lambda 0.4983 | Train Loss 0.0134 | Valid Loss 4.1999 | Train Acc 99.5537| Valid Acc 51.2099
TestSub: S[16, 17, 18, 19, 20] Epoch 65 Finsh | Now_lr 0.0003/0.0003 | Lambda 0.4985 | Train Loss 0.0120 | Valid Loss 4.1427 | Train Acc 99.5945| Valid Acc 51.5990
TestSub: S[16, 17, 18, 19, 20] Epoch 66 Finsh | Now_lr 0.0003/0.0003 | Lambda 0.4986 | Train Loss 0.0123 | Valid Loss 4.0914 | Train Acc 99.5914| Valid Acc 51.7419
TestSub: S[16, 17, 18, 19, 20] Epoch 67 Finsh | Now_lr 0.0003/0.0003 | Lambda 0.4988 | Train Loss 0.0109 | Valid Loss 4.1827 | Train Acc 99.6589| Valid Acc 52.1644
TestSub: S[16, 17, 18, 19, 20] Epoch 68 Finsh | Now_lr 0.0003/0.0003 | Lambda 0.4989 | Train Loss 0.0102 | Valid Loss 4.6286 | Train Acc 99.6662| Valid Acc 51.2220
TestSub: S[16, 17, 18, 19, 20] Epoch 69 Finsh | Now_lr 0.0003/0.0003 | Lambda 0.4990 | Train Loss 0.0113 | Valid Loss 4.1817 | Train Acc 99.6407| Valid Acc 51.6750
TestSub: S[16, 17, 18, 19, 20] Epoch 70 Finsh | Now_lr 0.0003/0.0003 | Lambda 0.4991 | Train Loss 0.0109 | Valid Loss 4.2412 | Train Acc 99.6364| Valid Acc 51.2646
TestSub: S[16, 17, 18, 19, 20] Epoch 71 Finsh | Now_lr 0.0003/0.0003 | Lambda 0.4992 | Train Loss 0.0109 | Valid Loss 4.2855 | Train Acc 99.6383| Valid Acc 51.0275
TestSub: S[16, 17, 18, 19, 20] Epoch 72 Finsh | Now_lr 0.0003/0.0003 | Lambda 0.4993 | Train Loss 0.0101 | Valid Loss 4.6386 | Train Acc 99.6729| Valid Acc 50.5593
TestSub: S[16, 17, 18, 19, 20] Epoch 73 Finsh | Now_lr 0.0003/0.0003 | Lambda 0.4993 | Train Loss 0.0110 | Valid Loss 4.2725 | Train Acc 99.6279| Valid Acc 50.7873
TestSub: S[16, 17, 18, 19, 20] Epoch 74 Finsh | Now_lr 0.0003/0.0003 | Lambda 0.4994 | Train Loss 0.0103 | Valid Loss 4.2592 | Train Acc 99.6632| Valid Acc 52.2343
TestSub: S[16, 17, 18, 19, 20] Epoch 75 Finsh | Now_lr 0.0003/0.0003 | Lambda 0.4994 | Train Loss 0.0101 | Valid Loss 4.5180 | Train Acc 99.6863| Valid Acc 52.1249
TestSub: S[16, 17, 18, 19, 20] Epoch 76 Finsh | Now_lr 0.0003/0.0003 | Lambda 0.4995 | Train Loss 0.0101 | Valid Loss 4.4207 | Train Acc 99.6851| Valid Acc 50.7417
TestSub: S[16, 17, 18, 19, 20] Epoch 77 Finsh | Now_lr 0.0003/0.0003 | Lambda 0.4995 | Train Loss 0.0103 | Valid Loss 4.3820 | Train Acc 99.6620| Valid Acc 50.7569
TestSub: S[16, 17, 18, 19, 20] Epoch 78 Finsh | Now_lr 0.0003/0.0003 | Lambda 0.4996 | Train Loss 0.0097 | Valid Loss 4.5599 | Train Acc 99.6997| Valid Acc 50.2250
TestSub: S[16, 17, 18, 19, 20] Epoch 79 Finsh | Now_lr 0.0003/0.0003 | Lambda 0.4996 | Train Loss 0.0089 | Valid Loss 4.7998 | Train Acc 99.7258| Valid Acc 51.5929
TestSub: S[16, 17, 18, 19, 20] Epoch 80 Finsh | Now_lr 0.0003/0.0003 | Lambda 0.4997 | Train Loss 0.0098 | Valid Loss 4.6809 | Train Acc 99.6966| Valid Acc 51.1491
TestSub: S[16, 17, 18, 19, 20] Epoch 81 Finsh | Now_lr 0.0003/0.0003 | Lambda 0.4997 | Train Loss 0.0095 | Valid Loss 4.6064 | Train Acc 99.6924| Valid Acc 51.7388
TestSub: S[16, 17, 18, 19, 20] Epoch 82 Finsh | Now_lr 0.0003/0.0003 | Lambda 0.4997 | Train Loss 0.0094 | Valid Loss 4.4524 | Train Acc 99.7063| Valid Acc 52.0398
TestSub: S[16, 17, 18, 19, 20] Epoch 83 Finsh | Now_lr 0.0003/0.0003 | Lambda 0.4998 | Train Loss 0.0093 | Valid Loss 4.5030 | Train Acc 99.7021| Valid Acc 52.0732
TestSub: S[16, 17, 18, 19, 20] Epoch 84 Finsh | Now_lr 0.0003/0.0003 | Lambda 0.4998 | Train Loss 0.0088 | Valid Loss 4.5173 | Train Acc 99.7155| Valid Acc 51.3558
TestSub: S[16, 17, 18, 19, 20] Epoch 85 Finsh | Now_lr 0.0003/0.0003 | Lambda 0.4998 | Train Loss 0.0091 | Valid Loss 4.7126 | Train Acc 99.7070| Valid Acc 52.0124
TestSub: S[16, 17, 18, 19, 20] Epoch 86 Finsh | Now_lr 0.0003/0.0003 | Lambda 0.4998 | Train Loss 0.0095 | Valid Loss 4.6713 | Train Acc 99.7161| Valid Acc 51.7297
TestSub: S[16, 17, 18, 19, 20] Epoch 87 Finsh | Now_lr 0.0003/0.0003 | Lambda 0.4998 | Train Loss 0.0092 | Valid Loss 4.1888 | Train Acc 99.7209| Valid Acc 50.6961
TestSub: S[16, 17, 18, 19, 20] Epoch 88 Finsh | Now_lr 0.0003/0.0003 | Lambda 0.4998 | Train Loss 0.0091 | Valid Loss 4.3845 | Train Acc 99.7076| Valid Acc 50.5958
TestSub: S[16, 17, 18, 19, 20] Epoch 89 Finsh | Now_lr 0.0003/0.0003 | Lambda 0.4999 | Train Loss 0.0088 | Valid Loss 4.5772 | Train Acc 99.7173| Valid Acc 50.8846
TestSub: S[16, 17, 18, 19, 20] Epoch 90 Finsh | Now_lr 0.0003/0.0003 | Lambda 0.4999 | Train Loss 0.0081 | Valid Loss 4.3987 | Train Acc 99.7319| Valid Acc 51.6963
TestSub: S[16, 17, 18, 19, 20] Epoch 91 Finsh | Now_lr 0.0003/0.0003 | Lambda 0.4999 | Train Loss 0.0082 | Valid Loss 4.6167 | Train Acc 99.7556| Valid Acc 51.8118
TestSub: S[16, 17, 18, 19, 20] Epoch 92 Finsh | Now_lr 0.0003/0.0003 | Lambda 0.4999 | Train Loss 0.0080 | Valid Loss 4.7973 | Train Acc 99.7367| Valid Acc 50.6931
TestSub: S[16, 17, 18, 19, 20] Epoch 93 Finsh | Now_lr 0.0003/0.0003 | Lambda 0.4999 | Train Loss 0.0084 | Valid Loss 4.4783 | Train Acc 99.7404| Valid Acc 53.1584
TestSub: S[16, 17, 18, 19, 20] Epoch 94 Finsh | Now_lr 0.0003/0.0003 | Lambda 0.4999 | Train Loss 0.0078 | Valid Loss 5.0421 | Train Acc 99.7526| Valid Acc 51.3740
TestSub: S[16, 17, 18, 19, 20] Epoch 95 Finsh | Now_lr 0.0003/0.0003 | Lambda 0.4999 | Train Loss 0.0078 | Valid Loss 4.8656 | Train Acc 99.7519| Valid Acc 51.4439
TestSub: S[16, 17, 18, 19, 20] Epoch 96 Finsh | Now_lr 0.0003/0.0003 | Lambda 0.4999 | Train Loss 0.0080 | Valid Loss 5.0399 | Train Acc 99.7605| Valid Acc 51.4044
TestSub: S[16, 17, 18, 19, 20] Epoch 97 Finsh | Now_lr 0.0003/0.0003 | Lambda 0.4999 | Train Loss 0.0080 | Valid Loss 4.6609 | Train Acc 99.7392| Valid Acc 51.2646
TestSub: S[16, 17, 18, 19, 20] Epoch 98 Finsh | Now_lr 0.0003/0.0003 | Lambda 0.4999 | Train Loss 0.0080 | Valid Loss 4.7066 | Train Acc 99.7404| Valid Acc 50.6597
TestSub: S[16, 17, 18, 19, 20] Epoch 99 Finsh | Now_lr 0.0003/0.0003 | Lambda 0.4999 | Train Loss 0.0075 | Valid Loss 4.8277 | Train Acc 99.7410| Valid Acc 50.7904
TestSub: S[16, 17, 18, 19, 20] Epoch 100 Finsh | Now_lr 0.0003/0.0003 | Lambda 0.5000 | Train Loss 0.0077 | Valid Loss 4.7101 | Train Acc 99.7513| Valid Acc 50.9849
--------------------------------------------------
Test_Subject :S[16, 17, 18, 19, 20] |Best epoch:13 | Test Loss:2.3023 | Best Acc 56.4689 | Savemodel Acc 56.4689
--------------------------------------------------

========== Fold 5 ==========
Train IDs: [1, 2, 3, 4, 5, 6, 7, 8, 9, 10, 11, 12, 13, 14, 15, 16, 17, 18, 19, 20, 26, 27, 28, 29, 30]
Val IDs:   [21, 22, 23, 24, 25]
train_data_shape(164500, 32, 128),val_data_shape(32900, 32, 128)
=================================================================
Layer (type:depth-idx)                   Param #
=================================================================
DARNet                                   --
├─TokenEmbedding: 1-1                    --
│    └─Sequential: 2-1                   --
│    │    └─Conv2d: 3-1                  576
│    │    └─BatchNorm2d: 3-2             128
│    │    └─GELU: 3-3                    --
│    └─Sequential: 2-2                   --
│    │    └─Conv2d: 3-4                  32,784
│    │    └─BatchNorm2d: 3-5             32
│    │    └─GELU: 3-6                    --
│    └─PositionalEmbedding: 2-3          --
├─Flatten: 1-2                           --
├─Linear: 1-3                            18
├─AttnRefine: 1-4                        --
│    └─MyAttention: 2-4                  --
│    │    └─Attention: 3-7               800
│    └─Refine: 2-5                       --
│    │    └─Conv1d: 3-8                  784
│    │    └─BatchNorm1d: 3-9             32
│    │    └─ELU: 3-10                    --
│    │    └─MaxPool1d: 3-11              --
│    └─AdaptiveAvgPool1d: 2-6            --
│    └─Linear: 2-7                       68
│    └─Flatten: 2-8                      --
├─AttnRefine: 1-5                        --
│    └─MyAttention: 2-9                  --
│    │    └─Attention: 3-12              800
│    └─Refine: 2-10                      --
│    │    └─Conv1d: 3-13                 784
│    │    └─BatchNorm1d: 3-14            32
│    │    └─ELU: 3-15                    --
│    │    └─MaxPool1d: 3-16              --
│    └─AdaptiveAvgPool1d: 2-11           --
│    └─Linear: 2-12                      68
│    └─Flatten: 2-13                     --
├─GradientReversalLayer: 1-6             --
├─SubjectDiscriminator: 1-7              --
│    └─Sequential: 2-14                  --
│    │    └─Linear: 3-17                 2,304
│    │    └─ReLU: 3-18                   --
│    │    └─Dropout: 3-19                --
│    │    └─Linear: 3-20                 32,896
│    │    └─ReLU: 3-21                   --
│    │    └─Dropout: 3-22                --
│    │    └─Linear: 3-23                 3,870
=================================================================
Total params: 75,976
Trainable params: 75,976
Non-trainable params: 0
=================================================================
TestSub: S[21, 22, 23, 24, 25] Epoch  1 Finsh | Now_lr 0.0003/0.0003 | Lambda 0.0250 | Train Loss 0.4587 | Valid Loss 1.4529 | Train Acc 77.1304| Valid Acc 48.8509
Validation acc increase (0.000000 --> 48.850924) in epoch (1).  Saving model ...
TestSub: S[21, 22, 23, 24, 25] Epoch  2 Finsh | Now_lr 0.0003/0.0003 | Lambda 0.0498 | Train Loss 0.3087 | Valid Loss 1.6963 | Train Acc 86.6221| Valid Acc 47.6046
TestSub: S[21, 22, 23, 24, 25] Epoch  3 Finsh | Now_lr 0.0003/0.0003 | Lambda 0.0744 | Train Loss 0.2449 | Valid Loss 1.8904 | Train Acc 89.7757| Valid Acc 48.0393
TestSub: S[21, 22, 23, 24, 25] Epoch  4 Finsh | Now_lr 0.0003/0.0003 | Lambda 0.0987 | Train Loss 0.2025 | Valid Loss 2.0416 | Train Acc 91.7947| Valid Acc 48.0910
TestSub: S[21, 22, 23, 24, 25] Epoch  5 Finsh | Now_lr 0.0003/0.0003 | Lambda 0.1225 | Train Loss 0.1723 | Valid Loss 2.0975 | Train Acc 93.1718| Valid Acc 49.3738
Validation acc increase (48.850924 --> 49.373784) in epoch (5).  Saving model ...
TestSub: S[21, 22, 23, 24, 25] Epoch  6 Finsh | Now_lr 0.0003/0.0003 | Lambda 0.1457 | Train Loss 0.1479 | Valid Loss 2.2019 | Train Acc 94.2115| Valid Acc 50.4134
Validation acc increase (49.373784 --> 50.413424) in epoch (6).  Saving model ...
TestSub: S[21, 22, 23, 24, 25] Epoch  7 Finsh | Now_lr 0.0003/0.0003 | Lambda 0.1682 | Train Loss 0.1306 | Valid Loss 2.1996 | Train Acc 95.0024| Valid Acc 49.1792
TestSub: S[21, 22, 23, 24, 25] Epoch  8 Finsh | Now_lr 0.0003/0.0003 | Lambda 0.1900 | Train Loss 0.1136 | Valid Loss 2.2461 | Train Acc 95.7144| Valid Acc 50.0304
TestSub: S[21, 22, 23, 24, 25] Epoch  9 Finsh | Now_lr 0.0003/0.0003 | Lambda 0.2109 | Train Loss 0.1004 | Valid Loss 2.3869 | Train Acc 96.2263| Valid Acc 50.7478
Validation acc increase (50.413424 --> 50.747811) in epoch (9).  Saving model ...
TestSub: S[21, 22, 23, 24, 25] Epoch 10 Finsh | Now_lr 0.0003/0.0003 | Lambda 0.2311 | Train Loss 0.0918 | Valid Loss 2.3639 | Train Acc 96.5753| Valid Acc 52.4745
Validation acc increase (50.747811 --> 52.474465) in epoch (10).  Saving model ...
TestSub: S[21, 22, 23, 24, 25] Epoch 11 Finsh | Now_lr 0.0003/0.0003 | Lambda 0.2503 | Train Loss 0.0822 | Valid Loss 2.5305 | Train Acc 96.9996| Valid Acc 49.8906
TestSub: S[21, 22, 23, 24, 25] Epoch 12 Finsh | Now_lr 0.0003/0.0003 | Lambda 0.2685 | Train Loss 0.0751 | Valid Loss 2.3963 | Train Acc 97.2714| Valid Acc 50.3739
TestSub: S[21, 22, 23, 24, 25] Epoch 13 Finsh | Now_lr 0.0003/0.0003 | Lambda 0.2858 | Train Loss 0.0688 | Valid Loss 2.4298 | Train Acc 97.4945| Valid Acc 52.1674
TestSub: S[21, 22, 23, 24, 25] Epoch 14 Finsh | Now_lr 0.0003/0.0003 | Lambda 0.3022 | Train Loss 0.0617 | Valid Loss 2.5740 | Train Acc 97.7839| Valid Acc 50.9363
TestSub: S[21, 22, 23, 24, 25] Epoch 15 Finsh | Now_lr 0.0003/0.0003 | Lambda 0.3176 | Train Loss 0.0566 | Valid Loss 2.7085 | Train Acc 97.9627| Valid Acc 50.3921
TestSub: S[21, 22, 23, 24, 25] Epoch 16 Finsh | Now_lr 0.0003/0.0003 | Lambda 0.3320 | Train Loss 0.0540 | Valid Loss 2.6664 | Train Acc 98.0946| Valid Acc 51.5899
TestSub: S[21, 22, 23, 24, 25] Epoch 17 Finsh | Now_lr 0.0003/0.0003 | Lambda 0.3455 | Train Loss 0.0504 | Valid Loss 2.7260 | Train Acc 98.2363| Valid Acc 51.5321
TestSub: S[21, 22, 23, 24, 25] Epoch 18 Finsh | Now_lr 0.0003/0.0003 | Lambda 0.3581 | Train Loss 0.0472 | Valid Loss 2.7739 | Train Acc 98.3317| Valid Acc 50.1034
TestSub: S[21, 22, 23, 24, 25] Epoch 19 Finsh | Now_lr 0.0003/0.0003 | Lambda 0.3699 | Train Loss 0.0444 | Valid Loss 2.8126 | Train Acc 98.4399| Valid Acc 50.4742
TestSub: S[21, 22, 23, 24, 25] Epoch 20 Finsh | Now_lr 0.0003/0.0003 | Lambda 0.3808 | Train Loss 0.0435 | Valid Loss 2.8571 | Train Acc 98.4606| Valid Acc 50.4925
TestSub: S[21, 22, 23, 24, 25] Epoch 21 Finsh | Now_lr 0.0003/0.0003 | Lambda 0.3909 | Train Loss 0.0389 | Valid Loss 3.0917 | Train Acc 98.6892| Valid Acc 50.9484
TestSub: S[21, 22, 23, 24, 25] Epoch 22 Finsh | Now_lr 0.0003/0.0003 | Lambda 0.4002 | Train Loss 0.0387 | Valid Loss 2.9896 | Train Acc 98.6697| Valid Acc 50.6566
TestSub: S[21, 22, 23, 24, 25] Epoch 23 Finsh | Now_lr 0.0003/0.0003 | Lambda 0.4089 | Train Loss 0.0366 | Valid Loss 3.0249 | Train Acc 98.7220| Valid Acc 51.0883
TestSub: S[21, 22, 23, 24, 25] Epoch 24 Finsh | Now_lr 0.0003/0.0003 | Lambda 0.4168 | Train Loss 0.0360 | Valid Loss 3.2230 | Train Acc 98.7470| Valid Acc 51.4561
TestSub: S[21, 22, 23, 24, 25] Epoch 25 Finsh | Now_lr 0.0003/0.0003 | Lambda 0.4241 | Train Loss 0.0336 | Valid Loss 3.1258 | Train Acc 98.8564| Valid Acc 51.6750
TestSub: S[21, 22, 23, 24, 25] Epoch 26 Finsh | Now_lr 0.0003/0.0003 | Lambda 0.4309 | Train Loss 0.0323 | Valid Loss 3.4042 | Train Acc 98.8570| Valid Acc 50.5289
TestSub: S[21, 22, 23, 24, 25] Epoch 27 Finsh | Now_lr 0.0003/0.0003 | Lambda 0.4370 | Train Loss 0.0305 | Valid Loss 3.2681 | Train Acc 98.9549| Valid Acc 50.0000
TestSub: S[21, 22, 23, 24, 25] Epoch 28 Finsh | Now_lr 0.0003/0.0003 | Lambda 0.4427 | Train Loss 0.0301 | Valid Loss 3.5494 | Train Acc 98.9944| Valid Acc 50.8086
TestSub: S[21, 22, 23, 24, 25] Epoch 29 Finsh | Now_lr 0.0003/0.0003 | Lambda 0.4478 | Train Loss 0.0295 | Valid Loss 3.3836 | Train Acc 99.0084| Valid Acc 48.5105
TestSub: S[21, 22, 23, 24, 25] Epoch 30 Finsh | Now_lr 0.0003/0.0003 | Lambda 0.4526 | Train Loss 0.0278 | Valid Loss 3.5418 | Train Acc 99.0503| Valid Acc 49.4498
TestSub: S[21, 22, 23, 24, 25] Epoch 31 Finsh | Now_lr 0.0003/0.0003 | Lambda 0.4569 | Train Loss 0.0262 | Valid Loss 3.5314 | Train Acc 99.1154| Valid Acc 50.1915
TestSub: S[21, 22, 23, 24, 25] Epoch 32 Finsh | Now_lr 0.0003/0.0003 | Lambda 0.4608 | Train Loss 0.0265 | Valid Loss 3.5646 | Train Acc 99.1045| Valid Acc 49.2127
TestSub: S[21, 22, 23, 24, 25] Epoch 33 Finsh | Now_lr 0.0003/0.0003 | Lambda 0.4644 | Train Loss 0.0260 | Valid Loss 3.4263 | Train Acc 99.1160| Valid Acc 49.2127
TestSub: S[21, 22, 23, 24, 25] Epoch 34 Finsh | Now_lr 0.0003/0.0003 | Lambda 0.4677 | Train Loss 0.0241 | Valid Loss 3.5748 | Train Acc 99.1732| Valid Acc 49.6352
TestSub: S[21, 22, 23, 24, 25] Epoch 35 Finsh | Now_lr 0.0003/0.0003 | Lambda 0.4707 | Train Loss 0.0244 | Valid Loss 3.5857 | Train Acc 99.1531| Valid Acc 50.2432
TestSub: S[21, 22, 23, 24, 25] Epoch 36 Finsh | Now_lr 0.0003/0.0003 | Lambda 0.4734 | Train Loss 0.0238 | Valid Loss 3.6360 | Train Acc 99.1853| Valid Acc 49.5866
TestSub: S[21, 22, 23, 24, 25] Epoch 37 Finsh | Now_lr 0.0003/0.0003 | Lambda 0.4759 | Train Loss 0.0229 | Valid Loss 3.7141 | Train Acc 99.2358| Valid Acc 49.2522
TestSub: S[21, 22, 23, 24, 25] Epoch 38 Finsh | Now_lr 0.0003/0.0003 | Lambda 0.4781 | Train Loss 0.0220 | Valid Loss 3.7136 | Train Acc 99.2613| Valid Acc 49.2704
TestSub: S[21, 22, 23, 24, 25] Epoch 39 Finsh | Now_lr 0.0003/0.0003 | Lambda 0.4802 | Train Loss 0.0214 | Valid Loss 3.6889 | Train Acc 99.2929| Valid Acc 49.7659
TestSub: S[21, 22, 23, 24, 25] Epoch 40 Finsh | Now_lr 0.0003/0.0003 | Lambda 0.4820 | Train Loss 0.0210 | Valid Loss 3.5993 | Train Acc 99.2838| Valid Acc 50.9880
TestSub: S[21, 22, 23, 24, 25] Epoch 41 Finsh | Now_lr 0.0003/0.0003 | Lambda 0.4837 | Train Loss 0.0197 | Valid Loss 3.4979 | Train Acc 99.3227| Valid Acc 48.4892
TestSub: S[21, 22, 23, 24, 25] Epoch 42 Finsh | Now_lr 0.0003/0.0003 | Lambda 0.4852 | Train Loss 0.0194 | Valid Loss 3.5592 | Train Acc 99.3726| Valid Acc 48.2034
TestSub: S[21, 22, 23, 24, 25] Epoch 43 Finsh | Now_lr 0.0003/0.0003 | Lambda 0.4866 | Train Loss 0.0183 | Valid Loss 3.9483 | Train Acc 99.3914| Valid Acc 49.2583
TestSub: S[21, 22, 23, 24, 25] Epoch 44 Finsh | Now_lr 0.0003/0.0003 | Lambda 0.4879 | Train Loss 0.0179 | Valid Loss 4.0636 | Train Acc 99.3975| Valid Acc 49.9878
TestSub: S[21, 22, 23, 24, 25] Epoch 45 Finsh | Now_lr 0.0003/0.0003 | Lambda 0.4890 | Train Loss 0.0181 | Valid Loss 3.6430 | Train Acc 99.4030| Valid Acc 49.5471
TestSub: S[21, 22, 23, 24, 25] Epoch 46 Finsh | Now_lr 0.0003/0.0003 | Lambda 0.4900 | Train Loss 0.0178 | Valid Loss 3.8611 | Train Acc 99.3969| Valid Acc 49.6747
TestSub: S[21, 22, 23, 24, 25] Epoch 47 Finsh | Now_lr 0.0003/0.0003 | Lambda 0.4910 | Train Loss 0.0170 | Valid Loss 3.8871 | Train Acc 99.4504| Valid Acc 50.8147
TestSub: S[21, 22, 23, 24, 25] Epoch 48 Finsh | Now_lr 0.0003/0.0003 | Lambda 0.4918 | Train Loss 0.0177 | Valid Loss 3.8273 | Train Acc 99.4054| Valid Acc 49.3890
TestSub: S[21, 22, 23, 24, 25] Epoch 49 Finsh | Now_lr 0.0003/0.0003 | Lambda 0.4926 | Train Loss 0.0149 | Valid Loss 4.0245 | Train Acc 99.5252| Valid Acc 49.6231
TestSub: S[21, 22, 23, 24, 25] Epoch 50 Finsh | Now_lr 0.0003/0.0003 | Lambda 0.4933 | Train Loss 0.0163 | Valid Loss 3.8794 | Train Acc 99.4619| Valid Acc 50.4499
TestSub: S[21, 22, 23, 24, 25] Epoch 51 Finsh | Now_lr 0.0003/0.0003 | Lambda 0.4939 | Train Loss 0.0154 | Valid Loss 3.9478 | Train Acc 99.4692| Valid Acc 49.5957
TestSub: S[21, 22, 23, 24, 25] Epoch 52 Finsh | Now_lr 0.0003/0.0003 | Lambda 0.4945 | Train Loss 0.0148 | Valid Loss 4.1309 | Train Acc 99.5009| Valid Acc 50.0912
TestSub: S[21, 22, 23, 24, 25] Epoch 53 Finsh | Now_lr 0.0003/0.0003 | Lambda 0.4950 | Train Loss 0.0147 | Valid Loss 3.9566 | Train Acc 99.5240| Valid Acc 49.3403
TestSub: S[21, 22, 23, 24, 25] Epoch 54 Finsh | Now_lr 0.0003/0.0003 | Lambda 0.4955 | Train Loss 0.0136 | Valid Loss 4.1431 | Train Acc 99.5537| Valid Acc 49.5835
TestSub: S[21, 22, 23, 24, 25] Epoch 55 Finsh | Now_lr 0.0003/0.0003 | Lambda 0.4959 | Train Loss 0.0148 | Valid Loss 3.9193 | Train Acc 99.5312| Valid Acc 50.3131
TestSub: S[21, 22, 23, 24, 25] Epoch 56 Finsh | Now_lr 0.0003/0.0003 | Lambda 0.4963 | Train Loss 0.0131 | Valid Loss 4.0584 | Train Acc 99.5392| Valid Acc 50.0030
TestSub: S[21, 22, 23, 24, 25] Epoch 57 Finsh | Now_lr 0.0003/0.0003 | Lambda 0.4967 | Train Loss 0.0142 | Valid Loss 4.2593 | Train Acc 99.5227| Valid Acc 48.5834
TestSub: S[21, 22, 23, 24, 25] Epoch 58 Finsh | Now_lr 0.0003/0.0003 | Lambda 0.4970 | Train Loss 0.0124 | Valid Loss 4.0219 | Train Acc 99.5939| Valid Acc 49.9970
TestSub: S[21, 22, 23, 24, 25] Epoch 59 Finsh | Now_lr 0.0003/0.0003 | Lambda 0.4973 | Train Loss 0.0133 | Valid Loss 4.1722 | Train Acc 99.5781| Valid Acc 50.2645
TestSub: S[21, 22, 23, 24, 25] Epoch 60 Finsh | Now_lr 0.0003/0.0003 | Lambda 0.4975 | Train Loss 0.0125 | Valid Loss 3.8180 | Train Acc 99.5817| Valid Acc 49.2157
TestSub: S[21, 22, 23, 24, 25] Epoch 61 Finsh | Now_lr 0.0003/0.0003 | Lambda 0.4978 | Train Loss 0.0125 | Valid Loss 3.9371 | Train Acc 99.5829| Valid Acc 50.0730
TestSub: S[21, 22, 23, 24, 25] Epoch 62 Finsh | Now_lr 0.0003/0.0003 | Lambda 0.4980 | Train Loss 0.0116 | Valid Loss 3.9829 | Train Acc 99.6455| Valid Acc 50.6718
TestSub: S[21, 22, 23, 24, 25] Epoch 63 Finsh | Now_lr 0.0003/0.0003 | Lambda 0.4982 | Train Loss 0.0119 | Valid Loss 4.1824 | Train Acc 99.6072| Valid Acc 48.7810
TestSub: S[21, 22, 23, 24, 25] Epoch 64 Finsh | Now_lr 0.0003/0.0003 | Lambda 0.4983 | Train Loss 0.0115 | Valid Loss 4.2860 | Train Acc 99.6297| Valid Acc 49.5805
TestSub: S[21, 22, 23, 24, 25] Epoch 65 Finsh | Now_lr 0.0003/0.0003 | Lambda 0.4985 | Train Loss 0.0122 | Valid Loss 4.3862 | Train Acc 99.6030| Valid Acc 49.4741
TestSub: S[21, 22, 23, 24, 25] Epoch 66 Finsh | Now_lr 0.0003/0.0003 | Lambda 0.4986 | Train Loss 0.0111 | Valid Loss 4.4686 | Train Acc 99.6401| Valid Acc 50.6536
TestSub: S[21, 22, 23, 24, 25] Epoch 67 Finsh | Now_lr 0.0003/0.0003 | Lambda 0.4988 | Train Loss 0.0109 | Valid Loss 4.5521 | Train Acc 99.6486| Valid Acc 48.5713
TestSub: S[21, 22, 23, 24, 25] Epoch 68 Finsh | Now_lr 0.0003/0.0003 | Lambda 0.4989 | Train Loss 0.0105 | Valid Loss 4.4062 | Train Acc 99.6826| Valid Acc 48.2125
TestSub: S[21, 22, 23, 24, 25] Epoch 69 Finsh | Now_lr 0.0003/0.0003 | Lambda 0.4990 | Train Loss 0.0113 | Valid Loss 4.1634 | Train Acc 99.6304| Valid Acc 49.8571
TestSub: S[21, 22, 23, 24, 25] Epoch 70 Finsh | Now_lr 0.0003/0.0003 | Lambda 0.4991 | Train Loss 0.0105 | Valid Loss 4.2682 | Train Acc 99.6680| Valid Acc 48.4892
TestSub: S[21, 22, 23, 24, 25] Epoch 71 Finsh | Now_lr 0.0003/0.0003 | Lambda 0.4992 | Train Loss 0.0103 | Valid Loss 4.2578 | Train Acc 99.6693| Valid Acc 49.2917
TestSub: S[21, 22, 23, 24, 25] Epoch 72 Finsh | Now_lr 0.0003/0.0003 | Lambda 0.4993 | Train Loss 0.0114 | Valid Loss 4.2689 | Train Acc 99.6449| Valid Acc 49.0181
TestSub: S[21, 22, 23, 24, 25] Epoch 73 Finsh | Now_lr 0.0003/0.0003 | Lambda 0.4993 | Train Loss 0.0096 | Valid Loss 4.4081 | Train Acc 99.6735| Valid Acc 49.3039
TestSub: S[21, 22, 23, 24, 25] Epoch 74 Finsh | Now_lr 0.0003/0.0003 | Lambda 0.4994 | Train Loss 0.0105 | Valid Loss 4.5784 | Train Acc 99.6674| Valid Acc 48.4466
TestSub: S[21, 22, 23, 24, 25] Epoch 75 Finsh | Now_lr 0.0003/0.0003 | Lambda 0.4994 | Train Loss 0.0099 | Valid Loss 4.3283 | Train Acc 99.6875| Valid Acc 48.8388
TestSub: S[21, 22, 23, 24, 25] Epoch 76 Finsh | Now_lr 0.0003/0.0003 | Lambda 0.4995 | Train Loss 0.0093 | Valid Loss 4.1628 | Train Acc 99.7106| Valid Acc 49.2887
TestSub: S[21, 22, 23, 24, 25] Epoch 77 Finsh | Now_lr 0.0003/0.0003 | Lambda 0.4995 | Train Loss 0.0099 | Valid Loss 4.6493 | Train Acc 99.7027| Valid Acc 48.5743
TestSub: S[21, 22, 23, 24, 25] Epoch 78 Finsh | Now_lr 0.0003/0.0003 | Lambda 0.4996 | Train Loss 0.0099 | Valid Loss 4.1059 | Train Acc 99.7076| Valid Acc 49.5805
TestSub: S[21, 22, 23, 24, 25] Epoch 79 Finsh | Now_lr 0.0003/0.0003 | Lambda 0.4996 | Train Loss 0.0094 | Valid Loss 4.4585 | Train Acc 99.6954| Valid Acc 47.8660
TestSub: S[21, 22, 23, 24, 25] Epoch 80 Finsh | Now_lr 0.0003/0.0003 | Lambda 0.4997 | Train Loss 0.0088 | Valid Loss 4.5605 | Train Acc 99.7301| Valid Acc 49.2491
TestSub: S[21, 22, 23, 24, 25] Epoch 81 Finsh | Now_lr 0.0003/0.0003 | Lambda 0.4997 | Train Loss 0.0096 | Valid Loss 4.8873 | Train Acc 99.7051| Valid Acc 49.5805
TestSub: S[21, 22, 23, 24, 25] Epoch 82 Finsh | Now_lr 0.0003/0.0003 | Lambda 0.4997 | Train Loss 0.0087 | Valid Loss 4.4119 | Train Acc 99.7209| Valid Acc 48.7232
TestSub: S[21, 22, 23, 24, 25] Epoch 83 Finsh | Now_lr 0.0003/0.0003 | Lambda 0.4998 | Train Loss 0.0085 | Valid Loss 4.6225 | Train Acc 99.7325| Valid Acc 47.7657
TestSub: S[21, 22, 23, 24, 25] Epoch 84 Finsh | Now_lr 0.0003/0.0003 | Lambda 0.4998 | Train Loss 0.0092 | Valid Loss 4.4951 | Train Acc 99.7203| Valid Acc 49.2157
TestSub: S[21, 22, 23, 24, 25] Epoch 85 Finsh | Now_lr 0.0003/0.0003 | Lambda 0.4998 | Train Loss 0.0082 | Valid Loss 4.9208 | Train Acc 99.7343| Valid Acc 48.0970
TestSub: S[21, 22, 23, 24, 25] Epoch 86 Finsh | Now_lr 0.0003/0.0003 | Lambda 0.4998 | Train Loss 0.0089 | Valid Loss 4.6304 | Train Acc 99.7191| Valid Acc 47.7170
TestSub: S[21, 22, 23, 24, 25] Epoch 87 Finsh | Now_lr 0.0003/0.0003 | Lambda 0.4998 | Train Loss 0.0087 | Valid Loss 4.4038 | Train Acc 99.7295| Valid Acc 48.8509
TestSub: S[21, 22, 23, 24, 25] Epoch 88 Finsh | Now_lr 0.0003/0.0003 | Lambda 0.4998 | Train Loss 0.0082 | Valid Loss 4.4893 | Train Acc 99.7434| Valid Acc 48.2156
TestSub: S[21, 22, 23, 24, 25] Epoch 89 Finsh | Now_lr 0.0003/0.0003 | Lambda 0.4999 | Train Loss 0.0086 | Valid Loss 4.7751 | Train Acc 99.7440| Valid Acc 47.9754
TestSub: S[21, 22, 23, 24, 25] Epoch 90 Finsh | Now_lr 0.0003/0.0003 | Lambda 0.4999 | Train Loss 0.0088 | Valid Loss 4.3663 | Train Acc 99.7258| Valid Acc 47.9754
TestSub: S[21, 22, 23, 24, 25] Epoch 91 Finsh | Now_lr 0.0003/0.0003 | Lambda 0.4999 | Train Loss 0.0084 | Valid Loss 4.5753 | Train Acc 99.7313| Valid Acc 47.6532
TestSub: S[21, 22, 23, 24, 25] Epoch 92 Finsh | Now_lr 0.0003/0.0003 | Lambda 0.4999 | Train Loss 0.0079 | Valid Loss 4.2614 | Train Acc 99.7574| Valid Acc 47.6167
TestSub: S[21, 22, 23, 24, 25] Epoch 93 Finsh | Now_lr 0.0003/0.0003 | Lambda 0.4999 | Train Loss 0.0075 | Valid Loss 5.0740 | Train Acc 99.7611| Valid Acc 47.0878
TestSub: S[21, 22, 23, 24, 25] Epoch 94 Finsh | Now_lr 0.0003/0.0003 | Lambda 0.4999 | Train Loss 0.0085 | Valid Loss 4.2104 | Train Acc 99.7349| Valid Acc 49.1428
TestSub: S[21, 22, 23, 24, 25] Epoch 95 Finsh | Now_lr 0.0003/0.0003 | Lambda 0.4999 | Train Loss 0.0078 | Valid Loss 4.3245 | Train Acc 99.7556| Valid Acc 49.1914
TestSub: S[21, 22, 23, 24, 25] Epoch 96 Finsh | Now_lr 0.0003/0.0003 | Lambda 0.4999 | Train Loss 0.0072 | Valid Loss 4.8488 | Train Acc 99.7963| Valid Acc 48.9573
TestSub: S[21, 22, 23, 24, 25] Epoch 97 Finsh | Now_lr 0.0003/0.0003 | Lambda 0.4999 | Train Loss 0.0075 | Valid Loss 4.3528 | Train Acc 99.7592| Valid Acc 48.8752
TestSub: S[21, 22, 23, 24, 25] Epoch 98 Finsh | Now_lr 0.0003/0.0003 | Lambda 0.4999 | Train Loss 0.0085 | Valid Loss 4.4097 | Train Acc 99.7501| Valid Acc 47.1304
TestSub: S[21, 22, 23, 24, 25] Epoch 99 Finsh | Now_lr 0.0003/0.0003 | Lambda 0.4999 | Train Loss 0.0071 | Valid Loss 4.7018 | Train Acc 99.7653| Valid Acc 47.8204
TestSub: S[21, 22, 23, 24, 25] Epoch 100 Finsh | Now_lr 0.0003/0.0003 | Lambda 0.5000 | Train Loss 0.0080 | Valid Loss 4.4217 | Train Acc 99.7641| Valid Acc 47.6502
--------------------------------------------------
Test_Subject :S[21, 22, 23, 24, 25] |Best epoch:10 | Test Loss:2.3639 | Best Acc 52.4745 | Savemodel Acc 52.4745
--------------------------------------------------

========== Fold 6 ==========
Train IDs: [1, 2, 3, 4, 5, 6, 7, 8, 9, 10, 11, 12, 13, 14, 15, 16, 17, 18, 19, 20, 21, 22, 23, 24, 25]
Val IDs:   [26, 27, 28, 29, 30]
train_data_shape(164500, 32, 128),val_data_shape(32900, 32, 128)
=================================================================
Layer (type:depth-idx)                   Param #
=================================================================
DARNet                                   --
├─TokenEmbedding: 1-1                    --
│    └─Sequential: 2-1                   --
│    │    └─Conv2d: 3-1                  576
│    │    └─BatchNorm2d: 3-2             128
│    │    └─GELU: 3-3                    --
│    └─Sequential: 2-2                   --
│    │    └─Conv2d: 3-4                  32,784
│    │    └─BatchNorm2d: 3-5             32
│    │    └─GELU: 3-6                    --
│    └─PositionalEmbedding: 2-3          --
├─Flatten: 1-2                           --
├─Linear: 1-3                            18
├─AttnRefine: 1-4                        --
│    └─MyAttention: 2-4                  --
│    │    └─Attention: 3-7               800
│    └─Refine: 2-5                       --
│    │    └─Conv1d: 3-8                  784
│    │    └─BatchNorm1d: 3-9             32
│    │    └─ELU: 3-10                    --
│    │    └─MaxPool1d: 3-11              --
│    └─AdaptiveAvgPool1d: 2-6            --
│    └─Linear: 2-7                       68
│    └─Flatten: 2-8                      --
├─AttnRefine: 1-5                        --
│    └─MyAttention: 2-9                  --
│    │    └─Attention: 3-12              800
│    └─Refine: 2-10                      --
│    │    └─Conv1d: 3-13                 784
│    │    └─BatchNorm1d: 3-14            32
│    │    └─ELU: 3-15                    --
│    │    └─MaxPool1d: 3-16              --
│    └─AdaptiveAvgPool1d: 2-11           --
│    └─Linear: 2-12                      68
│    └─Flatten: 2-13                     --
├─GradientReversalLayer: 1-6             --
├─SubjectDiscriminator: 1-7              --
│    └─Sequential: 2-14                  --
│    │    └─Linear: 3-17                 2,304
│    │    └─ReLU: 3-18                   --
│    │    └─Dropout: 3-19                --
│    │    └─Linear: 3-20                 32,896
│    │    └─ReLU: 3-21                   --
│    │    └─Dropout: 3-22                --
│    │    └─Linear: 3-23                 3,870
=================================================================
Total params: 75,976
Trainable params: 75,976
Non-trainable params: 0
=================================================================
TestSub: S[26, 27, 28, 29, 30] Epoch  1 Finsh | Now_lr 0.0003/0.0003 | Lambda 0.0250 | Train Loss 0.4884 | Valid Loss 1.5388 | Train Acc 74.8206| Valid Acc 48.9178
Validation acc increase (0.000000 --> 48.917802) in epoch (1).  Saving model ...
TestSub: S[26, 27, 28, 29, 30] Epoch  2 Finsh | Now_lr 0.0003/0.0003 | Lambda 0.0498 | Train Loss 0.3067 | Valid Loss 2.0136 | Train Acc 86.7333| Valid Acc 49.5197
Validation acc increase (48.917802 --> 49.519698) in epoch (2).  Saving model ...
TestSub: S[26, 27, 28, 29, 30] Epoch  3 Finsh | Now_lr 0.0003/0.0003 | Lambda 0.0744 | Train Loss 0.2157 | Valid Loss 2.3615 | Train Acc 91.2804| Valid Acc 51.1460
Validation acc increase (49.519698 --> 51.146036) in epoch (3).  Saving model ...
TestSub: S[26, 27, 28, 29, 30] Epoch  4 Finsh | Now_lr 0.0003/0.0003 | Lambda 0.0987 | Train Loss 0.1594 | Valid Loss 2.5919 | Train Acc 93.7646| Valid Acc 52.1553
Validation acc increase (51.146036 --> 52.155277) in epoch (4).  Saving model ...
TestSub: S[26, 27, 28, 29, 30] Epoch  5 Finsh | Now_lr 0.0003/0.0003 | Lambda 0.1225 | Train Loss 0.1307 | Valid Loss 2.6105 | Train Acc 95.0438| Valid Acc 50.9059
TestSub: S[26, 27, 28, 29, 30] Epoch  6 Finsh | Now_lr 0.0003/0.0003 | Lambda 0.1457 | Train Loss 0.1085 | Valid Loss 2.6402 | Train Acc 95.9758| Valid Acc 50.7417
TestSub: S[26, 27, 28, 29, 30] Epoch  7 Finsh | Now_lr 0.0003/0.0003 | Lambda 0.1682 | Train Loss 0.0955 | Valid Loss 2.8255 | Train Acc 96.5199| Valid Acc 50.4438
TestSub: S[26, 27, 28, 29, 30] Epoch  8 Finsh | Now_lr 0.0003/0.0003 | Lambda 0.1900 | Train Loss 0.0827 | Valid Loss 2.7666 | Train Acc 96.9705| Valid Acc 50.9089
TestSub: S[26, 27, 28, 29, 30] Epoch  9 Finsh | Now_lr 0.0003/0.0003 | Lambda 0.2109 | Train Loss 0.0752 | Valid Loss 2.8823 | Train Acc 97.2702| Valid Acc 51.3223
TestSub: S[26, 27, 28, 29, 30] Epoch 10 Finsh | Now_lr 0.0003/0.0003 | Lambda 0.2311 | Train Loss 0.0675 | Valid Loss 2.9458 | Train Acc 97.5790| Valid Acc 50.0000
TestSub: S[26, 27, 28, 29, 30] Epoch 11 Finsh | Now_lr 0.0003/0.0003 | Lambda 0.2503 | Train Loss 0.0617 | Valid Loss 3.0219 | Train Acc 97.8526| Valid Acc 50.9150
TestSub: S[26, 27, 28, 29, 30] Epoch 12 Finsh | Now_lr 0.0003/0.0003 | Lambda 0.2685 | Train Loss 0.0570 | Valid Loss 3.2716 | Train Acc 97.9578| Valid Acc 51.4379
TestSub: S[26, 27, 28, 29, 30] Epoch 13 Finsh | Now_lr 0.0003/0.0003 | Lambda 0.2858 | Train Loss 0.0506 | Valid Loss 3.3144 | Train Acc 98.2600| Valid Acc 50.6141
TestSub: S[26, 27, 28, 29, 30] Epoch 14 Finsh | Now_lr 0.0003/0.0003 | Lambda 0.3022 | Train Loss 0.0472 | Valid Loss 3.3971 | Train Acc 98.3402| Valid Acc 50.5016
TestSub: S[26, 27, 28, 29, 30] Epoch 15 Finsh | Now_lr 0.0003/0.0003 | Lambda 0.3176 | Train Loss 0.0440 | Valid Loss 3.5488 | Train Acc 98.4874| Valid Acc 50.0426
TestSub: S[26, 27, 28, 29, 30] Epoch 16 Finsh | Now_lr 0.0003/0.0003 | Lambda 0.3320 | Train Loss 0.0425 | Valid Loss 3.2662 | Train Acc 98.5360| Valid Acc 50.8785
TestSub: S[26, 27, 28, 29, 30] Epoch 17 Finsh | Now_lr 0.0003/0.0003 | Lambda 0.3455 | Train Loss 0.0381 | Valid Loss 3.5071 | Train Acc 98.6910| Valid Acc 51.3284
TestSub: S[26, 27, 28, 29, 30] Epoch 18 Finsh | Now_lr 0.0003/0.0003 | Lambda 0.3581 | Train Loss 0.0356 | Valid Loss 3.6832 | Train Acc 98.7561| Valid Acc 50.3313
TestSub: S[26, 27, 28, 29, 30] Epoch 19 Finsh | Now_lr 0.0003/0.0003 | Lambda 0.3699 | Train Loss 0.0345 | Valid Loss 3.6436 | Train Acc 98.8217| Valid Acc 50.4438
TestSub: S[26, 27, 28, 29, 30] Epoch 20 Finsh | Now_lr 0.0003/0.0003 | Lambda 0.3808 | Train Loss 0.0331 | Valid Loss 3.8080 | Train Acc 98.9062| Valid Acc 50.7569
TestSub: S[26, 27, 28, 29, 30] Epoch 21 Finsh | Now_lr 0.0003/0.0003 | Lambda 0.3909 | Train Loss 0.0308 | Valid Loss 3.8014 | Train Acc 98.9537| Valid Acc 51.1734
TestSub: S[26, 27, 28, 29, 30] Epoch 22 Finsh | Now_lr 0.0003/0.0003 | Lambda 0.4002 | Train Loss 0.0293 | Valid Loss 3.8593 | Train Acc 99.0199| Valid Acc 50.6566
TestSub: S[26, 27, 28, 29, 30] Epoch 23 Finsh | Now_lr 0.0003/0.0003 | Lambda 0.4089 | Train Loss 0.0277 | Valid Loss 3.9627 | Train Acc 99.0357| Valid Acc 48.6929
TestSub: S[26, 27, 28, 29, 30] Epoch 24 Finsh | Now_lr 0.0003/0.0003 | Lambda 0.4168 | Train Loss 0.0265 | Valid Loss 3.9591 | Train Acc 99.1154| Valid Acc 50.6110
TestSub: S[26, 27, 28, 29, 30] Epoch 25 Finsh | Now_lr 0.0003/0.0003 | Lambda 0.4241 | Train Loss 0.0246 | Valid Loss 3.7182 | Train Acc 99.1987| Valid Acc 49.4954
TestSub: S[26, 27, 28, 29, 30] Epoch 26 Finsh | Now_lr 0.0003/0.0003 | Lambda 0.4309 | Train Loss 0.0248 | Valid Loss 3.9357 | Train Acc 99.1604| Valid Acc 49.1002
TestSub: S[26, 27, 28, 29, 30] Epoch 27 Finsh | Now_lr 0.0003/0.0003 | Lambda 0.4370 | Train Loss 0.0237 | Valid Loss 3.7366 | Train Acc 99.2096| Valid Acc 50.5928
TestSub: S[26, 27, 28, 29, 30] Epoch 28 Finsh | Now_lr 0.0003/0.0003 | Lambda 0.4427 | Train Loss 0.0218 | Valid Loss 3.9927 | Train Acc 99.2631| Valid Acc 51.9546
TestSub: S[26, 27, 28, 29, 30] Epoch 29 Finsh | Now_lr 0.0003/0.0003 | Lambda 0.4478 | Train Loss 0.0217 | Valid Loss 4.0544 | Train Acc 99.2552| Valid Acc 50.0122
TestSub: S[26, 27, 28, 29, 30] Epoch 30 Finsh | Now_lr 0.0003/0.0003 | Lambda 0.4526 | Train Loss 0.0204 | Valid Loss 4.4155 | Train Acc 99.3118| Valid Acc 50.9819
TestSub: S[26, 27, 28, 29, 30] Epoch 31 Finsh | Now_lr 0.0003/0.0003 | Lambda 0.4569 | Train Loss 0.0207 | Valid Loss 3.8307 | Train Acc 99.3264| Valid Acc 49.4498
TestSub: S[26, 27, 28, 29, 30] Epoch 32 Finsh | Now_lr 0.0003/0.0003 | Lambda 0.4608 | Train Loss 0.0192 | Valid Loss 4.1266 | Train Acc 99.3598| Valid Acc 49.5227
TestSub: S[26, 27, 28, 29, 30] Epoch 33 Finsh | Now_lr 0.0003/0.0003 | Lambda 0.4644 | Train Loss 0.0187 | Valid Loss 4.1748 | Train Acc 99.3641| Valid Acc 47.9450
TestSub: S[26, 27, 28, 29, 30] Epoch 34 Finsh | Now_lr 0.0003/0.0003 | Lambda 0.4677 | Train Loss 0.0179 | Valid Loss 4.1608 | Train Acc 99.3859| Valid Acc 49.9939
TestSub: S[26, 27, 28, 29, 30] Epoch 35 Finsh | Now_lr 0.0003/0.0003 | Lambda 0.4707 | Train Loss 0.0180 | Valid Loss 4.0250 | Train Acc 99.4042| Valid Acc 50.6445
TestSub: S[26, 27, 28, 29, 30] Epoch 36 Finsh | Now_lr 0.0003/0.0003 | Lambda 0.4734 | Train Loss 0.0173 | Valid Loss 4.1137 | Train Acc 99.4255| Valid Acc 49.6747
TestSub: S[26, 27, 28, 29, 30] Epoch 37 Finsh | Now_lr 0.0003/0.0003 | Lambda 0.4759 | Train Loss 0.0163 | Valid Loss 4.4627 | Train Acc 99.4455| Valid Acc 49.0789
TestSub: S[26, 27, 28, 29, 30] Epoch 38 Finsh | Now_lr 0.0003/0.0003 | Lambda 0.4781 | Train Loss 0.0166 | Valid Loss 4.0792 | Train Acc 99.4303| Valid Acc 48.2551
TestSub: S[26, 27, 28, 29, 30] Epoch 39 Finsh | Now_lr 0.0003/0.0003 | Lambda 0.4802 | Train Loss 0.0157 | Valid Loss 4.2372 | Train Acc 99.4747| Valid Acc 49.2583
TestSub: S[26, 27, 28, 29, 30] Epoch 40 Finsh | Now_lr 0.0003/0.0003 | Lambda 0.4820 | Train Loss 0.0152 | Valid Loss 4.0731 | Train Acc 99.4923| Valid Acc 50.0152
TestSub: S[26, 27, 28, 29, 30] Epoch 41 Finsh | Now_lr 0.0003/0.0003 | Lambda 0.4837 | Train Loss 0.0146 | Valid Loss 4.0586 | Train Acc 99.5094| Valid Acc 50.0030
TestSub: S[26, 27, 28, 29, 30] Epoch 42 Finsh | Now_lr 0.0003/0.0003 | Lambda 0.4852 | Train Loss 0.0148 | Valid Loss 4.2671 | Train Acc 99.5039| Valid Acc 47.7991
TestSub: S[26, 27, 28, 29, 30] Epoch 43 Finsh | Now_lr 0.0003/0.0003 | Lambda 0.4866 | Train Loss 0.0132 | Valid Loss 4.5058 | Train Acc 99.5677| Valid Acc 48.9999
TestSub: S[26, 27, 28, 29, 30] Epoch 44 Finsh | Now_lr 0.0003/0.0003 | Lambda 0.4879 | Train Loss 0.0146 | Valid Loss 4.4968 | Train Acc 99.5185| Valid Acc 48.9269
TestSub: S[26, 27, 28, 29, 30] Epoch 45 Finsh | Now_lr 0.0003/0.0003 | Lambda 0.4890 | Train Loss 0.0132 | Valid Loss 4.4635 | Train Acc 99.5708| Valid Acc 48.7384
TestSub: S[26, 27, 28, 29, 30] Epoch 46 Finsh | Now_lr 0.0003/0.0003 | Lambda 0.4900 | Train Loss 0.0129 | Valid Loss 4.5618 | Train Acc 99.5610| Valid Acc 48.6655
TestSub: S[26, 27, 28, 29, 30] Epoch 47 Finsh | Now_lr 0.0003/0.0003 | Lambda 0.4910 | Train Loss 0.0132 | Valid Loss 4.4837 | Train Acc 99.5592| Valid Acc 48.3493
TestSub: S[26, 27, 28, 29, 30] Epoch 48 Finsh | Now_lr 0.0003/0.0003 | Lambda 0.4918 | Train Loss 0.0131 | Valid Loss 4.3560 | Train Acc 99.5768| Valid Acc 48.0210
TestSub: S[26, 27, 28, 29, 30] Epoch 49 Finsh | Now_lr 0.0003/0.0003 | Lambda 0.4926 | Train Loss 0.0132 | Valid Loss 4.5790 | Train Acc 99.5653| Valid Acc 48.7901
TestSub: S[26, 27, 28, 29, 30] Epoch 50 Finsh | Now_lr 0.0003/0.0003 | Lambda 0.4933 | Train Loss 0.0116 | Valid Loss 4.3276 | Train Acc 99.6218| Valid Acc 47.8143
TestSub: S[26, 27, 28, 29, 30] Epoch 51 Finsh | Now_lr 0.0003/0.0003 | Lambda 0.4939 | Train Loss 0.0126 | Valid Loss 4.4482 | Train Acc 99.5975| Valid Acc 47.4921
TestSub: S[26, 27, 28, 29, 30] Epoch 52 Finsh | Now_lr 0.0003/0.0003 | Lambda 0.4945 | Train Loss 0.0129 | Valid Loss 4.1744 | Train Acc 99.5884| Valid Acc 48.9512
TestSub: S[26, 27, 28, 29, 30] Epoch 53 Finsh | Now_lr 0.0003/0.0003 | Lambda 0.4950 | Train Loss 0.0115 | Valid Loss 4.2891 | Train Acc 99.6334| Valid Acc 48.5986
TestSub: S[26, 27, 28, 29, 30] Epoch 54 Finsh | Now_lr 0.0003/0.0003 | Lambda 0.4955 | Train Loss 0.0104 | Valid Loss 4.7775 | Train Acc 99.6674| Valid Acc 49.5106
TestSub: S[26, 27, 28, 29, 30] Epoch 55 Finsh | Now_lr 0.0003/0.0003 | Lambda 0.4959 | Train Loss 0.0115 | Valid Loss 4.4195 | Train Acc 99.6121| Valid Acc 49.8328
TestSub: S[26, 27, 28, 29, 30] Epoch 56 Finsh | Now_lr 0.0003/0.0003 | Lambda 0.4963 | Train Loss 0.0114 | Valid Loss 4.3649 | Train Acc 99.6176| Valid Acc 49.4255
TestSub: S[26, 27, 28, 29, 30] Epoch 57 Finsh | Now_lr 0.0003/0.0003 | Lambda 0.4967 | Train Loss 0.0109 | Valid Loss 4.3819 | Train Acc 99.6577| Valid Acc 47.6259
TestSub: S[26, 27, 28, 29, 30] Epoch 58 Finsh | Now_lr 0.0003/0.0003 | Lambda 0.4970 | Train Loss 0.0106 | Valid Loss 4.6670 | Train Acc 99.6577| Valid Acc 49.1397
TestSub: S[26, 27, 28, 29, 30] Epoch 59 Finsh | Now_lr 0.0003/0.0003 | Lambda 0.4973 | Train Loss 0.0110 | Valid Loss 4.4288 | Train Acc 99.6522| Valid Acc 48.1122
TestSub: S[26, 27, 28, 29, 30] Epoch 60 Finsh | Now_lr 0.0003/0.0003 | Lambda 0.4975 | Train Loss 0.0097 | Valid Loss 4.6440 | Train Acc 99.6759| Valid Acc 48.7324
TestSub: S[26, 27, 28, 29, 30] Epoch 61 Finsh | Now_lr 0.0003/0.0003 | Lambda 0.4978 | Train Loss 0.0102 | Valid Loss 4.4610 | Train Acc 99.6747| Valid Acc 48.2855
TestSub: S[26, 27, 28, 29, 30] Epoch 62 Finsh | Now_lr 0.0003/0.0003 | Lambda 0.4980 | Train Loss 0.0096 | Valid Loss 4.4498 | Train Acc 99.6893| Valid Acc 49.5227
TestSub: S[26, 27, 28, 29, 30] Epoch 63 Finsh | Now_lr 0.0003/0.0003 | Lambda 0.4982 | Train Loss 0.0098 | Valid Loss 4.5688 | Train Acc 99.6911| Valid Acc 48.1305
TestSub: S[26, 27, 28, 29, 30] Epoch 64 Finsh | Now_lr 0.0003/0.0003 | Lambda 0.4983 | Train Loss 0.0098 | Valid Loss 4.7284 | Train Acc 99.6668| Valid Acc 47.5894
TestSub: S[26, 27, 28, 29, 30] Epoch 65 Finsh | Now_lr 0.0003/0.0003 | Lambda 0.4985 | Train Loss 0.0096 | Valid Loss 4.4163 | Train Acc 99.6802| Valid Acc 47.8508
TestSub: S[26, 27, 28, 29, 30] Epoch 66 Finsh | Now_lr 0.0003/0.0003 | Lambda 0.4986 | Train Loss 0.0097 | Valid Loss 4.7030 | Train Acc 99.7179| Valid Acc 49.3039
TestSub: S[26, 27, 28, 29, 30] Epoch 67 Finsh | Now_lr 0.0003/0.0003 | Lambda 0.4988 | Train Loss 0.0093 | Valid Loss 4.6265 | Train Acc 99.6997| Valid Acc 48.5105
TestSub: S[26, 27, 28, 29, 30] Epoch 68 Finsh | Now_lr 0.0003/0.0003 | Lambda 0.4989 | Train Loss 0.0094 | Valid Loss 4.5256 | Train Acc 99.6839| Valid Acc 48.0362
TestSub: S[26, 27, 28, 29, 30] Epoch 69 Finsh | Now_lr 0.0003/0.0003 | Lambda 0.4990 | Train Loss 0.0086 | Valid Loss 4.4916 | Train Acc 99.7313| Valid Acc 49.0820
TestSub: S[26, 27, 28, 29, 30] Epoch 70 Finsh | Now_lr 0.0003/0.0003 | Lambda 0.4991 | Train Loss 0.0084 | Valid Loss 4.5978 | Train Acc 99.7143| Valid Acc 48.1518
TestSub: S[26, 27, 28, 29, 30] Epoch 71 Finsh | Now_lr 0.0003/0.0003 | Lambda 0.4992 | Train Loss 0.0093 | Valid Loss 4.4824 | Train Acc 99.7015| Valid Acc 47.7079
TestSub: S[26, 27, 28, 29, 30] Epoch 72 Finsh | Now_lr 0.0003/0.0003 | Lambda 0.4993 | Train Loss 0.0082 | Valid Loss 4.8973 | Train Acc 99.7410| Valid Acc 48.0119
TestSub: S[26, 27, 28, 29, 30] Epoch 73 Finsh | Now_lr 0.0003/0.0003 | Lambda 0.4993 | Train Loss 0.0076 | Valid Loss 4.6536 | Train Acc 99.7453| Valid Acc 48.9847
TestSub: S[26, 27, 28, 29, 30] Epoch 74 Finsh | Now_lr 0.0003/0.0003 | Lambda 0.4994 | Train Loss 0.0089 | Valid Loss 4.5058 | Train Acc 99.7167| Valid Acc 48.4770
TestSub: S[26, 27, 28, 29, 30] Epoch 75 Finsh | Now_lr 0.0003/0.0003 | Lambda 0.4994 | Train Loss 0.0084 | Valid Loss 4.5699 | Train Acc 99.7513| Valid Acc 49.3008
TestSub: S[26, 27, 28, 29, 30] Epoch 76 Finsh | Now_lr 0.0003/0.0003 | Lambda 0.4995 | Train Loss 0.0085 | Valid Loss 4.3477 | Train Acc 99.7240| Valid Acc 49.1215
TestSub: S[26, 27, 28, 29, 30] Epoch 77 Finsh | Now_lr 0.0003/0.0003 | Lambda 0.4995 | Train Loss 0.0086 | Valid Loss 4.5639 | Train Acc 99.7386| Valid Acc 49.6899
TestSub: S[26, 27, 28, 29, 30] Epoch 78 Finsh | Now_lr 0.0003/0.0003 | Lambda 0.4996 | Train Loss 0.0079 | Valid Loss 4.5552 | Train Acc 99.7526| Valid Acc 48.9026
TestSub: S[26, 27, 28, 29, 30] Epoch 79 Finsh | Now_lr 0.0003/0.0003 | Lambda 0.4996 | Train Loss 0.0083 | Valid Loss 4.6546 | Train Acc 99.7301| Valid Acc 48.4588
TestSub: S[26, 27, 28, 29, 30] Epoch 80 Finsh | Now_lr 0.0003/0.0003 | Lambda 0.4997 | Train Loss 0.0081 | Valid Loss 4.4304 | Train Acc 99.7367| Valid Acc 49.8237
TestSub: S[26, 27, 28, 29, 30] Epoch 81 Finsh | Now_lr 0.0003/0.0003 | Lambda 0.4997 | Train Loss 0.0078 | Valid Loss 4.3933 | Train Acc 99.7483| Valid Acc 47.5225
TestSub: S[26, 27, 28, 29, 30] Epoch 82 Finsh | Now_lr 0.0003/0.0003 | Lambda 0.4997 | Train Loss 0.0075 | Valid Loss 4.5203 | Train Acc 99.7702| Valid Acc 48.6260
TestSub: S[26, 27, 28, 29, 30] Epoch 83 Finsh | Now_lr 0.0003/0.0003 | Lambda 0.4998 | Train Loss 0.0076 | Valid Loss 4.7699 | Train Acc 99.7562| Valid Acc 49.4133
TestSub: S[26, 27, 28, 29, 30] Epoch 84 Finsh | Now_lr 0.0003/0.0003 | Lambda 0.4998 | Train Loss 0.0072 | Valid Loss 4.7511 | Train Acc 99.7702| Valid Acc 49.5410
TestSub: S[26, 27, 28, 29, 30] Epoch 85 Finsh | Now_lr 0.0003/0.0003 | Lambda 0.4998 | Train Loss 0.0076 | Valid Loss 4.4569 | Train Acc 99.7653| Valid Acc 49.0120
TestSub: S[26, 27, 28, 29, 30] Epoch 86 Finsh | Now_lr 0.0003/0.0003 | Lambda 0.4998 | Train Loss 0.0072 | Valid Loss 4.2848 | Train Acc 99.7763| Valid Acc 49.4467
TestSub: S[26, 27, 28, 29, 30] Epoch 87 Finsh | Now_lr 0.0003/0.0003 | Lambda 0.4998 | Train Loss 0.0076 | Valid Loss 4.4662 | Train Acc 99.7811| Valid Acc 49.1215
TestSub: S[26, 27, 28, 29, 30] Epoch 88 Finsh | Now_lr 0.0003/0.0003 | Lambda 0.4998 | Train Loss 0.0071 | Valid Loss 4.8980 | Train Acc 99.7684| Valid Acc 49.1884
TestSub: S[26, 27, 28, 29, 30] Epoch 89 Finsh | Now_lr 0.0003/0.0003 | Lambda 0.4999 | Train Loss 0.0071 | Valid Loss 4.6044 | Train Acc 99.7732| Valid Acc 49.2887
TestSub: S[26, 27, 28, 29, 30] Epoch 90 Finsh | Now_lr 0.0003/0.0003 | Lambda 0.4999 | Train Loss 0.0067 | Valid Loss 4.5305 | Train Acc 99.7860| Valid Acc 48.9543
TestSub: S[26, 27, 28, 29, 30] Epoch 91 Finsh | Now_lr 0.0003/0.0003 | Lambda 0.4999 | Train Loss 0.0066 | Valid Loss 4.7362 | Train Acc 99.7890| Valid Acc 48.5865
TestSub: S[26, 27, 28, 29, 30] Epoch 92 Finsh | Now_lr 0.0003/0.0003 | Lambda 0.4999 | Train Loss 0.0062 | Valid Loss 4.7932 | Train Acc 99.8146| Valid Acc 48.9756
TestSub: S[26, 27, 28, 29, 30] Epoch 93 Finsh | Now_lr 0.0003/0.0003 | Lambda 0.4999 | Train Loss 0.0065 | Valid Loss 4.8767 | Train Acc 99.8042| Valid Acc 48.7628
TestSub: S[26, 27, 28, 29, 30] Epoch 94 Finsh | Now_lr 0.0003/0.0003 | Lambda 0.4999 | Train Loss 0.0065 | Valid Loss 5.0018 | Train Acc 99.7969| Valid Acc 49.1154
TestSub: S[26, 27, 28, 29, 30] Epoch 95 Finsh | Now_lr 0.0003/0.0003 | Lambda 0.4999 | Train Loss 0.0066 | Valid Loss 4.8196 | Train Acc 99.7860| Valid Acc 48.5713
TestSub: S[26, 27, 28, 29, 30] Epoch 96 Finsh | Now_lr 0.0003/0.0003 | Lambda 0.4999 | Train Loss 0.0070 | Valid Loss 4.8335 | Train Acc 99.7854| Valid Acc 49.3707
TestSub: S[26, 27, 28, 29, 30] Epoch 97 Finsh | Now_lr 0.0003/0.0003 | Lambda 0.4999 | Train Loss 0.0064 | Valid Loss 4.8845 | Train Acc 99.7945| Valid Acc 47.6076
TestSub: S[26, 27, 28, 29, 30] Epoch 98 Finsh | Now_lr 0.0003/0.0003 | Lambda 0.4999 | Train Loss 0.0064 | Valid Loss 4.5561 | Train Acc 99.8000| Valid Acc 50.2888
TestSub: S[26, 27, 28, 29, 30] Epoch 99 Finsh | Now_lr 0.0003/0.0003 | Lambda 0.4999 | Train Loss 0.0059 | Valid Loss 4.6906 | Train Acc 99.8182| Valid Acc 48.3402
TestSub: S[26, 27, 28, 29, 30] Epoch 100 Finsh | Now_lr 0.0003/0.0003 | Lambda 0.5000 | Train Loss 0.0059 | Valid Loss 4.7935 | Train Acc 99.8200| Valid Acc 50.5685
--------------------------------------------------
Test_Subject :S[26, 27, 28, 29, 30] |Best epoch:4 | Test Loss:2.5919 | Best Acc 52.1553 | Savemodel Acc 52.1553
--------------------------------------------------
lr:0.0003 -> bs:64
5-Fold Cross Subject Accuracies: [49.15187256809339, 55.16476167315175, 52.40150778210116, 56.46887159533074, 52.474464980544745, 52.15527723735408]
Mean Accuracy over 5 folds: 52.9695
============================================================================================================
end time: 25-10-09-02:36:17
