==========================================
SLURM_CLUSTER_NAME = param-shivay
SLURM_ARRAY_JOB_ID = 
SLURM_ARRAY_TASK_ID = 
SLURM_ARRAY_TASK_COUNT = 
SLURM_ARRAY_TASK_MAX = 
SLURM_ARRAY_TASK_MIN = 
SLURM_JOB_ACCOUNT = mechanical_engg
SLURM_JOB_ID = 1153628
SLURM_JOB_NAME = eeg-val-schemes
SLURM_JOB_NODELIST = gpu007
SLURM_JOB_USER = suyash.kumar.mec22.itbhu
SLURM_JOB_UID = 6339
SLURM_JOB_PARTITION = gpu
SLURM_TASK_PID = 7948
SLURM_SUBMIT_DIR = /scratch/suyash.kumar.mec22.itbhu/EEG-AAD/eeg-aad-challenge2026-task1-baselines-master
SLURM_CPUS_ON_NODE = 16
SLURM_NTASKS = 
SLURM_TASK_PID = 7948
==========================================
Running on node: gpu007
Mon Sep 15 01:14:07 2025       
+-----------------------------------------------------------------------------------------+
| NVIDIA-SMI 550.54.14              Driver Version: 550.54.14      CUDA Version: 12.4     |
|-----------------------------------------+------------------------+----------------------+
| GPU  Name                 Persistence-M | Bus-Id          Disp.A | Volatile Uncorr. ECC |
| Fan  Temp   Perf          Pwr:Usage/Cap |           Memory-Usage | GPU-Util  Compute M. |
|                                         |                        |               MIG M. |
|=========================================+========================+======================|
|   0  Tesla V100-PCIE-16GB           Off |   00000000:5E:00.0 Off |                    0 |
| N/A   39C    P0             38W /  250W |       0MiB /  16384MiB |      0%      Default |
|                                         |                        |                  N/A |
+-----------------------------------------+------------------------+----------------------+
|   1  Tesla V100-PCIE-16GB           Off |   00000000:86:00.0 Off |                    0 |
| N/A   43C    P0             41W /  250W |       0MiB /  16384MiB |      0%      Default |
|                                         |                        |                  N/A |
+-----------------------------------------+------------------------+----------------------+
                                                                                         
+-----------------------------------------------------------------------------------------+
| Processes:                                                                              |
|  GPU   GI   CI        PID   Type   Process name                              GPU Memory |
|        ID   ID                                                               Usage      |
|=========================================================================================|
|  No running processes found                                                             |
+-----------------------------------------------------------------------------------------+
Testing multiple validation schemes in parallel
Starting validation scheme 1: [1,2,3,6] on GPU 0
Starting validation scheme 2: [7,8,9,10] on GPU 1
Starting validation scheme 3: [15,16,17,18] on GPU 0
Starting validation scheme 4: [25,26,27,28] on GPU 1
Starting validation scheme 5: [5,12,19,24] on GPU 0
Current device is cuda
start time: task1_AAD_MM-AAD_scheme1_subjects_1_2_3_6_2025-09-15-01-18-48
============================================================================================================
Arguments =
	_action_groups: [<argparse._ArgumentGroup object at 0x7feef9492a90>, <argparse._ArgumentGroup object at 0x7feef8d12580>]
	_actions: [_HelpAction(option_strings=['-h', '--help'], dest='help', nargs=0, const=None, default='==SUPPRESS==', type=None, choices=None, required=False, help='show this help message and exit', metavar=None)]
	_defaults: {}
	_has_negative_number_optionals: []
	_mutually_exclusive_groups: []
	_negative_number_matcher: re.compile('^-\\d+$|^-\\d*\\.\\d+$')
	_option_string_actions: {'-h': _HelpAction(option_strings=['-h', '--help'], dest='help', nargs=0, const=None, default='==SUPPRESS==', type=None, choices=None, required=False, help='show this help message and exit', metavar=None), '--help': _HelpAction(option_strings=['-h', '--help'], dest='help', nargs=0, const=None, default='==SUPPRESS==', type=None, choices=None, required=False, help='show this help message and exit', metavar=None)}
	_optionals: <argparse._ArgumentGroup object at 0x7feef8d12580>
	_positionals: <argparse._ArgumentGroup object at 0x7feef9492a90>
	_registries: {'action': {None: <class 'argparse._StoreAction'>, 'store': <class 'argparse._StoreAction'>, 'store_const': <class 'argparse._StoreConstAction'>, 'store_true': <class 'argparse._StoreTrueAction'>, 'store_false': <class 'argparse._StoreFalseAction'>, 'append': <class 'argparse._AppendAction'>, 'append_const': <class 'argparse._AppendConstAction'>, 'count': <class 'argparse._CountAction'>, 'help': <class 'argparse._HelpAction'>, 'version': <class 'argparse._VersionAction'>, 'parsers': <class 'argparse._SubParsersAction'>, 'extend': <class 'argparse._ExtendAction'>}, 'type': {None: <function ArgumentParser.__init__.<locals>.identity at 0x7feed02720d0>}}
	_subparsers: None
	add_help: True
	allow_abbrev: True
	argument_default: None
	batch_size: 128
	conflict_handler: error
	data_path: /home/suyash.kumar.mec22.itbhu/EEG-AAD_audio_only/preprocessed/data/
	dataset: MM-AAD
	description: None
	eeg_channel: 32
	epilog: None
	exit_on_error: True
	fig_path: ./exps/cross-subject/DARNet/figures/
	formatter_class: <class 'argparse.HelpFormatter'>
	fromfile_prefix_chars: None
	fs: 128
	label_path: /home/suyash.kumar.mec22.itbhu/EEG-AAD_audio_only/preprocessed/label/
	lam: 0.2
	log_interval: 10
	lr: 0.0005
	lr_decayrate: 0.5
	max_epoch: 100
	model: DARNet
	model_save_path: ./exps/cross-subject/DARNet/baseline_task1_AAD_MM-AAD_scheme1_subjects_1_2_3_6_2025-09-15-01-18-48
	overlap: 0.5
	patience: 10
	prefix_chars: -
	prog: trainer_scheme_1.py
	seed: 42
	start_time: task1_AAD_MM-AAD_scheme1_subjects_1_2_3_6_2025-09-15-01-18-48
	subject_number: 40
	trail_number: 20
	usage: None
	weight_decay: 0.0003
	win_len: 128
	win_time: 1
	window_lap: 64.0
============================================================================================================
train_data_shape(171080, 32, 128),val_data_shape(26320, 32, 128)
=================================================================
Layer (type:depth-idx)                   Param #
=================================================================
DARNet                                   --
├─TokenEmbedding: 1-1                    --
│    └─Sequential: 2-1                   --
│    │    └─Conv2d: 3-1                  576
│    │    └─BatchNorm2d: 3-2             128
│    │    └─GELU: 3-3                    --
│    └─Sequential: 2-2                   --
│    │    └─Conv2d: 3-4                  32,784
│    │    └─BatchNorm2d: 3-5             32
│    │    └─GELU: 3-6                    --
│    └─PositionalEmbedding: 2-3          --
├─Flatten: 1-2                           --
├─Linear: 1-3                            18
├─AttnRefine: 1-4                        --
│    └─MyAttention: 2-4                  --
│    │    └─Attention: 3-7               800
│    └─Refine: 2-5                       --
│    │    └─Conv1d: 3-8                  784
│    │    └─BatchNorm1d: 3-9             32
│    │    └─ELU: 3-10                    --
│    │    └─MaxPool1d: 3-11              --
│    └─AdaptiveAvgPool1d: 2-6            --
│    └─Linear: 2-7                       68
│    └─Flatten: 2-8                      --
├─AttnRefine: 1-5                        --
│    └─MyAttention: 2-9                  --
│    │    └─Attention: 3-12              800
│    └─Refine: 2-10                      --
│    │    └─Conv1d: 3-13                 784
│    │    └─BatchNorm1d: 3-14            32
│    │    └─ELU: 3-15                    --
│    │    └─MaxPool1d: 3-16              --
│    └─AdaptiveAvgPool1d: 2-11           --
│    └─Linear: 2-12                      68
│    └─Flatten: 2-13                     --
=================================================================
Total params: 36,906
Trainable params: 36,906
Non-trainable params: 0
=================================================================
TestSub: S[1, 2, 3, 6] Epoch  1 Finsh | Now_lr 0.0005/0.0005|Train Loss 0.5111 | Valid Loss 1.2708 | Train Acc 73.0328| Valid Acc 47.4771
Validation acc increase (0.000000 --> 47.477134) in epoch (1).  Saving model ...
TestSub: S[1, 2, 3, 6] Epoch  2 Finsh | Now_lr 0.0005/0.0005|Train Loss 0.3660 | Valid Loss 1.4789 | Train Acc 83.2458| Valid Acc 52.0960
Validation acc increase (47.477134 --> 52.096037) in epoch (2).  Saving model ...
TestSub: S[1, 2, 3, 6] Epoch  3 Finsh | Now_lr 0.0005/0.0005|Train Loss 0.3080 | Valid Loss 1.6699 | Train Acc 86.4714| Valid Acc 48.9329
TestSub: S[1, 2, 3, 6] Epoch  4 Finsh | Now_lr 0.0005/0.0005|Train Loss 0.2648 | Valid Loss 1.7905 | Train Acc 88.7040| Valid Acc 47.8659
TestSub: S[1, 2, 3, 6] Epoch  5 Finsh | Now_lr 0.0005/0.0005|Train Loss 0.2248 | Valid Loss 2.1130 | Train Acc 90.6946| Valid Acc 47.0884
TestSub: S[1, 2, 3, 6] Epoch  6 Finsh | Now_lr 0.0005/0.0005|Train Loss 0.1933 | Valid Loss 2.2198 | Train Acc 92.2647| Valid Acc 46.5168
TestSub: S[1, 2, 3, 6] Epoch  7 Finsh | Now_lr 0.0005/0.0005|Train Loss 0.1713 | Valid Loss 2.2936 | Train Acc 93.2249| Valid Acc 46.9284
TestSub: S[1, 2, 3, 6] Epoch  8 Finsh | Now_lr 0.0005/0.0005|Train Loss 0.1532 | Valid Loss 2.3314 | Train Acc 94.0278| Valid Acc 47.2180
TestSub: S[1, 2, 3, 6] Epoch  9 Finsh | Now_lr 0.0005/0.0005|Train Loss 0.1376 | Valid Loss 2.4721 | Train Acc 94.6798| Valid Acc 47.1494
TestSub: S[1, 2, 3, 6] Epoch 10 Finsh | Now_lr 0.0005/0.0005|Train Loss 0.1255 | Valid Loss 2.5582 | Train Acc 95.1903| Valid Acc 46.1395
TestSub: S[1, 2, 3, 6] Epoch 11 Finsh | Now_lr 0.0005/0.0005|Train Loss 0.1126 | Valid Loss 2.5766 | Train Acc 95.7464| Valid Acc 48.1707
TestSub: S[1, 2, 3, 6] Epoch 12 Finsh | Now_lr 0.0005/0.0005|Train Loss 0.1040 | Valid Loss 2.7082 | Train Acc 96.0961| Valid Acc 48.8567
TestSub: S[1, 2, 3, 6] Epoch 13 Finsh | Now_lr 0.0005/0.0005|Train Loss 0.0982 | Valid Loss 2.6405 | Train Acc 96.2785| Valid Acc 48.2431
TestSub: S[1, 2, 3, 6] Epoch 14 Finsh | Now_lr 0.0005/0.0005|Train Loss 0.0918 | Valid Loss 2.7338 | Train Acc 96.5581| Valid Acc 47.2942
TestSub: S[1, 2, 3, 6] Epoch 15 Finsh | Now_lr 0.0005/0.0005|Train Loss 0.0837 | Valid Loss 2.7278 | Train Acc 96.9422| Valid Acc 48.5556
TestSub: S[1, 2, 3, 6] Epoch 16 Finsh | Now_lr 0.0005/0.0005|Train Loss 0.0786 | Valid Loss 2.7688 | Train Acc 97.1329| Valid Acc 48.8072
TestSub: S[1, 2, 3, 6] Epoch 17 Finsh | Now_lr 0.0005/0.0005|Train Loss 0.0742 | Valid Loss 2.8711 | Train Acc 97.2656| Valid Acc 49.1578
TestSub: S[1, 2, 3, 6] Epoch 18 Finsh | Now_lr 0.0005/0.0005|Train Loss 0.0713 | Valid Loss 2.7853 | Train Acc 97.4142| Valid Acc 50.8270
TestSub: S[1, 2, 3, 6] Epoch 19 Finsh | Now_lr 0.0005/0.0005|Train Loss 0.0654 | Valid Loss 2.7265 | Train Acc 97.6539| Valid Acc 52.0389
TestSub: S[1, 2, 3, 6] Epoch 20 Finsh | Now_lr 0.0005/0.0005|Train Loss 0.0618 | Valid Loss 2.8171 | Train Acc 97.7867| Valid Acc 51.4062
TestSub: S[1, 2, 3, 6] Epoch 21 Finsh | Now_lr 0.0005/0.0005|Train Loss 0.0604 | Valid Loss 2.9489 | Train Acc 97.7978| Valid Acc 48.7348
TestSub: S[1, 2, 3, 6] Epoch 22 Finsh | Now_lr 0.0005/0.0005|Train Loss 0.0578 | Valid Loss 2.8717 | Train Acc 97.9042| Valid Acc 50.8155
TestSub: S[1, 2, 3, 6] Epoch 23 Finsh | Now_lr 0.0005/0.0005|Train Loss 0.0555 | Valid Loss 2.9831 | Train Acc 98.0328| Valid Acc 50.5450
TestSub: S[1, 2, 3, 6] Epoch 24 Finsh | Now_lr 0.0005/0.0005|Train Loss 0.0528 | Valid Loss 2.9266 | Train Acc 98.1001| Valid Acc 51.1547
TestSub: S[1, 2, 3, 6] Epoch 25 Finsh | Now_lr 0.0005/0.0005|Train Loss 0.0499 | Valid Loss 2.9655 | Train Acc 98.2112| Valid Acc 51.5625
TestSub: S[1, 2, 3, 6] Epoch 26 Finsh | Now_lr 0.0005/0.0005|Train Loss 0.0476 | Valid Loss 2.9035 | Train Acc 98.3176| Valid Acc 53.1784
Validation acc increase (52.096037 --> 53.178354) in epoch (26).  Saving model ...
TestSub: S[1, 2, 3, 6] Epoch 27 Finsh | Now_lr 0.0005/0.0005|Train Loss 0.0463 | Valid Loss 2.9244 | Train Acc 98.3784| Valid Acc 52.7096
TestSub: S[1, 2, 3, 6] Epoch 28 Finsh | Now_lr 0.0005/0.0005|Train Loss 0.0446 | Valid Loss 3.0813 | Train Acc 98.4352| Valid Acc 51.4977
TestSub: S[1, 2, 3, 6] Epoch 29 Finsh | Now_lr 0.0005/0.0005|Train Loss 0.0432 | Valid Loss 2.9027 | Train Acc 98.4878| Valid Acc 52.5381
TestSub: S[1, 2, 3, 6] Epoch 30 Finsh | Now_lr 0.0005/0.0005|Train Loss 0.0411 | Valid Loss 3.0945 | Train Acc 98.5217| Valid Acc 51.9893
TestSub: S[1, 2, 3, 6] Epoch 31 Finsh | Now_lr 0.0005/0.0005|Train Loss 0.0404 | Valid Loss 3.1219 | Train Acc 98.6088| Valid Acc 50.8308
TestSub: S[1, 2, 3, 6] Epoch 32 Finsh | Now_lr 0.0005/0.0005|Train Loss 0.0392 | Valid Loss 3.1718 | Train Acc 98.6451| Valid Acc 52.3742
TestSub: S[1, 2, 3, 6] Epoch 33 Finsh | Now_lr 0.0005/0.0005|Train Loss 0.0369 | Valid Loss 3.2888 | Train Acc 98.7112| Valid Acc 50.4916
TestSub: S[1, 2, 3, 6] Epoch 34 Finsh | Now_lr 0.0005/0.0005|Train Loss 0.0364 | Valid Loss 3.2289 | Train Acc 98.7275| Valid Acc 51.0976
TestSub: S[1, 2, 3, 6] Epoch 35 Finsh | Now_lr 0.0005/0.0005|Train Loss 0.0352 | Valid Loss 3.1957 | Train Acc 98.7755| Valid Acc 52.3361
TestSub: S[1, 2, 3, 6] Epoch 36 Finsh | Now_lr 0.0005/0.0005|Train Loss 0.0356 | Valid Loss 3.3319 | Train Acc 98.7515| Valid Acc 51.6387
TestSub: S[1, 2, 3, 6] Epoch 37 Finsh | Now_lr 0.0005/0.0005|Train Loss 0.0336 | Valid Loss 3.3487 | Train Acc 98.8392| Valid Acc 53.0755
TestSub: S[1, 2, 3, 6] Epoch 38 Finsh | Now_lr 0.0005/0.0005|Train Loss 0.0332 | Valid Loss 3.4272 | Train Acc 98.8498| Valid Acc 51.0823
TestSub: S[1, 2, 3, 6] Epoch 39 Finsh | Now_lr 0.0005/0.0005|Train Loss 0.0311 | Valid Loss 3.3325 | Train Acc 98.9153| Valid Acc 51.9627
TestSub: S[1, 2, 3, 6] Epoch 40 Finsh | Now_lr 0.0005/0.0005|Train Loss 0.0314 | Valid Loss 3.6133 | Train Acc 98.9170| Valid Acc 51.2652
TestSub: S[1, 2, 3, 6] Epoch 41 Finsh | Now_lr 0.0005/0.0005|Train Loss 0.0310 | Valid Loss 3.1734 | Train Acc 98.9036| Valid Acc 51.6082
TestSub: S[1, 2, 3, 6] Epoch 42 Finsh | Now_lr 0.0005/0.0005|Train Loss 0.0292 | Valid Loss 3.2790 | Train Acc 99.0112| Valid Acc 52.3171
TestSub: S[1, 2, 3, 6] Epoch 43 Finsh | Now_lr 0.0005/0.0005|Train Loss 0.0303 | Valid Loss 3.3400 | Train Acc 98.9492| Valid Acc 51.1623
TestSub: S[1, 2, 3, 6] Epoch 44 Finsh | Now_lr 0.0005/0.0005|Train Loss 0.0284 | Valid Loss 3.4077 | Train Acc 99.0106| Valid Acc 51.0061
TestSub: S[1, 2, 3, 6] Epoch 45 Finsh | Now_lr 0.0005/0.0005|Train Loss 0.0275 | Valid Loss 3.6704 | Train Acc 99.0667| Valid Acc 50.3430
TestSub: S[1, 2, 3, 6] Epoch 46 Finsh | Now_lr 0.0005/0.0005|Train Loss 0.0265 | Valid Loss 3.7538 | Train Acc 99.0843| Valid Acc 50.6326
TestSub: S[1, 2, 3, 6] Epoch 47 Finsh | Now_lr 0.0005/0.0005|Train Loss 0.0263 | Valid Loss 3.6522 | Train Acc 99.1006| Valid Acc 51.1014
TestSub: S[1, 2, 3, 6] Epoch 48 Finsh | Now_lr 0.0005/0.0005|Train Loss 0.0261 | Valid Loss 3.5143 | Train Acc 99.1281| Valid Acc 50.8765
TestSub: S[1, 2, 3, 6] Epoch 49 Finsh | Now_lr 0.0005/0.0005|Train Loss 0.0250 | Valid Loss 3.6401 | Train Acc 99.1240| Valid Acc 49.6113
TestSub: S[1, 2, 3, 6] Epoch 50 Finsh | Now_lr 0.0005/0.0005|Train Loss 0.0249 | Valid Loss 3.5027 | Train Acc 99.1474| Valid Acc 50.8498
TestSub: S[1, 2, 3, 6] Epoch 51 Finsh | Now_lr 0.0005/0.0005|Train Loss 0.0235 | Valid Loss 3.6282 | Train Acc 99.2088| Valid Acc 52.1113
TestSub: S[1, 2, 3, 6] Epoch 52 Finsh | Now_lr 0.0005/0.0005|Train Loss 0.0227 | Valid Loss 3.6695 | Train Acc 99.2111| Valid Acc 52.1761
TestSub: S[1, 2, 3, 6] Epoch 53 Finsh | Now_lr 0.0005/0.0005|Train Loss 0.0234 | Valid Loss 3.4418 | Train Acc 99.2024| Valid Acc 50.8460
TestSub: S[1, 2, 3, 6] Epoch 54 Finsh | Now_lr 0.0005/0.0005|Train Loss 0.0237 | Valid Loss 3.7686 | Train Acc 99.1673| Valid Acc 50.6174
TestSub: S[1, 2, 3, 6] Epoch 55 Finsh | Now_lr 0.0005/0.0005|Train Loss 0.0223 | Valid Loss 3.7763 | Train Acc 99.2164| Valid Acc 51.0785
TestSub: S[1, 2, 3, 6] Epoch 56 Finsh | Now_lr 0.0005/0.0005|Train Loss 0.0221 | Valid Loss 3.7614 | Train Acc 99.2363| Valid Acc 49.0663
TestSub: S[1, 2, 3, 6] Epoch 57 Finsh | Now_lr 0.0005/0.0005|Train Loss 0.0207 | Valid Loss 3.8674 | Train Acc 99.2901| Valid Acc 50.1486
TestSub: S[1, 2, 3, 6] Epoch 58 Finsh | Now_lr 0.0005/0.0005|Train Loss 0.0221 | Valid Loss 3.5799 | Train Acc 99.2421| Valid Acc 50.8117
TestSub: S[1, 2, 3, 6] Epoch 59 Finsh | Now_lr 0.0005/0.0005|Train Loss 0.0205 | Valid Loss 3.7063 | Train Acc 99.3070| Valid Acc 51.1966
TestSub: S[1, 2, 3, 6] Epoch 60 Finsh | Now_lr 0.0005/0.0005|Train Loss 0.0208 | Valid Loss 3.7541 | Train Acc 99.3018| Valid Acc 49.5770
TestSub: S[1, 2, 3, 6] Epoch 61 Finsh | Now_lr 0.0005/0.0005|Train Loss 0.0204 | Valid Loss 3.7212 | Train Acc 99.3106| Valid Acc 48.6585
TestSub: S[1, 2, 3, 6] Epoch 62 Finsh | Now_lr 0.0005/0.0005|Train Loss 0.0196 | Valid Loss 3.8753 | Train Acc 99.3193| Valid Acc 49.2912
TestSub: S[1, 2, 3, 6] Epoch 63 Finsh | Now_lr 0.0005/0.0005|Train Loss 0.0197 | Valid Loss 3.6937 | Train Acc 99.3380| Valid Acc 51.3872
TestSub: S[1, 2, 3, 6] Epoch 64 Finsh | Now_lr 0.0005/0.0005|Train Loss 0.0189 | Valid Loss 4.0371 | Train Acc 99.3550| Valid Acc 49.5389
TestSub: S[1, 2, 3, 6] Epoch 65 Finsh | Now_lr 0.0005/0.0005|Train Loss 0.0187 | Valid Loss 3.9249 | Train Acc 99.3784| Valid Acc 49.4970
TestSub: S[1, 2, 3, 6] Epoch 66 Finsh | Now_lr 0.0005/0.0005|Train Loss 0.0180 | Valid Loss 3.7262 | Train Acc 99.3761| Valid Acc 51.0175
TestSub: S[1, 2, 3, 6] Epoch 67 Finsh | Now_lr 0.0005/0.0005|Train Loss 0.0181 | Valid Loss 3.5417 | Train Acc 99.3942| Valid Acc 51.9284
TestSub: S[1, 2, 3, 6] Epoch 68 Finsh | Now_lr 0.0005/0.0005|Train Loss 0.0184 | Valid Loss 3.7123 | Train Acc 99.3334| Valid Acc 51.2614
TestSub: S[1, 2, 3, 6] Epoch 69 Finsh | Now_lr 0.0005/0.0005|Train Loss 0.0174 | Valid Loss 3.8872 | Train Acc 99.3907| Valid Acc 50.7470
TestSub: S[1, 2, 3, 6] Epoch 70 Finsh | Now_lr 0.0005/0.0005|Train Loss 0.0177 | Valid Loss 3.9183 | Train Acc 99.4070| Valid Acc 49.0473
TestSub: S[1, 2, 3, 6] Epoch 71 Finsh | Now_lr 0.0005/0.0005|Train Loss 0.0172 | Valid Loss 3.6907 | Train Acc 99.4024| Valid Acc 50.4497
TestSub: S[1, 2, 3, 6] Epoch 72 Finsh | Now_lr 0.0005/0.0005|Train Loss 0.0167 | Valid Loss 3.8071 | Train Acc 99.4228| Valid Acc 49.9505
TestSub: S[1, 2, 3, 6] Epoch 73 Finsh | Now_lr 0.0005/0.0005|Train Loss 0.0155 | Valid Loss 3.8885 | Train Acc 99.4708| Valid Acc 49.7027
TestSub: S[1, 2, 3, 6] Epoch 74 Finsh | Now_lr 0.0005/0.0005|Train Loss 0.0174 | Valid Loss 3.8533 | Train Acc 99.4035| Valid Acc 49.0968
TestSub: S[1, 2, 3, 6] Epoch 75 Finsh | Now_lr 0.0005/0.0005|Train Loss 0.0163 | Valid Loss 3.8978 | Train Acc 99.4433| Valid Acc 51.0709
TestSub: S[1, 2, 3, 6] Epoch 76 Finsh | Now_lr 0.0005/0.0005|Train Loss 0.0161 | Valid Loss 3.8032 | Train Acc 99.4644| Valid Acc 50.7889
TestSub: S[1, 2, 3, 6] Epoch 77 Finsh | Now_lr 0.0005/0.0005|Train Loss 0.0158 | Valid Loss 3.8267 | Train Acc 99.4836| Valid Acc 49.4436
TestSub: S[1, 2, 3, 6] Epoch 78 Finsh | Now_lr 0.0005/0.0005|Train Loss 0.0156 | Valid Loss 3.7247 | Train Acc 99.4597| Valid Acc 50.6059
TestSub: S[1, 2, 3, 6] Epoch 79 Finsh | Now_lr 0.0005/0.0005|Train Loss 0.0156 | Valid Loss 3.8002 | Train Acc 99.4813| Valid Acc 49.8209
TestSub: S[1, 2, 3, 6] Epoch 80 Finsh | Now_lr 0.0005/0.0005|Train Loss 0.0146 | Valid Loss 3.9446 | Train Acc 99.5065| Valid Acc 48.7462
TestSub: S[1, 2, 3, 6] Epoch 81 Finsh | Now_lr 0.0005/0.0005|Train Loss 0.0153 | Valid Loss 3.7254 | Train Acc 99.4819| Valid Acc 49.4474
TestSub: S[1, 2, 3, 6] Epoch 82 Finsh | Now_lr 0.0005/0.0005|Train Loss 0.0137 | Valid Loss 3.8951 | Train Acc 99.5293| Valid Acc 50.8613
TestSub: S[1, 2, 3, 6] Epoch 83 Finsh | Now_lr 0.0005/0.0005|Train Loss 0.0156 | Valid Loss 3.7411 | Train Acc 99.4790| Valid Acc 50.4611
TestSub: S[1, 2, 3, 6] Epoch 84 Finsh | Now_lr 0.0005/0.0005|Train Loss 0.0141 | Valid Loss 4.0450 | Train Acc 99.5269| Valid Acc 50.0991
TestSub: S[1, 2, 3, 6] Epoch 85 Finsh | Now_lr 0.0005/0.0005|Train Loss 0.0133 | Valid Loss 3.7950 | Train Acc 99.5608| Valid Acc 51.9703
TestSub: S[1, 2, 3, 6] Epoch 86 Finsh | Now_lr 0.0005/0.0005|Train Loss 0.0144 | Valid Loss 3.7042 | Train Acc 99.5146| Valid Acc 52.0655
TestSub: S[1, 2, 3, 6] Epoch 87 Finsh | Now_lr 0.0005/0.0005|Train Loss 0.0146 | Valid Loss 3.7192 | Train Acc 99.5123| Valid Acc 50.0305
TestSub: S[1, 2, 3, 6] Epoch 88 Finsh | Now_lr 0.0005/0.0005|Train Loss 0.0144 | Valid Loss 3.7114 | Train Acc 99.5351| Valid Acc 50.4268
TestSub: S[1, 2, 3, 6] Epoch 89 Finsh | Now_lr 0.0005/0.0005|Train Loss 0.0136 | Valid Loss 3.7612 | Train Acc 99.5708| Valid Acc 50.1639
TestSub: S[1, 2, 3, 6] Epoch 90 Finsh | Now_lr 0.0005/0.0005|Train Loss 0.0135 | Valid Loss 3.8659 | Train Acc 99.5433| Valid Acc 50.0191
TestSub: S[1, 2, 3, 6] Epoch 91 Finsh | Now_lr 0.0005/0.0005|Train Loss 0.0131 | Valid Loss 4.1173 | Train Acc 99.5597| Valid Acc 49.4550
TestSub: S[1, 2, 3, 6] Epoch 92 Finsh | Now_lr 0.0005/0.0005|Train Loss 0.0139 | Valid Loss 3.9350 | Train Acc 99.5304| Valid Acc 51.0023
TestSub: S[1, 2, 3, 6] Epoch 93 Finsh | Now_lr 0.0005/0.0005|Train Loss 0.0131 | Valid Loss 4.0048 | Train Acc 99.5807| Valid Acc 49.6684
TestSub: S[1, 2, 3, 6] Epoch 94 Finsh | Now_lr 0.0005/0.0005|Train Loss 0.0143 | Valid Loss 3.8393 | Train Acc 99.5281| Valid Acc 49.7409
TestSub: S[1, 2, 3, 6] Epoch 95 Finsh | Now_lr 0.0005/0.0005|Train Loss 0.0124 | Valid Loss 4.0071 | Train Acc 99.5948| Valid Acc 49.3826
TestSub: S[1, 2, 3, 6] Epoch 96 Finsh | Now_lr 0.0005/0.0005|Train Loss 0.0133 | Valid Loss 3.8461 | Train Acc 99.5503| Valid Acc 49.9428
TestSub: S[1, 2, 3, 6] Epoch 97 Finsh | Now_lr 0.0005/0.0005|Train Loss 0.0124 | Valid Loss 3.8545 | Train Acc 99.5895| Valid Acc 50.1829
TestSub: S[1, 2, 3, 6] Epoch 98 Finsh | Now_lr 0.0005/0.0005|Train Loss 0.0128 | Valid Loss 3.8388 | Train Acc 99.5684| Valid Acc 50.9146
TestSub: S[1, 2, 3, 6] Epoch 99 Finsh | Now_lr 0.0005/0.0005|Train Loss 0.0115 | Valid Loss 3.8708 | Train Acc 99.6193| Valid Acc 52.0998
TestSub: S[1, 2, 3, 6] Epoch 100 Finsh | Now_lr 0.0005/0.0005|Train Loss 0.0128 | Valid Loss 3.7374 | Train Acc 99.5755| Valid Acc 51.1738
--------------------------------------------------
Test_Subject :S[1, 2, 3, 6] |Best epoch:26 | Test Loss:2.9035 | Best Acc 53.1784 | Savemodel Acc 53.1784
--------------------------------------------------
lr:0.0005 -> bs:128
Cross Subject -> val_ids: [1, 2, 3, 6]
Cross Subject -> Result ACC mean: 53.1784
============================================================================================================
end time: 25-09-15-05:25:20
Current device is cuda
start time: task1_AAD_MM-AAD_scheme5_subjects_5_12_19_24_2025-09-15-01-18-48
============================================================================================================
Arguments =
	_action_groups: [<argparse._ArgumentGroup object at 0x7f241640cb20>, <argparse._ArgumentGroup object at 0x7f2415c89610>]
	_actions: [_HelpAction(option_strings=['-h', '--help'], dest='help', nargs=0, const=None, default='==SUPPRESS==', type=None, choices=None, required=False, help='show this help message and exit', metavar=None)]
	_defaults: {}
	_has_negative_number_optionals: []
	_mutually_exclusive_groups: []
	_negative_number_matcher: re.compile('^-\\d+$|^-\\d*\\.\\d+$')
	_option_string_actions: {'-h': _HelpAction(option_strings=['-h', '--help'], dest='help', nargs=0, const=None, default='==SUPPRESS==', type=None, choices=None, required=False, help='show this help message and exit', metavar=None), '--help': _HelpAction(option_strings=['-h', '--help'], dest='help', nargs=0, const=None, default='==SUPPRESS==', type=None, choices=None, required=False, help='show this help message and exit', metavar=None)}
	_optionals: <argparse._ArgumentGroup object at 0x7f2415c89610>
	_positionals: <argparse._ArgumentGroup object at 0x7f241640cb20>
	_registries: {'action': {None: <class 'argparse._StoreAction'>, 'store': <class 'argparse._StoreAction'>, 'store_const': <class 'argparse._StoreConstAction'>, 'store_true': <class 'argparse._StoreTrueAction'>, 'store_false': <class 'argparse._StoreFalseAction'>, 'append': <class 'argparse._AppendAction'>, 'append_const': <class 'argparse._AppendConstAction'>, 'count': <class 'argparse._CountAction'>, 'help': <class 'argparse._HelpAction'>, 'version': <class 'argparse._VersionAction'>, 'parsers': <class 'argparse._SubParsersAction'>, 'extend': <class 'argparse._ExtendAction'>}, 'type': {None: <function ArgumentParser.__init__.<locals>.identity at 0x7f23ed1eb0d0>}}
	_subparsers: None
	add_help: True
	allow_abbrev: True
	argument_default: None
	batch_size: 128
	conflict_handler: error
	data_path: /home/suyash.kumar.mec22.itbhu/EEG-AAD_audio_only/preprocessed/data/
	dataset: MM-AAD
	description: None
	eeg_channel: 32
	epilog: None
	exit_on_error: True
	fig_path: ./exps/cross-subject/DARNet/figures/
	formatter_class: <class 'argparse.HelpFormatter'>
	fromfile_prefix_chars: None
	fs: 128
	label_path: /home/suyash.kumar.mec22.itbhu/EEG-AAD_audio_only/preprocessed/label/
	lam: 0.2
	log_interval: 10
	lr: 0.0005
	lr_decayrate: 0.5
	max_epoch: 100
	model: DARNet
	model_save_path: ./exps/cross-subject/DARNet/baseline_task1_AAD_MM-AAD_scheme5_subjects_5_12_19_24_2025-09-15-01-18-48
	overlap: 0.5
	patience: 10
	prefix_chars: -
	prog: trainer_scheme_5.py
	seed: 42
	start_time: task1_AAD_MM-AAD_scheme5_subjects_5_12_19_24_2025-09-15-01-18-48
	subject_number: 40
	trail_number: 20
	usage: None
	weight_decay: 0.0003
	win_len: 128
	win_time: 1
	window_lap: 64.0
============================================================================================================
train_data_shape(171080, 32, 128),val_data_shape(26320, 32, 128)
=================================================================
Layer (type:depth-idx)                   Param #
=================================================================
DARNet                                   --
├─TokenEmbedding: 1-1                    --
│    └─Sequential: 2-1                   --
│    │    └─Conv2d: 3-1                  576
│    │    └─BatchNorm2d: 3-2             128
│    │    └─GELU: 3-3                    --
│    └─Sequential: 2-2                   --
│    │    └─Conv2d: 3-4                  32,784
│    │    └─BatchNorm2d: 3-5             32
│    │    └─GELU: 3-6                    --
│    └─PositionalEmbedding: 2-3          --
├─Flatten: 1-2                           --
├─Linear: 1-3                            18
├─AttnRefine: 1-4                        --
│    └─MyAttention: 2-4                  --
│    │    └─Attention: 3-7               800
│    └─Refine: 2-5                       --
│    │    └─Conv1d: 3-8                  784
│    │    └─BatchNorm1d: 3-9             32
│    │    └─ELU: 3-10                    --
│    │    └─MaxPool1d: 3-11              --
│    └─AdaptiveAvgPool1d: 2-6            --
│    └─Linear: 2-7                       68
│    └─Flatten: 2-8                      --
├─AttnRefine: 1-5                        --
│    └─MyAttention: 2-9                  --
│    │    └─Attention: 3-12              800
│    └─Refine: 2-10                      --
│    │    └─Conv1d: 3-13                 784
│    │    └─BatchNorm1d: 3-14            32
│    │    └─ELU: 3-15                    --
│    │    └─MaxPool1d: 3-16              --
│    └─AdaptiveAvgPool1d: 2-11           --
│    └─Linear: 2-12                      68
│    └─Flatten: 2-13                     --
=================================================================
Total params: 36,906
Trainable params: 36,906
Non-trainable params: 0
=================================================================
TestSub: S[5, 12, 19, 24] Epoch  1 Finsh | Now_lr 0.0005/0.0005|Train Loss 0.4972 | Valid Loss 1.4363 | Train Acc 73.6521| Valid Acc 48.6738
Validation acc increase (0.000000 --> 48.673780) in epoch (1).  Saving model ...
TestSub: S[5, 12, 19, 24] Epoch  2 Finsh | Now_lr 0.0005/0.0005|Train Loss 0.3577 | Valid Loss 1.6547 | Train Acc 83.4131| Valid Acc 47.1380
TestSub: S[5, 12, 19, 24] Epoch  3 Finsh | Now_lr 0.0005/0.0005|Train Loss 0.3030 | Valid Loss 1.7714 | Train Acc 86.3550| Valid Acc 48.4604
TestSub: S[5, 12, 19, 24] Epoch  4 Finsh | Now_lr 0.0005/0.0005|Train Loss 0.2573 | Valid Loss 1.7912 | Train Acc 88.8327| Valid Acc 48.5976
TestSub: S[5, 12, 19, 24] Epoch  5 Finsh | Now_lr 0.0005/0.0005|Train Loss 0.2181 | Valid Loss 1.9976 | Train Acc 90.8273| Valid Acc 48.5938
TestSub: S[5, 12, 19, 24] Epoch  6 Finsh | Now_lr 0.0005/0.0005|Train Loss 0.1840 | Valid Loss 2.1300 | Train Acc 92.4963| Valid Acc 49.3255
Validation acc increase (48.673780 --> 49.325457) in epoch (6).  Saving model ...
TestSub: S[5, 12, 19, 24] Epoch  7 Finsh | Now_lr 0.0005/0.0005|Train Loss 0.1622 | Valid Loss 2.2455 | Train Acc 93.5342| Valid Acc 50.1982
Validation acc increase (49.325457 --> 50.198171) in epoch (7).  Saving model ...
TestSub: S[5, 12, 19, 24] Epoch  8 Finsh | Now_lr 0.0005/0.0005|Train Loss 0.1421 | Valid Loss 2.1573 | Train Acc 94.4494| Valid Acc 51.6845
Validation acc increase (50.198171 --> 51.684451) in epoch (8).  Saving model ...
TestSub: S[5, 12, 19, 24] Epoch  9 Finsh | Now_lr 0.0005/0.0005|Train Loss 0.1251 | Valid Loss 2.3110 | Train Acc 95.2102| Valid Acc 52.2561
Validation acc increase (51.684451 --> 52.256098) in epoch (9).  Saving model ...
TestSub: S[5, 12, 19, 24] Epoch 10 Finsh | Now_lr 0.0005/0.0005|Train Loss 0.1110 | Valid Loss 2.5698 | Train Acc 95.8119| Valid Acc 52.2409
TestSub: S[5, 12, 19, 24] Epoch 11 Finsh | Now_lr 0.0005/0.0005|Train Loss 0.0991 | Valid Loss 2.5770 | Train Acc 96.3206| Valid Acc 52.6258
Validation acc increase (52.256098 --> 52.625762) in epoch (11).  Saving model ...
TestSub: S[5, 12, 19, 24] Epoch 12 Finsh | Now_lr 0.0005/0.0005|Train Loss 0.0896 | Valid Loss 2.8560 | Train Acc 96.6703| Valid Acc 50.7165
TestSub: S[5, 12, 19, 24] Epoch 13 Finsh | Now_lr 0.0005/0.0005|Train Loss 0.0812 | Valid Loss 2.6821 | Train Acc 97.0165| Valid Acc 51.7569
TestSub: S[5, 12, 19, 24] Epoch 14 Finsh | Now_lr 0.0005/0.0005|Train Loss 0.0764 | Valid Loss 2.7770 | Train Acc 97.2142| Valid Acc 50.4764
TestSub: S[5, 12, 19, 24] Epoch 15 Finsh | Now_lr 0.0005/0.0005|Train Loss 0.0691 | Valid Loss 3.0079 | Train Acc 97.4340| Valid Acc 50.2172
TestSub: S[5, 12, 19, 24] Epoch 16 Finsh | Now_lr 0.0005/0.0005|Train Loss 0.0651 | Valid Loss 2.9081 | Train Acc 97.6282| Valid Acc 49.3140
TestSub: S[5, 12, 19, 24] Epoch 17 Finsh | Now_lr 0.0005/0.0005|Train Loss 0.0608 | Valid Loss 3.0674 | Train Acc 97.8071| Valid Acc 50.8003
TestSub: S[5, 12, 19, 24] Epoch 18 Finsh | Now_lr 0.0005/0.0005|Train Loss 0.0570 | Valid Loss 3.0732 | Train Acc 97.9492| Valid Acc 50.1524
TestSub: S[5, 12, 19, 24] Epoch 19 Finsh | Now_lr 0.0005/0.0005|Train Loss 0.0528 | Valid Loss 3.1499 | Train Acc 98.1124| Valid Acc 50.7584
TestSub: S[5, 12, 19, 24] Epoch 20 Finsh | Now_lr 0.0005/0.0005|Train Loss 0.0497 | Valid Loss 3.3177 | Train Acc 98.2328| Valid Acc 49.3407
TestSub: S[5, 12, 19, 24] Epoch 21 Finsh | Now_lr 0.0005/0.0005|Train Loss 0.0468 | Valid Loss 3.1767 | Train Acc 98.3404| Valid Acc 51.3338
TestSub: S[5, 12, 19, 24] Epoch 22 Finsh | Now_lr 0.0005/0.0005|Train Loss 0.0462 | Valid Loss 3.2143 | Train Acc 98.3550| Valid Acc 50.2020
TestSub: S[5, 12, 19, 24] Epoch 23 Finsh | Now_lr 0.0005/0.0005|Train Loss 0.0425 | Valid Loss 3.3138 | Train Acc 98.4626| Valid Acc 50.7050
TestSub: S[5, 12, 19, 24] Epoch 24 Finsh | Now_lr 0.0005/0.0005|Train Loss 0.0421 | Valid Loss 3.2662 | Train Acc 98.5083| Valid Acc 49.2759
TestSub: S[5, 12, 19, 24] Epoch 25 Finsh | Now_lr 0.0005/0.0005|Train Loss 0.0394 | Valid Loss 3.5386 | Train Acc 98.5942| Valid Acc 49.3026
TestSub: S[5, 12, 19, 24] Epoch 26 Finsh | Now_lr 0.0005/0.0005|Train Loss 0.0386 | Valid Loss 3.6561 | Train Acc 98.6065| Valid Acc 47.5648
TestSub: S[5, 12, 19, 24] Epoch 27 Finsh | Now_lr 0.0005/0.0005|Train Loss 0.0352 | Valid Loss 3.5123 | Train Acc 98.7451| Valid Acc 48.5137
TestSub: S[5, 12, 19, 24] Epoch 28 Finsh | Now_lr 0.0005/0.0005|Train Loss 0.0355 | Valid Loss 3.6716 | Train Acc 98.7006| Valid Acc 47.4352
TestSub: S[5, 12, 19, 24] Epoch 29 Finsh | Now_lr 0.0005/0.0005|Train Loss 0.0339 | Valid Loss 3.6919 | Train Acc 98.8006| Valid Acc 48.3460
TestSub: S[5, 12, 19, 24] Epoch 30 Finsh | Now_lr 0.0005/0.0005|Train Loss 0.0322 | Valid Loss 3.9416 | Train Acc 98.8749| Valid Acc 47.5038
TestSub: S[5, 12, 19, 24] Epoch 31 Finsh | Now_lr 0.0005/0.0005|Train Loss 0.0315 | Valid Loss 3.5742 | Train Acc 98.8796| Valid Acc 48.3003
TestSub: S[5, 12, 19, 24] Epoch 32 Finsh | Now_lr 0.0005/0.0005|Train Loss 0.0302 | Valid Loss 3.8600 | Train Acc 98.9691| Valid Acc 47.5762
TestSub: S[5, 12, 19, 24] Epoch 33 Finsh | Now_lr 0.0005/0.0005|Train Loss 0.0295 | Valid Loss 3.7910 | Train Acc 98.9579| Valid Acc 47.7820
TestSub: S[5, 12, 19, 24] Epoch 34 Finsh | Now_lr 0.0005/0.0005|Train Loss 0.0288 | Valid Loss 3.8928 | Train Acc 98.9884| Valid Acc 46.5130
TestSub: S[5, 12, 19, 24] Epoch 35 Finsh | Now_lr 0.0005/0.0005|Train Loss 0.0280 | Valid Loss 4.0146 | Train Acc 99.0211| Valid Acc 48.6623
TestSub: S[5, 12, 19, 24] Epoch 36 Finsh | Now_lr 0.0005/0.0005|Train Loss 0.0262 | Valid Loss 4.0786 | Train Acc 99.0983| Valid Acc 48.0145
TestSub: S[5, 12, 19, 24] Epoch 37 Finsh | Now_lr 0.0005/0.0005|Train Loss 0.0265 | Valid Loss 3.9273 | Train Acc 99.1065| Valid Acc 49.3331
TestSub: S[5, 12, 19, 24] Epoch 38 Finsh | Now_lr 0.0005/0.0005|Train Loss 0.0257 | Valid Loss 3.8843 | Train Acc 99.1334| Valid Acc 48.4299
TestSub: S[5, 12, 19, 24] Epoch 39 Finsh | Now_lr 0.0005/0.0005|Train Loss 0.0253 | Valid Loss 4.0465 | Train Acc 99.1135| Valid Acc 46.9131
TestSub: S[5, 12, 19, 24] Epoch 40 Finsh | Now_lr 0.0005/0.0005|Train Loss 0.0245 | Valid Loss 3.6027 | Train Acc 99.1457| Valid Acc 49.9466
TestSub: S[5, 12, 19, 24] Epoch 41 Finsh | Now_lr 0.0005/0.0005|Train Loss 0.0236 | Valid Loss 3.9896 | Train Acc 99.1819| Valid Acc 49.1959
TestSub: S[5, 12, 19, 24] Epoch 42 Finsh | Now_lr 0.0005/0.0005|Train Loss 0.0238 | Valid Loss 3.8508 | Train Acc 99.1889| Valid Acc 47.7401
TestSub: S[5, 12, 19, 24] Epoch 43 Finsh | Now_lr 0.0005/0.0005|Train Loss 0.0223 | Valid Loss 4.0915 | Train Acc 99.2199| Valid Acc 46.7111
TestSub: S[5, 12, 19, 24] Epoch 44 Finsh | Now_lr 0.0005/0.0005|Train Loss 0.0224 | Valid Loss 3.7561 | Train Acc 99.2205| Valid Acc 48.6280
TestSub: S[5, 12, 19, 24] Epoch 45 Finsh | Now_lr 0.0005/0.0005|Train Loss 0.0209 | Valid Loss 3.9999 | Train Acc 99.2954| Valid Acc 48.0983
TestSub: S[5, 12, 19, 24] Epoch 46 Finsh | Now_lr 0.0005/0.0005|Train Loss 0.0213 | Valid Loss 3.9482 | Train Acc 99.2550| Valid Acc 48.5671
TestSub: S[5, 12, 19, 24] Epoch 47 Finsh | Now_lr 0.0005/0.0005|Train Loss 0.0212 | Valid Loss 4.0137 | Train Acc 99.2731| Valid Acc 50.2515
TestSub: S[5, 12, 19, 24] Epoch 48 Finsh | Now_lr 0.0005/0.0005|Train Loss 0.0203 | Valid Loss 3.8697 | Train Acc 99.3041| Valid Acc 50.4878
TestSub: S[5, 12, 19, 24] Epoch 49 Finsh | Now_lr 0.0005/0.0005|Train Loss 0.0201 | Valid Loss 3.7159 | Train Acc 99.3351| Valid Acc 49.9352
TestSub: S[5, 12, 19, 24] Epoch 50 Finsh | Now_lr 0.0005/0.0005|Train Loss 0.0189 | Valid Loss 4.0133 | Train Acc 99.3860| Valid Acc 48.5290
TestSub: S[5, 12, 19, 24] Epoch 51 Finsh | Now_lr 0.0005/0.0005|Train Loss 0.0193 | Valid Loss 3.9785 | Train Acc 99.3685| Valid Acc 48.6471
TestSub: S[5, 12, 19, 24] Epoch 52 Finsh | Now_lr 0.0005/0.0005|Train Loss 0.0190 | Valid Loss 4.1479 | Train Acc 99.3404| Valid Acc 48.3460
TestSub: S[5, 12, 19, 24] Epoch 53 Finsh | Now_lr 0.0005/0.0005|Train Loss 0.0177 | Valid Loss 4.1280 | Train Acc 99.3872| Valid Acc 50.2591
TestSub: S[5, 12, 19, 24] Epoch 54 Finsh | Now_lr 0.0005/0.0005|Train Loss 0.0187 | Valid Loss 4.1217 | Train Acc 99.3761| Valid Acc 49.2454
TestSub: S[5, 12, 19, 24] Epoch 55 Finsh | Now_lr 0.0005/0.0005|Train Loss 0.0179 | Valid Loss 4.3914 | Train Acc 99.4024| Valid Acc 48.1364
TestSub: S[5, 12, 19, 24] Epoch 56 Finsh | Now_lr 0.0005/0.0005|Train Loss 0.0169 | Valid Loss 4.5476 | Train Acc 99.4047| Valid Acc 46.0785
TestSub: S[5, 12, 19, 24] Epoch 57 Finsh | Now_lr 0.0005/0.0005|Train Loss 0.0164 | Valid Loss 4.4556 | Train Acc 99.4392| Valid Acc 49.0282
TestSub: S[5, 12, 19, 24] Epoch 58 Finsh | Now_lr 0.0005/0.0005|Train Loss 0.0171 | Valid Loss 4.5400 | Train Acc 99.4146| Valid Acc 48.5175
TestSub: S[5, 12, 19, 24] Epoch 59 Finsh | Now_lr 0.0005/0.0005|Train Loss 0.0164 | Valid Loss 4.5134 | Train Acc 99.4550| Valid Acc 48.7576
TestSub: S[5, 12, 19, 24] Epoch 60 Finsh | Now_lr 0.0005/0.0005|Train Loss 0.0164 | Valid Loss 4.6305 | Train Acc 99.4474| Valid Acc 48.4337
TestSub: S[5, 12, 19, 24] Epoch 61 Finsh | Now_lr 0.0005/0.0005|Train Loss 0.0155 | Valid Loss 4.4704 | Train Acc 99.4895| Valid Acc 48.6471
TestSub: S[5, 12, 19, 24] Epoch 62 Finsh | Now_lr 0.0005/0.0005|Train Loss 0.0160 | Valid Loss 4.2302 | Train Acc 99.4445| Valid Acc 47.7896
TestSub: S[5, 12, 19, 24] Epoch 63 Finsh | Now_lr 0.0005/0.0005|Train Loss 0.0141 | Valid Loss 4.5818 | Train Acc 99.5328| Valid Acc 47.5000
TestSub: S[5, 12, 19, 24] Epoch 64 Finsh | Now_lr 0.0005/0.0005|Train Loss 0.0159 | Valid Loss 4.4960 | Train Acc 99.4690| Valid Acc 48.2774
TestSub: S[5, 12, 19, 24] Epoch 65 Finsh | Now_lr 0.0005/0.0005|Train Loss 0.0149 | Valid Loss 4.6565 | Train Acc 99.5059| Valid Acc 47.0846
TestSub: S[5, 12, 19, 24] Epoch 66 Finsh | Now_lr 0.0005/0.0005|Train Loss 0.0146 | Valid Loss 4.4782 | Train Acc 99.5146| Valid Acc 48.3689
TestSub: S[5, 12, 19, 24] Epoch 67 Finsh | Now_lr 0.0005/0.0005|Train Loss 0.0152 | Valid Loss 4.4669 | Train Acc 99.4901| Valid Acc 48.8834
TestSub: S[5, 12, 19, 24] Epoch 68 Finsh | Now_lr 0.0005/0.0005|Train Loss 0.0143 | Valid Loss 4.3827 | Train Acc 99.5217| Valid Acc 48.2546
TestSub: S[5, 12, 19, 24] Epoch 69 Finsh | Now_lr 0.0005/0.0005|Train Loss 0.0134 | Valid Loss 4.9881 | Train Acc 99.5298| Valid Acc 47.8087
TestSub: S[5, 12, 19, 24] Epoch 70 Finsh | Now_lr 0.0005/0.0005|Train Loss 0.0138 | Valid Loss 4.7094 | Train Acc 99.5445| Valid Acc 47.7210
TestSub: S[5, 12, 19, 24] Epoch 71 Finsh | Now_lr 0.0005/0.0005|Train Loss 0.0145 | Valid Loss 4.4349 | Train Acc 99.5129| Valid Acc 46.9055
TestSub: S[5, 12, 19, 24] Epoch 72 Finsh | Now_lr 0.0005/0.0005|Train Loss 0.0139 | Valid Loss 4.1441 | Train Acc 99.5298| Valid Acc 48.8681
TestSub: S[5, 12, 19, 24] Epoch 73 Finsh | Now_lr 0.0005/0.0005|Train Loss 0.0128 | Valid Loss 4.4367 | Train Acc 99.5544| Valid Acc 49.0663
TestSub: S[5, 12, 19, 24] Epoch 74 Finsh | Now_lr 0.0005/0.0005|Train Loss 0.0130 | Valid Loss 4.3767 | Train Acc 99.5696| Valid Acc 48.3270
TestSub: S[5, 12, 19, 24] Epoch 75 Finsh | Now_lr 0.0005/0.0005|Train Loss 0.0128 | Valid Loss 4.4033 | Train Acc 99.5796| Valid Acc 48.3194
TestSub: S[5, 12, 19, 24] Epoch 76 Finsh | Now_lr 0.0005/0.0005|Train Loss 0.0129 | Valid Loss 4.1311 | Train Acc 99.5556| Valid Acc 46.4634
TestSub: S[5, 12, 19, 24] Epoch 77 Finsh | Now_lr 0.0005/0.0005|Train Loss 0.0129 | Valid Loss 4.4432 | Train Acc 99.5620| Valid Acc 48.1936
TestSub: S[5, 12, 19, 24] Epoch 78 Finsh | Now_lr 0.0005/0.0005|Train Loss 0.0129 | Valid Loss 4.3613 | Train Acc 99.5749| Valid Acc 48.2012
TestSub: S[5, 12, 19, 24] Epoch 79 Finsh | Now_lr 0.0005/0.0005|Train Loss 0.0125 | Valid Loss 4.2852 | Train Acc 99.5977| Valid Acc 49.6418
TestSub: S[5, 12, 19, 24] Epoch 80 Finsh | Now_lr 0.0005/0.0005|Train Loss 0.0122 | Valid Loss 4.7803 | Train Acc 99.5936| Valid Acc 49.2645
TestSub: S[5, 12, 19, 24] Epoch 81 Finsh | Now_lr 0.0005/0.0005|Train Loss 0.0118 | Valid Loss 4.7127 | Train Acc 99.6228| Valid Acc 46.8788
TestSub: S[5, 12, 19, 24] Epoch 82 Finsh | Now_lr 0.0005/0.0005|Train Loss 0.0135 | Valid Loss 4.6193 | Train Acc 99.5404| Valid Acc 47.3361
TestSub: S[5, 12, 19, 24] Epoch 83 Finsh | Now_lr 0.0005/0.0005|Train Loss 0.0108 | Valid Loss 4.6578 | Train Acc 99.6462| Valid Acc 47.7973
TestSub: S[5, 12, 19, 24] Epoch 84 Finsh | Now_lr 0.0005/0.0005|Train Loss 0.0122 | Valid Loss 4.5414 | Train Acc 99.5842| Valid Acc 48.4794
TestSub: S[5, 12, 19, 24] Epoch 85 Finsh | Now_lr 0.0005/0.0005|Train Loss 0.0112 | Valid Loss 4.5915 | Train Acc 99.6217| Valid Acc 48.0030
TestSub: S[5, 12, 19, 24] Epoch 86 Finsh | Now_lr 0.0005/0.0005|Train Loss 0.0123 | Valid Loss 4.3583 | Train Acc 99.5912| Valid Acc 48.7805
TestSub: S[5, 12, 19, 24] Epoch 87 Finsh | Now_lr 0.0005/0.0005|Train Loss 0.0116 | Valid Loss 4.4395 | Train Acc 99.6123| Valid Acc 49.0244
TestSub: S[5, 12, 19, 24] Epoch 88 Finsh | Now_lr 0.0005/0.0005|Train Loss 0.0111 | Valid Loss 4.1822 | Train Acc 99.6363| Valid Acc 50.0419
TestSub: S[5, 12, 19, 24] Epoch 89 Finsh | Now_lr 0.0005/0.0005|Train Loss 0.0121 | Valid Loss 4.3592 | Train Acc 99.6041| Valid Acc 48.7195
TestSub: S[5, 12, 19, 24] Epoch 90 Finsh | Now_lr 0.0005/0.0005|Train Loss 0.0105 | Valid Loss 4.2942 | Train Acc 99.6515| Valid Acc 49.1997
TestSub: S[5, 12, 19, 24] Epoch 91 Finsh | Now_lr 0.0005/0.0005|Train Loss 0.0105 | Valid Loss 4.4472 | Train Acc 99.6573| Valid Acc 49.0244
TestSub: S[5, 12, 19, 24] Epoch 92 Finsh | Now_lr 0.0005/0.0005|Train Loss 0.0106 | Valid Loss 4.4351 | Train Acc 99.6456| Valid Acc 47.4276
TestSub: S[5, 12, 19, 24] Epoch 93 Finsh | Now_lr 0.0005/0.0005|Train Loss 0.0108 | Valid Loss 4.3722 | Train Acc 99.6532| Valid Acc 48.4337
TestSub: S[5, 12, 19, 24] Epoch 94 Finsh | Now_lr 0.0005/0.0005|Train Loss 0.0103 | Valid Loss 4.4728 | Train Acc 99.6585| Valid Acc 47.6448
TestSub: S[5, 12, 19, 24] Epoch 95 Finsh | Now_lr 0.0005/0.0005|Train Loss 0.0104 | Valid Loss 4.5203 | Train Acc 99.6462| Valid Acc 49.9733
TestSub: S[5, 12, 19, 24] Epoch 96 Finsh | Now_lr 0.0005/0.0005|Train Loss 0.0103 | Valid Loss 4.3168 | Train Acc 99.6526| Valid Acc 49.9314
TestSub: S[5, 12, 19, 24] Epoch 97 Finsh | Now_lr 0.0005/0.0005|Train Loss 0.0100 | Valid Loss 4.4909 | Train Acc 99.6684| Valid Acc 47.8392
TestSub: S[5, 12, 19, 24] Epoch 98 Finsh | Now_lr 0.0005/0.0005|Train Loss 0.0093 | Valid Loss 4.6517 | Train Acc 99.6977| Valid Acc 47.6562
TestSub: S[5, 12, 19, 24] Epoch 99 Finsh | Now_lr 0.0005/0.0005|Train Loss 0.0106 | Valid Loss 4.4708 | Train Acc 99.6474| Valid Acc 47.9383
TestSub: S[5, 12, 19, 24] Epoch 100 Finsh | Now_lr 0.0005/0.0005|Train Loss 0.0089 | Valid Loss 4.7941 | Train Acc 99.7222| Valid Acc 48.0335
--------------------------------------------------
Test_Subject :S[5, 12, 19, 24] |Best epoch:11 | Test Loss:2.5770 | Best Acc 52.6258 | Savemodel Acc 52.6258
--------------------------------------------------
lr:0.0005 -> bs:128
Cross Subject -> val_ids: [5, 12, 19, 24]
Cross Subject -> Result ACC mean: 52.6258
============================================================================================================
end time: 25-09-15-05:25:20
Current device is cuda
start time: task1_AAD_MM-AAD_scheme4_subjects_25_26_27_28_2025-09-15-01-18-48
============================================================================================================
Arguments =
	_action_groups: [<argparse._ArgumentGroup object at 0x7f4540d9bb80>, <argparse._ArgumentGroup object at 0x7f4540618670>]
	_actions: [_HelpAction(option_strings=['-h', '--help'], dest='help', nargs=0, const=None, default='==SUPPRESS==', type=None, choices=None, required=False, help='show this help message and exit', metavar=None)]
	_defaults: {}
	_has_negative_number_optionals: []
	_mutually_exclusive_groups: []
	_negative_number_matcher: re.compile('^-\\d+$|^-\\d*\\.\\d+$')
	_option_string_actions: {'-h': _HelpAction(option_strings=['-h', '--help'], dest='help', nargs=0, const=None, default='==SUPPRESS==', type=None, choices=None, required=False, help='show this help message and exit', metavar=None), '--help': _HelpAction(option_strings=['-h', '--help'], dest='help', nargs=0, const=None, default='==SUPPRESS==', type=None, choices=None, required=False, help='show this help message and exit', metavar=None)}
	_optionals: <argparse._ArgumentGroup object at 0x7f4540618670>
	_positionals: <argparse._ArgumentGroup object at 0x7f4540d9bb80>
	_registries: {'action': {None: <class 'argparse._StoreAction'>, 'store': <class 'argparse._StoreAction'>, 'store_const': <class 'argparse._StoreConstAction'>, 'store_true': <class 'argparse._StoreTrueAction'>, 'store_false': <class 'argparse._StoreFalseAction'>, 'append': <class 'argparse._AppendAction'>, 'append_const': <class 'argparse._AppendConstAction'>, 'count': <class 'argparse._CountAction'>, 'help': <class 'argparse._HelpAction'>, 'version': <class 'argparse._VersionAction'>, 'parsers': <class 'argparse._SubParsersAction'>, 'extend': <class 'argparse._ExtendAction'>}, 'type': {None: <function ArgumentParser.__init__.<locals>.identity at 0x7f4517b7a0d0>}}
	_subparsers: None
	add_help: True
	allow_abbrev: True
	argument_default: None
	batch_size: 128
	conflict_handler: error
	data_path: /home/suyash.kumar.mec22.itbhu/EEG-AAD_audio_only/preprocessed/data/
	dataset: MM-AAD
	description: None
	eeg_channel: 32
	epilog: None
	exit_on_error: True
	fig_path: ./exps/cross-subject/DARNet/figures/
	formatter_class: <class 'argparse.HelpFormatter'>
	fromfile_prefix_chars: None
	fs: 128
	label_path: /home/suyash.kumar.mec22.itbhu/EEG-AAD_audio_only/preprocessed/label/
	lam: 0.2
	log_interval: 10
	lr: 0.0005
	lr_decayrate: 0.5
	max_epoch: 100
	model: DARNet
	model_save_path: ./exps/cross-subject/DARNet/baseline_task1_AAD_MM-AAD_scheme4_subjects_25_26_27_28_2025-09-15-01-18-48
	overlap: 0.5
	patience: 10
	prefix_chars: -
	prog: trainer_scheme_4.py
	seed: 42
	start_time: task1_AAD_MM-AAD_scheme4_subjects_25_26_27_28_2025-09-15-01-18-48
	subject_number: 40
	trail_number: 20
	usage: None
	weight_decay: 0.0003
	win_len: 128
	win_time: 1
	window_lap: 64.0
============================================================================================================
train_data_shape(171080, 32, 128),val_data_shape(26320, 32, 128)
=================================================================
Layer (type:depth-idx)                   Param #
=================================================================
DARNet                                   --
├─TokenEmbedding: 1-1                    --
│    └─Sequential: 2-1                   --
│    │    └─Conv2d: 3-1                  576
│    │    └─BatchNorm2d: 3-2             128
│    │    └─GELU: 3-3                    --
│    └─Sequential: 2-2                   --
│    │    └─Conv2d: 3-4                  32,784
│    │    └─BatchNorm2d: 3-5             32
│    │    └─GELU: 3-6                    --
│    └─PositionalEmbedding: 2-3          --
├─Flatten: 1-2                           --
├─Linear: 1-3                            18
├─AttnRefine: 1-4                        --
│    └─MyAttention: 2-4                  --
│    │    └─Attention: 3-7               800
│    └─Refine: 2-5                       --
│    │    └─Conv1d: 3-8                  784
│    │    └─BatchNorm1d: 3-9             32
│    │    └─ELU: 3-10                    --
│    │    └─MaxPool1d: 3-11              --
│    └─AdaptiveAvgPool1d: 2-6            --
│    └─Linear: 2-7                       68
│    └─Flatten: 2-8                      --
├─AttnRefine: 1-5                        --
│    └─MyAttention: 2-9                  --
│    │    └─Attention: 3-12              800
│    └─Refine: 2-10                      --
│    │    └─Conv1d: 3-13                 784
│    │    └─BatchNorm1d: 3-14            32
│    │    └─ELU: 3-15                    --
│    │    └─MaxPool1d: 3-16              --
│    └─AdaptiveAvgPool1d: 2-11           --
│    └─Linear: 2-12                      68
│    └─Flatten: 2-13                     --
=================================================================
Total params: 36,906
Trainable params: 36,906
Non-trainable params: 0
=================================================================
TestSub: S[25, 26, 27, 28] Epoch  1 Finsh | Now_lr 0.0005/0.0005|Train Loss 0.4863 | Valid Loss 1.3554 | Train Acc 74.7690| Valid Acc 52.0046
Validation acc increase (0.000000 --> 52.004573) in epoch (1).  Saving model ...
TestSub: S[25, 26, 27, 28] Epoch  2 Finsh | Now_lr 0.0005/0.0005|Train Loss 0.3380 | Valid Loss 1.5332 | Train Acc 84.7586| Valid Acc 52.0655
Validation acc increase (52.004573 --> 52.065549) in epoch (2).  Saving model ...
TestSub: S[25, 26, 27, 28] Epoch  3 Finsh | Now_lr 0.0005/0.0005|Train Loss 0.2810 | Valid Loss 1.8041 | Train Acc 87.8725| Valid Acc 52.1875
Validation acc increase (52.065549 --> 52.187500) in epoch (3).  Saving model ...
TestSub: S[25, 26, 27, 28] Epoch  4 Finsh | Now_lr 0.0005/0.0005|Train Loss 0.2388 | Valid Loss 2.0681 | Train Acc 89.8765| Valid Acc 49.3902
TestSub: S[25, 26, 27, 28] Epoch  5 Finsh | Now_lr 0.0005/0.0005|Train Loss 0.2079 | Valid Loss 2.3249 | Train Acc 91.3881| Valid Acc 49.4284
TestSub: S[25, 26, 27, 28] Epoch  6 Finsh | Now_lr 0.0005/0.0005|Train Loss 0.1816 | Valid Loss 2.4438 | Train Acc 92.6366| Valid Acc 48.4642
TestSub: S[25, 26, 27, 28] Epoch  7 Finsh | Now_lr 0.0005/0.0005|Train Loss 0.1608 | Valid Loss 2.4398 | Train Acc 93.6015| Valid Acc 50.9794
TestSub: S[25, 26, 27, 28] Epoch  8 Finsh | Now_lr 0.0005/0.0005|Train Loss 0.1431 | Valid Loss 2.3017 | Train Acc 94.3938| Valid Acc 51.6387
TestSub: S[25, 26, 27, 28] Epoch  9 Finsh | Now_lr 0.0005/0.0005|Train Loss 0.1285 | Valid Loss 2.4329 | Train Acc 95.0312| Valid Acc 51.7721
TestSub: S[25, 26, 27, 28] Epoch 10 Finsh | Now_lr 0.0005/0.0005|Train Loss 0.1135 | Valid Loss 2.5084 | Train Acc 95.6289| Valid Acc 52.0960
TestSub: S[25, 26, 27, 28] Epoch 11 Finsh | Now_lr 0.0005/0.0005|Train Loss 0.1032 | Valid Loss 2.6725 | Train Acc 96.0978| Valid Acc 51.5777
TestSub: S[25, 26, 27, 28] Epoch 12 Finsh | Now_lr 0.0005/0.0005|Train Loss 0.0958 | Valid Loss 2.8403 | Train Acc 96.4101| Valid Acc 50.7622
TestSub: S[25, 26, 27, 28] Epoch 13 Finsh | Now_lr 0.0005/0.0005|Train Loss 0.0879 | Valid Loss 2.7332 | Train Acc 96.7271| Valid Acc 50.3735
TestSub: S[25, 26, 27, 28] Epoch 14 Finsh | Now_lr 0.0005/0.0005|Train Loss 0.0833 | Valid Loss 2.8677 | Train Acc 96.9042| Valid Acc 50.0686
TestSub: S[25, 26, 27, 28] Epoch 15 Finsh | Now_lr 0.0005/0.0005|Train Loss 0.0761 | Valid Loss 2.9084 | Train Acc 97.2048| Valid Acc 50.6441
TestSub: S[25, 26, 27, 28] Epoch 16 Finsh | Now_lr 0.0005/0.0005|Train Loss 0.0709 | Valid Loss 2.8992 | Train Acc 97.3744| Valid Acc 49.7866
TestSub: S[25, 26, 27, 28] Epoch 17 Finsh | Now_lr 0.0005/0.0005|Train Loss 0.0675 | Valid Loss 2.9804 | Train Acc 97.5276| Valid Acc 49.2416
TestSub: S[25, 26, 27, 28] Epoch 18 Finsh | Now_lr 0.0005/0.0005|Train Loss 0.0630 | Valid Loss 2.6625 | Train Acc 97.7136| Valid Acc 51.1128
TestSub: S[25, 26, 27, 28] Epoch 19 Finsh | Now_lr 0.0005/0.0005|Train Loss 0.0580 | Valid Loss 3.0475 | Train Acc 97.9200| Valid Acc 50.0648
TestSub: S[25, 26, 27, 28] Epoch 20 Finsh | Now_lr 0.0005/0.0005|Train Loss 0.0565 | Valid Loss 2.9306 | Train Acc 97.9714| Valid Acc 51.5358
TestSub: S[25, 26, 27, 28] Epoch 21 Finsh | Now_lr 0.0005/0.0005|Train Loss 0.0526 | Valid Loss 3.0417 | Train Acc 98.0849| Valid Acc 49.8018
TestSub: S[25, 26, 27, 28] Epoch 22 Finsh | Now_lr 0.0005/0.0005|Train Loss 0.0499 | Valid Loss 2.9657 | Train Acc 98.1977| Valid Acc 51.6082
TestSub: S[25, 26, 27, 28] Epoch 23 Finsh | Now_lr 0.0005/0.0005|Train Loss 0.0483 | Valid Loss 3.1856 | Train Acc 98.2901| Valid Acc 50.5602
TestSub: S[25, 26, 27, 28] Epoch 24 Finsh | Now_lr 0.0005/0.0005|Train Loss 0.0456 | Valid Loss 3.0330 | Train Acc 98.3942| Valid Acc 50.5983
TestSub: S[25, 26, 27, 28] Epoch 25 Finsh | Now_lr 0.0005/0.0005|Train Loss 0.0438 | Valid Loss 3.0694 | Train Acc 98.4305| Valid Acc 49.4169
TestSub: S[25, 26, 27, 28] Epoch 26 Finsh | Now_lr 0.0005/0.0005|Train Loss 0.0407 | Valid Loss 3.4049 | Train Acc 98.5486| Valid Acc 49.8742
TestSub: S[25, 26, 27, 28] Epoch 27 Finsh | Now_lr 0.0005/0.0005|Train Loss 0.0414 | Valid Loss 3.3620 | Train Acc 98.5667| Valid Acc 49.5160
TestSub: S[25, 26, 27, 28] Epoch 28 Finsh | Now_lr 0.0005/0.0005|Train Loss 0.0376 | Valid Loss 3.1299 | Train Acc 98.6837| Valid Acc 49.9466
TestSub: S[25, 26, 27, 28] Epoch 29 Finsh | Now_lr 0.0005/0.0005|Train Loss 0.0365 | Valid Loss 3.3303 | Train Acc 98.7275| Valid Acc 49.8399
TestSub: S[25, 26, 27, 28] Epoch 30 Finsh | Now_lr 0.0005/0.0005|Train Loss 0.0358 | Valid Loss 3.3851 | Train Acc 98.7275| Valid Acc 49.2378
TestSub: S[25, 26, 27, 28] Epoch 31 Finsh | Now_lr 0.0005/0.0005|Train Loss 0.0333 | Valid Loss 3.4006 | Train Acc 98.8609| Valid Acc 48.9787
TestSub: S[25, 26, 27, 28] Epoch 32 Finsh | Now_lr 0.0005/0.0005|Train Loss 0.0326 | Valid Loss 3.6513 | Train Acc 98.8556| Valid Acc 48.2660
TestSub: S[25, 26, 27, 28] Epoch 33 Finsh | Now_lr 0.0005/0.0005|Train Loss 0.0310 | Valid Loss 3.6095 | Train Acc 98.9170| Valid Acc 46.1738
TestSub: S[25, 26, 27, 28] Epoch 34 Finsh | Now_lr 0.0005/0.0005|Train Loss 0.0302 | Valid Loss 3.6075 | Train Acc 98.9141| Valid Acc 48.7767
TestSub: S[25, 26, 27, 28] Epoch 35 Finsh | Now_lr 0.0005/0.0005|Train Loss 0.0300 | Valid Loss 3.4920 | Train Acc 98.9667| Valid Acc 49.4207
TestSub: S[25, 26, 27, 28] Epoch 36 Finsh | Now_lr 0.0005/0.0005|Train Loss 0.0273 | Valid Loss 3.5729 | Train Acc 99.0655| Valid Acc 48.1288
TestSub: S[25, 26, 27, 28] Epoch 37 Finsh | Now_lr 0.0005/0.0005|Train Loss 0.0278 | Valid Loss 3.5914 | Train Acc 99.0252| Valid Acc 49.1616
TestSub: S[25, 26, 27, 28] Epoch 38 Finsh | Now_lr 0.0005/0.0005|Train Loss 0.0270 | Valid Loss 3.7106 | Train Acc 99.0445| Valid Acc 47.3704
TestSub: S[25, 26, 27, 28] Epoch 39 Finsh | Now_lr 0.0005/0.0005|Train Loss 0.0247 | Valid Loss 3.6759 | Train Acc 99.1293| Valid Acc 47.8849
TestSub: S[25, 26, 27, 28] Epoch 40 Finsh | Now_lr 0.0005/0.0005|Train Loss 0.0255 | Valid Loss 3.6709 | Train Acc 99.1018| Valid Acc 47.8849
TestSub: S[25, 26, 27, 28] Epoch 41 Finsh | Now_lr 0.0005/0.0005|Train Loss 0.0256 | Valid Loss 3.7249 | Train Acc 99.1275| Valid Acc 48.1593
TestSub: S[25, 26, 27, 28] Epoch 42 Finsh | Now_lr 0.0005/0.0005|Train Loss 0.0243 | Valid Loss 3.9479 | Train Acc 99.1813| Valid Acc 47.3095
TestSub: S[25, 26, 27, 28] Epoch 43 Finsh | Now_lr 0.0005/0.0005|Train Loss 0.0238 | Valid Loss 3.4078 | Train Acc 99.1872| Valid Acc 49.4245
TestSub: S[25, 26, 27, 28] Epoch 44 Finsh | Now_lr 0.0005/0.0005|Train Loss 0.0239 | Valid Loss 3.6572 | Train Acc 99.1913| Valid Acc 47.6753
TestSub: S[25, 26, 27, 28] Epoch 45 Finsh | Now_lr 0.0005/0.0005|Train Loss 0.0227 | Valid Loss 3.8764 | Train Acc 99.2170| Valid Acc 48.9825
TestSub: S[25, 26, 27, 28] Epoch 46 Finsh | Now_lr 0.0005/0.0005|Train Loss 0.0217 | Valid Loss 3.8067 | Train Acc 99.2456| Valid Acc 50.0191
TestSub: S[25, 26, 27, 28] Epoch 47 Finsh | Now_lr 0.0005/0.0005|Train Loss 0.0214 | Valid Loss 3.9488 | Train Acc 99.2737| Valid Acc 47.5229
TestSub: S[25, 26, 27, 28] Epoch 48 Finsh | Now_lr 0.0005/0.0005|Train Loss 0.0204 | Valid Loss 3.6180 | Train Acc 99.3182| Valid Acc 48.5671
TestSub: S[25, 26, 27, 28] Epoch 49 Finsh | Now_lr 0.0005/0.0005|Train Loss 0.0201 | Valid Loss 3.8198 | Train Acc 99.3351| Valid Acc 48.9024
TestSub: S[25, 26, 27, 28] Epoch 50 Finsh | Now_lr 0.0005/0.0005|Train Loss 0.0211 | Valid Loss 4.1401 | Train Acc 99.2661| Valid Acc 48.4756
TestSub: S[25, 26, 27, 28] Epoch 51 Finsh | Now_lr 0.0005/0.0005|Train Loss 0.0199 | Valid Loss 3.8959 | Train Acc 99.3258| Valid Acc 49.1235
TestSub: S[25, 26, 27, 28] Epoch 52 Finsh | Now_lr 0.0005/0.0005|Train Loss 0.0187 | Valid Loss 4.1977 | Train Acc 99.3626| Valid Acc 48.7157
TestSub: S[25, 26, 27, 28] Epoch 53 Finsh | Now_lr 0.0005/0.0005|Train Loss 0.0190 | Valid Loss 4.0178 | Train Acc 99.3345| Valid Acc 48.2165
TestSub: S[25, 26, 27, 28] Epoch 54 Finsh | Now_lr 0.0005/0.0005|Train Loss 0.0178 | Valid Loss 4.0557 | Train Acc 99.4065| Valid Acc 49.9238
TestSub: S[25, 26, 27, 28] Epoch 55 Finsh | Now_lr 0.0005/0.0005|Train Loss 0.0180 | Valid Loss 4.0493 | Train Acc 99.3942| Valid Acc 49.6951
TestSub: S[25, 26, 27, 28] Epoch 56 Finsh | Now_lr 0.0005/0.0005|Train Loss 0.0177 | Valid Loss 4.0854 | Train Acc 99.3720| Valid Acc 48.8643
TestSub: S[25, 26, 27, 28] Epoch 57 Finsh | Now_lr 0.0005/0.0005|Train Loss 0.0164 | Valid Loss 4.1104 | Train Acc 99.4462| Valid Acc 47.9726
TestSub: S[25, 26, 27, 28] Epoch 58 Finsh | Now_lr 0.0005/0.0005|Train Loss 0.0168 | Valid Loss 4.1601 | Train Acc 99.4252| Valid Acc 48.3841
TestSub: S[25, 26, 27, 28] Epoch 59 Finsh | Now_lr 0.0005/0.0005|Train Loss 0.0171 | Valid Loss 4.0361 | Train Acc 99.4187| Valid Acc 49.5694
TestSub: S[25, 26, 27, 28] Epoch 60 Finsh | Now_lr 0.0005/0.0005|Train Loss 0.0164 | Valid Loss 4.0532 | Train Acc 99.4363| Valid Acc 49.7904
TestSub: S[25, 26, 27, 28] Epoch 61 Finsh | Now_lr 0.0005/0.0005|Train Loss 0.0167 | Valid Loss 4.1572 | Train Acc 99.4421| Valid Acc 49.1120
TestSub: S[25, 26, 27, 28] Epoch 62 Finsh | Now_lr 0.0005/0.0005|Train Loss 0.0158 | Valid Loss 4.1049 | Train Acc 99.4591| Valid Acc 49.4665
TestSub: S[25, 26, 27, 28] Epoch 63 Finsh | Now_lr 0.0005/0.0005|Train Loss 0.0156 | Valid Loss 4.0761 | Train Acc 99.4684| Valid Acc 49.9123
TestSub: S[25, 26, 27, 28] Epoch 64 Finsh | Now_lr 0.0005/0.0005|Train Loss 0.0151 | Valid Loss 4.2320 | Train Acc 99.4913| Valid Acc 50.0762
TestSub: S[25, 26, 27, 28] Epoch 65 Finsh | Now_lr 0.0005/0.0005|Train Loss 0.0154 | Valid Loss 4.0686 | Train Acc 99.4883| Valid Acc 49.1845
TestSub: S[25, 26, 27, 28] Epoch 66 Finsh | Now_lr 0.0005/0.0005|Train Loss 0.0143 | Valid Loss 4.1157 | Train Acc 99.5123| Valid Acc 50.0191
TestSub: S[25, 26, 27, 28] Epoch 67 Finsh | Now_lr 0.0005/0.0005|Train Loss 0.0148 | Valid Loss 3.8932 | Train Acc 99.5041| Valid Acc 50.3582
TestSub: S[25, 26, 27, 28] Epoch 68 Finsh | Now_lr 0.0005/0.0005|Train Loss 0.0155 | Valid Loss 4.3202 | Train Acc 99.4860| Valid Acc 49.8056
TestSub: S[25, 26, 27, 28] Epoch 69 Finsh | Now_lr 0.0005/0.0005|Train Loss 0.0140 | Valid Loss 4.3687 | Train Acc 99.5369| Valid Acc 51.1090
TestSub: S[25, 26, 27, 28] Epoch 70 Finsh | Now_lr 0.0005/0.0005|Train Loss 0.0136 | Valid Loss 4.1018 | Train Acc 99.5334| Valid Acc 49.8438
TestSub: S[25, 26, 27, 28] Epoch 71 Finsh | Now_lr 0.0005/0.0005|Train Loss 0.0138 | Valid Loss 4.0890 | Train Acc 99.5404| Valid Acc 49.7142
TestSub: S[25, 26, 27, 28] Epoch 72 Finsh | Now_lr 0.0005/0.0005|Train Loss 0.0126 | Valid Loss 4.0624 | Train Acc 99.5673| Valid Acc 51.4329
TestSub: S[25, 26, 27, 28] Epoch 73 Finsh | Now_lr 0.0005/0.0005|Train Loss 0.0127 | Valid Loss 4.2570 | Train Acc 99.5702| Valid Acc 50.4535
TestSub: S[25, 26, 27, 28] Epoch 74 Finsh | Now_lr 0.0005/0.0005|Train Loss 0.0137 | Valid Loss 4.3712 | Train Acc 99.5380| Valid Acc 50.1143
TestSub: S[25, 26, 27, 28] Epoch 75 Finsh | Now_lr 0.0005/0.0005|Train Loss 0.0124 | Valid Loss 4.0913 | Train Acc 99.5883| Valid Acc 51.5625
TestSub: S[25, 26, 27, 28] Epoch 76 Finsh | Now_lr 0.0005/0.0005|Train Loss 0.0121 | Valid Loss 4.0365 | Train Acc 99.5971| Valid Acc 50.5183
TestSub: S[25, 26, 27, 28] Epoch 77 Finsh | Now_lr 0.0005/0.0005|Train Loss 0.0132 | Valid Loss 3.7924 | Train Acc 99.5643| Valid Acc 49.4017
TestSub: S[25, 26, 27, 28] Epoch 78 Finsh | Now_lr 0.0005/0.0005|Train Loss 0.0122 | Valid Loss 4.1401 | Train Acc 99.6024| Valid Acc 49.5770
TestSub: S[25, 26, 27, 28] Epoch 79 Finsh | Now_lr 0.0005/0.0005|Train Loss 0.0123 | Valid Loss 3.8459 | Train Acc 99.5901| Valid Acc 51.2081
TestSub: S[25, 26, 27, 28] Epoch 80 Finsh | Now_lr 0.0005/0.0005|Train Loss 0.0123 | Valid Loss 4.0994 | Train Acc 99.5755| Valid Acc 51.5587
TestSub: S[25, 26, 27, 28] Epoch 81 Finsh | Now_lr 0.0005/0.0005|Train Loss 0.0123 | Valid Loss 3.9450 | Train Acc 99.5708| Valid Acc 49.9962
TestSub: S[25, 26, 27, 28] Epoch 82 Finsh | Now_lr 0.0005/0.0005|Train Loss 0.0111 | Valid Loss 4.1751 | Train Acc 99.6193| Valid Acc 51.2271
TestSub: S[25, 26, 27, 28] Epoch 83 Finsh | Now_lr 0.0005/0.0005|Train Loss 0.0119 | Valid Loss 4.1787 | Train Acc 99.6269| Valid Acc 50.0610
TestSub: S[25, 26, 27, 28] Epoch 84 Finsh | Now_lr 0.0005/0.0005|Train Loss 0.0128 | Valid Loss 4.0632 | Train Acc 99.5737| Valid Acc 50.0229
TestSub: S[25, 26, 27, 28] Epoch 85 Finsh | Now_lr 0.0005/0.0005|Train Loss 0.0103 | Valid Loss 4.0838 | Train Acc 99.6714| Valid Acc 50.7241
TestSub: S[25, 26, 27, 28] Epoch 86 Finsh | Now_lr 0.0005/0.0005|Train Loss 0.0115 | Valid Loss 4.4520 | Train Acc 99.6117| Valid Acc 49.5617
TestSub: S[25, 26, 27, 28] Epoch 87 Finsh | Now_lr 0.0005/0.0005|Train Loss 0.0111 | Valid Loss 4.3591 | Train Acc 99.6252| Valid Acc 48.5709
TestSub: S[25, 26, 27, 28] Epoch 88 Finsh | Now_lr 0.0005/0.0005|Train Loss 0.0116 | Valid Loss 3.9738 | Train Acc 99.6135| Valid Acc 48.3460
TestSub: S[25, 26, 27, 28] Epoch 89 Finsh | Now_lr 0.0005/0.0005|Train Loss 0.0110 | Valid Loss 4.0643 | Train Acc 99.6310| Valid Acc 49.4436
TestSub: S[25, 26, 27, 28] Epoch 90 Finsh | Now_lr 0.0005/0.0005|Train Loss 0.0109 | Valid Loss 4.1809 | Train Acc 99.6298| Valid Acc 50.3239
TestSub: S[25, 26, 27, 28] Epoch 91 Finsh | Now_lr 0.0005/0.0005|Train Loss 0.0099 | Valid Loss 4.1414 | Train Acc 99.6714| Valid Acc 50.4268
TestSub: S[25, 26, 27, 28] Epoch 92 Finsh | Now_lr 0.0005/0.0005|Train Loss 0.0106 | Valid Loss 4.1552 | Train Acc 99.6643| Valid Acc 50.7508
TestSub: S[25, 26, 27, 28] Epoch 93 Finsh | Now_lr 0.0005/0.0005|Train Loss 0.0102 | Valid Loss 4.6275 | Train Acc 99.6661| Valid Acc 49.1768
TestSub: S[25, 26, 27, 28] Epoch 94 Finsh | Now_lr 0.0005/0.0005|Train Loss 0.0100 | Valid Loss 4.5469 | Train Acc 99.6602| Valid Acc 49.0434
TestSub: S[25, 26, 27, 28] Epoch 95 Finsh | Now_lr 0.0005/0.0005|Train Loss 0.0106 | Valid Loss 3.8632 | Train Acc 99.6480| Valid Acc 49.6151
TestSub: S[25, 26, 27, 28] Epoch 96 Finsh | Now_lr 0.0005/0.0005|Train Loss 0.0097 | Valid Loss 4.2424 | Train Acc 99.6801| Valid Acc 50.1334
TestSub: S[25, 26, 27, 28] Epoch 97 Finsh | Now_lr 0.0005/0.0005|Train Loss 0.0101 | Valid Loss 3.9878 | Train Acc 99.6848| Valid Acc 50.6822
TestSub: S[25, 26, 27, 28] Epoch 98 Finsh | Now_lr 0.0005/0.0005|Train Loss 0.0097 | Valid Loss 4.1820 | Train Acc 99.6895| Valid Acc 50.1791
TestSub: S[25, 26, 27, 28] Epoch 99 Finsh | Now_lr 0.0005/0.0005|Train Loss 0.0092 | Valid Loss 4.4494 | Train Acc 99.6965| Valid Acc 50.7317
TestSub: S[25, 26, 27, 28] Epoch 100 Finsh | Now_lr 0.0005/0.0005|Train Loss 0.0090 | Valid Loss 4.5189 | Train Acc 99.7059| Valid Acc 50.9299
--------------------------------------------------
Test_Subject :S[25, 26, 27, 28] |Best epoch:3 | Test Loss:1.8041 | Best Acc 52.1875 | Savemodel Acc 52.1875
--------------------------------------------------
lr:0.0005 -> bs:128
Cross Subject -> val_ids: [25, 26, 27, 28]
Cross Subject -> Result ACC mean: 52.1875
============================================================================================================
end time: 25-09-15-05:25:20
Current device is cuda
start time: task1_AAD_MM-AAD_scheme2_subjects_7_8_9_10_2025-09-15-01-18-48
============================================================================================================
Arguments =
	_action_groups: [<argparse._ArgumentGroup object at 0x7fb5b5cafb50>, <argparse._ArgumentGroup object at 0x7fb5b552e640>]
	_actions: [_HelpAction(option_strings=['-h', '--help'], dest='help', nargs=0, const=None, default='==SUPPRESS==', type=None, choices=None, required=False, help='show this help message and exit', metavar=None)]
	_defaults: {}
	_has_negative_number_optionals: []
	_mutually_exclusive_groups: []
	_negative_number_matcher: re.compile('^-\\d+$|^-\\d*\\.\\d+$')
	_option_string_actions: {'-h': _HelpAction(option_strings=['-h', '--help'], dest='help', nargs=0, const=None, default='==SUPPRESS==', type=None, choices=None, required=False, help='show this help message and exit', metavar=None), '--help': _HelpAction(option_strings=['-h', '--help'], dest='help', nargs=0, const=None, default='==SUPPRESS==', type=None, choices=None, required=False, help='show this help message and exit', metavar=None)}
	_optionals: <argparse._ArgumentGroup object at 0x7fb5b552e640>
	_positionals: <argparse._ArgumentGroup object at 0x7fb5b5cafb50>
	_registries: {'action': {None: <class 'argparse._StoreAction'>, 'store': <class 'argparse._StoreAction'>, 'store_const': <class 'argparse._StoreConstAction'>, 'store_true': <class 'argparse._StoreTrueAction'>, 'store_false': <class 'argparse._StoreFalseAction'>, 'append': <class 'argparse._AppendAction'>, 'append_const': <class 'argparse._AppendConstAction'>, 'count': <class 'argparse._CountAction'>, 'help': <class 'argparse._HelpAction'>, 'version': <class 'argparse._VersionAction'>, 'parsers': <class 'argparse._SubParsersAction'>, 'extend': <class 'argparse._ExtendAction'>}, 'type': {None: <function ArgumentParser.__init__.<locals>.identity at 0x7fb58ca900d0>}}
	_subparsers: None
	add_help: True
	allow_abbrev: True
	argument_default: None
	batch_size: 128
	conflict_handler: error
	data_path: /home/suyash.kumar.mec22.itbhu/EEG-AAD_audio_only/preprocessed/data/
	dataset: MM-AAD
	description: None
	eeg_channel: 32
	epilog: None
	exit_on_error: True
	fig_path: ./exps/cross-subject/DARNet/figures/
	formatter_class: <class 'argparse.HelpFormatter'>
	fromfile_prefix_chars: None
	fs: 128
	label_path: /home/suyash.kumar.mec22.itbhu/EEG-AAD_audio_only/preprocessed/label/
	lam: 0.2
	log_interval: 10
	lr: 0.0005
	lr_decayrate: 0.5
	max_epoch: 100
	model: DARNet
	model_save_path: ./exps/cross-subject/DARNet/baseline_task1_AAD_MM-AAD_scheme2_subjects_7_8_9_10_2025-09-15-01-18-48
	overlap: 0.5
	patience: 10
	prefix_chars: -
	prog: trainer_scheme_2.py
	seed: 42
	start_time: task1_AAD_MM-AAD_scheme2_subjects_7_8_9_10_2025-09-15-01-18-48
	subject_number: 40
	trail_number: 20
	usage: None
	weight_decay: 0.0003
	win_len: 128
	win_time: 1
	window_lap: 64.0
============================================================================================================
train_data_shape(171080, 32, 128),val_data_shape(26320, 32, 128)
=================================================================
Layer (type:depth-idx)                   Param #
=================================================================
DARNet                                   --
├─TokenEmbedding: 1-1                    --
│    └─Sequential: 2-1                   --
│    │    └─Conv2d: 3-1                  576
│    │    └─BatchNorm2d: 3-2             128
│    │    └─GELU: 3-3                    --
│    └─Sequential: 2-2                   --
│    │    └─Conv2d: 3-4                  32,784
│    │    └─BatchNorm2d: 3-5             32
│    │    └─GELU: 3-6                    --
│    └─PositionalEmbedding: 2-3          --
├─Flatten: 1-2                           --
├─Linear: 1-3                            18
├─AttnRefine: 1-4                        --
│    └─MyAttention: 2-4                  --
│    │    └─Attention: 3-7               800
│    └─Refine: 2-5                       --
│    │    └─Conv1d: 3-8                  784
│    │    └─BatchNorm1d: 3-9             32
│    │    └─ELU: 3-10                    --
│    │    └─MaxPool1d: 3-11              --
│    └─AdaptiveAvgPool1d: 2-6            --
│    └─Linear: 2-7                       68
│    └─Flatten: 2-8                      --
├─AttnRefine: 1-5                        --
│    └─MyAttention: 2-9                  --
│    │    └─Attention: 3-12              800
│    └─Refine: 2-10                      --
│    │    └─Conv1d: 3-13                 784
│    │    └─BatchNorm1d: 3-14            32
│    │    └─ELU: 3-15                    --
│    │    └─MaxPool1d: 3-16              --
│    └─AdaptiveAvgPool1d: 2-11           --
│    └─Linear: 2-12                      68
│    └─Flatten: 2-13                     --
=================================================================
Total params: 36,906
Trainable params: 36,906
Non-trainable params: 0
=================================================================
TestSub: S[7, 8, 9, 10] Epoch  1 Finsh | Now_lr 0.0005/0.0005|Train Loss 0.5208 | Valid Loss 1.3849 | Train Acc 71.9715| Valid Acc 47.5267
Validation acc increase (0.000000 --> 47.526677) in epoch (1).  Saving model ...
TestSub: S[7, 8, 9, 10] Epoch  2 Finsh | Now_lr 0.0005/0.0005|Train Loss 0.3777 | Valid Loss 1.8439 | Train Acc 82.2622| Valid Acc 44.8971
TestSub: S[7, 8, 9, 10] Epoch  3 Finsh | Now_lr 0.0005/0.0005|Train Loss 0.3221 | Valid Loss 1.8248 | Train Acc 85.3633| Valid Acc 45.7088
TestSub: S[7, 8, 9, 10] Epoch  4 Finsh | Now_lr 0.0005/0.0005|Train Loss 0.2791 | Valid Loss 1.9151 | Train Acc 87.6743| Valid Acc 47.9268
Validation acc increase (47.526677 --> 47.926829) in epoch (4).  Saving model ...
TestSub: S[7, 8, 9, 10] Epoch  5 Finsh | Now_lr 0.0005/0.0005|Train Loss 0.2426 | Valid Loss 2.0634 | Train Acc 89.6332| Valid Acc 46.2576
TestSub: S[7, 8, 9, 10] Epoch  6 Finsh | Now_lr 0.0005/0.0005|Train Loss 0.2093 | Valid Loss 2.0978 | Train Acc 91.2846| Valid Acc 48.6890
Validation acc increase (47.926829 --> 48.689024) in epoch (6).  Saving model ...
TestSub: S[7, 8, 9, 10] Epoch  7 Finsh | Now_lr 0.0005/0.0005|Train Loss 0.1804 | Valid Loss 2.3028 | Train Acc 92.7015| Valid Acc 48.4566
TestSub: S[7, 8, 9, 10] Epoch  8 Finsh | Now_lr 0.0005/0.0005|Train Loss 0.1608 | Valid Loss 2.3905 | Train Acc 93.5582| Valid Acc 48.0373
TestSub: S[7, 8, 9, 10] Epoch  9 Finsh | Now_lr 0.0005/0.0005|Train Loss 0.1438 | Valid Loss 2.3725 | Train Acc 94.3897| Valid Acc 49.3369
Validation acc increase (48.689024 --> 49.336890) in epoch (9).  Saving model ...
TestSub: S[7, 8, 9, 10] Epoch 10 Finsh | Now_lr 0.0005/0.0005|Train Loss 0.1302 | Valid Loss 2.4576 | Train Acc 95.0131| Valid Acc 48.2660
TestSub: S[7, 8, 9, 10] Epoch 11 Finsh | Now_lr 0.0005/0.0005|Train Loss 0.1167 | Valid Loss 2.5801 | Train Acc 95.5569| Valid Acc 48.3841
TestSub: S[7, 8, 9, 10] Epoch 12 Finsh | Now_lr 0.0005/0.0005|Train Loss 0.1082 | Valid Loss 2.7410 | Train Acc 95.8733| Valid Acc 46.7683
TestSub: S[7, 8, 9, 10] Epoch 13 Finsh | Now_lr 0.0005/0.0005|Train Loss 0.1011 | Valid Loss 2.8316 | Train Acc 96.2212| Valid Acc 46.5777
TestSub: S[7, 8, 9, 10] Epoch 14 Finsh | Now_lr 0.0005/0.0005|Train Loss 0.0944 | Valid Loss 2.9306 | Train Acc 96.4715| Valid Acc 47.4047
TestSub: S[7, 8, 9, 10] Epoch 15 Finsh | Now_lr 0.0005/0.0005|Train Loss 0.0877 | Valid Loss 2.7784 | Train Acc 96.7224| Valid Acc 47.5343
TestSub: S[7, 8, 9, 10] Epoch 16 Finsh | Now_lr 0.0005/0.0005|Train Loss 0.0794 | Valid Loss 3.0047 | Train Acc 97.0645| Valid Acc 48.8262
TestSub: S[7, 8, 9, 10] Epoch 17 Finsh | Now_lr 0.0005/0.0005|Train Loss 0.0750 | Valid Loss 3.1854 | Train Acc 97.2738| Valid Acc 49.3369
TestSub: S[7, 8, 9, 10] Epoch 18 Finsh | Now_lr 0.0005/0.0005|Train Loss 0.0704 | Valid Loss 3.1954 | Train Acc 97.4182| Valid Acc 50.5716
Validation acc increase (49.336890 --> 50.571646) in epoch (18).  Saving model ...
TestSub: S[7, 8, 9, 10] Epoch 19 Finsh | Now_lr 0.0005/0.0005|Train Loss 0.0656 | Valid Loss 3.5073 | Train Acc 97.5937| Valid Acc 48.7957
TestSub: S[7, 8, 9, 10] Epoch 20 Finsh | Now_lr 0.0005/0.0005|Train Loss 0.0628 | Valid Loss 3.4163 | Train Acc 97.6989| Valid Acc 48.9748
TestSub: S[7, 8, 9, 10] Epoch 21 Finsh | Now_lr 0.0005/0.0005|Train Loss 0.0589 | Valid Loss 3.3828 | Train Acc 97.8475| Valid Acc 47.5838
TestSub: S[7, 8, 9, 10] Epoch 22 Finsh | Now_lr 0.0005/0.0005|Train Loss 0.0564 | Valid Loss 3.5705 | Train Acc 97.9907| Valid Acc 49.5770
TestSub: S[7, 8, 9, 10] Epoch 23 Finsh | Now_lr 0.0005/0.0005|Train Loss 0.0556 | Valid Loss 3.4009 | Train Acc 98.0077| Valid Acc 50.3125
TestSub: S[7, 8, 9, 10] Epoch 24 Finsh | Now_lr 0.0005/0.0005|Train Loss 0.0509 | Valid Loss 3.4970 | Train Acc 98.1597| Valid Acc 49.4550
TestSub: S[7, 8, 9, 10] Epoch 25 Finsh | Now_lr 0.0005/0.0005|Train Loss 0.0483 | Valid Loss 3.6146 | Train Acc 98.2761| Valid Acc 49.7828
TestSub: S[7, 8, 9, 10] Epoch 26 Finsh | Now_lr 0.0005/0.0005|Train Loss 0.0467 | Valid Loss 3.7196 | Train Acc 98.3358| Valid Acc 49.6113
TestSub: S[7, 8, 9, 10] Epoch 27 Finsh | Now_lr 0.0005/0.0005|Train Loss 0.0453 | Valid Loss 3.8692 | Train Acc 98.3504| Valid Acc 48.2546
TestSub: S[7, 8, 9, 10] Epoch 28 Finsh | Now_lr 0.0005/0.0005|Train Loss 0.0448 | Valid Loss 3.7906 | Train Acc 98.4311| Valid Acc 50.8384
Validation acc increase (50.571646 --> 50.838415) in epoch (28).  Saving model ...
TestSub: S[7, 8, 9, 10] Epoch 29 Finsh | Now_lr 0.0005/0.0005|Train Loss 0.0419 | Valid Loss 3.8099 | Train Acc 98.5252| Valid Acc 49.1502
TestSub: S[7, 8, 9, 10] Epoch 30 Finsh | Now_lr 0.0005/0.0005|Train Loss 0.0413 | Valid Loss 3.7546 | Train Acc 98.5767| Valid Acc 49.4817
TestSub: S[7, 8, 9, 10] Epoch 31 Finsh | Now_lr 0.0005/0.0005|Train Loss 0.0394 | Valid Loss 3.8840 | Train Acc 98.6439| Valid Acc 50.7012
TestSub: S[7, 8, 9, 10] Epoch 32 Finsh | Now_lr 0.0005/0.0005|Train Loss 0.0372 | Valid Loss 3.9942 | Train Acc 98.6825| Valid Acc 49.6608
TestSub: S[7, 8, 9, 10] Epoch 33 Finsh | Now_lr 0.0005/0.0005|Train Loss 0.0355 | Valid Loss 4.1970 | Train Acc 98.7404| Valid Acc 51.1204
Validation acc increase (50.838415 --> 51.120427) in epoch (33).  Saving model ...
TestSub: S[7, 8, 9, 10] Epoch 34 Finsh | Now_lr 0.0005/0.0005|Train Loss 0.0359 | Valid Loss 3.8456 | Train Acc 98.7311| Valid Acc 50.1181
TestSub: S[7, 8, 9, 10] Epoch 35 Finsh | Now_lr 0.0005/0.0005|Train Loss 0.0328 | Valid Loss 4.1382 | Train Acc 98.8492| Valid Acc 51.0099
TestSub: S[7, 8, 9, 10] Epoch 36 Finsh | Now_lr 0.0005/0.0005|Train Loss 0.0331 | Valid Loss 3.8221 | Train Acc 98.8661| Valid Acc 49.8399
TestSub: S[7, 8, 9, 10] Epoch 37 Finsh | Now_lr 0.0005/0.0005|Train Loss 0.0338 | Valid Loss 3.9185 | Train Acc 98.8258| Valid Acc 49.9657
TestSub: S[7, 8, 9, 10] Epoch 38 Finsh | Now_lr 0.0005/0.0005|Train Loss 0.0313 | Valid Loss 4.0213 | Train Acc 98.9047| Valid Acc 50.8918
TestSub: S[7, 8, 9, 10] Epoch 39 Finsh | Now_lr 0.0005/0.0005|Train Loss 0.0298 | Valid Loss 3.8544 | Train Acc 98.9860| Valid Acc 51.7378
Validation acc increase (51.120427 --> 51.737805) in epoch (39).  Saving model ...
TestSub: S[7, 8, 9, 10] Epoch 40 Finsh | Now_lr 0.0005/0.0005|Train Loss 0.0301 | Valid Loss 3.8878 | Train Acc 98.9357| Valid Acc 50.2477
TestSub: S[7, 8, 9, 10] Epoch 41 Finsh | Now_lr 0.0005/0.0005|Train Loss 0.0299 | Valid Loss 3.9880 | Train Acc 98.9743| Valid Acc 49.1044
TestSub: S[7, 8, 9, 10] Epoch 42 Finsh | Now_lr 0.0005/0.0005|Train Loss 0.0278 | Valid Loss 4.1817 | Train Acc 99.0416| Valid Acc 49.7980
TestSub: S[7, 8, 9, 10] Epoch 43 Finsh | Now_lr 0.0005/0.0005|Train Loss 0.0274 | Valid Loss 4.2341 | Train Acc 99.0837| Valid Acc 50.5983
TestSub: S[7, 8, 9, 10] Epoch 44 Finsh | Now_lr 0.0005/0.0005|Train Loss 0.0268 | Valid Loss 4.0238 | Train Acc 99.0609| Valid Acc 50.0534
TestSub: S[7, 8, 9, 10] Epoch 45 Finsh | Now_lr 0.0005/0.0005|Train Loss 0.0268 | Valid Loss 4.3371 | Train Acc 99.0737| Valid Acc 51.6006
TestSub: S[7, 8, 9, 10] Epoch 46 Finsh | Now_lr 0.0005/0.0005|Train Loss 0.0260 | Valid Loss 4.3264 | Train Acc 99.1123| Valid Acc 50.5183
TestSub: S[7, 8, 9, 10] Epoch 47 Finsh | Now_lr 0.0005/0.0005|Train Loss 0.0244 | Valid Loss 4.4650 | Train Acc 99.1246| Valid Acc 51.1928
TestSub: S[7, 8, 9, 10] Epoch 48 Finsh | Now_lr 0.0005/0.0005|Train Loss 0.0251 | Valid Loss 4.4560 | Train Acc 99.1147| Valid Acc 50.8041
TestSub: S[7, 8, 9, 10] Epoch 49 Finsh | Now_lr 0.0005/0.0005|Train Loss 0.0234 | Valid Loss 4.0541 | Train Acc 99.1924| Valid Acc 52.5000
Validation acc increase (51.737805 --> 52.500000) in epoch (49).  Saving model ...
TestSub: S[7, 8, 9, 10] Epoch 50 Finsh | Now_lr 0.0005/0.0005|Train Loss 0.0230 | Valid Loss 4.1129 | Train Acc 99.2170| Valid Acc 51.2195
TestSub: S[7, 8, 9, 10] Epoch 51 Finsh | Now_lr 0.0005/0.0005|Train Loss 0.0227 | Valid Loss 4.0942 | Train Acc 99.2164| Valid Acc 50.7279
TestSub: S[7, 8, 9, 10] Epoch 52 Finsh | Now_lr 0.0005/0.0005|Train Loss 0.0218 | Valid Loss 4.2346 | Train Acc 99.2690| Valid Acc 51.2691
TestSub: S[7, 8, 9, 10] Epoch 53 Finsh | Now_lr 0.0005/0.0005|Train Loss 0.0216 | Valid Loss 4.1752 | Train Acc 99.2714| Valid Acc 51.2271
TestSub: S[7, 8, 9, 10] Epoch 54 Finsh | Now_lr 0.0005/0.0005|Train Loss 0.0224 | Valid Loss 4.1349 | Train Acc 99.2515| Valid Acc 50.8537
TestSub: S[7, 8, 9, 10] Epoch 55 Finsh | Now_lr 0.0005/0.0005|Train Loss 0.0210 | Valid Loss 4.4210 | Train Acc 99.2720| Valid Acc 50.5373
TestSub: S[7, 8, 9, 10] Epoch 56 Finsh | Now_lr 0.0005/0.0005|Train Loss 0.0200 | Valid Loss 4.3824 | Train Acc 99.3082| Valid Acc 50.8460
TestSub: S[7, 8, 9, 10] Epoch 57 Finsh | Now_lr 0.0005/0.0005|Train Loss 0.0206 | Valid Loss 4.4883 | Train Acc 99.3111| Valid Acc 51.2271
TestSub: S[7, 8, 9, 10] Epoch 58 Finsh | Now_lr 0.0005/0.0005|Train Loss 0.0202 | Valid Loss 4.0868 | Train Acc 99.3141| Valid Acc 51.2957
TestSub: S[7, 8, 9, 10] Epoch 59 Finsh | Now_lr 0.0005/0.0005|Train Loss 0.0187 | Valid Loss 4.1623 | Train Acc 99.3860| Valid Acc 51.7645
TestSub: S[7, 8, 9, 10] Epoch 60 Finsh | Now_lr 0.0005/0.0005|Train Loss 0.0199 | Valid Loss 4.3995 | Train Acc 99.3217| Valid Acc 51.0404
TestSub: S[7, 8, 9, 10] Epoch 61 Finsh | Now_lr 0.0005/0.0005|Train Loss 0.0191 | Valid Loss 4.3858 | Train Acc 99.3462| Valid Acc 51.6082
TestSub: S[7, 8, 9, 10] Epoch 62 Finsh | Now_lr 0.0005/0.0005|Train Loss 0.0189 | Valid Loss 4.4624 | Train Acc 99.3685| Valid Acc 51.2500
TestSub: S[7, 8, 9, 10] Epoch 63 Finsh | Now_lr 0.0005/0.0005|Train Loss 0.0176 | Valid Loss 4.2401 | Train Acc 99.4053| Valid Acc 51.4062
TestSub: S[7, 8, 9, 10] Epoch 64 Finsh | Now_lr 0.0005/0.0005|Train Loss 0.0183 | Valid Loss 4.5340 | Train Acc 99.3614| Valid Acc 51.0290
TestSub: S[7, 8, 9, 10] Epoch 65 Finsh | Now_lr 0.0005/0.0005|Train Loss 0.0165 | Valid Loss 4.5205 | Train Acc 99.4415| Valid Acc 52.0389
TestSub: S[7, 8, 9, 10] Epoch 66 Finsh | Now_lr 0.0005/0.0005|Train Loss 0.0182 | Valid Loss 4.2733 | Train Acc 99.3696| Valid Acc 52.1265
TestSub: S[7, 8, 9, 10] Epoch 67 Finsh | Now_lr 0.0005/0.0005|Train Loss 0.0177 | Valid Loss 4.3423 | Train Acc 99.4065| Valid Acc 51.6120
TestSub: S[7, 8, 9, 10] Epoch 68 Finsh | Now_lr 0.0005/0.0005|Train Loss 0.0170 | Valid Loss 4.6022 | Train Acc 99.4392| Valid Acc 51.1966
TestSub: S[7, 8, 9, 10] Epoch 69 Finsh | Now_lr 0.0005/0.0005|Train Loss 0.0169 | Valid Loss 4.4938 | Train Acc 99.4345| Valid Acc 50.5564
TestSub: S[7, 8, 9, 10] Epoch 70 Finsh | Now_lr 0.0005/0.0005|Train Loss 0.0162 | Valid Loss 4.4416 | Train Acc 99.4468| Valid Acc 51.4482
TestSub: S[7, 8, 9, 10] Epoch 71 Finsh | Now_lr 0.0005/0.0005|Train Loss 0.0164 | Valid Loss 4.2731 | Train Acc 99.4491| Valid Acc 51.7226
TestSub: S[7, 8, 9, 10] Epoch 72 Finsh | Now_lr 0.0005/0.0005|Train Loss 0.0152 | Valid Loss 4.8979 | Train Acc 99.4766| Valid Acc 51.1700
TestSub: S[7, 8, 9, 10] Epoch 73 Finsh | Now_lr 0.0005/0.0005|Train Loss 0.0160 | Valid Loss 4.3890 | Train Acc 99.4749| Valid Acc 52.1913
TestSub: S[7, 8, 9, 10] Epoch 74 Finsh | Now_lr 0.0005/0.0005|Train Loss 0.0154 | Valid Loss 4.4112 | Train Acc 99.4585| Valid Acc 51.4710
TestSub: S[7, 8, 9, 10] Epoch 75 Finsh | Now_lr 0.0005/0.0005|Train Loss 0.0149 | Valid Loss 4.7041 | Train Acc 99.5182| Valid Acc 51.6959
TestSub: S[7, 8, 9, 10] Epoch 76 Finsh | Now_lr 0.0005/0.0005|Train Loss 0.0144 | Valid Loss 4.3343 | Train Acc 99.5135| Valid Acc 51.9055
TestSub: S[7, 8, 9, 10] Epoch 77 Finsh | Now_lr 0.0005/0.0005|Train Loss 0.0149 | Valid Loss 4.5687 | Train Acc 99.5135| Valid Acc 50.5678
TestSub: S[7, 8, 9, 10] Epoch 78 Finsh | Now_lr 0.0005/0.0005|Train Loss 0.0145 | Valid Loss 4.3962 | Train Acc 99.5088| Valid Acc 52.3056
TestSub: S[7, 8, 9, 10] Epoch 79 Finsh | Now_lr 0.0005/0.0005|Train Loss 0.0155 | Valid Loss 4.5835 | Train Acc 99.4626| Valid Acc 51.8293
TestSub: S[7, 8, 9, 10] Epoch 80 Finsh | Now_lr 0.0005/0.0005|Train Loss 0.0141 | Valid Loss 4.3529 | Train Acc 99.5421| Valid Acc 50.0953
TestSub: S[7, 8, 9, 10] Epoch 81 Finsh | Now_lr 0.0005/0.0005|Train Loss 0.0140 | Valid Loss 4.4697 | Train Acc 99.5491| Valid Acc 51.6387
TestSub: S[7, 8, 9, 10] Epoch 82 Finsh | Now_lr 0.0005/0.0005|Train Loss 0.0138 | Valid Loss 4.5649 | Train Acc 99.5263| Valid Acc 50.5259
TestSub: S[7, 8, 9, 10] Epoch 83 Finsh | Now_lr 0.0005/0.0005|Train Loss 0.0129 | Valid Loss 4.4092 | Train Acc 99.5719| Valid Acc 51.9474
TestSub: S[7, 8, 9, 10] Epoch 84 Finsh | Now_lr 0.0005/0.0005|Train Loss 0.0137 | Valid Loss 4.7066 | Train Acc 99.5562| Valid Acc 52.4695
TestSub: S[7, 8, 9, 10] Epoch 85 Finsh | Now_lr 0.0005/0.0005|Train Loss 0.0135 | Valid Loss 4.3826 | Train Acc 99.5345| Valid Acc 51.6387
TestSub: S[7, 8, 9, 10] Epoch 86 Finsh | Now_lr 0.0005/0.0005|Train Loss 0.0137 | Valid Loss 4.4962 | Train Acc 99.5655| Valid Acc 51.3415
TestSub: S[7, 8, 9, 10] Epoch 87 Finsh | Now_lr 0.0005/0.0005|Train Loss 0.0126 | Valid Loss 4.3355 | Train Acc 99.5538| Valid Acc 50.8803
TestSub: S[7, 8, 9, 10] Epoch 88 Finsh | Now_lr 0.0005/0.0005|Train Loss 0.0130 | Valid Loss 4.4487 | Train Acc 99.5731| Valid Acc 51.7302
TestSub: S[7, 8, 9, 10] Epoch 89 Finsh | Now_lr 0.0005/0.0005|Train Loss 0.0137 | Valid Loss 4.2859 | Train Acc 99.5456| Valid Acc 51.1242
TestSub: S[7, 8, 9, 10] Epoch 90 Finsh | Now_lr 0.0005/0.0005|Train Loss 0.0116 | Valid Loss 4.6883 | Train Acc 99.6170| Valid Acc 52.0198
TestSub: S[7, 8, 9, 10] Epoch 91 Finsh | Now_lr 0.0005/0.0005|Train Loss 0.0125 | Valid Loss 5.0811 | Train Acc 99.5714| Valid Acc 51.8178
TestSub: S[7, 8, 9, 10] Epoch 92 Finsh | Now_lr 0.0005/0.0005|Train Loss 0.0131 | Valid Loss 4.5963 | Train Acc 99.5731| Valid Acc 51.4215
TestSub: S[7, 8, 9, 10] Epoch 93 Finsh | Now_lr 0.0005/0.0005|Train Loss 0.0112 | Valid Loss 4.3959 | Train Acc 99.6486| Valid Acc 51.4405
TestSub: S[7, 8, 9, 10] Epoch 94 Finsh | Now_lr 0.0005/0.0005|Train Loss 0.0119 | Valid Loss 4.6862 | Train Acc 99.6117| Valid Acc 51.2957
TestSub: S[7, 8, 9, 10] Epoch 95 Finsh | Now_lr 0.0005/0.0005|Train Loss 0.0120 | Valid Loss 4.7590 | Train Acc 99.6076| Valid Acc 51.1890
TestSub: S[7, 8, 9, 10] Epoch 96 Finsh | Now_lr 0.0005/0.0005|Train Loss 0.0127 | Valid Loss 4.6116 | Train Acc 99.5831| Valid Acc 49.9886
TestSub: S[7, 8, 9, 10] Epoch 97 Finsh | Now_lr 0.0005/0.0005|Train Loss 0.0124 | Valid Loss 4.4140 | Train Acc 99.6094| Valid Acc 52.3018
TestSub: S[7, 8, 9, 10] Epoch 98 Finsh | Now_lr 0.0005/0.0005|Train Loss 0.0109 | Valid Loss 4.6376 | Train Acc 99.6410| Valid Acc 51.1738
TestSub: S[7, 8, 9, 10] Epoch 99 Finsh | Now_lr 0.0005/0.0005|Train Loss 0.0124 | Valid Loss 4.6031 | Train Acc 99.5860| Valid Acc 51.8369
TestSub: S[7, 8, 9, 10] Epoch 100 Finsh | Now_lr 0.0005/0.0005|Train Loss 0.0108 | Valid Loss 4.8702 | Train Acc 99.6462| Valid Acc 51.6311
--------------------------------------------------
Test_Subject :S[7, 8, 9, 10] |Best epoch:49 | Test Loss:4.0541 | Best Acc 52.5000 | Savemodel Acc 52.5000
--------------------------------------------------
lr:0.0005 -> bs:128
Cross Subject -> val_ids: [7, 8, 9, 10]
Cross Subject -> Result ACC mean: 52.5000
============================================================================================================
end time: 25-09-15-05:25:20
Current device is cuda
start time: task1_AAD_MM-AAD_scheme3_subjects_15_16_17_18_2025-09-15-01-18-48
============================================================================================================
Arguments =
	_action_groups: [<argparse._ArgumentGroup object at 0x7fa1022b0ac0>, <argparse._ArgumentGroup object at 0x7fa101b2c5b0>]
	_actions: [_HelpAction(option_strings=['-h', '--help'], dest='help', nargs=0, const=None, default='==SUPPRESS==', type=None, choices=None, required=False, help='show this help message and exit', metavar=None)]
	_defaults: {}
	_has_negative_number_optionals: []
	_mutually_exclusive_groups: []
	_negative_number_matcher: re.compile('^-\\d+$|^-\\d*\\.\\d+$')
	_option_string_actions: {'-h': _HelpAction(option_strings=['-h', '--help'], dest='help', nargs=0, const=None, default='==SUPPRESS==', type=None, choices=None, required=False, help='show this help message and exit', metavar=None), '--help': _HelpAction(option_strings=['-h', '--help'], dest='help', nargs=0, const=None, default='==SUPPRESS==', type=None, choices=None, required=False, help='show this help message and exit', metavar=None)}
	_optionals: <argparse._ArgumentGroup object at 0x7fa101b2c5b0>
	_positionals: <argparse._ArgumentGroup object at 0x7fa1022b0ac0>
	_registries: {'action': {None: <class 'argparse._StoreAction'>, 'store': <class 'argparse._StoreAction'>, 'store_const': <class 'argparse._StoreConstAction'>, 'store_true': <class 'argparse._StoreTrueAction'>, 'store_false': <class 'argparse._StoreFalseAction'>, 'append': <class 'argparse._AppendAction'>, 'append_const': <class 'argparse._AppendConstAction'>, 'count': <class 'argparse._CountAction'>, 'help': <class 'argparse._HelpAction'>, 'version': <class 'argparse._VersionAction'>, 'parsers': <class 'argparse._SubParsersAction'>, 'extend': <class 'argparse._ExtendAction'>}, 'type': {None: <function ArgumentParser.__init__.<locals>.identity at 0x7fa0d90900d0>}}
	_subparsers: None
	add_help: True
	allow_abbrev: True
	argument_default: None
	batch_size: 128
	conflict_handler: error
	data_path: /home/suyash.kumar.mec22.itbhu/EEG-AAD_audio_only/preprocessed/data/
	dataset: MM-AAD
	description: None
	eeg_channel: 32
	epilog: None
	exit_on_error: True
	fig_path: ./exps/cross-subject/DARNet/figures/
	formatter_class: <class 'argparse.HelpFormatter'>
	fromfile_prefix_chars: None
	fs: 128
	label_path: /home/suyash.kumar.mec22.itbhu/EEG-AAD_audio_only/preprocessed/label/
	lam: 0.2
	log_interval: 10
	lr: 0.0005
	lr_decayrate: 0.5
	max_epoch: 100
	model: DARNet
	model_save_path: ./exps/cross-subject/DARNet/baseline_task1_AAD_MM-AAD_scheme3_subjects_15_16_17_18_2025-09-15-01-18-48
	overlap: 0.5
	patience: 10
	prefix_chars: -
	prog: trainer_scheme_3.py
	seed: 42
	start_time: task1_AAD_MM-AAD_scheme3_subjects_15_16_17_18_2025-09-15-01-18-48
	subject_number: 40
	trail_number: 20
	usage: None
	weight_decay: 0.0003
	win_len: 128
	win_time: 1
	window_lap: 64.0
============================================================================================================
train_data_shape(171080, 32, 128),val_data_shape(26320, 32, 128)
=================================================================
Layer (type:depth-idx)                   Param #
=================================================================
DARNet                                   --
├─TokenEmbedding: 1-1                    --
│    └─Sequential: 2-1                   --
│    │    └─Conv2d: 3-1                  576
│    │    └─BatchNorm2d: 3-2             128
│    │    └─GELU: 3-3                    --
│    └─Sequential: 2-2                   --
│    │    └─Conv2d: 3-4                  32,784
│    │    └─BatchNorm2d: 3-5             32
│    │    └─GELU: 3-6                    --
│    └─PositionalEmbedding: 2-3          --
├─Flatten: 1-2                           --
├─Linear: 1-3                            18
├─AttnRefine: 1-4                        --
│    └─MyAttention: 2-4                  --
│    │    └─Attention: 3-7               800
│    └─Refine: 2-5                       --
│    │    └─Conv1d: 3-8                  784
│    │    └─BatchNorm1d: 3-9             32
│    │    └─ELU: 3-10                    --
│    │    └─MaxPool1d: 3-11              --
│    └─AdaptiveAvgPool1d: 2-6            --
│    └─Linear: 2-7                       68
│    └─Flatten: 2-8                      --
├─AttnRefine: 1-5                        --
│    └─MyAttention: 2-9                  --
│    │    └─Attention: 3-12              800
│    └─Refine: 2-10                      --
│    │    └─Conv1d: 3-13                 784
│    │    └─BatchNorm1d: 3-14            32
│    │    └─ELU: 3-15                    --
│    │    └─MaxPool1d: 3-16              --
│    └─AdaptiveAvgPool1d: 2-11           --
│    └─Linear: 2-12                      68
│    └─Flatten: 2-13                     --
=================================================================
Total params: 36,906
Trainable params: 36,906
Non-trainable params: 0
=================================================================
TestSub: S[15, 16, 17, 18] Epoch  1 Finsh | Now_lr 0.0005/0.0005|Train Loss 0.5063 | Valid Loss 1.3384 | Train Acc 73.4504| Valid Acc 54.1463
Validation acc increase (0.000000 --> 54.146341) in epoch (1).  Saving model ...
TestSub: S[15, 16, 17, 18] Epoch  2 Finsh | Now_lr 0.0005/0.0005|Train Loss 0.3584 | Valid Loss 1.7962 | Train Acc 83.7125| Valid Acc 52.4924
TestSub: S[15, 16, 17, 18] Epoch  3 Finsh | Now_lr 0.0005/0.0005|Train Loss 0.2874 | Valid Loss 1.6748 | Train Acc 87.5585| Valid Acc 53.3537
TestSub: S[15, 16, 17, 18] Epoch  4 Finsh | Now_lr 0.0005/0.0005|Train Loss 0.2320 | Valid Loss 1.9421 | Train Acc 90.3221| Valid Acc 52.8049
TestSub: S[15, 16, 17, 18] Epoch  5 Finsh | Now_lr 0.0005/0.0005|Train Loss 0.1955 | Valid Loss 1.7654 | Train Acc 92.1045| Valid Acc 51.4024
TestSub: S[15, 16, 17, 18] Epoch  6 Finsh | Now_lr 0.0005/0.0005|Train Loss 0.1622 | Valid Loss 2.0191 | Train Acc 93.5541| Valid Acc 50.6364
TestSub: S[15, 16, 17, 18] Epoch  7 Finsh | Now_lr 0.0005/0.0005|Train Loss 0.1428 | Valid Loss 2.1987 | Train Acc 94.4184| Valid Acc 51.6768
TestSub: S[15, 16, 17, 18] Epoch  8 Finsh | Now_lr 0.0005/0.0005|Train Loss 0.1268 | Valid Loss 2.2420 | Train Acc 95.0944| Valid Acc 51.0518
TestSub: S[15, 16, 17, 18] Epoch  9 Finsh | Now_lr 0.0005/0.0005|Train Loss 0.1155 | Valid Loss 2.2169 | Train Acc 95.5628| Valid Acc 52.2485
TestSub: S[15, 16, 17, 18] Epoch 10 Finsh | Now_lr 0.0005/0.0005|Train Loss 0.1032 | Valid Loss 2.6120 | Train Acc 96.0575| Valid Acc 50.4573
TestSub: S[15, 16, 17, 18] Epoch 11 Finsh | Now_lr 0.0005/0.0005|Train Loss 0.0953 | Valid Loss 2.4976 | Train Acc 96.4171| Valid Acc 49.1273
TestSub: S[15, 16, 17, 18] Epoch 12 Finsh | Now_lr 0.0005/0.0005|Train Loss 0.0880 | Valid Loss 2.3673 | Train Acc 96.7317| Valid Acc 49.6608
TestSub: S[15, 16, 17, 18] Epoch 13 Finsh | Now_lr 0.0005/0.0005|Train Loss 0.0796 | Valid Loss 2.5139 | Train Acc 97.0247| Valid Acc 48.7729
TestSub: S[15, 16, 17, 18] Epoch 14 Finsh | Now_lr 0.0005/0.0005|Train Loss 0.0750 | Valid Loss 2.8063 | Train Acc 97.2148| Valid Acc 49.1044
TestSub: S[15, 16, 17, 18] Epoch 15 Finsh | Now_lr 0.0005/0.0005|Train Loss 0.0705 | Valid Loss 2.6887 | Train Acc 97.4405| Valid Acc 49.6380
TestSub: S[15, 16, 17, 18] Epoch 16 Finsh | Now_lr 0.0005/0.0005|Train Loss 0.0634 | Valid Loss 2.8991 | Train Acc 97.7112| Valid Acc 49.5465
TestSub: S[15, 16, 17, 18] Epoch 17 Finsh | Now_lr 0.0005/0.0005|Train Loss 0.0609 | Valid Loss 3.0112 | Train Acc 97.7750| Valid Acc 49.5312
TestSub: S[15, 16, 17, 18] Epoch 18 Finsh | Now_lr 0.0005/0.0005|Train Loss 0.0568 | Valid Loss 2.8924 | Train Acc 97.9311| Valid Acc 52.0008
TestSub: S[15, 16, 17, 18] Epoch 19 Finsh | Now_lr 0.0005/0.0005|Train Loss 0.0551 | Valid Loss 2.8063 | Train Acc 98.0153| Valid Acc 51.6197
TestSub: S[15, 16, 17, 18] Epoch 20 Finsh | Now_lr 0.0005/0.0005|Train Loss 0.0504 | Valid Loss 3.2408 | Train Acc 98.1913| Valid Acc 52.0808
TestSub: S[15, 16, 17, 18] Epoch 21 Finsh | Now_lr 0.0005/0.0005|Train Loss 0.0492 | Valid Loss 3.0675 | Train Acc 98.2475| Valid Acc 52.2713
TestSub: S[15, 16, 17, 18] Epoch 22 Finsh | Now_lr 0.0005/0.0005|Train Loss 0.0467 | Valid Loss 3.2903 | Train Acc 98.3094| Valid Acc 49.4017
TestSub: S[15, 16, 17, 18] Epoch 23 Finsh | Now_lr 0.0005/0.0005|Train Loss 0.0444 | Valid Loss 3.1633 | Train Acc 98.4059| Valid Acc 50.7012
TestSub: S[15, 16, 17, 18] Epoch 24 Finsh | Now_lr 0.0005/0.0005|Train Loss 0.0429 | Valid Loss 3.2679 | Train Acc 98.4825| Valid Acc 50.5069
TestSub: S[15, 16, 17, 18] Epoch 25 Finsh | Now_lr 0.0005/0.0005|Train Loss 0.0403 | Valid Loss 3.2700 | Train Acc 98.5650| Valid Acc 50.3963
TestSub: S[15, 16, 17, 18] Epoch 26 Finsh | Now_lr 0.0005/0.0005|Train Loss 0.0385 | Valid Loss 3.3458 | Train Acc 98.6428| Valid Acc 52.3209
TestSub: S[15, 16, 17, 18] Epoch 27 Finsh | Now_lr 0.0005/0.0005|Train Loss 0.0378 | Valid Loss 3.2135 | Train Acc 98.6825| Valid Acc 50.1029
TestSub: S[15, 16, 17, 18] Epoch 28 Finsh | Now_lr 0.0005/0.0005|Train Loss 0.0357 | Valid Loss 3.2937 | Train Acc 98.7825| Valid Acc 51.1433
TestSub: S[15, 16, 17, 18] Epoch 29 Finsh | Now_lr 0.0005/0.0005|Train Loss 0.0334 | Valid Loss 3.5578 | Train Acc 98.8363| Valid Acc 50.3735
TestSub: S[15, 16, 17, 18] Epoch 30 Finsh | Now_lr 0.0005/0.0005|Train Loss 0.0362 | Valid Loss 3.2900 | Train Acc 98.7293| Valid Acc 50.3163
TestSub: S[15, 16, 17, 18] Epoch 31 Finsh | Now_lr 0.0005/0.0005|Train Loss 0.0319 | Valid Loss 3.4658 | Train Acc 98.9153| Valid Acc 51.2195
TestSub: S[15, 16, 17, 18] Epoch 32 Finsh | Now_lr 0.0005/0.0005|Train Loss 0.0312 | Valid Loss 3.4738 | Train Acc 98.9006| Valid Acc 50.5640
TestSub: S[15, 16, 17, 18] Epoch 33 Finsh | Now_lr 0.0005/0.0005|Train Loss 0.0302 | Valid Loss 3.3040 | Train Acc 98.9673| Valid Acc 52.9688
TestSub: S[15, 16, 17, 18] Epoch 34 Finsh | Now_lr 0.0005/0.0005|Train Loss 0.0291 | Valid Loss 3.6018 | Train Acc 98.9995| Valid Acc 49.5922
TestSub: S[15, 16, 17, 18] Epoch 35 Finsh | Now_lr 0.0005/0.0005|Train Loss 0.0298 | Valid Loss 3.2443 | Train Acc 99.0000| Valid Acc 51.3681
TestSub: S[15, 16, 17, 18] Epoch 36 Finsh | Now_lr 0.0005/0.0005|Train Loss 0.0281 | Valid Loss 3.6684 | Train Acc 99.0281| Valid Acc 49.3445
TestSub: S[15, 16, 17, 18] Epoch 37 Finsh | Now_lr 0.0005/0.0005|Train Loss 0.0274 | Valid Loss 3.4860 | Train Acc 99.0392| Valid Acc 50.4802
TestSub: S[15, 16, 17, 18] Epoch 38 Finsh | Now_lr 0.0005/0.0005|Train Loss 0.0266 | Valid Loss 3.5907 | Train Acc 99.0685| Valid Acc 49.9886
TestSub: S[15, 16, 17, 18] Epoch 39 Finsh | Now_lr 0.0005/0.0005|Train Loss 0.0252 | Valid Loss 3.5638 | Train Acc 99.1328| Valid Acc 52.0427
TestSub: S[15, 16, 17, 18] Epoch 40 Finsh | Now_lr 0.0005/0.0005|Train Loss 0.0262 | Valid Loss 3.4764 | Train Acc 99.0919| Valid Acc 50.6326
TestSub: S[15, 16, 17, 18] Epoch 41 Finsh | Now_lr 0.0005/0.0005|Train Loss 0.0244 | Valid Loss 3.6218 | Train Acc 99.1667| Valid Acc 51.4101
TestSub: S[15, 16, 17, 18] Epoch 42 Finsh | Now_lr 0.0005/0.0005|Train Loss 0.0240 | Valid Loss 3.5731 | Train Acc 99.1878| Valid Acc 52.5419
TestSub: S[15, 16, 17, 18] Epoch 43 Finsh | Now_lr 0.0005/0.0005|Train Loss 0.0228 | Valid Loss 3.6894 | Train Acc 99.2240| Valid Acc 52.6524
TestSub: S[15, 16, 17, 18] Epoch 44 Finsh | Now_lr 0.0005/0.0005|Train Loss 0.0227 | Valid Loss 3.5010 | Train Acc 99.2182| Valid Acc 52.7248
TestSub: S[15, 16, 17, 18] Epoch 45 Finsh | Now_lr 0.0005/0.0005|Train Loss 0.0225 | Valid Loss 3.8002 | Train Acc 99.2685| Valid Acc 51.6959
TestSub: S[15, 16, 17, 18] Epoch 46 Finsh | Now_lr 0.0005/0.0005|Train Loss 0.0228 | Valid Loss 3.6514 | Train Acc 99.2240| Valid Acc 52.5762
TestSub: S[15, 16, 17, 18] Epoch 47 Finsh | Now_lr 0.0005/0.0005|Train Loss 0.0198 | Valid Loss 3.5928 | Train Acc 99.3398| Valid Acc 53.0450
TestSub: S[15, 16, 17, 18] Epoch 48 Finsh | Now_lr 0.0005/0.0005|Train Loss 0.0217 | Valid Loss 3.4900 | Train Acc 99.2644| Valid Acc 52.0503
TestSub: S[15, 16, 17, 18] Epoch 49 Finsh | Now_lr 0.0005/0.0005|Train Loss 0.0200 | Valid Loss 3.9746 | Train Acc 99.3322| Valid Acc 50.9870
TestSub: S[15, 16, 17, 18] Epoch 50 Finsh | Now_lr 0.0005/0.0005|Train Loss 0.0194 | Valid Loss 4.0692 | Train Acc 99.3322| Valid Acc 50.9909
TestSub: S[15, 16, 17, 18] Epoch 51 Finsh | Now_lr 0.0005/0.0005|Train Loss 0.0202 | Valid Loss 3.8164 | Train Acc 99.3041| Valid Acc 49.6913
TestSub: S[15, 16, 17, 18] Epoch 52 Finsh | Now_lr 0.0005/0.0005|Train Loss 0.0187 | Valid Loss 4.0450 | Train Acc 99.3965| Valid Acc 51.9360
TestSub: S[15, 16, 17, 18] Epoch 53 Finsh | Now_lr 0.0005/0.0005|Train Loss 0.0188 | Valid Loss 3.8033 | Train Acc 99.3620| Valid Acc 52.3666
TestSub: S[15, 16, 17, 18] Epoch 54 Finsh | Now_lr 0.0005/0.0005|Train Loss 0.0175 | Valid Loss 4.0522 | Train Acc 99.4164| Valid Acc 50.9642
TestSub: S[15, 16, 17, 18] Epoch 55 Finsh | Now_lr 0.0005/0.0005|Train Loss 0.0174 | Valid Loss 3.8360 | Train Acc 99.3953| Valid Acc 52.7363
TestSub: S[15, 16, 17, 18] Epoch 56 Finsh | Now_lr 0.0005/0.0005|Train Loss 0.0178 | Valid Loss 3.9655 | Train Acc 99.4012| Valid Acc 52.5648
TestSub: S[15, 16, 17, 18] Epoch 57 Finsh | Now_lr 0.0005/0.0005|Train Loss 0.0172 | Valid Loss 3.9343 | Train Acc 99.4252| Valid Acc 52.1799
TestSub: S[15, 16, 17, 18] Epoch 58 Finsh | Now_lr 0.0005/0.0005|Train Loss 0.0180 | Valid Loss 3.9320 | Train Acc 99.4082| Valid Acc 50.5983
TestSub: S[15, 16, 17, 18] Epoch 59 Finsh | Now_lr 0.0005/0.0005|Train Loss 0.0165 | Valid Loss 3.8497 | Train Acc 99.4404| Valid Acc 52.2904
TestSub: S[15, 16, 17, 18] Epoch 60 Finsh | Now_lr 0.0005/0.0005|Train Loss 0.0158 | Valid Loss 4.1371 | Train Acc 99.4760| Valid Acc 51.5854
TestSub: S[15, 16, 17, 18] Epoch 61 Finsh | Now_lr 0.0005/0.0005|Train Loss 0.0174 | Valid Loss 4.0802 | Train Acc 99.4164| Valid Acc 51.8026
TestSub: S[15, 16, 17, 18] Epoch 62 Finsh | Now_lr 0.0005/0.0005|Train Loss 0.0148 | Valid Loss 4.0266 | Train Acc 99.5105| Valid Acc 50.5412
TestSub: S[15, 16, 17, 18] Epoch 63 Finsh | Now_lr 0.0005/0.0005|Train Loss 0.0157 | Valid Loss 4.0128 | Train Acc 99.4737| Valid Acc 52.8697
TestSub: S[15, 16, 17, 18] Epoch 64 Finsh | Now_lr 0.0005/0.0005|Train Loss 0.0167 | Valid Loss 3.5225 | Train Acc 99.4474| Valid Acc 52.1684
TestSub: S[15, 16, 17, 18] Epoch 65 Finsh | Now_lr 0.0005/0.0005|Train Loss 0.0152 | Valid Loss 3.7922 | Train Acc 99.5053| Valid Acc 54.5046
Validation acc increase (54.146341 --> 54.504573) in epoch (65).  Saving model ...
TestSub: S[15, 16, 17, 18] Epoch 66 Finsh | Now_lr 0.0005/0.0005|Train Loss 0.0144 | Valid Loss 4.1009 | Train Acc 99.5029| Valid Acc 51.9436
TestSub: S[15, 16, 17, 18] Epoch 67 Finsh | Now_lr 0.0005/0.0005|Train Loss 0.0151 | Valid Loss 3.8139 | Train Acc 99.4994| Valid Acc 53.1441
TestSub: S[15, 16, 17, 18] Epoch 68 Finsh | Now_lr 0.0005/0.0005|Train Loss 0.0148 | Valid Loss 3.8018 | Train Acc 99.5070| Valid Acc 54.4550
TestSub: S[15, 16, 17, 18] Epoch 69 Finsh | Now_lr 0.0005/0.0005|Train Loss 0.0143 | Valid Loss 3.9921 | Train Acc 99.5281| Valid Acc 51.2500
TestSub: S[15, 16, 17, 18] Epoch 70 Finsh | Now_lr 0.0005/0.0005|Train Loss 0.0143 | Valid Loss 3.8423 | Train Acc 99.5170| Valid Acc 54.7332
Validation acc increase (54.504573 --> 54.733232) in epoch (70).  Saving model ...
TestSub: S[15, 16, 17, 18] Epoch 71 Finsh | Now_lr 0.0005/0.0005|Train Loss 0.0140 | Valid Loss 4.2914 | Train Acc 99.5334| Valid Acc 51.0061
TestSub: S[15, 16, 17, 18] Epoch 72 Finsh | Now_lr 0.0005/0.0005|Train Loss 0.0136 | Valid Loss 3.9874 | Train Acc 99.5410| Valid Acc 52.1799
TestSub: S[15, 16, 17, 18] Epoch 73 Finsh | Now_lr 0.0005/0.0005|Train Loss 0.0141 | Valid Loss 4.1104 | Train Acc 99.5293| Valid Acc 53.4070
TestSub: S[15, 16, 17, 18] Epoch 74 Finsh | Now_lr 0.0005/0.0005|Train Loss 0.0131 | Valid Loss 4.2517 | Train Acc 99.5737| Valid Acc 52.7020
TestSub: S[15, 16, 17, 18] Epoch 75 Finsh | Now_lr 0.0005/0.0005|Train Loss 0.0128 | Valid Loss 4.4310 | Train Acc 99.5866| Valid Acc 54.4322
TestSub: S[15, 16, 17, 18] Epoch 76 Finsh | Now_lr 0.0005/0.0005|Train Loss 0.0137 | Valid Loss 3.9617 | Train Acc 99.5573| Valid Acc 52.6524
TestSub: S[15, 16, 17, 18] Epoch 77 Finsh | Now_lr 0.0005/0.0005|Train Loss 0.0130 | Valid Loss 4.0454 | Train Acc 99.5895| Valid Acc 53.4108
TestSub: S[15, 16, 17, 18] Epoch 78 Finsh | Now_lr 0.0005/0.0005|Train Loss 0.0129 | Valid Loss 3.9295 | Train Acc 99.5778| Valid Acc 52.4848
TestSub: S[15, 16, 17, 18] Epoch 79 Finsh | Now_lr 0.0005/0.0005|Train Loss 0.0129 | Valid Loss 4.1867 | Train Acc 99.5778| Valid Acc 51.5511
TestSub: S[15, 16, 17, 18] Epoch 80 Finsh | Now_lr 0.0005/0.0005|Train Loss 0.0116 | Valid Loss 4.3107 | Train Acc 99.6234| Valid Acc 52.3666
TestSub: S[15, 16, 17, 18] Epoch 81 Finsh | Now_lr 0.0005/0.0005|Train Loss 0.0124 | Valid Loss 4.4322 | Train Acc 99.5872| Valid Acc 51.9855
TestSub: S[15, 16, 17, 18] Epoch 82 Finsh | Now_lr 0.0005/0.0005|Train Loss 0.0115 | Valid Loss 4.4003 | Train Acc 99.6070| Valid Acc 52.2027
TestSub: S[15, 16, 17, 18] Epoch 83 Finsh | Now_lr 0.0005/0.0005|Train Loss 0.0123 | Valid Loss 4.1138 | Train Acc 99.6018| Valid Acc 52.2409
TestSub: S[15, 16, 17, 18] Epoch 84 Finsh | Now_lr 0.0005/0.0005|Train Loss 0.0117 | Valid Loss 4.2674 | Train Acc 99.6059| Valid Acc 52.7020
TestSub: S[15, 16, 17, 18] Epoch 85 Finsh | Now_lr 0.0005/0.0005|Train Loss 0.0117 | Valid Loss 4.0802 | Train Acc 99.5977| Valid Acc 51.9665
TestSub: S[15, 16, 17, 18] Epoch 86 Finsh | Now_lr 0.0005/0.0005|Train Loss 0.0106 | Valid Loss 4.6162 | Train Acc 99.6369| Valid Acc 52.3133
TestSub: S[15, 16, 17, 18] Epoch 87 Finsh | Now_lr 0.0005/0.0005|Train Loss 0.0113 | Valid Loss 4.0438 | Train Acc 99.6293| Valid Acc 53.1021
TestSub: S[15, 16, 17, 18] Epoch 88 Finsh | Now_lr 0.0005/0.0005|Train Loss 0.0119 | Valid Loss 3.8284 | Train Acc 99.6380| Valid Acc 53.8491
TestSub: S[15, 16, 17, 18] Epoch 89 Finsh | Now_lr 0.0005/0.0005|Train Loss 0.0111 | Valid Loss 4.1590 | Train Acc 99.6427| Valid Acc 52.6448
TestSub: S[15, 16, 17, 18] Epoch 90 Finsh | Now_lr 0.0005/0.0005|Train Loss 0.0111 | Valid Loss 4.2656 | Train Acc 99.6415| Valid Acc 51.9207
TestSub: S[15, 16, 17, 18] Epoch 91 Finsh | Now_lr 0.0005/0.0005|Train Loss 0.0101 | Valid Loss 4.2992 | Train Acc 99.6708| Valid Acc 55.3582
Validation acc increase (54.733232 --> 55.358232) in epoch (91).  Saving model ...
TestSub: S[15, 16, 17, 18] Epoch 92 Finsh | Now_lr 0.0005/0.0005|Train Loss 0.0107 | Valid Loss 4.1587 | Train Acc 99.6480| Valid Acc 53.4566
TestSub: S[15, 16, 17, 18] Epoch 93 Finsh | Now_lr 0.0005/0.0005|Train Loss 0.0111 | Valid Loss 4.1213 | Train Acc 99.6474| Valid Acc 51.6692
TestSub: S[15, 16, 17, 18] Epoch 94 Finsh | Now_lr 0.0005/0.0005|Train Loss 0.0100 | Valid Loss 4.4671 | Train Acc 99.6679| Valid Acc 51.5663
TestSub: S[15, 16, 17, 18] Epoch 95 Finsh | Now_lr 0.0005/0.0005|Train Loss 0.0105 | Valid Loss 4.1275 | Train Acc 99.6667| Valid Acc 51.2767
TestSub: S[15, 16, 17, 18] Epoch 96 Finsh | Now_lr 0.0005/0.0005|Train Loss 0.0102 | Valid Loss 4.1692 | Train Acc 99.6614| Valid Acc 54.0053
TestSub: S[15, 16, 17, 18] Epoch 97 Finsh | Now_lr 0.0005/0.0005|Train Loss 0.0101 | Valid Loss 4.0878 | Train Acc 99.6760| Valid Acc 54.3979
TestSub: S[15, 16, 17, 18] Epoch 98 Finsh | Now_lr 0.0005/0.0005|Train Loss 0.0105 | Valid Loss 4.1561 | Train Acc 99.6608| Valid Acc 55.4230
Validation acc increase (55.358232 --> 55.423018) in epoch (98).  Saving model ...
TestSub: S[15, 16, 17, 18] Epoch 99 Finsh | Now_lr 0.0005/0.0005|Train Loss 0.0098 | Valid Loss 4.2033 | Train Acc 99.6930| Valid Acc 53.1402
TestSub: S[15, 16, 17, 18] Epoch 100 Finsh | Now_lr 0.0005/0.0005|Train Loss 0.0098 | Valid Loss 4.5251 | Train Acc 99.6702| Valid Acc 55.2858
--------------------------------------------------
Test_Subject :S[15, 16, 17, 18] |Best epoch:98 | Test Loss:4.1561 | Best Acc 55.4230 | Savemodel Acc 55.4230
--------------------------------------------------
lr:0.0005 -> bs:128
Cross Subject -> val_ids: [15, 16, 17, 18]
Cross Subject -> Result ACC mean: 55.4230
============================================================================================================
end time: 25-09-15-05:25:20
All validation schemes completed!
