==========================================
SLURM_CLUSTER_NAME = param-shivay
SLURM_ARRAY_JOB_ID = 
SLURM_ARRAY_TASK_ID = 
SLURM_ARRAY_TASK_COUNT = 
SLURM_ARRAY_TASK_MAX = 
SLURM_ARRAY_TASK_MIN = 
SLURM_JOB_ACCOUNT = mechanical_engg
SLURM_JOB_ID = 1156110
SLURM_JOB_NAME = eeg-train
SLURM_JOB_NODELIST = gpu006
SLURM_JOB_USER = suyash.kumar.mec22.itbhu
SLURM_JOB_UID = 6339
SLURM_JOB_PARTITION = gpu
SLURM_TASK_PID = 25030
SLURM_SUBMIT_DIR = /scratch/suyash.kumar.mec22.itbhu/EEG-AAD/eeg-aad-challenge2026-task1-baselines-master
SLURM_CPUS_ON_NODE = 16
SLURM_NTASKS = 
SLURM_TASK_PID = 25030
==========================================
Job started at: Tue Oct 14 16:26:12 IST 2025
Running on node: gpu006
GPU allocation: 0
Current device is cuda:0
Setting all seeds to 42 for reproducibility...
All seeds set successfully!
start time: task1_AAD_MM-AAD_original_ssl22025-10-14-16-30-02
============================================================================================================
Arguments =
	_action_groups: [<argparse._ArgumentGroup object at 0x7fb6cebb83a0>, <argparse._ArgumentGroup object at 0x7fb6cebb83d0>]
	_actions: [_HelpAction(option_strings=['-h', '--help'], dest='help', nargs=0, const=None, default='==SUPPRESS==', type=None, choices=None, required=False, help='show this help message and exit', metavar=None)]
	_defaults: {}
	_has_negative_number_optionals: []
	_mutually_exclusive_groups: []
	_negative_number_matcher: re.compile('^-\\d+$|^-\\d*\\.\\d+$')
	_option_string_actions: {'-h': _HelpAction(option_strings=['-h', '--help'], dest='help', nargs=0, const=None, default='==SUPPRESS==', type=None, choices=None, required=False, help='show this help message and exit', metavar=None), '--help': _HelpAction(option_strings=['-h', '--help'], dest='help', nargs=0, const=None, default='==SUPPRESS==', type=None, choices=None, required=False, help='show this help message and exit', metavar=None)}
	_optionals: <argparse._ArgumentGroup object at 0x7fb6cebb83d0>
	_positionals: <argparse._ArgumentGroup object at 0x7fb6cebb83a0>
	_registries: {'action': {None: <class 'argparse._StoreAction'>, 'store': <class 'argparse._StoreAction'>, 'store_const': <class 'argparse._StoreConstAction'>, 'store_true': <class 'argparse._StoreTrueAction'>, 'store_false': <class 'argparse._StoreFalseAction'>, 'append': <class 'argparse._AppendAction'>, 'append_const': <class 'argparse._AppendConstAction'>, 'count': <class 'argparse._CountAction'>, 'help': <class 'argparse._HelpAction'>, 'version': <class 'argparse._VersionAction'>, 'parsers': <class 'argparse._SubParsersAction'>, 'extend': <class 'argparse._ExtendAction'>}, 'type': {None: <function ArgumentParser.__init__.<locals>.identity at 0x7fb5df641af0>}}
	_subparsers: None
	add_help: True
	allow_abbrev: True
	alpha: 0.99
	argument_default: None
	batch_size: 128
	beta1: 0.9
	beta2: 0.999
	conflict_handler: error
	data_path: /home/suyash.kumar.mec22.itbhu/EEG-AAD_audio_only/preprocessed/data/
	dataset: MM-AAD
	description: None
	eeg_channel: 32
	epilog: None
	exit_on_error: True
	fig_path: ./exps/cross-subject/DARNet_SSL_FullDARNet/figures/
	formatter_class: <class 'argparse.HelpFormatter'>
	fromfile_prefix_chars: None
	fs: 128
	label_path: /home/suyash.kumar.mec22.itbhu/EEG-AAD_audio_only/preprocessed/label/
	lam: 0.2
	log_interval: 10
	lr: 0.0005
	lr_decayrate: 0.5
	max_epoch: 100
	model: DARNet_SSL_FullDARNet
	model_save_path: ./exps/cross-subject/DARNet_SSL_FullDARNet/baseline_task1_AAD_MM-AAD_original_ssl22025-10-14-16-30-02/
	momentum: 0.9
	optimizer: AdamW
	overlap: 0.5
	patience: 10
	prefix_chars: -
	prog: trainer2.py
	seed: 42
	ssl_approach: full_darnet
	ssl_enabled: True
	ssl_epochs: 30
	ssl_lr: 0.001
	ssl_model_save_path: ./exps/cross-subject/DARNet_SSL_FullDARNet/ssl_models_task1_AAD_MM-AAD_original_ssl22025-10-14-16-30-02/
	start_time: task1_AAD_MM-AAD_original_ssl22025-10-14-16-30-02
	subject_number: 40
	trail_number: 20
	usage: None
	weight_decay: 0.0003
	win_len: 128
	win_time: 1
	window_lap: 64.0
============================================================================================================

========== Fold 1 ==========
Train IDs: [6, 7, 8, 9, 10, 11, 12, 13, 14, 15, 16, 17, 18, 19, 20, 21, 22, 23, 24, 25, 26, 27, 28, 29, 30]
Val IDs:   [1, 2, 3, 4, 5]
================================================================================
SSL PRE-TRAINING PHASE
================================================================================
Loading SSL data for subjects: [6, 7, 8, 9, 10, 11, 12, 13, 14, 15, 16, 17, 18, 19, 20, 21, 22, 23, 24, 25, 26, 27, 28, 29, 30]
SSL Config: mask_ratio=0.15, patch_masking=True
Loaded subject S6: (6580, 32, 128)
Loaded subject S7: (6580, 32, 128)
Loaded subject S8: (6580, 32, 128)
Loaded subject S9: (6580, 32, 128)
Loaded subject S10: (6580, 32, 128)
Loaded subject S11: (6580, 32, 128)
Loaded subject S12: (6580, 32, 128)
Loaded subject S13: (6580, 32, 128)
Loaded subject S14: (6580, 32, 128)
Loaded subject S15: (6580, 32, 128)
Loaded subject S16: (6580, 32, 128)
Loaded subject S17: (6580, 32, 128)
Loaded subject S18: (6580, 32, 128)
Loaded subject S19: (6580, 32, 128)
Loaded subject S20: (6580, 32, 128)
Loaded subject S21: (6580, 32, 128)
Loaded subject S22: (6580, 32, 128)
Loaded subject S23: (6580, 32, 128)
Loaded subject S24: (6580, 32, 128)
Loaded subject S25: (6580, 32, 128)
Loaded subject S26: (6580, 32, 128)
Loaded subject S27: (6580, 32, 128)
Loaded subject S28: (6580, 32, 128)
Loaded subject S29: (6580, 32, 128)
Loaded subject S30: (6580, 32, 128)
Total SSL data shape: (164500, 32, 128)
Patch info: 32×128 → 64 patches, masking 9 (15.0%)
🏗️  SSL Model Architecture:
   - SSL Enabled: True
   - SSL Approach: full_darnet
   - Training Mode: ssl
   - Decoder Type: EEGFullDARNetDecoder
   - Encoder parameters: 36,888
   - Decoder parameters: 4,388,192
   - Total parameters: 4,425,098
   - Decoder/Total ratio: 99.2%
==================================================
Starting SSL Pre-training
==================================================
=================================================================
Layer (type:depth-idx)                   Param #
=================================================================
DARNet                                   --
├─TokenEmbeddingOriginal: 1-1            --
│    └─Sequential: 2-1                   --
│    │    └─Conv2d: 3-1                  576
│    │    └─BatchNorm2d: 3-2             128
│    │    └─GELU: 3-3                    --
│    └─Sequential: 2-2                   --
│    │    └─Conv2d: 3-4                  32,784
│    │    └─BatchNorm2d: 3-5             32
│    │    └─GELU: 3-6                    --
│    └─PositionalEmbedding: 2-3          --
├─EEGFullDARNetDecoder: 1-2              --
│    └─Sequential: 2-4                   --
│    │    └─Linear: 3-7                  2,304
│    │    └─ReLU: 3-8                    --
│    │    └─Dropout: 3-9                 --
│    │    └─Linear: 3-10                 131,584
│    │    └─ReLU: 3-11                   --
│    │    └─Dropout: 3-12                --
│    │    └─Linear: 3-13                 4,202,496
│    └─Sequential: 2-5                   --
│    │    └─Conv1d: 3-14                 24,704
│    │    └─BatchNorm1d: 3-15            256
│    │    └─ReLU: 3-16                   --
│    │    └─Dropout: 3-17                --
│    └─Sequential: 2-6                   --
│    │    └─Conv1d: 3-18                 24,640
│    │    └─BatchNorm1d: 3-19            128
│    │    └─ReLU: 3-20                   --
│    │    └─Dropout: 3-21                --
│    └─Conv1d: 2-7                       2,080
├─Flatten: 1-3                           --
├─Linear: 1-4                            18
├─AttnRefine: 1-5                        --
│    └─MyAttention: 2-8                  --
│    │    └─Attention: 3-22              800
│    └─Refine: 2-9                       --
│    │    └─Conv1d: 3-23                 784
│    │    └─BatchNorm1d: 3-24            32
│    │    └─ELU: 3-25                    --
│    │    └─MaxPool1d: 3-26              --
│    └─AdaptiveAvgPool1d: 2-10           --
│    └─Linear: 2-11                      68
│    └─Flatten: 2-12                     --
├─AttnRefine: 1-6                        --
│    └─MyAttention: 2-13                 --
│    │    └─Attention: 3-27              800
│    └─Refine: 2-14                      --
│    │    └─Conv1d: 3-28                 784
│    │    └─BatchNorm1d: 3-29            32
│    │    └─ELU: 3-30                    --
│    │    └─MaxPool1d: 3-31              --
│    └─AdaptiveAvgPool1d: 2-15           --
│    └─Linear: 2-16                      68
│    └─Flatten: 2-17                     --
=================================================================
Total params: 4,425,098
Trainable params: 4,425,098
Non-trainable params: 0
=================================================================
SSL Epoch  1 | SSL Loss: 0.461930
SSL model saved at epoch 1 with loss 0.461930 to ./exps/cross-subject/DARNet_SSL_FullDARNet/ssl_models_task1_AAD_MM-AAD_original_ssl22025-10-14-16-30-02/ssl_best_model.pt
SSL model saved with loss 0.461930
SSL Epoch  2 | SSL Loss: 0.330055
SSL model saved at epoch 2 with loss 0.330055 to ./exps/cross-subject/DARNet_SSL_FullDARNet/ssl_models_task1_AAD_MM-AAD_original_ssl22025-10-14-16-30-02/ssl_best_model.pt
SSL model saved with loss 0.330055
SSL Epoch  3 | SSL Loss: 0.288193
SSL model saved at epoch 3 with loss 0.288193 to ./exps/cross-subject/DARNet_SSL_FullDARNet/ssl_models_task1_AAD_MM-AAD_original_ssl22025-10-14-16-30-02/ssl_best_model.pt
SSL model saved with loss 0.288193
SSL Epoch  4 | SSL Loss: 0.266288
SSL model saved at epoch 4 with loss 0.266288 to ./exps/cross-subject/DARNet_SSL_FullDARNet/ssl_models_task1_AAD_MM-AAD_original_ssl22025-10-14-16-30-02/ssl_best_model.pt
SSL model saved with loss 0.266288
SSL Epoch  5 | SSL Loss: 0.246916
SSL model saved at epoch 5 with loss 0.246916 to ./exps/cross-subject/DARNet_SSL_FullDARNet/ssl_models_task1_AAD_MM-AAD_original_ssl22025-10-14-16-30-02/ssl_best_model.pt
SSL model saved with loss 0.246916
SSL Epoch  6 | SSL Loss: 0.235087
SSL model saved at epoch 6 with loss 0.235087 to ./exps/cross-subject/DARNet_SSL_FullDARNet/ssl_models_task1_AAD_MM-AAD_original_ssl22025-10-14-16-30-02/ssl_best_model.pt
SSL model saved with loss 0.235087
SSL Epoch  7 | SSL Loss: 0.224794
SSL model saved at epoch 7 with loss 0.224794 to ./exps/cross-subject/DARNet_SSL_FullDARNet/ssl_models_task1_AAD_MM-AAD_original_ssl22025-10-14-16-30-02/ssl_best_model.pt
SSL model saved with loss 0.224794
SSL Epoch  8 | SSL Loss: 0.218215
SSL model saved at epoch 8 with loss 0.218215 to ./exps/cross-subject/DARNet_SSL_FullDARNet/ssl_models_task1_AAD_MM-AAD_original_ssl22025-10-14-16-30-02/ssl_best_model.pt
SSL model saved with loss 0.218215
SSL Epoch  9 | SSL Loss: 0.212322
SSL model saved at epoch 9 with loss 0.212322 to ./exps/cross-subject/DARNet_SSL_FullDARNet/ssl_models_task1_AAD_MM-AAD_original_ssl22025-10-14-16-30-02/ssl_best_model.pt
SSL model saved with loss 0.212322
SSL Epoch 10 | SSL Loss: 0.208113
SSL model saved at epoch 10 with loss 0.208113 to ./exps/cross-subject/DARNet_SSL_FullDARNet/ssl_models_task1_AAD_MM-AAD_original_ssl22025-10-14-16-30-02/ssl_best_model.pt
SSL model saved with loss 0.208113
SSL Epoch 11 | SSL Loss: 0.204232
SSL model saved at epoch 11 with loss 0.204232 to ./exps/cross-subject/DARNet_SSL_FullDARNet/ssl_models_task1_AAD_MM-AAD_original_ssl22025-10-14-16-30-02/ssl_best_model.pt
SSL model saved with loss 0.204232
SSL Epoch 12 | SSL Loss: 0.200422
SSL model saved at epoch 12 with loss 0.200422 to ./exps/cross-subject/DARNet_SSL_FullDARNet/ssl_models_task1_AAD_MM-AAD_original_ssl22025-10-14-16-30-02/ssl_best_model.pt
SSL model saved with loss 0.200422
SSL Epoch 13 | SSL Loss: 0.198951
SSL model saved at epoch 13 with loss 0.198951 to ./exps/cross-subject/DARNet_SSL_FullDARNet/ssl_models_task1_AAD_MM-AAD_original_ssl22025-10-14-16-30-02/ssl_best_model.pt
SSL model saved with loss 0.198951
SSL Epoch 14 | SSL Loss: 0.195503
SSL model saved at epoch 14 with loss 0.195503 to ./exps/cross-subject/DARNet_SSL_FullDARNet/ssl_models_task1_AAD_MM-AAD_original_ssl22025-10-14-16-30-02/ssl_best_model.pt
SSL model saved with loss 0.195503
SSL Epoch 15 | SSL Loss: 0.193423
SSL model saved at epoch 15 with loss 0.193423 to ./exps/cross-subject/DARNet_SSL_FullDARNet/ssl_models_task1_AAD_MM-AAD_original_ssl22025-10-14-16-30-02/ssl_best_model.pt
SSL model saved with loss 0.193423
SSL Epoch 16 | SSL Loss: 0.191777
SSL model saved at epoch 16 with loss 0.191777 to ./exps/cross-subject/DARNet_SSL_FullDARNet/ssl_models_task1_AAD_MM-AAD_original_ssl22025-10-14-16-30-02/ssl_best_model.pt
SSL model saved with loss 0.191777
SSL Epoch 17 | SSL Loss: 0.190161
SSL model saved at epoch 17 with loss 0.190161 to ./exps/cross-subject/DARNet_SSL_FullDARNet/ssl_models_task1_AAD_MM-AAD_original_ssl22025-10-14-16-30-02/ssl_best_model.pt
SSL model saved with loss 0.190161
SSL Epoch 18 | SSL Loss: 0.188177
SSL model saved at epoch 18 with loss 0.188177 to ./exps/cross-subject/DARNet_SSL_FullDARNet/ssl_models_task1_AAD_MM-AAD_original_ssl22025-10-14-16-30-02/ssl_best_model.pt
SSL model saved with loss 0.188177
SSL Epoch 19 | SSL Loss: 0.186731
SSL model saved at epoch 19 with loss 0.186731 to ./exps/cross-subject/DARNet_SSL_FullDARNet/ssl_models_task1_AAD_MM-AAD_original_ssl22025-10-14-16-30-02/ssl_best_model.pt
SSL model saved with loss 0.186731
SSL Epoch 20 | SSL Loss: 0.186231
SSL model saved at epoch 20 with loss 0.186231 to ./exps/cross-subject/DARNet_SSL_FullDARNet/ssl_models_task1_AAD_MM-AAD_original_ssl22025-10-14-16-30-02/ssl_best_model.pt
SSL model saved with loss 0.186231
SSL Epoch 21 | SSL Loss: 0.184760
SSL model saved at epoch 21 with loss 0.184760 to ./exps/cross-subject/DARNet_SSL_FullDARNet/ssl_models_task1_AAD_MM-AAD_original_ssl22025-10-14-16-30-02/ssl_best_model.pt
SSL model saved with loss 0.184760
SSL Epoch 22 | SSL Loss: 0.183604
SSL model saved at epoch 22 with loss 0.183604 to ./exps/cross-subject/DARNet_SSL_FullDARNet/ssl_models_task1_AAD_MM-AAD_original_ssl22025-10-14-16-30-02/ssl_best_model.pt
SSL model saved with loss 0.183604
SSL Epoch 23 | SSL Loss: 0.183006
SSL model saved at epoch 23 with loss 0.183006 to ./exps/cross-subject/DARNet_SSL_FullDARNet/ssl_models_task1_AAD_MM-AAD_original_ssl22025-10-14-16-30-02/ssl_best_model.pt
SSL model saved with loss 0.183006
SSL Epoch 24 | SSL Loss: 0.181116
SSL model saved at epoch 24 with loss 0.181116 to ./exps/cross-subject/DARNet_SSL_FullDARNet/ssl_models_task1_AAD_MM-AAD_original_ssl22025-10-14-16-30-02/ssl_best_model.pt
SSL model saved with loss 0.181116
SSL Epoch 25 | SSL Loss: 0.180448
SSL model saved at epoch 25 with loss 0.180448 to ./exps/cross-subject/DARNet_SSL_FullDARNet/ssl_models_task1_AAD_MM-AAD_original_ssl22025-10-14-16-30-02/ssl_best_model.pt
SSL model saved with loss 0.180448
SSL Epoch 26 | SSL Loss: 0.179604
SSL model saved at epoch 26 with loss 0.179604 to ./exps/cross-subject/DARNet_SSL_FullDARNet/ssl_models_task1_AAD_MM-AAD_original_ssl22025-10-14-16-30-02/ssl_best_model.pt
SSL model saved with loss 0.179604
SSL Epoch 27 | SSL Loss: 0.178897
SSL model saved at epoch 27 with loss 0.178897 to ./exps/cross-subject/DARNet_SSL_FullDARNet/ssl_models_task1_AAD_MM-AAD_original_ssl22025-10-14-16-30-02/ssl_best_model.pt
SSL model saved with loss 0.178897
SSL Epoch 28 | SSL Loss: 0.177737
SSL model saved at epoch 28 with loss 0.177737 to ./exps/cross-subject/DARNet_SSL_FullDARNet/ssl_models_task1_AAD_MM-AAD_original_ssl22025-10-14-16-30-02/ssl_best_model.pt
SSL model saved with loss 0.177737
SSL Epoch 29 | SSL Loss: 0.176704
SSL model saved at epoch 29 with loss 0.176704 to ./exps/cross-subject/DARNet_SSL_FullDARNet/ssl_models_task1_AAD_MM-AAD_original_ssl22025-10-14-16-30-02/ssl_best_model.pt
SSL model saved with loss 0.176704
SSL Epoch 30 | SSL Loss: 0.177081
==================================================
SSL Pre-training completed. Best loss: 0.176704
==================================================
train_data_shape(164500, 32, 128),val_data_shape(32900, 32, 128)
🔄 Loading SSL pre-trained weights from: ./exps/cross-subject/DARNet_SSL_FullDARNet/ssl_models_task1_AAD_MM-AAD_original_ssl22025-10-14-16-30-02/ssl_best_model.pt
📋 Available keys in SSL checkpoint: 67 total
  - token_embedding.embed_layer.0.weight: torch.Size([64, 1, 1, 8])
  - token_embedding.embed_layer.0.bias: torch.Size([64])
  - token_embedding.embed_layer.1.weight: torch.Size([64])
  - token_embedding.embed_layer.1.bias: torch.Size([64])
  - token_embedding.embed_layer.1.running_mean: torch.Size([64])
  - token_embedding.embed_layer.1.running_var: torch.Size([64])
  - token_embedding.embed_layer.1.num_batches_tracked: torch.Size([])
  - token_embedding.embed_layer2.0.weight: torch.Size([16, 64, 32, 1])
  - token_embedding.embed_layer2.0.bias: torch.Size([16])
  - token_embedding.embed_layer2.1.weight: torch.Size([16])
  - token_embedding.embed_layer2.1.bias: torch.Size([16])
  - token_embedding.embed_layer2.1.running_mean: torch.Size([16])
  - token_embedding.embed_layer2.1.running_var: torch.Size([16])
  - token_embedding.embed_layer2.1.num_batches_tracked: torch.Size([])
  - token_embedding.position_embedding.pe: torch.Size([1, 5000, 16])
  - ssl_decoder.feature_expand.0.weight: torch.Size([256, 8])
  - ssl_decoder.feature_expand.0.bias: torch.Size([256])
  - ssl_decoder.feature_expand.3.weight: torch.Size([512, 256])
  - ssl_decoder.feature_expand.3.bias: torch.Size([512])
  - ssl_decoder.feature_expand.6.weight: torch.Size([8192, 512])
  - ssl_decoder.feature_expand.6.bias: torch.Size([8192])
  - ssl_decoder.temporal_conv1.0.weight: torch.Size([128, 64, 3])
  - ssl_decoder.temporal_conv1.0.bias: torch.Size([128])
  - ssl_decoder.temporal_conv1.1.weight: torch.Size([128])
  - ssl_decoder.temporal_conv1.1.bias: torch.Size([128])
  - ssl_decoder.temporal_conv1.1.running_mean: torch.Size([128])
  - ssl_decoder.temporal_conv1.1.running_var: torch.Size([128])
  - ssl_decoder.temporal_conv1.1.num_batches_tracked: torch.Size([])
  - ssl_decoder.temporal_conv2.0.weight: torch.Size([64, 128, 3])
  - ssl_decoder.temporal_conv2.0.bias: torch.Size([64])
  - ssl_decoder.temporal_conv2.1.weight: torch.Size([64])
  - ssl_decoder.temporal_conv2.1.bias: torch.Size([64])
  - ssl_decoder.temporal_conv2.1.running_mean: torch.Size([64])
  - ssl_decoder.temporal_conv2.1.running_var: torch.Size([64])
  - ssl_decoder.temporal_conv2.1.num_batches_tracked: torch.Size([])
  - ssl_decoder.final_conv.weight: torch.Size([32, 64, 1])
  - ssl_decoder.final_conv.bias: torch.Size([32])
  - out.weight: torch.Size([2, 8])
  - out.bias: torch.Size([2])
  - stack1.attention.attention_layer.key.weight: torch.Size([16, 16])
  - stack1.attention.attention_layer.value.weight: torch.Size([16, 16])
  - stack1.attention.attention_layer.query.weight: torch.Size([16, 16])
  - stack1.attention.attention_layer.to_out.weight: torch.Size([16])
  - stack1.attention.attention_layer.to_out.bias: torch.Size([16])
  - stack1.conv_layer.downConv.weight: torch.Size([16, 16, 3])
  - stack1.conv_layer.downConv.bias: torch.Size([16])
  - stack1.conv_layer.norm.weight: torch.Size([16])
  - stack1.conv_layer.norm.bias: torch.Size([16])
  - stack1.conv_layer.norm.running_mean: torch.Size([16])
  - stack1.conv_layer.norm.running_var: torch.Size([16])
  - stack1.conv_layer.norm.num_batches_tracked: torch.Size([])
  - stack1.out.weight: torch.Size([4, 16])
  - stack1.out.bias: torch.Size([4])
  - stack2.attention.attention_layer.key.weight: torch.Size([16, 16])
  - stack2.attention.attention_layer.value.weight: torch.Size([16, 16])
  - stack2.attention.attention_layer.query.weight: torch.Size([16, 16])
  - stack2.attention.attention_layer.to_out.weight: torch.Size([16])
  - stack2.attention.attention_layer.to_out.bias: torch.Size([16])
  - stack2.conv_layer.downConv.weight: torch.Size([16, 16, 3])
  - stack2.conv_layer.downConv.bias: torch.Size([16])
  - stack2.conv_layer.norm.weight: torch.Size([16])
  - stack2.conv_layer.norm.bias: torch.Size([16])
  - stack2.conv_layer.norm.running_mean: torch.Size([16])
  - stack2.conv_layer.norm.running_var: torch.Size([16])
  - stack2.conv_layer.norm.num_batches_tracked: torch.Size([])
  - stack2.out.weight: torch.Size([4, 16])
  - stack2.out.bias: torch.Size([4])
🎯 SSL approach detected: full_darnet
  ✅ Loading: token_embedding.embed_layer.0.weight -> torch.Size([64, 1, 1, 8])
  ✅ Loading: token_embedding.embed_layer.0.bias -> torch.Size([64])
  ✅ Loading: token_embedding.embed_layer.1.weight -> torch.Size([64])
  ✅ Loading: token_embedding.embed_layer.1.bias -> torch.Size([64])
  ✅ Loading: token_embedding.embed_layer.1.running_mean -> torch.Size([64])
  ✅ Loading: token_embedding.embed_layer.1.running_var -> torch.Size([64])
  ✅ Loading: token_embedding.embed_layer.1.num_batches_tracked -> torch.Size([])
  ✅ Loading: token_embedding.embed_layer2.0.weight -> torch.Size([16, 64, 32, 1])
  ✅ Loading: token_embedding.embed_layer2.0.bias -> torch.Size([16])
  ✅ Loading: token_embedding.embed_layer2.1.weight -> torch.Size([16])
  ✅ Loading: token_embedding.embed_layer2.1.bias -> torch.Size([16])
  ✅ Loading: token_embedding.embed_layer2.1.running_mean -> torch.Size([16])
  ✅ Loading: token_embedding.embed_layer2.1.running_var -> torch.Size([16])
  ✅ Loading: token_embedding.embed_layer2.1.num_batches_tracked -> torch.Size([])
  ✅ Loading: token_embedding.position_embedding.pe -> torch.Size([1, 5000, 16])
  ❌ Skipping: ssl_decoder.feature_expand.0.weight (decoder component)
  ❌ Skipping: ssl_decoder.feature_expand.0.bias (decoder component)
  ❌ Skipping: ssl_decoder.feature_expand.3.weight (decoder component)
  ❌ Skipping: ssl_decoder.feature_expand.3.bias (decoder component)
  ❌ Skipping: ssl_decoder.feature_expand.6.weight (decoder component)
  ❌ Skipping: ssl_decoder.feature_expand.6.bias (decoder component)
  ❌ Skipping: ssl_decoder.temporal_conv1.0.weight (decoder component)
  ❌ Skipping: ssl_decoder.temporal_conv1.0.bias (decoder component)
  ❌ Skipping: ssl_decoder.temporal_conv1.1.weight (decoder component)
  ❌ Skipping: ssl_decoder.temporal_conv1.1.bias (decoder component)
  ❌ Skipping: ssl_decoder.temporal_conv1.1.running_mean (decoder component)
  ❌ Skipping: ssl_decoder.temporal_conv1.1.running_var (decoder component)
  ❌ Skipping: ssl_decoder.temporal_conv1.1.num_batches_tracked (decoder component)
  ❌ Skipping: ssl_decoder.temporal_conv2.0.weight (decoder component)
  ❌ Skipping: ssl_decoder.temporal_conv2.0.bias (decoder component)
  ❌ Skipping: ssl_decoder.temporal_conv2.1.weight (decoder component)
  ❌ Skipping: ssl_decoder.temporal_conv2.1.bias (decoder component)
  ❌ Skipping: ssl_decoder.temporal_conv2.1.running_mean (decoder component)
  ❌ Skipping: ssl_decoder.temporal_conv2.1.running_var (decoder component)
  ❌ Skipping: ssl_decoder.temporal_conv2.1.num_batches_tracked (decoder component)
  ❌ Skipping: ssl_decoder.final_conv.weight (decoder component)
  ❌ Skipping: ssl_decoder.final_conv.bias (decoder component)
  ❌ Skipping: out.weight (decoder component)
  ❌ Skipping: out.bias (decoder component)
  ✅ Loading: stack1.attention.attention_layer.key.weight -> torch.Size([16, 16])
  ✅ Loading: stack1.attention.attention_layer.value.weight -> torch.Size([16, 16])
  ✅ Loading: stack1.attention.attention_layer.query.weight -> torch.Size([16, 16])
  ✅ Loading: stack1.attention.attention_layer.to_out.weight -> torch.Size([16])
  ✅ Loading: stack1.attention.attention_layer.to_out.bias -> torch.Size([16])
  ✅ Loading: stack1.conv_layer.downConv.weight -> torch.Size([16, 16, 3])
  ✅ Loading: stack1.conv_layer.downConv.bias -> torch.Size([16])
  ✅ Loading: stack1.conv_layer.norm.weight -> torch.Size([16])
  ✅ Loading: stack1.conv_layer.norm.bias -> torch.Size([16])
  ✅ Loading: stack1.conv_layer.norm.running_mean -> torch.Size([16])
  ✅ Loading: stack1.conv_layer.norm.running_var -> torch.Size([16])
  ✅ Loading: stack1.conv_layer.norm.num_batches_tracked -> torch.Size([])
  ✅ Loading: stack1.out.weight -> torch.Size([4, 16])
  ✅ Loading: stack1.out.bias -> torch.Size([4])
  ✅ Loading: stack2.attention.attention_layer.key.weight -> torch.Size([16, 16])
  ✅ Loading: stack2.attention.attention_layer.value.weight -> torch.Size([16, 16])
  ✅ Loading: stack2.attention.attention_layer.query.weight -> torch.Size([16, 16])
  ✅ Loading: stack2.attention.attention_layer.to_out.weight -> torch.Size([16])
  ✅ Loading: stack2.attention.attention_layer.to_out.bias -> torch.Size([16])
  ✅ Loading: stack2.conv_layer.downConv.weight -> torch.Size([16, 16, 3])
  ✅ Loading: stack2.conv_layer.downConv.bias -> torch.Size([16])
  ✅ Loading: stack2.conv_layer.norm.weight -> torch.Size([16])
  ✅ Loading: stack2.conv_layer.norm.bias -> torch.Size([16])
  ✅ Loading: stack2.conv_layer.norm.running_mean -> torch.Size([16])
  ✅ Loading: stack2.conv_layer.norm.running_var -> torch.Size([16])
  ✅ Loading: stack2.conv_layer.norm.num_batches_tracked -> torch.Size([])
  ✅ Loading: stack2.out.weight -> torch.Size([4, 16])
  ✅ Loading: stack2.out.bias -> torch.Size([4])
🔧 Loading 43 encoder components into fine-tuning model...
⚠️  Missing keys (newly initialized): ['ssl_decoder.feature_expand.0.weight', 'ssl_decoder.feature_expand.0.bias', 'ssl_decoder.feature_expand.3.weight', 'ssl_decoder.feature_expand.3.bias', 'ssl_decoder.feature_expand.6.weight', 'ssl_decoder.feature_expand.6.bias', 'ssl_decoder.temporal_conv1.0.weight', 'ssl_decoder.temporal_conv1.0.bias', 'ssl_decoder.temporal_conv1.1.weight', 'ssl_decoder.temporal_conv1.1.bias', 'ssl_decoder.temporal_conv1.1.running_mean', 'ssl_decoder.temporal_conv1.1.running_var', 'ssl_decoder.temporal_conv2.0.weight', 'ssl_decoder.temporal_conv2.0.bias', 'ssl_decoder.temporal_conv2.1.weight', 'ssl_decoder.temporal_conv2.1.bias', 'ssl_decoder.temporal_conv2.1.running_mean', 'ssl_decoder.temporal_conv2.1.running_var', 'ssl_decoder.final_conv.weight', 'ssl_decoder.final_conv.bias', 'out.weight', 'out.bias']
✅ Successfully loaded SSL pre-trained weights!
🎯 SSL decoder removed, feature classifier ready for fine-tuning
==================================================
Starting Fine-tuning
==================================================
=================================================================
Layer (type:depth-idx)                   Param #
=================================================================
DARNet                                   --
├─TokenEmbeddingOriginal: 1-1            --
│    └─Sequential: 2-1                   --
│    │    └─Conv2d: 3-1                  576
│    │    └─BatchNorm2d: 3-2             128
│    │    └─GELU: 3-3                    --
│    └─Sequential: 2-2                   --
│    │    └─Conv2d: 3-4                  32,784
│    │    └─BatchNorm2d: 3-5             32
│    │    └─GELU: 3-6                    --
│    └─PositionalEmbedding: 2-3          --
├─EEGFullDARNetDecoder: 1-2              --
│    └─Sequential: 2-4                   --
│    │    └─Linear: 3-7                  2,304
│    │    └─ReLU: 3-8                    --
│    │    └─Dropout: 3-9                 --
│    │    └─Linear: 3-10                 131,584
│    │    └─ReLU: 3-11                   --
│    │    └─Dropout: 3-12                --
│    │    └─Linear: 3-13                 4,202,496
│    └─Sequential: 2-5                   --
│    │    └─Conv1d: 3-14                 24,704
│    │    └─BatchNorm1d: 3-15            256
│    │    └─ReLU: 3-16                   --
│    │    └─Dropout: 3-17                --
│    └─Sequential: 2-6                   --
│    │    └─Conv1d: 3-18                 24,640
│    │    └─BatchNorm1d: 3-19            128
│    │    └─ReLU: 3-20                   --
│    │    └─Dropout: 3-21                --
│    └─Conv1d: 2-7                       2,080
├─Flatten: 1-3                           --
├─Linear: 1-4                            18
├─AttnRefine: 1-5                        --
│    └─MyAttention: 2-8                  --
│    │    └─Attention: 3-22              800
│    └─Refine: 2-9                       --
│    │    └─Conv1d: 3-23                 784
│    │    └─BatchNorm1d: 3-24            32
│    │    └─ELU: 3-25                    --
│    │    └─MaxPool1d: 3-26              --
│    └─AdaptiveAvgPool1d: 2-10           --
│    └─Linear: 2-11                      68
│    └─Flatten: 2-12                     --
├─AttnRefine: 1-6                        --
│    └─MyAttention: 2-13                 --
│    │    └─Attention: 3-27              800
│    └─Refine: 2-14                      --
│    │    └─Conv1d: 3-28                 784
│    │    └─BatchNorm1d: 3-29            32
│    │    └─ELU: 3-30                    --
│    │    └─MaxPool1d: 3-31              --
│    └─AdaptiveAvgPool1d: 2-15           --
│    └─Linear: 2-16                      68
│    └─Flatten: 2-17                     --
=================================================================
Total params: 4,425,098
Trainable params: 4,425,098
Non-trainable params: 0
=================================================================
TestSub: S[1, 2, 3, 4, 5] Epoch  1 Finsh | Now_lr 0.0005/0.0005|Train Loss 0.6205 | Valid Loss 0.9263 | Train Acc 62.2720| Valid Acc 50.7661
Validation acc increase (0.000000 --> 50.766051) in epoch (1).  Saving model ...
TestSub: S[1, 2, 3, 4, 5] Epoch  2 Finsh | Now_lr 0.0005/0.0005|Train Loss 0.4498 | Valid Loss 1.2840 | Train Acc 77.3912| Valid Acc 51.0275
Validation acc increase (50.766051 --> 51.027481) in epoch (2).  Saving model ...
TestSub: S[1, 2, 3, 4, 5] Epoch  3 Finsh | Now_lr 0.0005/0.0005|Train Loss 0.3687 | Valid Loss 1.5045 | Train Acc 82.7329| Valid Acc 49.9392
TestSub: S[1, 2, 3, 4, 5] Epoch  4 Finsh | Now_lr 0.0005/0.0005|Train Loss 0.3153 | Valid Loss 1.7408 | Train Acc 85.9174| Valid Acc 49.5410
TestSub: S[1, 2, 3, 4, 5] Epoch  5 Finsh | Now_lr 0.0005/0.0005|Train Loss 0.2789 | Valid Loss 1.9838 | Train Acc 87.8800| Valid Acc 48.0180
TestSub: S[1, 2, 3, 4, 5] Epoch  6 Finsh | Now_lr 0.0005/0.0005|Train Loss 0.2545 | Valid Loss 2.1173 | Train Acc 89.1531| Valid Acc 47.6836
TestSub: S[1, 2, 3, 4, 5] Epoch  7 Finsh | Now_lr 0.0005/0.0005|Train Loss 0.2307 | Valid Loss 2.2834 | Train Acc 90.4925| Valid Acc 47.5134
TestSub: S[1, 2, 3, 4, 5] Epoch  8 Finsh | Now_lr 0.0005/0.0005|Train Loss 0.2111 | Valid Loss 2.4492 | Train Acc 91.4342| Valid Acc 47.2033
TestSub: S[1, 2, 3, 4, 5] Epoch  9 Finsh | Now_lr 0.0005/0.0005|Train Loss 0.1946 | Valid Loss 2.4535 | Train Acc 92.1875| Valid Acc 47.7110
TestSub: S[1, 2, 3, 4, 5] Epoch 10 Finsh | Now_lr 0.0005/0.0005|Train Loss 0.1786 | Valid Loss 2.6160 | Train Acc 92.9116| Valid Acc 46.9844
TestSub: S[1, 2, 3, 4, 5] Epoch 11 Finsh | Now_lr 0.0005/0.0005|Train Loss 0.1661 | Valid Loss 2.6651 | Train Acc 93.5342| Valid Acc 47.1091
TestSub: S[1, 2, 3, 4, 5] Epoch 12 Finsh | Now_lr 0.0005/0.0005|Train Loss 0.1565 | Valid Loss 2.6971 | Train Acc 94.0072| Valid Acc 47.4191
TestSub: S[1, 2, 3, 4, 5] Epoch 13 Finsh | Now_lr 0.0005/0.0005|Train Loss 0.1464 | Valid Loss 2.7339 | Train Acc 94.4242| Valid Acc 47.8842
TestSub: S[1, 2, 3, 4, 5] Epoch 14 Finsh | Now_lr 0.0005/0.0005|Train Loss 0.1382 | Valid Loss 2.8334 | Train Acc 94.7659| Valid Acc 47.9390
TestSub: S[1, 2, 3, 4, 5] Epoch 15 Finsh | Now_lr 0.0005/0.0005|Train Loss 0.1268 | Valid Loss 2.9703 | Train Acc 95.2797| Valid Acc 48.0697
TestSub: S[1, 2, 3, 4, 5] Epoch 16 Finsh | Now_lr 0.0005/0.0005|Train Loss 0.1196 | Valid Loss 3.0400 | Train Acc 95.5441| Valid Acc 48.9117
TestSub: S[1, 2, 3, 4, 5] Epoch 17 Finsh | Now_lr 0.0005/0.0005|Train Loss 0.1150 | Valid Loss 2.9640 | Train Acc 95.7284| Valid Acc 49.9757
TestSub: S[1, 2, 3, 4, 5] Epoch 18 Finsh | Now_lr 0.0005/0.0005|Train Loss 0.1084 | Valid Loss 3.0750 | Train Acc 96.0159| Valid Acc 49.5866
TestSub: S[1, 2, 3, 4, 5] Epoch 19 Finsh | Now_lr 0.0005/0.0005|Train Loss 0.1046 | Valid Loss 3.0827 | Train Acc 96.1479| Valid Acc 49.6595
TestSub: S[1, 2, 3, 4, 5] Epoch 20 Finsh | Now_lr 0.0005/0.0005|Train Loss 0.0972 | Valid Loss 3.0852 | Train Acc 96.4208| Valid Acc 49.5015
TestSub: S[1, 2, 3, 4, 5] Epoch 21 Finsh | Now_lr 0.0005/0.0005|Train Loss 0.0953 | Valid Loss 3.1203 | Train Acc 96.4962| Valid Acc 49.3403
TestSub: S[1, 2, 3, 4, 5] Epoch 22 Finsh | Now_lr 0.0005/0.0005|Train Loss 0.0917 | Valid Loss 3.1379 | Train Acc 96.6403| Valid Acc 49.4346
TestSub: S[1, 2, 3, 4, 5] Epoch 23 Finsh | Now_lr 0.0005/0.0005|Train Loss 0.0862 | Valid Loss 3.2560 | Train Acc 96.8768| Valid Acc 49.5987
TestSub: S[1, 2, 3, 4, 5] Epoch 24 Finsh | Now_lr 0.0005/0.0005|Train Loss 0.0836 | Valid Loss 3.1526 | Train Acc 97.0100| Valid Acc 49.2339
TestSub: S[1, 2, 3, 4, 5] Epoch 25 Finsh | Now_lr 0.0005/0.0005|Train Loss 0.0797 | Valid Loss 3.3239 | Train Acc 97.1693| Valid Acc 49.4376
TestSub: S[1, 2, 3, 4, 5] Epoch 26 Finsh | Now_lr 0.0005/0.0005|Train Loss 0.0765 | Valid Loss 3.3033 | Train Acc 97.2495| Valid Acc 49.3920
TestSub: S[1, 2, 3, 4, 5] Epoch 27 Finsh | Now_lr 0.0005/0.0005|Train Loss 0.0753 | Valid Loss 3.3273 | Train Acc 97.3000| Valid Acc 49.9970
TestSub: S[1, 2, 3, 4, 5] Epoch 28 Finsh | Now_lr 0.0005/0.0005|Train Loss 0.0702 | Valid Loss 3.3455 | Train Acc 97.4824| Valid Acc 49.8906
TestSub: S[1, 2, 3, 4, 5] Epoch 29 Finsh | Now_lr 0.0005/0.0005|Train Loss 0.0688 | Valid Loss 3.6379 | Train Acc 97.5073| Valid Acc 49.3464
TestSub: S[1, 2, 3, 4, 5] Epoch 30 Finsh | Now_lr 0.0005/0.0005|Train Loss 0.0659 | Valid Loss 3.4108 | Train Acc 97.6544| Valid Acc 49.4011
TestSub: S[1, 2, 3, 4, 5] Epoch 31 Finsh | Now_lr 0.0005/0.0005|Train Loss 0.0644 | Valid Loss 3.6013 | Train Acc 97.6794| Valid Acc 50.1459
TestSub: S[1, 2, 3, 4, 5] Epoch 32 Finsh | Now_lr 0.0005/0.0005|Train Loss 0.0609 | Valid Loss 3.4869 | Train Acc 97.8465| Valid Acc 50.9332
Early stopping triggered after 32 epochs (30 epochs without improvement)
--------------------------------------------------
Test_Subject :S[1, 2, 3, 4, 5] |Best epoch:2 | Test Loss:1.2840 | Best Acc 51.0275 | Savemodel Acc 51.0275
--------------------------------------------------

========== Fold 2 ==========
Train IDs: [1, 2, 3, 4, 5, 11, 12, 13, 14, 15, 16, 17, 18, 19, 20, 21, 22, 23, 24, 25, 26, 27, 28, 29, 30]
Val IDs:   [6, 7, 8, 9, 10]
================================================================================
SSL PRE-TRAINING PHASE
================================================================================
Loading SSL data for subjects: [1, 2, 3, 4, 5, 11, 12, 13, 14, 15, 16, 17, 18, 19, 20, 21, 22, 23, 24, 25, 26, 27, 28, 29, 30]
SSL Config: mask_ratio=0.15, patch_masking=True
Loaded subject S1: (6580, 32, 128)
Loaded subject S2: (6580, 32, 128)
Loaded subject S3: (6580, 32, 128)
Loaded subject S4: (6580, 32, 128)
Loaded subject S5: (6580, 32, 128)
Loaded subject S11: (6580, 32, 128)
Loaded subject S12: (6580, 32, 128)
Loaded subject S13: (6580, 32, 128)
Loaded subject S14: (6580, 32, 128)
Loaded subject S15: (6580, 32, 128)
Loaded subject S16: (6580, 32, 128)
Loaded subject S17: (6580, 32, 128)
Loaded subject S18: (6580, 32, 128)
Loaded subject S19: (6580, 32, 128)
Loaded subject S20: (6580, 32, 128)
Loaded subject S21: (6580, 32, 128)
Loaded subject S22: (6580, 32, 128)
Loaded subject S23: (6580, 32, 128)
Loaded subject S24: (6580, 32, 128)
Loaded subject S25: (6580, 32, 128)
Loaded subject S26: (6580, 32, 128)
Loaded subject S27: (6580, 32, 128)
Loaded subject S28: (6580, 32, 128)
Loaded subject S29: (6580, 32, 128)
Loaded subject S30: (6580, 32, 128)
Total SSL data shape: (164500, 32, 128)
Patch info: 32×128 → 64 patches, masking 9 (15.0%)
🏗️  SSL Model Architecture:
   - SSL Enabled: True
   - SSL Approach: full_darnet
   - Training Mode: ssl
   - Decoder Type: EEGFullDARNetDecoder
   - Encoder parameters: 36,888
   - Decoder parameters: 4,388,192
   - Total parameters: 4,425,098
   - Decoder/Total ratio: 99.2%
==================================================
Starting SSL Pre-training
==================================================
=================================================================
Layer (type:depth-idx)                   Param #
=================================================================
DARNet                                   --
├─TokenEmbeddingOriginal: 1-1            --
│    └─Sequential: 2-1                   --
│    │    └─Conv2d: 3-1                  576
│    │    └─BatchNorm2d: 3-2             128
│    │    └─GELU: 3-3                    --
│    └─Sequential: 2-2                   --
│    │    └─Conv2d: 3-4                  32,784
│    │    └─BatchNorm2d: 3-5             32
│    │    └─GELU: 3-6                    --
│    └─PositionalEmbedding: 2-3          --
├─EEGFullDARNetDecoder: 1-2              --
│    └─Sequential: 2-4                   --
│    │    └─Linear: 3-7                  2,304
│    │    └─ReLU: 3-8                    --
│    │    └─Dropout: 3-9                 --
│    │    └─Linear: 3-10                 131,584
│    │    └─ReLU: 3-11                   --
│    │    └─Dropout: 3-12                --
│    │    └─Linear: 3-13                 4,202,496
│    └─Sequential: 2-5                   --
│    │    └─Conv1d: 3-14                 24,704
│    │    └─BatchNorm1d: 3-15            256
│    │    └─ReLU: 3-16                   --
│    │    └─Dropout: 3-17                --
│    └─Sequential: 2-6                   --
│    │    └─Conv1d: 3-18                 24,640
│    │    └─BatchNorm1d: 3-19            128
│    │    └─ReLU: 3-20                   --
│    │    └─Dropout: 3-21                --
│    └─Conv1d: 2-7                       2,080
├─Flatten: 1-3                           --
├─Linear: 1-4                            18
├─AttnRefine: 1-5                        --
│    └─MyAttention: 2-8                  --
│    │    └─Attention: 3-22              800
│    └─Refine: 2-9                       --
│    │    └─Conv1d: 3-23                 784
│    │    └─BatchNorm1d: 3-24            32
│    │    └─ELU: 3-25                    --
│    │    └─MaxPool1d: 3-26              --
│    └─AdaptiveAvgPool1d: 2-10           --
│    └─Linear: 2-11                      68
│    └─Flatten: 2-12                     --
├─AttnRefine: 1-6                        --
│    └─MyAttention: 2-13                 --
│    │    └─Attention: 3-27              800
│    └─Refine: 2-14                      --
│    │    └─Conv1d: 3-28                 784
│    │    └─BatchNorm1d: 3-29            32
│    │    └─ELU: 3-30                    --
│    │    └─MaxPool1d: 3-31              --
│    └─AdaptiveAvgPool1d: 2-15           --
│    └─Linear: 2-16                      68
│    └─Flatten: 2-17                     --
=================================================================
Total params: 4,425,098
Trainable params: 4,425,098
Non-trainable params: 0
=================================================================
SSL Epoch  1 | SSL Loss: 0.464535
SSL model saved at epoch 1 with loss 0.464535 to ./exps/cross-subject/DARNet_SSL_FullDARNet/ssl_models_task1_AAD_MM-AAD_original_ssl22025-10-14-16-30-02/ssl_best_model.pt
SSL model saved with loss 0.464535
SSL Epoch  2 | SSL Loss: 0.357159
SSL model saved at epoch 2 with loss 0.357159 to ./exps/cross-subject/DARNet_SSL_FullDARNet/ssl_models_task1_AAD_MM-AAD_original_ssl22025-10-14-16-30-02/ssl_best_model.pt
SSL model saved with loss 0.357159
SSL Epoch  3 | SSL Loss: 0.304312
SSL model saved at epoch 3 with loss 0.304312 to ./exps/cross-subject/DARNet_SSL_FullDARNet/ssl_models_task1_AAD_MM-AAD_original_ssl22025-10-14-16-30-02/ssl_best_model.pt
SSL model saved with loss 0.304312
SSL Epoch  4 | SSL Loss: 0.270265
SSL model saved at epoch 4 with loss 0.270265 to ./exps/cross-subject/DARNet_SSL_FullDARNet/ssl_models_task1_AAD_MM-AAD_original_ssl22025-10-14-16-30-02/ssl_best_model.pt
SSL model saved with loss 0.270265
SSL Epoch  5 | SSL Loss: 0.249183
SSL model saved at epoch 5 with loss 0.249183 to ./exps/cross-subject/DARNet_SSL_FullDARNet/ssl_models_task1_AAD_MM-AAD_original_ssl22025-10-14-16-30-02/ssl_best_model.pt
SSL model saved with loss 0.249183
SSL Epoch  6 | SSL Loss: 0.234097
SSL model saved at epoch 6 with loss 0.234097 to ./exps/cross-subject/DARNet_SSL_FullDARNet/ssl_models_task1_AAD_MM-AAD_original_ssl22025-10-14-16-30-02/ssl_best_model.pt
SSL model saved with loss 0.234097
SSL Epoch  7 | SSL Loss: 0.224679
SSL model saved at epoch 7 with loss 0.224679 to ./exps/cross-subject/DARNet_SSL_FullDARNet/ssl_models_task1_AAD_MM-AAD_original_ssl22025-10-14-16-30-02/ssl_best_model.pt
SSL model saved with loss 0.224679
SSL Epoch  8 | SSL Loss: 0.218813
SSL model saved at epoch 8 with loss 0.218813 to ./exps/cross-subject/DARNet_SSL_FullDARNet/ssl_models_task1_AAD_MM-AAD_original_ssl22025-10-14-16-30-02/ssl_best_model.pt
SSL model saved with loss 0.218813
SSL Epoch  9 | SSL Loss: 0.212803
SSL model saved at epoch 9 with loss 0.212803 to ./exps/cross-subject/DARNet_SSL_FullDARNet/ssl_models_task1_AAD_MM-AAD_original_ssl22025-10-14-16-30-02/ssl_best_model.pt
SSL model saved with loss 0.212803
SSL Epoch 10 | SSL Loss: 0.208314
SSL model saved at epoch 10 with loss 0.208314 to ./exps/cross-subject/DARNet_SSL_FullDARNet/ssl_models_task1_AAD_MM-AAD_original_ssl22025-10-14-16-30-02/ssl_best_model.pt
SSL model saved with loss 0.208314
SSL Epoch 11 | SSL Loss: 0.205323
SSL model saved at epoch 11 with loss 0.205323 to ./exps/cross-subject/DARNet_SSL_FullDARNet/ssl_models_task1_AAD_MM-AAD_original_ssl22025-10-14-16-30-02/ssl_best_model.pt
SSL model saved with loss 0.205323
SSL Epoch 12 | SSL Loss: 0.201487
SSL model saved at epoch 12 with loss 0.201487 to ./exps/cross-subject/DARNet_SSL_FullDARNet/ssl_models_task1_AAD_MM-AAD_original_ssl22025-10-14-16-30-02/ssl_best_model.pt
SSL model saved with loss 0.201487
SSL Epoch 13 | SSL Loss: 0.199428
SSL model saved at epoch 13 with loss 0.199428 to ./exps/cross-subject/DARNet_SSL_FullDARNet/ssl_models_task1_AAD_MM-AAD_original_ssl22025-10-14-16-30-02/ssl_best_model.pt
SSL model saved with loss 0.199428
SSL Epoch 14 | SSL Loss: 0.197419
SSL model saved at epoch 14 with loss 0.197419 to ./exps/cross-subject/DARNet_SSL_FullDARNet/ssl_models_task1_AAD_MM-AAD_original_ssl22025-10-14-16-30-02/ssl_best_model.pt
SSL model saved with loss 0.197419
SSL Epoch 15 | SSL Loss: 0.194371
SSL model saved at epoch 15 with loss 0.194371 to ./exps/cross-subject/DARNet_SSL_FullDARNet/ssl_models_task1_AAD_MM-AAD_original_ssl22025-10-14-16-30-02/ssl_best_model.pt
SSL model saved with loss 0.194371
SSL Epoch 16 | SSL Loss: 0.192797
SSL model saved at epoch 16 with loss 0.192797 to ./exps/cross-subject/DARNet_SSL_FullDARNet/ssl_models_task1_AAD_MM-AAD_original_ssl22025-10-14-16-30-02/ssl_best_model.pt
SSL model saved with loss 0.192797
SSL Epoch 17 | SSL Loss: 0.191340
SSL model saved at epoch 17 with loss 0.191340 to ./exps/cross-subject/DARNet_SSL_FullDARNet/ssl_models_task1_AAD_MM-AAD_original_ssl22025-10-14-16-30-02/ssl_best_model.pt
SSL model saved with loss 0.191340
SSL Epoch 18 | SSL Loss: 0.190110
SSL model saved at epoch 18 with loss 0.190110 to ./exps/cross-subject/DARNet_SSL_FullDARNet/ssl_models_task1_AAD_MM-AAD_original_ssl22025-10-14-16-30-02/ssl_best_model.pt
SSL model saved with loss 0.190110
SSL Epoch 19 | SSL Loss: 0.188493
SSL model saved at epoch 19 with loss 0.188493 to ./exps/cross-subject/DARNet_SSL_FullDARNet/ssl_models_task1_AAD_MM-AAD_original_ssl22025-10-14-16-30-02/ssl_best_model.pt
SSL model saved with loss 0.188493
SSL Epoch 20 | SSL Loss: 0.187985
SSL model saved at epoch 20 with loss 0.187985 to ./exps/cross-subject/DARNet_SSL_FullDARNet/ssl_models_task1_AAD_MM-AAD_original_ssl22025-10-14-16-30-02/ssl_best_model.pt
SSL model saved with loss 0.187985
SSL Epoch 21 | SSL Loss: 0.185813
SSL model saved at epoch 21 with loss 0.185813 to ./exps/cross-subject/DARNet_SSL_FullDARNet/ssl_models_task1_AAD_MM-AAD_original_ssl22025-10-14-16-30-02/ssl_best_model.pt
SSL model saved with loss 0.185813
SSL Epoch 22 | SSL Loss: 0.185971
SSL Epoch 23 | SSL Loss: 0.183523
SSL model saved at epoch 23 with loss 0.183523 to ./exps/cross-subject/DARNet_SSL_FullDARNet/ssl_models_task1_AAD_MM-AAD_original_ssl22025-10-14-16-30-02/ssl_best_model.pt
SSL model saved with loss 0.183523
SSL Epoch 24 | SSL Loss: 0.183211
SSL model saved at epoch 24 with loss 0.183211 to ./exps/cross-subject/DARNet_SSL_FullDARNet/ssl_models_task1_AAD_MM-AAD_original_ssl22025-10-14-16-30-02/ssl_best_model.pt
SSL model saved with loss 0.183211
SSL Epoch 25 | SSL Loss: 0.181905
SSL model saved at epoch 25 with loss 0.181905 to ./exps/cross-subject/DARNet_SSL_FullDARNet/ssl_models_task1_AAD_MM-AAD_original_ssl22025-10-14-16-30-02/ssl_best_model.pt
SSL model saved with loss 0.181905
SSL Epoch 26 | SSL Loss: 0.181101
SSL model saved at epoch 26 with loss 0.181101 to ./exps/cross-subject/DARNet_SSL_FullDARNet/ssl_models_task1_AAD_MM-AAD_original_ssl22025-10-14-16-30-02/ssl_best_model.pt
SSL model saved with loss 0.181101
SSL Epoch 27 | SSL Loss: 0.180647
SSL model saved at epoch 27 with loss 0.180647 to ./exps/cross-subject/DARNet_SSL_FullDARNet/ssl_models_task1_AAD_MM-AAD_original_ssl22025-10-14-16-30-02/ssl_best_model.pt
SSL model saved with loss 0.180647
SSL Epoch 28 | SSL Loss: 0.179478
SSL model saved at epoch 28 with loss 0.179478 to ./exps/cross-subject/DARNet_SSL_FullDARNet/ssl_models_task1_AAD_MM-AAD_original_ssl22025-10-14-16-30-02/ssl_best_model.pt
SSL model saved with loss 0.179478
SSL Epoch 29 | SSL Loss: 0.179167
SSL model saved at epoch 29 with loss 0.179167 to ./exps/cross-subject/DARNet_SSL_FullDARNet/ssl_models_task1_AAD_MM-AAD_original_ssl22025-10-14-16-30-02/ssl_best_model.pt
SSL model saved with loss 0.179167
SSL Epoch 30 | SSL Loss: 0.178480
SSL model saved at epoch 30 with loss 0.178480 to ./exps/cross-subject/DARNet_SSL_FullDARNet/ssl_models_task1_AAD_MM-AAD_original_ssl22025-10-14-16-30-02/ssl_best_model.pt
SSL model saved with loss 0.178480
==================================================
SSL Pre-training completed. Best loss: 0.178480
==================================================
train_data_shape(164500, 32, 128),val_data_shape(32900, 32, 128)
🔄 Loading SSL pre-trained weights from: ./exps/cross-subject/DARNet_SSL_FullDARNet/ssl_models_task1_AAD_MM-AAD_original_ssl22025-10-14-16-30-02/ssl_best_model.pt
📋 Available keys in SSL checkpoint: 67 total
  - token_embedding.embed_layer.0.weight: torch.Size([64, 1, 1, 8])
  - token_embedding.embed_layer.0.bias: torch.Size([64])
  - token_embedding.embed_layer.1.weight: torch.Size([64])
  - token_embedding.embed_layer.1.bias: torch.Size([64])
  - token_embedding.embed_layer.1.running_mean: torch.Size([64])
  - token_embedding.embed_layer.1.running_var: torch.Size([64])
  - token_embedding.embed_layer.1.num_batches_tracked: torch.Size([])
  - token_embedding.embed_layer2.0.weight: torch.Size([16, 64, 32, 1])
  - token_embedding.embed_layer2.0.bias: torch.Size([16])
  - token_embedding.embed_layer2.1.weight: torch.Size([16])
  - token_embedding.embed_layer2.1.bias: torch.Size([16])
  - token_embedding.embed_layer2.1.running_mean: torch.Size([16])
  - token_embedding.embed_layer2.1.running_var: torch.Size([16])
  - token_embedding.embed_layer2.1.num_batches_tracked: torch.Size([])
  - token_embedding.position_embedding.pe: torch.Size([1, 5000, 16])
  - ssl_decoder.feature_expand.0.weight: torch.Size([256, 8])
  - ssl_decoder.feature_expand.0.bias: torch.Size([256])
  - ssl_decoder.feature_expand.3.weight: torch.Size([512, 256])
  - ssl_decoder.feature_expand.3.bias: torch.Size([512])
  - ssl_decoder.feature_expand.6.weight: torch.Size([8192, 512])
  - ssl_decoder.feature_expand.6.bias: torch.Size([8192])
  - ssl_decoder.temporal_conv1.0.weight: torch.Size([128, 64, 3])
  - ssl_decoder.temporal_conv1.0.bias: torch.Size([128])
  - ssl_decoder.temporal_conv1.1.weight: torch.Size([128])
  - ssl_decoder.temporal_conv1.1.bias: torch.Size([128])
  - ssl_decoder.temporal_conv1.1.running_mean: torch.Size([128])
  - ssl_decoder.temporal_conv1.1.running_var: torch.Size([128])
  - ssl_decoder.temporal_conv1.1.num_batches_tracked: torch.Size([])
  - ssl_decoder.temporal_conv2.0.weight: torch.Size([64, 128, 3])
  - ssl_decoder.temporal_conv2.0.bias: torch.Size([64])
  - ssl_decoder.temporal_conv2.1.weight: torch.Size([64])
  - ssl_decoder.temporal_conv2.1.bias: torch.Size([64])
  - ssl_decoder.temporal_conv2.1.running_mean: torch.Size([64])
  - ssl_decoder.temporal_conv2.1.running_var: torch.Size([64])
  - ssl_decoder.temporal_conv2.1.num_batches_tracked: torch.Size([])
  - ssl_decoder.final_conv.weight: torch.Size([32, 64, 1])
  - ssl_decoder.final_conv.bias: torch.Size([32])
  - out.weight: torch.Size([2, 8])
  - out.bias: torch.Size([2])
  - stack1.attention.attention_layer.key.weight: torch.Size([16, 16])
  - stack1.attention.attention_layer.value.weight: torch.Size([16, 16])
  - stack1.attention.attention_layer.query.weight: torch.Size([16, 16])
  - stack1.attention.attention_layer.to_out.weight: torch.Size([16])
  - stack1.attention.attention_layer.to_out.bias: torch.Size([16])
  - stack1.conv_layer.downConv.weight: torch.Size([16, 16, 3])
  - stack1.conv_layer.downConv.bias: torch.Size([16])
  - stack1.conv_layer.norm.weight: torch.Size([16])
  - stack1.conv_layer.norm.bias: torch.Size([16])
  - stack1.conv_layer.norm.running_mean: torch.Size([16])
  - stack1.conv_layer.norm.running_var: torch.Size([16])
  - stack1.conv_layer.norm.num_batches_tracked: torch.Size([])
  - stack1.out.weight: torch.Size([4, 16])
  - stack1.out.bias: torch.Size([4])
  - stack2.attention.attention_layer.key.weight: torch.Size([16, 16])
  - stack2.attention.attention_layer.value.weight: torch.Size([16, 16])
  - stack2.attention.attention_layer.query.weight: torch.Size([16, 16])
  - stack2.attention.attention_layer.to_out.weight: torch.Size([16])
  - stack2.attention.attention_layer.to_out.bias: torch.Size([16])
  - stack2.conv_layer.downConv.weight: torch.Size([16, 16, 3])
  - stack2.conv_layer.downConv.bias: torch.Size([16])
  - stack2.conv_layer.norm.weight: torch.Size([16])
  - stack2.conv_layer.norm.bias: torch.Size([16])
  - stack2.conv_layer.norm.running_mean: torch.Size([16])
  - stack2.conv_layer.norm.running_var: torch.Size([16])
  - stack2.conv_layer.norm.num_batches_tracked: torch.Size([])
  - stack2.out.weight: torch.Size([4, 16])
  - stack2.out.bias: torch.Size([4])
🎯 SSL approach detected: full_darnet
  ✅ Loading: token_embedding.embed_layer.0.weight -> torch.Size([64, 1, 1, 8])
  ✅ Loading: token_embedding.embed_layer.0.bias -> torch.Size([64])
  ✅ Loading: token_embedding.embed_layer.1.weight -> torch.Size([64])
  ✅ Loading: token_embedding.embed_layer.1.bias -> torch.Size([64])
  ✅ Loading: token_embedding.embed_layer.1.running_mean -> torch.Size([64])
  ✅ Loading: token_embedding.embed_layer.1.running_var -> torch.Size([64])
  ✅ Loading: token_embedding.embed_layer.1.num_batches_tracked -> torch.Size([])
  ✅ Loading: token_embedding.embed_layer2.0.weight -> torch.Size([16, 64, 32, 1])
  ✅ Loading: token_embedding.embed_layer2.0.bias -> torch.Size([16])
  ✅ Loading: token_embedding.embed_layer2.1.weight -> torch.Size([16])
  ✅ Loading: token_embedding.embed_layer2.1.bias -> torch.Size([16])
  ✅ Loading: token_embedding.embed_layer2.1.running_mean -> torch.Size([16])
  ✅ Loading: token_embedding.embed_layer2.1.running_var -> torch.Size([16])
  ✅ Loading: token_embedding.embed_layer2.1.num_batches_tracked -> torch.Size([])
  ✅ Loading: token_embedding.position_embedding.pe -> torch.Size([1, 5000, 16])
  ❌ Skipping: ssl_decoder.feature_expand.0.weight (decoder component)
  ❌ Skipping: ssl_decoder.feature_expand.0.bias (decoder component)
  ❌ Skipping: ssl_decoder.feature_expand.3.weight (decoder component)
  ❌ Skipping: ssl_decoder.feature_expand.3.bias (decoder component)
  ❌ Skipping: ssl_decoder.feature_expand.6.weight (decoder component)
  ❌ Skipping: ssl_decoder.feature_expand.6.bias (decoder component)
  ❌ Skipping: ssl_decoder.temporal_conv1.0.weight (decoder component)
  ❌ Skipping: ssl_decoder.temporal_conv1.0.bias (decoder component)
  ❌ Skipping: ssl_decoder.temporal_conv1.1.weight (decoder component)
  ❌ Skipping: ssl_decoder.temporal_conv1.1.bias (decoder component)
  ❌ Skipping: ssl_decoder.temporal_conv1.1.running_mean (decoder component)
  ❌ Skipping: ssl_decoder.temporal_conv1.1.running_var (decoder component)
  ❌ Skipping: ssl_decoder.temporal_conv1.1.num_batches_tracked (decoder component)
  ❌ Skipping: ssl_decoder.temporal_conv2.0.weight (decoder component)
  ❌ Skipping: ssl_decoder.temporal_conv2.0.bias (decoder component)
  ❌ Skipping: ssl_decoder.temporal_conv2.1.weight (decoder component)
  ❌ Skipping: ssl_decoder.temporal_conv2.1.bias (decoder component)
  ❌ Skipping: ssl_decoder.temporal_conv2.1.running_mean (decoder component)
  ❌ Skipping: ssl_decoder.temporal_conv2.1.running_var (decoder component)
  ❌ Skipping: ssl_decoder.temporal_conv2.1.num_batches_tracked (decoder component)
  ❌ Skipping: ssl_decoder.final_conv.weight (decoder component)
  ❌ Skipping: ssl_decoder.final_conv.bias (decoder component)
  ❌ Skipping: out.weight (decoder component)
  ❌ Skipping: out.bias (decoder component)
  ✅ Loading: stack1.attention.attention_layer.key.weight -> torch.Size([16, 16])
  ✅ Loading: stack1.attention.attention_layer.value.weight -> torch.Size([16, 16])
  ✅ Loading: stack1.attention.attention_layer.query.weight -> torch.Size([16, 16])
  ✅ Loading: stack1.attention.attention_layer.to_out.weight -> torch.Size([16])
  ✅ Loading: stack1.attention.attention_layer.to_out.bias -> torch.Size([16])
  ✅ Loading: stack1.conv_layer.downConv.weight -> torch.Size([16, 16, 3])
  ✅ Loading: stack1.conv_layer.downConv.bias -> torch.Size([16])
  ✅ Loading: stack1.conv_layer.norm.weight -> torch.Size([16])
  ✅ Loading: stack1.conv_layer.norm.bias -> torch.Size([16])
  ✅ Loading: stack1.conv_layer.norm.running_mean -> torch.Size([16])
  ✅ Loading: stack1.conv_layer.norm.running_var -> torch.Size([16])
  ✅ Loading: stack1.conv_layer.norm.num_batches_tracked -> torch.Size([])
  ✅ Loading: stack1.out.weight -> torch.Size([4, 16])
  ✅ Loading: stack1.out.bias -> torch.Size([4])
  ✅ Loading: stack2.attention.attention_layer.key.weight -> torch.Size([16, 16])
  ✅ Loading: stack2.attention.attention_layer.value.weight -> torch.Size([16, 16])
  ✅ Loading: stack2.attention.attention_layer.query.weight -> torch.Size([16, 16])
  ✅ Loading: stack2.attention.attention_layer.to_out.weight -> torch.Size([16])
  ✅ Loading: stack2.attention.attention_layer.to_out.bias -> torch.Size([16])
  ✅ Loading: stack2.conv_layer.downConv.weight -> torch.Size([16, 16, 3])
  ✅ Loading: stack2.conv_layer.downConv.bias -> torch.Size([16])
  ✅ Loading: stack2.conv_layer.norm.weight -> torch.Size([16])
  ✅ Loading: stack2.conv_layer.norm.bias -> torch.Size([16])
  ✅ Loading: stack2.conv_layer.norm.running_mean -> torch.Size([16])
  ✅ Loading: stack2.conv_layer.norm.running_var -> torch.Size([16])
  ✅ Loading: stack2.conv_layer.norm.num_batches_tracked -> torch.Size([])
  ✅ Loading: stack2.out.weight -> torch.Size([4, 16])
  ✅ Loading: stack2.out.bias -> torch.Size([4])
🔧 Loading 43 encoder components into fine-tuning model...
⚠️  Missing keys (newly initialized): ['ssl_decoder.feature_expand.0.weight', 'ssl_decoder.feature_expand.0.bias', 'ssl_decoder.feature_expand.3.weight', 'ssl_decoder.feature_expand.3.bias', 'ssl_decoder.feature_expand.6.weight', 'ssl_decoder.feature_expand.6.bias', 'ssl_decoder.temporal_conv1.0.weight', 'ssl_decoder.temporal_conv1.0.bias', 'ssl_decoder.temporal_conv1.1.weight', 'ssl_decoder.temporal_conv1.1.bias', 'ssl_decoder.temporal_conv1.1.running_mean', 'ssl_decoder.temporal_conv1.1.running_var', 'ssl_decoder.temporal_conv2.0.weight', 'ssl_decoder.temporal_conv2.0.bias', 'ssl_decoder.temporal_conv2.1.weight', 'ssl_decoder.temporal_conv2.1.bias', 'ssl_decoder.temporal_conv2.1.running_mean', 'ssl_decoder.temporal_conv2.1.running_var', 'ssl_decoder.final_conv.weight', 'ssl_decoder.final_conv.bias', 'out.weight', 'out.bias']
✅ Successfully loaded SSL pre-trained weights!
🎯 SSL decoder removed, feature classifier ready for fine-tuning
==================================================
Starting Fine-tuning
==================================================
=================================================================
Layer (type:depth-idx)                   Param #
=================================================================
DARNet                                   --
├─TokenEmbeddingOriginal: 1-1            --
│    └─Sequential: 2-1                   --
│    │    └─Conv2d: 3-1                  576
│    │    └─BatchNorm2d: 3-2             128
│    │    └─GELU: 3-3                    --
│    └─Sequential: 2-2                   --
│    │    └─Conv2d: 3-4                  32,784
│    │    └─BatchNorm2d: 3-5             32
│    │    └─GELU: 3-6                    --
│    └─PositionalEmbedding: 2-3          --
├─EEGFullDARNetDecoder: 1-2              --
│    └─Sequential: 2-4                   --
│    │    └─Linear: 3-7                  2,304
│    │    └─ReLU: 3-8                    --
│    │    └─Dropout: 3-9                 --
│    │    └─Linear: 3-10                 131,584
│    │    └─ReLU: 3-11                   --
│    │    └─Dropout: 3-12                --
│    │    └─Linear: 3-13                 4,202,496
│    └─Sequential: 2-5                   --
│    │    └─Conv1d: 3-14                 24,704
│    │    └─BatchNorm1d: 3-15            256
│    │    └─ReLU: 3-16                   --
│    │    └─Dropout: 3-17                --
│    └─Sequential: 2-6                   --
│    │    └─Conv1d: 3-18                 24,640
│    │    └─BatchNorm1d: 3-19            128
│    │    └─ReLU: 3-20                   --
│    │    └─Dropout: 3-21                --
│    └─Conv1d: 2-7                       2,080
├─Flatten: 1-3                           --
├─Linear: 1-4                            18
├─AttnRefine: 1-5                        --
│    └─MyAttention: 2-8                  --
│    │    └─Attention: 3-22              800
│    └─Refine: 2-9                       --
│    │    └─Conv1d: 3-23                 784
│    │    └─BatchNorm1d: 3-24            32
│    │    └─ELU: 3-25                    --
│    │    └─MaxPool1d: 3-26              --
│    └─AdaptiveAvgPool1d: 2-10           --
│    └─Linear: 2-11                      68
│    └─Flatten: 2-12                     --
├─AttnRefine: 1-6                        --
│    └─MyAttention: 2-13                 --
│    │    └─Attention: 3-27              800
│    └─Refine: 2-14                      --
│    │    └─Conv1d: 3-28                 784
│    │    └─BatchNorm1d: 3-29            32
│    │    └─ELU: 3-30                    --
│    │    └─MaxPool1d: 3-31              --
│    └─AdaptiveAvgPool1d: 2-15           --
│    └─Linear: 2-16                      68
│    └─Flatten: 2-17                     --
=================================================================
Total params: 4,425,098
Trainable params: 4,425,098
Non-trainable params: 0
=================================================================
TestSub: S[6, 7, 8, 9, 10] Epoch  1 Finsh | Now_lr 0.0005/0.0005|Train Loss 0.6030 | Valid Loss 1.0024 | Train Acc 63.6102| Valid Acc 51.4591
Validation acc increase (0.000000 --> 51.459144) in epoch (1).  Saving model ...
TestSub: S[6, 7, 8, 9, 10] Epoch  2 Finsh | Now_lr 0.0005/0.0005|Train Loss 0.4208 | Valid Loss 1.4706 | Train Acc 78.8904| Valid Acc 51.8209
Validation acc increase (51.459144 --> 51.820890) in epoch (2).  Saving model ...
TestSub: S[6, 7, 8, 9, 10] Epoch  3 Finsh | Now_lr 0.0005/0.0005|Train Loss 0.3226 | Valid Loss 1.6920 | Train Acc 85.2535| Valid Acc 51.2099
TestSub: S[6, 7, 8, 9, 10] Epoch  4 Finsh | Now_lr 0.0005/0.0005|Train Loss 0.2649 | Valid Loss 2.0547 | Train Acc 88.5554| Valid Acc 49.3160
TestSub: S[6, 7, 8, 9, 10] Epoch  5 Finsh | Now_lr 0.0005/0.0005|Train Loss 0.2277 | Valid Loss 2.1553 | Train Acc 90.6177| Valid Acc 49.2583
TestSub: S[6, 7, 8, 9, 10] Epoch  6 Finsh | Now_lr 0.0005/0.0005|Train Loss 0.1969 | Valid Loss 2.1731 | Train Acc 92.1577| Valid Acc 49.5440
TestSub: S[6, 7, 8, 9, 10] Epoch  7 Finsh | Now_lr 0.0005/0.0005|Train Loss 0.1748 | Valid Loss 2.3137 | Train Acc 93.0800| Valid Acc 51.1856
TestSub: S[6, 7, 8, 9, 10] Epoch  8 Finsh | Now_lr 0.0005/0.0005|Train Loss 0.1550 | Valid Loss 2.5807 | Train Acc 93.9646| Valid Acc 50.7600
TestSub: S[6, 7, 8, 9, 10] Epoch  9 Finsh | Now_lr 0.0005/0.0005|Train Loss 0.1383 | Valid Loss 2.6137 | Train Acc 94.6832| Valid Acc 50.7478
TestSub: S[6, 7, 8, 9, 10] Epoch 10 Finsh | Now_lr 0.0005/0.0005|Train Loss 0.1278 | Valid Loss 2.6320 | Train Acc 95.1441| Valid Acc 50.5685
TestSub: S[6, 7, 8, 9, 10] Epoch 11 Finsh | Now_lr 0.0005/0.0005|Train Loss 0.1159 | Valid Loss 2.5192 | Train Acc 95.6390| Valid Acc 52.1310
Validation acc increase (51.820890 --> 52.130958) in epoch (11).  Saving model ...
TestSub: S[6, 7, 8, 9, 10] Epoch 12 Finsh | Now_lr 0.0005/0.0005|Train Loss 0.1056 | Valid Loss 2.7970 | Train Acc 96.0913| Valid Acc 52.0732
TestSub: S[6, 7, 8, 9, 10] Epoch 13 Finsh | Now_lr 0.0005/0.0005|Train Loss 0.0995 | Valid Loss 2.8129 | Train Acc 96.3795| Valid Acc 51.6415
TestSub: S[6, 7, 8, 9, 10] Epoch 14 Finsh | Now_lr 0.0005/0.0005|Train Loss 0.0920 | Valid Loss 3.0204 | Train Acc 96.6421| Valid Acc 50.4529
TestSub: S[6, 7, 8, 9, 10] Epoch 15 Finsh | Now_lr 0.0005/0.0005|Train Loss 0.0882 | Valid Loss 2.9796 | Train Acc 96.7856| Valid Acc 51.1308
TestSub: S[6, 7, 8, 9, 10] Epoch 16 Finsh | Now_lr 0.0005/0.0005|Train Loss 0.0810 | Valid Loss 2.9549 | Train Acc 97.0890| Valid Acc 50.8694
TestSub: S[6, 7, 8, 9, 10] Epoch 17 Finsh | Now_lr 0.0005/0.0005|Train Loss 0.0755 | Valid Loss 2.9798 | Train Acc 97.2769| Valid Acc 50.5654
TestSub: S[6, 7, 8, 9, 10] Epoch 18 Finsh | Now_lr 0.0005/0.0005|Train Loss 0.0739 | Valid Loss 3.2880 | Train Acc 97.3833| Valid Acc 51.0792
TestSub: S[6, 7, 8, 9, 10] Epoch 19 Finsh | Now_lr 0.0005/0.0005|Train Loss 0.0667 | Valid Loss 3.1155 | Train Acc 97.6003| Valid Acc 51.5686
TestSub: S[6, 7, 8, 9, 10] Epoch 20 Finsh | Now_lr 0.0005/0.0005|Train Loss 0.0646 | Valid Loss 3.2944 | Train Acc 97.7237| Valid Acc 52.7815
Validation acc increase (52.130958 --> 52.781493) in epoch (20).  Saving model ...
TestSub: S[6, 7, 8, 9, 10] Epoch 21 Finsh | Now_lr 0.0005/0.0005|Train Loss 0.0623 | Valid Loss 3.1840 | Train Acc 97.8119| Valid Acc 51.7966
TestSub: S[6, 7, 8, 9, 10] Epoch 22 Finsh | Now_lr 0.0005/0.0005|Train Loss 0.0592 | Valid Loss 3.4060 | Train Acc 97.9359| Valid Acc 51.0092
TestSub: S[6, 7, 8, 9, 10] Epoch 23 Finsh | Now_lr 0.0005/0.0005|Train Loss 0.0551 | Valid Loss 3.2614 | Train Acc 98.0338| Valid Acc 52.0398
TestSub: S[6, 7, 8, 9, 10] Epoch 24 Finsh | Now_lr 0.0005/0.0005|Train Loss 0.0550 | Valid Loss 3.4396 | Train Acc 98.1086| Valid Acc 51.5534
TestSub: S[6, 7, 8, 9, 10] Epoch 25 Finsh | Now_lr 0.0005/0.0005|Train Loss 0.0516 | Valid Loss 3.3956 | Train Acc 98.1742| Valid Acc 51.4348
TestSub: S[6, 7, 8, 9, 10] Epoch 26 Finsh | Now_lr 0.0005/0.0005|Train Loss 0.0481 | Valid Loss 3.6363 | Train Acc 98.2910| Valid Acc 51.1552
TestSub: S[6, 7, 8, 9, 10] Epoch 27 Finsh | Now_lr 0.0005/0.0005|Train Loss 0.0478 | Valid Loss 3.6874 | Train Acc 98.3378| Valid Acc 52.1066
TestSub: S[6, 7, 8, 9, 10] Epoch 28 Finsh | Now_lr 0.0005/0.0005|Train Loss 0.0462 | Valid Loss 3.6116 | Train Acc 98.3797| Valid Acc 53.0186
Validation acc increase (52.781493 --> 53.018604) in epoch (28).  Saving model ...
TestSub: S[6, 7, 8, 9, 10] Epoch 29 Finsh | Now_lr 0.0005/0.0005|Train Loss 0.0444 | Valid Loss 3.6477 | Train Acc 98.5007| Valid Acc 51.7054
TestSub: S[6, 7, 8, 9, 10] Epoch 30 Finsh | Now_lr 0.0005/0.0005|Train Loss 0.0430 | Valid Loss 3.4826 | Train Acc 98.5013| Valid Acc 51.8239
TestSub: S[6, 7, 8, 9, 10] Epoch 31 Finsh | Now_lr 0.0005/0.0005|Train Loss 0.0427 | Valid Loss 3.2844 | Train Acc 98.5305| Valid Acc 51.0761
TestSub: S[6, 7, 8, 9, 10] Epoch 32 Finsh | Now_lr 0.0005/0.0005|Train Loss 0.0404 | Valid Loss 3.4539 | Train Acc 98.6041| Valid Acc 52.2708
TestSub: S[6, 7, 8, 9, 10] Epoch 33 Finsh | Now_lr 0.0005/0.0005|Train Loss 0.0400 | Valid Loss 3.5107 | Train Acc 98.6400| Valid Acc 51.9394
TestSub: S[6, 7, 8, 9, 10] Epoch 34 Finsh | Now_lr 0.0005/0.0005|Train Loss 0.0381 | Valid Loss 3.4459 | Train Acc 98.6795| Valid Acc 53.0004
TestSub: S[6, 7, 8, 9, 10] Epoch 35 Finsh | Now_lr 0.0005/0.0005|Train Loss 0.0374 | Valid Loss 3.6693 | Train Acc 98.7439| Valid Acc 51.4774
TestSub: S[6, 7, 8, 9, 10] Epoch 36 Finsh | Now_lr 0.0005/0.0005|Train Loss 0.0351 | Valid Loss 3.8708 | Train Acc 98.7798| Valid Acc 52.5322
TestSub: S[6, 7, 8, 9, 10] Epoch 37 Finsh | Now_lr 0.0005/0.0005|Train Loss 0.0371 | Valid Loss 3.2708 | Train Acc 98.7518| Valid Acc 52.9943
TestSub: S[6, 7, 8, 9, 10] Epoch 38 Finsh | Now_lr 0.0005/0.0005|Train Loss 0.0336 | Valid Loss 3.7309 | Train Acc 98.8722| Valid Acc 52.9700
TestSub: S[6, 7, 8, 9, 10] Epoch 39 Finsh | Now_lr 0.0005/0.0005|Train Loss 0.0338 | Valid Loss 3.7770 | Train Acc 98.8181| Valid Acc 51.6719
TestSub: S[6, 7, 8, 9, 10] Epoch 40 Finsh | Now_lr 0.0005/0.0005|Train Loss 0.0314 | Valid Loss 3.7989 | Train Acc 98.9117| Valid Acc 53.4047
Validation acc increase (53.018604 --> 53.404669) in epoch (40).  Saving model ...
TestSub: S[6, 7, 8, 9, 10] Epoch 41 Finsh | Now_lr 0.0005/0.0005|Train Loss 0.0318 | Valid Loss 3.9102 | Train Acc 98.8983| Valid Acc 51.6598
TestSub: S[6, 7, 8, 9, 10] Epoch 42 Finsh | Now_lr 0.0005/0.0005|Train Loss 0.0321 | Valid Loss 3.5947 | Train Acc 98.8959| Valid Acc 52.7785
TestSub: S[6, 7, 8, 9, 10] Epoch 43 Finsh | Now_lr 0.0005/0.0005|Train Loss 0.0296 | Valid Loss 3.8217 | Train Acc 98.9750| Valid Acc 51.9486
TestSub: S[6, 7, 8, 9, 10] Epoch 44 Finsh | Now_lr 0.0005/0.0005|Train Loss 0.0301 | Valid Loss 3.8618 | Train Acc 98.9646| Valid Acc 52.3589
TestSub: S[6, 7, 8, 9, 10] Epoch 45 Finsh | Now_lr 0.0005/0.0005|Train Loss 0.0280 | Valid Loss 3.8652 | Train Acc 99.0430| Valid Acc 51.6750
TestSub: S[6, 7, 8, 9, 10] Epoch 46 Finsh | Now_lr 0.0005/0.0005|Train Loss 0.0271 | Valid Loss 3.4655 | Train Acc 99.0893| Valid Acc 52.3316
TestSub: S[6, 7, 8, 9, 10] Epoch 47 Finsh | Now_lr 0.0005/0.0005|Train Loss 0.0272 | Valid Loss 3.8343 | Train Acc 99.1020| Valid Acc 52.6569
TestSub: S[6, 7, 8, 9, 10] Epoch 48 Finsh | Now_lr 0.0005/0.0005|Train Loss 0.0279 | Valid Loss 3.8031 | Train Acc 99.0473| Valid Acc 51.5473
TestSub: S[6, 7, 8, 9, 10] Epoch 49 Finsh | Now_lr 0.0005/0.0005|Train Loss 0.0282 | Valid Loss 3.6720 | Train Acc 99.0430| Valid Acc 51.8330
TestSub: S[6, 7, 8, 9, 10] Epoch 50 Finsh | Now_lr 0.0005/0.0005|Train Loss 0.0257 | Valid Loss 3.7862 | Train Acc 99.1494| Valid Acc 51.8726
TestSub: S[6, 7, 8, 9, 10] Epoch 51 Finsh | Now_lr 0.0005/0.0005|Train Loss 0.0259 | Valid Loss 3.8486 | Train Acc 99.1057| Valid Acc 52.8362
TestSub: S[6, 7, 8, 9, 10] Epoch 52 Finsh | Now_lr 0.0005/0.0005|Train Loss 0.0254 | Valid Loss 3.8028 | Train Acc 99.1464| Valid Acc 52.1766
TestSub: S[6, 7, 8, 9, 10] Epoch 53 Finsh | Now_lr 0.0005/0.0005|Train Loss 0.0245 | Valid Loss 3.8626 | Train Acc 99.1640| Valid Acc 52.6538
TestSub: S[6, 7, 8, 9, 10] Epoch 54 Finsh | Now_lr 0.0005/0.0005|Train Loss 0.0251 | Valid Loss 3.6510 | Train Acc 99.1288| Valid Acc 51.8422
TestSub: S[6, 7, 8, 9, 10] Epoch 55 Finsh | Now_lr 0.0005/0.0005|Train Loss 0.0235 | Valid Loss 3.9300 | Train Acc 99.2060| Valid Acc 51.7145
TestSub: S[6, 7, 8, 9, 10] Epoch 56 Finsh | Now_lr 0.0005/0.0005|Train Loss 0.0242 | Valid Loss 3.5774 | Train Acc 99.1646| Valid Acc 53.5597
Validation acc increase (53.404669 --> 53.559703) in epoch (56).  Saving model ...
TestSub: S[6, 7, 8, 9, 10] Epoch 57 Finsh | Now_lr 0.0005/0.0005|Train Loss 0.0231 | Valid Loss 3.9725 | Train Acc 99.2333| Valid Acc 51.1308
TestSub: S[6, 7, 8, 9, 10] Epoch 58 Finsh | Now_lr 0.0005/0.0005|Train Loss 0.0210 | Valid Loss 4.1379 | Train Acc 99.3075| Valid Acc 51.7297
TestSub: S[6, 7, 8, 9, 10] Epoch 59 Finsh | Now_lr 0.0005/0.0005|Train Loss 0.0225 | Valid Loss 3.9275 | Train Acc 99.2352| Valid Acc 51.4774
TestSub: S[6, 7, 8, 9, 10] Epoch 60 Finsh | Now_lr 0.0005/0.0005|Train Loss 0.0223 | Valid Loss 3.8154 | Train Acc 99.2540| Valid Acc 51.5686
TestSub: S[6, 7, 8, 9, 10] Epoch 61 Finsh | Now_lr 0.0005/0.0005|Train Loss 0.0214 | Valid Loss 3.7015 | Train Acc 99.2972| Valid Acc 52.0793
TestSub: S[6, 7, 8, 9, 10] Epoch 62 Finsh | Now_lr 0.0005/0.0005|Train Loss 0.0210 | Valid Loss 3.8945 | Train Acc 99.3008| Valid Acc 52.5626
TestSub: S[6, 7, 8, 9, 10] Epoch 63 Finsh | Now_lr 0.0005/0.0005|Train Loss 0.0198 | Valid Loss 3.9632 | Train Acc 99.3343| Valid Acc 51.7905
TestSub: S[6, 7, 8, 9, 10] Epoch 64 Finsh | Now_lr 0.0005/0.0005|Train Loss 0.0201 | Valid Loss 4.1497 | Train Acc 99.3191| Valid Acc 51.0214
TestSub: S[6, 7, 8, 9, 10] Epoch 65 Finsh | Now_lr 0.0005/0.0005|Train Loss 0.0198 | Valid Loss 4.0019 | Train Acc 99.3209| Valid Acc 51.0153
TestSub: S[6, 7, 8, 9, 10] Epoch 66 Finsh | Now_lr 0.0005/0.0005|Train Loss 0.0199 | Valid Loss 3.8535 | Train Acc 99.3695| Valid Acc 51.6902
TestSub: S[6, 7, 8, 9, 10] Epoch 67 Finsh | Now_lr 0.0005/0.0005|Train Loss 0.0200 | Valid Loss 3.8160 | Train Acc 99.3324| Valid Acc 51.9698
TestSub: S[6, 7, 8, 9, 10] Epoch 68 Finsh | Now_lr 0.0005/0.0005|Train Loss 0.0194 | Valid Loss 3.8436 | Train Acc 99.3379| Valid Acc 51.2160
TestSub: S[6, 7, 8, 9, 10] Epoch 69 Finsh | Now_lr 0.0005/0.0005|Train Loss 0.0193 | Valid Loss 3.7729 | Train Acc 99.3780| Valid Acc 52.5261
TestSub: S[6, 7, 8, 9, 10] Epoch 70 Finsh | Now_lr 0.0005/0.0005|Train Loss 0.0187 | Valid Loss 4.0032 | Train Acc 99.3890| Valid Acc 52.7754
TestSub: S[6, 7, 8, 9, 10] Epoch 71 Finsh | Now_lr 0.0005/0.0005|Train Loss 0.0191 | Valid Loss 3.9488 | Train Acc 99.3586| Valid Acc 52.8453
TestSub: S[6, 7, 8, 9, 10] Epoch 72 Finsh | Now_lr 0.0005/0.0005|Train Loss 0.0186 | Valid Loss 3.7584 | Train Acc 99.3823| Valid Acc 51.3193
TestSub: S[6, 7, 8, 9, 10] Epoch 73 Finsh | Now_lr 0.0005/0.0005|Train Loss 0.0185 | Valid Loss 3.8645 | Train Acc 99.3878| Valid Acc 51.0670
TestSub: S[6, 7, 8, 9, 10] Epoch 74 Finsh | Now_lr 0.0005/0.0005|Train Loss 0.0184 | Valid Loss 3.6617 | Train Acc 99.3969| Valid Acc 52.1522
TestSub: S[6, 7, 8, 9, 10] Epoch 75 Finsh | Now_lr 0.0005/0.0005|Train Loss 0.0177 | Valid Loss 3.9868 | Train Acc 99.4382| Valid Acc 51.5169
TestSub: S[6, 7, 8, 9, 10] Epoch 76 Finsh | Now_lr 0.0005/0.0005|Train Loss 0.0177 | Valid Loss 3.8733 | Train Acc 99.4285| Valid Acc 50.9454
TestSub: S[6, 7, 8, 9, 10] Epoch 77 Finsh | Now_lr 0.0005/0.0005|Train Loss 0.0179 | Valid Loss 3.7765 | Train Acc 99.4133| Valid Acc 51.9668
TestSub: S[6, 7, 8, 9, 10] Epoch 78 Finsh | Now_lr 0.0005/0.0005|Train Loss 0.0172 | Valid Loss 4.1274 | Train Acc 99.4127| Valid Acc 51.8634
TestSub: S[6, 7, 8, 9, 10] Epoch 79 Finsh | Now_lr 0.0005/0.0005|Train Loss 0.0161 | Valid Loss 4.0548 | Train Acc 99.4358| Valid Acc 52.6599
TestSub: S[6, 7, 8, 9, 10] Epoch 80 Finsh | Now_lr 0.0005/0.0005|Train Loss 0.0166 | Valid Loss 4.2085 | Train Acc 99.4656| Valid Acc 52.0610
TestSub: S[6, 7, 8, 9, 10] Epoch 81 Finsh | Now_lr 0.0005/0.0005|Train Loss 0.0170 | Valid Loss 4.1933 | Train Acc 99.4443| Valid Acc 51.5230
TestSub: S[6, 7, 8, 9, 10] Epoch 82 Finsh | Now_lr 0.0005/0.0005|Train Loss 0.0171 | Valid Loss 3.9236 | Train Acc 99.4394| Valid Acc 51.4470
TestSub: S[6, 7, 8, 9, 10] Epoch 83 Finsh | Now_lr 0.0005/0.0005|Train Loss 0.0168 | Valid Loss 3.8874 | Train Acc 99.4425| Valid Acc 52.0519
TestSub: S[6, 7, 8, 9, 10] Epoch 84 Finsh | Now_lr 0.0005/0.0005|Train Loss 0.0170 | Valid Loss 4.0101 | Train Acc 99.4583| Valid Acc 53.1280
TestSub: S[6, 7, 8, 9, 10] Epoch 85 Finsh | Now_lr 0.0005/0.0005|Train Loss 0.0156 | Valid Loss 4.2400 | Train Acc 99.4887| Valid Acc 52.5626
TestSub: S[6, 7, 8, 9, 10] Epoch 86 Finsh | Now_lr 0.0005/0.0005|Train Loss 0.0164 | Valid Loss 3.9413 | Train Acc 99.4589| Valid Acc 52.8970
Early stopping triggered after 86 epochs (30 epochs without improvement)
--------------------------------------------------
Test_Subject :S[6, 7, 8, 9, 10] |Best epoch:56 | Test Loss:3.5774 | Best Acc 53.5597 | Savemodel Acc 53.5597
--------------------------------------------------

========== Fold 3 ==========
Train IDs: [1, 2, 3, 4, 5, 6, 7, 8, 9, 10, 16, 17, 18, 19, 20, 21, 22, 23, 24, 25, 26, 27, 28, 29, 30]
Val IDs:   [11, 12, 13, 14, 15]
================================================================================
SSL PRE-TRAINING PHASE
================================================================================
Loading SSL data for subjects: [1, 2, 3, 4, 5, 6, 7, 8, 9, 10, 16, 17, 18, 19, 20, 21, 22, 23, 24, 25, 26, 27, 28, 29, 30]
SSL Config: mask_ratio=0.15, patch_masking=True
Loaded subject S1: (6580, 32, 128)
Loaded subject S2: (6580, 32, 128)
Loaded subject S3: (6580, 32, 128)
Loaded subject S4: (6580, 32, 128)
Loaded subject S5: (6580, 32, 128)
Loaded subject S6: (6580, 32, 128)
Loaded subject S7: (6580, 32, 128)
Loaded subject S8: (6580, 32, 128)
Loaded subject S9: (6580, 32, 128)
Loaded subject S10: (6580, 32, 128)
Loaded subject S16: (6580, 32, 128)
Loaded subject S17: (6580, 32, 128)
Loaded subject S18: (6580, 32, 128)
Loaded subject S19: (6580, 32, 128)
Loaded subject S20: (6580, 32, 128)
Loaded subject S21: (6580, 32, 128)
Loaded subject S22: (6580, 32, 128)
Loaded subject S23: (6580, 32, 128)
Loaded subject S24: (6580, 32, 128)
Loaded subject S25: (6580, 32, 128)
Loaded subject S26: (6580, 32, 128)
Loaded subject S27: (6580, 32, 128)
Loaded subject S28: (6580, 32, 128)
Loaded subject S29: (6580, 32, 128)
Loaded subject S30: (6580, 32, 128)
Total SSL data shape: (164500, 32, 128)
Patch info: 32×128 → 64 patches, masking 9 (15.0%)
🏗️  SSL Model Architecture:
   - SSL Enabled: True
   - SSL Approach: full_darnet
   - Training Mode: ssl
   - Decoder Type: EEGFullDARNetDecoder
   - Encoder parameters: 36,888
   - Decoder parameters: 4,388,192
   - Total parameters: 4,425,098
   - Decoder/Total ratio: 99.2%
==================================================
Starting SSL Pre-training
==================================================
=================================================================
Layer (type:depth-idx)                   Param #
=================================================================
DARNet                                   --
├─TokenEmbeddingOriginal: 1-1            --
│    └─Sequential: 2-1                   --
│    │    └─Conv2d: 3-1                  576
│    │    └─BatchNorm2d: 3-2             128
│    │    └─GELU: 3-3                    --
│    └─Sequential: 2-2                   --
│    │    └─Conv2d: 3-4                  32,784
│    │    └─BatchNorm2d: 3-5             32
│    │    └─GELU: 3-6                    --
│    └─PositionalEmbedding: 2-3          --
├─EEGFullDARNetDecoder: 1-2              --
│    └─Sequential: 2-4                   --
│    │    └─Linear: 3-7                  2,304
│    │    └─ReLU: 3-8                    --
│    │    └─Dropout: 3-9                 --
│    │    └─Linear: 3-10                 131,584
│    │    └─ReLU: 3-11                   --
│    │    └─Dropout: 3-12                --
│    │    └─Linear: 3-13                 4,202,496
│    └─Sequential: 2-5                   --
│    │    └─Conv1d: 3-14                 24,704
│    │    └─BatchNorm1d: 3-15            256
│    │    └─ReLU: 3-16                   --
│    │    └─Dropout: 3-17                --
│    └─Sequential: 2-6                   --
│    │    └─Conv1d: 3-18                 24,640
│    │    └─BatchNorm1d: 3-19            128
│    │    └─ReLU: 3-20                   --
│    │    └─Dropout: 3-21                --
│    └─Conv1d: 2-7                       2,080
├─Flatten: 1-3                           --
├─Linear: 1-4                            18
├─AttnRefine: 1-5                        --
│    └─MyAttention: 2-8                  --
│    │    └─Attention: 3-22              800
│    └─Refine: 2-9                       --
│    │    └─Conv1d: 3-23                 784
│    │    └─BatchNorm1d: 3-24            32
│    │    └─ELU: 3-25                    --
│    │    └─MaxPool1d: 3-26              --
│    └─AdaptiveAvgPool1d: 2-10           --
│    └─Linear: 2-11                      68
│    └─Flatten: 2-12                     --
├─AttnRefine: 1-6                        --
│    └─MyAttention: 2-13                 --
│    │    └─Attention: 3-27              800
│    └─Refine: 2-14                      --
│    │    └─Conv1d: 3-28                 784
│    │    └─BatchNorm1d: 3-29            32
│    │    └─ELU: 3-30                    --
│    │    └─MaxPool1d: 3-31              --
│    └─AdaptiveAvgPool1d: 2-15           --
│    └─Linear: 2-16                      68
│    └─Flatten: 2-17                     --
=================================================================
Total params: 4,425,098
Trainable params: 4,425,098
Non-trainable params: 0
=================================================================
SSL Epoch  1 | SSL Loss: 0.465068
SSL model saved at epoch 1 with loss 0.465068 to ./exps/cross-subject/DARNet_SSL_FullDARNet/ssl_models_task1_AAD_MM-AAD_original_ssl22025-10-14-16-30-02/ssl_best_model.pt
SSL model saved with loss 0.465068
SSL Epoch  2 | SSL Loss: 0.337530
SSL model saved at epoch 2 with loss 0.337530 to ./exps/cross-subject/DARNet_SSL_FullDARNet/ssl_models_task1_AAD_MM-AAD_original_ssl22025-10-14-16-30-02/ssl_best_model.pt
SSL model saved with loss 0.337530
SSL Epoch  3 | SSL Loss: 0.283783
SSL model saved at epoch 3 with loss 0.283783 to ./exps/cross-subject/DARNet_SSL_FullDARNet/ssl_models_task1_AAD_MM-AAD_original_ssl22025-10-14-16-30-02/ssl_best_model.pt
SSL model saved with loss 0.283783
SSL Epoch  4 | SSL Loss: 0.258120
SSL model saved at epoch 4 with loss 0.258120 to ./exps/cross-subject/DARNet_SSL_FullDARNet/ssl_models_task1_AAD_MM-AAD_original_ssl22025-10-14-16-30-02/ssl_best_model.pt
SSL model saved with loss 0.258120
SSL Epoch  5 | SSL Loss: 0.242869
SSL model saved at epoch 5 with loss 0.242869 to ./exps/cross-subject/DARNet_SSL_FullDARNet/ssl_models_task1_AAD_MM-AAD_original_ssl22025-10-14-16-30-02/ssl_best_model.pt
SSL model saved with loss 0.242869
SSL Epoch  6 | SSL Loss: 0.233231
SSL model saved at epoch 6 with loss 0.233231 to ./exps/cross-subject/DARNet_SSL_FullDARNet/ssl_models_task1_AAD_MM-AAD_original_ssl22025-10-14-16-30-02/ssl_best_model.pt
SSL model saved with loss 0.233231
SSL Epoch  7 | SSL Loss: 0.224862
SSL model saved at epoch 7 with loss 0.224862 to ./exps/cross-subject/DARNet_SSL_FullDARNet/ssl_models_task1_AAD_MM-AAD_original_ssl22025-10-14-16-30-02/ssl_best_model.pt
SSL model saved with loss 0.224862
SSL Epoch  8 | SSL Loss: 0.218314
SSL model saved at epoch 8 with loss 0.218314 to ./exps/cross-subject/DARNet_SSL_FullDARNet/ssl_models_task1_AAD_MM-AAD_original_ssl22025-10-14-16-30-02/ssl_best_model.pt
SSL model saved with loss 0.218314
SSL Epoch  9 | SSL Loss: 0.213489
SSL model saved at epoch 9 with loss 0.213489 to ./exps/cross-subject/DARNet_SSL_FullDARNet/ssl_models_task1_AAD_MM-AAD_original_ssl22025-10-14-16-30-02/ssl_best_model.pt
SSL model saved with loss 0.213489
SSL Epoch 10 | SSL Loss: 0.209314
SSL model saved at epoch 10 with loss 0.209314 to ./exps/cross-subject/DARNet_SSL_FullDARNet/ssl_models_task1_AAD_MM-AAD_original_ssl22025-10-14-16-30-02/ssl_best_model.pt
SSL model saved with loss 0.209314
SSL Epoch 11 | SSL Loss: 0.205814
SSL model saved at epoch 11 with loss 0.205814 to ./exps/cross-subject/DARNet_SSL_FullDARNet/ssl_models_task1_AAD_MM-AAD_original_ssl22025-10-14-16-30-02/ssl_best_model.pt
SSL model saved with loss 0.205814
SSL Epoch 12 | SSL Loss: 0.202072
SSL model saved at epoch 12 with loss 0.202072 to ./exps/cross-subject/DARNet_SSL_FullDARNet/ssl_models_task1_AAD_MM-AAD_original_ssl22025-10-14-16-30-02/ssl_best_model.pt
SSL model saved with loss 0.202072
SSL Epoch 13 | SSL Loss: 0.199569
SSL model saved at epoch 13 with loss 0.199569 to ./exps/cross-subject/DARNet_SSL_FullDARNet/ssl_models_task1_AAD_MM-AAD_original_ssl22025-10-14-16-30-02/ssl_best_model.pt
SSL model saved with loss 0.199569
SSL Epoch 14 | SSL Loss: 0.197677
SSL model saved at epoch 14 with loss 0.197677 to ./exps/cross-subject/DARNet_SSL_FullDARNet/ssl_models_task1_AAD_MM-AAD_original_ssl22025-10-14-16-30-02/ssl_best_model.pt
SSL model saved with loss 0.197677
SSL Epoch 15 | SSL Loss: 0.195531
SSL model saved at epoch 15 with loss 0.195531 to ./exps/cross-subject/DARNet_SSL_FullDARNet/ssl_models_task1_AAD_MM-AAD_original_ssl22025-10-14-16-30-02/ssl_best_model.pt
SSL model saved with loss 0.195531
SSL Epoch 16 | SSL Loss: 0.193669
SSL model saved at epoch 16 with loss 0.193669 to ./exps/cross-subject/DARNet_SSL_FullDARNet/ssl_models_task1_AAD_MM-AAD_original_ssl22025-10-14-16-30-02/ssl_best_model.pt
SSL model saved with loss 0.193669
SSL Epoch 17 | SSL Loss: 0.191632
SSL model saved at epoch 17 with loss 0.191632 to ./exps/cross-subject/DARNet_SSL_FullDARNet/ssl_models_task1_AAD_MM-AAD_original_ssl22025-10-14-16-30-02/ssl_best_model.pt
SSL model saved with loss 0.191632
SSL Epoch 18 | SSL Loss: 0.190220
SSL model saved at epoch 18 with loss 0.190220 to ./exps/cross-subject/DARNet_SSL_FullDARNet/ssl_models_task1_AAD_MM-AAD_original_ssl22025-10-14-16-30-02/ssl_best_model.pt
SSL model saved with loss 0.190220
SSL Epoch 19 | SSL Loss: 0.189098
SSL model saved at epoch 19 with loss 0.189098 to ./exps/cross-subject/DARNet_SSL_FullDARNet/ssl_models_task1_AAD_MM-AAD_original_ssl22025-10-14-16-30-02/ssl_best_model.pt
SSL model saved with loss 0.189098
SSL Epoch 20 | SSL Loss: 0.187368
SSL model saved at epoch 20 with loss 0.187368 to ./exps/cross-subject/DARNet_SSL_FullDARNet/ssl_models_task1_AAD_MM-AAD_original_ssl22025-10-14-16-30-02/ssl_best_model.pt
SSL model saved with loss 0.187368
SSL Epoch 21 | SSL Loss: 0.186261
SSL model saved at epoch 21 with loss 0.186261 to ./exps/cross-subject/DARNet_SSL_FullDARNet/ssl_models_task1_AAD_MM-AAD_original_ssl22025-10-14-16-30-02/ssl_best_model.pt
SSL model saved with loss 0.186261
SSL Epoch 22 | SSL Loss: 0.185342
SSL model saved at epoch 22 with loss 0.185342 to ./exps/cross-subject/DARNet_SSL_FullDARNet/ssl_models_task1_AAD_MM-AAD_original_ssl22025-10-14-16-30-02/ssl_best_model.pt
SSL model saved with loss 0.185342
SSL Epoch 23 | SSL Loss: 0.184657
SSL model saved at epoch 23 with loss 0.184657 to ./exps/cross-subject/DARNet_SSL_FullDARNet/ssl_models_task1_AAD_MM-AAD_original_ssl22025-10-14-16-30-02/ssl_best_model.pt
SSL model saved with loss 0.184657
SSL Epoch 24 | SSL Loss: 0.183731
SSL model saved at epoch 24 with loss 0.183731 to ./exps/cross-subject/DARNet_SSL_FullDARNet/ssl_models_task1_AAD_MM-AAD_original_ssl22025-10-14-16-30-02/ssl_best_model.pt
SSL model saved with loss 0.183731
SSL Epoch 25 | SSL Loss: 0.182504
SSL model saved at epoch 25 with loss 0.182504 to ./exps/cross-subject/DARNet_SSL_FullDARNet/ssl_models_task1_AAD_MM-AAD_original_ssl22025-10-14-16-30-02/ssl_best_model.pt
SSL model saved with loss 0.182504
SSL Epoch 26 | SSL Loss: 0.181787
SSL model saved at epoch 26 with loss 0.181787 to ./exps/cross-subject/DARNet_SSL_FullDARNet/ssl_models_task1_AAD_MM-AAD_original_ssl22025-10-14-16-30-02/ssl_best_model.pt
SSL model saved with loss 0.181787
SSL Epoch 27 | SSL Loss: 0.180792
SSL model saved at epoch 27 with loss 0.180792 to ./exps/cross-subject/DARNet_SSL_FullDARNet/ssl_models_task1_AAD_MM-AAD_original_ssl22025-10-14-16-30-02/ssl_best_model.pt
SSL model saved with loss 0.180792
SSL Epoch 28 | SSL Loss: 0.180703
SSL model saved at epoch 28 with loss 0.180703 to ./exps/cross-subject/DARNet_SSL_FullDARNet/ssl_models_task1_AAD_MM-AAD_original_ssl22025-10-14-16-30-02/ssl_best_model.pt
SSL model saved with loss 0.180703
SSL Epoch 29 | SSL Loss: 0.179747
SSL model saved at epoch 29 with loss 0.179747 to ./exps/cross-subject/DARNet_SSL_FullDARNet/ssl_models_task1_AAD_MM-AAD_original_ssl22025-10-14-16-30-02/ssl_best_model.pt
SSL model saved with loss 0.179747
SSL Epoch 30 | SSL Loss: 0.179510
SSL model saved at epoch 30 with loss 0.179510 to ./exps/cross-subject/DARNet_SSL_FullDARNet/ssl_models_task1_AAD_MM-AAD_original_ssl22025-10-14-16-30-02/ssl_best_model.pt
SSL model saved with loss 0.179510
==================================================
SSL Pre-training completed. Best loss: 0.179510
==================================================
train_data_shape(164500, 32, 128),val_data_shape(32900, 32, 128)
🔄 Loading SSL pre-trained weights from: ./exps/cross-subject/DARNet_SSL_FullDARNet/ssl_models_task1_AAD_MM-AAD_original_ssl22025-10-14-16-30-02/ssl_best_model.pt
📋 Available keys in SSL checkpoint: 67 total
  - token_embedding.embed_layer.0.weight: torch.Size([64, 1, 1, 8])
  - token_embedding.embed_layer.0.bias: torch.Size([64])
  - token_embedding.embed_layer.1.weight: torch.Size([64])
  - token_embedding.embed_layer.1.bias: torch.Size([64])
  - token_embedding.embed_layer.1.running_mean: torch.Size([64])
  - token_embedding.embed_layer.1.running_var: torch.Size([64])
  - token_embedding.embed_layer.1.num_batches_tracked: torch.Size([])
  - token_embedding.embed_layer2.0.weight: torch.Size([16, 64, 32, 1])
  - token_embedding.embed_layer2.0.bias: torch.Size([16])
  - token_embedding.embed_layer2.1.weight: torch.Size([16])
  - token_embedding.embed_layer2.1.bias: torch.Size([16])
  - token_embedding.embed_layer2.1.running_mean: torch.Size([16])
  - token_embedding.embed_layer2.1.running_var: torch.Size([16])
  - token_embedding.embed_layer2.1.num_batches_tracked: torch.Size([])
  - token_embedding.position_embedding.pe: torch.Size([1, 5000, 16])
  - ssl_decoder.feature_expand.0.weight: torch.Size([256, 8])
  - ssl_decoder.feature_expand.0.bias: torch.Size([256])
  - ssl_decoder.feature_expand.3.weight: torch.Size([512, 256])
  - ssl_decoder.feature_expand.3.bias: torch.Size([512])
  - ssl_decoder.feature_expand.6.weight: torch.Size([8192, 512])
  - ssl_decoder.feature_expand.6.bias: torch.Size([8192])
  - ssl_decoder.temporal_conv1.0.weight: torch.Size([128, 64, 3])
  - ssl_decoder.temporal_conv1.0.bias: torch.Size([128])
  - ssl_decoder.temporal_conv1.1.weight: torch.Size([128])
  - ssl_decoder.temporal_conv1.1.bias: torch.Size([128])
  - ssl_decoder.temporal_conv1.1.running_mean: torch.Size([128])
  - ssl_decoder.temporal_conv1.1.running_var: torch.Size([128])
  - ssl_decoder.temporal_conv1.1.num_batches_tracked: torch.Size([])
  - ssl_decoder.temporal_conv2.0.weight: torch.Size([64, 128, 3])
  - ssl_decoder.temporal_conv2.0.bias: torch.Size([64])
  - ssl_decoder.temporal_conv2.1.weight: torch.Size([64])
  - ssl_decoder.temporal_conv2.1.bias: torch.Size([64])
  - ssl_decoder.temporal_conv2.1.running_mean: torch.Size([64])
  - ssl_decoder.temporal_conv2.1.running_var: torch.Size([64])
  - ssl_decoder.temporal_conv2.1.num_batches_tracked: torch.Size([])
  - ssl_decoder.final_conv.weight: torch.Size([32, 64, 1])
  - ssl_decoder.final_conv.bias: torch.Size([32])
  - out.weight: torch.Size([2, 8])
  - out.bias: torch.Size([2])
  - stack1.attention.attention_layer.key.weight: torch.Size([16, 16])
  - stack1.attention.attention_layer.value.weight: torch.Size([16, 16])
  - stack1.attention.attention_layer.query.weight: torch.Size([16, 16])
  - stack1.attention.attention_layer.to_out.weight: torch.Size([16])
  - stack1.attention.attention_layer.to_out.bias: torch.Size([16])
  - stack1.conv_layer.downConv.weight: torch.Size([16, 16, 3])
  - stack1.conv_layer.downConv.bias: torch.Size([16])
  - stack1.conv_layer.norm.weight: torch.Size([16])
  - stack1.conv_layer.norm.bias: torch.Size([16])
  - stack1.conv_layer.norm.running_mean: torch.Size([16])
  - stack1.conv_layer.norm.running_var: torch.Size([16])
  - stack1.conv_layer.norm.num_batches_tracked: torch.Size([])
  - stack1.out.weight: torch.Size([4, 16])
  - stack1.out.bias: torch.Size([4])
  - stack2.attention.attention_layer.key.weight: torch.Size([16, 16])
  - stack2.attention.attention_layer.value.weight: torch.Size([16, 16])
  - stack2.attention.attention_layer.query.weight: torch.Size([16, 16])
  - stack2.attention.attention_layer.to_out.weight: torch.Size([16])
  - stack2.attention.attention_layer.to_out.bias: torch.Size([16])
  - stack2.conv_layer.downConv.weight: torch.Size([16, 16, 3])
  - stack2.conv_layer.downConv.bias: torch.Size([16])
  - stack2.conv_layer.norm.weight: torch.Size([16])
  - stack2.conv_layer.norm.bias: torch.Size([16])
  - stack2.conv_layer.norm.running_mean: torch.Size([16])
  - stack2.conv_layer.norm.running_var: torch.Size([16])
  - stack2.conv_layer.norm.num_batches_tracked: torch.Size([])
  - stack2.out.weight: torch.Size([4, 16])
  - stack2.out.bias: torch.Size([4])
🎯 SSL approach detected: full_darnet
  ✅ Loading: token_embedding.embed_layer.0.weight -> torch.Size([64, 1, 1, 8])
  ✅ Loading: token_embedding.embed_layer.0.bias -> torch.Size([64])
  ✅ Loading: token_embedding.embed_layer.1.weight -> torch.Size([64])
  ✅ Loading: token_embedding.embed_layer.1.bias -> torch.Size([64])
  ✅ Loading: token_embedding.embed_layer.1.running_mean -> torch.Size([64])
  ✅ Loading: token_embedding.embed_layer.1.running_var -> torch.Size([64])
  ✅ Loading: token_embedding.embed_layer.1.num_batches_tracked -> torch.Size([])
  ✅ Loading: token_embedding.embed_layer2.0.weight -> torch.Size([16, 64, 32, 1])
  ✅ Loading: token_embedding.embed_layer2.0.bias -> torch.Size([16])
  ✅ Loading: token_embedding.embed_layer2.1.weight -> torch.Size([16])
  ✅ Loading: token_embedding.embed_layer2.1.bias -> torch.Size([16])
  ✅ Loading: token_embedding.embed_layer2.1.running_mean -> torch.Size([16])
  ✅ Loading: token_embedding.embed_layer2.1.running_var -> torch.Size([16])
  ✅ Loading: token_embedding.embed_layer2.1.num_batches_tracked -> torch.Size([])
  ✅ Loading: token_embedding.position_embedding.pe -> torch.Size([1, 5000, 16])
  ❌ Skipping: ssl_decoder.feature_expand.0.weight (decoder component)
  ❌ Skipping: ssl_decoder.feature_expand.0.bias (decoder component)
  ❌ Skipping: ssl_decoder.feature_expand.3.weight (decoder component)
  ❌ Skipping: ssl_decoder.feature_expand.3.bias (decoder component)
  ❌ Skipping: ssl_decoder.feature_expand.6.weight (decoder component)
  ❌ Skipping: ssl_decoder.feature_expand.6.bias (decoder component)
  ❌ Skipping: ssl_decoder.temporal_conv1.0.weight (decoder component)
  ❌ Skipping: ssl_decoder.temporal_conv1.0.bias (decoder component)
  ❌ Skipping: ssl_decoder.temporal_conv1.1.weight (decoder component)
  ❌ Skipping: ssl_decoder.temporal_conv1.1.bias (decoder component)
  ❌ Skipping: ssl_decoder.temporal_conv1.1.running_mean (decoder component)
  ❌ Skipping: ssl_decoder.temporal_conv1.1.running_var (decoder component)
  ❌ Skipping: ssl_decoder.temporal_conv1.1.num_batches_tracked (decoder component)
  ❌ Skipping: ssl_decoder.temporal_conv2.0.weight (decoder component)
  ❌ Skipping: ssl_decoder.temporal_conv2.0.bias (decoder component)
  ❌ Skipping: ssl_decoder.temporal_conv2.1.weight (decoder component)
  ❌ Skipping: ssl_decoder.temporal_conv2.1.bias (decoder component)
  ❌ Skipping: ssl_decoder.temporal_conv2.1.running_mean (decoder component)
  ❌ Skipping: ssl_decoder.temporal_conv2.1.running_var (decoder component)
  ❌ Skipping: ssl_decoder.temporal_conv2.1.num_batches_tracked (decoder component)
  ❌ Skipping: ssl_decoder.final_conv.weight (decoder component)
  ❌ Skipping: ssl_decoder.final_conv.bias (decoder component)
  ❌ Skipping: out.weight (decoder component)
  ❌ Skipping: out.bias (decoder component)
  ✅ Loading: stack1.attention.attention_layer.key.weight -> torch.Size([16, 16])
  ✅ Loading: stack1.attention.attention_layer.value.weight -> torch.Size([16, 16])
  ✅ Loading: stack1.attention.attention_layer.query.weight -> torch.Size([16, 16])
  ✅ Loading: stack1.attention.attention_layer.to_out.weight -> torch.Size([16])
  ✅ Loading: stack1.attention.attention_layer.to_out.bias -> torch.Size([16])
  ✅ Loading: stack1.conv_layer.downConv.weight -> torch.Size([16, 16, 3])
  ✅ Loading: stack1.conv_layer.downConv.bias -> torch.Size([16])
  ✅ Loading: stack1.conv_layer.norm.weight -> torch.Size([16])
  ✅ Loading: stack1.conv_layer.norm.bias -> torch.Size([16])
  ✅ Loading: stack1.conv_layer.norm.running_mean -> torch.Size([16])
  ✅ Loading: stack1.conv_layer.norm.running_var -> torch.Size([16])
  ✅ Loading: stack1.conv_layer.norm.num_batches_tracked -> torch.Size([])
  ✅ Loading: stack1.out.weight -> torch.Size([4, 16])
  ✅ Loading: stack1.out.bias -> torch.Size([4])
  ✅ Loading: stack2.attention.attention_layer.key.weight -> torch.Size([16, 16])
  ✅ Loading: stack2.attention.attention_layer.value.weight -> torch.Size([16, 16])
  ✅ Loading: stack2.attention.attention_layer.query.weight -> torch.Size([16, 16])
  ✅ Loading: stack2.attention.attention_layer.to_out.weight -> torch.Size([16])
  ✅ Loading: stack2.attention.attention_layer.to_out.bias -> torch.Size([16])
  ✅ Loading: stack2.conv_layer.downConv.weight -> torch.Size([16, 16, 3])
  ✅ Loading: stack2.conv_layer.downConv.bias -> torch.Size([16])
  ✅ Loading: stack2.conv_layer.norm.weight -> torch.Size([16])
  ✅ Loading: stack2.conv_layer.norm.bias -> torch.Size([16])
  ✅ Loading: stack2.conv_layer.norm.running_mean -> torch.Size([16])
  ✅ Loading: stack2.conv_layer.norm.running_var -> torch.Size([16])
  ✅ Loading: stack2.conv_layer.norm.num_batches_tracked -> torch.Size([])
  ✅ Loading: stack2.out.weight -> torch.Size([4, 16])
  ✅ Loading: stack2.out.bias -> torch.Size([4])
🔧 Loading 43 encoder components into fine-tuning model...
⚠️  Missing keys (newly initialized): ['ssl_decoder.feature_expand.0.weight', 'ssl_decoder.feature_expand.0.bias', 'ssl_decoder.feature_expand.3.weight', 'ssl_decoder.feature_expand.3.bias', 'ssl_decoder.feature_expand.6.weight', 'ssl_decoder.feature_expand.6.bias', 'ssl_decoder.temporal_conv1.0.weight', 'ssl_decoder.temporal_conv1.0.bias', 'ssl_decoder.temporal_conv1.1.weight', 'ssl_decoder.temporal_conv1.1.bias', 'ssl_decoder.temporal_conv1.1.running_mean', 'ssl_decoder.temporal_conv1.1.running_var', 'ssl_decoder.temporal_conv2.0.weight', 'ssl_decoder.temporal_conv2.0.bias', 'ssl_decoder.temporal_conv2.1.weight', 'ssl_decoder.temporal_conv2.1.bias', 'ssl_decoder.temporal_conv2.1.running_mean', 'ssl_decoder.temporal_conv2.1.running_var', 'ssl_decoder.final_conv.weight', 'ssl_decoder.final_conv.bias', 'out.weight', 'out.bias']
✅ Successfully loaded SSL pre-trained weights!
🎯 SSL decoder removed, feature classifier ready for fine-tuning
==================================================
Starting Fine-tuning
==================================================
=================================================================
Layer (type:depth-idx)                   Param #
=================================================================
DARNet                                   --
├─TokenEmbeddingOriginal: 1-1            --
│    └─Sequential: 2-1                   --
│    │    └─Conv2d: 3-1                  576
│    │    └─BatchNorm2d: 3-2             128
│    │    └─GELU: 3-3                    --
│    └─Sequential: 2-2                   --
│    │    └─Conv2d: 3-4                  32,784
│    │    └─BatchNorm2d: 3-5             32
│    │    └─GELU: 3-6                    --
│    └─PositionalEmbedding: 2-3          --
├─EEGFullDARNetDecoder: 1-2              --
│    └─Sequential: 2-4                   --
│    │    └─Linear: 3-7                  2,304
│    │    └─ReLU: 3-8                    --
│    │    └─Dropout: 3-9                 --
│    │    └─Linear: 3-10                 131,584
│    │    └─ReLU: 3-11                   --
│    │    └─Dropout: 3-12                --
│    │    └─Linear: 3-13                 4,202,496
│    └─Sequential: 2-5                   --
│    │    └─Conv1d: 3-14                 24,704
│    │    └─BatchNorm1d: 3-15            256
│    │    └─ReLU: 3-16                   --
│    │    └─Dropout: 3-17                --
│    └─Sequential: 2-6                   --
│    │    └─Conv1d: 3-18                 24,640
│    │    └─BatchNorm1d: 3-19            128
│    │    └─ReLU: 3-20                   --
│    │    └─Dropout: 3-21                --
│    └─Conv1d: 2-7                       2,080
├─Flatten: 1-3                           --
├─Linear: 1-4                            18
├─AttnRefine: 1-5                        --
│    └─MyAttention: 2-8                  --
│    │    └─Attention: 3-22              800
│    └─Refine: 2-9                       --
│    │    └─Conv1d: 3-23                 784
│    │    └─BatchNorm1d: 3-24            32
│    │    └─ELU: 3-25                    --
│    │    └─MaxPool1d: 3-26              --
│    └─AdaptiveAvgPool1d: 2-10           --
│    └─Linear: 2-11                      68
│    └─Flatten: 2-12                     --
├─AttnRefine: 1-6                        --
│    └─MyAttention: 2-13                 --
│    │    └─Attention: 3-27              800
│    └─Refine: 2-14                      --
│    │    └─Conv1d: 3-28                 784
│    │    └─BatchNorm1d: 3-29            32
│    │    └─ELU: 3-30                    --
│    │    └─MaxPool1d: 3-31              --
│    └─AdaptiveAvgPool1d: 2-15           --
│    └─Linear: 2-16                      68
│    └─Flatten: 2-17                     --
=================================================================
Total params: 4,425,098
Trainable params: 4,425,098
Non-trainable params: 0
=================================================================
TestSub: S[11, 12, 13, 14, 15] Epoch  1 Finsh | Now_lr 0.0005/0.0005|Train Loss 0.5835 | Valid Loss 1.3509 | Train Acc 65.0261| Valid Acc 47.9481
Validation acc increase (0.000000 --> 47.948079) in epoch (1).  Saving model ...
TestSub: S[11, 12, 13, 14, 15] Epoch  2 Finsh | Now_lr 0.0005/0.0005|Train Loss 0.3705 | Valid Loss 2.0263 | Train Acc 82.2696| Valid Acc 47.4799
TestSub: S[11, 12, 13, 14, 15] Epoch  3 Finsh | Now_lr 0.0005/0.0005|Train Loss 0.2668 | Valid Loss 2.1714 | Train Acc 88.3931| Valid Acc 47.1273
TestSub: S[11, 12, 13, 14, 15] Epoch  4 Finsh | Now_lr 0.0005/0.0005|Train Loss 0.2056 | Valid Loss 2.4704 | Train Acc 91.5838| Valid Acc 47.2641
TestSub: S[11, 12, 13, 14, 15] Epoch  5 Finsh | Now_lr 0.0005/0.0005|Train Loss 0.1690 | Valid Loss 2.5793 | Train Acc 93.3104| Valid Acc 47.6745
TestSub: S[11, 12, 13, 14, 15] Epoch  6 Finsh | Now_lr 0.0005/0.0005|Train Loss 0.1441 | Valid Loss 2.6072 | Train Acc 94.4011| Valid Acc 47.6107
TestSub: S[11, 12, 13, 14, 15] Epoch  7 Finsh | Now_lr 0.0005/0.0005|Train Loss 0.1254 | Valid Loss 2.7469 | Train Acc 95.2110| Valid Acc 47.6927
TestSub: S[11, 12, 13, 14, 15] Epoch  8 Finsh | Now_lr 0.0005/0.0005|Train Loss 0.1124 | Valid Loss 2.8314 | Train Acc 95.7369| Valid Acc 48.3585
Validation acc increase (47.948079 --> 48.358463) in epoch (8).  Saving model ...
TestSub: S[11, 12, 13, 14, 15] Epoch  9 Finsh | Now_lr 0.0005/0.0005|Train Loss 0.0992 | Valid Loss 2.8015 | Train Acc 96.2883| Valid Acc 48.0393
TestSub: S[11, 12, 13, 14, 15] Epoch 10 Finsh | Now_lr 0.0005/0.0005|Train Loss 0.0894 | Valid Loss 3.0123 | Train Acc 96.6476| Valid Acc 48.1852
TestSub: S[11, 12, 13, 14, 15] Epoch 11 Finsh | Now_lr 0.0005/0.0005|Train Loss 0.0809 | Valid Loss 3.1134 | Train Acc 96.9461| Valid Acc 49.1245
Validation acc increase (48.358463 --> 49.124514) in epoch (11).  Saving model ...
TestSub: S[11, 12, 13, 14, 15] Epoch 12 Finsh | Now_lr 0.0005/0.0005|Train Loss 0.0739 | Valid Loss 3.0783 | Train Acc 97.2799| Valid Acc 48.1244
TestSub: S[11, 12, 13, 14, 15] Epoch 13 Finsh | Now_lr 0.0005/0.0005|Train Loss 0.0697 | Valid Loss 3.0009 | Train Acc 97.4708| Valid Acc 49.8146
Validation acc increase (49.124514 --> 49.814567) in epoch (13).  Saving model ...
TestSub: S[11, 12, 13, 14, 15] Epoch 14 Finsh | Now_lr 0.0005/0.0005|Train Loss 0.0645 | Valid Loss 3.0879 | Train Acc 97.6319| Valid Acc 49.3343
TestSub: S[11, 12, 13, 14, 15] Epoch 15 Finsh | Now_lr 0.0005/0.0005|Train Loss 0.0604 | Valid Loss 3.0126 | Train Acc 97.8411| Valid Acc 51.2403
Validation acc increase (49.814567 --> 51.240272) in epoch (15).  Saving model ...
TestSub: S[11, 12, 13, 14, 15] Epoch 16 Finsh | Now_lr 0.0005/0.0005|Train Loss 0.0574 | Valid Loss 3.1768 | Train Acc 97.9256| Valid Acc 50.2614
TestSub: S[11, 12, 13, 14, 15] Epoch 17 Finsh | Now_lr 0.0005/0.0005|Train Loss 0.0530 | Valid Loss 3.2196 | Train Acc 98.0691| Valid Acc 50.4590
TestSub: S[11, 12, 13, 14, 15] Epoch 18 Finsh | Now_lr 0.0005/0.0005|Train Loss 0.0489 | Valid Loss 3.2331 | Train Acc 98.2533| Valid Acc 49.4255
TestSub: S[11, 12, 13, 14, 15] Epoch 19 Finsh | Now_lr 0.0005/0.0005|Train Loss 0.0482 | Valid Loss 3.2385 | Train Acc 98.3092| Valid Acc 50.8420
TestSub: S[11, 12, 13, 14, 15] Epoch 20 Finsh | Now_lr 0.0005/0.0005|Train Loss 0.0439 | Valid Loss 3.3075 | Train Acc 98.4430| Valid Acc 50.0669
TestSub: S[11, 12, 13, 14, 15] Epoch 21 Finsh | Now_lr 0.0005/0.0005|Train Loss 0.0419 | Valid Loss 3.3377 | Train Acc 98.5001| Valid Acc 51.2555
Validation acc increase (51.240272 --> 51.255472) in epoch (21).  Saving model ...
TestSub: S[11, 12, 13, 14, 15] Epoch 22 Finsh | Now_lr 0.0005/0.0005|Train Loss 0.0401 | Valid Loss 3.3358 | Train Acc 98.5816| Valid Acc 51.0518
TestSub: S[11, 12, 13, 14, 15] Epoch 23 Finsh | Now_lr 0.0005/0.0005|Train Loss 0.0387 | Valid Loss 3.1663 | Train Acc 98.6509| Valid Acc 51.8604
Validation acc increase (51.255472 --> 51.860409) in epoch (23).  Saving model ...
TestSub: S[11, 12, 13, 14, 15] Epoch 24 Finsh | Now_lr 0.0005/0.0005|Train Loss 0.0374 | Valid Loss 3.2648 | Train Acc 98.6582| Valid Acc 52.6173
Validation acc increase (51.860409 --> 52.617339) in epoch (24).  Saving model ...
TestSub: S[11, 12, 13, 14, 15] Epoch 25 Finsh | Now_lr 0.0005/0.0005|Train Loss 0.0352 | Valid Loss 3.5218 | Train Acc 98.7622| Valid Acc 51.8148
TestSub: S[11, 12, 13, 14, 15] Epoch 26 Finsh | Now_lr 0.0005/0.0005|Train Loss 0.0338 | Valid Loss 3.4997 | Train Acc 98.8126| Valid Acc 51.6689
TestSub: S[11, 12, 13, 14, 15] Epoch 27 Finsh | Now_lr 0.0005/0.0005|Train Loss 0.0339 | Valid Loss 3.3605 | Train Acc 98.8151| Valid Acc 50.8907
TestSub: S[11, 12, 13, 14, 15] Epoch 28 Finsh | Now_lr 0.0005/0.0005|Train Loss 0.0313 | Valid Loss 3.4324 | Train Acc 98.9154| Valid Acc 51.0062
TestSub: S[11, 12, 13, 14, 15] Epoch 29 Finsh | Now_lr 0.0005/0.0005|Train Loss 0.0321 | Valid Loss 3.5266 | Train Acc 98.8807| Valid Acc 49.7902
TestSub: S[11, 12, 13, 14, 15] Epoch 30 Finsh | Now_lr 0.0005/0.0005|Train Loss 0.0297 | Valid Loss 3.3982 | Train Acc 98.9774| Valid Acc 50.9758
TestSub: S[11, 12, 13, 14, 15] Epoch 31 Finsh | Now_lr 0.0005/0.0005|Train Loss 0.0287 | Valid Loss 3.5105 | Train Acc 99.0066| Valid Acc 51.9698
TestSub: S[11, 12, 13, 14, 15] Epoch 32 Finsh | Now_lr 0.0005/0.0005|Train Loss 0.0275 | Valid Loss 3.6496 | Train Acc 99.0607| Valid Acc 51.4439
TestSub: S[11, 12, 13, 14, 15] Epoch 33 Finsh | Now_lr 0.0005/0.0005|Train Loss 0.0277 | Valid Loss 3.6538 | Train Acc 99.0278| Valid Acc 50.1672
TestSub: S[11, 12, 13, 14, 15] Epoch 34 Finsh | Now_lr 0.0005/0.0005|Train Loss 0.0259 | Valid Loss 3.5361 | Train Acc 99.1020| Valid Acc 52.0033
TestSub: S[11, 12, 13, 14, 15] Epoch 35 Finsh | Now_lr 0.0005/0.0005|Train Loss 0.0254 | Valid Loss 3.6662 | Train Acc 99.1245| Valid Acc 50.7387
TestSub: S[11, 12, 13, 14, 15] Epoch 36 Finsh | Now_lr 0.0005/0.0005|Train Loss 0.0245 | Valid Loss 3.6814 | Train Acc 99.1397| Valid Acc 51.2524
TestSub: S[11, 12, 13, 14, 15] Epoch 37 Finsh | Now_lr 0.0005/0.0005|Train Loss 0.0236 | Valid Loss 3.8326 | Train Acc 99.1811| Valid Acc 50.6627
TestSub: S[11, 12, 13, 14, 15] Epoch 38 Finsh | Now_lr 0.0005/0.0005|Train Loss 0.0241 | Valid Loss 3.6332 | Train Acc 99.1792| Valid Acc 50.7387
TestSub: S[11, 12, 13, 14, 15] Epoch 39 Finsh | Now_lr 0.0005/0.0005|Train Loss 0.0235 | Valid Loss 3.7785 | Train Acc 99.1993| Valid Acc 51.5169
TestSub: S[11, 12, 13, 14, 15] Epoch 40 Finsh | Now_lr 0.0005/0.0005|Train Loss 0.0216 | Valid Loss 3.8947 | Train Acc 99.2528| Valid Acc 50.3617
TestSub: S[11, 12, 13, 14, 15] Epoch 41 Finsh | Now_lr 0.0005/0.0005|Train Loss 0.0213 | Valid Loss 3.8934 | Train Acc 99.2850| Valid Acc 51.5017
TestSub: S[11, 12, 13, 14, 15] Epoch 42 Finsh | Now_lr 0.0005/0.0005|Train Loss 0.0210 | Valid Loss 3.8052 | Train Acc 99.2771| Valid Acc 51.6659
TestSub: S[11, 12, 13, 14, 15] Epoch 43 Finsh | Now_lr 0.0005/0.0005|Train Loss 0.0212 | Valid Loss 3.7512 | Train Acc 99.2777| Valid Acc 51.1004
TestSub: S[11, 12, 13, 14, 15] Epoch 44 Finsh | Now_lr 0.0005/0.0005|Train Loss 0.0203 | Valid Loss 3.9007 | Train Acc 99.3185| Valid Acc 51.3406
TestSub: S[11, 12, 13, 14, 15] Epoch 45 Finsh | Now_lr 0.0005/0.0005|Train Loss 0.0198 | Valid Loss 3.8431 | Train Acc 99.3245| Valid Acc 50.6688
TestSub: S[11, 12, 13, 14, 15] Epoch 46 Finsh | Now_lr 0.0005/0.0005|Train Loss 0.0190 | Valid Loss 3.7771 | Train Acc 99.3622| Valid Acc 49.9240
TestSub: S[11, 12, 13, 14, 15] Epoch 47 Finsh | Now_lr 0.0005/0.0005|Train Loss 0.0194 | Valid Loss 3.8463 | Train Acc 99.3251| Valid Acc 50.6262
TestSub: S[11, 12, 13, 14, 15] Epoch 48 Finsh | Now_lr 0.0005/0.0005|Train Loss 0.0186 | Valid Loss 3.8994 | Train Acc 99.3513| Valid Acc 52.2404
TestSub: S[11, 12, 13, 14, 15] Epoch 49 Finsh | Now_lr 0.0005/0.0005|Train Loss 0.0195 | Valid Loss 3.6903 | Train Acc 99.3227| Valid Acc 51.1552
TestSub: S[11, 12, 13, 14, 15] Epoch 50 Finsh | Now_lr 0.0005/0.0005|Train Loss 0.0161 | Valid Loss 3.9271 | Train Acc 99.4619| Valid Acc 51.1856
TestSub: S[11, 12, 13, 14, 15] Epoch 51 Finsh | Now_lr 0.0005/0.0005|Train Loss 0.0186 | Valid Loss 3.8855 | Train Acc 99.3555| Valid Acc 50.8329
TestSub: S[11, 12, 13, 14, 15] Epoch 52 Finsh | Now_lr 0.0005/0.0005|Train Loss 0.0169 | Valid Loss 3.9184 | Train Acc 99.4309| Valid Acc 51.0731
TestSub: S[11, 12, 13, 14, 15] Epoch 53 Finsh | Now_lr 0.0005/0.0005|Train Loss 0.0167 | Valid Loss 3.9317 | Train Acc 99.4170| Valid Acc 51.9516
TestSub: S[11, 12, 13, 14, 15] Epoch 54 Finsh | Now_lr 0.0005/0.0005|Train Loss 0.0164 | Valid Loss 4.2085 | Train Acc 99.4528| Valid Acc 51.5108
Early stopping triggered after 54 epochs (30 epochs without improvement)
--------------------------------------------------
Test_Subject :S[11, 12, 13, 14, 15] |Best epoch:24 | Test Loss:3.2648 | Best Acc 52.6173 | Savemodel Acc 52.6173
--------------------------------------------------

========== Fold 4 ==========
Train IDs: [1, 2, 3, 4, 5, 6, 7, 8, 9, 10, 11, 12, 13, 14, 15, 21, 22, 23, 24, 25, 26, 27, 28, 29, 30]
Val IDs:   [16, 17, 18, 19, 20]
================================================================================
SSL PRE-TRAINING PHASE
================================================================================
Loading SSL data for subjects: [1, 2, 3, 4, 5, 6, 7, 8, 9, 10, 11, 12, 13, 14, 15, 21, 22, 23, 24, 25, 26, 27, 28, 29, 30]
SSL Config: mask_ratio=0.15, patch_masking=True
Loaded subject S1: (6580, 32, 128)
Loaded subject S2: (6580, 32, 128)
Loaded subject S3: (6580, 32, 128)
Loaded subject S4: (6580, 32, 128)
Loaded subject S5: (6580, 32, 128)
Loaded subject S6: (6580, 32, 128)
Loaded subject S7: (6580, 32, 128)
Loaded subject S8: (6580, 32, 128)
Loaded subject S9: (6580, 32, 128)
Loaded subject S10: (6580, 32, 128)
Loaded subject S11: (6580, 32, 128)
Loaded subject S12: (6580, 32, 128)
Loaded subject S13: (6580, 32, 128)
Loaded subject S14: (6580, 32, 128)
Loaded subject S15: (6580, 32, 128)
Loaded subject S21: (6580, 32, 128)
Loaded subject S22: (6580, 32, 128)
Loaded subject S23: (6580, 32, 128)
Loaded subject S24: (6580, 32, 128)
Loaded subject S25: (6580, 32, 128)
Loaded subject S26: (6580, 32, 128)
Loaded subject S27: (6580, 32, 128)
Loaded subject S28: (6580, 32, 128)
Loaded subject S29: (6580, 32, 128)
Loaded subject S30: (6580, 32, 128)
Total SSL data shape: (164500, 32, 128)
Patch info: 32×128 → 64 patches, masking 9 (15.0%)
🏗️  SSL Model Architecture:
   - SSL Enabled: True
   - SSL Approach: full_darnet
   - Training Mode: ssl
   - Decoder Type: EEGFullDARNetDecoder
   - Encoder parameters: 36,888
   - Decoder parameters: 4,388,192
   - Total parameters: 4,425,098
   - Decoder/Total ratio: 99.2%
==================================================
Starting SSL Pre-training
==================================================
=================================================================
Layer (type:depth-idx)                   Param #
=================================================================
DARNet                                   --
├─TokenEmbeddingOriginal: 1-1            --
│    └─Sequential: 2-1                   --
│    │    └─Conv2d: 3-1                  576
│    │    └─BatchNorm2d: 3-2             128
│    │    └─GELU: 3-3                    --
│    └─Sequential: 2-2                   --
│    │    └─Conv2d: 3-4                  32,784
│    │    └─BatchNorm2d: 3-5             32
│    │    └─GELU: 3-6                    --
│    └─PositionalEmbedding: 2-3          --
├─EEGFullDARNetDecoder: 1-2              --
│    └─Sequential: 2-4                   --
│    │    └─Linear: 3-7                  2,304
│    │    └─ReLU: 3-8                    --
│    │    └─Dropout: 3-9                 --
│    │    └─Linear: 3-10                 131,584
│    │    └─ReLU: 3-11                   --
│    │    └─Dropout: 3-12                --
│    │    └─Linear: 3-13                 4,202,496
│    └─Sequential: 2-5                   --
│    │    └─Conv1d: 3-14                 24,704
│    │    └─BatchNorm1d: 3-15            256
│    │    └─ReLU: 3-16                   --
│    │    └─Dropout: 3-17                --
│    └─Sequential: 2-6                   --
│    │    └─Conv1d: 3-18                 24,640
│    │    └─BatchNorm1d: 3-19            128
│    │    └─ReLU: 3-20                   --
│    │    └─Dropout: 3-21                --
│    └─Conv1d: 2-7                       2,080
├─Flatten: 1-3                           --
├─Linear: 1-4                            18
├─AttnRefine: 1-5                        --
│    └─MyAttention: 2-8                  --
│    │    └─Attention: 3-22              800
│    └─Refine: 2-9                       --
│    │    └─Conv1d: 3-23                 784
│    │    └─BatchNorm1d: 3-24            32
│    │    └─ELU: 3-25                    --
│    │    └─MaxPool1d: 3-26              --
│    └─AdaptiveAvgPool1d: 2-10           --
│    └─Linear: 2-11                      68
│    └─Flatten: 2-12                     --
├─AttnRefine: 1-6                        --
│    └─MyAttention: 2-13                 --
│    │    └─Attention: 3-27              800
│    └─Refine: 2-14                      --
│    │    └─Conv1d: 3-28                 784
│    │    └─BatchNorm1d: 3-29            32
│    │    └─ELU: 3-30                    --
│    │    └─MaxPool1d: 3-31              --
│    └─AdaptiveAvgPool1d: 2-15           --
│    └─Linear: 2-16                      68
│    └─Flatten: 2-17                     --
=================================================================
Total params: 4,425,098
Trainable params: 4,425,098
Non-trainable params: 0
=================================================================
SSL Epoch  1 | SSL Loss: 0.484060
SSL model saved at epoch 1 with loss 0.484060 to ./exps/cross-subject/DARNet_SSL_FullDARNet/ssl_models_task1_AAD_MM-AAD_original_ssl22025-10-14-16-30-02/ssl_best_model.pt
SSL model saved with loss 0.484060
SSL Epoch  2 | SSL Loss: 0.362903
SSL model saved at epoch 2 with loss 0.362903 to ./exps/cross-subject/DARNet_SSL_FullDARNet/ssl_models_task1_AAD_MM-AAD_original_ssl22025-10-14-16-30-02/ssl_best_model.pt
SSL model saved with loss 0.362903
SSL Epoch  3 | SSL Loss: 0.316504
SSL model saved at epoch 3 with loss 0.316504 to ./exps/cross-subject/DARNet_SSL_FullDARNet/ssl_models_task1_AAD_MM-AAD_original_ssl22025-10-14-16-30-02/ssl_best_model.pt
SSL model saved with loss 0.316504
SSL Epoch  4 | SSL Loss: 0.287040
SSL model saved at epoch 4 with loss 0.287040 to ./exps/cross-subject/DARNet_SSL_FullDARNet/ssl_models_task1_AAD_MM-AAD_original_ssl22025-10-14-16-30-02/ssl_best_model.pt
SSL model saved with loss 0.287040
SSL Epoch  5 | SSL Loss: 0.264637
SSL model saved at epoch 5 with loss 0.264637 to ./exps/cross-subject/DARNet_SSL_FullDARNet/ssl_models_task1_AAD_MM-AAD_original_ssl22025-10-14-16-30-02/ssl_best_model.pt
SSL model saved with loss 0.264637
SSL Epoch  6 | SSL Loss: 0.250158
SSL model saved at epoch 6 with loss 0.250158 to ./exps/cross-subject/DARNet_SSL_FullDARNet/ssl_models_task1_AAD_MM-AAD_original_ssl22025-10-14-16-30-02/ssl_best_model.pt
SSL model saved with loss 0.250158
SSL Epoch  7 | SSL Loss: 0.239521
SSL model saved at epoch 7 with loss 0.239521 to ./exps/cross-subject/DARNet_SSL_FullDARNet/ssl_models_task1_AAD_MM-AAD_original_ssl22025-10-14-16-30-02/ssl_best_model.pt
SSL model saved with loss 0.239521
SSL Epoch  8 | SSL Loss: 0.231738
SSL model saved at epoch 8 with loss 0.231738 to ./exps/cross-subject/DARNet_SSL_FullDARNet/ssl_models_task1_AAD_MM-AAD_original_ssl22025-10-14-16-30-02/ssl_best_model.pt
SSL model saved with loss 0.231738
SSL Epoch  9 | SSL Loss: 0.226422
SSL model saved at epoch 9 with loss 0.226422 to ./exps/cross-subject/DARNet_SSL_FullDARNet/ssl_models_task1_AAD_MM-AAD_original_ssl22025-10-14-16-30-02/ssl_best_model.pt
SSL model saved with loss 0.226422
SSL Epoch 10 | SSL Loss: 0.220329
SSL model saved at epoch 10 with loss 0.220329 to ./exps/cross-subject/DARNet_SSL_FullDARNet/ssl_models_task1_AAD_MM-AAD_original_ssl22025-10-14-16-30-02/ssl_best_model.pt
SSL model saved with loss 0.220329
SSL Epoch 11 | SSL Loss: 0.217997
SSL model saved at epoch 11 with loss 0.217997 to ./exps/cross-subject/DARNet_SSL_FullDARNet/ssl_models_task1_AAD_MM-AAD_original_ssl22025-10-14-16-30-02/ssl_best_model.pt
SSL model saved with loss 0.217997
SSL Epoch 12 | SSL Loss: 0.212886
SSL model saved at epoch 12 with loss 0.212886 to ./exps/cross-subject/DARNet_SSL_FullDARNet/ssl_models_task1_AAD_MM-AAD_original_ssl22025-10-14-16-30-02/ssl_best_model.pt
SSL model saved with loss 0.212886
SSL Epoch 13 | SSL Loss: 0.210113
SSL model saved at epoch 13 with loss 0.210113 to ./exps/cross-subject/DARNet_SSL_FullDARNet/ssl_models_task1_AAD_MM-AAD_original_ssl22025-10-14-16-30-02/ssl_best_model.pt
SSL model saved with loss 0.210113
SSL Epoch 14 | SSL Loss: 0.207959
SSL model saved at epoch 14 with loss 0.207959 to ./exps/cross-subject/DARNet_SSL_FullDARNet/ssl_models_task1_AAD_MM-AAD_original_ssl22025-10-14-16-30-02/ssl_best_model.pt
SSL model saved with loss 0.207959
SSL Epoch 15 | SSL Loss: 0.205964
SSL model saved at epoch 15 with loss 0.205964 to ./exps/cross-subject/DARNet_SSL_FullDARNet/ssl_models_task1_AAD_MM-AAD_original_ssl22025-10-14-16-30-02/ssl_best_model.pt
SSL model saved with loss 0.205964
SSL Epoch 16 | SSL Loss: 0.203963
SSL model saved at epoch 16 with loss 0.203963 to ./exps/cross-subject/DARNet_SSL_FullDARNet/ssl_models_task1_AAD_MM-AAD_original_ssl22025-10-14-16-30-02/ssl_best_model.pt
SSL model saved with loss 0.203963
SSL Epoch 17 | SSL Loss: 0.202045
SSL model saved at epoch 17 with loss 0.202045 to ./exps/cross-subject/DARNet_SSL_FullDARNet/ssl_models_task1_AAD_MM-AAD_original_ssl22025-10-14-16-30-02/ssl_best_model.pt
SSL model saved with loss 0.202045
SSL Epoch 18 | SSL Loss: 0.200778
SSL model saved at epoch 18 with loss 0.200778 to ./exps/cross-subject/DARNet_SSL_FullDARNet/ssl_models_task1_AAD_MM-AAD_original_ssl22025-10-14-16-30-02/ssl_best_model.pt
SSL model saved with loss 0.200778
SSL Epoch 19 | SSL Loss: 0.198379
SSL model saved at epoch 19 with loss 0.198379 to ./exps/cross-subject/DARNet_SSL_FullDARNet/ssl_models_task1_AAD_MM-AAD_original_ssl22025-10-14-16-30-02/ssl_best_model.pt
SSL model saved with loss 0.198379
SSL Epoch 20 | SSL Loss: 0.196699
SSL model saved at epoch 20 with loss 0.196699 to ./exps/cross-subject/DARNet_SSL_FullDARNet/ssl_models_task1_AAD_MM-AAD_original_ssl22025-10-14-16-30-02/ssl_best_model.pt
SSL model saved with loss 0.196699
SSL Epoch 21 | SSL Loss: 0.197203
SSL Epoch 22 | SSL Loss: 0.194883
SSL model saved at epoch 22 with loss 0.194883 to ./exps/cross-subject/DARNet_SSL_FullDARNet/ssl_models_task1_AAD_MM-AAD_original_ssl22025-10-14-16-30-02/ssl_best_model.pt
SSL model saved with loss 0.194883
SSL Epoch 23 | SSL Loss: 0.193628
SSL model saved at epoch 23 with loss 0.193628 to ./exps/cross-subject/DARNet_SSL_FullDARNet/ssl_models_task1_AAD_MM-AAD_original_ssl22025-10-14-16-30-02/ssl_best_model.pt
SSL model saved with loss 0.193628
SSL Epoch 24 | SSL Loss: 0.193077
SSL model saved at epoch 24 with loss 0.193077 to ./exps/cross-subject/DARNet_SSL_FullDARNet/ssl_models_task1_AAD_MM-AAD_original_ssl22025-10-14-16-30-02/ssl_best_model.pt
SSL model saved with loss 0.193077
SSL Epoch 25 | SSL Loss: 0.192072
SSL model saved at epoch 25 with loss 0.192072 to ./exps/cross-subject/DARNet_SSL_FullDARNet/ssl_models_task1_AAD_MM-AAD_original_ssl22025-10-14-16-30-02/ssl_best_model.pt
SSL model saved with loss 0.192072
SSL Epoch 26 | SSL Loss: 0.192267
SSL Epoch 27 | SSL Loss: 0.190775
SSL model saved at epoch 27 with loss 0.190775 to ./exps/cross-subject/DARNet_SSL_FullDARNet/ssl_models_task1_AAD_MM-AAD_original_ssl22025-10-14-16-30-02/ssl_best_model.pt
SSL model saved with loss 0.190775
SSL Epoch 28 | SSL Loss: 0.191531
SSL Epoch 29 | SSL Loss: 0.188901
SSL model saved at epoch 29 with loss 0.188901 to ./exps/cross-subject/DARNet_SSL_FullDARNet/ssl_models_task1_AAD_MM-AAD_original_ssl22025-10-14-16-30-02/ssl_best_model.pt
SSL model saved with loss 0.188901
SSL Epoch 30 | SSL Loss: 0.188375
SSL model saved at epoch 30 with loss 0.188375 to ./exps/cross-subject/DARNet_SSL_FullDARNet/ssl_models_task1_AAD_MM-AAD_original_ssl22025-10-14-16-30-02/ssl_best_model.pt
SSL model saved with loss 0.188375
==================================================
SSL Pre-training completed. Best loss: 0.188375
==================================================
train_data_shape(164500, 32, 128),val_data_shape(32900, 32, 128)
🔄 Loading SSL pre-trained weights from: ./exps/cross-subject/DARNet_SSL_FullDARNet/ssl_models_task1_AAD_MM-AAD_original_ssl22025-10-14-16-30-02/ssl_best_model.pt
📋 Available keys in SSL checkpoint: 67 total
  - token_embedding.embed_layer.0.weight: torch.Size([64, 1, 1, 8])
  - token_embedding.embed_layer.0.bias: torch.Size([64])
  - token_embedding.embed_layer.1.weight: torch.Size([64])
  - token_embedding.embed_layer.1.bias: torch.Size([64])
  - token_embedding.embed_layer.1.running_mean: torch.Size([64])
  - token_embedding.embed_layer.1.running_var: torch.Size([64])
  - token_embedding.embed_layer.1.num_batches_tracked: torch.Size([])
  - token_embedding.embed_layer2.0.weight: torch.Size([16, 64, 32, 1])
  - token_embedding.embed_layer2.0.bias: torch.Size([16])
  - token_embedding.embed_layer2.1.weight: torch.Size([16])
  - token_embedding.embed_layer2.1.bias: torch.Size([16])
  - token_embedding.embed_layer2.1.running_mean: torch.Size([16])
  - token_embedding.embed_layer2.1.running_var: torch.Size([16])
  - token_embedding.embed_layer2.1.num_batches_tracked: torch.Size([])
  - token_embedding.position_embedding.pe: torch.Size([1, 5000, 16])
  - ssl_decoder.feature_expand.0.weight: torch.Size([256, 8])
  - ssl_decoder.feature_expand.0.bias: torch.Size([256])
  - ssl_decoder.feature_expand.3.weight: torch.Size([512, 256])
  - ssl_decoder.feature_expand.3.bias: torch.Size([512])
  - ssl_decoder.feature_expand.6.weight: torch.Size([8192, 512])
  - ssl_decoder.feature_expand.6.bias: torch.Size([8192])
  - ssl_decoder.temporal_conv1.0.weight: torch.Size([128, 64, 3])
  - ssl_decoder.temporal_conv1.0.bias: torch.Size([128])
  - ssl_decoder.temporal_conv1.1.weight: torch.Size([128])
  - ssl_decoder.temporal_conv1.1.bias: torch.Size([128])
  - ssl_decoder.temporal_conv1.1.running_mean: torch.Size([128])
  - ssl_decoder.temporal_conv1.1.running_var: torch.Size([128])
  - ssl_decoder.temporal_conv1.1.num_batches_tracked: torch.Size([])
  - ssl_decoder.temporal_conv2.0.weight: torch.Size([64, 128, 3])
  - ssl_decoder.temporal_conv2.0.bias: torch.Size([64])
  - ssl_decoder.temporal_conv2.1.weight: torch.Size([64])
  - ssl_decoder.temporal_conv2.1.bias: torch.Size([64])
  - ssl_decoder.temporal_conv2.1.running_mean: torch.Size([64])
  - ssl_decoder.temporal_conv2.1.running_var: torch.Size([64])
  - ssl_decoder.temporal_conv2.1.num_batches_tracked: torch.Size([])
  - ssl_decoder.final_conv.weight: torch.Size([32, 64, 1])
  - ssl_decoder.final_conv.bias: torch.Size([32])
  - out.weight: torch.Size([2, 8])
  - out.bias: torch.Size([2])
  - stack1.attention.attention_layer.key.weight: torch.Size([16, 16])
  - stack1.attention.attention_layer.value.weight: torch.Size([16, 16])
  - stack1.attention.attention_layer.query.weight: torch.Size([16, 16])
  - stack1.attention.attention_layer.to_out.weight: torch.Size([16])
  - stack1.attention.attention_layer.to_out.bias: torch.Size([16])
  - stack1.conv_layer.downConv.weight: torch.Size([16, 16, 3])
  - stack1.conv_layer.downConv.bias: torch.Size([16])
  - stack1.conv_layer.norm.weight: torch.Size([16])
  - stack1.conv_layer.norm.bias: torch.Size([16])
  - stack1.conv_layer.norm.running_mean: torch.Size([16])
  - stack1.conv_layer.norm.running_var: torch.Size([16])
  - stack1.conv_layer.norm.num_batches_tracked: torch.Size([])
  - stack1.out.weight: torch.Size([4, 16])
  - stack1.out.bias: torch.Size([4])
  - stack2.attention.attention_layer.key.weight: torch.Size([16, 16])
  - stack2.attention.attention_layer.value.weight: torch.Size([16, 16])
  - stack2.attention.attention_layer.query.weight: torch.Size([16, 16])
  - stack2.attention.attention_layer.to_out.weight: torch.Size([16])
  - stack2.attention.attention_layer.to_out.bias: torch.Size([16])
  - stack2.conv_layer.downConv.weight: torch.Size([16, 16, 3])
  - stack2.conv_layer.downConv.bias: torch.Size([16])
  - stack2.conv_layer.norm.weight: torch.Size([16])
  - stack2.conv_layer.norm.bias: torch.Size([16])
  - stack2.conv_layer.norm.running_mean: torch.Size([16])
  - stack2.conv_layer.norm.running_var: torch.Size([16])
  - stack2.conv_layer.norm.num_batches_tracked: torch.Size([])
  - stack2.out.weight: torch.Size([4, 16])
  - stack2.out.bias: torch.Size([4])
🎯 SSL approach detected: full_darnet
  ✅ Loading: token_embedding.embed_layer.0.weight -> torch.Size([64, 1, 1, 8])
  ✅ Loading: token_embedding.embed_layer.0.bias -> torch.Size([64])
  ✅ Loading: token_embedding.embed_layer.1.weight -> torch.Size([64])
  ✅ Loading: token_embedding.embed_layer.1.bias -> torch.Size([64])
  ✅ Loading: token_embedding.embed_layer.1.running_mean -> torch.Size([64])
  ✅ Loading: token_embedding.embed_layer.1.running_var -> torch.Size([64])
  ✅ Loading: token_embedding.embed_layer.1.num_batches_tracked -> torch.Size([])
  ✅ Loading: token_embedding.embed_layer2.0.weight -> torch.Size([16, 64, 32, 1])
  ✅ Loading: token_embedding.embed_layer2.0.bias -> torch.Size([16])
  ✅ Loading: token_embedding.embed_layer2.1.weight -> torch.Size([16])
  ✅ Loading: token_embedding.embed_layer2.1.bias -> torch.Size([16])
  ✅ Loading: token_embedding.embed_layer2.1.running_mean -> torch.Size([16])
  ✅ Loading: token_embedding.embed_layer2.1.running_var -> torch.Size([16])
  ✅ Loading: token_embedding.embed_layer2.1.num_batches_tracked -> torch.Size([])
  ✅ Loading: token_embedding.position_embedding.pe -> torch.Size([1, 5000, 16])
  ❌ Skipping: ssl_decoder.feature_expand.0.weight (decoder component)
  ❌ Skipping: ssl_decoder.feature_expand.0.bias (decoder component)
  ❌ Skipping: ssl_decoder.feature_expand.3.weight (decoder component)
  ❌ Skipping: ssl_decoder.feature_expand.3.bias (decoder component)
  ❌ Skipping: ssl_decoder.feature_expand.6.weight (decoder component)
  ❌ Skipping: ssl_decoder.feature_expand.6.bias (decoder component)
  ❌ Skipping: ssl_decoder.temporal_conv1.0.weight (decoder component)
  ❌ Skipping: ssl_decoder.temporal_conv1.0.bias (decoder component)
  ❌ Skipping: ssl_decoder.temporal_conv1.1.weight (decoder component)
  ❌ Skipping: ssl_decoder.temporal_conv1.1.bias (decoder component)
  ❌ Skipping: ssl_decoder.temporal_conv1.1.running_mean (decoder component)
  ❌ Skipping: ssl_decoder.temporal_conv1.1.running_var (decoder component)
  ❌ Skipping: ssl_decoder.temporal_conv1.1.num_batches_tracked (decoder component)
  ❌ Skipping: ssl_decoder.temporal_conv2.0.weight (decoder component)
  ❌ Skipping: ssl_decoder.temporal_conv2.0.bias (decoder component)
  ❌ Skipping: ssl_decoder.temporal_conv2.1.weight (decoder component)
  ❌ Skipping: ssl_decoder.temporal_conv2.1.bias (decoder component)
  ❌ Skipping: ssl_decoder.temporal_conv2.1.running_mean (decoder component)
  ❌ Skipping: ssl_decoder.temporal_conv2.1.running_var (decoder component)
  ❌ Skipping: ssl_decoder.temporal_conv2.1.num_batches_tracked (decoder component)
  ❌ Skipping: ssl_decoder.final_conv.weight (decoder component)
  ❌ Skipping: ssl_decoder.final_conv.bias (decoder component)
  ❌ Skipping: out.weight (decoder component)
  ❌ Skipping: out.bias (decoder component)
  ✅ Loading: stack1.attention.attention_layer.key.weight -> torch.Size([16, 16])
  ✅ Loading: stack1.attention.attention_layer.value.weight -> torch.Size([16, 16])
  ✅ Loading: stack1.attention.attention_layer.query.weight -> torch.Size([16, 16])
  ✅ Loading: stack1.attention.attention_layer.to_out.weight -> torch.Size([16])
  ✅ Loading: stack1.attention.attention_layer.to_out.bias -> torch.Size([16])
  ✅ Loading: stack1.conv_layer.downConv.weight -> torch.Size([16, 16, 3])
  ✅ Loading: stack1.conv_layer.downConv.bias -> torch.Size([16])
  ✅ Loading: stack1.conv_layer.norm.weight -> torch.Size([16])
  ✅ Loading: stack1.conv_layer.norm.bias -> torch.Size([16])
  ✅ Loading: stack1.conv_layer.norm.running_mean -> torch.Size([16])
  ✅ Loading: stack1.conv_layer.norm.running_var -> torch.Size([16])
  ✅ Loading: stack1.conv_layer.norm.num_batches_tracked -> torch.Size([])
  ✅ Loading: stack1.out.weight -> torch.Size([4, 16])
  ✅ Loading: stack1.out.bias -> torch.Size([4])
  ✅ Loading: stack2.attention.attention_layer.key.weight -> torch.Size([16, 16])
  ✅ Loading: stack2.attention.attention_layer.value.weight -> torch.Size([16, 16])
  ✅ Loading: stack2.attention.attention_layer.query.weight -> torch.Size([16, 16])
  ✅ Loading: stack2.attention.attention_layer.to_out.weight -> torch.Size([16])
  ✅ Loading: stack2.attention.attention_layer.to_out.bias -> torch.Size([16])
  ✅ Loading: stack2.conv_layer.downConv.weight -> torch.Size([16, 16, 3])
  ✅ Loading: stack2.conv_layer.downConv.bias -> torch.Size([16])
  ✅ Loading: stack2.conv_layer.norm.weight -> torch.Size([16])
  ✅ Loading: stack2.conv_layer.norm.bias -> torch.Size([16])
  ✅ Loading: stack2.conv_layer.norm.running_mean -> torch.Size([16])
  ✅ Loading: stack2.conv_layer.norm.running_var -> torch.Size([16])
  ✅ Loading: stack2.conv_layer.norm.num_batches_tracked -> torch.Size([])
  ✅ Loading: stack2.out.weight -> torch.Size([4, 16])
  ✅ Loading: stack2.out.bias -> torch.Size([4])
🔧 Loading 43 encoder components into fine-tuning model...
⚠️  Missing keys (newly initialized): ['ssl_decoder.feature_expand.0.weight', 'ssl_decoder.feature_expand.0.bias', 'ssl_decoder.feature_expand.3.weight', 'ssl_decoder.feature_expand.3.bias', 'ssl_decoder.feature_expand.6.weight', 'ssl_decoder.feature_expand.6.bias', 'ssl_decoder.temporal_conv1.0.weight', 'ssl_decoder.temporal_conv1.0.bias', 'ssl_decoder.temporal_conv1.1.weight', 'ssl_decoder.temporal_conv1.1.bias', 'ssl_decoder.temporal_conv1.1.running_mean', 'ssl_decoder.temporal_conv1.1.running_var', 'ssl_decoder.temporal_conv2.0.weight', 'ssl_decoder.temporal_conv2.0.bias', 'ssl_decoder.temporal_conv2.1.weight', 'ssl_decoder.temporal_conv2.1.bias', 'ssl_decoder.temporal_conv2.1.running_mean', 'ssl_decoder.temporal_conv2.1.running_var', 'ssl_decoder.final_conv.weight', 'ssl_decoder.final_conv.bias', 'out.weight', 'out.bias']
✅ Successfully loaded SSL pre-trained weights!
🎯 SSL decoder removed, feature classifier ready for fine-tuning
==================================================
Starting Fine-tuning
==================================================
=================================================================
Layer (type:depth-idx)                   Param #
=================================================================
DARNet                                   --
├─TokenEmbeddingOriginal: 1-1            --
│    └─Sequential: 2-1                   --
│    │    └─Conv2d: 3-1                  576
│    │    └─BatchNorm2d: 3-2             128
│    │    └─GELU: 3-3                    --
│    └─Sequential: 2-2                   --
│    │    └─Conv2d: 3-4                  32,784
│    │    └─BatchNorm2d: 3-5             32
│    │    └─GELU: 3-6                    --
│    └─PositionalEmbedding: 2-3          --
├─EEGFullDARNetDecoder: 1-2              --
│    └─Sequential: 2-4                   --
│    │    └─Linear: 3-7                  2,304
│    │    └─ReLU: 3-8                    --
│    │    └─Dropout: 3-9                 --
│    │    └─Linear: 3-10                 131,584
│    │    └─ReLU: 3-11                   --
│    │    └─Dropout: 3-12                --
│    │    └─Linear: 3-13                 4,202,496
│    └─Sequential: 2-5                   --
│    │    └─Conv1d: 3-14                 24,704
│    │    └─BatchNorm1d: 3-15            256
│    │    └─ReLU: 3-16                   --
│    │    └─Dropout: 3-17                --
│    └─Sequential: 2-6                   --
│    │    └─Conv1d: 3-18                 24,640
│    │    └─BatchNorm1d: 3-19            128
│    │    └─ReLU: 3-20                   --
│    │    └─Dropout: 3-21                --
│    └─Conv1d: 2-7                       2,080
├─Flatten: 1-3                           --
├─Linear: 1-4                            18
├─AttnRefine: 1-5                        --
│    └─MyAttention: 2-8                  --
│    │    └─Attention: 3-22              800
│    └─Refine: 2-9                       --
│    │    └─Conv1d: 3-23                 784
│    │    └─BatchNorm1d: 3-24            32
│    │    └─ELU: 3-25                    --
│    │    └─MaxPool1d: 3-26              --
│    └─AdaptiveAvgPool1d: 2-10           --
│    └─Linear: 2-11                      68
│    └─Flatten: 2-12                     --
├─AttnRefine: 1-6                        --
│    └─MyAttention: 2-13                 --
│    │    └─Attention: 3-27              800
│    └─Refine: 2-14                      --
│    │    └─Conv1d: 3-28                 784
│    │    └─BatchNorm1d: 3-29            32
│    │    └─ELU: 3-30                    --
│    │    └─MaxPool1d: 3-31              --
│    └─AdaptiveAvgPool1d: 2-15           --
│    └─Linear: 2-16                      68
│    └─Flatten: 2-17                     --
=================================================================
Total params: 4,425,098
Trainable params: 4,425,098
Non-trainable params: 0
=================================================================
TestSub: S[16, 17, 18, 19, 20] Epoch  1 Finsh | Now_lr 0.0005/0.0005|Train Loss 0.5960 | Valid Loss 1.1518 | Train Acc 64.3306| Valid Acc 47.7292
Validation acc increase (0.000000 --> 47.729207) in epoch (1).  Saving model ...
TestSub: S[16, 17, 18, 19, 20] Epoch  2 Finsh | Now_lr 0.0005/0.0005|Train Loss 0.3678 | Valid Loss 1.6989 | Train Acc 83.0253| Valid Acc 48.2277
Validation acc increase (47.729207 --> 48.227748) in epoch (2).  Saving model ...
TestSub: S[16, 17, 18, 19, 20] Epoch  3 Finsh | Now_lr 0.0005/0.0005|Train Loss 0.2709 | Valid Loss 2.0415 | Train Acc 88.3919| Valid Acc 45.2426
TestSub: S[16, 17, 18, 19, 20] Epoch  4 Finsh | Now_lr 0.0005/0.0005|Train Loss 0.2151 | Valid Loss 2.2264 | Train Acc 91.0822| Valid Acc 46.1089
TestSub: S[16, 17, 18, 19, 20] Epoch  5 Finsh | Now_lr 0.0005/0.0005|Train Loss 0.1818 | Valid Loss 2.5457 | Train Acc 92.6611| Valid Acc 47.2945
TestSub: S[16, 17, 18, 19, 20] Epoch  6 Finsh | Now_lr 0.0005/0.0005|Train Loss 0.1590 | Valid Loss 2.5931 | Train Acc 93.6083| Valid Acc 46.2579
TestSub: S[16, 17, 18, 19, 20] Epoch  7 Finsh | Now_lr 0.0005/0.0005|Train Loss 0.1399 | Valid Loss 2.5999 | Train Acc 94.4388| Valid Acc 48.1730
TestSub: S[16, 17, 18, 19, 20] Epoch  8 Finsh | Now_lr 0.0005/0.0005|Train Loss 0.1274 | Valid Loss 2.6143 | Train Acc 95.0359| Valid Acc 48.4953
Validation acc increase (48.227748 --> 48.495258) in epoch (8).  Saving model ...
TestSub: S[16, 17, 18, 19, 20] Epoch  9 Finsh | Now_lr 0.0005/0.0005|Train Loss 0.1154 | Valid Loss 2.6538 | Train Acc 95.5545| Valid Acc 48.6108
Validation acc increase (48.495258 --> 48.610773) in epoch (9).  Saving model ...
TestSub: S[16, 17, 18, 19, 20] Epoch 10 Finsh | Now_lr 0.0005/0.0005|Train Loss 0.1066 | Valid Loss 2.8120 | Train Acc 95.9776| Valid Acc 48.0849
TestSub: S[16, 17, 18, 19, 20] Epoch 11 Finsh | Now_lr 0.0005/0.0005|Train Loss 0.0975 | Valid Loss 2.9171 | Train Acc 96.3442| Valid Acc 49.8358
Validation acc increase (48.610773 --> 49.835846) in epoch (11).  Saving model ...
TestSub: S[16, 17, 18, 19, 20] Epoch 12 Finsh | Now_lr 0.0005/0.0005|Train Loss 0.0897 | Valid Loss 3.1748 | Train Acc 96.6263| Valid Acc 50.0122
Validation acc increase (49.835846 --> 50.012160) in epoch (12).  Saving model ...
TestSub: S[16, 17, 18, 19, 20] Epoch 13 Finsh | Now_lr 0.0005/0.0005|Train Loss 0.0851 | Valid Loss 2.8822 | Train Acc 96.8410| Valid Acc 49.9757
TestSub: S[16, 17, 18, 19, 20] Epoch 14 Finsh | Now_lr 0.0005/0.0005|Train Loss 0.0780 | Valid Loss 2.9744 | Train Acc 97.1832| Valid Acc 50.9059
Validation acc increase (50.012160 --> 50.905885) in epoch (14).  Saving model ...
TestSub: S[16, 17, 18, 19, 20] Epoch 15 Finsh | Now_lr 0.0005/0.0005|Train Loss 0.0753 | Valid Loss 3.0629 | Train Acc 97.2203| Valid Acc 49.8358
TestSub: S[16, 17, 18, 19, 20] Epoch 16 Finsh | Now_lr 0.0005/0.0005|Train Loss 0.0712 | Valid Loss 2.9151 | Train Acc 97.4082| Valid Acc 50.1429
TestSub: S[16, 17, 18, 19, 20] Epoch 17 Finsh | Now_lr 0.0005/0.0005|Train Loss 0.0669 | Valid Loss 2.7709 | Train Acc 97.5395| Valid Acc 49.8024
TestSub: S[16, 17, 18, 19, 20] Epoch 18 Finsh | Now_lr 0.0005/0.0005|Train Loss 0.0644 | Valid Loss 3.1251 | Train Acc 97.6581| Valid Acc 48.8813
TestSub: S[16, 17, 18, 19, 20] Epoch 19 Finsh | Now_lr 0.0005/0.0005|Train Loss 0.0594 | Valid Loss 3.2246 | Train Acc 97.8867| Valid Acc 50.1550
TestSub: S[16, 17, 18, 19, 20] Epoch 20 Finsh | Now_lr 0.0005/0.0005|Train Loss 0.0580 | Valid Loss 3.1220 | Train Acc 97.9377| Valid Acc 51.3983
Validation acc increase (50.905885 --> 51.398346) in epoch (20).  Saving model ...
TestSub: S[16, 17, 18, 19, 20] Epoch 21 Finsh | Now_lr 0.0005/0.0005|Train Loss 0.0543 | Valid Loss 3.2735 | Train Acc 98.0691| Valid Acc 51.3588
TestSub: S[16, 17, 18, 19, 20] Epoch 22 Finsh | Now_lr 0.0005/0.0005|Train Loss 0.0526 | Valid Loss 3.2367 | Train Acc 98.1305| Valid Acc 50.6110
TestSub: S[16, 17, 18, 19, 20] Epoch 23 Finsh | Now_lr 0.0005/0.0005|Train Loss 0.0500 | Valid Loss 3.2412 | Train Acc 98.2673| Valid Acc 49.8602
TestSub: S[16, 17, 18, 19, 20] Epoch 24 Finsh | Now_lr 0.0005/0.0005|Train Loss 0.0487 | Valid Loss 3.3030 | Train Acc 98.2849| Valid Acc 49.6109
TestSub: S[16, 17, 18, 19, 20] Epoch 25 Finsh | Now_lr 0.0005/0.0005|Train Loss 0.0466 | Valid Loss 3.2525 | Train Acc 98.3378| Valid Acc 48.1548
TestSub: S[16, 17, 18, 19, 20] Epoch 26 Finsh | Now_lr 0.0005/0.0005|Train Loss 0.0438 | Valid Loss 3.2995 | Train Acc 98.4545| Valid Acc 49.4407
TestSub: S[16, 17, 18, 19, 20] Epoch 27 Finsh | Now_lr 0.0005/0.0005|Train Loss 0.0438 | Valid Loss 3.3448 | Train Acc 98.4405| Valid Acc 50.0030
TestSub: S[16, 17, 18, 19, 20] Epoch 28 Finsh | Now_lr 0.0005/0.0005|Train Loss 0.0397 | Valid Loss 3.8195 | Train Acc 98.6278| Valid Acc 50.0912
TestSub: S[16, 17, 18, 19, 20] Epoch 29 Finsh | Now_lr 0.0005/0.0005|Train Loss 0.0407 | Valid Loss 3.5581 | Train Acc 98.5725| Valid Acc 50.7661
TestSub: S[16, 17, 18, 19, 20] Epoch 30 Finsh | Now_lr 0.0005/0.0005|Train Loss 0.0409 | Valid Loss 3.5227 | Train Acc 98.5962| Valid Acc 49.9757
TestSub: S[16, 17, 18, 19, 20] Epoch 31 Finsh | Now_lr 0.0005/0.0005|Train Loss 0.0379 | Valid Loss 3.5227 | Train Acc 98.6576| Valid Acc 49.1488
TestSub: S[16, 17, 18, 19, 20] Epoch 32 Finsh | Now_lr 0.0005/0.0005|Train Loss 0.0371 | Valid Loss 3.6999 | Train Acc 98.6856| Valid Acc 49.8541
TestSub: S[16, 17, 18, 19, 20] Epoch 33 Finsh | Now_lr 0.0005/0.0005|Train Loss 0.0352 | Valid Loss 3.6607 | Train Acc 98.7926| Valid Acc 50.2554
TestSub: S[16, 17, 18, 19, 20] Epoch 34 Finsh | Now_lr 0.0005/0.0005|Train Loss 0.0346 | Valid Loss 3.6318 | Train Acc 98.7974| Valid Acc 49.6717
TestSub: S[16, 17, 18, 19, 20] Epoch 35 Finsh | Now_lr 0.0005/0.0005|Train Loss 0.0342 | Valid Loss 3.6437 | Train Acc 98.7956| Valid Acc 50.3496
TestSub: S[16, 17, 18, 19, 20] Epoch 36 Finsh | Now_lr 0.0005/0.0005|Train Loss 0.0332 | Valid Loss 3.5116 | Train Acc 98.8679| Valid Acc 50.3557
TestSub: S[16, 17, 18, 19, 20] Epoch 37 Finsh | Now_lr 0.0005/0.0005|Train Loss 0.0308 | Valid Loss 3.7412 | Train Acc 98.9591| Valid Acc 50.4590
TestSub: S[16, 17, 18, 19, 20] Epoch 38 Finsh | Now_lr 0.0005/0.0005|Train Loss 0.0310 | Valid Loss 3.7653 | Train Acc 98.9348| Valid Acc 49.1367
TestSub: S[16, 17, 18, 19, 20] Epoch 39 Finsh | Now_lr 0.0005/0.0005|Train Loss 0.0298 | Valid Loss 3.8028 | Train Acc 98.9543| Valid Acc 50.4833
TestSub: S[16, 17, 18, 19, 20] Epoch 40 Finsh | Now_lr 0.0005/0.0005|Train Loss 0.0297 | Valid Loss 3.7036 | Train Acc 98.9877| Valid Acc 49.6869
TestSub: S[16, 17, 18, 19, 20] Epoch 41 Finsh | Now_lr 0.0005/0.0005|Train Loss 0.0279 | Valid Loss 3.8996 | Train Acc 99.0552| Valid Acc 50.4803
TestSub: S[16, 17, 18, 19, 20] Epoch 42 Finsh | Now_lr 0.0005/0.0005|Train Loss 0.0285 | Valid Loss 3.8681 | Train Acc 99.0357| Valid Acc 47.7201
TestSub: S[16, 17, 18, 19, 20] Epoch 43 Finsh | Now_lr 0.0005/0.0005|Train Loss 0.0275 | Valid Loss 3.7879 | Train Acc 99.0728| Valid Acc 49.3495
TestSub: S[16, 17, 18, 19, 20] Epoch 44 Finsh | Now_lr 0.0005/0.0005|Train Loss 0.0270 | Valid Loss 3.9323 | Train Acc 99.0692| Valid Acc 48.5469
TestSub: S[16, 17, 18, 19, 20] Epoch 45 Finsh | Now_lr 0.0005/0.0005|Train Loss 0.0254 | Valid Loss 3.9523 | Train Acc 99.1124| Valid Acc 48.7415
TestSub: S[16, 17, 18, 19, 20] Epoch 46 Finsh | Now_lr 0.0005/0.0005|Train Loss 0.0252 | Valid Loss 3.9151 | Train Acc 99.1355| Valid Acc 49.4346
TestSub: S[16, 17, 18, 19, 20] Epoch 47 Finsh | Now_lr 0.0005/0.0005|Train Loss 0.0259 | Valid Loss 3.8692 | Train Acc 99.1367| Valid Acc 48.9087
TestSub: S[16, 17, 18, 19, 20] Epoch 48 Finsh | Now_lr 0.0005/0.0005|Train Loss 0.0256 | Valid Loss 3.8502 | Train Acc 99.1421| Valid Acc 49.2279
TestSub: S[16, 17, 18, 19, 20] Epoch 49 Finsh | Now_lr 0.0005/0.0005|Train Loss 0.0254 | Valid Loss 3.5161 | Train Acc 99.1507| Valid Acc 48.9239
TestSub: S[16, 17, 18, 19, 20] Epoch 50 Finsh | Now_lr 0.0005/0.0005|Train Loss 0.0238 | Valid Loss 3.7720 | Train Acc 99.1835| Valid Acc 48.0119
Early stopping triggered after 50 epochs (30 epochs without improvement)
--------------------------------------------------
Test_Subject :S[16, 17, 18, 19, 20] |Best epoch:20 | Test Loss:3.1220 | Best Acc 51.3983 | Savemodel Acc 51.3983
--------------------------------------------------

========== Fold 5 ==========
Train IDs: [1, 2, 3, 4, 5, 6, 7, 8, 9, 10, 11, 12, 13, 14, 15, 16, 17, 18, 19, 20, 26, 27, 28, 29, 30]
Val IDs:   [21, 22, 23, 24, 25]
================================================================================
SSL PRE-TRAINING PHASE
================================================================================
Loading SSL data for subjects: [1, 2, 3, 4, 5, 6, 7, 8, 9, 10, 11, 12, 13, 14, 15, 16, 17, 18, 19, 20, 26, 27, 28, 29, 30]
SSL Config: mask_ratio=0.15, patch_masking=True
Loaded subject S1: (6580, 32, 128)
Loaded subject S2: (6580, 32, 128)
Loaded subject S3: (6580, 32, 128)
Loaded subject S4: (6580, 32, 128)
Loaded subject S5: (6580, 32, 128)
Loaded subject S6: (6580, 32, 128)
Loaded subject S7: (6580, 32, 128)
Loaded subject S8: (6580, 32, 128)
Loaded subject S9: (6580, 32, 128)
Loaded subject S10: (6580, 32, 128)
Loaded subject S11: (6580, 32, 128)
Loaded subject S12: (6580, 32, 128)
Loaded subject S13: (6580, 32, 128)
Loaded subject S14: (6580, 32, 128)
Loaded subject S15: (6580, 32, 128)
Loaded subject S16: (6580, 32, 128)
Loaded subject S17: (6580, 32, 128)
Loaded subject S18: (6580, 32, 128)
Loaded subject S19: (6580, 32, 128)
Loaded subject S20: (6580, 32, 128)
Loaded subject S26: (6580, 32, 128)
Loaded subject S27: (6580, 32, 128)
Loaded subject S28: (6580, 32, 128)
Loaded subject S29: (6580, 32, 128)
Loaded subject S30: (6580, 32, 128)
Total SSL data shape: (164500, 32, 128)
Patch info: 32×128 → 64 patches, masking 9 (15.0%)
🏗️  SSL Model Architecture:
   - SSL Enabled: True
   - SSL Approach: full_darnet
   - Training Mode: ssl
   - Decoder Type: EEGFullDARNetDecoder
   - Encoder parameters: 36,888
   - Decoder parameters: 4,388,192
   - Total parameters: 4,425,098
   - Decoder/Total ratio: 99.2%
==================================================
Starting SSL Pre-training
==================================================
=================================================================
Layer (type:depth-idx)                   Param #
=================================================================
DARNet                                   --
├─TokenEmbeddingOriginal: 1-1            --
│    └─Sequential: 2-1                   --
│    │    └─Conv2d: 3-1                  576
│    │    └─BatchNorm2d: 3-2             128
│    │    └─GELU: 3-3                    --
│    └─Sequential: 2-2                   --
│    │    └─Conv2d: 3-4                  32,784
│    │    └─BatchNorm2d: 3-5             32
│    │    └─GELU: 3-6                    --
│    └─PositionalEmbedding: 2-3          --
├─EEGFullDARNetDecoder: 1-2              --
│    └─Sequential: 2-4                   --
│    │    └─Linear: 3-7                  2,304
│    │    └─ReLU: 3-8                    --
│    │    └─Dropout: 3-9                 --
│    │    └─Linear: 3-10                 131,584
│    │    └─ReLU: 3-11                   --
│    │    └─Dropout: 3-12                --
│    │    └─Linear: 3-13                 4,202,496
│    └─Sequential: 2-5                   --
│    │    └─Conv1d: 3-14                 24,704
│    │    └─BatchNorm1d: 3-15            256
│    │    └─ReLU: 3-16                   --
│    │    └─Dropout: 3-17                --
│    └─Sequential: 2-6                   --
│    │    └─Conv1d: 3-18                 24,640
│    │    └─BatchNorm1d: 3-19            128
│    │    └─ReLU: 3-20                   --
│    │    └─Dropout: 3-21                --
│    └─Conv1d: 2-7                       2,080
├─Flatten: 1-3                           --
├─Linear: 1-4                            18
├─AttnRefine: 1-5                        --
│    └─MyAttention: 2-8                  --
│    │    └─Attention: 3-22              800
│    └─Refine: 2-9                       --
│    │    └─Conv1d: 3-23                 784
│    │    └─BatchNorm1d: 3-24            32
│    │    └─ELU: 3-25                    --
│    │    └─MaxPool1d: 3-26              --
│    └─AdaptiveAvgPool1d: 2-10           --
│    └─Linear: 2-11                      68
│    └─Flatten: 2-12                     --
├─AttnRefine: 1-6                        --
│    └─MyAttention: 2-13                 --
│    │    └─Attention: 3-27              800
│    └─Refine: 2-14                      --
│    │    └─Conv1d: 3-28                 784
│    │    └─BatchNorm1d: 3-29            32
│    │    └─ELU: 3-30                    --
│    │    └─MaxPool1d: 3-31              --
│    └─AdaptiveAvgPool1d: 2-15           --
│    └─Linear: 2-16                      68
│    └─Flatten: 2-17                     --
=================================================================
Total params: 4,425,098
Trainable params: 4,425,098
Non-trainable params: 0
=================================================================
SSL Epoch  1 | SSL Loss: 0.441029
SSL model saved at epoch 1 with loss 0.441029 to ./exps/cross-subject/DARNet_SSL_FullDARNet/ssl_models_task1_AAD_MM-AAD_original_ssl22025-10-14-16-30-02/ssl_best_model.pt
SSL model saved with loss 0.441029
SSL Epoch  2 | SSL Loss: 0.306207
SSL model saved at epoch 2 with loss 0.306207 to ./exps/cross-subject/DARNet_SSL_FullDARNet/ssl_models_task1_AAD_MM-AAD_original_ssl22025-10-14-16-30-02/ssl_best_model.pt
SSL model saved with loss 0.306207
SSL Epoch  3 | SSL Loss: 0.260910
SSL model saved at epoch 3 with loss 0.260910 to ./exps/cross-subject/DARNet_SSL_FullDARNet/ssl_models_task1_AAD_MM-AAD_original_ssl22025-10-14-16-30-02/ssl_best_model.pt
SSL model saved with loss 0.260910
SSL Epoch  4 | SSL Loss: 0.239382
SSL model saved at epoch 4 with loss 0.239382 to ./exps/cross-subject/DARNet_SSL_FullDARNet/ssl_models_task1_AAD_MM-AAD_original_ssl22025-10-14-16-30-02/ssl_best_model.pt
SSL model saved with loss 0.239382
SSL Epoch  5 | SSL Loss: 0.225959
SSL model saved at epoch 5 with loss 0.225959 to ./exps/cross-subject/DARNet_SSL_FullDARNet/ssl_models_task1_AAD_MM-AAD_original_ssl22025-10-14-16-30-02/ssl_best_model.pt
SSL model saved with loss 0.225959
SSL Epoch  6 | SSL Loss: 0.217272
SSL model saved at epoch 6 with loss 0.217272 to ./exps/cross-subject/DARNet_SSL_FullDARNet/ssl_models_task1_AAD_MM-AAD_original_ssl22025-10-14-16-30-02/ssl_best_model.pt
SSL model saved with loss 0.217272
SSL Epoch  7 | SSL Loss: 0.210141
SSL model saved at epoch 7 with loss 0.210141 to ./exps/cross-subject/DARNet_SSL_FullDARNet/ssl_models_task1_AAD_MM-AAD_original_ssl22025-10-14-16-30-02/ssl_best_model.pt
SSL model saved with loss 0.210141
SSL Epoch  8 | SSL Loss: 0.205199
SSL model saved at epoch 8 with loss 0.205199 to ./exps/cross-subject/DARNet_SSL_FullDARNet/ssl_models_task1_AAD_MM-AAD_original_ssl22025-10-14-16-30-02/ssl_best_model.pt
SSL model saved with loss 0.205199
SSL Epoch  9 | SSL Loss: 0.200749
SSL model saved at epoch 9 with loss 0.200749 to ./exps/cross-subject/DARNet_SSL_FullDARNet/ssl_models_task1_AAD_MM-AAD_original_ssl22025-10-14-16-30-02/ssl_best_model.pt
SSL model saved with loss 0.200749
SSL Epoch 10 | SSL Loss: 0.197327
SSL model saved at epoch 10 with loss 0.197327 to ./exps/cross-subject/DARNet_SSL_FullDARNet/ssl_models_task1_AAD_MM-AAD_original_ssl22025-10-14-16-30-02/ssl_best_model.pt
SSL model saved with loss 0.197327
SSL Epoch 11 | SSL Loss: 0.194321
SSL model saved at epoch 11 with loss 0.194321 to ./exps/cross-subject/DARNet_SSL_FullDARNet/ssl_models_task1_AAD_MM-AAD_original_ssl22025-10-14-16-30-02/ssl_best_model.pt
SSL model saved with loss 0.194321
SSL Epoch 12 | SSL Loss: 0.192021
SSL model saved at epoch 12 with loss 0.192021 to ./exps/cross-subject/DARNet_SSL_FullDARNet/ssl_models_task1_AAD_MM-AAD_original_ssl22025-10-14-16-30-02/ssl_best_model.pt
SSL model saved with loss 0.192021
SSL Epoch 13 | SSL Loss: 0.189594
SSL model saved at epoch 13 with loss 0.189594 to ./exps/cross-subject/DARNet_SSL_FullDARNet/ssl_models_task1_AAD_MM-AAD_original_ssl22025-10-14-16-30-02/ssl_best_model.pt
SSL model saved with loss 0.189594
SSL Epoch 14 | SSL Loss: 0.187796
SSL model saved at epoch 14 with loss 0.187796 to ./exps/cross-subject/DARNet_SSL_FullDARNet/ssl_models_task1_AAD_MM-AAD_original_ssl22025-10-14-16-30-02/ssl_best_model.pt
SSL model saved with loss 0.187796
