==========================================
SLURM_CLUSTER_NAME = param-shivay
SLURM_ARRAY_JOB_ID = 
SLURM_ARRAY_TASK_ID = 
SLURM_ARRAY_TASK_COUNT = 
SLURM_ARRAY_TASK_MAX = 
SLURM_ARRAY_TASK_MIN = 
SLURM_JOB_ACCOUNT = mechanical_engg
SLURM_JOB_ID = 1156848
SLURM_JOB_NAME = eeg-train
SLURM_JOB_NODELIST = gpu006
SLURM_JOB_USER = suyash.kumar.mec22.itbhu
SLURM_JOB_UID = 6339
SLURM_JOB_PARTITION = gpu
SLURM_TASK_PID = 82866
SLURM_SUBMIT_DIR = /scratch/suyash.kumar.mec22.itbhu/EEG-AAD/eeg-aad-challenge2026-task1-baselines-master
SLURM_CPUS_ON_NODE = 24
SLURM_NTASKS = 
SLURM_TASK_PID = 82866
==========================================
Job started at: Sun Oct 19 12:18:51 IST 2025
Running on node: gpu006
GPU allocation: 0
Current device is cuda
Setting all seeds to 42 for reproducibility...
All seeds set successfully!
start time: task1_AAD_MM-AAD_ssl_domain_2025-10-19-12-21-17
============================================================================================================
Arguments =
	_action_groups: [<argparse._ArgumentGroup object at 0x7fb1a13b5730>, <argparse._ArgumentGroup object at 0x7fb1641f4b80>]
	_actions: [_HelpAction(option_strings=['-h', '--help'], dest='help', nargs=0, const=None, default='==SUPPRESS==', type=None, choices=None, required=False, help='show this help message and exit', metavar=None)]
	_defaults: {}
	_has_negative_number_optionals: []
	_mutually_exclusive_groups: []
	_negative_number_matcher: re.compile('^-\\d+$|^-\\d*\\.\\d+$')
	_option_string_actions: {'-h': _HelpAction(option_strings=['-h', '--help'], dest='help', nargs=0, const=None, default='==SUPPRESS==', type=None, choices=None, required=False, help='show this help message and exit', metavar=None), '--help': _HelpAction(option_strings=['-h', '--help'], dest='help', nargs=0, const=None, default='==SUPPRESS==', type=None, choices=None, required=False, help='show this help message and exit', metavar=None)}
	_optionals: <argparse._ArgumentGroup object at 0x7fb1641f4b80>
	_positionals: <argparse._ArgumentGroup object at 0x7fb1a13b5730>
	_registries: {'action': {None: <class 'argparse._StoreAction'>, 'store': <class 'argparse._StoreAction'>, 'store_const': <class 'argparse._StoreConstAction'>, 'store_true': <class 'argparse._StoreTrueAction'>, 'store_false': <class 'argparse._StoreFalseAction'>, 'append': <class 'argparse._AppendAction'>, 'append_const': <class 'argparse._AppendConstAction'>, 'count': <class 'argparse._CountAction'>, 'help': <class 'argparse._HelpAction'>, 'version': <class 'argparse._VersionAction'>, 'parsers': <class 'argparse._SubParsersAction'>, 'extend': <class 'argparse._ExtendAction'>}, 'type': {None: <function ArgumentParser.__init__.<locals>.identity at 0x7fb16419aee0>}}
	_subparsers: None
	add_help: True
	allow_abbrev: True
	alpha: 0.99
	argument_default: None
	batch_size: 128
	beta1: 0.9
	beta2: 0.999
	conflict_handler: error
	data_path: /home/suyash.kumar.mec22.itbhu/EEG-AAD_audio_visual/preprocessed/data/
	dataset: MM-AAD
	description: None
	eeg_channel: 32
	epilog: None
	exit_on_error: True
	fig_path: ./exps/cross-subject/DARNet_SSL_FullDARNet_Domain/figures/
	formatter_class: <class 'argparse.HelpFormatter'>
	fromfile_prefix_chars: None
	fs: 128
	label_path: /home/suyash.kumar.mec22.itbhu/EEG-AAD_audio_visual/preprocessed/label/
	lam: 0.2
	lambda_domain: 0.1
	log_interval: 10
	lr: 0.0005
	lr_decayrate: 0.5
	max_epoch: 100
	model: DARNet_SSL_FullDARNet_Domain
	model_save_path: ./exps/cross-subject/DARNet_SSL_FullDARNet_Domain/baseline_task1_AAD_MM-AAD_ssl_domain_2025-10-19-12-21-17/
	momentum: 0.9
	optimizer: AdamW
	overlap: 0.5
	patience: 10
	prefix_chars: -
	prog: trainer4.py
	seed: 42
	ssl_approach: full_darnet
	ssl_enabled: True
	ssl_epochs: 30
	ssl_lr: 0.0001
	ssl_model_save_path: ./exps/cross-subject/DARNet_SSL_FullDARNet_Domain/ssl_models_task1_AAD_MM-AAD_ssl_domain_2025-10-19-12-21-17/
	start_time: task1_AAD_MM-AAD_ssl_domain_2025-10-19-12-21-17
	subject_number: 40
	trail_number: 20
	usage: None
	use_domain_adversarial: True
	weight_decay: 0.0003
	win_len: 256
	win_time: 2
	window_lap: 128.0
============================================================================================================
Loading fine-tuning data with target window length: 256 time steps
Loaded fine-tuning subject S1: (6580, 32, 256)
Loaded fine-tuning subject S2: (6580, 32, 256)
Loaded fine-tuning subject S3: (6580, 32, 256)
Loaded fine-tuning subject S4: (6580, 32, 256)
Loaded fine-tuning subject S5: (6580, 32, 256)
Loaded fine-tuning subject S6: (6580, 32, 256)
Loaded fine-tuning subject S7: (6580, 32, 256)
Loaded fine-tuning subject S8: (6580, 32, 256)
Loaded fine-tuning subject S9: (6580, 32, 256)
Loaded fine-tuning subject S10: (6580, 32, 256)
Loaded fine-tuning subject S11: (6580, 32, 256)
Loaded fine-tuning subject S12: (6580, 32, 256)
Loaded fine-tuning subject S13: (6580, 32, 256)
Loaded fine-tuning subject S14: (6580, 32, 256)
Loaded fine-tuning subject S15: (6580, 32, 256)
Loaded fine-tuning subject S16: (6580, 32, 256)
Loaded fine-tuning subject S17: (6580, 32, 256)
Loaded fine-tuning subject S18: (6580, 32, 256)
Loaded fine-tuning subject S19: (6580, 32, 256)
Loaded fine-tuning subject S20: (6580, 32, 256)
Loaded fine-tuning subject S21: (6580, 32, 256)
Loaded fine-tuning subject S22: (6580, 32, 256)
Loaded fine-tuning subject S23: (6580, 32, 256)
Loaded fine-tuning subject S24: (6580, 32, 256)
Loaded fine-tuning subject S25: (6580, 32, 256)
Loaded fine-tuning subject S26: (6580, 32, 256)
Loaded fine-tuning subject S27: (6580, 32, 256)
Loaded fine-tuning subject S28: (6580, 32, 256)
Loaded fine-tuning subject S29: (6580, 32, 256)
Loaded fine-tuning subject S30: (6580, 32, 256)

========== Fold 1 ==========
Train IDs: [6, 7, 8, 9, 10, 11, 12, 13, 14, 15, 16, 17, 18, 19, 20, 21, 22, 23, 24, 25, 26, 27, 28, 29, 30]
Val IDs:   [1, 2, 3, 4, 5]
================================================================================
SSL PRE-TRAINING PHASE WITH DOMAIN ADVERSARIAL TRAINING
================================================================================
Loading SSL data with subject IDs for subjects: [6, 7, 8, 9, 10, 11, 12, 13, 14, 15, 16, 17, 18, 19, 20, 21, 22, 23, 24, 25, 26, 27, 28, 29, 30]
Target window length: 256 time steps
Creating 256-step windows from 128-step data
Loaded subject S6: (6580, 32, 256), Subject ID: 5
Creating 256-step windows from 128-step data
Loaded subject S7: (6580, 32, 256), Subject ID: 6
Creating 256-step windows from 128-step data
Loaded subject S8: (6580, 32, 256), Subject ID: 7
Creating 256-step windows from 128-step data
Loaded subject S9: (6580, 32, 256), Subject ID: 8
Creating 256-step windows from 128-step data
Loaded subject S10: (6580, 32, 256), Subject ID: 9
Creating 256-step windows from 128-step data
Loaded subject S11: (6580, 32, 256), Subject ID: 10
Creating 256-step windows from 128-step data
Loaded subject S12: (6580, 32, 256), Subject ID: 11
Creating 256-step windows from 128-step data
Loaded subject S13: (6580, 32, 256), Subject ID: 12
Creating 256-step windows from 128-step data
Loaded subject S14: (6580, 32, 256), Subject ID: 13
Creating 256-step windows from 128-step data
Loaded subject S15: (6580, 32, 256), Subject ID: 14
Creating 256-step windows from 128-step data
Loaded subject S16: (6580, 32, 256), Subject ID: 15
Creating 256-step windows from 128-step data
Loaded subject S17: (6580, 32, 256), Subject ID: 16
Creating 256-step windows from 128-step data
Loaded subject S18: (6580, 32, 256), Subject ID: 17
Creating 256-step windows from 128-step data
Loaded subject S19: (6580, 32, 256), Subject ID: 18
Creating 256-step windows from 128-step data
Loaded subject S20: (6580, 32, 256), Subject ID: 19
Creating 256-step windows from 128-step data
Loaded subject S21: (6580, 32, 256), Subject ID: 20
Creating 256-step windows from 128-step data
Loaded subject S22: (6580, 32, 256), Subject ID: 21
Creating 256-step windows from 128-step data
Loaded subject S23: (6580, 32, 256), Subject ID: 22
Creating 256-step windows from 128-step data
Loaded subject S24: (6580, 32, 256), Subject ID: 23
Creating 256-step windows from 128-step data
Loaded subject S25: (6580, 32, 256), Subject ID: 24
Creating 256-step windows from 128-step data
Loaded subject S26: (6580, 32, 256), Subject ID: 25
Creating 256-step windows from 128-step data
Loaded subject S27: (6580, 32, 256), Subject ID: 26
Creating 256-step windows from 128-step data
Loaded subject S28: (6580, 32, 256), Subject ID: 27
Creating 256-step windows from 128-step data
Loaded subject S29: (6580, 32, 256), Subject ID: 28
Creating 256-step windows from 128-step data
Loaded subject S30: (6580, 32, 256), Subject ID: 29
Total SSL data shape: (164500, 32, 256)
Total subject IDs: 164500
🏗️  SSL Model Architecture:
   - SSL Enabled: True
   - SSL Approach: full_darnet
   - Domain Adversarial: True
   - Training Mode: ssl
   - Decoder Type: EEGFullDARNetDecoder
   - Encoder parameters: 36,888
   - Decoder parameters: 563,328
   - Domain discriminator parameters: 39,070
   - Total parameters: 639,304
   - Decoder/Total ratio: 88.1%
==================================================
Starting SSL Pre-training with Domain Adversarial Training
==================================================
=================================================================
Layer (type:depth-idx)                   Param #
=================================================================
DARNet                                   --
├─GradientReversalLayer: 1-1             --
├─SubjectDiscriminator: 1-2              --
│    └─Sequential: 2-1                   --
│    │    └─Linear: 3-1                  2,304
│    │    └─ReLU: 3-2                    --
│    │    └─Dropout: 3-3                 --
│    │    └─Linear: 3-4                  32,896
│    │    └─ReLU: 3-5                    --
│    │    └─Dropout: 3-6                 --
│    │    └─Linear: 3-7                  3,870
├─TokenEmbeddingOriginal: 1-3            --
│    └─Sequential: 2-2                   --
│    │    └─Conv2d: 3-8                  576
│    │    └─BatchNorm2d: 3-9             128
│    │    └─GELU: 3-10                   --
│    └─Sequential: 2-3                   --
│    │    └─Conv2d: 3-11                 32,784
│    │    └─BatchNorm2d: 3-12            32
│    │    └─GELU: 3-13                   --
│    └─PositionalEmbedding: 2-4          --
├─EEGFullDARNetDecoder: 1-4              --
│    └─Sequential: 2-5                   --
│    │    └─Linear: 3-14                 576
│    │    └─ReLU: 3-15                   --
│    │    └─Dropout: 3-16                --
│    │    └─Linear: 3-17                 16,640
│    │    └─ReLU: 3-18                   --
│    │    └─Dropout: 3-19                --
│    └─Linear: 2-6                       526,336
│    └─ConvTranspose1d: 2-7              8,256
│    └─BatchNorm1d: 2-8                  128
│    └─ConvTranspose1d: 2-9              8,224
│    └─BatchNorm1d: 2-10                 64
│    └─Conv1d: 2-11                      3,104
│    └─ReLU: 2-12                        --
│    └─Dropout: 2-13                     --
├─Flatten: 1-5                           --
├─Linear: 1-6                            18
├─AttnRefine: 1-7                        --
│    └─MyAttention: 2-14                 --
│    │    └─Attention: 3-20              800
│    └─Refine: 2-15                      --
│    │    └─Conv1d: 3-21                 784
│    │    └─BatchNorm1d: 3-22            32
│    │    └─ELU: 3-23                    --
│    │    └─MaxPool1d: 3-24              --
│    └─AdaptiveAvgPool1d: 2-16           --
│    └─Linear: 2-17                      68
│    └─Flatten: 2-18                     --
├─AttnRefine: 1-8                        --
│    └─MyAttention: 2-19                 --
│    │    └─Attention: 3-25              800
│    └─Refine: 2-20                      --
│    │    └─Conv1d: 3-26                 784
│    │    └─BatchNorm1d: 3-27            32
│    │    └─ELU: 3-28                    --
│    │    └─MaxPool1d: 3-29              --
│    └─AdaptiveAvgPool1d: 2-21           --
│    └─Linear: 2-22                      68
│    └─Flatten: 2-23                     --
=================================================================
Total params: 639,304
Trainable params: 639,304
Non-trainable params: 0
=================================================================
SSL Epoch  1 | SSL Loss: 0.545264 | Domain Loss: 3.163865
SSL model saved at epoch 1 with loss 0.545264 to ./exps/cross-subject/DARNet_SSL_FullDARNet_Domain/ssl_models_task1_AAD_MM-AAD_ssl_domain_2025-10-19-12-21-17/ssl_best_model.pt
SSL model saved with loss 0.545264
SSL Epoch  2 | SSL Loss: 0.427630 | Domain Loss: 2.986912
SSL model saved at epoch 2 with loss 0.427630 to ./exps/cross-subject/DARNet_SSL_FullDARNet_Domain/ssl_models_task1_AAD_MM-AAD_ssl_domain_2025-10-19-12-21-17/ssl_best_model.pt
SSL model saved with loss 0.427630
SSL Epoch  3 | SSL Loss: 0.394104 | Domain Loss: 3.075903
SSL model saved at epoch 3 with loss 0.394104 to ./exps/cross-subject/DARNet_SSL_FullDARNet_Domain/ssl_models_task1_AAD_MM-AAD_ssl_domain_2025-10-19-12-21-17/ssl_best_model.pt
SSL model saved with loss 0.394104
SSL Epoch  4 | SSL Loss: 0.376493 | Domain Loss: 3.021598
SSL model saved at epoch 4 with loss 0.376493 to ./exps/cross-subject/DARNet_SSL_FullDARNet_Domain/ssl_models_task1_AAD_MM-AAD_ssl_domain_2025-10-19-12-21-17/ssl_best_model.pt
SSL model saved with loss 0.376493
SSL Epoch  5 | SSL Loss: 0.356543 | Domain Loss: 3.054912
SSL model saved at epoch 5 with loss 0.356543 to ./exps/cross-subject/DARNet_SSL_FullDARNet_Domain/ssl_models_task1_AAD_MM-AAD_ssl_domain_2025-10-19-12-21-17/ssl_best_model.pt
SSL model saved with loss 0.356543
SSL Epoch  6 | SSL Loss: 0.345149 | Domain Loss: 3.026751
SSL model saved at epoch 6 with loss 0.345149 to ./exps/cross-subject/DARNet_SSL_FullDARNet_Domain/ssl_models_task1_AAD_MM-AAD_ssl_domain_2025-10-19-12-21-17/ssl_best_model.pt
SSL model saved with loss 0.345149
SSL Epoch  7 | SSL Loss: 0.340849 | Domain Loss: 3.049407
SSL model saved at epoch 7 with loss 0.340849 to ./exps/cross-subject/DARNet_SSL_FullDARNet_Domain/ssl_models_task1_AAD_MM-AAD_ssl_domain_2025-10-19-12-21-17/ssl_best_model.pt
SSL model saved with loss 0.340849
SSL Epoch  8 | SSL Loss: 0.337674 | Domain Loss: 3.059266
SSL model saved at epoch 8 with loss 0.337674 to ./exps/cross-subject/DARNet_SSL_FullDARNet_Domain/ssl_models_task1_AAD_MM-AAD_ssl_domain_2025-10-19-12-21-17/ssl_best_model.pt
SSL model saved with loss 0.337674
SSL Epoch  9 | SSL Loss: 0.335491 | Domain Loss: 3.103236
SSL model saved at epoch 9 with loss 0.335491 to ./exps/cross-subject/DARNet_SSL_FullDARNet_Domain/ssl_models_task1_AAD_MM-AAD_ssl_domain_2025-10-19-12-21-17/ssl_best_model.pt
SSL model saved with loss 0.335491
SSL Epoch 10 | SSL Loss: 0.331675 | Domain Loss: 3.069544
SSL model saved at epoch 10 with loss 0.331675 to ./exps/cross-subject/DARNet_SSL_FullDARNet_Domain/ssl_models_task1_AAD_MM-AAD_ssl_domain_2025-10-19-12-21-17/ssl_best_model.pt
SSL model saved with loss 0.331675
SSL Epoch 11 | SSL Loss: 0.328840 | Domain Loss: 3.057272
SSL model saved at epoch 11 with loss 0.328840 to ./exps/cross-subject/DARNet_SSL_FullDARNet_Domain/ssl_models_task1_AAD_MM-AAD_ssl_domain_2025-10-19-12-21-17/ssl_best_model.pt
SSL model saved with loss 0.328840
SSL Epoch 12 | SSL Loss: 0.329984 | Domain Loss: 3.099326
SSL Epoch 13 | SSL Loss: 0.328625 | Domain Loss: 3.099083
SSL model saved at epoch 13 with loss 0.328625 to ./exps/cross-subject/DARNet_SSL_FullDARNet_Domain/ssl_models_task1_AAD_MM-AAD_ssl_domain_2025-10-19-12-21-17/ssl_best_model.pt
SSL model saved with loss 0.328625
SSL Epoch 14 | SSL Loss: 0.327433 | Domain Loss: 3.066643
SSL model saved at epoch 14 with loss 0.327433 to ./exps/cross-subject/DARNet_SSL_FullDARNet_Domain/ssl_models_task1_AAD_MM-AAD_ssl_domain_2025-10-19-12-21-17/ssl_best_model.pt
SSL model saved with loss 0.327433
SSL Epoch 15 | SSL Loss: 0.325240 | Domain Loss: 3.049355
SSL model saved at epoch 15 with loss 0.325240 to ./exps/cross-subject/DARNet_SSL_FullDARNet_Domain/ssl_models_task1_AAD_MM-AAD_ssl_domain_2025-10-19-12-21-17/ssl_best_model.pt
SSL model saved with loss 0.325240
SSL Epoch 16 | SSL Loss: 0.320429 | Domain Loss: 3.070214
SSL model saved at epoch 16 with loss 0.320429 to ./exps/cross-subject/DARNet_SSL_FullDARNet_Domain/ssl_models_task1_AAD_MM-AAD_ssl_domain_2025-10-19-12-21-17/ssl_best_model.pt
SSL model saved with loss 0.320429
SSL Epoch 17 | SSL Loss: 0.315456 | Domain Loss: 3.074110
SSL model saved at epoch 17 with loss 0.315456 to ./exps/cross-subject/DARNet_SSL_FullDARNet_Domain/ssl_models_task1_AAD_MM-AAD_ssl_domain_2025-10-19-12-21-17/ssl_best_model.pt
SSL model saved with loss 0.315456
SSL Epoch 18 | SSL Loss: 0.314820 | Domain Loss: 3.100536
SSL model saved at epoch 18 with loss 0.314820 to ./exps/cross-subject/DARNet_SSL_FullDARNet_Domain/ssl_models_task1_AAD_MM-AAD_ssl_domain_2025-10-19-12-21-17/ssl_best_model.pt
SSL model saved with loss 0.314820
SSL Epoch 19 | SSL Loss: 0.311835 | Domain Loss: 3.068200
SSL model saved at epoch 19 with loss 0.311835 to ./exps/cross-subject/DARNet_SSL_FullDARNet_Domain/ssl_models_task1_AAD_MM-AAD_ssl_domain_2025-10-19-12-21-17/ssl_best_model.pt
SSL model saved with loss 0.311835
SSL Epoch 20 | SSL Loss: 0.307525 | Domain Loss: 3.042908
SSL model saved at epoch 20 with loss 0.307525 to ./exps/cross-subject/DARNet_SSL_FullDARNet_Domain/ssl_models_task1_AAD_MM-AAD_ssl_domain_2025-10-19-12-21-17/ssl_best_model.pt
SSL model saved with loss 0.307525
SSL Epoch 21 | SSL Loss: 0.308650 | Domain Loss: 3.103998
SSL Epoch 22 | SSL Loss: 0.306919 | Domain Loss: 3.086495
SSL model saved at epoch 22 with loss 0.306919 to ./exps/cross-subject/DARNet_SSL_FullDARNet_Domain/ssl_models_task1_AAD_MM-AAD_ssl_domain_2025-10-19-12-21-17/ssl_best_model.pt
SSL model saved with loss 0.306919
SSL Epoch 23 | SSL Loss: 0.304498 | Domain Loss: 3.085805
SSL model saved at epoch 23 with loss 0.304498 to ./exps/cross-subject/DARNet_SSL_FullDARNet_Domain/ssl_models_task1_AAD_MM-AAD_ssl_domain_2025-10-19-12-21-17/ssl_best_model.pt
SSL model saved with loss 0.304498
SSL Epoch 24 | SSL Loss: 0.302477 | Domain Loss: 3.070433
SSL model saved at epoch 24 with loss 0.302477 to ./exps/cross-subject/DARNet_SSL_FullDARNet_Domain/ssl_models_task1_AAD_MM-AAD_ssl_domain_2025-10-19-12-21-17/ssl_best_model.pt
SSL model saved with loss 0.302477
SSL Epoch 25 | SSL Loss: 0.300439 | Domain Loss: 3.067746
SSL model saved at epoch 25 with loss 0.300439 to ./exps/cross-subject/DARNet_SSL_FullDARNet_Domain/ssl_models_task1_AAD_MM-AAD_ssl_domain_2025-10-19-12-21-17/ssl_best_model.pt
SSL model saved with loss 0.300439
SSL Epoch 26 | SSL Loss: 0.302489 | Domain Loss: 3.062888
SSL Epoch 27 | SSL Loss: 0.299271 | Domain Loss: 3.074457
SSL model saved at epoch 27 with loss 0.299271 to ./exps/cross-subject/DARNet_SSL_FullDARNet_Domain/ssl_models_task1_AAD_MM-AAD_ssl_domain_2025-10-19-12-21-17/ssl_best_model.pt
SSL model saved with loss 0.299271
SSL Epoch 28 | SSL Loss: 0.294482 | Domain Loss: 3.064049
SSL model saved at epoch 28 with loss 0.294482 to ./exps/cross-subject/DARNet_SSL_FullDARNet_Domain/ssl_models_task1_AAD_MM-AAD_ssl_domain_2025-10-19-12-21-17/ssl_best_model.pt
SSL model saved with loss 0.294482
SSL Epoch 29 | SSL Loss: 0.294953 | Domain Loss: 3.089133
SSL Epoch 30 | SSL Loss: 0.296471 | Domain Loss: 3.062858
==================================================
SSL Pre-training completed. Best loss: 0.294482
==================================================
train_data_shape(164500, 32, 256),val_data_shape(32900, 32, 256)
🔄 Loading SSL pre-trained weights from: ./exps/cross-subject/DARNet_SSL_FullDARNet_Domain/ssl_models_task1_AAD_MM-AAD_ssl_domain_2025-10-19-12-21-17/ssl_best_model.pt
📋 Available keys in SSL checkpoint: 73 total
  - subject_discriminator.classifier.0.weight: torch.Size([256, 8])
  - subject_discriminator.classifier.0.bias: torch.Size([256])
  - subject_discriminator.classifier.3.weight: torch.Size([128, 256])
  - subject_discriminator.classifier.3.bias: torch.Size([128])
  - subject_discriminator.classifier.6.weight: torch.Size([30, 128])
  - subject_discriminator.classifier.6.bias: torch.Size([30])
  - token_embedding.embed_layer.0.weight: torch.Size([64, 1, 1, 8])
  - token_embedding.embed_layer.0.bias: torch.Size([64])
  - token_embedding.embed_layer.1.weight: torch.Size([64])
  - token_embedding.embed_layer.1.bias: torch.Size([64])
  - token_embedding.embed_layer.1.running_mean: torch.Size([64])
  - token_embedding.embed_layer.1.running_var: torch.Size([64])
  - token_embedding.embed_layer.1.num_batches_tracked: torch.Size([])
  - token_embedding.embed_layer2.0.weight: torch.Size([16, 64, 32, 1])
  - token_embedding.embed_layer2.0.bias: torch.Size([16])
  - token_embedding.embed_layer2.1.weight: torch.Size([16])
  - token_embedding.embed_layer2.1.bias: torch.Size([16])
  - token_embedding.embed_layer2.1.running_mean: torch.Size([16])
  - token_embedding.embed_layer2.1.running_var: torch.Size([16])
  - token_embedding.embed_layer2.1.num_batches_tracked: torch.Size([])
  - token_embedding.position_embedding.pe: torch.Size([1, 5000, 16])
  - ssl_decoder.expand.0.weight: torch.Size([64, 8])
  - ssl_decoder.expand.0.bias: torch.Size([64])
  - ssl_decoder.expand.3.weight: torch.Size([256, 64])
  - ssl_decoder.expand.3.bias: torch.Size([256])
  - ssl_decoder.feature_projection.weight: torch.Size([2048, 256])
  - ssl_decoder.feature_projection.bias: torch.Size([2048])
  - ssl_decoder.upconv1.weight: torch.Size([32, 64, 4])
  - ssl_decoder.upconv1.bias: torch.Size([64])
  - ssl_decoder.bn1.weight: torch.Size([64])
  - ssl_decoder.bn1.bias: torch.Size([64])
  - ssl_decoder.bn1.running_mean: torch.Size([64])
  - ssl_decoder.bn1.running_var: torch.Size([64])
  - ssl_decoder.bn1.num_batches_tracked: torch.Size([])
  - ssl_decoder.upconv2.weight: torch.Size([64, 32, 4])
  - ssl_decoder.upconv2.bias: torch.Size([32])
  - ssl_decoder.bn2.weight: torch.Size([32])
  - ssl_decoder.bn2.bias: torch.Size([32])
  - ssl_decoder.bn2.running_mean: torch.Size([32])
  - ssl_decoder.bn2.running_var: torch.Size([32])
  - ssl_decoder.bn2.num_batches_tracked: torch.Size([])
  - ssl_decoder.final_conv.weight: torch.Size([32, 32, 3])
  - ssl_decoder.final_conv.bias: torch.Size([32])
  - out.weight: torch.Size([2, 8])
  - out.bias: torch.Size([2])
  - stack1.attention.attention_layer.key.weight: torch.Size([16, 16])
  - stack1.attention.attention_layer.value.weight: torch.Size([16, 16])
  - stack1.attention.attention_layer.query.weight: torch.Size([16, 16])
  - stack1.attention.attention_layer.to_out.weight: torch.Size([16])
  - stack1.attention.attention_layer.to_out.bias: torch.Size([16])
  - stack1.conv_layer.downConv.weight: torch.Size([16, 16, 3])
  - stack1.conv_layer.downConv.bias: torch.Size([16])
  - stack1.conv_layer.norm.weight: torch.Size([16])
  - stack1.conv_layer.norm.bias: torch.Size([16])
  - stack1.conv_layer.norm.running_mean: torch.Size([16])
  - stack1.conv_layer.norm.running_var: torch.Size([16])
  - stack1.conv_layer.norm.num_batches_tracked: torch.Size([])
  - stack1.out.weight: torch.Size([4, 16])
  - stack1.out.bias: torch.Size([4])
  - stack2.attention.attention_layer.key.weight: torch.Size([16, 16])
  - stack2.attention.attention_layer.value.weight: torch.Size([16, 16])
  - stack2.attention.attention_layer.query.weight: torch.Size([16, 16])
  - stack2.attention.attention_layer.to_out.weight: torch.Size([16])
  - stack2.attention.attention_layer.to_out.bias: torch.Size([16])
  - stack2.conv_layer.downConv.weight: torch.Size([16, 16, 3])
  - stack2.conv_layer.downConv.bias: torch.Size([16])
  - stack2.conv_layer.norm.weight: torch.Size([16])
  - stack2.conv_layer.norm.bias: torch.Size([16])
  - stack2.conv_layer.norm.running_mean: torch.Size([16])
  - stack2.conv_layer.norm.running_var: torch.Size([16])
  - stack2.conv_layer.norm.num_batches_tracked: torch.Size([])
  - stack2.out.weight: torch.Size([4, 16])
  - stack2.out.bias: torch.Size([4])
🎯 SSL approach detected: full_darnet
  ❌ Skipping: subject_discriminator.classifier.0.weight (decoder component)
  ❌ Skipping: subject_discriminator.classifier.0.bias (decoder component)
  ❌ Skipping: subject_discriminator.classifier.3.weight (decoder component)
  ❌ Skipping: subject_discriminator.classifier.3.bias (decoder component)
  ❌ Skipping: subject_discriminator.classifier.6.weight (decoder component)
  ❌ Skipping: subject_discriminator.classifier.6.bias (decoder component)
  ✅ Loading: token_embedding.embed_layer.0.weight -> torch.Size([64, 1, 1, 8])
  ✅ Loading: token_embedding.embed_layer.0.bias -> torch.Size([64])
  ✅ Loading: token_embedding.embed_layer.1.weight -> torch.Size([64])
  ✅ Loading: token_embedding.embed_layer.1.bias -> torch.Size([64])
  ✅ Loading: token_embedding.embed_layer.1.running_mean -> torch.Size([64])
  ✅ Loading: token_embedding.embed_layer.1.running_var -> torch.Size([64])
  ✅ Loading: token_embedding.embed_layer.1.num_batches_tracked -> torch.Size([])
  ✅ Loading: token_embedding.embed_layer2.0.weight -> torch.Size([16, 64, 32, 1])
  ✅ Loading: token_embedding.embed_layer2.0.bias -> torch.Size([16])
  ✅ Loading: token_embedding.embed_layer2.1.weight -> torch.Size([16])
  ✅ Loading: token_embedding.embed_layer2.1.bias -> torch.Size([16])
  ✅ Loading: token_embedding.embed_layer2.1.running_mean -> torch.Size([16])
  ✅ Loading: token_embedding.embed_layer2.1.running_var -> torch.Size([16])
  ✅ Loading: token_embedding.embed_layer2.1.num_batches_tracked -> torch.Size([])
  ✅ Loading: token_embedding.position_embedding.pe -> torch.Size([1, 5000, 16])
  ❌ Skipping: ssl_decoder.expand.0.weight (decoder component)
  ❌ Skipping: ssl_decoder.expand.0.bias (decoder component)
  ❌ Skipping: ssl_decoder.expand.3.weight (decoder component)
  ❌ Skipping: ssl_decoder.expand.3.bias (decoder component)
  ❌ Skipping: ssl_decoder.feature_projection.weight (decoder component)
  ❌ Skipping: ssl_decoder.feature_projection.bias (decoder component)
  ❌ Skipping: ssl_decoder.upconv1.weight (decoder component)
  ❌ Skipping: ssl_decoder.upconv1.bias (decoder component)
  ❌ Skipping: ssl_decoder.bn1.weight (decoder component)
  ❌ Skipping: ssl_decoder.bn1.bias (decoder component)
  ❌ Skipping: ssl_decoder.bn1.running_mean (decoder component)
  ❌ Skipping: ssl_decoder.bn1.running_var (decoder component)
  ❌ Skipping: ssl_decoder.bn1.num_batches_tracked (decoder component)
  ❌ Skipping: ssl_decoder.upconv2.weight (decoder component)
  ❌ Skipping: ssl_decoder.upconv2.bias (decoder component)
  ❌ Skipping: ssl_decoder.bn2.weight (decoder component)
  ❌ Skipping: ssl_decoder.bn2.bias (decoder component)
  ❌ Skipping: ssl_decoder.bn2.running_mean (decoder component)
  ❌ Skipping: ssl_decoder.bn2.running_var (decoder component)
  ❌ Skipping: ssl_decoder.bn2.num_batches_tracked (decoder component)
  ❌ Skipping: ssl_decoder.final_conv.weight (decoder component)
  ❌ Skipping: ssl_decoder.final_conv.bias (decoder component)
  ❌ Skipping: out.weight (decoder component)
  ❌ Skipping: out.bias (decoder component)
  ✅ Loading: stack1.attention.attention_layer.key.weight -> torch.Size([16, 16])
  ✅ Loading: stack1.attention.attention_layer.value.weight -> torch.Size([16, 16])
  ✅ Loading: stack1.attention.attention_layer.query.weight -> torch.Size([16, 16])
  ✅ Loading: stack1.attention.attention_layer.to_out.weight -> torch.Size([16])
  ✅ Loading: stack1.attention.attention_layer.to_out.bias -> torch.Size([16])
  ✅ Loading: stack1.conv_layer.downConv.weight -> torch.Size([16, 16, 3])
  ✅ Loading: stack1.conv_layer.downConv.bias -> torch.Size([16])
  ✅ Loading: stack1.conv_layer.norm.weight -> torch.Size([16])
  ✅ Loading: stack1.conv_layer.norm.bias -> torch.Size([16])
  ✅ Loading: stack1.conv_layer.norm.running_mean -> torch.Size([16])
  ✅ Loading: stack1.conv_layer.norm.running_var -> torch.Size([16])
  ✅ Loading: stack1.conv_layer.norm.num_batches_tracked -> torch.Size([])
  ✅ Loading: stack1.out.weight -> torch.Size([4, 16])
  ✅ Loading: stack1.out.bias -> torch.Size([4])
  ✅ Loading: stack2.attention.attention_layer.key.weight -> torch.Size([16, 16])
  ✅ Loading: stack2.attention.attention_layer.value.weight -> torch.Size([16, 16])
  ✅ Loading: stack2.attention.attention_layer.query.weight -> torch.Size([16, 16])
  ✅ Loading: stack2.attention.attention_layer.to_out.weight -> torch.Size([16])
  ✅ Loading: stack2.attention.attention_layer.to_out.bias -> torch.Size([16])
  ✅ Loading: stack2.conv_layer.downConv.weight -> torch.Size([16, 16, 3])
  ✅ Loading: stack2.conv_layer.downConv.bias -> torch.Size([16])
  ✅ Loading: stack2.conv_layer.norm.weight -> torch.Size([16])
  ✅ Loading: stack2.conv_layer.norm.bias -> torch.Size([16])
  ✅ Loading: stack2.conv_layer.norm.running_mean -> torch.Size([16])
  ✅ Loading: stack2.conv_layer.norm.running_var -> torch.Size([16])
  ✅ Loading: stack2.conv_layer.norm.num_batches_tracked -> torch.Size([])
  ✅ Loading: stack2.out.weight -> torch.Size([4, 16])
  ✅ Loading: stack2.out.bias -> torch.Size([4])
🔧 Loading 43 encoder components into fine-tuning model...
⚠️  Missing keys (newly initialized): ['subject_discriminator.classifier.0.weight', 'subject_discriminator.classifier.0.bias', 'subject_discriminator.classifier.3.weight', 'subject_discriminator.classifier.3.bias', 'subject_discriminator.classifier.6.weight', 'subject_discriminator.classifier.6.bias', 'ssl_decoder.expand.0.weight', 'ssl_decoder.expand.0.bias', 'ssl_decoder.expand.3.weight', 'ssl_decoder.expand.3.bias', 'ssl_decoder.feature_projection.weight', 'ssl_decoder.feature_projection.bias', 'ssl_decoder.upconv1.weight', 'ssl_decoder.upconv1.bias', 'ssl_decoder.bn1.weight', 'ssl_decoder.bn1.bias', 'ssl_decoder.bn1.running_mean', 'ssl_decoder.bn1.running_var', 'ssl_decoder.upconv2.weight', 'ssl_decoder.upconv2.bias', 'ssl_decoder.bn2.weight', 'ssl_decoder.bn2.bias', 'ssl_decoder.bn2.running_mean', 'ssl_decoder.bn2.running_var', 'ssl_decoder.final_conv.weight', 'ssl_decoder.final_conv.bias', 'out.weight', 'out.bias']
✅ Successfully loaded SSL pre-trained weights!
🎯 SSL decoder removed, feature classifier ready for fine-tuning
==================================================
Starting Fine-tuning
==================================================
=================================================================
Layer (type:depth-idx)                   Param #
=================================================================
DARNet                                   --
├─GradientReversalLayer: 1-1             --
├─SubjectDiscriminator: 1-2              --
│    └─Sequential: 2-1                   --
│    │    └─Linear: 3-1                  2,304
│    │    └─ReLU: 3-2                    --
│    │    └─Dropout: 3-3                 --
│    │    └─Linear: 3-4                  32,896
│    │    └─ReLU: 3-5                    --
│    │    └─Dropout: 3-6                 --
│    │    └─Linear: 3-7                  3,870
├─TokenEmbeddingOriginal: 1-3            --
│    └─Sequential: 2-2                   --
│    │    └─Conv2d: 3-8                  576
│    │    └─BatchNorm2d: 3-9             128
│    │    └─GELU: 3-10                   --
│    └─Sequential: 2-3                   --
│    │    └─Conv2d: 3-11                 32,784
│    │    └─BatchNorm2d: 3-12            32
│    │    └─GELU: 3-13                   --
│    └─PositionalEmbedding: 2-4          --
├─EEGFullDARNetDecoder: 1-4              --
│    └─Sequential: 2-5                   --
│    │    └─Linear: 3-14                 576
│    │    └─ReLU: 3-15                   --
│    │    └─Dropout: 3-16                --
│    │    └─Linear: 3-17                 16,640
│    │    └─ReLU: 3-18                   --
│    │    └─Dropout: 3-19                --
│    └─Linear: 2-6                       526,336
│    └─ConvTranspose1d: 2-7              8,256
│    └─BatchNorm1d: 2-8                  128
│    └─ConvTranspose1d: 2-9              8,224
│    └─BatchNorm1d: 2-10                 64
│    └─Conv1d: 2-11                      3,104
│    └─ReLU: 2-12                        --
│    └─Dropout: 2-13                     --
├─Flatten: 1-5                           --
├─Linear: 1-6                            18
├─AttnRefine: 1-7                        --
│    └─MyAttention: 2-14                 --
│    │    └─Attention: 3-20              800
│    └─Refine: 2-15                      --
│    │    └─Conv1d: 3-21                 784
│    │    └─BatchNorm1d: 3-22            32
│    │    └─ELU: 3-23                    --
│    │    └─MaxPool1d: 3-24              --
│    └─AdaptiveAvgPool1d: 2-16           --
│    └─Linear: 2-17                      68
│    └─Flatten: 2-18                     --
├─AttnRefine: 1-8                        --
│    └─MyAttention: 2-19                 --
│    │    └─Attention: 3-25              800
│    └─Refine: 2-20                      --
│    │    └─Conv1d: 3-26                 784
│    │    └─BatchNorm1d: 3-27            32
│    │    └─ELU: 3-28                    --
│    │    └─MaxPool1d: 3-29              --
│    └─AdaptiveAvgPool1d: 2-21           --
│    └─Linear: 2-22                      68
│    └─Flatten: 2-23                     --
=================================================================
Total params: 639,304
Trainable params: 639,304
Non-trainable params: 0
=================================================================
TestSub: S[1, 2, 3, 4, 5] Epoch  1 Finsh | Now_lr 0.0005/0.0005 | Lambda 0.0050 | Train Loss 0.5227 | Domain Loss 2.8968 | Valid Loss 1.5212 | Train Acc 70.9138| Valid Acc 46.5315
Validation acc increase (0.000000 --> 46.531493) in epoch (1).  Saving model ...
TestSub: S[1, 2, 3, 4, 5] Epoch  2 Finsh | Now_lr 0.0005/0.0005 | Lambda 0.0100 | Train Loss 0.3371 | Domain Loss 2.7738 | Valid Loss 1.9568 | Train Acc 84.4686| Valid Acc 48.4922
Validation acc increase (46.531493 --> 48.492218) in epoch (2).  Saving model ...
TestSub: S[1, 2, 3, 4, 5] Epoch  3 Finsh | Now_lr 0.0005/0.0005 | Lambda 0.0149 | Train Loss 0.2634 | Domain Loss 2.8179 | Valid Loss 1.9425 | Train Acc 88.4782| Valid Acc 47.5590
TestSub: S[1, 2, 3, 4, 5] Epoch  4 Finsh | Now_lr 0.0005/0.0005 | Lambda 0.0197 | Train Loss 0.2110 | Domain Loss 2.9274 | Valid Loss 2.0689 | Train Acc 91.2232| Valid Acc 47.2003
TestSub: S[1, 2, 3, 4, 5] Epoch  5 Finsh | Now_lr 0.0005/0.0005 | Lambda 0.0245 | Train Loss 0.1735 | Domain Loss 2.9579 | Valid Loss 2.1258 | Train Acc 93.0733| Valid Acc 47.6441
TestSub: S[1, 2, 3, 4, 5] Epoch  6 Finsh | Now_lr 0.0005/0.0005 | Lambda 0.0291 | Train Loss 0.1436 | Domain Loss 3.0295 | Valid Loss 2.5191 | Train Acc 94.4315| Valid Acc 47.7262
TestSub: S[1, 2, 3, 4, 5] Epoch  7 Finsh | Now_lr 0.0005/0.0005 | Lambda 0.0336 | Train Loss 0.1239 | Domain Loss 3.0618 | Valid Loss 2.6488 | Train Acc 95.3113| Valid Acc 48.4801
TestSub: S[1, 2, 3, 4, 5] Epoch  8 Finsh | Now_lr 0.0005/0.0005 | Lambda 0.0380 | Train Loss 0.1097 | Domain Loss 3.0678 | Valid Loss 2.7993 | Train Acc 95.9114| Valid Acc 48.0393
TestSub: S[1, 2, 3, 4, 5] Epoch  9 Finsh | Now_lr 0.0005/0.0005 | Lambda 0.0422 | Train Loss 0.0967 | Domain Loss 3.0850 | Valid Loss 2.6999 | Train Acc 96.4014| Valid Acc 47.6228
TestSub: S[1, 2, 3, 4, 5] Epoch 10 Finsh | Now_lr 0.0005/0.0005 | Lambda 0.0462 | Train Loss 0.0864 | Domain Loss 3.1030 | Valid Loss 2.9132 | Train Acc 96.8270| Valid Acc 47.8234
TestSub: S[1, 2, 3, 4, 5] Epoch 11 Finsh | Now_lr 0.0005/0.0005 | Lambda 0.0501 | Train Loss 0.0779 | Domain Loss 3.1130 | Valid Loss 2.7740 | Train Acc 97.1942| Valid Acc 48.6868
Validation acc increase (48.492218 --> 48.686770) in epoch (11).  Saving model ...
TestSub: S[1, 2, 3, 4, 5] Epoch 12 Finsh | Now_lr 0.0005/0.0005 | Lambda 0.0537 | Train Loss 0.0719 | Domain Loss 3.1207 | Valid Loss 2.9560 | Train Acc 97.4331| Valid Acc 46.3005
TestSub: S[1, 2, 3, 4, 5] Epoch 13 Finsh | Now_lr 0.0005/0.0005 | Lambda 0.0572 | Train Loss 0.0658 | Domain Loss 3.1204 | Valid Loss 2.7845 | Train Acc 97.6216| Valid Acc 48.2125
TestSub: S[1, 2, 3, 4, 5] Epoch 14 Finsh | Now_lr 0.0005/0.0005 | Lambda 0.0604 | Train Loss 0.0604 | Domain Loss 3.1296 | Valid Loss 2.9277 | Train Acc 97.8192| Valid Acc 47.3523
TestSub: S[1, 2, 3, 4, 5] Epoch 15 Finsh | Now_lr 0.0005/0.0005 | Lambda 0.0635 | Train Loss 0.0573 | Domain Loss 3.1238 | Valid Loss 3.0184 | Train Acc 97.9256| Valid Acc 49.1063
Validation acc increase (48.686770 --> 49.106274) in epoch (15).  Saving model ...
TestSub: S[1, 2, 3, 4, 5] Epoch 16 Finsh | Now_lr 0.0005/0.0005 | Lambda 0.0664 | Train Loss 0.0531 | Domain Loss 3.1230 | Valid Loss 3.1855 | Train Acc 98.1226| Valid Acc 49.7750
Validation acc increase (49.106274 --> 49.775049) in epoch (16).  Saving model ...
TestSub: S[1, 2, 3, 4, 5] Epoch 17 Finsh | Now_lr 0.0005/0.0005 | Lambda 0.0691 | Train Loss 0.0496 | Domain Loss 3.1430 | Valid Loss 3.1296 | Train Acc 98.2648| Valid Acc 49.4984
TestSub: S[1, 2, 3, 4, 5] Epoch 18 Finsh | Now_lr 0.0005/0.0005 | Lambda 0.0716 | Train Loss 0.0460 | Domain Loss 3.1381 | Valid Loss 2.9461 | Train Acc 98.3883| Valid Acc 49.5106
TestSub: S[1, 2, 3, 4, 5] Epoch 19 Finsh | Now_lr 0.0005/0.0005 | Lambda 0.0740 | Train Loss 0.0448 | Domain Loss 3.1250 | Valid Loss 3.0765 | Train Acc 98.4588| Valid Acc 48.1670
TestSub: S[1, 2, 3, 4, 5] Epoch 20 Finsh | Now_lr 0.0005/0.0005 | Lambda 0.0762 | Train Loss 0.0422 | Domain Loss 3.1342 | Valid Loss 3.2110 | Train Acc 98.5214| Valid Acc 47.9207
TestSub: S[1, 2, 3, 4, 5] Epoch 21 Finsh | Now_lr 0.0005/0.0005 | Lambda 0.0782 | Train Loss 0.0383 | Domain Loss 3.1481 | Valid Loss 3.3138 | Train Acc 98.6819| Valid Acc 51.2312
Validation acc increase (49.775049 --> 51.231153) in epoch (21).  Saving model ...
TestSub: S[1, 2, 3, 4, 5] Epoch 22 Finsh | Now_lr 0.0005/0.0005 | Lambda 0.0800 | Train Loss 0.0371 | Domain Loss 3.1525 | Valid Loss 3.2975 | Train Acc 98.7123| Valid Acc 48.3037
TestSub: S[1, 2, 3, 4, 5] Epoch 23 Finsh | Now_lr 0.0005/0.0005 | Lambda 0.0818 | Train Loss 0.0346 | Domain Loss 3.1622 | Valid Loss 3.2496 | Train Acc 98.7847| Valid Acc 49.3099
TestSub: S[1, 2, 3, 4, 5] Epoch 24 Finsh | Now_lr 0.0005/0.0005 | Lambda 0.0834 | Train Loss 0.0337 | Domain Loss 3.1738 | Valid Loss 3.6145 | Train Acc 98.8436| Valid Acc 48.9421
TestSub: S[1, 2, 3, 4, 5] Epoch 25 Finsh | Now_lr 0.0005/0.0005 | Lambda 0.0848 | Train Loss 0.0334 | Domain Loss 3.1777 | Valid Loss 3.5857 | Train Acc 98.8515| Valid Acc 48.3281
TestSub: S[1, 2, 3, 4, 5] Epoch 26 Finsh | Now_lr 0.0005/0.0005 | Lambda 0.0862 | Train Loss 0.0309 | Domain Loss 3.1741 | Valid Loss 3.6164 | Train Acc 98.9318| Valid Acc 49.0546
TestSub: S[1, 2, 3, 4, 5] Epoch 27 Finsh | Now_lr 0.0005/0.0005 | Lambda 0.0874 | Train Loss 0.0301 | Domain Loss 3.1863 | Valid Loss 3.7361 | Train Acc 98.9920| Valid Acc 48.9482
TestSub: S[1, 2, 3, 4, 5] Epoch 28 Finsh | Now_lr 0.0005/0.0005 | Lambda 0.0885 | Train Loss 0.0283 | Domain Loss 3.1920 | Valid Loss 3.7103 | Train Acc 99.0139| Valid Acc 47.7778
TestSub: S[1, 2, 3, 4, 5] Epoch 29 Finsh | Now_lr 0.0005/0.0005 | Lambda 0.0896 | Train Loss 0.0281 | Domain Loss 3.1924 | Valid Loss 3.9389 | Train Acc 99.0418| Valid Acc 47.4587
TestSub: S[1, 2, 3, 4, 5] Epoch 30 Finsh | Now_lr 0.0005/0.0005 | Lambda 0.0905 | Train Loss 0.0267 | Domain Loss 3.1911 | Valid Loss 3.6170 | Train Acc 99.0953| Valid Acc 48.5834
TestSub: S[1, 2, 3, 4, 5] Epoch 31 Finsh | Now_lr 0.0005/0.0005 | Lambda 0.0914 | Train Loss 0.0264 | Domain Loss 3.1895 | Valid Loss 3.8179 | Train Acc 99.1026| Valid Acc 47.0300
TestSub: S[1, 2, 3, 4, 5] Epoch 32 Finsh | Now_lr 0.0005/0.0005 | Lambda 0.0922 | Train Loss 0.0248 | Domain Loss 3.1884 | Valid Loss 3.7774 | Train Acc 99.1598| Valid Acc 48.2429
TestSub: S[1, 2, 3, 4, 5] Epoch 33 Finsh | Now_lr 0.0005/0.0005 | Lambda 0.0929 | Train Loss 0.0255 | Domain Loss 3.1919 | Valid Loss 3.8916 | Train Acc 99.1513| Valid Acc 46.4920
TestSub: S[1, 2, 3, 4, 5] Epoch 34 Finsh | Now_lr 0.0005/0.0005 | Lambda 0.0935 | Train Loss 0.0236 | Domain Loss 3.1896 | Valid Loss 3.6943 | Train Acc 99.2224| Valid Acc 48.9452
TestSub: S[1, 2, 3, 4, 5] Epoch 35 Finsh | Now_lr 0.0005/0.0005 | Lambda 0.0941 | Train Loss 0.0232 | Domain Loss 3.1947 | Valid Loss 3.6970 | Train Acc 99.2370| Valid Acc 48.0241
TestSub: S[1, 2, 3, 4, 5] Epoch 36 Finsh | Now_lr 0.0005/0.0005 | Lambda 0.0947 | Train Loss 0.0221 | Domain Loss 3.1904 | Valid Loss 3.7872 | Train Acc 99.2747| Valid Acc 48.4557
TestSub: S[1, 2, 3, 4, 5] Epoch 37 Finsh | Now_lr 0.0005/0.0005 | Lambda 0.0952 | Train Loss 0.0222 | Domain Loss 3.1910 | Valid Loss 3.8770 | Train Acc 99.2473| Valid Acc 48.1791
TestSub: S[1, 2, 3, 4, 5] Epoch 38 Finsh | Now_lr 0.0005/0.0005 | Lambda 0.0956 | Train Loss 0.0219 | Domain Loss 3.1933 | Valid Loss 3.6116 | Train Acc 99.2777| Valid Acc 47.8690
TestSub: S[1, 2, 3, 4, 5] Epoch 39 Finsh | Now_lr 0.0005/0.0005 | Lambda 0.0960 | Train Loss 0.0216 | Domain Loss 3.1924 | Valid Loss 3.7017 | Train Acc 99.2777| Valid Acc 49.9240
TestSub: S[1, 2, 3, 4, 5] Epoch 40 Finsh | Now_lr 0.0005/0.0005 | Lambda 0.0964 | Train Loss 0.0203 | Domain Loss 3.1955 | Valid Loss 3.7032 | Train Acc 99.3203| Valid Acc 49.2522
TestSub: S[1, 2, 3, 4, 5] Epoch 41 Finsh | Now_lr 0.0005/0.0005 | Lambda 0.0967 | Train Loss 0.0189 | Domain Loss 3.1940 | Valid Loss 3.7589 | Train Acc 99.3835| Valid Acc 49.4011
TestSub: S[1, 2, 3, 4, 5] Epoch 42 Finsh | Now_lr 0.0005/0.0005 | Lambda 0.0970 | Train Loss 0.0207 | Domain Loss 3.1974 | Valid Loss 3.6779 | Train Acc 99.3416| Valid Acc 48.6625
TestSub: S[1, 2, 3, 4, 5] Epoch 43 Finsh | Now_lr 0.0005/0.0005 | Lambda 0.0973 | Train Loss 0.0181 | Domain Loss 3.1952 | Valid Loss 4.0564 | Train Acc 99.4066| Valid Acc 47.5103
TestSub: S[1, 2, 3, 4, 5] Epoch 44 Finsh | Now_lr 0.0005/0.0005 | Lambda 0.0976 | Train Loss 0.0193 | Domain Loss 3.1983 | Valid Loss 3.7037 | Train Acc 99.3786| Valid Acc 48.4314
TestSub: S[1, 2, 3, 4, 5] Epoch 45 Finsh | Now_lr 0.0005/0.0005 | Lambda 0.0978 | Train Loss 0.0177 | Domain Loss 3.1989 | Valid Loss 3.9133 | Train Acc 99.4255| Valid Acc 47.4921
TestSub: S[1, 2, 3, 4, 5] Epoch 46 Finsh | Now_lr 0.0005/0.0005 | Lambda 0.0980 | Train Loss 0.0167 | Domain Loss 3.1989 | Valid Loss 3.8172 | Train Acc 99.4224| Valid Acc 47.9754
TestSub: S[1, 2, 3, 4, 5] Epoch 47 Finsh | Now_lr 0.0005/0.0005 | Lambda 0.0982 | Train Loss 0.0181 | Domain Loss 3.1986 | Valid Loss 3.6523 | Train Acc 99.4115| Valid Acc 49.0303
TestSub: S[1, 2, 3, 4, 5] Epoch 48 Finsh | Now_lr 0.0005/0.0005 | Lambda 0.0984 | Train Loss 0.0158 | Domain Loss 3.1977 | Valid Loss 3.7388 | Train Acc 99.4747| Valid Acc 50.4438
TestSub: S[1, 2, 3, 4, 5] Epoch 49 Finsh | Now_lr 0.0005/0.0005 | Lambda 0.0985 | Train Loss 0.0166 | Domain Loss 3.1990 | Valid Loss 3.8113 | Train Acc 99.4680| Valid Acc 47.4191
TestSub: S[1, 2, 3, 4, 5] Epoch 50 Finsh | Now_lr 0.0005/0.0005 | Lambda 0.0987 | Train Loss 0.0175 | Domain Loss 3.2009 | Valid Loss 3.6319 | Train Acc 99.4309| Valid Acc 48.0970
TestSub: S[1, 2, 3, 4, 5] Epoch 51 Finsh | Now_lr 0.0005/0.0005 | Lambda 0.0988 | Train Loss 0.0156 | Domain Loss 3.1994 | Valid Loss 3.8844 | Train Acc 99.4984| Valid Acc 47.8812
Early stopping triggered after 51 epochs (30 epochs without improvement)
--------------------------------------------------
Test_Subject :S[1, 2, 3, 4, 5] |Best epoch:21 | Test Loss:3.3138 | Best Acc 51.2312 | Savemodel Acc 51.2312
--------------------------------------------------

========== Fold 2 ==========
Train IDs: [1, 2, 3, 4, 5, 11, 12, 13, 14, 15, 16, 17, 18, 19, 20, 21, 22, 23, 24, 25, 26, 27, 28, 29, 30]
Val IDs:   [6, 7, 8, 9, 10]
================================================================================
SSL PRE-TRAINING PHASE WITH DOMAIN ADVERSARIAL TRAINING
================================================================================
Loading SSL data with subject IDs for subjects: [1, 2, 3, 4, 5, 11, 12, 13, 14, 15, 16, 17, 18, 19, 20, 21, 22, 23, 24, 25, 26, 27, 28, 29, 30]
Target window length: 256 time steps
Creating 256-step windows from 128-step data
Loaded subject S1: (6580, 32, 256), Subject ID: 0
Creating 256-step windows from 128-step data
Loaded subject S2: (6580, 32, 256), Subject ID: 1
Creating 256-step windows from 128-step data
Loaded subject S3: (6580, 32, 256), Subject ID: 2
Creating 256-step windows from 128-step data
Loaded subject S4: (6580, 32, 256), Subject ID: 3
Creating 256-step windows from 128-step data
Loaded subject S5: (6580, 32, 256), Subject ID: 4
Creating 256-step windows from 128-step data
Loaded subject S11: (6580, 32, 256), Subject ID: 10
Creating 256-step windows from 128-step data
Loaded subject S12: (6580, 32, 256), Subject ID: 11
Creating 256-step windows from 128-step data
Loaded subject S13: (6580, 32, 256), Subject ID: 12
Creating 256-step windows from 128-step data
Loaded subject S14: (6580, 32, 256), Subject ID: 13
Creating 256-step windows from 128-step data
Loaded subject S15: (6580, 32, 256), Subject ID: 14
Creating 256-step windows from 128-step data
Loaded subject S16: (6580, 32, 256), Subject ID: 15
Creating 256-step windows from 128-step data
Loaded subject S17: (6580, 32, 256), Subject ID: 16
Creating 256-step windows from 128-step data
Loaded subject S18: (6580, 32, 256), Subject ID: 17
Creating 256-step windows from 128-step data
Loaded subject S19: (6580, 32, 256), Subject ID: 18
Creating 256-step windows from 128-step data
Loaded subject S20: (6580, 32, 256), Subject ID: 19
Creating 256-step windows from 128-step data
Loaded subject S21: (6580, 32, 256), Subject ID: 20
Creating 256-step windows from 128-step data
Loaded subject S22: (6580, 32, 256), Subject ID: 21
Creating 256-step windows from 128-step data
Loaded subject S23: (6580, 32, 256), Subject ID: 22
Creating 256-step windows from 128-step data
Loaded subject S24: (6580, 32, 256), Subject ID: 23
Creating 256-step windows from 128-step data
Loaded subject S25: (6580, 32, 256), Subject ID: 24
Creating 256-step windows from 128-step data
Loaded subject S26: (6580, 32, 256), Subject ID: 25
Creating 256-step windows from 128-step data
Loaded subject S27: (6580, 32, 256), Subject ID: 26
Creating 256-step windows from 128-step data
Loaded subject S28: (6580, 32, 256), Subject ID: 27
Creating 256-step windows from 128-step data
Loaded subject S29: (6580, 32, 256), Subject ID: 28
Creating 256-step windows from 128-step data
Loaded subject S30: (6580, 32, 256), Subject ID: 29
Total SSL data shape: (164500, 32, 256)
Total subject IDs: 164500
🏗️  SSL Model Architecture:
   - SSL Enabled: True
   - SSL Approach: full_darnet
   - Domain Adversarial: True
   - Training Mode: ssl
   - Decoder Type: EEGFullDARNetDecoder
   - Encoder parameters: 36,888
   - Decoder parameters: 563,328
   - Domain discriminator parameters: 39,070
   - Total parameters: 639,304
   - Decoder/Total ratio: 88.1%
==================================================
Starting SSL Pre-training with Domain Adversarial Training
==================================================
=================================================================
Layer (type:depth-idx)                   Param #
=================================================================
DARNet                                   --
├─GradientReversalLayer: 1-1             --
├─SubjectDiscriminator: 1-2              --
│    └─Sequential: 2-1                   --
│    │    └─Linear: 3-1                  2,304
│    │    └─ReLU: 3-2                    --
│    │    └─Dropout: 3-3                 --
│    │    └─Linear: 3-4                  32,896
│    │    └─ReLU: 3-5                    --
│    │    └─Dropout: 3-6                 --
│    │    └─Linear: 3-7                  3,870
├─TokenEmbeddingOriginal: 1-3            --
│    └─Sequential: 2-2                   --
│    │    └─Conv2d: 3-8                  576
│    │    └─BatchNorm2d: 3-9             128
│    │    └─GELU: 3-10                   --
│    └─Sequential: 2-3                   --
│    │    └─Conv2d: 3-11                 32,784
│    │    └─BatchNorm2d: 3-12            32
│    │    └─GELU: 3-13                   --
│    └─PositionalEmbedding: 2-4          --
├─EEGFullDARNetDecoder: 1-4              --
│    └─Sequential: 2-5                   --
│    │    └─Linear: 3-14                 576
│    │    └─ReLU: 3-15                   --
│    │    └─Dropout: 3-16                --
│    │    └─Linear: 3-17                 16,640
│    │    └─ReLU: 3-18                   --
│    │    └─Dropout: 3-19                --
│    └─Linear: 2-6                       526,336
│    └─ConvTranspose1d: 2-7              8,256
│    └─BatchNorm1d: 2-8                  128
│    └─ConvTranspose1d: 2-9              8,224
│    └─BatchNorm1d: 2-10                 64
│    └─Conv1d: 2-11                      3,104
│    └─ReLU: 2-12                        --
│    └─Dropout: 2-13                     --
├─Flatten: 1-5                           --
├─Linear: 1-6                            18
├─AttnRefine: 1-7                        --
│    └─MyAttention: 2-14                 --
│    │    └─Attention: 3-20              800
│    └─Refine: 2-15                      --
│    │    └─Conv1d: 3-21                 784
│    │    └─BatchNorm1d: 3-22            32
│    │    └─ELU: 3-23                    --
│    │    └─MaxPool1d: 3-24              --
│    └─AdaptiveAvgPool1d: 2-16           --
│    └─Linear: 2-17                      68
│    └─Flatten: 2-18                     --
├─AttnRefine: 1-8                        --
│    └─MyAttention: 2-19                 --
│    │    └─Attention: 3-25              800
│    └─Refine: 2-20                      --
│    │    └─Conv1d: 3-26                 784
│    │    └─BatchNorm1d: 3-27            32
│    │    └─ELU: 3-28                    --
│    │    └─MaxPool1d: 3-29              --
│    └─AdaptiveAvgPool1d: 2-21           --
│    └─Linear: 2-22                      68
│    └─Flatten: 2-23                     --
=================================================================
Total params: 639,304
Trainable params: 639,304
Non-trainable params: 0
=================================================================
SSL Epoch  1 | SSL Loss: 0.521327 | Domain Loss: 3.136684
SSL model saved at epoch 1 with loss 0.521327 to ./exps/cross-subject/DARNet_SSL_FullDARNet_Domain/ssl_models_task1_AAD_MM-AAD_ssl_domain_2025-10-19-12-21-17/ssl_best_model.pt
SSL model saved with loss 0.521327
SSL Epoch  2 | SSL Loss: 0.425790 | Domain Loss: 2.975710
SSL model saved at epoch 2 with loss 0.425790 to ./exps/cross-subject/DARNet_SSL_FullDARNet_Domain/ssl_models_task1_AAD_MM-AAD_ssl_domain_2025-10-19-12-21-17/ssl_best_model.pt
SSL model saved with loss 0.425790
SSL Epoch  3 | SSL Loss: 0.411131 | Domain Loss: 3.170614
SSL model saved at epoch 3 with loss 0.411131 to ./exps/cross-subject/DARNet_SSL_FullDARNet_Domain/ssl_models_task1_AAD_MM-AAD_ssl_domain_2025-10-19-12-21-17/ssl_best_model.pt
SSL model saved with loss 0.411131
SSL Epoch  4 | SSL Loss: 0.389286 | Domain Loss: 3.036154
SSL model saved at epoch 4 with loss 0.389286 to ./exps/cross-subject/DARNet_SSL_FullDARNet_Domain/ssl_models_task1_AAD_MM-AAD_ssl_domain_2025-10-19-12-21-17/ssl_best_model.pt
SSL model saved with loss 0.389286
SSL Epoch  5 | SSL Loss: 0.366845 | Domain Loss: 3.120287
SSL model saved at epoch 5 with loss 0.366845 to ./exps/cross-subject/DARNet_SSL_FullDARNet_Domain/ssl_models_task1_AAD_MM-AAD_ssl_domain_2025-10-19-12-21-17/ssl_best_model.pt
SSL model saved with loss 0.366845
SSL Epoch  6 | SSL Loss: 0.344343 | Domain Loss: 3.041535
SSL model saved at epoch 6 with loss 0.344343 to ./exps/cross-subject/DARNet_SSL_FullDARNet_Domain/ssl_models_task1_AAD_MM-AAD_ssl_domain_2025-10-19-12-21-17/ssl_best_model.pt
SSL model saved with loss 0.344343
SSL Epoch  7 | SSL Loss: 0.330875 | Domain Loss: 3.098487
SSL model saved at epoch 7 with loss 0.330875 to ./exps/cross-subject/DARNet_SSL_FullDARNet_Domain/ssl_models_task1_AAD_MM-AAD_ssl_domain_2025-10-19-12-21-17/ssl_best_model.pt
SSL model saved with loss 0.330875
SSL Epoch  8 | SSL Loss: 0.320186 | Domain Loss: 3.056571
SSL model saved at epoch 8 with loss 0.320186 to ./exps/cross-subject/DARNet_SSL_FullDARNet_Domain/ssl_models_task1_AAD_MM-AAD_ssl_domain_2025-10-19-12-21-17/ssl_best_model.pt
SSL model saved with loss 0.320186
SSL Epoch  9 | SSL Loss: 0.316497 | Domain Loss: 3.115353
SSL model saved at epoch 9 with loss 0.316497 to ./exps/cross-subject/DARNet_SSL_FullDARNet_Domain/ssl_models_task1_AAD_MM-AAD_ssl_domain_2025-10-19-12-21-17/ssl_best_model.pt
SSL model saved with loss 0.316497
SSL Epoch 10 | SSL Loss: 0.311733 | Domain Loss: 3.074676
SSL model saved at epoch 10 with loss 0.311733 to ./exps/cross-subject/DARNet_SSL_FullDARNet_Domain/ssl_models_task1_AAD_MM-AAD_ssl_domain_2025-10-19-12-21-17/ssl_best_model.pt
SSL model saved with loss 0.311733
SSL Epoch 11 | SSL Loss: 0.308957 | Domain Loss: 3.106063
SSL model saved at epoch 11 with loss 0.308957 to ./exps/cross-subject/DARNet_SSL_FullDARNet_Domain/ssl_models_task1_AAD_MM-AAD_ssl_domain_2025-10-19-12-21-17/ssl_best_model.pt
SSL model saved with loss 0.308957
SSL Epoch 12 | SSL Loss: 0.306178 | Domain Loss: 3.083659
SSL model saved at epoch 12 with loss 0.306178 to ./exps/cross-subject/DARNet_SSL_FullDARNet_Domain/ssl_models_task1_AAD_MM-AAD_ssl_domain_2025-10-19-12-21-17/ssl_best_model.pt
SSL model saved with loss 0.306178
SSL Epoch 13 | SSL Loss: 0.302693 | Domain Loss: 3.105434
SSL model saved at epoch 13 with loss 0.302693 to ./exps/cross-subject/DARNet_SSL_FullDARNet_Domain/ssl_models_task1_AAD_MM-AAD_ssl_domain_2025-10-19-12-21-17/ssl_best_model.pt
SSL model saved with loss 0.302693
SSL Epoch 14 | SSL Loss: 0.300300 | Domain Loss: 3.081447
SSL model saved at epoch 14 with loss 0.300300 to ./exps/cross-subject/DARNet_SSL_FullDARNet_Domain/ssl_models_task1_AAD_MM-AAD_ssl_domain_2025-10-19-12-21-17/ssl_best_model.pt
SSL model saved with loss 0.300300
SSL Epoch 15 | SSL Loss: 0.299215 | Domain Loss: 3.104543
SSL model saved at epoch 15 with loss 0.299215 to ./exps/cross-subject/DARNet_SSL_FullDARNet_Domain/ssl_models_task1_AAD_MM-AAD_ssl_domain_2025-10-19-12-21-17/ssl_best_model.pt
SSL model saved with loss 0.299215
SSL Epoch 16 | SSL Loss: 0.299726 | Domain Loss: 3.073541
SSL Epoch 17 | SSL Loss: 0.296999 | Domain Loss: 3.082710
SSL model saved at epoch 17 with loss 0.296999 to ./exps/cross-subject/DARNet_SSL_FullDARNet_Domain/ssl_models_task1_AAD_MM-AAD_ssl_domain_2025-10-19-12-21-17/ssl_best_model.pt
SSL model saved with loss 0.296999
SSL Epoch 18 | SSL Loss: 0.297134 | Domain Loss: 3.134699
SSL Epoch 19 | SSL Loss: 0.294045 | Domain Loss: 3.084442
SSL model saved at epoch 19 with loss 0.294045 to ./exps/cross-subject/DARNet_SSL_FullDARNet_Domain/ssl_models_task1_AAD_MM-AAD_ssl_domain_2025-10-19-12-21-17/ssl_best_model.pt
SSL model saved with loss 0.294045
SSL Epoch 20 | SSL Loss: 0.290774 | Domain Loss: 3.098353
SSL model saved at epoch 20 with loss 0.290774 to ./exps/cross-subject/DARNet_SSL_FullDARNet_Domain/ssl_models_task1_AAD_MM-AAD_ssl_domain_2025-10-19-12-21-17/ssl_best_model.pt
SSL model saved with loss 0.290774
SSL Epoch 21 | SSL Loss: 0.285699 | Domain Loss: 3.105814
SSL model saved at epoch 21 with loss 0.285699 to ./exps/cross-subject/DARNet_SSL_FullDARNet_Domain/ssl_models_task1_AAD_MM-AAD_ssl_domain_2025-10-19-12-21-17/ssl_best_model.pt
SSL model saved with loss 0.285699
SSL Epoch 22 | SSL Loss: 0.281251 | Domain Loss: 3.110192
SSL model saved at epoch 22 with loss 0.281251 to ./exps/cross-subject/DARNet_SSL_FullDARNet_Domain/ssl_models_task1_AAD_MM-AAD_ssl_domain_2025-10-19-12-21-17/ssl_best_model.pt
SSL model saved with loss 0.281251
SSL Epoch 23 | SSL Loss: 0.276996 | Domain Loss: 3.122933
SSL model saved at epoch 23 with loss 0.276996 to ./exps/cross-subject/DARNet_SSL_FullDARNet_Domain/ssl_models_task1_AAD_MM-AAD_ssl_domain_2025-10-19-12-21-17/ssl_best_model.pt
SSL model saved with loss 0.276996
SSL Epoch 24 | SSL Loss: 0.273793 | Domain Loss: 3.135832
SSL model saved at epoch 24 with loss 0.273793 to ./exps/cross-subject/DARNet_SSL_FullDARNet_Domain/ssl_models_task1_AAD_MM-AAD_ssl_domain_2025-10-19-12-21-17/ssl_best_model.pt
SSL model saved with loss 0.273793
SSL Epoch 25 | SSL Loss: 0.270032 | Domain Loss: 3.136287
SSL model saved at epoch 25 with loss 0.270032 to ./exps/cross-subject/DARNet_SSL_FullDARNet_Domain/ssl_models_task1_AAD_MM-AAD_ssl_domain_2025-10-19-12-21-17/ssl_best_model.pt
SSL model saved with loss 0.270032
SSL Epoch 26 | SSL Loss: 0.266622 | Domain Loss: 3.131761
SSL model saved at epoch 26 with loss 0.266622 to ./exps/cross-subject/DARNet_SSL_FullDARNet_Domain/ssl_models_task1_AAD_MM-AAD_ssl_domain_2025-10-19-12-21-17/ssl_best_model.pt
SSL model saved with loss 0.266622
SSL Epoch 27 | SSL Loss: 0.263306 | Domain Loss: 3.124943
SSL model saved at epoch 27 with loss 0.263306 to ./exps/cross-subject/DARNet_SSL_FullDARNet_Domain/ssl_models_task1_AAD_MM-AAD_ssl_domain_2025-10-19-12-21-17/ssl_best_model.pt
SSL model saved with loss 0.263306
SSL Epoch 28 | SSL Loss: 0.260648 | Domain Loss: 3.117019
SSL model saved at epoch 28 with loss 0.260648 to ./exps/cross-subject/DARNet_SSL_FullDARNet_Domain/ssl_models_task1_AAD_MM-AAD_ssl_domain_2025-10-19-12-21-17/ssl_best_model.pt
SSL model saved with loss 0.260648
SSL Epoch 29 | SSL Loss: 0.257406 | Domain Loss: 3.112380
SSL model saved at epoch 29 with loss 0.257406 to ./exps/cross-subject/DARNet_SSL_FullDARNet_Domain/ssl_models_task1_AAD_MM-AAD_ssl_domain_2025-10-19-12-21-17/ssl_best_model.pt
SSL model saved with loss 0.257406
SSL Epoch 30 | SSL Loss: 0.255258 | Domain Loss: 3.106401
SSL model saved at epoch 30 with loss 0.255258 to ./exps/cross-subject/DARNet_SSL_FullDARNet_Domain/ssl_models_task1_AAD_MM-AAD_ssl_domain_2025-10-19-12-21-17/ssl_best_model.pt
SSL model saved with loss 0.255258
==================================================
SSL Pre-training completed. Best loss: 0.255258
==================================================
train_data_shape(164500, 32, 256),val_data_shape(32900, 32, 256)
🔄 Loading SSL pre-trained weights from: ./exps/cross-subject/DARNet_SSL_FullDARNet_Domain/ssl_models_task1_AAD_MM-AAD_ssl_domain_2025-10-19-12-21-17/ssl_best_model.pt
📋 Available keys in SSL checkpoint: 73 total
  - subject_discriminator.classifier.0.weight: torch.Size([256, 8])
  - subject_discriminator.classifier.0.bias: torch.Size([256])
  - subject_discriminator.classifier.3.weight: torch.Size([128, 256])
  - subject_discriminator.classifier.3.bias: torch.Size([128])
  - subject_discriminator.classifier.6.weight: torch.Size([30, 128])
  - subject_discriminator.classifier.6.bias: torch.Size([30])
  - token_embedding.embed_layer.0.weight: torch.Size([64, 1, 1, 8])
  - token_embedding.embed_layer.0.bias: torch.Size([64])
  - token_embedding.embed_layer.1.weight: torch.Size([64])
  - token_embedding.embed_layer.1.bias: torch.Size([64])
  - token_embedding.embed_layer.1.running_mean: torch.Size([64])
  - token_embedding.embed_layer.1.running_var: torch.Size([64])
  - token_embedding.embed_layer.1.num_batches_tracked: torch.Size([])
  - token_embedding.embed_layer2.0.weight: torch.Size([16, 64, 32, 1])
  - token_embedding.embed_layer2.0.bias: torch.Size([16])
  - token_embedding.embed_layer2.1.weight: torch.Size([16])
  - token_embedding.embed_layer2.1.bias: torch.Size([16])
  - token_embedding.embed_layer2.1.running_mean: torch.Size([16])
  - token_embedding.embed_layer2.1.running_var: torch.Size([16])
  - token_embedding.embed_layer2.1.num_batches_tracked: torch.Size([])
  - token_embedding.position_embedding.pe: torch.Size([1, 5000, 16])
  - ssl_decoder.expand.0.weight: torch.Size([64, 8])
  - ssl_decoder.expand.0.bias: torch.Size([64])
  - ssl_decoder.expand.3.weight: torch.Size([256, 64])
  - ssl_decoder.expand.3.bias: torch.Size([256])
  - ssl_decoder.feature_projection.weight: torch.Size([2048, 256])
  - ssl_decoder.feature_projection.bias: torch.Size([2048])
  - ssl_decoder.upconv1.weight: torch.Size([32, 64, 4])
  - ssl_decoder.upconv1.bias: torch.Size([64])
  - ssl_decoder.bn1.weight: torch.Size([64])
  - ssl_decoder.bn1.bias: torch.Size([64])
  - ssl_decoder.bn1.running_mean: torch.Size([64])
  - ssl_decoder.bn1.running_var: torch.Size([64])
  - ssl_decoder.bn1.num_batches_tracked: torch.Size([])
  - ssl_decoder.upconv2.weight: torch.Size([64, 32, 4])
  - ssl_decoder.upconv2.bias: torch.Size([32])
  - ssl_decoder.bn2.weight: torch.Size([32])
  - ssl_decoder.bn2.bias: torch.Size([32])
  - ssl_decoder.bn2.running_mean: torch.Size([32])
  - ssl_decoder.bn2.running_var: torch.Size([32])
  - ssl_decoder.bn2.num_batches_tracked: torch.Size([])
  - ssl_decoder.final_conv.weight: torch.Size([32, 32, 3])
  - ssl_decoder.final_conv.bias: torch.Size([32])
  - out.weight: torch.Size([2, 8])
  - out.bias: torch.Size([2])
  - stack1.attention.attention_layer.key.weight: torch.Size([16, 16])
  - stack1.attention.attention_layer.value.weight: torch.Size([16, 16])
  - stack1.attention.attention_layer.query.weight: torch.Size([16, 16])
  - stack1.attention.attention_layer.to_out.weight: torch.Size([16])
  - stack1.attention.attention_layer.to_out.bias: torch.Size([16])
  - stack1.conv_layer.downConv.weight: torch.Size([16, 16, 3])
  - stack1.conv_layer.downConv.bias: torch.Size([16])
  - stack1.conv_layer.norm.weight: torch.Size([16])
  - stack1.conv_layer.norm.bias: torch.Size([16])
  - stack1.conv_layer.norm.running_mean: torch.Size([16])
  - stack1.conv_layer.norm.running_var: torch.Size([16])
  - stack1.conv_layer.norm.num_batches_tracked: torch.Size([])
  - stack1.out.weight: torch.Size([4, 16])
  - stack1.out.bias: torch.Size([4])
  - stack2.attention.attention_layer.key.weight: torch.Size([16, 16])
  - stack2.attention.attention_layer.value.weight: torch.Size([16, 16])
  - stack2.attention.attention_layer.query.weight: torch.Size([16, 16])
  - stack2.attention.attention_layer.to_out.weight: torch.Size([16])
  - stack2.attention.attention_layer.to_out.bias: torch.Size([16])
  - stack2.conv_layer.downConv.weight: torch.Size([16, 16, 3])
  - stack2.conv_layer.downConv.bias: torch.Size([16])
  - stack2.conv_layer.norm.weight: torch.Size([16])
  - stack2.conv_layer.norm.bias: torch.Size([16])
  - stack2.conv_layer.norm.running_mean: torch.Size([16])
  - stack2.conv_layer.norm.running_var: torch.Size([16])
  - stack2.conv_layer.norm.num_batches_tracked: torch.Size([])
  - stack2.out.weight: torch.Size([4, 16])
  - stack2.out.bias: torch.Size([4])
🎯 SSL approach detected: full_darnet
  ❌ Skipping: subject_discriminator.classifier.0.weight (decoder component)
  ❌ Skipping: subject_discriminator.classifier.0.bias (decoder component)
  ❌ Skipping: subject_discriminator.classifier.3.weight (decoder component)
  ❌ Skipping: subject_discriminator.classifier.3.bias (decoder component)
  ❌ Skipping: subject_discriminator.classifier.6.weight (decoder component)
  ❌ Skipping: subject_discriminator.classifier.6.bias (decoder component)
  ✅ Loading: token_embedding.embed_layer.0.weight -> torch.Size([64, 1, 1, 8])
  ✅ Loading: token_embedding.embed_layer.0.bias -> torch.Size([64])
  ✅ Loading: token_embedding.embed_layer.1.weight -> torch.Size([64])
  ✅ Loading: token_embedding.embed_layer.1.bias -> torch.Size([64])
  ✅ Loading: token_embedding.embed_layer.1.running_mean -> torch.Size([64])
  ✅ Loading: token_embedding.embed_layer.1.running_var -> torch.Size([64])
  ✅ Loading: token_embedding.embed_layer.1.num_batches_tracked -> torch.Size([])
  ✅ Loading: token_embedding.embed_layer2.0.weight -> torch.Size([16, 64, 32, 1])
  ✅ Loading: token_embedding.embed_layer2.0.bias -> torch.Size([16])
  ✅ Loading: token_embedding.embed_layer2.1.weight -> torch.Size([16])
  ✅ Loading: token_embedding.embed_layer2.1.bias -> torch.Size([16])
  ✅ Loading: token_embedding.embed_layer2.1.running_mean -> torch.Size([16])
  ✅ Loading: token_embedding.embed_layer2.1.running_var -> torch.Size([16])
  ✅ Loading: token_embedding.embed_layer2.1.num_batches_tracked -> torch.Size([])
  ✅ Loading: token_embedding.position_embedding.pe -> torch.Size([1, 5000, 16])
  ❌ Skipping: ssl_decoder.expand.0.weight (decoder component)
  ❌ Skipping: ssl_decoder.expand.0.bias (decoder component)
  ❌ Skipping: ssl_decoder.expand.3.weight (decoder component)
  ❌ Skipping: ssl_decoder.expand.3.bias (decoder component)
  ❌ Skipping: ssl_decoder.feature_projection.weight (decoder component)
  ❌ Skipping: ssl_decoder.feature_projection.bias (decoder component)
  ❌ Skipping: ssl_decoder.upconv1.weight (decoder component)
  ❌ Skipping: ssl_decoder.upconv1.bias (decoder component)
  ❌ Skipping: ssl_decoder.bn1.weight (decoder component)
  ❌ Skipping: ssl_decoder.bn1.bias (decoder component)
  ❌ Skipping: ssl_decoder.bn1.running_mean (decoder component)
  ❌ Skipping: ssl_decoder.bn1.running_var (decoder component)
  ❌ Skipping: ssl_decoder.bn1.num_batches_tracked (decoder component)
  ❌ Skipping: ssl_decoder.upconv2.weight (decoder component)
  ❌ Skipping: ssl_decoder.upconv2.bias (decoder component)
  ❌ Skipping: ssl_decoder.bn2.weight (decoder component)
  ❌ Skipping: ssl_decoder.bn2.bias (decoder component)
  ❌ Skipping: ssl_decoder.bn2.running_mean (decoder component)
  ❌ Skipping: ssl_decoder.bn2.running_var (decoder component)
  ❌ Skipping: ssl_decoder.bn2.num_batches_tracked (decoder component)
  ❌ Skipping: ssl_decoder.final_conv.weight (decoder component)
  ❌ Skipping: ssl_decoder.final_conv.bias (decoder component)
  ❌ Skipping: out.weight (decoder component)
  ❌ Skipping: out.bias (decoder component)
  ✅ Loading: stack1.attention.attention_layer.key.weight -> torch.Size([16, 16])
  ✅ Loading: stack1.attention.attention_layer.value.weight -> torch.Size([16, 16])
  ✅ Loading: stack1.attention.attention_layer.query.weight -> torch.Size([16, 16])
  ✅ Loading: stack1.attention.attention_layer.to_out.weight -> torch.Size([16])
  ✅ Loading: stack1.attention.attention_layer.to_out.bias -> torch.Size([16])
  ✅ Loading: stack1.conv_layer.downConv.weight -> torch.Size([16, 16, 3])
  ✅ Loading: stack1.conv_layer.downConv.bias -> torch.Size([16])
  ✅ Loading: stack1.conv_layer.norm.weight -> torch.Size([16])
  ✅ Loading: stack1.conv_layer.norm.bias -> torch.Size([16])
  ✅ Loading: stack1.conv_layer.norm.running_mean -> torch.Size([16])
  ✅ Loading: stack1.conv_layer.norm.running_var -> torch.Size([16])
  ✅ Loading: stack1.conv_layer.norm.num_batches_tracked -> torch.Size([])
  ✅ Loading: stack1.out.weight -> torch.Size([4, 16])
  ✅ Loading: stack1.out.bias -> torch.Size([4])
  ✅ Loading: stack2.attention.attention_layer.key.weight -> torch.Size([16, 16])
  ✅ Loading: stack2.attention.attention_layer.value.weight -> torch.Size([16, 16])
  ✅ Loading: stack2.attention.attention_layer.query.weight -> torch.Size([16, 16])
  ✅ Loading: stack2.attention.attention_layer.to_out.weight -> torch.Size([16])
  ✅ Loading: stack2.attention.attention_layer.to_out.bias -> torch.Size([16])
  ✅ Loading: stack2.conv_layer.downConv.weight -> torch.Size([16, 16, 3])
  ✅ Loading: stack2.conv_layer.downConv.bias -> torch.Size([16])
  ✅ Loading: stack2.conv_layer.norm.weight -> torch.Size([16])
  ✅ Loading: stack2.conv_layer.norm.bias -> torch.Size([16])
  ✅ Loading: stack2.conv_layer.norm.running_mean -> torch.Size([16])
  ✅ Loading: stack2.conv_layer.norm.running_var -> torch.Size([16])
  ✅ Loading: stack2.conv_layer.norm.num_batches_tracked -> torch.Size([])
  ✅ Loading: stack2.out.weight -> torch.Size([4, 16])
  ✅ Loading: stack2.out.bias -> torch.Size([4])
🔧 Loading 43 encoder components into fine-tuning model...
⚠️  Missing keys (newly initialized): ['subject_discriminator.classifier.0.weight', 'subject_discriminator.classifier.0.bias', 'subject_discriminator.classifier.3.weight', 'subject_discriminator.classifier.3.bias', 'subject_discriminator.classifier.6.weight', 'subject_discriminator.classifier.6.bias', 'ssl_decoder.expand.0.weight', 'ssl_decoder.expand.0.bias', 'ssl_decoder.expand.3.weight', 'ssl_decoder.expand.3.bias', 'ssl_decoder.feature_projection.weight', 'ssl_decoder.feature_projection.bias', 'ssl_decoder.upconv1.weight', 'ssl_decoder.upconv1.bias', 'ssl_decoder.bn1.weight', 'ssl_decoder.bn1.bias', 'ssl_decoder.bn1.running_mean', 'ssl_decoder.bn1.running_var', 'ssl_decoder.upconv2.weight', 'ssl_decoder.upconv2.bias', 'ssl_decoder.bn2.weight', 'ssl_decoder.bn2.bias', 'ssl_decoder.bn2.running_mean', 'ssl_decoder.bn2.running_var', 'ssl_decoder.final_conv.weight', 'ssl_decoder.final_conv.bias', 'out.weight', 'out.bias']
✅ Successfully loaded SSL pre-trained weights!
🎯 SSL decoder removed, feature classifier ready for fine-tuning
==================================================
Starting Fine-tuning
==================================================
=================================================================
Layer (type:depth-idx)                   Param #
=================================================================
DARNet                                   --
├─GradientReversalLayer: 1-1             --
├─SubjectDiscriminator: 1-2              --
│    └─Sequential: 2-1                   --
│    │    └─Linear: 3-1                  2,304
│    │    └─ReLU: 3-2                    --
│    │    └─Dropout: 3-3                 --
│    │    └─Linear: 3-4                  32,896
│    │    └─ReLU: 3-5                    --
│    │    └─Dropout: 3-6                 --
│    │    └─Linear: 3-7                  3,870
├─TokenEmbeddingOriginal: 1-3            --
│    └─Sequential: 2-2                   --
│    │    └─Conv2d: 3-8                  576
│    │    └─BatchNorm2d: 3-9             128
│    │    └─GELU: 3-10                   --
│    └─Sequential: 2-3                   --
│    │    └─Conv2d: 3-11                 32,784
│    │    └─BatchNorm2d: 3-12            32
│    │    └─GELU: 3-13                   --
│    └─PositionalEmbedding: 2-4          --
├─EEGFullDARNetDecoder: 1-4              --
│    └─Sequential: 2-5                   --
│    │    └─Linear: 3-14                 576
│    │    └─ReLU: 3-15                   --
│    │    └─Dropout: 3-16                --
│    │    └─Linear: 3-17                 16,640
│    │    └─ReLU: 3-18                   --
│    │    └─Dropout: 3-19                --
│    └─Linear: 2-6                       526,336
│    └─ConvTranspose1d: 2-7              8,256
│    └─BatchNorm1d: 2-8                  128
│    └─ConvTranspose1d: 2-9              8,224
│    └─BatchNorm1d: 2-10                 64
│    └─Conv1d: 2-11                      3,104
│    └─ReLU: 2-12                        --
│    └─Dropout: 2-13                     --
├─Flatten: 1-5                           --
├─Linear: 1-6                            18
├─AttnRefine: 1-7                        --
│    └─MyAttention: 2-14                 --
│    │    └─Attention: 3-20              800
│    └─Refine: 2-15                      --
│    │    └─Conv1d: 3-21                 784
│    │    └─BatchNorm1d: 3-22            32
│    │    └─ELU: 3-23                    --
│    │    └─MaxPool1d: 3-24              --
│    └─AdaptiveAvgPool1d: 2-16           --
│    └─Linear: 2-17                      68
│    └─Flatten: 2-18                     --
├─AttnRefine: 1-8                        --
│    └─MyAttention: 2-19                 --
│    │    └─Attention: 3-25              800
│    └─Refine: 2-20                      --
│    │    └─Conv1d: 3-26                 784
│    │    └─BatchNorm1d: 3-27            32
│    │    └─ELU: 3-28                    --
│    │    └─MaxPool1d: 3-29              --
│    └─AdaptiveAvgPool1d: 2-21           --
│    └─Linear: 2-22                      68
│    └─Flatten: 2-23                     --
=================================================================
Total params: 639,304
Trainable params: 639,304
Non-trainable params: 0
=================================================================
TestSub: S[6, 7, 8, 9, 10] Epoch  1 Finsh | Now_lr 0.0005/0.0005 | Lambda 0.0050 | Train Loss 0.5504 | Domain Loss 3.1271 | Valid Loss 1.1313 | Train Acc 68.0034| Valid Acc 52.6204
Validation acc increase (0.000000 --> 52.620379) in epoch (1).  Saving model ...
TestSub: S[6, 7, 8, 9, 10] Epoch  2 Finsh | Now_lr 0.0005/0.0005 | Lambda 0.0100 | Train Loss 0.3916 | Domain Loss 3.0178 | Valid Loss 1.3821 | Train Acc 80.7436| Valid Acc 50.6779
TestSub: S[6, 7, 8, 9, 10] Epoch  3 Finsh | Now_lr 0.0005/0.0005 | Lambda 0.0149 | Train Loss 0.3088 | Domain Loss 3.0013 | Valid Loss 1.7251 | Train Acc 85.9266| Valid Acc 48.9999
TestSub: S[6, 7, 8, 9, 10] Epoch  4 Finsh | Now_lr 0.0005/0.0005 | Lambda 0.0197 | Train Loss 0.2282 | Domain Loss 3.0305 | Valid Loss 1.9890 | Train Acc 90.4718| Valid Acc 47.6562
TestSub: S[6, 7, 8, 9, 10] Epoch  5 Finsh | Now_lr 0.0005/0.0005 | Lambda 0.0245 | Train Loss 0.1759 | Domain Loss 3.0479 | Valid Loss 2.1783 | Train Acc 93.0715| Valid Acc 47.2307
TestSub: S[6, 7, 8, 9, 10] Epoch  6 Finsh | Now_lr 0.0005/0.0005 | Lambda 0.0291 | Train Loss 0.1428 | Domain Loss 3.0679 | Valid Loss 2.3289 | Train Acc 94.4960| Valid Acc 46.7048
TestSub: S[6, 7, 8, 9, 10] Epoch  7 Finsh | Now_lr 0.0005/0.0005 | Lambda 0.0336 | Train Loss 0.1209 | Domain Loss 3.0875 | Valid Loss 2.2454 | Train Acc 95.4803| Valid Acc 48.7354
TestSub: S[6, 7, 8, 9, 10] Epoch  8 Finsh | Now_lr 0.0005/0.0005 | Lambda 0.0380 | Train Loss 0.1019 | Domain Loss 3.1085 | Valid Loss 2.5192 | Train Acc 96.1746| Valid Acc 47.7140
TestSub: S[6, 7, 8, 9, 10] Epoch  9 Finsh | Now_lr 0.0005/0.0005 | Lambda 0.0422 | Train Loss 0.0891 | Domain Loss 3.1144 | Valid Loss 2.4416 | Train Acc 96.7248| Valid Acc 47.4404
TestSub: S[6, 7, 8, 9, 10] Epoch 10 Finsh | Now_lr 0.0005/0.0005 | Lambda 0.0462 | Train Loss 0.0791 | Domain Loss 3.1174 | Valid Loss 2.4423 | Train Acc 97.1541| Valid Acc 47.3675
TestSub: S[6, 7, 8, 9, 10] Epoch 11 Finsh | Now_lr 0.0005/0.0005 | Lambda 0.0501 | Train Loss 0.0713 | Domain Loss 3.1067 | Valid Loss 2.6784 | Train Acc 97.4690| Valid Acc 47.6198
TestSub: S[6, 7, 8, 9, 10] Epoch 12 Finsh | Now_lr 0.0005/0.0005 | Lambda 0.0537 | Train Loss 0.0633 | Domain Loss 3.1213 | Valid Loss 2.7730 | Train Acc 97.7250| Valid Acc 47.0908
TestSub: S[6, 7, 8, 9, 10] Epoch 13 Finsh | Now_lr 0.0005/0.0005 | Lambda 0.0572 | Train Loss 0.0594 | Domain Loss 3.1430 | Valid Loss 2.6681 | Train Acc 97.8903| Valid Acc 47.6228
TestSub: S[6, 7, 8, 9, 10] Epoch 14 Finsh | Now_lr 0.0005/0.0005 | Lambda 0.0604 | Train Loss 0.0548 | Domain Loss 3.1564 | Valid Loss 2.7639 | Train Acc 98.0520| Valid Acc 47.8508
TestSub: S[6, 7, 8, 9, 10] Epoch 15 Finsh | Now_lr 0.0005/0.0005 | Lambda 0.0635 | Train Loss 0.0509 | Domain Loss 3.1611 | Valid Loss 3.0467 | Train Acc 98.1882| Valid Acc 47.1395
TestSub: S[6, 7, 8, 9, 10] Epoch 16 Finsh | Now_lr 0.0005/0.0005 | Lambda 0.0664 | Train Loss 0.0470 | Domain Loss 3.1614 | Valid Loss 2.7850 | Train Acc 98.3621| Valid Acc 47.2428
TestSub: S[6, 7, 8, 9, 10] Epoch 17 Finsh | Now_lr 0.0005/0.0005 | Lambda 0.0691 | Train Loss 0.0444 | Domain Loss 3.1562 | Valid Loss 2.7812 | Train Acc 98.4345| Valid Acc 47.5681
TestSub: S[6, 7, 8, 9, 10] Epoch 18 Finsh | Now_lr 0.0005/0.0005 | Lambda 0.0716 | Train Loss 0.0419 | Domain Loss 3.1680 | Valid Loss 2.9197 | Train Acc 98.5354| Valid Acc 47.3492
TestSub: S[6, 7, 8, 9, 10] Epoch 19 Finsh | Now_lr 0.0005/0.0005 | Lambda 0.0740 | Train Loss 0.0402 | Domain Loss 3.1689 | Valid Loss 2.9691 | Train Acc 98.6181| Valid Acc 46.5345
TestSub: S[6, 7, 8, 9, 10] Epoch 20 Finsh | Now_lr 0.0005/0.0005 | Lambda 0.0762 | Train Loss 0.0386 | Domain Loss 3.1746 | Valid Loss 2.9596 | Train Acc 98.6363| Valid Acc 47.1486
TestSub: S[6, 7, 8, 9, 10] Epoch 21 Finsh | Now_lr 0.0005/0.0005 | Lambda 0.0782 | Train Loss 0.0352 | Domain Loss 3.1806 | Valid Loss 2.9223 | Train Acc 98.7397| Valid Acc 47.7930
TestSub: S[6, 7, 8, 9, 10] Epoch 22 Finsh | Now_lr 0.0005/0.0005 | Lambda 0.0800 | Train Loss 0.0345 | Domain Loss 3.1815 | Valid Loss 2.8764 | Train Acc 98.8157| Valid Acc 46.8902
TestSub: S[6, 7, 8, 9, 10] Epoch 23 Finsh | Now_lr 0.0005/0.0005 | Lambda 0.0818 | Train Loss 0.0324 | Domain Loss 3.1863 | Valid Loss 3.0052 | Train Acc 98.8777| Valid Acc 48.0119
TestSub: S[6, 7, 8, 9, 10] Epoch 24 Finsh | Now_lr 0.0005/0.0005 | Lambda 0.0834 | Train Loss 0.0303 | Domain Loss 3.1895 | Valid Loss 2.9848 | Train Acc 98.9756| Valid Acc 48.0940
TestSub: S[6, 7, 8, 9, 10] Epoch 25 Finsh | Now_lr 0.0005/0.0005 | Lambda 0.0848 | Train Loss 0.0298 | Domain Loss 3.1771 | Valid Loss 3.1521 | Train Acc 98.9646| Valid Acc 47.3371
TestSub: S[6, 7, 8, 9, 10] Epoch 26 Finsh | Now_lr 0.0005/0.0005 | Lambda 0.0862 | Train Loss 0.0284 | Domain Loss 3.1828 | Valid Loss 3.0818 | Train Acc 99.0412| Valid Acc 48.0150
TestSub: S[6, 7, 8, 9, 10] Epoch 27 Finsh | Now_lr 0.0005/0.0005 | Lambda 0.0874 | Train Loss 0.0275 | Domain Loss 3.1818 | Valid Loss 3.0204 | Train Acc 99.0461| Valid Acc 46.3278
TestSub: S[6, 7, 8, 9, 10] Epoch 28 Finsh | Now_lr 0.0005/0.0005 | Lambda 0.0885 | Train Loss 0.0260 | Domain Loss 3.1795 | Valid Loss 3.1740 | Train Acc 99.1172| Valid Acc 46.4677
TestSub: S[6, 7, 8, 9, 10] Epoch 29 Finsh | Now_lr 0.0005/0.0005 | Lambda 0.0896 | Train Loss 0.0259 | Domain Loss 3.1815 | Valid Loss 3.2497 | Train Acc 99.1142| Valid Acc 45.6043
TestSub: S[6, 7, 8, 9, 10] Epoch 30 Finsh | Now_lr 0.0005/0.0005 | Lambda 0.0905 | Train Loss 0.0247 | Domain Loss 3.1843 | Valid Loss 3.0258 | Train Acc 99.1513| Valid Acc 46.6136
TestSub: S[6, 7, 8, 9, 10] Epoch 31 Finsh | Now_lr 0.0005/0.0005 | Lambda 0.0914 | Train Loss 0.0234 | Domain Loss 3.1942 | Valid Loss 3.1394 | Train Acc 99.2212| Valid Acc 46.5832
Early stopping triggered after 31 epochs (30 epochs without improvement)
--------------------------------------------------
Test_Subject :S[6, 7, 8, 9, 10] |Best epoch:1 | Test Loss:1.1313 | Best Acc 52.6204 | Savemodel Acc 52.6204
--------------------------------------------------

========== Fold 3 ==========
Train IDs: [1, 2, 3, 4, 5, 6, 7, 8, 9, 10, 16, 17, 18, 19, 20, 21, 22, 23, 24, 25, 26, 27, 28, 29, 30]
Val IDs:   [11, 12, 13, 14, 15]
================================================================================
SSL PRE-TRAINING PHASE WITH DOMAIN ADVERSARIAL TRAINING
================================================================================
Loading SSL data with subject IDs for subjects: [1, 2, 3, 4, 5, 6, 7, 8, 9, 10, 16, 17, 18, 19, 20, 21, 22, 23, 24, 25, 26, 27, 28, 29, 30]
Target window length: 256 time steps
Creating 256-step windows from 128-step data
Loaded subject S1: (6580, 32, 256), Subject ID: 0
Creating 256-step windows from 128-step data
Loaded subject S2: (6580, 32, 256), Subject ID: 1
Creating 256-step windows from 128-step data
Loaded subject S3: (6580, 32, 256), Subject ID: 2
Creating 256-step windows from 128-step data
Loaded subject S4: (6580, 32, 256), Subject ID: 3
Creating 256-step windows from 128-step data
Loaded subject S5: (6580, 32, 256), Subject ID: 4
Creating 256-step windows from 128-step data
Loaded subject S6: (6580, 32, 256), Subject ID: 5
Creating 256-step windows from 128-step data
Loaded subject S7: (6580, 32, 256), Subject ID: 6
Creating 256-step windows from 128-step data
Loaded subject S8: (6580, 32, 256), Subject ID: 7
Creating 256-step windows from 128-step data
Loaded subject S9: (6580, 32, 256), Subject ID: 8
Creating 256-step windows from 128-step data
Loaded subject S10: (6580, 32, 256), Subject ID: 9
Creating 256-step windows from 128-step data
Loaded subject S16: (6580, 32, 256), Subject ID: 15
Creating 256-step windows from 128-step data
Loaded subject S17: (6580, 32, 256), Subject ID: 16
Creating 256-step windows from 128-step data
Loaded subject S18: (6580, 32, 256), Subject ID: 17
Creating 256-step windows from 128-step data
Loaded subject S19: (6580, 32, 256), Subject ID: 18
Creating 256-step windows from 128-step data
Loaded subject S20: (6580, 32, 256), Subject ID: 19
Creating 256-step windows from 128-step data
Loaded subject S21: (6580, 32, 256), Subject ID: 20
Creating 256-step windows from 128-step data
Loaded subject S22: (6580, 32, 256), Subject ID: 21
Creating 256-step windows from 128-step data
Loaded subject S23: (6580, 32, 256), Subject ID: 22
Creating 256-step windows from 128-step data
Loaded subject S24: (6580, 32, 256), Subject ID: 23
Creating 256-step windows from 128-step data
Loaded subject S25: (6580, 32, 256), Subject ID: 24
Creating 256-step windows from 128-step data
Loaded subject S26: (6580, 32, 256), Subject ID: 25
Creating 256-step windows from 128-step data
Loaded subject S27: (6580, 32, 256), Subject ID: 26
Creating 256-step windows from 128-step data
Loaded subject S28: (6580, 32, 256), Subject ID: 27
Creating 256-step windows from 128-step data
Loaded subject S29: (6580, 32, 256), Subject ID: 28
Creating 256-step windows from 128-step data
Loaded subject S30: (6580, 32, 256), Subject ID: 29
Total SSL data shape: (164500, 32, 256)
Total subject IDs: 164500
🏗️  SSL Model Architecture:
   - SSL Enabled: True
   - SSL Approach: full_darnet
   - Domain Adversarial: True
   - Training Mode: ssl
   - Decoder Type: EEGFullDARNetDecoder
   - Encoder parameters: 36,888
   - Decoder parameters: 563,328
   - Domain discriminator parameters: 39,070
   - Total parameters: 639,304
   - Decoder/Total ratio: 88.1%
==================================================
Starting SSL Pre-training with Domain Adversarial Training
==================================================
=================================================================
Layer (type:depth-idx)                   Param #
=================================================================
DARNet                                   --
├─GradientReversalLayer: 1-1             --
├─SubjectDiscriminator: 1-2              --
│    └─Sequential: 2-1                   --
│    │    └─Linear: 3-1                  2,304
│    │    └─ReLU: 3-2                    --
│    │    └─Dropout: 3-3                 --
│    │    └─Linear: 3-4                  32,896
│    │    └─ReLU: 3-5                    --
│    │    └─Dropout: 3-6                 --
│    │    └─Linear: 3-7                  3,870
├─TokenEmbeddingOriginal: 1-3            --
│    └─Sequential: 2-2                   --
│    │    └─Conv2d: 3-8                  576
│    │    └─BatchNorm2d: 3-9             128
│    │    └─GELU: 3-10                   --
│    └─Sequential: 2-3                   --
│    │    └─Conv2d: 3-11                 32,784
│    │    └─BatchNorm2d: 3-12            32
│    │    └─GELU: 3-13                   --
│    └─PositionalEmbedding: 2-4          --
├─EEGFullDARNetDecoder: 1-4              --
│    └─Sequential: 2-5                   --
│    │    └─Linear: 3-14                 576
│    │    └─ReLU: 3-15                   --
│    │    └─Dropout: 3-16                --
│    │    └─Linear: 3-17                 16,640
│    │    └─ReLU: 3-18                   --
│    │    └─Dropout: 3-19                --
│    └─Linear: 2-6                       526,336
│    └─ConvTranspose1d: 2-7              8,256
│    └─BatchNorm1d: 2-8                  128
│    └─ConvTranspose1d: 2-9              8,224
│    └─BatchNorm1d: 2-10                 64
│    └─Conv1d: 2-11                      3,104
│    └─ReLU: 2-12                        --
│    └─Dropout: 2-13                     --
├─Flatten: 1-5                           --
├─Linear: 1-6                            18
├─AttnRefine: 1-7                        --
│    └─MyAttention: 2-14                 --
│    │    └─Attention: 3-20              800
│    └─Refine: 2-15                      --
│    │    └─Conv1d: 3-21                 784
│    │    └─BatchNorm1d: 3-22            32
│    │    └─ELU: 3-23                    --
│    │    └─MaxPool1d: 3-24              --
│    └─AdaptiveAvgPool1d: 2-16           --
│    └─Linear: 2-17                      68
│    └─Flatten: 2-18                     --
├─AttnRefine: 1-8                        --
│    └─MyAttention: 2-19                 --
│    │    └─Attention: 3-25              800
│    └─Refine: 2-20                      --
│    │    └─Conv1d: 3-26                 784
│    │    └─BatchNorm1d: 3-27            32
│    │    └─ELU: 3-28                    --
│    │    └─MaxPool1d: 3-29              --
│    └─AdaptiveAvgPool1d: 2-21           --
│    └─Linear: 2-22                      68
│    └─Flatten: 2-23                     --
=================================================================
Total params: 639,304
Trainable params: 639,304
Non-trainable params: 0
=================================================================
SSL Epoch  1 | SSL Loss: 0.518273 | Domain Loss: 3.132218
SSL model saved at epoch 1 with loss 0.518273 to ./exps/cross-subject/DARNet_SSL_FullDARNet_Domain/ssl_models_task1_AAD_MM-AAD_ssl_domain_2025-10-19-12-21-17/ssl_best_model.pt
SSL model saved with loss 0.518273
SSL Epoch  2 | SSL Loss: 0.422115 | Domain Loss: 3.070533
SSL model saved at epoch 2 with loss 0.422115 to ./exps/cross-subject/DARNet_SSL_FullDARNet_Domain/ssl_models_task1_AAD_MM-AAD_ssl_domain_2025-10-19-12-21-17/ssl_best_model.pt
SSL model saved with loss 0.422115
SSL Epoch  3 | SSL Loss: 0.404487 | Domain Loss: 3.082003
SSL model saved at epoch 3 with loss 0.404487 to ./exps/cross-subject/DARNet_SSL_FullDARNet_Domain/ssl_models_task1_AAD_MM-AAD_ssl_domain_2025-10-19-12-21-17/ssl_best_model.pt
SSL model saved with loss 0.404487
SSL Epoch  4 | SSL Loss: 0.377349 | Domain Loss: 3.054954
SSL model saved at epoch 4 with loss 0.377349 to ./exps/cross-subject/DARNet_SSL_FullDARNet_Domain/ssl_models_task1_AAD_MM-AAD_ssl_domain_2025-10-19-12-21-17/ssl_best_model.pt
SSL model saved with loss 0.377349
SSL Epoch  5 | SSL Loss: 0.366613 | Domain Loss: 3.074433
SSL model saved at epoch 5 with loss 0.366613 to ./exps/cross-subject/DARNet_SSL_FullDARNet_Domain/ssl_models_task1_AAD_MM-AAD_ssl_domain_2025-10-19-12-21-17/ssl_best_model.pt
SSL model saved with loss 0.366613
SSL Epoch  6 | SSL Loss: 0.355435 | Domain Loss: 3.115465
SSL model saved at epoch 6 with loss 0.355435 to ./exps/cross-subject/DARNet_SSL_FullDARNet_Domain/ssl_models_task1_AAD_MM-AAD_ssl_domain_2025-10-19-12-21-17/ssl_best_model.pt
SSL model saved with loss 0.355435
SSL Epoch  7 | SSL Loss: 0.342993 | Domain Loss: 3.081511
SSL model saved at epoch 7 with loss 0.342993 to ./exps/cross-subject/DARNet_SSL_FullDARNet_Domain/ssl_models_task1_AAD_MM-AAD_ssl_domain_2025-10-19-12-21-17/ssl_best_model.pt
SSL model saved with loss 0.342993
SSL Epoch  8 | SSL Loss: 0.336301 | Domain Loss: 3.056947
SSL model saved at epoch 8 with loss 0.336301 to ./exps/cross-subject/DARNet_SSL_FullDARNet_Domain/ssl_models_task1_AAD_MM-AAD_ssl_domain_2025-10-19-12-21-17/ssl_best_model.pt
SSL model saved with loss 0.336301
SSL Epoch  9 | SSL Loss: 0.333771 | Domain Loss: 3.089003
SSL model saved at epoch 9 with loss 0.333771 to ./exps/cross-subject/DARNet_SSL_FullDARNet_Domain/ssl_models_task1_AAD_MM-AAD_ssl_domain_2025-10-19-12-21-17/ssl_best_model.pt
SSL model saved with loss 0.333771
SSL Epoch 10 | SSL Loss: 0.331877 | Domain Loss: 3.106204
SSL model saved at epoch 10 with loss 0.331877 to ./exps/cross-subject/DARNet_SSL_FullDARNet_Domain/ssl_models_task1_AAD_MM-AAD_ssl_domain_2025-10-19-12-21-17/ssl_best_model.pt
SSL model saved with loss 0.331877
SSL Epoch 11 | SSL Loss: 0.320746 | Domain Loss: 3.002865
SSL model saved at epoch 11 with loss 0.320746 to ./exps/cross-subject/DARNet_SSL_FullDARNet_Domain/ssl_models_task1_AAD_MM-AAD_ssl_domain_2025-10-19-12-21-17/ssl_best_model.pt
SSL model saved with loss 0.320746
SSL Epoch 12 | SSL Loss: 0.319546 | Domain Loss: 3.119750
SSL model saved at epoch 12 with loss 0.319546 to ./exps/cross-subject/DARNet_SSL_FullDARNet_Domain/ssl_models_task1_AAD_MM-AAD_ssl_domain_2025-10-19-12-21-17/ssl_best_model.pt
SSL model saved with loss 0.319546
SSL Epoch 13 | SSL Loss: 0.316668 | Domain Loss: 3.083763
SSL model saved at epoch 13 with loss 0.316668 to ./exps/cross-subject/DARNet_SSL_FullDARNet_Domain/ssl_models_task1_AAD_MM-AAD_ssl_domain_2025-10-19-12-21-17/ssl_best_model.pt
SSL model saved with loss 0.316668
SSL Epoch 14 | SSL Loss: 0.311564 | Domain Loss: 3.039436
SSL model saved at epoch 14 with loss 0.311564 to ./exps/cross-subject/DARNet_SSL_FullDARNet_Domain/ssl_models_task1_AAD_MM-AAD_ssl_domain_2025-10-19-12-21-17/ssl_best_model.pt
SSL model saved with loss 0.311564
SSL Epoch 15 | SSL Loss: 0.314073 | Domain Loss: 3.135931
SSL Epoch 16 | SSL Loss: 0.308453 | Domain Loss: 3.108251
SSL model saved at epoch 16 with loss 0.308453 to ./exps/cross-subject/DARNet_SSL_FullDARNet_Domain/ssl_models_task1_AAD_MM-AAD_ssl_domain_2025-10-19-12-21-17/ssl_best_model.pt
SSL model saved with loss 0.308453
SSL Epoch 17 | SSL Loss: 0.304840 | Domain Loss: 3.077356
SSL model saved at epoch 17 with loss 0.304840 to ./exps/cross-subject/DARNet_SSL_FullDARNet_Domain/ssl_models_task1_AAD_MM-AAD_ssl_domain_2025-10-19-12-21-17/ssl_best_model.pt
SSL model saved with loss 0.304840
SSL Epoch 18 | SSL Loss: 0.304364 | Domain Loss: 3.104964
SSL model saved at epoch 18 with loss 0.304364 to ./exps/cross-subject/DARNet_SSL_FullDARNet_Domain/ssl_models_task1_AAD_MM-AAD_ssl_domain_2025-10-19-12-21-17/ssl_best_model.pt
SSL model saved with loss 0.304364
SSL Epoch 19 | SSL Loss: 0.301094 | Domain Loss: 3.092471
SSL model saved at epoch 19 with loss 0.301094 to ./exps/cross-subject/DARNet_SSL_FullDARNet_Domain/ssl_models_task1_AAD_MM-AAD_ssl_domain_2025-10-19-12-21-17/ssl_best_model.pt
SSL model saved with loss 0.301094
SSL Epoch 20 | SSL Loss: 0.299489 | Domain Loss: 3.117163
SSL model saved at epoch 20 with loss 0.299489 to ./exps/cross-subject/DARNet_SSL_FullDARNet_Domain/ssl_models_task1_AAD_MM-AAD_ssl_domain_2025-10-19-12-21-17/ssl_best_model.pt
SSL model saved with loss 0.299489
SSL Epoch 21 | SSL Loss: 0.295512 | Domain Loss: 3.075664
SSL model saved at epoch 21 with loss 0.295512 to ./exps/cross-subject/DARNet_SSL_FullDARNet_Domain/ssl_models_task1_AAD_MM-AAD_ssl_domain_2025-10-19-12-21-17/ssl_best_model.pt
SSL model saved with loss 0.295512
SSL Epoch 22 | SSL Loss: 0.294512 | Domain Loss: 3.081579
SSL model saved at epoch 22 with loss 0.294512 to ./exps/cross-subject/DARNet_SSL_FullDARNet_Domain/ssl_models_task1_AAD_MM-AAD_ssl_domain_2025-10-19-12-21-17/ssl_best_model.pt
SSL model saved with loss 0.294512
SSL Epoch 23 | SSL Loss: 0.293053 | Domain Loss: 3.118202
SSL model saved at epoch 23 with loss 0.293053 to ./exps/cross-subject/DARNet_SSL_FullDARNet_Domain/ssl_models_task1_AAD_MM-AAD_ssl_domain_2025-10-19-12-21-17/ssl_best_model.pt
SSL model saved with loss 0.293053
SSL Epoch 24 | SSL Loss: 0.289015 | Domain Loss: 3.094636
SSL model saved at epoch 24 with loss 0.289015 to ./exps/cross-subject/DARNet_SSL_FullDARNet_Domain/ssl_models_task1_AAD_MM-AAD_ssl_domain_2025-10-19-12-21-17/ssl_best_model.pt
SSL model saved with loss 0.289015
SSL Epoch 25 | SSL Loss: 0.284633 | Domain Loss: 3.076992
SSL model saved at epoch 25 with loss 0.284633 to ./exps/cross-subject/DARNet_SSL_FullDARNet_Domain/ssl_models_task1_AAD_MM-AAD_ssl_domain_2025-10-19-12-21-17/ssl_best_model.pt
SSL model saved with loss 0.284633
SSL Epoch 26 | SSL Loss: 0.279781 | Domain Loss: 3.116618
SSL model saved at epoch 26 with loss 0.279781 to ./exps/cross-subject/DARNet_SSL_FullDARNet_Domain/ssl_models_task1_AAD_MM-AAD_ssl_domain_2025-10-19-12-21-17/ssl_best_model.pt
SSL model saved with loss 0.279781
SSL Epoch 27 | SSL Loss: 0.273184 | Domain Loss: 3.133870
SSL model saved at epoch 27 with loss 0.273184 to ./exps/cross-subject/DARNet_SSL_FullDARNet_Domain/ssl_models_task1_AAD_MM-AAD_ssl_domain_2025-10-19-12-21-17/ssl_best_model.pt
SSL model saved with loss 0.273184
SSL Epoch 28 | SSL Loss: 0.267537 | Domain Loss: 3.150405
SSL model saved at epoch 28 with loss 0.267537 to ./exps/cross-subject/DARNet_SSL_FullDARNet_Domain/ssl_models_task1_AAD_MM-AAD_ssl_domain_2025-10-19-12-21-17/ssl_best_model.pt
SSL model saved with loss 0.267537
SSL Epoch 29 | SSL Loss: 0.262820 | Domain Loss: 3.156035
SSL model saved at epoch 29 with loss 0.262820 to ./exps/cross-subject/DARNet_SSL_FullDARNet_Domain/ssl_models_task1_AAD_MM-AAD_ssl_domain_2025-10-19-12-21-17/ssl_best_model.pt
SSL model saved with loss 0.262820
SSL Epoch 30 | SSL Loss: 0.258839 | Domain Loss: 3.153644
SSL model saved at epoch 30 with loss 0.258839 to ./exps/cross-subject/DARNet_SSL_FullDARNet_Domain/ssl_models_task1_AAD_MM-AAD_ssl_domain_2025-10-19-12-21-17/ssl_best_model.pt
SSL model saved with loss 0.258839
==================================================
SSL Pre-training completed. Best loss: 0.258839
==================================================
train_data_shape(164500, 32, 256),val_data_shape(32900, 32, 256)
🔄 Loading SSL pre-trained weights from: ./exps/cross-subject/DARNet_SSL_FullDARNet_Domain/ssl_models_task1_AAD_MM-AAD_ssl_domain_2025-10-19-12-21-17/ssl_best_model.pt
📋 Available keys in SSL checkpoint: 73 total
  - subject_discriminator.classifier.0.weight: torch.Size([256, 8])
  - subject_discriminator.classifier.0.bias: torch.Size([256])
  - subject_discriminator.classifier.3.weight: torch.Size([128, 256])
  - subject_discriminator.classifier.3.bias: torch.Size([128])
  - subject_discriminator.classifier.6.weight: torch.Size([30, 128])
  - subject_discriminator.classifier.6.bias: torch.Size([30])
  - token_embedding.embed_layer.0.weight: torch.Size([64, 1, 1, 8])
  - token_embedding.embed_layer.0.bias: torch.Size([64])
  - token_embedding.embed_layer.1.weight: torch.Size([64])
  - token_embedding.embed_layer.1.bias: torch.Size([64])
  - token_embedding.embed_layer.1.running_mean: torch.Size([64])
  - token_embedding.embed_layer.1.running_var: torch.Size([64])
  - token_embedding.embed_layer.1.num_batches_tracked: torch.Size([])
  - token_embedding.embed_layer2.0.weight: torch.Size([16, 64, 32, 1])
  - token_embedding.embed_layer2.0.bias: torch.Size([16])
  - token_embedding.embed_layer2.1.weight: torch.Size([16])
  - token_embedding.embed_layer2.1.bias: torch.Size([16])
  - token_embedding.embed_layer2.1.running_mean: torch.Size([16])
  - token_embedding.embed_layer2.1.running_var: torch.Size([16])
  - token_embedding.embed_layer2.1.num_batches_tracked: torch.Size([])
  - token_embedding.position_embedding.pe: torch.Size([1, 5000, 16])
  - ssl_decoder.expand.0.weight: torch.Size([64, 8])
  - ssl_decoder.expand.0.bias: torch.Size([64])
  - ssl_decoder.expand.3.weight: torch.Size([256, 64])
  - ssl_decoder.expand.3.bias: torch.Size([256])
  - ssl_decoder.feature_projection.weight: torch.Size([2048, 256])
  - ssl_decoder.feature_projection.bias: torch.Size([2048])
  - ssl_decoder.upconv1.weight: torch.Size([32, 64, 4])
  - ssl_decoder.upconv1.bias: torch.Size([64])
  - ssl_decoder.bn1.weight: torch.Size([64])
  - ssl_decoder.bn1.bias: torch.Size([64])
  - ssl_decoder.bn1.running_mean: torch.Size([64])
  - ssl_decoder.bn1.running_var: torch.Size([64])
  - ssl_decoder.bn1.num_batches_tracked: torch.Size([])
  - ssl_decoder.upconv2.weight: torch.Size([64, 32, 4])
  - ssl_decoder.upconv2.bias: torch.Size([32])
  - ssl_decoder.bn2.weight: torch.Size([32])
  - ssl_decoder.bn2.bias: torch.Size([32])
  - ssl_decoder.bn2.running_mean: torch.Size([32])
  - ssl_decoder.bn2.running_var: torch.Size([32])
  - ssl_decoder.bn2.num_batches_tracked: torch.Size([])
  - ssl_decoder.final_conv.weight: torch.Size([32, 32, 3])
  - ssl_decoder.final_conv.bias: torch.Size([32])
  - out.weight: torch.Size([2, 8])
  - out.bias: torch.Size([2])
  - stack1.attention.attention_layer.key.weight: torch.Size([16, 16])
  - stack1.attention.attention_layer.value.weight: torch.Size([16, 16])
  - stack1.attention.attention_layer.query.weight: torch.Size([16, 16])
  - stack1.attention.attention_layer.to_out.weight: torch.Size([16])
  - stack1.attention.attention_layer.to_out.bias: torch.Size([16])
  - stack1.conv_layer.downConv.weight: torch.Size([16, 16, 3])
  - stack1.conv_layer.downConv.bias: torch.Size([16])
  - stack1.conv_layer.norm.weight: torch.Size([16])
  - stack1.conv_layer.norm.bias: torch.Size([16])
  - stack1.conv_layer.norm.running_mean: torch.Size([16])
  - stack1.conv_layer.norm.running_var: torch.Size([16])
  - stack1.conv_layer.norm.num_batches_tracked: torch.Size([])
  - stack1.out.weight: torch.Size([4, 16])
  - stack1.out.bias: torch.Size([4])
  - stack2.attention.attention_layer.key.weight: torch.Size([16, 16])
  - stack2.attention.attention_layer.value.weight: torch.Size([16, 16])
  - stack2.attention.attention_layer.query.weight: torch.Size([16, 16])
  - stack2.attention.attention_layer.to_out.weight: torch.Size([16])
  - stack2.attention.attention_layer.to_out.bias: torch.Size([16])
  - stack2.conv_layer.downConv.weight: torch.Size([16, 16, 3])
  - stack2.conv_layer.downConv.bias: torch.Size([16])
  - stack2.conv_layer.norm.weight: torch.Size([16])
  - stack2.conv_layer.norm.bias: torch.Size([16])
  - stack2.conv_layer.norm.running_mean: torch.Size([16])
  - stack2.conv_layer.norm.running_var: torch.Size([16])
  - stack2.conv_layer.norm.num_batches_tracked: torch.Size([])
  - stack2.out.weight: torch.Size([4, 16])
  - stack2.out.bias: torch.Size([4])
🎯 SSL approach detected: full_darnet
  ❌ Skipping: subject_discriminator.classifier.0.weight (decoder component)
  ❌ Skipping: subject_discriminator.classifier.0.bias (decoder component)
  ❌ Skipping: subject_discriminator.classifier.3.weight (decoder component)
  ❌ Skipping: subject_discriminator.classifier.3.bias (decoder component)
  ❌ Skipping: subject_discriminator.classifier.6.weight (decoder component)
  ❌ Skipping: subject_discriminator.classifier.6.bias (decoder component)
  ✅ Loading: token_embedding.embed_layer.0.weight -> torch.Size([64, 1, 1, 8])
  ✅ Loading: token_embedding.embed_layer.0.bias -> torch.Size([64])
  ✅ Loading: token_embedding.embed_layer.1.weight -> torch.Size([64])
  ✅ Loading: token_embedding.embed_layer.1.bias -> torch.Size([64])
  ✅ Loading: token_embedding.embed_layer.1.running_mean -> torch.Size([64])
  ✅ Loading: token_embedding.embed_layer.1.running_var -> torch.Size([64])
  ✅ Loading: token_embedding.embed_layer.1.num_batches_tracked -> torch.Size([])
  ✅ Loading: token_embedding.embed_layer2.0.weight -> torch.Size([16, 64, 32, 1])
  ✅ Loading: token_embedding.embed_layer2.0.bias -> torch.Size([16])
  ✅ Loading: token_embedding.embed_layer2.1.weight -> torch.Size([16])
  ✅ Loading: token_embedding.embed_layer2.1.bias -> torch.Size([16])
  ✅ Loading: token_embedding.embed_layer2.1.running_mean -> torch.Size([16])
  ✅ Loading: token_embedding.embed_layer2.1.running_var -> torch.Size([16])
  ✅ Loading: token_embedding.embed_layer2.1.num_batches_tracked -> torch.Size([])
  ✅ Loading: token_embedding.position_embedding.pe -> torch.Size([1, 5000, 16])
  ❌ Skipping: ssl_decoder.expand.0.weight (decoder component)
  ❌ Skipping: ssl_decoder.expand.0.bias (decoder component)
  ❌ Skipping: ssl_decoder.expand.3.weight (decoder component)
  ❌ Skipping: ssl_decoder.expand.3.bias (decoder component)
  ❌ Skipping: ssl_decoder.feature_projection.weight (decoder component)
  ❌ Skipping: ssl_decoder.feature_projection.bias (decoder component)
  ❌ Skipping: ssl_decoder.upconv1.weight (decoder component)
  ❌ Skipping: ssl_decoder.upconv1.bias (decoder component)
  ❌ Skipping: ssl_decoder.bn1.weight (decoder component)
  ❌ Skipping: ssl_decoder.bn1.bias (decoder component)
  ❌ Skipping: ssl_decoder.bn1.running_mean (decoder component)
  ❌ Skipping: ssl_decoder.bn1.running_var (decoder component)
  ❌ Skipping: ssl_decoder.bn1.num_batches_tracked (decoder component)
  ❌ Skipping: ssl_decoder.upconv2.weight (decoder component)
  ❌ Skipping: ssl_decoder.upconv2.bias (decoder component)
  ❌ Skipping: ssl_decoder.bn2.weight (decoder component)
  ❌ Skipping: ssl_decoder.bn2.bias (decoder component)
  ❌ Skipping: ssl_decoder.bn2.running_mean (decoder component)
  ❌ Skipping: ssl_decoder.bn2.running_var (decoder component)
  ❌ Skipping: ssl_decoder.bn2.num_batches_tracked (decoder component)
  ❌ Skipping: ssl_decoder.final_conv.weight (decoder component)
  ❌ Skipping: ssl_decoder.final_conv.bias (decoder component)
  ❌ Skipping: out.weight (decoder component)
  ❌ Skipping: out.bias (decoder component)
  ✅ Loading: stack1.attention.attention_layer.key.weight -> torch.Size([16, 16])
  ✅ Loading: stack1.attention.attention_layer.value.weight -> torch.Size([16, 16])
  ✅ Loading: stack1.attention.attention_layer.query.weight -> torch.Size([16, 16])
  ✅ Loading: stack1.attention.attention_layer.to_out.weight -> torch.Size([16])
  ✅ Loading: stack1.attention.attention_layer.to_out.bias -> torch.Size([16])
  ✅ Loading: stack1.conv_layer.downConv.weight -> torch.Size([16, 16, 3])
  ✅ Loading: stack1.conv_layer.downConv.bias -> torch.Size([16])
  ✅ Loading: stack1.conv_layer.norm.weight -> torch.Size([16])
  ✅ Loading: stack1.conv_layer.norm.bias -> torch.Size([16])
  ✅ Loading: stack1.conv_layer.norm.running_mean -> torch.Size([16])
  ✅ Loading: stack1.conv_layer.norm.running_var -> torch.Size([16])
  ✅ Loading: stack1.conv_layer.norm.num_batches_tracked -> torch.Size([])
  ✅ Loading: stack1.out.weight -> torch.Size([4, 16])
  ✅ Loading: stack1.out.bias -> torch.Size([4])
  ✅ Loading: stack2.attention.attention_layer.key.weight -> torch.Size([16, 16])
  ✅ Loading: stack2.attention.attention_layer.value.weight -> torch.Size([16, 16])
  ✅ Loading: stack2.attention.attention_layer.query.weight -> torch.Size([16, 16])
  ✅ Loading: stack2.attention.attention_layer.to_out.weight -> torch.Size([16])
  ✅ Loading: stack2.attention.attention_layer.to_out.bias -> torch.Size([16])
  ✅ Loading: stack2.conv_layer.downConv.weight -> torch.Size([16, 16, 3])
  ✅ Loading: stack2.conv_layer.downConv.bias -> torch.Size([16])
  ✅ Loading: stack2.conv_layer.norm.weight -> torch.Size([16])
  ✅ Loading: stack2.conv_layer.norm.bias -> torch.Size([16])
  ✅ Loading: stack2.conv_layer.norm.running_mean -> torch.Size([16])
  ✅ Loading: stack2.conv_layer.norm.running_var -> torch.Size([16])
  ✅ Loading: stack2.conv_layer.norm.num_batches_tracked -> torch.Size([])
  ✅ Loading: stack2.out.weight -> torch.Size([4, 16])
  ✅ Loading: stack2.out.bias -> torch.Size([4])
🔧 Loading 43 encoder components into fine-tuning model...
⚠️  Missing keys (newly initialized): ['subject_discriminator.classifier.0.weight', 'subject_discriminator.classifier.0.bias', 'subject_discriminator.classifier.3.weight', 'subject_discriminator.classifier.3.bias', 'subject_discriminator.classifier.6.weight', 'subject_discriminator.classifier.6.bias', 'ssl_decoder.expand.0.weight', 'ssl_decoder.expand.0.bias', 'ssl_decoder.expand.3.weight', 'ssl_decoder.expand.3.bias', 'ssl_decoder.feature_projection.weight', 'ssl_decoder.feature_projection.bias', 'ssl_decoder.upconv1.weight', 'ssl_decoder.upconv1.bias', 'ssl_decoder.bn1.weight', 'ssl_decoder.bn1.bias', 'ssl_decoder.bn1.running_mean', 'ssl_decoder.bn1.running_var', 'ssl_decoder.upconv2.weight', 'ssl_decoder.upconv2.bias', 'ssl_decoder.bn2.weight', 'ssl_decoder.bn2.bias', 'ssl_decoder.bn2.running_mean', 'ssl_decoder.bn2.running_var', 'ssl_decoder.final_conv.weight', 'ssl_decoder.final_conv.bias', 'out.weight', 'out.bias']
✅ Successfully loaded SSL pre-trained weights!
🎯 SSL decoder removed, feature classifier ready for fine-tuning
==================================================
Starting Fine-tuning
==================================================
=================================================================
Layer (type:depth-idx)                   Param #
=================================================================
DARNet                                   --
├─GradientReversalLayer: 1-1             --
├─SubjectDiscriminator: 1-2              --
│    └─Sequential: 2-1                   --
│    │    └─Linear: 3-1                  2,304
│    │    └─ReLU: 3-2                    --
│    │    └─Dropout: 3-3                 --
│    │    └─Linear: 3-4                  32,896
│    │    └─ReLU: 3-5                    --
│    │    └─Dropout: 3-6                 --
│    │    └─Linear: 3-7                  3,870
├─TokenEmbeddingOriginal: 1-3            --
│    └─Sequential: 2-2                   --
│    │    └─Conv2d: 3-8                  576
│    │    └─BatchNorm2d: 3-9             128
│    │    └─GELU: 3-10                   --
│    └─Sequential: 2-3                   --
│    │    └─Conv2d: 3-11                 32,784
│    │    └─BatchNorm2d: 3-12            32
│    │    └─GELU: 3-13                   --
│    └─PositionalEmbedding: 2-4          --
├─EEGFullDARNetDecoder: 1-4              --
│    └─Sequential: 2-5                   --
│    │    └─Linear: 3-14                 576
│    │    └─ReLU: 3-15                   --
│    │    └─Dropout: 3-16                --
│    │    └─Linear: 3-17                 16,640
│    │    └─ReLU: 3-18                   --
│    │    └─Dropout: 3-19                --
│    └─Linear: 2-6                       526,336
│    └─ConvTranspose1d: 2-7              8,256
│    └─BatchNorm1d: 2-8                  128
│    └─ConvTranspose1d: 2-9              8,224
│    └─BatchNorm1d: 2-10                 64
│    └─Conv1d: 2-11                      3,104
│    └─ReLU: 2-12                        --
│    └─Dropout: 2-13                     --
├─Flatten: 1-5                           --
├─Linear: 1-6                            18
├─AttnRefine: 1-7                        --
│    └─MyAttention: 2-14                 --
│    │    └─Attention: 3-20              800
│    └─Refine: 2-15                      --
│    │    └─Conv1d: 3-21                 784
│    │    └─BatchNorm1d: 3-22            32
│    │    └─ELU: 3-23                    --
│    │    └─MaxPool1d: 3-24              --
│    └─AdaptiveAvgPool1d: 2-16           --
│    └─Linear: 2-17                      68
│    └─Flatten: 2-18                     --
├─AttnRefine: 1-8                        --
│    └─MyAttention: 2-19                 --
│    │    └─Attention: 3-25              800
│    └─Refine: 2-20                      --
│    │    └─Conv1d: 3-26                 784
│    │    └─BatchNorm1d: 3-27            32
│    │    └─ELU: 3-28                    --
│    │    └─MaxPool1d: 3-29              --
│    └─AdaptiveAvgPool1d: 2-21           --
│    └─Linear: 2-22                      68
│    └─Flatten: 2-23                     --
=================================================================
Total params: 639,304
Trainable params: 639,304
Non-trainable params: 0
=================================================================
TestSub: S[11, 12, 13, 14, 15] Epoch  1 Finsh | Now_lr 0.0005/0.0005 | Lambda 0.0050 | Train Loss 0.5490 | Domain Loss 3.1070 | Valid Loss 1.4017 | Train Acc 67.8538| Valid Acc 51.3771
Validation acc increase (0.000000 --> 51.377067) in epoch (1).  Saving model ...
TestSub: S[11, 12, 13, 14, 15] Epoch  2 Finsh | Now_lr 0.0005/0.0005 | Lambda 0.0100 | Train Loss 0.3741 | Domain Loss 2.9528 | Valid Loss 1.7166 | Train Acc 82.5310| Valid Acc 50.5472
TestSub: S[11, 12, 13, 14, 15] Epoch  3 Finsh | Now_lr 0.0005/0.0005 | Lambda 0.0149 | Train Loss 0.2945 | Domain Loss 2.9659 | Valid Loss 1.9838 | Train Acc 87.2349| Valid Acc 49.2978
TestSub: S[11, 12, 13, 14, 15] Epoch  4 Finsh | Now_lr 0.0005/0.0005 | Lambda 0.0197 | Train Loss 0.2354 | Domain Loss 3.0031 | Valid Loss 2.3981 | Train Acc 90.2456| Valid Acc 48.0423
TestSub: S[11, 12, 13, 14, 15] Epoch  5 Finsh | Now_lr 0.0005/0.0005 | Lambda 0.0245 | Train Loss 0.1931 | Domain Loss 3.0330 | Valid Loss 2.6572 | Train Acc 92.2574| Valid Acc 46.4707
TestSub: S[11, 12, 13, 14, 15] Epoch  6 Finsh | Now_lr 0.0005/0.0005 | Lambda 0.0291 | Train Loss 0.1633 | Domain Loss 3.0586 | Valid Loss 2.7062 | Train Acc 93.5482| Valid Acc 46.2366
TestSub: S[11, 12, 13, 14, 15] Epoch  7 Finsh | Now_lr 0.0005/0.0005 | Lambda 0.0336 | Train Loss 0.1391 | Domain Loss 3.0618 | Valid Loss 3.0906 | Train Acc 94.6516| Valid Acc 49.0242
TestSub: S[11, 12, 13, 14, 15] Epoch  8 Finsh | Now_lr 0.0005/0.0005 | Lambda 0.0380 | Train Loss 0.1222 | Domain Loss 3.0623 | Valid Loss 3.2418 | Train Acc 95.3757| Valid Acc 47.8538
TestSub: S[11, 12, 13, 14, 15] Epoch  9 Finsh | Now_lr 0.0005/0.0005 | Lambda 0.0422 | Train Loss 0.1086 | Domain Loss 3.0809 | Valid Loss 3.1584 | Train Acc 95.9424| Valid Acc 47.8934
TestSub: S[11, 12, 13, 14, 15] Epoch 10 Finsh | Now_lr 0.0005/0.0005 | Lambda 0.0462 | Train Loss 0.0968 | Domain Loss 3.0745 | Valid Loss 3.0970 | Train Acc 96.4263| Valid Acc 48.1882
TestSub: S[11, 12, 13, 14, 15] Epoch 11 Finsh | Now_lr 0.0005/0.0005 | Lambda 0.0501 | Train Loss 0.0885 | Domain Loss 3.0790 | Valid Loss 3.1325 | Train Acc 96.7832| Valid Acc 48.4071
TestSub: S[11, 12, 13, 14, 15] Epoch 12 Finsh | Now_lr 0.0005/0.0005 | Lambda 0.0537 | Train Loss 0.0805 | Domain Loss 3.0819 | Valid Loss 3.2272 | Train Acc 97.0136| Valid Acc 49.3069
TestSub: S[11, 12, 13, 14, 15] Epoch 13 Finsh | Now_lr 0.0005/0.0005 | Lambda 0.0572 | Train Loss 0.0730 | Domain Loss 3.0964 | Valid Loss 3.2781 | Train Acc 97.3425| Valid Acc 49.8419
TestSub: S[11, 12, 13, 14, 15] Epoch 14 Finsh | Now_lr 0.0005/0.0005 | Lambda 0.0604 | Train Loss 0.0691 | Domain Loss 3.1065 | Valid Loss 3.4801 | Train Acc 97.4769| Valid Acc 47.9025
TestSub: S[11, 12, 13, 14, 15] Epoch 15 Finsh | Now_lr 0.0005/0.0005 | Lambda 0.0635 | Train Loss 0.0615 | Domain Loss 3.1132 | Valid Loss 3.4569 | Train Acc 97.7705| Valid Acc 48.8692
TestSub: S[11, 12, 13, 14, 15] Epoch 16 Finsh | Now_lr 0.0005/0.0005 | Lambda 0.0664 | Train Loss 0.0594 | Domain Loss 3.1209 | Valid Loss 3.3591 | Train Acc 97.8447| Valid Acc 49.4072
TestSub: S[11, 12, 13, 14, 15] Epoch 17 Finsh | Now_lr 0.0005/0.0005 | Lambda 0.0691 | Train Loss 0.0537 | Domain Loss 3.1245 | Valid Loss 3.3756 | Train Acc 98.0557| Valid Acc 48.7293
TestSub: S[11, 12, 13, 14, 15] Epoch 18 Finsh | Now_lr 0.0005/0.0005 | Lambda 0.0716 | Train Loss 0.0522 | Domain Loss 3.1196 | Valid Loss 3.3163 | Train Acc 98.1286| Valid Acc 48.9816
TestSub: S[11, 12, 13, 14, 15] Epoch 19 Finsh | Now_lr 0.0005/0.0005 | Lambda 0.0740 | Train Loss 0.0499 | Domain Loss 3.1117 | Valid Loss 3.1470 | Train Acc 98.2241| Valid Acc 50.8177
TestSub: S[11, 12, 13, 14, 15] Epoch 20 Finsh | Now_lr 0.0005/0.0005 | Lambda 0.0762 | Train Loss 0.0466 | Domain Loss 3.1198 | Valid Loss 3.4704 | Train Acc 98.3639| Valid Acc 49.9848
TestSub: S[11, 12, 13, 14, 15] Epoch 21 Finsh | Now_lr 0.0005/0.0005 | Lambda 0.0782 | Train Loss 0.0461 | Domain Loss 3.1428 | Valid Loss 3.4909 | Train Acc 98.3554| Valid Acc 48.6625
TestSub: S[11, 12, 13, 14, 15] Epoch 22 Finsh | Now_lr 0.0005/0.0005 | Lambda 0.0800 | Train Loss 0.0417 | Domain Loss 3.1340 | Valid Loss 3.5837 | Train Acc 98.5220| Valid Acc 48.2186
TestSub: S[11, 12, 13, 14, 15] Epoch 23 Finsh | Now_lr 0.0005/0.0005 | Lambda 0.0818 | Train Loss 0.0407 | Domain Loss 3.1495 | Valid Loss 3.7265 | Train Acc 98.5664| Valid Acc 47.4647
TestSub: S[11, 12, 13, 14, 15] Epoch 24 Finsh | Now_lr 0.0005/0.0005 | Lambda 0.0834 | Train Loss 0.0386 | Domain Loss 3.1572 | Valid Loss 3.4283 | Train Acc 98.6764| Valid Acc 48.4953
TestSub: S[11, 12, 13, 14, 15] Epoch 25 Finsh | Now_lr 0.0005/0.0005 | Lambda 0.0848 | Train Loss 0.0376 | Domain Loss 3.1474 | Valid Loss 3.5124 | Train Acc 98.7220| Valid Acc 48.5257
TestSub: S[11, 12, 13, 14, 15] Epoch 26 Finsh | Now_lr 0.0005/0.0005 | Lambda 0.0862 | Train Loss 0.0366 | Domain Loss 3.1583 | Valid Loss 3.5078 | Train Acc 98.7591| Valid Acc 47.8295
TestSub: S[11, 12, 13, 14, 15] Epoch 27 Finsh | Now_lr 0.0005/0.0005 | Lambda 0.0874 | Train Loss 0.0361 | Domain Loss 3.1409 | Valid Loss 3.6394 | Train Acc 98.7360| Valid Acc 47.8630
TestSub: S[11, 12, 13, 14, 15] Epoch 28 Finsh | Now_lr 0.0005/0.0005 | Lambda 0.0885 | Train Loss 0.0332 | Domain Loss 3.1315 | Valid Loss 3.5330 | Train Acc 98.8412| Valid Acc 47.9785
TestSub: S[11, 12, 13, 14, 15] Epoch 29 Finsh | Now_lr 0.0005/0.0005 | Lambda 0.0896 | Train Loss 0.0338 | Domain Loss 3.1293 | Valid Loss 3.5925 | Train Acc 98.8418| Valid Acc 46.7412
TestSub: S[11, 12, 13, 14, 15] Epoch 30 Finsh | Now_lr 0.0005/0.0005 | Lambda 0.0905 | Train Loss 0.0314 | Domain Loss 3.1238 | Valid Loss 3.8150 | Train Acc 98.8923| Valid Acc 47.3097
TestSub: S[11, 12, 13, 14, 15] Epoch 31 Finsh | Now_lr 0.0005/0.0005 | Lambda 0.0914 | Train Loss 0.0309 | Domain Loss 3.1280 | Valid Loss 3.7434 | Train Acc 98.9142| Valid Acc 47.5742
Early stopping triggered after 31 epochs (30 epochs without improvement)
--------------------------------------------------
Test_Subject :S[11, 12, 13, 14, 15] |Best epoch:1 | Test Loss:1.4017 | Best Acc 51.3771 | Savemodel Acc 51.3771
--------------------------------------------------

========== Fold 4 ==========
Train IDs: [1, 2, 3, 4, 5, 6, 7, 8, 9, 10, 11, 12, 13, 14, 15, 21, 22, 23, 24, 25, 26, 27, 28, 29, 30]
Val IDs:   [16, 17, 18, 19, 20]
================================================================================
SSL PRE-TRAINING PHASE WITH DOMAIN ADVERSARIAL TRAINING
================================================================================
Loading SSL data with subject IDs for subjects: [1, 2, 3, 4, 5, 6, 7, 8, 9, 10, 11, 12, 13, 14, 15, 21, 22, 23, 24, 25, 26, 27, 28, 29, 30]
Target window length: 256 time steps
Creating 256-step windows from 128-step data
Loaded subject S1: (6580, 32, 256), Subject ID: 0
Creating 256-step windows from 128-step data
Loaded subject S2: (6580, 32, 256), Subject ID: 1
Creating 256-step windows from 128-step data
Loaded subject S3: (6580, 32, 256), Subject ID: 2
Creating 256-step windows from 128-step data
Loaded subject S4: (6580, 32, 256), Subject ID: 3
Creating 256-step windows from 128-step data
Loaded subject S5: (6580, 32, 256), Subject ID: 4
Creating 256-step windows from 128-step data
Loaded subject S6: (6580, 32, 256), Subject ID: 5
Creating 256-step windows from 128-step data
Loaded subject S7: (6580, 32, 256), Subject ID: 6
Creating 256-step windows from 128-step data
Loaded subject S8: (6580, 32, 256), Subject ID: 7
Creating 256-step windows from 128-step data
Loaded subject S9: (6580, 32, 256), Subject ID: 8
Creating 256-step windows from 128-step data
Loaded subject S10: (6580, 32, 256), Subject ID: 9
Creating 256-step windows from 128-step data
Loaded subject S11: (6580, 32, 256), Subject ID: 10
Creating 256-step windows from 128-step data
Loaded subject S12: (6580, 32, 256), Subject ID: 11
Creating 256-step windows from 128-step data
Loaded subject S13: (6580, 32, 256), Subject ID: 12
Creating 256-step windows from 128-step data
Loaded subject S14: (6580, 32, 256), Subject ID: 13
Creating 256-step windows from 128-step data
Loaded subject S15: (6580, 32, 256), Subject ID: 14
Creating 256-step windows from 128-step data
Loaded subject S21: (6580, 32, 256), Subject ID: 20
Creating 256-step windows from 128-step data
Loaded subject S22: (6580, 32, 256), Subject ID: 21
Creating 256-step windows from 128-step data
Loaded subject S23: (6580, 32, 256), Subject ID: 22
Creating 256-step windows from 128-step data
Loaded subject S24: (6580, 32, 256), Subject ID: 23
Creating 256-step windows from 128-step data
Loaded subject S25: (6580, 32, 256), Subject ID: 24
Creating 256-step windows from 128-step data
Loaded subject S26: (6580, 32, 256), Subject ID: 25
Creating 256-step windows from 128-step data
Loaded subject S27: (6580, 32, 256), Subject ID: 26
Creating 256-step windows from 128-step data
Loaded subject S28: (6580, 32, 256), Subject ID: 27
Creating 256-step windows from 128-step data
Loaded subject S29: (6580, 32, 256), Subject ID: 28
Creating 256-step windows from 128-step data
Loaded subject S30: (6580, 32, 256), Subject ID: 29
Total SSL data shape: (164500, 32, 256)
Total subject IDs: 164500
🏗️  SSL Model Architecture:
   - SSL Enabled: True
   - SSL Approach: full_darnet
   - Domain Adversarial: True
   - Training Mode: ssl
   - Decoder Type: EEGFullDARNetDecoder
   - Encoder parameters: 36,888
   - Decoder parameters: 563,328
   - Domain discriminator parameters: 39,070
   - Total parameters: 639,304
   - Decoder/Total ratio: 88.1%
==================================================
Starting SSL Pre-training with Domain Adversarial Training
==================================================
=================================================================
Layer (type:depth-idx)                   Param #
=================================================================
DARNet                                   --
├─GradientReversalLayer: 1-1             --
├─SubjectDiscriminator: 1-2              --
│    └─Sequential: 2-1                   --
│    │    └─Linear: 3-1                  2,304
│    │    └─ReLU: 3-2                    --
│    │    └─Dropout: 3-3                 --
│    │    └─Linear: 3-4                  32,896
│    │    └─ReLU: 3-5                    --
│    │    └─Dropout: 3-6                 --
│    │    └─Linear: 3-7                  3,870
├─TokenEmbeddingOriginal: 1-3            --
│    └─Sequential: 2-2                   --
│    │    └─Conv2d: 3-8                  576
│    │    └─BatchNorm2d: 3-9             128
│    │    └─GELU: 3-10                   --
│    └─Sequential: 2-3                   --
│    │    └─Conv2d: 3-11                 32,784
│    │    └─BatchNorm2d: 3-12            32
│    │    └─GELU: 3-13                   --
│    └─PositionalEmbedding: 2-4          --
├─EEGFullDARNetDecoder: 1-4              --
│    └─Sequential: 2-5                   --
│    │    └─Linear: 3-14                 576
│    │    └─ReLU: 3-15                   --
│    │    └─Dropout: 3-16                --
│    │    └─Linear: 3-17                 16,640
│    │    └─ReLU: 3-18                   --
│    │    └─Dropout: 3-19                --
│    └─Linear: 2-6                       526,336
│    └─ConvTranspose1d: 2-7              8,256
│    └─BatchNorm1d: 2-8                  128
│    └─ConvTranspose1d: 2-9              8,224
│    └─BatchNorm1d: 2-10                 64
│    └─Conv1d: 2-11                      3,104
│    └─ReLU: 2-12                        --
│    └─Dropout: 2-13                     --
├─Flatten: 1-5                           --
├─Linear: 1-6                            18
├─AttnRefine: 1-7                        --
│    └─MyAttention: 2-14                 --
│    │    └─Attention: 3-20              800
│    └─Refine: 2-15                      --
│    │    └─Conv1d: 3-21                 784
│    │    └─BatchNorm1d: 3-22            32
│    │    └─ELU: 3-23                    --
│    │    └─MaxPool1d: 3-24              --
│    └─AdaptiveAvgPool1d: 2-16           --
│    └─Linear: 2-17                      68
│    └─Flatten: 2-18                     --
├─AttnRefine: 1-8                        --
│    └─MyAttention: 2-19                 --
│    │    └─Attention: 3-25              800
│    └─Refine: 2-20                      --
│    │    └─Conv1d: 3-26                 784
│    │    └─BatchNorm1d: 3-27            32
│    │    └─ELU: 3-28                    --
│    │    └─MaxPool1d: 3-29              --
│    └─AdaptiveAvgPool1d: 2-21           --
│    └─Linear: 2-22                      68
│    └─Flatten: 2-23                     --
=================================================================
Total params: 639,304
Trainable params: 639,304
Non-trainable params: 0
=================================================================
SSL Epoch  1 | SSL Loss: 0.542157 | Domain Loss: 3.154353
SSL model saved at epoch 1 with loss 0.542157 to ./exps/cross-subject/DARNet_SSL_FullDARNet_Domain/ssl_models_task1_AAD_MM-AAD_ssl_domain_2025-10-19-12-21-17/ssl_best_model.pt
SSL model saved with loss 0.542157
SSL Epoch  2 | SSL Loss: 0.442351 | Domain Loss: 3.067445
SSL model saved at epoch 2 with loss 0.442351 to ./exps/cross-subject/DARNet_SSL_FullDARNet_Domain/ssl_models_task1_AAD_MM-AAD_ssl_domain_2025-10-19-12-21-17/ssl_best_model.pt
SSL model saved with loss 0.442351
SSL Epoch  3 | SSL Loss: 0.403780 | Domain Loss: 3.094270
SSL model saved at epoch 3 with loss 0.403780 to ./exps/cross-subject/DARNet_SSL_FullDARNet_Domain/ssl_models_task1_AAD_MM-AAD_ssl_domain_2025-10-19-12-21-17/ssl_best_model.pt
SSL model saved with loss 0.403780
SSL Epoch  4 | SSL Loss: 0.382475 | Domain Loss: 3.035940
SSL model saved at epoch 4 with loss 0.382475 to ./exps/cross-subject/DARNet_SSL_FullDARNet_Domain/ssl_models_task1_AAD_MM-AAD_ssl_domain_2025-10-19-12-21-17/ssl_best_model.pt
SSL model saved with loss 0.382475
SSL Epoch  5 | SSL Loss: 0.372764 | Domain Loss: 3.035575
SSL model saved at epoch 5 with loss 0.372764 to ./exps/cross-subject/DARNet_SSL_FullDARNet_Domain/ssl_models_task1_AAD_MM-AAD_ssl_domain_2025-10-19-12-21-17/ssl_best_model.pt
SSL model saved with loss 0.372764
SSL Epoch  6 | SSL Loss: 0.362384 | Domain Loss: 3.064718
SSL model saved at epoch 6 with loss 0.362384 to ./exps/cross-subject/DARNet_SSL_FullDARNet_Domain/ssl_models_task1_AAD_MM-AAD_ssl_domain_2025-10-19-12-21-17/ssl_best_model.pt
SSL model saved with loss 0.362384
SSL Epoch  7 | SSL Loss: 0.353720 | Domain Loss: 3.048901
SSL model saved at epoch 7 with loss 0.353720 to ./exps/cross-subject/DARNet_SSL_FullDARNet_Domain/ssl_models_task1_AAD_MM-AAD_ssl_domain_2025-10-19-12-21-17/ssl_best_model.pt
SSL model saved with loss 0.353720
SSL Epoch  8 | SSL Loss: 0.348846 | Domain Loss: 3.063434
SSL model saved at epoch 8 with loss 0.348846 to ./exps/cross-subject/DARNet_SSL_FullDARNet_Domain/ssl_models_task1_AAD_MM-AAD_ssl_domain_2025-10-19-12-21-17/ssl_best_model.pt
SSL model saved with loss 0.348846
SSL Epoch  9 | SSL Loss: 0.340826 | Domain Loss: 3.073890
SSL model saved at epoch 9 with loss 0.340826 to ./exps/cross-subject/DARNet_SSL_FullDARNet_Domain/ssl_models_task1_AAD_MM-AAD_ssl_domain_2025-10-19-12-21-17/ssl_best_model.pt
SSL model saved with loss 0.340826
SSL Epoch 10 | SSL Loss: 0.331302 | Domain Loss: 3.054941
SSL model saved at epoch 10 with loss 0.331302 to ./exps/cross-subject/DARNet_SSL_FullDARNet_Domain/ssl_models_task1_AAD_MM-AAD_ssl_domain_2025-10-19-12-21-17/ssl_best_model.pt
SSL model saved with loss 0.331302
SSL Epoch 11 | SSL Loss: 0.328937 | Domain Loss: 3.069191
SSL model saved at epoch 11 with loss 0.328937 to ./exps/cross-subject/DARNet_SSL_FullDARNet_Domain/ssl_models_task1_AAD_MM-AAD_ssl_domain_2025-10-19-12-21-17/ssl_best_model.pt
SSL model saved with loss 0.328937
SSL Epoch 12 | SSL Loss: 0.324402 | Domain Loss: 3.094592
SSL model saved at epoch 12 with loss 0.324402 to ./exps/cross-subject/DARNet_SSL_FullDARNet_Domain/ssl_models_task1_AAD_MM-AAD_ssl_domain_2025-10-19-12-21-17/ssl_best_model.pt
SSL model saved with loss 0.324402
SSL Epoch 13 | SSL Loss: 0.320537 | Domain Loss: 3.069402
SSL model saved at epoch 13 with loss 0.320537 to ./exps/cross-subject/DARNet_SSL_FullDARNet_Domain/ssl_models_task1_AAD_MM-AAD_ssl_domain_2025-10-19-12-21-17/ssl_best_model.pt
SSL model saved with loss 0.320537
SSL Epoch 14 | SSL Loss: 0.315290 | Domain Loss: 3.108606
SSL model saved at epoch 14 with loss 0.315290 to ./exps/cross-subject/DARNet_SSL_FullDARNet_Domain/ssl_models_task1_AAD_MM-AAD_ssl_domain_2025-10-19-12-21-17/ssl_best_model.pt
SSL model saved with loss 0.315290
SSL Epoch 15 | SSL Loss: 0.309459 | Domain Loss: 3.096284
SSL model saved at epoch 15 with loss 0.309459 to ./exps/cross-subject/DARNet_SSL_FullDARNet_Domain/ssl_models_task1_AAD_MM-AAD_ssl_domain_2025-10-19-12-21-17/ssl_best_model.pt
SSL model saved with loss 0.309459
SSL Epoch 16 | SSL Loss: 0.305006 | Domain Loss: 3.079769
SSL model saved at epoch 16 with loss 0.305006 to ./exps/cross-subject/DARNet_SSL_FullDARNet_Domain/ssl_models_task1_AAD_MM-AAD_ssl_domain_2025-10-19-12-21-17/ssl_best_model.pt
SSL model saved with loss 0.305006
SSL Epoch 17 | SSL Loss: 0.303019 | Domain Loss: 3.092228
SSL model saved at epoch 17 with loss 0.303019 to ./exps/cross-subject/DARNet_SSL_FullDARNet_Domain/ssl_models_task1_AAD_MM-AAD_ssl_domain_2025-10-19-12-21-17/ssl_best_model.pt
SSL model saved with loss 0.303019
SSL Epoch 18 | SSL Loss: 0.299920 | Domain Loss: 3.111595
SSL model saved at epoch 18 with loss 0.299920 to ./exps/cross-subject/DARNet_SSL_FullDARNet_Domain/ssl_models_task1_AAD_MM-AAD_ssl_domain_2025-10-19-12-21-17/ssl_best_model.pt
SSL model saved with loss 0.299920
SSL Epoch 19 | SSL Loss: 0.297546 | Domain Loss: 3.099192
SSL model saved at epoch 19 with loss 0.297546 to ./exps/cross-subject/DARNet_SSL_FullDARNet_Domain/ssl_models_task1_AAD_MM-AAD_ssl_domain_2025-10-19-12-21-17/ssl_best_model.pt
SSL model saved with loss 0.297546
SSL Epoch 20 | SSL Loss: 0.298135 | Domain Loss: 3.130195
SSL Epoch 21 | SSL Loss: 0.293481 | Domain Loss: 3.084502
SSL model saved at epoch 21 with loss 0.293481 to ./exps/cross-subject/DARNet_SSL_FullDARNet_Domain/ssl_models_task1_AAD_MM-AAD_ssl_domain_2025-10-19-12-21-17/ssl_best_model.pt
SSL model saved with loss 0.293481
SSL Epoch 22 | SSL Loss: 0.288080 | Domain Loss: 3.040763
SSL model saved at epoch 22 with loss 0.288080 to ./exps/cross-subject/DARNet_SSL_FullDARNet_Domain/ssl_models_task1_AAD_MM-AAD_ssl_domain_2025-10-19-12-21-17/ssl_best_model.pt
SSL model saved with loss 0.288080
SSL Epoch 23 | SSL Loss: 0.282657 | Domain Loss: 3.097327
SSL model saved at epoch 23 with loss 0.282657 to ./exps/cross-subject/DARNet_SSL_FullDARNet_Domain/ssl_models_task1_AAD_MM-AAD_ssl_domain_2025-10-19-12-21-17/ssl_best_model.pt
SSL model saved with loss 0.282657
SSL Epoch 24 | SSL Loss: 0.278084 | Domain Loss: 3.120191
SSL model saved at epoch 24 with loss 0.278084 to ./exps/cross-subject/DARNet_SSL_FullDARNet_Domain/ssl_models_task1_AAD_MM-AAD_ssl_domain_2025-10-19-12-21-17/ssl_best_model.pt
SSL model saved with loss 0.278084
SSL Epoch 25 | SSL Loss: 0.274330 | Domain Loss: 3.125524
SSL model saved at epoch 25 with loss 0.274330 to ./exps/cross-subject/DARNet_SSL_FullDARNet_Domain/ssl_models_task1_AAD_MM-AAD_ssl_domain_2025-10-19-12-21-17/ssl_best_model.pt
SSL model saved with loss 0.274330
SSL Epoch 26 | SSL Loss: 0.270612 | Domain Loss: 3.126933
SSL model saved at epoch 26 with loss 0.270612 to ./exps/cross-subject/DARNet_SSL_FullDARNet_Domain/ssl_models_task1_AAD_MM-AAD_ssl_domain_2025-10-19-12-21-17/ssl_best_model.pt
SSL model saved with loss 0.270612
SSL Epoch 27 | SSL Loss: 0.267644 | Domain Loss: 3.125196
SSL model saved at epoch 27 with loss 0.267644 to ./exps/cross-subject/DARNet_SSL_FullDARNet_Domain/ssl_models_task1_AAD_MM-AAD_ssl_domain_2025-10-19-12-21-17/ssl_best_model.pt
SSL model saved with loss 0.267644
SSL Epoch 28 | SSL Loss: 0.264992 | Domain Loss: 3.116667
SSL model saved at epoch 28 with loss 0.264992 to ./exps/cross-subject/DARNet_SSL_FullDARNet_Domain/ssl_models_task1_AAD_MM-AAD_ssl_domain_2025-10-19-12-21-17/ssl_best_model.pt
SSL model saved with loss 0.264992
SSL Epoch 29 | SSL Loss: 0.262589 | Domain Loss: 3.106606
SSL model saved at epoch 29 with loss 0.262589 to ./exps/cross-subject/DARNet_SSL_FullDARNet_Domain/ssl_models_task1_AAD_MM-AAD_ssl_domain_2025-10-19-12-21-17/ssl_best_model.pt
SSL model saved with loss 0.262589
SSL Epoch 30 | SSL Loss: 0.260209 | Domain Loss: 3.096152
SSL model saved at epoch 30 with loss 0.260209 to ./exps/cross-subject/DARNet_SSL_FullDARNet_Domain/ssl_models_task1_AAD_MM-AAD_ssl_domain_2025-10-19-12-21-17/ssl_best_model.pt
SSL model saved with loss 0.260209
==================================================
SSL Pre-training completed. Best loss: 0.260209
==================================================
train_data_shape(164500, 32, 256),val_data_shape(32900, 32, 256)
🔄 Loading SSL pre-trained weights from: ./exps/cross-subject/DARNet_SSL_FullDARNet_Domain/ssl_models_task1_AAD_MM-AAD_ssl_domain_2025-10-19-12-21-17/ssl_best_model.pt
📋 Available keys in SSL checkpoint: 73 total
  - subject_discriminator.classifier.0.weight: torch.Size([256, 8])
  - subject_discriminator.classifier.0.bias: torch.Size([256])
  - subject_discriminator.classifier.3.weight: torch.Size([128, 256])
  - subject_discriminator.classifier.3.bias: torch.Size([128])
  - subject_discriminator.classifier.6.weight: torch.Size([30, 128])
  - subject_discriminator.classifier.6.bias: torch.Size([30])
  - token_embedding.embed_layer.0.weight: torch.Size([64, 1, 1, 8])
  - token_embedding.embed_layer.0.bias: torch.Size([64])
  - token_embedding.embed_layer.1.weight: torch.Size([64])
  - token_embedding.embed_layer.1.bias: torch.Size([64])
  - token_embedding.embed_layer.1.running_mean: torch.Size([64])
  - token_embedding.embed_layer.1.running_var: torch.Size([64])
  - token_embedding.embed_layer.1.num_batches_tracked: torch.Size([])
  - token_embedding.embed_layer2.0.weight: torch.Size([16, 64, 32, 1])
  - token_embedding.embed_layer2.0.bias: torch.Size([16])
  - token_embedding.embed_layer2.1.weight: torch.Size([16])
  - token_embedding.embed_layer2.1.bias: torch.Size([16])
  - token_embedding.embed_layer2.1.running_mean: torch.Size([16])
  - token_embedding.embed_layer2.1.running_var: torch.Size([16])
  - token_embedding.embed_layer2.1.num_batches_tracked: torch.Size([])
  - token_embedding.position_embedding.pe: torch.Size([1, 5000, 16])
  - ssl_decoder.expand.0.weight: torch.Size([64, 8])
  - ssl_decoder.expand.0.bias: torch.Size([64])
  - ssl_decoder.expand.3.weight: torch.Size([256, 64])
  - ssl_decoder.expand.3.bias: torch.Size([256])
  - ssl_decoder.feature_projection.weight: torch.Size([2048, 256])
  - ssl_decoder.feature_projection.bias: torch.Size([2048])
  - ssl_decoder.upconv1.weight: torch.Size([32, 64, 4])
  - ssl_decoder.upconv1.bias: torch.Size([64])
  - ssl_decoder.bn1.weight: torch.Size([64])
  - ssl_decoder.bn1.bias: torch.Size([64])
  - ssl_decoder.bn1.running_mean: torch.Size([64])
  - ssl_decoder.bn1.running_var: torch.Size([64])
  - ssl_decoder.bn1.num_batches_tracked: torch.Size([])
  - ssl_decoder.upconv2.weight: torch.Size([64, 32, 4])
  - ssl_decoder.upconv2.bias: torch.Size([32])
  - ssl_decoder.bn2.weight: torch.Size([32])
  - ssl_decoder.bn2.bias: torch.Size([32])
  - ssl_decoder.bn2.running_mean: torch.Size([32])
  - ssl_decoder.bn2.running_var: torch.Size([32])
  - ssl_decoder.bn2.num_batches_tracked: torch.Size([])
  - ssl_decoder.final_conv.weight: torch.Size([32, 32, 3])
  - ssl_decoder.final_conv.bias: torch.Size([32])
  - out.weight: torch.Size([2, 8])
  - out.bias: torch.Size([2])
  - stack1.attention.attention_layer.key.weight: torch.Size([16, 16])
  - stack1.attention.attention_layer.value.weight: torch.Size([16, 16])
  - stack1.attention.attention_layer.query.weight: torch.Size([16, 16])
  - stack1.attention.attention_layer.to_out.weight: torch.Size([16])
  - stack1.attention.attention_layer.to_out.bias: torch.Size([16])
  - stack1.conv_layer.downConv.weight: torch.Size([16, 16, 3])
  - stack1.conv_layer.downConv.bias: torch.Size([16])
  - stack1.conv_layer.norm.weight: torch.Size([16])
  - stack1.conv_layer.norm.bias: torch.Size([16])
  - stack1.conv_layer.norm.running_mean: torch.Size([16])
  - stack1.conv_layer.norm.running_var: torch.Size([16])
  - stack1.conv_layer.norm.num_batches_tracked: torch.Size([])
  - stack1.out.weight: torch.Size([4, 16])
  - stack1.out.bias: torch.Size([4])
  - stack2.attention.attention_layer.key.weight: torch.Size([16, 16])
  - stack2.attention.attention_layer.value.weight: torch.Size([16, 16])
  - stack2.attention.attention_layer.query.weight: torch.Size([16, 16])
  - stack2.attention.attention_layer.to_out.weight: torch.Size([16])
  - stack2.attention.attention_layer.to_out.bias: torch.Size([16])
  - stack2.conv_layer.downConv.weight: torch.Size([16, 16, 3])
  - stack2.conv_layer.downConv.bias: torch.Size([16])
  - stack2.conv_layer.norm.weight: torch.Size([16])
  - stack2.conv_layer.norm.bias: torch.Size([16])
  - stack2.conv_layer.norm.running_mean: torch.Size([16])
  - stack2.conv_layer.norm.running_var: torch.Size([16])
  - stack2.conv_layer.norm.num_batches_tracked: torch.Size([])
  - stack2.out.weight: torch.Size([4, 16])
  - stack2.out.bias: torch.Size([4])
🎯 SSL approach detected: full_darnet
  ❌ Skipping: subject_discriminator.classifier.0.weight (decoder component)
  ❌ Skipping: subject_discriminator.classifier.0.bias (decoder component)
  ❌ Skipping: subject_discriminator.classifier.3.weight (decoder component)
  ❌ Skipping: subject_discriminator.classifier.3.bias (decoder component)
  ❌ Skipping: subject_discriminator.classifier.6.weight (decoder component)
  ❌ Skipping: subject_discriminator.classifier.6.bias (decoder component)
  ✅ Loading: token_embedding.embed_layer.0.weight -> torch.Size([64, 1, 1, 8])
  ✅ Loading: token_embedding.embed_layer.0.bias -> torch.Size([64])
  ✅ Loading: token_embedding.embed_layer.1.weight -> torch.Size([64])
  ✅ Loading: token_embedding.embed_layer.1.bias -> torch.Size([64])
  ✅ Loading: token_embedding.embed_layer.1.running_mean -> torch.Size([64])
  ✅ Loading: token_embedding.embed_layer.1.running_var -> torch.Size([64])
  ✅ Loading: token_embedding.embed_layer.1.num_batches_tracked -> torch.Size([])
  ✅ Loading: token_embedding.embed_layer2.0.weight -> torch.Size([16, 64, 32, 1])
  ✅ Loading: token_embedding.embed_layer2.0.bias -> torch.Size([16])
  ✅ Loading: token_embedding.embed_layer2.1.weight -> torch.Size([16])
  ✅ Loading: token_embedding.embed_layer2.1.bias -> torch.Size([16])
  ✅ Loading: token_embedding.embed_layer2.1.running_mean -> torch.Size([16])
  ✅ Loading: token_embedding.embed_layer2.1.running_var -> torch.Size([16])
  ✅ Loading: token_embedding.embed_layer2.1.num_batches_tracked -> torch.Size([])
  ✅ Loading: token_embedding.position_embedding.pe -> torch.Size([1, 5000, 16])
  ❌ Skipping: ssl_decoder.expand.0.weight (decoder component)
  ❌ Skipping: ssl_decoder.expand.0.bias (decoder component)
  ❌ Skipping: ssl_decoder.expand.3.weight (decoder component)
  ❌ Skipping: ssl_decoder.expand.3.bias (decoder component)
  ❌ Skipping: ssl_decoder.feature_projection.weight (decoder component)
  ❌ Skipping: ssl_decoder.feature_projection.bias (decoder component)
  ❌ Skipping: ssl_decoder.upconv1.weight (decoder component)
  ❌ Skipping: ssl_decoder.upconv1.bias (decoder component)
  ❌ Skipping: ssl_decoder.bn1.weight (decoder component)
  ❌ Skipping: ssl_decoder.bn1.bias (decoder component)
  ❌ Skipping: ssl_decoder.bn1.running_mean (decoder component)
  ❌ Skipping: ssl_decoder.bn1.running_var (decoder component)
  ❌ Skipping: ssl_decoder.bn1.num_batches_tracked (decoder component)
  ❌ Skipping: ssl_decoder.upconv2.weight (decoder component)
  ❌ Skipping: ssl_decoder.upconv2.bias (decoder component)
  ❌ Skipping: ssl_decoder.bn2.weight (decoder component)
  ❌ Skipping: ssl_decoder.bn2.bias (decoder component)
  ❌ Skipping: ssl_decoder.bn2.running_mean (decoder component)
  ❌ Skipping: ssl_decoder.bn2.running_var (decoder component)
  ❌ Skipping: ssl_decoder.bn2.num_batches_tracked (decoder component)
  ❌ Skipping: ssl_decoder.final_conv.weight (decoder component)
  ❌ Skipping: ssl_decoder.final_conv.bias (decoder component)
  ❌ Skipping: out.weight (decoder component)
  ❌ Skipping: out.bias (decoder component)
  ✅ Loading: stack1.attention.attention_layer.key.weight -> torch.Size([16, 16])
  ✅ Loading: stack1.attention.attention_layer.value.weight -> torch.Size([16, 16])
  ✅ Loading: stack1.attention.attention_layer.query.weight -> torch.Size([16, 16])
  ✅ Loading: stack1.attention.attention_layer.to_out.weight -> torch.Size([16])
  ✅ Loading: stack1.attention.attention_layer.to_out.bias -> torch.Size([16])
  ✅ Loading: stack1.conv_layer.downConv.weight -> torch.Size([16, 16, 3])
  ✅ Loading: stack1.conv_layer.downConv.bias -> torch.Size([16])
  ✅ Loading: stack1.conv_layer.norm.weight -> torch.Size([16])
  ✅ Loading: stack1.conv_layer.norm.bias -> torch.Size([16])
  ✅ Loading: stack1.conv_layer.norm.running_mean -> torch.Size([16])
  ✅ Loading: stack1.conv_layer.norm.running_var -> torch.Size([16])
  ✅ Loading: stack1.conv_layer.norm.num_batches_tracked -> torch.Size([])
  ✅ Loading: stack1.out.weight -> torch.Size([4, 16])
  ✅ Loading: stack1.out.bias -> torch.Size([4])
  ✅ Loading: stack2.attention.attention_layer.key.weight -> torch.Size([16, 16])
  ✅ Loading: stack2.attention.attention_layer.value.weight -> torch.Size([16, 16])
  ✅ Loading: stack2.attention.attention_layer.query.weight -> torch.Size([16, 16])
  ✅ Loading: stack2.attention.attention_layer.to_out.weight -> torch.Size([16])
  ✅ Loading: stack2.attention.attention_layer.to_out.bias -> torch.Size([16])
  ✅ Loading: stack2.conv_layer.downConv.weight -> torch.Size([16, 16, 3])
  ✅ Loading: stack2.conv_layer.downConv.bias -> torch.Size([16])
  ✅ Loading: stack2.conv_layer.norm.weight -> torch.Size([16])
  ✅ Loading: stack2.conv_layer.norm.bias -> torch.Size([16])
  ✅ Loading: stack2.conv_layer.norm.running_mean -> torch.Size([16])
  ✅ Loading: stack2.conv_layer.norm.running_var -> torch.Size([16])
  ✅ Loading: stack2.conv_layer.norm.num_batches_tracked -> torch.Size([])
  ✅ Loading: stack2.out.weight -> torch.Size([4, 16])
  ✅ Loading: stack2.out.bias -> torch.Size([4])
🔧 Loading 43 encoder components into fine-tuning model...
⚠️  Missing keys (newly initialized): ['subject_discriminator.classifier.0.weight', 'subject_discriminator.classifier.0.bias', 'subject_discriminator.classifier.3.weight', 'subject_discriminator.classifier.3.bias', 'subject_discriminator.classifier.6.weight', 'subject_discriminator.classifier.6.bias', 'ssl_decoder.expand.0.weight', 'ssl_decoder.expand.0.bias', 'ssl_decoder.expand.3.weight', 'ssl_decoder.expand.3.bias', 'ssl_decoder.feature_projection.weight', 'ssl_decoder.feature_projection.bias', 'ssl_decoder.upconv1.weight', 'ssl_decoder.upconv1.bias', 'ssl_decoder.bn1.weight', 'ssl_decoder.bn1.bias', 'ssl_decoder.bn1.running_mean', 'ssl_decoder.bn1.running_var', 'ssl_decoder.upconv2.weight', 'ssl_decoder.upconv2.bias', 'ssl_decoder.bn2.weight', 'ssl_decoder.bn2.bias', 'ssl_decoder.bn2.running_mean', 'ssl_decoder.bn2.running_var', 'ssl_decoder.final_conv.weight', 'ssl_decoder.final_conv.bias', 'out.weight', 'out.bias']
✅ Successfully loaded SSL pre-trained weights!
🎯 SSL decoder removed, feature classifier ready for fine-tuning
==================================================
Starting Fine-tuning
==================================================
=================================================================
Layer (type:depth-idx)                   Param #
=================================================================
DARNet                                   --
├─GradientReversalLayer: 1-1             --
├─SubjectDiscriminator: 1-2              --
│    └─Sequential: 2-1                   --
│    │    └─Linear: 3-1                  2,304
│    │    └─ReLU: 3-2                    --
│    │    └─Dropout: 3-3                 --
│    │    └─Linear: 3-4                  32,896
│    │    └─ReLU: 3-5                    --
│    │    └─Dropout: 3-6                 --
│    │    └─Linear: 3-7                  3,870
├─TokenEmbeddingOriginal: 1-3            --
│    └─Sequential: 2-2                   --
│    │    └─Conv2d: 3-8                  576
│    │    └─BatchNorm2d: 3-9             128
│    │    └─GELU: 3-10                   --
│    └─Sequential: 2-3                   --
│    │    └─Conv2d: 3-11                 32,784
│    │    └─BatchNorm2d: 3-12            32
│    │    └─GELU: 3-13                   --
│    └─PositionalEmbedding: 2-4          --
├─EEGFullDARNetDecoder: 1-4              --
│    └─Sequential: 2-5                   --
│    │    └─Linear: 3-14                 576
│    │    └─ReLU: 3-15                   --
│    │    └─Dropout: 3-16                --
│    │    └─Linear: 3-17                 16,640
│    │    └─ReLU: 3-18                   --
│    │    └─Dropout: 3-19                --
│    └─Linear: 2-6                       526,336
│    └─ConvTranspose1d: 2-7              8,256
│    └─BatchNorm1d: 2-8                  128
│    └─ConvTranspose1d: 2-9              8,224
│    └─BatchNorm1d: 2-10                 64
│    └─Conv1d: 2-11                      3,104
│    └─ReLU: 2-12                        --
│    └─Dropout: 2-13                     --
├─Flatten: 1-5                           --
├─Linear: 1-6                            18
├─AttnRefine: 1-7                        --
│    └─MyAttention: 2-14                 --
│    │    └─Attention: 3-20              800
│    └─Refine: 2-15                      --
│    │    └─Conv1d: 3-21                 784
│    │    └─BatchNorm1d: 3-22            32
│    │    └─ELU: 3-23                    --
│    │    └─MaxPool1d: 3-24              --
│    └─AdaptiveAvgPool1d: 2-16           --
│    └─Linear: 2-17                      68
│    └─Flatten: 2-18                     --
├─AttnRefine: 1-8                        --
│    └─MyAttention: 2-19                 --
│    │    └─Attention: 3-25              800
│    └─Refine: 2-20                      --
│    │    └─Conv1d: 3-26                 784
│    │    └─BatchNorm1d: 3-27            32
│    │    └─ELU: 3-28                    --
│    │    └─MaxPool1d: 3-29              --
│    └─AdaptiveAvgPool1d: 2-21           --
│    └─Linear: 2-22                      68
│    └─Flatten: 2-23                     --
=================================================================
Total params: 639,304
Trainable params: 639,304
Non-trainable params: 0
=================================================================
TestSub: S[16, 17, 18, 19, 20] Epoch  1 Finsh | Now_lr 0.0005/0.0005 | Lambda 0.0050 | Train Loss 0.5331 | Domain Loss 3.1559 | Valid Loss 1.3532 | Train Acc 69.9088| Valid Acc 51.8422
Validation acc increase (0.000000 --> 51.842169) in epoch (1).  Saving model ...
TestSub: S[16, 17, 18, 19, 20] Epoch  2 Finsh | Now_lr 0.0005/0.0005 | Lambda 0.0100 | Train Loss 0.3742 | Domain Loss 3.0291 | Valid Loss 1.6480 | Train Acc 82.1243| Valid Acc 50.1246
TestSub: S[16, 17, 18, 19, 20] Epoch  3 Finsh | Now_lr 0.0005/0.0005 | Lambda 0.0149 | Train Loss 0.3049 | Domain Loss 3.0415 | Valid Loss 1.7960 | Train Acc 86.4287| Valid Acc 47.1577
TestSub: S[16, 17, 18, 19, 20] Epoch  4 Finsh | Now_lr 0.0005/0.0005 | Lambda 0.0197 | Train Loss 0.2401 | Domain Loss 3.0417 | Valid Loss 1.9422 | Train Acc 89.8200| Valid Acc 48.1670
TestSub: S[16, 17, 18, 19, 20] Epoch  5 Finsh | Now_lr 0.0005/0.0005 | Lambda 0.0245 | Train Loss 0.1860 | Domain Loss 3.0559 | Valid Loss 2.0552 | Train Acc 92.4368| Valid Acc 51.9668
Validation acc increase (51.842169 --> 51.966804) in epoch (5).  Saving model ...
TestSub: S[16, 17, 18, 19, 20] Epoch  6 Finsh | Now_lr 0.0005/0.0005 | Lambda 0.0291 | Train Loss 0.1455 | Domain Loss 3.0628 | Valid Loss 2.1510 | Train Acc 94.3063| Valid Acc 49.5136
TestSub: S[16, 17, 18, 19, 20] Epoch  7 Finsh | Now_lr 0.0005/0.0005 | Lambda 0.0336 | Train Loss 0.1200 | Domain Loss 3.0689 | Valid Loss 2.3695 | Train Acc 95.3532| Valid Acc 50.5533
TestSub: S[16, 17, 18, 19, 20] Epoch  8 Finsh | Now_lr 0.0005/0.0005 | Lambda 0.0380 | Train Loss 0.1018 | Domain Loss 3.0859 | Valid Loss 2.2737 | Train Acc 96.1527| Valid Acc 50.4073
TestSub: S[16, 17, 18, 19, 20] Epoch  9 Finsh | Now_lr 0.0005/0.0005 | Lambda 0.0422 | Train Loss 0.0880 | Domain Loss 3.0969 | Valid Loss 2.4642 | Train Acc 96.7096| Valid Acc 50.1642
TestSub: S[16, 17, 18, 19, 20] Epoch 10 Finsh | Now_lr 0.0005/0.0005 | Lambda 0.0462 | Train Loss 0.0790 | Domain Loss 3.1318 | Valid Loss 2.5096 | Train Acc 97.0835| Valid Acc 51.1369
TestSub: S[16, 17, 18, 19, 20] Epoch 11 Finsh | Now_lr 0.0005/0.0005 | Lambda 0.0501 | Train Loss 0.0700 | Domain Loss 3.1351 | Valid Loss 2.8560 | Train Acc 97.3973| Valid Acc 49.2522
TestSub: S[16, 17, 18, 19, 20] Epoch 12 Finsh | Now_lr 0.0005/0.0005 | Lambda 0.0537 | Train Loss 0.0634 | Domain Loss 3.1431 | Valid Loss 2.7935 | Train Acc 97.7073| Valid Acc 49.2978
TestSub: S[16, 17, 18, 19, 20] Epoch 13 Finsh | Now_lr 0.0005/0.0005 | Lambda 0.0572 | Train Loss 0.0570 | Domain Loss 3.1632 | Valid Loss 3.0974 | Train Acc 97.9007| Valid Acc 50.6657
TestSub: S[16, 17, 18, 19, 20] Epoch 14 Finsh | Now_lr 0.0005/0.0005 | Lambda 0.0604 | Train Loss 0.0540 | Domain Loss 3.1618 | Valid Loss 2.9121 | Train Acc 98.1080| Valid Acc 48.7354
TestSub: S[16, 17, 18, 19, 20] Epoch 15 Finsh | Now_lr 0.0005/0.0005 | Lambda 0.0635 | Train Loss 0.0494 | Domain Loss 3.1725 | Valid Loss 3.2094 | Train Acc 98.2405| Valid Acc 50.2341
TestSub: S[16, 17, 18, 19, 20] Epoch 16 Finsh | Now_lr 0.0005/0.0005 | Lambda 0.0664 | Train Loss 0.0458 | Domain Loss 3.1669 | Valid Loss 2.9608 | Train Acc 98.3791| Valid Acc 51.6841
TestSub: S[16, 17, 18, 19, 20] Epoch 17 Finsh | Now_lr 0.0005/0.0005 | Lambda 0.0691 | Train Loss 0.0433 | Domain Loss 3.1647 | Valid Loss 3.1072 | Train Acc 98.4424| Valid Acc 49.1549
TestSub: S[16, 17, 18, 19, 20] Epoch 18 Finsh | Now_lr 0.0005/0.0005 | Lambda 0.0716 | Train Loss 0.0413 | Domain Loss 3.1702 | Valid Loss 3.2541 | Train Acc 98.5050| Valid Acc 49.8024
TestSub: S[16, 17, 18, 19, 20] Epoch 19 Finsh | Now_lr 0.0005/0.0005 | Lambda 0.0740 | Train Loss 0.0392 | Domain Loss 3.1706 | Valid Loss 3.2732 | Train Acc 98.6223| Valid Acc 50.0669
TestSub: S[16, 17, 18, 19, 20] Epoch 20 Finsh | Now_lr 0.0005/0.0005 | Lambda 0.0762 | Train Loss 0.0351 | Domain Loss 3.1803 | Valid Loss 3.2628 | Train Acc 98.7968| Valid Acc 51.1916
TestSub: S[16, 17, 18, 19, 20] Epoch 21 Finsh | Now_lr 0.0005/0.0005 | Lambda 0.0782 | Train Loss 0.0343 | Domain Loss 3.1832 | Valid Loss 3.4598 | Train Acc 98.7986| Valid Acc 49.3738
TestSub: S[16, 17, 18, 19, 20] Epoch 22 Finsh | Now_lr 0.0005/0.0005 | Lambda 0.0800 | Train Loss 0.0315 | Domain Loss 3.1835 | Valid Loss 3.5034 | Train Acc 98.9026| Valid Acc 50.8025
TestSub: S[16, 17, 18, 19, 20] Epoch 23 Finsh | Now_lr 0.0005/0.0005 | Lambda 0.0818 | Train Loss 0.0315 | Domain Loss 3.1866 | Valid Loss 3.4309 | Train Acc 98.8977| Valid Acc 49.2491
TestSub: S[16, 17, 18, 19, 20] Epoch 24 Finsh | Now_lr 0.0005/0.0005 | Lambda 0.0834 | Train Loss 0.0302 | Domain Loss 3.1838 | Valid Loss 3.7212 | Train Acc 98.9531| Valid Acc 50.2280
TestSub: S[16, 17, 18, 19, 20] Epoch 25 Finsh | Now_lr 0.0005/0.0005 | Lambda 0.0848 | Train Loss 0.0289 | Domain Loss 3.1780 | Valid Loss 3.6516 | Train Acc 98.9981| Valid Acc 50.1307
TestSub: S[16, 17, 18, 19, 20] Epoch 26 Finsh | Now_lr 0.0005/0.0005 | Lambda 0.0862 | Train Loss 0.0283 | Domain Loss 3.1729 | Valid Loss 3.5695 | Train Acc 99.0473| Valid Acc 49.9453
TestSub: S[16, 17, 18, 19, 20] Epoch 27 Finsh | Now_lr 0.0005/0.0005 | Lambda 0.0874 | Train Loss 0.0261 | Domain Loss 3.1742 | Valid Loss 4.1198 | Train Acc 99.1184| Valid Acc 49.4194
TestSub: S[16, 17, 18, 19, 20] Epoch 28 Finsh | Now_lr 0.0005/0.0005 | Lambda 0.0885 | Train Loss 0.0270 | Domain Loss 3.1741 | Valid Loss 3.5895 | Train Acc 99.0838| Valid Acc 49.7994
TestSub: S[16, 17, 18, 19, 20] Epoch 29 Finsh | Now_lr 0.0005/0.0005 | Lambda 0.0896 | Train Loss 0.0254 | Domain Loss 3.1744 | Valid Loss 3.8131 | Train Acc 99.1209| Valid Acc 49.4163
TestSub: S[16, 17, 18, 19, 20] Epoch 30 Finsh | Now_lr 0.0005/0.0005 | Lambda 0.0905 | Train Loss 0.0235 | Domain Loss 3.1751 | Valid Loss 3.7201 | Train Acc 99.1981| Valid Acc 50.8846
TestSub: S[16, 17, 18, 19, 20] Epoch 31 Finsh | Now_lr 0.0005/0.0005 | Lambda 0.0914 | Train Loss 0.0238 | Domain Loss 3.1816 | Valid Loss 3.7424 | Train Acc 99.1744| Valid Acc 50.2402
TestSub: S[16, 17, 18, 19, 20] Epoch 32 Finsh | Now_lr 0.0005/0.0005 | Lambda 0.0922 | Train Loss 0.0220 | Domain Loss 3.1885 | Valid Loss 4.0280 | Train Acc 99.2467| Valid Acc 48.1335
TestSub: S[16, 17, 18, 19, 20] Epoch 33 Finsh | Now_lr 0.0005/0.0005 | Lambda 0.0929 | Train Loss 0.0231 | Domain Loss 3.1929 | Valid Loss 3.9402 | Train Acc 99.2151| Valid Acc 48.7445
TestSub: S[16, 17, 18, 19, 20] Epoch 34 Finsh | Now_lr 0.0005/0.0005 | Lambda 0.0935 | Train Loss 0.0216 | Domain Loss 3.1872 | Valid Loss 3.8032 | Train Acc 99.2650| Valid Acc 50.4894
TestSub: S[16, 17, 18, 19, 20] Epoch 35 Finsh | Now_lr 0.0005/0.0005 | Lambda 0.0941 | Train Loss 0.0203 | Domain Loss 3.1895 | Valid Loss 3.8269 | Train Acc 99.3251| Valid Acc 48.3281
Early stopping triggered after 35 epochs (30 epochs without improvement)
--------------------------------------------------
Test_Subject :S[16, 17, 18, 19, 20] |Best epoch:5 | Test Loss:2.0552 | Best Acc 51.9668 | Savemodel Acc 51.9668
--------------------------------------------------

========== Fold 5 ==========
Train IDs: [1, 2, 3, 4, 5, 6, 7, 8, 9, 10, 11, 12, 13, 14, 15, 16, 17, 18, 19, 20, 26, 27, 28, 29, 30]
Val IDs:   [21, 22, 23, 24, 25]
================================================================================
SSL PRE-TRAINING PHASE WITH DOMAIN ADVERSARIAL TRAINING
================================================================================
Loading SSL data with subject IDs for subjects: [1, 2, 3, 4, 5, 6, 7, 8, 9, 10, 11, 12, 13, 14, 15, 16, 17, 18, 19, 20, 26, 27, 28, 29, 30]
Target window length: 256 time steps
Creating 256-step windows from 128-step data
Loaded subject S1: (6580, 32, 256), Subject ID: 0
Creating 256-step windows from 128-step data
Loaded subject S2: (6580, 32, 256), Subject ID: 1
Creating 256-step windows from 128-step data
Loaded subject S3: (6580, 32, 256), Subject ID: 2
Creating 256-step windows from 128-step data
Loaded subject S4: (6580, 32, 256), Subject ID: 3
Creating 256-step windows from 128-step data
Loaded subject S5: (6580, 32, 256), Subject ID: 4
Creating 256-step windows from 128-step data
Loaded subject S6: (6580, 32, 256), Subject ID: 5
Creating 256-step windows from 128-step data
Loaded subject S7: (6580, 32, 256), Subject ID: 6
Creating 256-step windows from 128-step data
Loaded subject S8: (6580, 32, 256), Subject ID: 7
Creating 256-step windows from 128-step data
Loaded subject S9: (6580, 32, 256), Subject ID: 8
Creating 256-step windows from 128-step data
Loaded subject S10: (6580, 32, 256), Subject ID: 9
Creating 256-step windows from 128-step data
Loaded subject S11: (6580, 32, 256), Subject ID: 10
Creating 256-step windows from 128-step data
Loaded subject S12: (6580, 32, 256), Subject ID: 11
Creating 256-step windows from 128-step data
Loaded subject S13: (6580, 32, 256), Subject ID: 12
Creating 256-step windows from 128-step data
Loaded subject S14: (6580, 32, 256), Subject ID: 13
Creating 256-step windows from 128-step data
Loaded subject S15: (6580, 32, 256), Subject ID: 14
Creating 256-step windows from 128-step data
Loaded subject S16: (6580, 32, 256), Subject ID: 15
Creating 256-step windows from 128-step data
Loaded subject S17: (6580, 32, 256), Subject ID: 16
Creating 256-step windows from 128-step data
Loaded subject S18: (6580, 32, 256), Subject ID: 17
Creating 256-step windows from 128-step data
Loaded subject S19: (6580, 32, 256), Subject ID: 18
Creating 256-step windows from 128-step data
Loaded subject S20: (6580, 32, 256), Subject ID: 19
Creating 256-step windows from 128-step data
Loaded subject S26: (6580, 32, 256), Subject ID: 25
Creating 256-step windows from 128-step data
Loaded subject S27: (6580, 32, 256), Subject ID: 26
Creating 256-step windows from 128-step data
Loaded subject S28: (6580, 32, 256), Subject ID: 27
Creating 256-step windows from 128-step data
Loaded subject S29: (6580, 32, 256), Subject ID: 28
Creating 256-step windows from 128-step data
Loaded subject S30: (6580, 32, 256), Subject ID: 29
Total SSL data shape: (164500, 32, 256)
Total subject IDs: 164500
🏗️  SSL Model Architecture:
   - SSL Enabled: True
   - SSL Approach: full_darnet
   - Domain Adversarial: True
   - Training Mode: ssl
   - Decoder Type: EEGFullDARNetDecoder
   - Encoder parameters: 36,888
   - Decoder parameters: 563,328
   - Domain discriminator parameters: 39,070
   - Total parameters: 639,304
   - Decoder/Total ratio: 88.1%
==================================================
Starting SSL Pre-training with Domain Adversarial Training
==================================================
=================================================================
Layer (type:depth-idx)                   Param #
=================================================================
DARNet                                   --
├─GradientReversalLayer: 1-1             --
├─SubjectDiscriminator: 1-2              --
│    └─Sequential: 2-1                   --
│    │    └─Linear: 3-1                  2,304
│    │    └─ReLU: 3-2                    --
│    │    └─Dropout: 3-3                 --
│    │    └─Linear: 3-4                  32,896
│    │    └─ReLU: 3-5                    --
│    │    └─Dropout: 3-6                 --
│    │    └─Linear: 3-7                  3,870
├─TokenEmbeddingOriginal: 1-3            --
│    └─Sequential: 2-2                   --
│    │    └─Conv2d: 3-8                  576
│    │    └─BatchNorm2d: 3-9             128
│    │    └─GELU: 3-10                   --
│    └─Sequential: 2-3                   --
│    │    └─Conv2d: 3-11                 32,784
│    │    └─BatchNorm2d: 3-12            32
│    │    └─GELU: 3-13                   --
│    └─PositionalEmbedding: 2-4          --
├─EEGFullDARNetDecoder: 1-4              --
│    └─Sequential: 2-5                   --
│    │    └─Linear: 3-14                 576
│    │    └─ReLU: 3-15                   --
│    │    └─Dropout: 3-16                --
│    │    └─Linear: 3-17                 16,640
│    │    └─ReLU: 3-18                   --
│    │    └─Dropout: 3-19                --
│    └─Linear: 2-6                       526,336
│    └─ConvTranspose1d: 2-7              8,256
│    └─BatchNorm1d: 2-8                  128
│    └─ConvTranspose1d: 2-9              8,224
│    └─BatchNorm1d: 2-10                 64
│    └─Conv1d: 2-11                      3,104
│    └─ReLU: 2-12                        --
│    └─Dropout: 2-13                     --
├─Flatten: 1-5                           --
├─Linear: 1-6                            18
├─AttnRefine: 1-7                        --
│    └─MyAttention: 2-14                 --
│    │    └─Attention: 3-20              800
│    └─Refine: 2-15                      --
│    │    └─Conv1d: 3-21                 784
│    │    └─BatchNorm1d: 3-22            32
│    │    └─ELU: 3-23                    --
│    │    └─MaxPool1d: 3-24              --
│    └─AdaptiveAvgPool1d: 2-16           --
│    └─Linear: 2-17                      68
│    └─Flatten: 2-18                     --
├─AttnRefine: 1-8                        --
│    └─MyAttention: 2-19                 --
│    │    └─Attention: 3-25              800
│    └─Refine: 2-20                      --
│    │    └─Conv1d: 3-26                 784
│    │    └─BatchNorm1d: 3-27            32
│    │    └─ELU: 3-28                    --
│    │    └─MaxPool1d: 3-29              --
│    └─AdaptiveAvgPool1d: 2-21           --
│    └─Linear: 2-22                      68
│    └─Flatten: 2-23                     --
=================================================================
Total params: 639,304
Trainable params: 639,304
Non-trainable params: 0
=================================================================
SSL Epoch  1 | SSL Loss: 0.535699 | Domain Loss: 3.143718
SSL model saved at epoch 1 with loss 0.535699 to ./exps/cross-subject/DARNet_SSL_FullDARNet_Domain/ssl_models_task1_AAD_MM-AAD_ssl_domain_2025-10-19-12-21-17/ssl_best_model.pt
SSL model saved with loss 0.535699
SSL Epoch  2 | SSL Loss: 0.436391 | Domain Loss: 3.055074
SSL model saved at epoch 2 with loss 0.436391 to ./exps/cross-subject/DARNet_SSL_FullDARNet_Domain/ssl_models_task1_AAD_MM-AAD_ssl_domain_2025-10-19-12-21-17/ssl_best_model.pt
SSL model saved with loss 0.436391
SSL Epoch  3 | SSL Loss: 0.405633 | Domain Loss: 2.998382
SSL model saved at epoch 3 with loss 0.405633 to ./exps/cross-subject/DARNet_SSL_FullDARNet_Domain/ssl_models_task1_AAD_MM-AAD_ssl_domain_2025-10-19-12-21-17/ssl_best_model.pt
SSL model saved with loss 0.405633
SSL Epoch  4 | SSL Loss: 0.387285 | Domain Loss: 3.136247
SSL model saved at epoch 4 with loss 0.387285 to ./exps/cross-subject/DARNet_SSL_FullDARNet_Domain/ssl_models_task1_AAD_MM-AAD_ssl_domain_2025-10-19-12-21-17/ssl_best_model.pt
SSL model saved with loss 0.387285
SSL Epoch  5 | SSL Loss: 0.377492 | Domain Loss: 3.049030
SSL model saved at epoch 5 with loss 0.377492 to ./exps/cross-subject/DARNet_SSL_FullDARNet_Domain/ssl_models_task1_AAD_MM-AAD_ssl_domain_2025-10-19-12-21-17/ssl_best_model.pt
SSL model saved with loss 0.377492
SSL Epoch  6 | SSL Loss: 0.373697 | Domain Loss: 3.089065
SSL model saved at epoch 6 with loss 0.373697 to ./exps/cross-subject/DARNet_SSL_FullDARNet_Domain/ssl_models_task1_AAD_MM-AAD_ssl_domain_2025-10-19-12-21-17/ssl_best_model.pt
SSL model saved with loss 0.373697
SSL Epoch  7 | SSL Loss: 0.366829 | Domain Loss: 3.118763
SSL model saved at epoch 7 with loss 0.366829 to ./exps/cross-subject/DARNet_SSL_FullDARNet_Domain/ssl_models_task1_AAD_MM-AAD_ssl_domain_2025-10-19-12-21-17/ssl_best_model.pt
SSL model saved with loss 0.366829
SSL Epoch  8 | SSL Loss: 0.354418 | Domain Loss: 3.042720
SSL model saved at epoch 8 with loss 0.354418 to ./exps/cross-subject/DARNet_SSL_FullDARNet_Domain/ssl_models_task1_AAD_MM-AAD_ssl_domain_2025-10-19-12-21-17/ssl_best_model.pt
SSL model saved with loss 0.354418
SSL Epoch  9 | SSL Loss: 0.348905 | Domain Loss: 3.093726
SSL model saved at epoch 9 with loss 0.348905 to ./exps/cross-subject/DARNet_SSL_FullDARNet_Domain/ssl_models_task1_AAD_MM-AAD_ssl_domain_2025-10-19-12-21-17/ssl_best_model.pt
SSL model saved with loss 0.348905
SSL Epoch 10 | SSL Loss: 0.344728 | Domain Loss: 3.131724
SSL model saved at epoch 10 with loss 0.344728 to ./exps/cross-subject/DARNet_SSL_FullDARNet_Domain/ssl_models_task1_AAD_MM-AAD_ssl_domain_2025-10-19-12-21-17/ssl_best_model.pt
SSL model saved with loss 0.344728
SSL Epoch 11 | SSL Loss: 0.337143 | Domain Loss: 3.082421
SSL model saved at epoch 11 with loss 0.337143 to ./exps/cross-subject/DARNet_SSL_FullDARNet_Domain/ssl_models_task1_AAD_MM-AAD_ssl_domain_2025-10-19-12-21-17/ssl_best_model.pt
SSL model saved with loss 0.337143
SSL Epoch 12 | SSL Loss: 0.331650 | Domain Loss: 3.080357
SSL model saved at epoch 12 with loss 0.331650 to ./exps/cross-subject/DARNet_SSL_FullDARNet_Domain/ssl_models_task1_AAD_MM-AAD_ssl_domain_2025-10-19-12-21-17/ssl_best_model.pt
SSL model saved with loss 0.331650
SSL Epoch 13 | SSL Loss: 0.326633 | Domain Loss: 3.083456
SSL model saved at epoch 13 with loss 0.326633 to ./exps/cross-subject/DARNet_SSL_FullDARNet_Domain/ssl_models_task1_AAD_MM-AAD_ssl_domain_2025-10-19-12-21-17/ssl_best_model.pt
SSL model saved with loss 0.326633
SSL Epoch 14 | SSL Loss: 0.321042 | Domain Loss: 3.086953
SSL model saved at epoch 14 with loss 0.321042 to ./exps/cross-subject/DARNet_SSL_FullDARNet_Domain/ssl_models_task1_AAD_MM-AAD_ssl_domain_2025-10-19-12-21-17/ssl_best_model.pt
SSL model saved with loss 0.321042
SSL Epoch 15 | SSL Loss: 0.314358 | Domain Loss: 3.090692
SSL model saved at epoch 15 with loss 0.314358 to ./exps/cross-subject/DARNet_SSL_FullDARNet_Domain/ssl_models_task1_AAD_MM-AAD_ssl_domain_2025-10-19-12-21-17/ssl_best_model.pt
SSL model saved with loss 0.314358
SSL Epoch 16 | SSL Loss: 0.309198 | Domain Loss: 3.084055
SSL model saved at epoch 16 with loss 0.309198 to ./exps/cross-subject/DARNet_SSL_FullDARNet_Domain/ssl_models_task1_AAD_MM-AAD_ssl_domain_2025-10-19-12-21-17/ssl_best_model.pt
SSL model saved with loss 0.309198
SSL Epoch 17 | SSL Loss: 0.301682 | Domain Loss: 3.054958
SSL model saved at epoch 17 with loss 0.301682 to ./exps/cross-subject/DARNet_SSL_FullDARNet_Domain/ssl_models_task1_AAD_MM-AAD_ssl_domain_2025-10-19-12-21-17/ssl_best_model.pt
SSL model saved with loss 0.301682
SSL Epoch 18 | SSL Loss: 0.294542 | Domain Loss: 3.072137
SSL model saved at epoch 18 with loss 0.294542 to ./exps/cross-subject/DARNet_SSL_FullDARNet_Domain/ssl_models_task1_AAD_MM-AAD_ssl_domain_2025-10-19-12-21-17/ssl_best_model.pt
SSL model saved with loss 0.294542
SSL Epoch 19 | SSL Loss: 0.287396 | Domain Loss: 3.086293
SSL model saved at epoch 19 with loss 0.287396 to ./exps/cross-subject/DARNet_SSL_FullDARNet_Domain/ssl_models_task1_AAD_MM-AAD_ssl_domain_2025-10-19-12-21-17/ssl_best_model.pt
SSL model saved with loss 0.287396
SSL Epoch 20 | SSL Loss: 0.281636 | Domain Loss: 3.105549
SSL model saved at epoch 20 with loss 0.281636 to ./exps/cross-subject/DARNet_SSL_FullDARNet_Domain/ssl_models_task1_AAD_MM-AAD_ssl_domain_2025-10-19-12-21-17/ssl_best_model.pt
SSL model saved with loss 0.281636
SSL Epoch 21 | SSL Loss: 0.277481 | Domain Loss: 3.108549
SSL model saved at epoch 21 with loss 0.277481 to ./exps/cross-subject/DARNet_SSL_FullDARNet_Domain/ssl_models_task1_AAD_MM-AAD_ssl_domain_2025-10-19-12-21-17/ssl_best_model.pt
SSL model saved with loss 0.277481
SSL Epoch 22 | SSL Loss: 0.274148 | Domain Loss: 3.103769
SSL model saved at epoch 22 with loss 0.274148 to ./exps/cross-subject/DARNet_SSL_FullDARNet_Domain/ssl_models_task1_AAD_MM-AAD_ssl_domain_2025-10-19-12-21-17/ssl_best_model.pt
SSL model saved with loss 0.274148
SSL Epoch 23 | SSL Loss: 0.270706 | Domain Loss: 3.095017
SSL model saved at epoch 23 with loss 0.270706 to ./exps/cross-subject/DARNet_SSL_FullDARNet_Domain/ssl_models_task1_AAD_MM-AAD_ssl_domain_2025-10-19-12-21-17/ssl_best_model.pt
SSL model saved with loss 0.270706
SSL Epoch 24 | SSL Loss: 0.267501 | Domain Loss: 3.085034
SSL model saved at epoch 24 with loss 0.267501 to ./exps/cross-subject/DARNet_SSL_FullDARNet_Domain/ssl_models_task1_AAD_MM-AAD_ssl_domain_2025-10-19-12-21-17/ssl_best_model.pt
SSL model saved with loss 0.267501
SSL Epoch 25 | SSL Loss: 0.265084 | Domain Loss: 3.073107
SSL model saved at epoch 25 with loss 0.265084 to ./exps/cross-subject/DARNet_SSL_FullDARNet_Domain/ssl_models_task1_AAD_MM-AAD_ssl_domain_2025-10-19-12-21-17/ssl_best_model.pt
SSL model saved with loss 0.265084
SSL Epoch 26 | SSL Loss: 0.263480 | Domain Loss: 3.060689
SSL model saved at epoch 26 with loss 0.263480 to ./exps/cross-subject/DARNet_SSL_FullDARNet_Domain/ssl_models_task1_AAD_MM-AAD_ssl_domain_2025-10-19-12-21-17/ssl_best_model.pt
SSL model saved with loss 0.263480
SSL Epoch 27 | SSL Loss: 0.261453 | Domain Loss: 3.050717
SSL model saved at epoch 27 with loss 0.261453 to ./exps/cross-subject/DARNet_SSL_FullDARNet_Domain/ssl_models_task1_AAD_MM-AAD_ssl_domain_2025-10-19-12-21-17/ssl_best_model.pt
SSL model saved with loss 0.261453
SSL Epoch 28 | SSL Loss: 0.259789 | Domain Loss: 3.043371
SSL model saved at epoch 28 with loss 0.259789 to ./exps/cross-subject/DARNet_SSL_FullDARNet_Domain/ssl_models_task1_AAD_MM-AAD_ssl_domain_2025-10-19-12-21-17/ssl_best_model.pt
SSL model saved with loss 0.259789
SSL Epoch 29 | SSL Loss: 0.258619 | Domain Loss: 3.038215
SSL model saved at epoch 29 with loss 0.258619 to ./exps/cross-subject/DARNet_SSL_FullDARNet_Domain/ssl_models_task1_AAD_MM-AAD_ssl_domain_2025-10-19-12-21-17/ssl_best_model.pt
SSL model saved with loss 0.258619
SSL Epoch 30 | SSL Loss: 0.257425 | Domain Loss: 3.035835
SSL model saved at epoch 30 with loss 0.257425 to ./exps/cross-subject/DARNet_SSL_FullDARNet_Domain/ssl_models_task1_AAD_MM-AAD_ssl_domain_2025-10-19-12-21-17/ssl_best_model.pt
SSL model saved with loss 0.257425
==================================================
SSL Pre-training completed. Best loss: 0.257425
==================================================
train_data_shape(164500, 32, 256),val_data_shape(32900, 32, 256)
🔄 Loading SSL pre-trained weights from: ./exps/cross-subject/DARNet_SSL_FullDARNet_Domain/ssl_models_task1_AAD_MM-AAD_ssl_domain_2025-10-19-12-21-17/ssl_best_model.pt
📋 Available keys in SSL checkpoint: 73 total
  - subject_discriminator.classifier.0.weight: torch.Size([256, 8])
  - subject_discriminator.classifier.0.bias: torch.Size([256])
  - subject_discriminator.classifier.3.weight: torch.Size([128, 256])
  - subject_discriminator.classifier.3.bias: torch.Size([128])
  - subject_discriminator.classifier.6.weight: torch.Size([30, 128])
  - subject_discriminator.classifier.6.bias: torch.Size([30])
  - token_embedding.embed_layer.0.weight: torch.Size([64, 1, 1, 8])
  - token_embedding.embed_layer.0.bias: torch.Size([64])
  - token_embedding.embed_layer.1.weight: torch.Size([64])
  - token_embedding.embed_layer.1.bias: torch.Size([64])
  - token_embedding.embed_layer.1.running_mean: torch.Size([64])
  - token_embedding.embed_layer.1.running_var: torch.Size([64])
  - token_embedding.embed_layer.1.num_batches_tracked: torch.Size([])
  - token_embedding.embed_layer2.0.weight: torch.Size([16, 64, 32, 1])
  - token_embedding.embed_layer2.0.bias: torch.Size([16])
  - token_embedding.embed_layer2.1.weight: torch.Size([16])
  - token_embedding.embed_layer2.1.bias: torch.Size([16])
  - token_embedding.embed_layer2.1.running_mean: torch.Size([16])
  - token_embedding.embed_layer2.1.running_var: torch.Size([16])
  - token_embedding.embed_layer2.1.num_batches_tracked: torch.Size([])
  - token_embedding.position_embedding.pe: torch.Size([1, 5000, 16])
  - ssl_decoder.expand.0.weight: torch.Size([64, 8])
  - ssl_decoder.expand.0.bias: torch.Size([64])
  - ssl_decoder.expand.3.weight: torch.Size([256, 64])
  - ssl_decoder.expand.3.bias: torch.Size([256])
  - ssl_decoder.feature_projection.weight: torch.Size([2048, 256])
  - ssl_decoder.feature_projection.bias: torch.Size([2048])
  - ssl_decoder.upconv1.weight: torch.Size([32, 64, 4])
  - ssl_decoder.upconv1.bias: torch.Size([64])
  - ssl_decoder.bn1.weight: torch.Size([64])
  - ssl_decoder.bn1.bias: torch.Size([64])
  - ssl_decoder.bn1.running_mean: torch.Size([64])
  - ssl_decoder.bn1.running_var: torch.Size([64])
  - ssl_decoder.bn1.num_batches_tracked: torch.Size([])
  - ssl_decoder.upconv2.weight: torch.Size([64, 32, 4])
  - ssl_decoder.upconv2.bias: torch.Size([32])
  - ssl_decoder.bn2.weight: torch.Size([32])
  - ssl_decoder.bn2.bias: torch.Size([32])
  - ssl_decoder.bn2.running_mean: torch.Size([32])
  - ssl_decoder.bn2.running_var: torch.Size([32])
  - ssl_decoder.bn2.num_batches_tracked: torch.Size([])
  - ssl_decoder.final_conv.weight: torch.Size([32, 32, 3])
  - ssl_decoder.final_conv.bias: torch.Size([32])
  - out.weight: torch.Size([2, 8])
  - out.bias: torch.Size([2])
  - stack1.attention.attention_layer.key.weight: torch.Size([16, 16])
  - stack1.attention.attention_layer.value.weight: torch.Size([16, 16])
  - stack1.attention.attention_layer.query.weight: torch.Size([16, 16])
  - stack1.attention.attention_layer.to_out.weight: torch.Size([16])
  - stack1.attention.attention_layer.to_out.bias: torch.Size([16])
  - stack1.conv_layer.downConv.weight: torch.Size([16, 16, 3])
  - stack1.conv_layer.downConv.bias: torch.Size([16])
  - stack1.conv_layer.norm.weight: torch.Size([16])
  - stack1.conv_layer.norm.bias: torch.Size([16])
  - stack1.conv_layer.norm.running_mean: torch.Size([16])
  - stack1.conv_layer.norm.running_var: torch.Size([16])
  - stack1.conv_layer.norm.num_batches_tracked: torch.Size([])
  - stack1.out.weight: torch.Size([4, 16])
  - stack1.out.bias: torch.Size([4])
  - stack2.attention.attention_layer.key.weight: torch.Size([16, 16])
  - stack2.attention.attention_layer.value.weight: torch.Size([16, 16])
  - stack2.attention.attention_layer.query.weight: torch.Size([16, 16])
  - stack2.attention.attention_layer.to_out.weight: torch.Size([16])
  - stack2.attention.attention_layer.to_out.bias: torch.Size([16])
  - stack2.conv_layer.downConv.weight: torch.Size([16, 16, 3])
  - stack2.conv_layer.downConv.bias: torch.Size([16])
  - stack2.conv_layer.norm.weight: torch.Size([16])
  - stack2.conv_layer.norm.bias: torch.Size([16])
  - stack2.conv_layer.norm.running_mean: torch.Size([16])
  - stack2.conv_layer.norm.running_var: torch.Size([16])
  - stack2.conv_layer.norm.num_batches_tracked: torch.Size([])
  - stack2.out.weight: torch.Size([4, 16])
  - stack2.out.bias: torch.Size([4])
🎯 SSL approach detected: full_darnet
  ❌ Skipping: subject_discriminator.classifier.0.weight (decoder component)
  ❌ Skipping: subject_discriminator.classifier.0.bias (decoder component)
  ❌ Skipping: subject_discriminator.classifier.3.weight (decoder component)
  ❌ Skipping: subject_discriminator.classifier.3.bias (decoder component)
  ❌ Skipping: subject_discriminator.classifier.6.weight (decoder component)
  ❌ Skipping: subject_discriminator.classifier.6.bias (decoder component)
  ✅ Loading: token_embedding.embed_layer.0.weight -> torch.Size([64, 1, 1, 8])
  ✅ Loading: token_embedding.embed_layer.0.bias -> torch.Size([64])
  ✅ Loading: token_embedding.embed_layer.1.weight -> torch.Size([64])
  ✅ Loading: token_embedding.embed_layer.1.bias -> torch.Size([64])
  ✅ Loading: token_embedding.embed_layer.1.running_mean -> torch.Size([64])
  ✅ Loading: token_embedding.embed_layer.1.running_var -> torch.Size([64])
  ✅ Loading: token_embedding.embed_layer.1.num_batches_tracked -> torch.Size([])
  ✅ Loading: token_embedding.embed_layer2.0.weight -> torch.Size([16, 64, 32, 1])
  ✅ Loading: token_embedding.embed_layer2.0.bias -> torch.Size([16])
  ✅ Loading: token_embedding.embed_layer2.1.weight -> torch.Size([16])
  ✅ Loading: token_embedding.embed_layer2.1.bias -> torch.Size([16])
  ✅ Loading: token_embedding.embed_layer2.1.running_mean -> torch.Size([16])
  ✅ Loading: token_embedding.embed_layer2.1.running_var -> torch.Size([16])
  ✅ Loading: token_embedding.embed_layer2.1.num_batches_tracked -> torch.Size([])
  ✅ Loading: token_embedding.position_embedding.pe -> torch.Size([1, 5000, 16])
  ❌ Skipping: ssl_decoder.expand.0.weight (decoder component)
  ❌ Skipping: ssl_decoder.expand.0.bias (decoder component)
  ❌ Skipping: ssl_decoder.expand.3.weight (decoder component)
  ❌ Skipping: ssl_decoder.expand.3.bias (decoder component)
  ❌ Skipping: ssl_decoder.feature_projection.weight (decoder component)
  ❌ Skipping: ssl_decoder.feature_projection.bias (decoder component)
  ❌ Skipping: ssl_decoder.upconv1.weight (decoder component)
  ❌ Skipping: ssl_decoder.upconv1.bias (decoder component)
  ❌ Skipping: ssl_decoder.bn1.weight (decoder component)
  ❌ Skipping: ssl_decoder.bn1.bias (decoder component)
  ❌ Skipping: ssl_decoder.bn1.running_mean (decoder component)
  ❌ Skipping: ssl_decoder.bn1.running_var (decoder component)
  ❌ Skipping: ssl_decoder.bn1.num_batches_tracked (decoder component)
  ❌ Skipping: ssl_decoder.upconv2.weight (decoder component)
  ❌ Skipping: ssl_decoder.upconv2.bias (decoder component)
  ❌ Skipping: ssl_decoder.bn2.weight (decoder component)
  ❌ Skipping: ssl_decoder.bn2.bias (decoder component)
  ❌ Skipping: ssl_decoder.bn2.running_mean (decoder component)
  ❌ Skipping: ssl_decoder.bn2.running_var (decoder component)
  ❌ Skipping: ssl_decoder.bn2.num_batches_tracked (decoder component)
  ❌ Skipping: ssl_decoder.final_conv.weight (decoder component)
  ❌ Skipping: ssl_decoder.final_conv.bias (decoder component)
  ❌ Skipping: out.weight (decoder component)
  ❌ Skipping: out.bias (decoder component)
  ✅ Loading: stack1.attention.attention_layer.key.weight -> torch.Size([16, 16])
  ✅ Loading: stack1.attention.attention_layer.value.weight -> torch.Size([16, 16])
  ✅ Loading: stack1.attention.attention_layer.query.weight -> torch.Size([16, 16])
  ✅ Loading: stack1.attention.attention_layer.to_out.weight -> torch.Size([16])
  ✅ Loading: stack1.attention.attention_layer.to_out.bias -> torch.Size([16])
  ✅ Loading: stack1.conv_layer.downConv.weight -> torch.Size([16, 16, 3])
  ✅ Loading: stack1.conv_layer.downConv.bias -> torch.Size([16])
  ✅ Loading: stack1.conv_layer.norm.weight -> torch.Size([16])
  ✅ Loading: stack1.conv_layer.norm.bias -> torch.Size([16])
  ✅ Loading: stack1.conv_layer.norm.running_mean -> torch.Size([16])
  ✅ Loading: stack1.conv_layer.norm.running_var -> torch.Size([16])
  ✅ Loading: stack1.conv_layer.norm.num_batches_tracked -> torch.Size([])
  ✅ Loading: stack1.out.weight -> torch.Size([4, 16])
  ✅ Loading: stack1.out.bias -> torch.Size([4])
  ✅ Loading: stack2.attention.attention_layer.key.weight -> torch.Size([16, 16])
  ✅ Loading: stack2.attention.attention_layer.value.weight -> torch.Size([16, 16])
  ✅ Loading: stack2.attention.attention_layer.query.weight -> torch.Size([16, 16])
  ✅ Loading: stack2.attention.attention_layer.to_out.weight -> torch.Size([16])
  ✅ Loading: stack2.attention.attention_layer.to_out.bias -> torch.Size([16])
  ✅ Loading: stack2.conv_layer.downConv.weight -> torch.Size([16, 16, 3])
  ✅ Loading: stack2.conv_layer.downConv.bias -> torch.Size([16])
  ✅ Loading: stack2.conv_layer.norm.weight -> torch.Size([16])
  ✅ Loading: stack2.conv_layer.norm.bias -> torch.Size([16])
  ✅ Loading: stack2.conv_layer.norm.running_mean -> torch.Size([16])
  ✅ Loading: stack2.conv_layer.norm.running_var -> torch.Size([16])
  ✅ Loading: stack2.conv_layer.norm.num_batches_tracked -> torch.Size([])
  ✅ Loading: stack2.out.weight -> torch.Size([4, 16])
  ✅ Loading: stack2.out.bias -> torch.Size([4])
🔧 Loading 43 encoder components into fine-tuning model...
⚠️  Missing keys (newly initialized): ['subject_discriminator.classifier.0.weight', 'subject_discriminator.classifier.0.bias', 'subject_discriminator.classifier.3.weight', 'subject_discriminator.classifier.3.bias', 'subject_discriminator.classifier.6.weight', 'subject_discriminator.classifier.6.bias', 'ssl_decoder.expand.0.weight', 'ssl_decoder.expand.0.bias', 'ssl_decoder.expand.3.weight', 'ssl_decoder.expand.3.bias', 'ssl_decoder.feature_projection.weight', 'ssl_decoder.feature_projection.bias', 'ssl_decoder.upconv1.weight', 'ssl_decoder.upconv1.bias', 'ssl_decoder.bn1.weight', 'ssl_decoder.bn1.bias', 'ssl_decoder.bn1.running_mean', 'ssl_decoder.bn1.running_var', 'ssl_decoder.upconv2.weight', 'ssl_decoder.upconv2.bias', 'ssl_decoder.bn2.weight', 'ssl_decoder.bn2.bias', 'ssl_decoder.bn2.running_mean', 'ssl_decoder.bn2.running_var', 'ssl_decoder.final_conv.weight', 'ssl_decoder.final_conv.bias', 'out.weight', 'out.bias']
✅ Successfully loaded SSL pre-trained weights!
🎯 SSL decoder removed, feature classifier ready for fine-tuning
==================================================
Starting Fine-tuning
==================================================
=================================================================
Layer (type:depth-idx)                   Param #
=================================================================
DARNet                                   --
├─GradientReversalLayer: 1-1             --
├─SubjectDiscriminator: 1-2              --
│    └─Sequential: 2-1                   --
│    │    └─Linear: 3-1                  2,304
│    │    └─ReLU: 3-2                    --
│    │    └─Dropout: 3-3                 --
│    │    └─Linear: 3-4                  32,896
│    │    └─ReLU: 3-5                    --
│    │    └─Dropout: 3-6                 --
│    │    └─Linear: 3-7                  3,870
├─TokenEmbeddingOriginal: 1-3            --
│    └─Sequential: 2-2                   --
│    │    └─Conv2d: 3-8                  576
│    │    └─BatchNorm2d: 3-9             128
│    │    └─GELU: 3-10                   --
│    └─Sequential: 2-3                   --
│    │    └─Conv2d: 3-11                 32,784
│    │    └─BatchNorm2d: 3-12            32
│    │    └─GELU: 3-13                   --
│    └─PositionalEmbedding: 2-4          --
├─EEGFullDARNetDecoder: 1-4              --
│    └─Sequential: 2-5                   --
│    │    └─Linear: 3-14                 576
│    │    └─ReLU: 3-15                   --
│    │    └─Dropout: 3-16                --
│    │    └─Linear: 3-17                 16,640
│    │    └─ReLU: 3-18                   --
│    │    └─Dropout: 3-19                --
│    └─Linear: 2-6                       526,336
│    └─ConvTranspose1d: 2-7              8,256
│    └─BatchNorm1d: 2-8                  128
│    └─ConvTranspose1d: 2-9              8,224
│    └─BatchNorm1d: 2-10                 64
│    └─Conv1d: 2-11                      3,104
│    └─ReLU: 2-12                        --
│    └─Dropout: 2-13                     --
├─Flatten: 1-5                           --
├─Linear: 1-6                            18
├─AttnRefine: 1-7                        --
│    └─MyAttention: 2-14                 --
│    │    └─Attention: 3-20              800
│    └─Refine: 2-15                      --
│    │    └─Conv1d: 3-21                 784
│    │    └─BatchNorm1d: 3-22            32
│    │    └─ELU: 3-23                    --
│    │    └─MaxPool1d: 3-24              --
│    └─AdaptiveAvgPool1d: 2-16           --
│    └─Linear: 2-17                      68
│    └─Flatten: 2-18                     --
├─AttnRefine: 1-8                        --
│    └─MyAttention: 2-19                 --
│    │    └─Attention: 3-25              800
│    └─Refine: 2-20                      --
│    │    └─Conv1d: 3-26                 784
│    │    └─BatchNorm1d: 3-27            32
│    │    └─ELU: 3-28                    --
│    │    └─MaxPool1d: 3-29              --
│    └─AdaptiveAvgPool1d: 2-21           --
│    └─Linear: 2-22                      68
│    └─Flatten: 2-23                     --
=================================================================
Total params: 639,304
Trainable params: 639,304
Non-trainable params: 0
=================================================================
TestSub: S[21, 22, 23, 24, 25] Epoch  1 Finsh | Now_lr 0.0005/0.0005 | Lambda 0.0050 | Train Loss 0.5290 | Domain Loss 3.1276 | Valid Loss 1.2238 | Train Acc 70.1569| Valid Acc 49.9270
Validation acc increase (0.000000 --> 49.927043) in epoch (1).  Saving model ...
TestSub: S[21, 22, 23, 24, 25] Epoch  2 Finsh | Now_lr 0.0005/0.0005 | Lambda 0.0100 | Train Loss 0.3540 | Domain Loss 3.0322 | Valid Loss 1.4169 | Train Acc 83.7719| Valid Acc 50.9545
Validation acc increase (49.927043 --> 50.954523) in epoch (2).  Saving model ...
TestSub: S[21, 22, 23, 24, 25] Epoch  3 Finsh | Now_lr 0.0005/0.0005 | Lambda 0.0149 | Train Loss 0.2808 | Domain Loss 3.0188 | Valid Loss 1.7349 | Train Acc 87.9675| Valid Acc 50.7661
TestSub: S[21, 22, 23, 24, 25] Epoch  4 Finsh | Now_lr 0.0005/0.0005 | Lambda 0.0197 | Train Loss 0.2350 | Domain Loss 3.0187 | Valid Loss 2.0772 | Train Acc 90.2590| Valid Acc 49.8054
TestSub: S[21, 22, 23, 24, 25] Epoch  5 Finsh | Now_lr 0.0005/0.0005 | Lambda 0.0245 | Train Loss 0.1994 | Domain Loss 3.0262 | Valid Loss 2.3007 | Train Acc 91.9182| Valid Acc 49.8389
TestSub: S[21, 22, 23, 24, 25] Epoch  6 Finsh | Now_lr 0.0005/0.0005 | Lambda 0.0291 | Train Loss 0.1725 | Domain Loss 3.0708 | Valid Loss 2.2476 | Train Acc 93.0989| Valid Acc 50.2219
TestSub: S[21, 22, 23, 24, 25] Epoch  7 Finsh | Now_lr 0.0005/0.0005 | Lambda 0.0336 | Train Loss 0.1488 | Domain Loss 3.0644 | Valid Loss 2.7712 | Train Acc 94.1434| Valid Acc 47.8934
TestSub: S[21, 22, 23, 24, 25] Epoch  8 Finsh | Now_lr 0.0005/0.0005 | Lambda 0.0380 | Train Loss 0.1275 | Domain Loss 3.0693 | Valid Loss 2.7442 | Train Acc 95.0620| Valid Acc 48.7992
TestSub: S[21, 22, 23, 24, 25] Epoch  9 Finsh | Now_lr 0.0005/0.0005 | Lambda 0.0422 | Train Loss 0.1128 | Domain Loss 3.0944 | Valid Loss 2.8136 | Train Acc 95.6858| Valid Acc 48.0180
TestSub: S[21, 22, 23, 24, 25] Epoch 10 Finsh | Now_lr 0.0005/0.0005 | Lambda 0.0462 | Train Loss 0.0998 | Domain Loss 3.0964 | Valid Loss 2.8583 | Train Acc 96.2944| Valid Acc 50.2219
TestSub: S[21, 22, 23, 24, 25] Epoch 11 Finsh | Now_lr 0.0005/0.0005 | Lambda 0.0501 | Train Loss 0.0904 | Domain Loss 3.1053 | Valid Loss 2.7526 | Train Acc 96.6890| Valid Acc 50.7053
TestSub: S[21, 22, 23, 24, 25] Epoch 12 Finsh | Now_lr 0.0005/0.0005 | Lambda 0.0537 | Train Loss 0.0818 | Domain Loss 3.1286 | Valid Loss 2.9872 | Train Acc 96.9534| Valid Acc 47.6137
TestSub: S[21, 22, 23, 24, 25] Epoch 13 Finsh | Now_lr 0.0005/0.0005 | Lambda 0.0572 | Train Loss 0.0741 | Domain Loss 3.1441 | Valid Loss 3.1498 | Train Acc 97.2598| Valid Acc 48.1761
TestSub: S[21, 22, 23, 24, 25] Epoch 14 Finsh | Now_lr 0.0005/0.0005 | Lambda 0.0604 | Train Loss 0.0693 | Domain Loss 3.1568 | Valid Loss 2.8428 | Train Acc 97.4422| Valid Acc 48.3311
TestSub: S[21, 22, 23, 24, 25] Epoch 15 Finsh | Now_lr 0.0005/0.0005 | Lambda 0.0635 | Train Loss 0.0644 | Domain Loss 3.1504 | Valid Loss 2.9692 | Train Acc 97.6593| Valid Acc 46.3734
TestSub: S[21, 22, 23, 24, 25] Epoch 16 Finsh | Now_lr 0.0005/0.0005 | Lambda 0.0664 | Train Loss 0.0601 | Domain Loss 3.1311 | Valid Loss 2.9880 | Train Acc 97.7864| Valid Acc 47.7353
TestSub: S[21, 22, 23, 24, 25] Epoch 17 Finsh | Now_lr 0.0005/0.0005 | Lambda 0.0691 | Train Loss 0.0554 | Domain Loss 3.1283 | Valid Loss 3.2222 | Train Acc 97.9779| Valid Acc 48.3645
TestSub: S[21, 22, 23, 24, 25] Epoch 18 Finsh | Now_lr 0.0005/0.0005 | Lambda 0.0716 | Train Loss 0.0522 | Domain Loss 3.1291 | Valid Loss 3.1739 | Train Acc 98.1183| Valid Acc 48.4831
TestSub: S[21, 22, 23, 24, 25] Epoch 19 Finsh | Now_lr 0.0005/0.0005 | Lambda 0.0740 | Train Loss 0.0507 | Domain Loss 3.1316 | Valid Loss 3.1335 | Train Acc 98.2150| Valid Acc 48.3189
TestSub: S[21, 22, 23, 24, 25] Epoch 20 Finsh | Now_lr 0.0005/0.0005 | Lambda 0.0762 | Train Loss 0.0460 | Domain Loss 3.1344 | Valid Loss 3.3387 | Train Acc 98.3402| Valid Acc 48.6290
TestSub: S[21, 22, 23, 24, 25] Epoch 21 Finsh | Now_lr 0.0005/0.0005 | Lambda 0.0782 | Train Loss 0.0449 | Domain Loss 3.1263 | Valid Loss 3.1667 | Train Acc 98.4138| Valid Acc 48.3676
TestSub: S[21, 22, 23, 24, 25] Epoch 22 Finsh | Now_lr 0.0005/0.0005 | Lambda 0.0800 | Train Loss 0.0422 | Domain Loss 3.1315 | Valid Loss 3.2797 | Train Acc 98.5196| Valid Acc 50.8816
TestSub: S[21, 22, 23, 24, 25] Epoch 23 Finsh | Now_lr 0.0005/0.0005 | Lambda 0.0818 | Train Loss 0.0407 | Domain Loss 3.1349 | Valid Loss 3.3838 | Train Acc 98.5548| Valid Acc 49.5896
TestSub: S[21, 22, 23, 24, 25] Epoch 24 Finsh | Now_lr 0.0005/0.0005 | Lambda 0.0834 | Train Loss 0.0382 | Domain Loss 3.1301 | Valid Loss 3.1568 | Train Acc 98.6795| Valid Acc 49.2400
TestSub: S[21, 22, 23, 24, 25] Epoch 25 Finsh | Now_lr 0.0005/0.0005 | Lambda 0.0848 | Train Loss 0.0348 | Domain Loss 3.1390 | Valid Loss 3.3915 | Train Acc 98.7786| Valid Acc 49.5896
TestSub: S[21, 22, 23, 24, 25] Epoch 26 Finsh | Now_lr 0.0005/0.0005 | Lambda 0.0862 | Train Loss 0.0355 | Domain Loss 3.1393 | Valid Loss 3.3417 | Train Acc 98.7646| Valid Acc 48.4709
TestSub: S[21, 22, 23, 24, 25] Epoch 27 Finsh | Now_lr 0.0005/0.0005 | Lambda 0.0874 | Train Loss 0.0338 | Domain Loss 3.1412 | Valid Loss 3.5522 | Train Acc 98.8035| Valid Acc 49.4589
TestSub: S[21, 22, 23, 24, 25] Epoch 28 Finsh | Now_lr 0.0005/0.0005 | Lambda 0.0885 | Train Loss 0.0323 | Domain Loss 3.1590 | Valid Loss 3.3779 | Train Acc 98.8576| Valid Acc 48.5804
TestSub: S[21, 22, 23, 24, 25] Epoch 29 Finsh | Now_lr 0.0005/0.0005 | Lambda 0.0896 | Train Loss 0.0314 | Domain Loss 3.1619 | Valid Loss 3.3283 | Train Acc 98.9318| Valid Acc 49.2522
TestSub: S[21, 22, 23, 24, 25] Epoch 30 Finsh | Now_lr 0.0005/0.0005 | Lambda 0.0905 | Train Loss 0.0304 | Domain Loss 3.1657 | Valid Loss 3.5940 | Train Acc 98.9622| Valid Acc 46.1849
TestSub: S[21, 22, 23, 24, 25] Epoch 31 Finsh | Now_lr 0.0005/0.0005 | Lambda 0.0914 | Train Loss 0.0280 | Domain Loss 3.1747 | Valid Loss 3.3997 | Train Acc 98.9883| Valid Acc 47.2671
TestSub: S[21, 22, 23, 24, 25] Epoch 32 Finsh | Now_lr 0.0005/0.0005 | Lambda 0.0922 | Train Loss 0.0267 | Domain Loss 3.1777 | Valid Loss 3.2487 | Train Acc 99.0856| Valid Acc 49.3130
Early stopping triggered after 32 epochs (30 epochs without improvement)
--------------------------------------------------
Test_Subject :S[21, 22, 23, 24, 25] |Best epoch:2 | Test Loss:1.4169 | Best Acc 50.9545 | Savemodel Acc 50.9545
--------------------------------------------------

========== Fold 6 ==========
Train IDs: [1, 2, 3, 4, 5, 6, 7, 8, 9, 10, 11, 12, 13, 14, 15, 16, 17, 18, 19, 20, 21, 22, 23, 24, 25]
Val IDs:   [26, 27, 28, 29, 30]
================================================================================
SSL PRE-TRAINING PHASE WITH DOMAIN ADVERSARIAL TRAINING
================================================================================
Loading SSL data with subject IDs for subjects: [1, 2, 3, 4, 5, 6, 7, 8, 9, 10, 11, 12, 13, 14, 15, 16, 17, 18, 19, 20, 21, 22, 23, 24, 25]
Target window length: 256 time steps
Creating 256-step windows from 128-step data
Loaded subject S1: (6580, 32, 256), Subject ID: 0
Creating 256-step windows from 128-step data
Loaded subject S2: (6580, 32, 256), Subject ID: 1
Creating 256-step windows from 128-step data
Loaded subject S3: (6580, 32, 256), Subject ID: 2
Creating 256-step windows from 128-step data
Loaded subject S4: (6580, 32, 256), Subject ID: 3
Creating 256-step windows from 128-step data
Loaded subject S5: (6580, 32, 256), Subject ID: 4
Creating 256-step windows from 128-step data
Loaded subject S6: (6580, 32, 256), Subject ID: 5
Creating 256-step windows from 128-step data
Loaded subject S7: (6580, 32, 256), Subject ID: 6
Creating 256-step windows from 128-step data
Loaded subject S8: (6580, 32, 256), Subject ID: 7
Creating 256-step windows from 128-step data
Loaded subject S9: (6580, 32, 256), Subject ID: 8
Creating 256-step windows from 128-step data
Loaded subject S10: (6580, 32, 256), Subject ID: 9
Creating 256-step windows from 128-step data
Loaded subject S11: (6580, 32, 256), Subject ID: 10
Creating 256-step windows from 128-step data
Loaded subject S12: (6580, 32, 256), Subject ID: 11
Creating 256-step windows from 128-step data
Loaded subject S13: (6580, 32, 256), Subject ID: 12
Creating 256-step windows from 128-step data
Loaded subject S14: (6580, 32, 256), Subject ID: 13
Creating 256-step windows from 128-step data
Loaded subject S15: (6580, 32, 256), Subject ID: 14
Creating 256-step windows from 128-step data
Loaded subject S16: (6580, 32, 256), Subject ID: 15
Creating 256-step windows from 128-step data
Loaded subject S17: (6580, 32, 256), Subject ID: 16
Creating 256-step windows from 128-step data
Loaded subject S18: (6580, 32, 256), Subject ID: 17
Creating 256-step windows from 128-step data
Loaded subject S19: (6580, 32, 256), Subject ID: 18
Creating 256-step windows from 128-step data
Loaded subject S20: (6580, 32, 256), Subject ID: 19
Creating 256-step windows from 128-step data
Loaded subject S21: (6580, 32, 256), Subject ID: 20
Creating 256-step windows from 128-step data
Loaded subject S22: (6580, 32, 256), Subject ID: 21
Creating 256-step windows from 128-step data
Loaded subject S23: (6580, 32, 256), Subject ID: 22
Creating 256-step windows from 128-step data
Loaded subject S24: (6580, 32, 256), Subject ID: 23
Creating 256-step windows from 128-step data
Loaded subject S25: (6580, 32, 256), Subject ID: 24
Total SSL data shape: (164500, 32, 256)
Total subject IDs: 164500
🏗️  SSL Model Architecture:
   - SSL Enabled: True
   - SSL Approach: full_darnet
   - Domain Adversarial: True
   - Training Mode: ssl
   - Decoder Type: EEGFullDARNetDecoder
   - Encoder parameters: 36,888
   - Decoder parameters: 563,328
   - Domain discriminator parameters: 39,070
   - Total parameters: 639,304
   - Decoder/Total ratio: 88.1%
==================================================
Starting SSL Pre-training with Domain Adversarial Training
==================================================
=================================================================
Layer (type:depth-idx)                   Param #
=================================================================
DARNet                                   --
├─GradientReversalLayer: 1-1             --
├─SubjectDiscriminator: 1-2              --
│    └─Sequential: 2-1                   --
│    │    └─Linear: 3-1                  2,304
│    │    └─ReLU: 3-2                    --
│    │    └─Dropout: 3-3                 --
│    │    └─Linear: 3-4                  32,896
│    │    └─ReLU: 3-5                    --
│    │    └─Dropout: 3-6                 --
│    │    └─Linear: 3-7                  3,870
├─TokenEmbeddingOriginal: 1-3            --
│    └─Sequential: 2-2                   --
│    │    └─Conv2d: 3-8                  576
│    │    └─BatchNorm2d: 3-9             128
│    │    └─GELU: 3-10                   --
│    └─Sequential: 2-3                   --
│    │    └─Conv2d: 3-11                 32,784
│    │    └─BatchNorm2d: 3-12            32
│    │    └─GELU: 3-13                   --
│    └─PositionalEmbedding: 2-4          --
├─EEGFullDARNetDecoder: 1-4              --
│    └─Sequential: 2-5                   --
│    │    └─Linear: 3-14                 576
│    │    └─ReLU: 3-15                   --
│    │    └─Dropout: 3-16                --
│    │    └─Linear: 3-17                 16,640
│    │    └─ReLU: 3-18                   --
│    │    └─Dropout: 3-19                --
│    └─Linear: 2-6                       526,336
│    └─ConvTranspose1d: 2-7              8,256
│    └─BatchNorm1d: 2-8                  128
│    └─ConvTranspose1d: 2-9              8,224
│    └─BatchNorm1d: 2-10                 64
│    └─Conv1d: 2-11                      3,104
│    └─ReLU: 2-12                        --
│    └─Dropout: 2-13                     --
├─Flatten: 1-5                           --
├─Linear: 1-6                            18
├─AttnRefine: 1-7                        --
│    └─MyAttention: 2-14                 --
│    │    └─Attention: 3-20              800
│    └─Refine: 2-15                      --
│    │    └─Conv1d: 3-21                 784
│    │    └─BatchNorm1d: 3-22            32
│    │    └─ELU: 3-23                    --
│    │    └─MaxPool1d: 3-24              --
│    └─AdaptiveAvgPool1d: 2-16           --
│    └─Linear: 2-17                      68
│    └─Flatten: 2-18                     --
├─AttnRefine: 1-8                        --
│    └─MyAttention: 2-19                 --
│    │    └─Attention: 3-25              800
│    └─Refine: 2-20                      --
│    │    └─Conv1d: 3-26                 784
│    │    └─BatchNorm1d: 3-27            32
│    │    └─ELU: 3-28                    --
│    │    └─MaxPool1d: 3-29              --
│    └─AdaptiveAvgPool1d: 2-21           --
│    └─Linear: 2-22                      68
│    └─Flatten: 2-23                     --
=================================================================
Total params: 639,304
Trainable params: 639,304
Non-trainable params: 0
=================================================================
SSL Epoch  1 | SSL Loss: 0.527008 | Domain Loss: 3.161560
SSL model saved at epoch 1 with loss 0.527008 to ./exps/cross-subject/DARNet_SSL_FullDARNet_Domain/ssl_models_task1_AAD_MM-AAD_ssl_domain_2025-10-19-12-21-17/ssl_best_model.pt
SSL model saved with loss 0.527008
SSL Epoch  2 | SSL Loss: 0.435625 | Domain Loss: 3.062034
SSL model saved at epoch 2 with loss 0.435625 to ./exps/cross-subject/DARNet_SSL_FullDARNet_Domain/ssl_models_task1_AAD_MM-AAD_ssl_domain_2025-10-19-12-21-17/ssl_best_model.pt
SSL model saved with loss 0.435625
SSL Epoch  3 | SSL Loss: 0.422425 | Domain Loss: 3.108918
SSL model saved at epoch 3 with loss 0.422425 to ./exps/cross-subject/DARNet_SSL_FullDARNet_Domain/ssl_models_task1_AAD_MM-AAD_ssl_domain_2025-10-19-12-21-17/ssl_best_model.pt
SSL model saved with loss 0.422425
SSL Epoch  4 | SSL Loss: 0.396323 | Domain Loss: 3.101885
SSL model saved at epoch 4 with loss 0.396323 to ./exps/cross-subject/DARNet_SSL_FullDARNet_Domain/ssl_models_task1_AAD_MM-AAD_ssl_domain_2025-10-19-12-21-17/ssl_best_model.pt
SSL model saved with loss 0.396323
SSL Epoch  5 | SSL Loss: 0.375649 | Domain Loss: 3.056873
SSL model saved at epoch 5 with loss 0.375649 to ./exps/cross-subject/DARNet_SSL_FullDARNet_Domain/ssl_models_task1_AAD_MM-AAD_ssl_domain_2025-10-19-12-21-17/ssl_best_model.pt
SSL model saved with loss 0.375649
SSL Epoch  6 | SSL Loss: 0.359671 | Domain Loss: 3.093726
SSL model saved at epoch 6 with loss 0.359671 to ./exps/cross-subject/DARNet_SSL_FullDARNet_Domain/ssl_models_task1_AAD_MM-AAD_ssl_domain_2025-10-19-12-21-17/ssl_best_model.pt
SSL model saved with loss 0.359671
SSL Epoch  7 | SSL Loss: 0.351215 | Domain Loss: 3.060582
SSL model saved at epoch 7 with loss 0.351215 to ./exps/cross-subject/DARNet_SSL_FullDARNet_Domain/ssl_models_task1_AAD_MM-AAD_ssl_domain_2025-10-19-12-21-17/ssl_best_model.pt
SSL model saved with loss 0.351215
SSL Epoch  8 | SSL Loss: 0.346333 | Domain Loss: 3.070605
SSL model saved at epoch 8 with loss 0.346333 to ./exps/cross-subject/DARNet_SSL_FullDARNet_Domain/ssl_models_task1_AAD_MM-AAD_ssl_domain_2025-10-19-12-21-17/ssl_best_model.pt
SSL model saved with loss 0.346333
SSL Epoch  9 | SSL Loss: 0.339639 | Domain Loss: 3.053994
SSL model saved at epoch 9 with loss 0.339639 to ./exps/cross-subject/DARNet_SSL_FullDARNet_Domain/ssl_models_task1_AAD_MM-AAD_ssl_domain_2025-10-19-12-21-17/ssl_best_model.pt
SSL model saved with loss 0.339639
SSL Epoch 10 | SSL Loss: 0.336295 | Domain Loss: 3.055044
SSL model saved at epoch 10 with loss 0.336295 to ./exps/cross-subject/DARNet_SSL_FullDARNet_Domain/ssl_models_task1_AAD_MM-AAD_ssl_domain_2025-10-19-12-21-17/ssl_best_model.pt
SSL model saved with loss 0.336295
SSL Epoch 11 | SSL Loss: 0.331073 | Domain Loss: 3.086436
SSL model saved at epoch 11 with loss 0.331073 to ./exps/cross-subject/DARNet_SSL_FullDARNet_Domain/ssl_models_task1_AAD_MM-AAD_ssl_domain_2025-10-19-12-21-17/ssl_best_model.pt
SSL model saved with loss 0.331073
SSL Epoch 12 | SSL Loss: 0.324099 | Domain Loss: 3.094255
SSL model saved at epoch 12 with loss 0.324099 to ./exps/cross-subject/DARNet_SSL_FullDARNet_Domain/ssl_models_task1_AAD_MM-AAD_ssl_domain_2025-10-19-12-21-17/ssl_best_model.pt
SSL model saved with loss 0.324099
SSL Epoch 13 | SSL Loss: 0.321284 | Domain Loss: 3.086080
SSL model saved at epoch 13 with loss 0.321284 to ./exps/cross-subject/DARNet_SSL_FullDARNet_Domain/ssl_models_task1_AAD_MM-AAD_ssl_domain_2025-10-19-12-21-17/ssl_best_model.pt
SSL model saved with loss 0.321284
SSL Epoch 14 | SSL Loss: 0.318245 | Domain Loss: 3.107503
SSL model saved at epoch 14 with loss 0.318245 to ./exps/cross-subject/DARNet_SSL_FullDARNet_Domain/ssl_models_task1_AAD_MM-AAD_ssl_domain_2025-10-19-12-21-17/ssl_best_model.pt
SSL model saved with loss 0.318245
SSL Epoch 15 | SSL Loss: 0.316595 | Domain Loss: 3.113310
SSL model saved at epoch 15 with loss 0.316595 to ./exps/cross-subject/DARNet_SSL_FullDARNet_Domain/ssl_models_task1_AAD_MM-AAD_ssl_domain_2025-10-19-12-21-17/ssl_best_model.pt
SSL model saved with loss 0.316595
SSL Epoch 16 | SSL Loss: 0.314015 | Domain Loss: 3.079743
SSL model saved at epoch 16 with loss 0.314015 to ./exps/cross-subject/DARNet_SSL_FullDARNet_Domain/ssl_models_task1_AAD_MM-AAD_ssl_domain_2025-10-19-12-21-17/ssl_best_model.pt
SSL model saved with loss 0.314015
SSL Epoch 17 | SSL Loss: 0.313586 | Domain Loss: 3.126063
SSL model saved at epoch 17 with loss 0.313586 to ./exps/cross-subject/DARNet_SSL_FullDARNet_Domain/ssl_models_task1_AAD_MM-AAD_ssl_domain_2025-10-19-12-21-17/ssl_best_model.pt
SSL model saved with loss 0.313586
SSL Epoch 18 | SSL Loss: 0.310344 | Domain Loss: 3.102519
SSL model saved at epoch 18 with loss 0.310344 to ./exps/cross-subject/DARNet_SSL_FullDARNet_Domain/ssl_models_task1_AAD_MM-AAD_ssl_domain_2025-10-19-12-21-17/ssl_best_model.pt
SSL model saved with loss 0.310344
SSL Epoch 19 | SSL Loss: 0.308966 | Domain Loss: 3.086145
SSL model saved at epoch 19 with loss 0.308966 to ./exps/cross-subject/DARNet_SSL_FullDARNet_Domain/ssl_models_task1_AAD_MM-AAD_ssl_domain_2025-10-19-12-21-17/ssl_best_model.pt
SSL model saved with loss 0.308966
SSL Epoch 20 | SSL Loss: 0.308381 | Domain Loss: 3.100492
SSL model saved at epoch 20 with loss 0.308381 to ./exps/cross-subject/DARNet_SSL_FullDARNet_Domain/ssl_models_task1_AAD_MM-AAD_ssl_domain_2025-10-19-12-21-17/ssl_best_model.pt
SSL model saved with loss 0.308381
SSL Epoch 21 | SSL Loss: 0.308454 | Domain Loss: 3.089202
SSL Epoch 22 | SSL Loss: 0.306850 | Domain Loss: 3.124684
SSL model saved at epoch 22 with loss 0.306850 to ./exps/cross-subject/DARNet_SSL_FullDARNet_Domain/ssl_models_task1_AAD_MM-AAD_ssl_domain_2025-10-19-12-21-17/ssl_best_model.pt
SSL model saved with loss 0.306850
SSL Epoch 23 | SSL Loss: 0.304661 | Domain Loss: 3.067535
SSL model saved at epoch 23 with loss 0.304661 to ./exps/cross-subject/DARNet_SSL_FullDARNet_Domain/ssl_models_task1_AAD_MM-AAD_ssl_domain_2025-10-19-12-21-17/ssl_best_model.pt
SSL model saved with loss 0.304661
SSL Epoch 24 | SSL Loss: 0.303943 | Domain Loss: 3.123395
SSL model saved at epoch 24 with loss 0.303943 to ./exps/cross-subject/DARNet_SSL_FullDARNet_Domain/ssl_models_task1_AAD_MM-AAD_ssl_domain_2025-10-19-12-21-17/ssl_best_model.pt
SSL model saved with loss 0.303943
SSL Epoch 25 | SSL Loss: 0.299836 | Domain Loss: 3.099558
SSL model saved at epoch 25 with loss 0.299836 to ./exps/cross-subject/DARNet_SSL_FullDARNet_Domain/ssl_models_task1_AAD_MM-AAD_ssl_domain_2025-10-19-12-21-17/ssl_best_model.pt
SSL model saved with loss 0.299836
SSL Epoch 26 | SSL Loss: 0.296984 | Domain Loss: 3.077276
SSL model saved at epoch 26 with loss 0.296984 to ./exps/cross-subject/DARNet_SSL_FullDARNet_Domain/ssl_models_task1_AAD_MM-AAD_ssl_domain_2025-10-19-12-21-17/ssl_best_model.pt
SSL model saved with loss 0.296984
SSL Epoch 27 | SSL Loss: 0.290209 | Domain Loss: 3.050519
SSL model saved at epoch 27 with loss 0.290209 to ./exps/cross-subject/DARNet_SSL_FullDARNet_Domain/ssl_models_task1_AAD_MM-AAD_ssl_domain_2025-10-19-12-21-17/ssl_best_model.pt
SSL model saved with loss 0.290209
SSL Epoch 28 | SSL Loss: 0.286303 | Domain Loss: 3.128519
SSL model saved at epoch 28 with loss 0.286303 to ./exps/cross-subject/DARNet_SSL_FullDARNet_Domain/ssl_models_task1_AAD_MM-AAD_ssl_domain_2025-10-19-12-21-17/ssl_best_model.pt
SSL model saved with loss 0.286303
SSL Epoch 29 | SSL Loss: 0.284979 | Domain Loss: 3.111286
SSL model saved at epoch 29 with loss 0.284979 to ./exps/cross-subject/DARNet_SSL_FullDARNet_Domain/ssl_models_task1_AAD_MM-AAD_ssl_domain_2025-10-19-12-21-17/ssl_best_model.pt
SSL model saved with loss 0.284979
SSL Epoch 30 | SSL Loss: 0.282116 | Domain Loss: 3.114330
SSL model saved at epoch 30 with loss 0.282116 to ./exps/cross-subject/DARNet_SSL_FullDARNet_Domain/ssl_models_task1_AAD_MM-AAD_ssl_domain_2025-10-19-12-21-17/ssl_best_model.pt
SSL model saved with loss 0.282116
==================================================
SSL Pre-training completed. Best loss: 0.282116
==================================================
train_data_shape(164500, 32, 256),val_data_shape(32900, 32, 256)
🔄 Loading SSL pre-trained weights from: ./exps/cross-subject/DARNet_SSL_FullDARNet_Domain/ssl_models_task1_AAD_MM-AAD_ssl_domain_2025-10-19-12-21-17/ssl_best_model.pt
📋 Available keys in SSL checkpoint: 73 total
  - subject_discriminator.classifier.0.weight: torch.Size([256, 8])
  - subject_discriminator.classifier.0.bias: torch.Size([256])
  - subject_discriminator.classifier.3.weight: torch.Size([128, 256])
  - subject_discriminator.classifier.3.bias: torch.Size([128])
  - subject_discriminator.classifier.6.weight: torch.Size([30, 128])
  - subject_discriminator.classifier.6.bias: torch.Size([30])
  - token_embedding.embed_layer.0.weight: torch.Size([64, 1, 1, 8])
  - token_embedding.embed_layer.0.bias: torch.Size([64])
  - token_embedding.embed_layer.1.weight: torch.Size([64])
  - token_embedding.embed_layer.1.bias: torch.Size([64])
  - token_embedding.embed_layer.1.running_mean: torch.Size([64])
  - token_embedding.embed_layer.1.running_var: torch.Size([64])
  - token_embedding.embed_layer.1.num_batches_tracked: torch.Size([])
  - token_embedding.embed_layer2.0.weight: torch.Size([16, 64, 32, 1])
  - token_embedding.embed_layer2.0.bias: torch.Size([16])
  - token_embedding.embed_layer2.1.weight: torch.Size([16])
  - token_embedding.embed_layer2.1.bias: torch.Size([16])
  - token_embedding.embed_layer2.1.running_mean: torch.Size([16])
  - token_embedding.embed_layer2.1.running_var: torch.Size([16])
  - token_embedding.embed_layer2.1.num_batches_tracked: torch.Size([])
  - token_embedding.position_embedding.pe: torch.Size([1, 5000, 16])
  - ssl_decoder.expand.0.weight: torch.Size([64, 8])
  - ssl_decoder.expand.0.bias: torch.Size([64])
  - ssl_decoder.expand.3.weight: torch.Size([256, 64])
  - ssl_decoder.expand.3.bias: torch.Size([256])
  - ssl_decoder.feature_projection.weight: torch.Size([2048, 256])
  - ssl_decoder.feature_projection.bias: torch.Size([2048])
  - ssl_decoder.upconv1.weight: torch.Size([32, 64, 4])
  - ssl_decoder.upconv1.bias: torch.Size([64])
  - ssl_decoder.bn1.weight: torch.Size([64])
  - ssl_decoder.bn1.bias: torch.Size([64])
  - ssl_decoder.bn1.running_mean: torch.Size([64])
  - ssl_decoder.bn1.running_var: torch.Size([64])
  - ssl_decoder.bn1.num_batches_tracked: torch.Size([])
  - ssl_decoder.upconv2.weight: torch.Size([64, 32, 4])
  - ssl_decoder.upconv2.bias: torch.Size([32])
  - ssl_decoder.bn2.weight: torch.Size([32])
  - ssl_decoder.bn2.bias: torch.Size([32])
  - ssl_decoder.bn2.running_mean: torch.Size([32])
  - ssl_decoder.bn2.running_var: torch.Size([32])
  - ssl_decoder.bn2.num_batches_tracked: torch.Size([])
  - ssl_decoder.final_conv.weight: torch.Size([32, 32, 3])
  - ssl_decoder.final_conv.bias: torch.Size([32])
  - out.weight: torch.Size([2, 8])
  - out.bias: torch.Size([2])
  - stack1.attention.attention_layer.key.weight: torch.Size([16, 16])
  - stack1.attention.attention_layer.value.weight: torch.Size([16, 16])
  - stack1.attention.attention_layer.query.weight: torch.Size([16, 16])
  - stack1.attention.attention_layer.to_out.weight: torch.Size([16])
  - stack1.attention.attention_layer.to_out.bias: torch.Size([16])
  - stack1.conv_layer.downConv.weight: torch.Size([16, 16, 3])
  - stack1.conv_layer.downConv.bias: torch.Size([16])
  - stack1.conv_layer.norm.weight: torch.Size([16])
  - stack1.conv_layer.norm.bias: torch.Size([16])
  - stack1.conv_layer.norm.running_mean: torch.Size([16])
  - stack1.conv_layer.norm.running_var: torch.Size([16])
  - stack1.conv_layer.norm.num_batches_tracked: torch.Size([])
  - stack1.out.weight: torch.Size([4, 16])
  - stack1.out.bias: torch.Size([4])
  - stack2.attention.attention_layer.key.weight: torch.Size([16, 16])
  - stack2.attention.attention_layer.value.weight: torch.Size([16, 16])
  - stack2.attention.attention_layer.query.weight: torch.Size([16, 16])
  - stack2.attention.attention_layer.to_out.weight: torch.Size([16])
  - stack2.attention.attention_layer.to_out.bias: torch.Size([16])
  - stack2.conv_layer.downConv.weight: torch.Size([16, 16, 3])
  - stack2.conv_layer.downConv.bias: torch.Size([16])
  - stack2.conv_layer.norm.weight: torch.Size([16])
  - stack2.conv_layer.norm.bias: torch.Size([16])
  - stack2.conv_layer.norm.running_mean: torch.Size([16])
  - stack2.conv_layer.norm.running_var: torch.Size([16])
  - stack2.conv_layer.norm.num_batches_tracked: torch.Size([])
  - stack2.out.weight: torch.Size([4, 16])
  - stack2.out.bias: torch.Size([4])
🎯 SSL approach detected: full_darnet
  ❌ Skipping: subject_discriminator.classifier.0.weight (decoder component)
  ❌ Skipping: subject_discriminator.classifier.0.bias (decoder component)
  ❌ Skipping: subject_discriminator.classifier.3.weight (decoder component)
  ❌ Skipping: subject_discriminator.classifier.3.bias (decoder component)
  ❌ Skipping: subject_discriminator.classifier.6.weight (decoder component)
  ❌ Skipping: subject_discriminator.classifier.6.bias (decoder component)
  ✅ Loading: token_embedding.embed_layer.0.weight -> torch.Size([64, 1, 1, 8])
  ✅ Loading: token_embedding.embed_layer.0.bias -> torch.Size([64])
  ✅ Loading: token_embedding.embed_layer.1.weight -> torch.Size([64])
  ✅ Loading: token_embedding.embed_layer.1.bias -> torch.Size([64])
  ✅ Loading: token_embedding.embed_layer.1.running_mean -> torch.Size([64])
  ✅ Loading: token_embedding.embed_layer.1.running_var -> torch.Size([64])
  ✅ Loading: token_embedding.embed_layer.1.num_batches_tracked -> torch.Size([])
  ✅ Loading: token_embedding.embed_layer2.0.weight -> torch.Size([16, 64, 32, 1])
  ✅ Loading: token_embedding.embed_layer2.0.bias -> torch.Size([16])
  ✅ Loading: token_embedding.embed_layer2.1.weight -> torch.Size([16])
  ✅ Loading: token_embedding.embed_layer2.1.bias -> torch.Size([16])
  ✅ Loading: token_embedding.embed_layer2.1.running_mean -> torch.Size([16])
  ✅ Loading: token_embedding.embed_layer2.1.running_var -> torch.Size([16])
  ✅ Loading: token_embedding.embed_layer2.1.num_batches_tracked -> torch.Size([])
  ✅ Loading: token_embedding.position_embedding.pe -> torch.Size([1, 5000, 16])
  ❌ Skipping: ssl_decoder.expand.0.weight (decoder component)
  ❌ Skipping: ssl_decoder.expand.0.bias (decoder component)
  ❌ Skipping: ssl_decoder.expand.3.weight (decoder component)
  ❌ Skipping: ssl_decoder.expand.3.bias (decoder component)
  ❌ Skipping: ssl_decoder.feature_projection.weight (decoder component)
  ❌ Skipping: ssl_decoder.feature_projection.bias (decoder component)
  ❌ Skipping: ssl_decoder.upconv1.weight (decoder component)
  ❌ Skipping: ssl_decoder.upconv1.bias (decoder component)
  ❌ Skipping: ssl_decoder.bn1.weight (decoder component)
  ❌ Skipping: ssl_decoder.bn1.bias (decoder component)
  ❌ Skipping: ssl_decoder.bn1.running_mean (decoder component)
  ❌ Skipping: ssl_decoder.bn1.running_var (decoder component)
  ❌ Skipping: ssl_decoder.bn1.num_batches_tracked (decoder component)
  ❌ Skipping: ssl_decoder.upconv2.weight (decoder component)
  ❌ Skipping: ssl_decoder.upconv2.bias (decoder component)
  ❌ Skipping: ssl_decoder.bn2.weight (decoder component)
  ❌ Skipping: ssl_decoder.bn2.bias (decoder component)
  ❌ Skipping: ssl_decoder.bn2.running_mean (decoder component)
  ❌ Skipping: ssl_decoder.bn2.running_var (decoder component)
  ❌ Skipping: ssl_decoder.bn2.num_batches_tracked (decoder component)
  ❌ Skipping: ssl_decoder.final_conv.weight (decoder component)
  ❌ Skipping: ssl_decoder.final_conv.bias (decoder component)
  ❌ Skipping: out.weight (decoder component)
  ❌ Skipping: out.bias (decoder component)
  ✅ Loading: stack1.attention.attention_layer.key.weight -> torch.Size([16, 16])
  ✅ Loading: stack1.attention.attention_layer.value.weight -> torch.Size([16, 16])
  ✅ Loading: stack1.attention.attention_layer.query.weight -> torch.Size([16, 16])
  ✅ Loading: stack1.attention.attention_layer.to_out.weight -> torch.Size([16])
  ✅ Loading: stack1.attention.attention_layer.to_out.bias -> torch.Size([16])
  ✅ Loading: stack1.conv_layer.downConv.weight -> torch.Size([16, 16, 3])
  ✅ Loading: stack1.conv_layer.downConv.bias -> torch.Size([16])
  ✅ Loading: stack1.conv_layer.norm.weight -> torch.Size([16])
  ✅ Loading: stack1.conv_layer.norm.bias -> torch.Size([16])
  ✅ Loading: stack1.conv_layer.norm.running_mean -> torch.Size([16])
  ✅ Loading: stack1.conv_layer.norm.running_var -> torch.Size([16])
  ✅ Loading: stack1.conv_layer.norm.num_batches_tracked -> torch.Size([])
  ✅ Loading: stack1.out.weight -> torch.Size([4, 16])
  ✅ Loading: stack1.out.bias -> torch.Size([4])
  ✅ Loading: stack2.attention.attention_layer.key.weight -> torch.Size([16, 16])
  ✅ Loading: stack2.attention.attention_layer.value.weight -> torch.Size([16, 16])
  ✅ Loading: stack2.attention.attention_layer.query.weight -> torch.Size([16, 16])
  ✅ Loading: stack2.attention.attention_layer.to_out.weight -> torch.Size([16])
  ✅ Loading: stack2.attention.attention_layer.to_out.bias -> torch.Size([16])
  ✅ Loading: stack2.conv_layer.downConv.weight -> torch.Size([16, 16, 3])
  ✅ Loading: stack2.conv_layer.downConv.bias -> torch.Size([16])
  ✅ Loading: stack2.conv_layer.norm.weight -> torch.Size([16])
  ✅ Loading: stack2.conv_layer.norm.bias -> torch.Size([16])
  ✅ Loading: stack2.conv_layer.norm.running_mean -> torch.Size([16])
  ✅ Loading: stack2.conv_layer.norm.running_var -> torch.Size([16])
  ✅ Loading: stack2.conv_layer.norm.num_batches_tracked -> torch.Size([])
  ✅ Loading: stack2.out.weight -> torch.Size([4, 16])
  ✅ Loading: stack2.out.bias -> torch.Size([4])
🔧 Loading 43 encoder components into fine-tuning model...
⚠️  Missing keys (newly initialized): ['subject_discriminator.classifier.0.weight', 'subject_discriminator.classifier.0.bias', 'subject_discriminator.classifier.3.weight', 'subject_discriminator.classifier.3.bias', 'subject_discriminator.classifier.6.weight', 'subject_discriminator.classifier.6.bias', 'ssl_decoder.expand.0.weight', 'ssl_decoder.expand.0.bias', 'ssl_decoder.expand.3.weight', 'ssl_decoder.expand.3.bias', 'ssl_decoder.feature_projection.weight', 'ssl_decoder.feature_projection.bias', 'ssl_decoder.upconv1.weight', 'ssl_decoder.upconv1.bias', 'ssl_decoder.bn1.weight', 'ssl_decoder.bn1.bias', 'ssl_decoder.bn1.running_mean', 'ssl_decoder.bn1.running_var', 'ssl_decoder.upconv2.weight', 'ssl_decoder.upconv2.bias', 'ssl_decoder.bn2.weight', 'ssl_decoder.bn2.bias', 'ssl_decoder.bn2.running_mean', 'ssl_decoder.bn2.running_var', 'ssl_decoder.final_conv.weight', 'ssl_decoder.final_conv.bias', 'out.weight', 'out.bias']
✅ Successfully loaded SSL pre-trained weights!
🎯 SSL decoder removed, feature classifier ready for fine-tuning
==================================================
Starting Fine-tuning
==================================================
=================================================================
Layer (type:depth-idx)                   Param #
=================================================================
DARNet                                   --
├─GradientReversalLayer: 1-1             --
├─SubjectDiscriminator: 1-2              --
│    └─Sequential: 2-1                   --
│    │    └─Linear: 3-1                  2,304
│    │    └─ReLU: 3-2                    --
│    │    └─Dropout: 3-3                 --
│    │    └─Linear: 3-4                  32,896
│    │    └─ReLU: 3-5                    --
│    │    └─Dropout: 3-6                 --
│    │    └─Linear: 3-7                  3,870
├─TokenEmbeddingOriginal: 1-3            --
│    └─Sequential: 2-2                   --
│    │    └─Conv2d: 3-8                  576
│    │    └─BatchNorm2d: 3-9             128
│    │    └─GELU: 3-10                   --
│    └─Sequential: 2-3                   --
│    │    └─Conv2d: 3-11                 32,784
│    │    └─BatchNorm2d: 3-12            32
│    │    └─GELU: 3-13                   --
│    └─PositionalEmbedding: 2-4          --
├─EEGFullDARNetDecoder: 1-4              --
│    └─Sequential: 2-5                   --
│    │    └─Linear: 3-14                 576
│    │    └─ReLU: 3-15                   --
│    │    └─Dropout: 3-16                --
│    │    └─Linear: 3-17                 16,640
│    │    └─ReLU: 3-18                   --
│    │    └─Dropout: 3-19                --
│    └─Linear: 2-6                       526,336
│    └─ConvTranspose1d: 2-7              8,256
│    └─BatchNorm1d: 2-8                  128
│    └─ConvTranspose1d: 2-9              8,224
│    └─BatchNorm1d: 2-10                 64
│    └─Conv1d: 2-11                      3,104
│    └─ReLU: 2-12                        --
│    └─Dropout: 2-13                     --
├─Flatten: 1-5                           --
├─Linear: 1-6                            18
├─AttnRefine: 1-7                        --
│    └─MyAttention: 2-14                 --
│    │    └─Attention: 3-20              800
│    └─Refine: 2-15                      --
│    │    └─Conv1d: 3-21                 784
│    │    └─BatchNorm1d: 3-22            32
│    │    └─ELU: 3-23                    --
│    │    └─MaxPool1d: 3-24              --
│    └─AdaptiveAvgPool1d: 2-16           --
│    └─Linear: 2-17                      68
│    └─Flatten: 2-18                     --
├─AttnRefine: 1-8                        --
│    └─MyAttention: 2-19                 --
│    │    └─Attention: 3-25              800
│    └─Refine: 2-20                      --
│    │    └─Conv1d: 3-26                 784
│    │    └─BatchNorm1d: 3-27            32
│    │    └─ELU: 3-28                    --
│    │    └─MaxPool1d: 3-29              --
│    └─AdaptiveAvgPool1d: 2-21           --
│    └─Linear: 2-22                      68
│    └─Flatten: 2-23                     --
=================================================================
Total params: 639,304
Trainable params: 639,304
Non-trainable params: 0
=================================================================
TestSub: S[26, 27, 28, 29, 30] Epoch  1 Finsh | Now_lr 0.0005/0.0005 | Lambda 0.0050 | Train Loss 0.4925 | Domain Loss 3.1138 | Valid Loss 1.7393 | Train Acc 73.4570| Valid Acc 47.5012
Validation acc increase (0.000000 --> 47.501216) in epoch (1).  Saving model ...
TestSub: S[26, 27, 28, 29, 30] Epoch  2 Finsh | Now_lr 0.0005/0.0005 | Lambda 0.0100 | Train Loss 0.3257 | Domain Loss 2.9814 | Valid Loss 1.7783 | Train Acc 85.3247| Valid Acc 48.1578
Validation acc increase (47.501216 --> 48.157831) in epoch (2).  Saving model ...
TestSub: S[26, 27, 28, 29, 30] Epoch  3 Finsh | Now_lr 0.0005/0.0005 | Lambda 0.0149 | Train Loss 0.2684 | Domain Loss 2.9940 | Valid Loss 2.0099 | Train Acc 88.4436| Valid Acc 49.1154
Validation acc increase (48.157831 --> 49.115394) in epoch (3).  Saving model ...
TestSub: S[26, 27, 28, 29, 30] Epoch  4 Finsh | Now_lr 0.0005/0.0005 | Lambda 0.0197 | Train Loss 0.2317 | Domain Loss 3.0168 | Valid Loss 2.1365 | Train Acc 90.4371| Valid Acc 46.7291
TestSub: S[26, 27, 28, 29, 30] Epoch  5 Finsh | Now_lr 0.0005/0.0005 | Lambda 0.0245 | Train Loss 0.2070 | Domain Loss 3.0129 | Valid Loss 2.1572 | Train Acc 91.6239| Valid Acc 48.6442
TestSub: S[26, 27, 28, 29, 30] Epoch  6 Finsh | Now_lr 0.0005/0.0005 | Lambda 0.0291 | Train Loss 0.1828 | Domain Loss 3.0178 | Valid Loss 2.3300 | Train Acc 92.7456| Valid Acc 46.9632
TestSub: S[26, 27, 28, 29, 30] Epoch  7 Finsh | Now_lr 0.0005/0.0005 | Lambda 0.0336 | Train Loss 0.1642 | Domain Loss 3.0493 | Valid Loss 2.4634 | Train Acc 93.5482| Valid Acc 47.6532
TestSub: S[26, 27, 28, 29, 30] Epoch  8 Finsh | Now_lr 0.0005/0.0005 | Lambda 0.0380 | Train Loss 0.1455 | Domain Loss 3.0440 | Valid Loss 2.5773 | Train Acc 94.3568| Valid Acc 49.4346
Validation acc increase (49.115394 --> 49.434582) in epoch (8).  Saving model ...
TestSub: S[26, 27, 28, 29, 30] Epoch  9 Finsh | Now_lr 0.0005/0.0005 | Lambda 0.0422 | Train Loss 0.1262 | Domain Loss 3.0843 | Valid Loss 2.6409 | Train Acc 95.2377| Valid Acc 48.1457
TestSub: S[26, 27, 28, 29, 30] Epoch 10 Finsh | Now_lr 0.0005/0.0005 | Lambda 0.0462 | Train Loss 0.1120 | Domain Loss 3.1100 | Valid Loss 2.6615 | Train Acc 95.8104| Valid Acc 48.7749
TestSub: S[26, 27, 28, 29, 30] Epoch 11 Finsh | Now_lr 0.0005/0.0005 | Lambda 0.0501 | Train Loss 0.1002 | Domain Loss 3.1196 | Valid Loss 2.8485 | Train Acc 96.2701| Valid Acc 50.3648
Validation acc increase (49.434582 --> 50.364786) in epoch (11).  Saving model ...
TestSub: S[26, 27, 28, 29, 30] Epoch 12 Finsh | Now_lr 0.0005/0.0005 | Lambda 0.0537 | Train Loss 0.0889 | Domain Loss 3.1281 | Valid Loss 2.9929 | Train Acc 96.7437| Valid Acc 49.3312
TestSub: S[26, 27, 28, 29, 30] Epoch 13 Finsh | Now_lr 0.0005/0.0005 | Lambda 0.0572 | Train Loss 0.0797 | Domain Loss 3.1285 | Valid Loss 3.0458 | Train Acc 97.0914| Valid Acc 51.5868
Validation acc increase (50.364786 --> 51.586819) in epoch (13).  Saving model ...
TestSub: S[26, 27, 28, 29, 30] Epoch 14 Finsh | Now_lr 0.0005/0.0005 | Lambda 0.0604 | Train Loss 0.0724 | Domain Loss 3.1251 | Valid Loss 3.0916 | Train Acc 97.4191| Valid Acc 50.4985
TestSub: S[26, 27, 28, 29, 30] Epoch 15 Finsh | Now_lr 0.0005/0.0005 | Lambda 0.0635 | Train Loss 0.0667 | Domain Loss 3.1308 | Valid Loss 3.0711 | Train Acc 97.5985| Valid Acc 49.1458
TestSub: S[26, 27, 28, 29, 30] Epoch 16 Finsh | Now_lr 0.0005/0.0005 | Lambda 0.0664 | Train Loss 0.0579 | Domain Loss 3.1402 | Valid Loss 3.2114 | Train Acc 97.9390| Valid Acc 51.1764
TestSub: S[26, 27, 28, 29, 30] Epoch 17 Finsh | Now_lr 0.0005/0.0005 | Lambda 0.0691 | Train Loss 0.0536 | Domain Loss 3.1371 | Valid Loss 3.0630 | Train Acc 98.0910| Valid Acc 51.1400
TestSub: S[26, 27, 28, 29, 30] Epoch 18 Finsh | Now_lr 0.0005/0.0005 | Lambda 0.0716 | Train Loss 0.0494 | Domain Loss 3.1467 | Valid Loss 3.2467 | Train Acc 98.2338| Valid Acc 50.8907
TestSub: S[26, 27, 28, 29, 30] Epoch 19 Finsh | Now_lr 0.0005/0.0005 | Lambda 0.0740 | Train Loss 0.0455 | Domain Loss 3.1553 | Valid Loss 3.3475 | Train Acc 98.3633| Valid Acc 48.5013
TestSub: S[26, 27, 28, 29, 30] Epoch 20 Finsh | Now_lr 0.0005/0.0005 | Lambda 0.0762 | Train Loss 0.0433 | Domain Loss 3.1519 | Valid Loss 3.5234 | Train Acc 98.4551| Valid Acc 50.3374
TestSub: S[26, 27, 28, 29, 30] Epoch 21 Finsh | Now_lr 0.0005/0.0005 | Lambda 0.0782 | Train Loss 0.0399 | Domain Loss 3.1607 | Valid Loss 3.4582 | Train Acc 98.5846| Valid Acc 49.6413
TestSub: S[26, 27, 28, 29, 30] Epoch 22 Finsh | Now_lr 0.0005/0.0005 | Lambda 0.0800 | Train Loss 0.0386 | Domain Loss 3.1741 | Valid Loss 3.2916 | Train Acc 98.6485| Valid Acc 48.7840
TestSub: S[26, 27, 28, 29, 30] Epoch 23 Finsh | Now_lr 0.0005/0.0005 | Lambda 0.0818 | Train Loss 0.0357 | Domain Loss 3.1695 | Valid Loss 3.5680 | Train Acc 98.7810| Valid Acc 50.1125
TestSub: S[26, 27, 28, 29, 30] Epoch 24 Finsh | Now_lr 0.0005/0.0005 | Lambda 0.0834 | Train Loss 0.0339 | Domain Loss 3.1840 | Valid Loss 3.8565 | Train Acc 98.8120| Valid Acc 48.0150
TestSub: S[26, 27, 28, 29, 30] Epoch 25 Finsh | Now_lr 0.0005/0.0005 | Lambda 0.0848 | Train Loss 0.0325 | Domain Loss 3.1820 | Valid Loss 3.5691 | Train Acc 98.8643| Valid Acc 49.6109
TestSub: S[26, 27, 28, 29, 30] Epoch 26 Finsh | Now_lr 0.0005/0.0005 | Lambda 0.0862 | Train Loss 0.0312 | Domain Loss 3.1673 | Valid Loss 3.6450 | Train Acc 98.8923| Valid Acc 49.2036
TestSub: S[26, 27, 28, 29, 30] Epoch 27 Finsh | Now_lr 0.0005/0.0005 | Lambda 0.0874 | Train Loss 0.0298 | Domain Loss 3.1848 | Valid Loss 4.1082 | Train Acc 98.9525| Valid Acc 47.8174
TestSub: S[26, 27, 28, 29, 30] Epoch 28 Finsh | Now_lr 0.0005/0.0005 | Lambda 0.0885 | Train Loss 0.0284 | Domain Loss 3.1853 | Valid Loss 3.7922 | Train Acc 99.0029| Valid Acc 47.8295
TestSub: S[26, 27, 28, 29, 30] Epoch 29 Finsh | Now_lr 0.0005/0.0005 | Lambda 0.0896 | Train Loss 0.0280 | Domain Loss 3.1771 | Valid Loss 4.1395 | Train Acc 99.0175| Valid Acc 49.8571
TestSub: S[26, 27, 28, 29, 30] Epoch 30 Finsh | Now_lr 0.0005/0.0005 | Lambda 0.0905 | Train Loss 0.0252 | Domain Loss 3.1845 | Valid Loss 4.1396 | Train Acc 99.1203| Valid Acc 48.7080
TestSub: S[26, 27, 28, 29, 30] Epoch 31 Finsh | Now_lr 0.0005/0.0005 | Lambda 0.0914 | Train Loss 0.0252 | Domain Loss 3.1776 | Valid Loss 4.2829 | Train Acc 99.1336| Valid Acc 49.4711
TestSub: S[26, 27, 28, 29, 30] Epoch 32 Finsh | Now_lr 0.0005/0.0005 | Lambda 0.0922 | Train Loss 0.0246 | Domain Loss 3.1778 | Valid Loss 3.9410 | Train Acc 99.1519| Valid Acc 47.5833
TestSub: S[26, 27, 28, 29, 30] Epoch 33 Finsh | Now_lr 0.0005/0.0005 | Lambda 0.0929 | Train Loss 0.0222 | Domain Loss 3.1990 | Valid Loss 4.2811 | Train Acc 99.2382| Valid Acc 47.6441
TestSub: S[26, 27, 28, 29, 30] Epoch 34 Finsh | Now_lr 0.0005/0.0005 | Lambda 0.0935 | Train Loss 0.0221 | Domain Loss 3.2041 | Valid Loss 4.1721 | Train Acc 99.2583| Valid Acc 47.5347
TestSub: S[26, 27, 28, 29, 30] Epoch 35 Finsh | Now_lr 0.0005/0.0005 | Lambda 0.0941 | Train Loss 0.0211 | Domain Loss 3.2058 | Valid Loss 4.2416 | Train Acc 99.3033| Valid Acc 49.1671
TestSub: S[26, 27, 28, 29, 30] Epoch 36 Finsh | Now_lr 0.0005/0.0005 | Lambda 0.0947 | Train Loss 0.0218 | Domain Loss 3.2052 | Valid Loss 3.8715 | Train Acc 99.2443| Valid Acc 47.7505
TestSub: S[26, 27, 28, 29, 30] Epoch 37 Finsh | Now_lr 0.0005/0.0005 | Lambda 0.0952 | Train Loss 0.0208 | Domain Loss 3.2033 | Valid Loss 4.1877 | Train Acc 99.2552| Valid Acc 48.2642
TestSub: S[26, 27, 28, 29, 30] Epoch 38 Finsh | Now_lr 0.0005/0.0005 | Lambda 0.0956 | Train Loss 0.0191 | Domain Loss 3.2037 | Valid Loss 4.2823 | Train Acc 99.3270| Valid Acc 48.6381
TestSub: S[26, 27, 28, 29, 30] Epoch 39 Finsh | Now_lr 0.0005/0.0005 | Lambda 0.0960 | Train Loss 0.0180 | Domain Loss 3.2000 | Valid Loss 4.4267 | Train Acc 99.3805| Valid Acc 47.2641
TestSub: S[26, 27, 28, 29, 30] Epoch 40 Finsh | Now_lr 0.0005/0.0005 | Lambda 0.0964 | Train Loss 0.0179 | Domain Loss 3.1979 | Valid Loss 4.4703 | Train Acc 99.4018| Valid Acc 48.3615
TestSub: S[26, 27, 28, 29, 30] Epoch 41 Finsh | Now_lr 0.0005/0.0005 | Lambda 0.0967 | Train Loss 0.0187 | Domain Loss 3.1889 | Valid Loss 4.1529 | Train Acc 99.3823| Valid Acc 47.6380
TestSub: S[26, 27, 28, 29, 30] Epoch 42 Finsh | Now_lr 0.0005/0.0005 | Lambda 0.0970 | Train Loss 0.0179 | Domain Loss 3.1903 | Valid Loss 4.1683 | Train Acc 99.4097| Valid Acc 49.1215
TestSub: S[26, 27, 28, 29, 30] Epoch 43 Finsh | Now_lr 0.0005/0.0005 | Lambda 0.0973 | Train Loss 0.0176 | Domain Loss 3.1901 | Valid Loss 4.2834 | Train Acc 99.4072| Valid Acc 49.4042
Early stopping triggered after 43 epochs (30 epochs without improvement)
--------------------------------------------------
Test_Subject :S[26, 27, 28, 29, 30] |Best epoch:13 | Test Loss:3.0458 | Best Acc 51.5868 | Savemodel Acc 51.5868
--------------------------------------------------
lr:0.0005 -> bs:128
6-Fold Cross Subject Accuracies: [51.231152723735406, 52.6203793774319, 51.37706712062256, 51.96680447470817, 50.9545233463035, 51.58681906614786]
Mean Accuracy over 6 folds: 51.6228
============================================================================================================
end time: 25-10-20-14:54:14
Job finished at: Mon Oct 20 14:54:46 IST 2025
